trial,property,scenario,w1_cl,read_cl,w2_cl,key,setup_attempts,w1_completed,observed_version,observed_parent,read_type,w2_completed,dependent_version,dependent_parent,final_version,final_value,final_client,classification,error
1,WRITES_FOLLOW_READS,normal,ONE,ONE,QUORUM,wfr_one_one_1_1790402991749654700_6355,1,True,2,1,FRESH_READ,True,3,2,3,v3_clientB_parent_2,client_B,CAUSAL_LINEAGE_PRESERVED,
2,WRITES_FOLLOW_READS,normal,ONE,ONE,QUORUM,wfr_one_one_2_1790402991937812000_2082,1,True,2,1,FRESH_READ,True,3,2,3,v3_clientB_parent_2,client_B,CAUSAL_LINEAGE_PRESERVED,
3,WRITES_FOLLOW_READS,normal,ONE,ONE,QUORUM,wfr_one_one_3_1790402992060783600_4057,1,True,2,1,FRESH_READ,True,3,2,3,v3_clientB_parent_2,client_B,CAUSAL_LINEAGE_PRESERVED,
4,WRITES_FOLLOW_READS,normal,ONE,ONE,QUORUM,wfr_one_one_4_1790402992183598700_9270,1,True,2,1,FRESH_READ,True,3,2,3,v3_clientB_parent_2,client_B,CAUSAL_LINEAGE_PRESERVED,
5,WRITES_FOLLOW_READS,normal,ONE,ONE,QUORUM,wfr_one_one_5_1790402992310077200_1749,1,True,2,1,FRESH_READ,True,3,2,3,v3_clientB_parent_2,client_B,CAUSAL_LINEAGE_PRESERVED,
6,WRITES_FOLLOW_READS,normal,ONE,ONE,QUORUM,wfr_one_one_6_1790402992431343800_5988,1,True,2,1,FRESH_READ,True,3,2,3,v3_clientB_parent_2,client_B,CAUSAL_LINEAGE_PRESERVED,
7,WRITES_FOLLOW_READS,normal,ONE,ONE,QUORUM,wfr_one_one_7_1790402992558105800_5744,1,True,2,1,FRESH_READ,True,3,2,3,v3_clientB_parent_2,client_B,CAUSAL_LINEAGE_PRESERVED,
8,WRITES_FOLLOW_READS,normal,ONE,ONE,QUORUM,wfr_one_one_8_1790402992692813900_7528,1,True,2,1,FRESH_READ,True,3,2,3,v3_clientB_parent_2,client_B,CAUSAL_LINEAGE_PRESERVED,
9,WRITES_FOLLOW_READS,normal,ONE,ONE,QUORUM,wfr_one_one_9_1790402992815286400_7140,1,True,2,1,FRESH_READ,True,3,2,3,v3_clientB_parent_2,client_B,CAUSAL_LINEAGE_PRESERVED,
10,WRITES_FOLLOW_READS,normal,ONE,ONE,QUORUM,wfr_one_one_10_1790402992938459800_8473,1,True,2,1,FRESH_READ,True,3,2,3,v3_clientB_parent_2,client_B,CAUSAL_LINEAGE_PRESERVED,
11,WRITES_FOLLOW_READS,normal,ONE,ONE,QUORUM,wfr_one_one_11_1790402993062534200_5713,1,True,2,1,FRESH_READ,True,3,2,3,v3_clientB_parent_2,client_B,CAUSAL_LINEAGE_PRESERVED,
12,WRITES_FOLLOW_READS,normal,ONE,ONE,QUORUM,wfr_one_one_12_1790402993185425600_1890,1,True,2,1,FRESH_READ,True,3,2,3,v3_clientB_parent_2,client_B,CAUSAL_LINEAGE_PRESERVED,
13,WRITES_FOLLOW_READS,normal,ONE,ONE,QUORUM,wfr_one_one_13_1790402993306764100_1905,1,True,2,1,FRESH_READ,True,3,2,3,v3_clientB_parent_2,client_B,CAUSAL_LINEAGE_PRESERVED,
14,WRITES_FOLLOW_READS,normal,ONE,ONE,QUORUM,wfr_one_one_14_1790402993428944600_8210,1,True,2,1,FRESH_READ,True,3,2,3,v3_clientB_parent_2,client_B,CAUSAL_LINEAGE_PRESERVED,
15,WRITES_FOLLOW_READS,normal,ONE,ONE,QUORUM,wfr_one_one_15_1790402993552369500_6828,1,True,2,1,FRESH_READ,True,3,2,3,v3_clientB_parent_2,client_B,CAUSAL_LINEAGE_PRESERVED,
16,WRITES_FOLLOW_READS,normal,ONE,ONE,QUORUM,wfr_one_one_16_1790402993675902200_9676,1,True,2,1,FRESH_READ,True,3,2,3,v3_clientB_parent_2,client_B,CAUSAL_LINEAGE_PRESERVED,
17,WRITES_FOLLOW_READS,normal,ONE,ONE,QUORUM,wfr_one_one_17_1790402993798353400_8409,1,True,2,1,FRESH_READ,True,3,2,3,v3_clientB_parent_2,client_B,CAUSAL_LINEAGE_PRESERVED,
18,WRITES_FOLLOW_READS,normal,ONE,ONE,QUORUM,wfr_one_one_18_1790402993920541200_1550,1,True,2,1,FRESH_READ,True,3,2,3,v3_clientB_parent_2,client_B,CAUSAL_LINEAGE_PRESERVED,
19,WRITES_FOLLOW_READS,normal,ONE,ONE,QUORUM,wfr_one_one_19_1790402994041851000_2444,1,True,2,1,FRESH_READ,True,3,2,3,v3_clientB_parent_2,client_B,CAUSAL_LINEAGE_PRESERVED,
20,WRITES_FOLLOW_READS,normal,ONE,ONE,QUORUM,wfr_one_one_20_1790402994166603400_1699,1,True,2,1,FRESH_READ,True,3,2,3,v3_clientB_parent_2,client_B,CAUSAL_LINEAGE_PRESERVED,
21,WRITES_FOLLOW_READS,normal,ONE,ONE,QUORUM,wfr_one_one_21_1790402994289069300_5599,1,True,2,1,FRESH_READ,True,3,2,3,v3_clientB_parent_2,client_B,CAUSAL_LINEAGE_PRESERVED,
22,WRITES_FOLLOW_READS,normal,ONE,ONE,QUORUM,wfr_one_one_22_1790402994414353200_9374,1,True,2,1,FRESH_READ,True,3,2,3,v3_clientB_parent_2,client_B,CAUSAL_LINEAGE_PRESERVED,
23,WRITES_FOLLOW_READS,normal,ONE,ONE,QUORUM,wfr_one_one_23_1790402994534287100_2187,1,True,2,1,FRESH_READ,True,3,2,3,v3_clientB_parent_2,client_B,CAUSAL_LINEAGE_PRESERVED,
24,WRITES_FOLLOW_READS,normal,ONE,ONE,QUORUM,wfr_one_one_24_1790402994673307400_1964,1,True,2,1,FRESH_READ,True,3,2,3,v3_clientB_parent_2,client_B,CAUSAL_LINEAGE_PRESERVED,
25,WRITES_FOLLOW_READS,normal,ONE,ONE,QUORUM,wfr_one_one_25_1790402994791081400_9864,1,True,2,1,FRESH_READ,True,3,2,3,v3_clientB_parent_2,client_B,CAUSAL_LINEAGE_PRESERVED,
26,WRITES_FOLLOW_READS,normal,ONE,ONE,QUORUM,wfr_one_one_26_1790402994916678500_8469,1,True,2,1,FRESH_READ,True,3,2,3,v3_clientB_parent_2,client_B,CAUSAL_LINEAGE_PRESERVED,
27,WRITES_FOLLOW_READS,normal,ONE,ONE,QUORUM,wfr_one_one_27_1790402995040570900_6825,1,True,2,1,FRESH_READ,True,3,2,3,v3_clientB_parent_2,client_B,CAUSAL_LINEAGE_PRESERVED,
28,WRITES_FOLLOW_READS,normal,ONE,ONE,QUORUM,wfr_one_one_28_1790402995163786200_9572,1,True,2,1,FRESH_READ,True,3,2,3,v3_clientB_parent_2,client_B,CAUSAL_LINEAGE_PRESERVED,
29,WRITES_FOLLOW_READS,normal,ONE,ONE,QUORUM,wfr_one_one_29_1790402995306039600_8976,1,True,2,1,FRESH_READ,True,3,2,3,v3_clientB_parent_2,client_B,CAUSAL_LINEAGE_PRESERVED,
30,WRITES_FOLLOW_READS,normal,ONE,ONE,QUORUM,wfr_one_one_30_1790402995462852500_2753,1,True,2,1,FRESH_READ,True,3,2,3,v3_clientB_parent_2,client_B,CAUSAL_LINEAGE_PRESERVED,
31,WRITES_FOLLOW_READS,normal,ONE,ONE,QUORUM,wfr_one_one_31_1790402995644315900_1349,1,True,2,1,FRESH_READ,True,3,2,3,v3_clientB_parent_2,client_B,CAUSAL_LINEAGE_PRESERVED,
32,WRITES_FOLLOW_READS,normal,ONE,ONE,QUORUM,wfr_one_one_32_1790402995768243200_6147,1,True,2,1,FRESH_READ,True,3,2,3,v3_clientB_parent_2,client_B,CAUSAL_LINEAGE_PRESERVED,
33,WRITES_FOLLOW_READS,normal,ONE,ONE,QUORUM,wfr_one_one_33_1790402995892608700_1233,1,True,2,1,FRESH_READ,True,3,2,3,v3_clientB_parent_2,client_B,CAUSAL_LINEAGE_PRESERVED,
34,WRITES_FOLLOW_READS,normal,ONE,ONE,QUORUM,wfr_one_one_34_1790402996014235600_7132,1,True,2,1,FRESH_READ,True,3,2,3,v3_clientB_parent_2,client_B,CAUSAL_LINEAGE_PRESERVED,
35,WRITES_FOLLOW_READS,normal,ONE,ONE,QUORUM,wfr_one_one_35_1790402996136125300_9492,1,True,2,1,FRESH_READ,True,3,2,3,v3_clientB_parent_2,client_B,CAUSAL_LINEAGE_PRESERVED,
36,WRITES_FOLLOW_READS,normal,ONE,ONE,QUORUM,wfr_one_one_36_1790402996258089800_8069,1,True,2,1,FRESH_READ,True,3,2,3,v3_clientB_parent_2,client_B,CAUSAL_LINEAGE_PRESERVED,
37,WRITES_FOLLOW_READS,normal,ONE,ONE,QUORUM,wfr_one_one_37_1790402996381914100_8870,1,True,2,1,FRESH_READ,True,3,2,3,v3_clientB_parent_2,client_B,CAUSAL_LINEAGE_PRESERVED,
38,WRITES_FOLLOW_READS,normal,ONE,ONE,QUORUM,wfr_one_one_38_1790402996506728100_1852,1,True,2,1,FRESH_READ,True,3,2,3,v3_clientB_parent_2,client_B,CAUSAL_LINEAGE_PRESERVED,
39,WRITES_FOLLOW_READS,normal,ONE,ONE,QUORUM,wfr_one_one_39_1790402996641164900_5027,1,True,2,1,FRESH_READ,True,3,2,3,v3_clientB_parent_2,client_B,CAUSAL_LINEAGE_PRESERVED,
40,WRITES_FOLLOW_READS,normal,ONE,ONE,QUORUM,wfr_one_one_40_1790402996783889300_2838,1,True,2,1,FRESH_READ,True,3,2,3,v3_clientB_parent_2,client_B,CAUSAL_LINEAGE_PRESERVED,
41,WRITES_FOLLOW_READS,normal,ONE,ONE,QUORUM,wfr_one_one_41_1790402996923183100_7871,1,True,2,1,FRESH_READ,True,3,2,3,v3_clientB_parent_2,client_B,CAUSAL_LINEAGE_PRESERVED,
42,WRITES_FOLLOW_READS,normal,ONE,ONE,QUORUM,wfr_one_one_42_1790402997045192800_8633,1,True,2,1,FRESH_READ,True,3,2,3,v3_clientB_parent_2,client_B,CAUSAL_LINEAGE_PRESERVED,
43,WRITES_FOLLOW_READS,normal,ONE,ONE,QUORUM,wfr_one_one_43_1790402997166935400_1173,1,True,2,1,FRESH_READ,True,3,2,3,v3_clientB_parent_2,client_B,CAUSAL_LINEAGE_PRESERVED,
44,WRITES_FOLLOW_READS,normal,ONE,ONE,QUORUM,wfr_one_one_44_1790402997290819100_9790,1,True,2,1,FRESH_READ,True,3,2,3,v3_clientB_parent_2,client_B,CAUSAL_LINEAGE_PRESERVED,
45,WRITES_FOLLOW_READS,normal,ONE,ONE,QUORUM,wfr_one_one_45_1790402997413517400_8027,1,True,2,1,FRESH_READ,True,3,2,3,v3_clientB_parent_2,client_B,CAUSAL_LINEAGE_PRESERVED,
46,WRITES_FOLLOW_READS,normal,ONE,ONE,QUORUM,wfr_one_one_46_1790402997550779600_3242,1,True,2,1,FRESH_READ,True,3,2,3,v3_clientB_parent_2,client_B,CAUSAL_LINEAGE_PRESERVED,
47,WRITES_FOLLOW_READS,normal,ONE,ONE,QUORUM,wfr_one_one_47_1790402997695657100_8738,1,True,2,1,FRESH_READ,True,3,2,3,v3_clientB_parent_2,client_B,CAUSAL_LINEAGE_PRESERVED,
48,WRITES_FOLLOW_READS,normal,ONE,ONE,QUORUM,wfr_one_one_48_1790402997846504900_5423,1,True,2,1,FRESH_READ,True,3,2,3,v3_clientB_parent_2,client_B,CAUSAL_LINEAGE_PRESERVED,
49,WRITES_FOLLOW_READS,normal,ONE,ONE,QUORUM,wfr_one_one_49_1790402998000356500_8911,1,True,2,1,FRESH_READ,True,3,2,3,v3_clientB_parent_2,client_B,CAUSAL_LINEAGE_PRESERVED,
50,WRITES_FOLLOW_READS,normal,ONE,ONE,QUORUM,wfr_one_one_50_1790402998142333000_3949,1,True,2,1,FRESH_READ,True,3,2,3,v3_clientB_parent_2,client_B,CAUSAL_LINEAGE_PRESERVED,
51,WRITES_FOLLOW_READS,normal,ONE,ONE,QUORUM,wfr_one_one_51_1790402998274431600_4270,1,True,2,1,FRESH_READ,True,3,2,3,v3_clientB_parent_2,client_B,CAUSAL_LINEAGE_PRESERVED,
52,WRITES_FOLLOW_READS,normal,ONE,ONE,QUORUM,wfr_one_one_52_1790402998397890700_7627,1,True,2,1,FRESH_READ,True,3,2,3,v3_clientB_parent_2,client_B,CAUSAL_LINEAGE_PRESERVED,
53,WRITES_FOLLOW_READS,normal,ONE,ONE,QUORUM,wfr_one_one_53_1790402998520404100_8162,1,True,2,1,FRESH_READ,True,3,2,3,v3_clientB_parent_2,client_B,CAUSAL_LINEAGE_PRESERVED,
54,WRITES_FOLLOW_READS,normal,ONE,ONE,QUORUM,wfr_one_one_54_1790402998644903000_7891,1,True,2,1,FRESH_READ,True,3,2,3,v3_clientB_parent_2,client_B,CAUSAL_LINEAGE_PRESERVED,
55,WRITES_FOLLOW_READS,normal,ONE,ONE,QUORUM,wfr_one_one_55_1790402998766146600_7653,1,True,2,1,FRESH_READ,True,3,2,3,v3_clientB_parent_2,client_B,CAUSAL_LINEAGE_PRESERVED,
56,WRITES_FOLLOW_READS,normal,ONE,ONE,QUORUM,wfr_one_one_56_1790402998889357300_2907,1,True,2,1,FRESH_READ,True,3,2,3,v3_clientB_parent_2,client_B,CAUSAL_LINEAGE_PRESERVED,
57,WRITES_FOLLOW_READS,normal,ONE,ONE,QUORUM,wfr_one_one_57_1790402999075863100_1163,1,True,2,1,FRESH_READ,True,3,2,3,v3_clientB_parent_2,client_B,CAUSAL_LINEAGE_PRESERVED,
58,WRITES_FOLLOW_READS,normal,ONE,ONE,QUORUM,wfr_one_one_58_1790402999196822500_1704,1,True,2,1,FRESH_READ,True,3,2,3,v3_clientB_parent_2,client_B,CAUSAL_LINEAGE_PRESERVED,
59,WRITES_FOLLOW_READS,normal,ONE,ONE,QUORUM,wfr_one_one_59_1790402999321299000_6526,1,True,2,1,FRESH_READ,True,3,2,3,v3_clientB_parent_2,client_B,CAUSAL_LINEAGE_PRESERVED,
60,WRITES_FOLLOW_READS,normal,ONE,ONE,QUORUM,wfr_one_one_60_1790402999442158400_2030,1,True,2,1,FRESH_READ,True,3,2,3,v3_clientB_parent_2,client_B,CAUSAL_LINEAGE_PRESERVED,
61,WRITES_FOLLOW_READS,normal,ONE,ONE,QUORUM,wfr_one_one_61_1790402999565185000_1356,1,True,2,1,FRESH_READ,True,3,2,3,v3_clientB_parent_2,client_B,CAUSAL_LINEAGE_PRESERVED,
62,WRITES_FOLLOW_READS,normal,ONE,ONE,QUORUM,wfr_one_one_62_1790402999689159000_1224,1,True,2,1,FRESH_READ,True,3,2,3,v3_clientB_parent_2,client_B,CAUSAL_LINEAGE_PRESERVED,
63,WRITES_FOLLOW_READS,normal,ONE,ONE,QUORUM,wfr_one_one_63_1790402999812468500_3892,1,True,2,1,FRESH_READ,True,3,2,3,v3_clientB_parent_2,client_B,CAUSAL_LINEAGE_PRESERVED,
64,WRITES_FOLLOW_READS,normal,ONE,ONE,QUORUM,wfr_one_one_64_1790402999938448000_1192,1,True,2,1,FRESH_READ,True,3,2,3,v3_clientB_parent_2,client_B,CAUSAL_LINEAGE_PRESERVED,
65,WRITES_FOLLOW_READS,normal,ONE,ONE,QUORUM,wfr_one_one_65_1790403000062732800_9923,1,True,2,1,FRESH_READ,True,3,2,3,v3_clientB_parent_2,client_B,CAUSAL_LINEAGE_PRESERVED,
66,WRITES_FOLLOW_READS,normal,ONE,ONE,QUORUM,wfr_one_one_66_1790403000181756300_9858,1,True,2,1,FRESH_READ,True,3,2,3,v3_clientB_parent_2,client_B,CAUSAL_LINEAGE_PRESERVED,
67,WRITES_FOLLOW_READS,normal,ONE,ONE,QUORUM,wfr_one_one_67_1790403000302448800_4121,1,True,2,1,FRESH_READ,True,3,2,3,v3_clientB_parent_2,client_B,CAUSAL_LINEAGE_PRESERVED,
68,WRITES_FOLLOW_READS,normal,ONE,ONE,QUORUM,wfr_one_one_68_1790403000475654500_2275,1,True,2,1,FRESH_READ,True,3,2,3,v3_clientB_parent_2,client_B,CAUSAL_LINEAGE_PRESERVED,
69,WRITES_FOLLOW_READS,normal,ONE,ONE,QUORUM,wfr_one_one_69_1790403000626920600_2145,1,True,2,1,FRESH_READ,True,3,2,3,v3_clientB_parent_2,client_B,CAUSAL_LINEAGE_PRESERVED,
70,WRITES_FOLLOW_READS,normal,ONE,ONE,QUORUM,wfr_one_one_70_1790403000750745200_5929,1,True,2,1,FRESH_READ,True,3,2,3,v3_clientB_parent_2,client_B,CAUSAL_LINEAGE_PRESERVED,
71,WRITES_FOLLOW_READS,normal,ONE,ONE,QUORUM,wfr_one_one_71_1790403000872222400_5006,1,True,2,1,FRESH_READ,True,3,2,3,v3_clientB_parent_2,client_B,CAUSAL_LINEAGE_PRESERVED,
72,WRITES_FOLLOW_READS,normal,ONE,ONE,QUORUM,wfr_one_one_72_1790403000996481600_6404,1,True,2,1,FRESH_READ,True,3,2,3,v3_clientB_parent_2,client_B,CAUSAL_LINEAGE_PRESERVED,
73,WRITES_FOLLOW_READS,normal,ONE,ONE,QUORUM,wfr_one_one_73_1790403001117844800_5145,1,True,2,1,FRESH_READ,True,3,2,3,v3_clientB_parent_2,client_B,CAUSAL_LINEAGE_PRESERVED,
74,WRITES_FOLLOW_READS,normal,ONE,ONE,QUORUM,wfr_one_one_74_1790403001239963000_7061,1,True,2,1,FRESH_READ,True,3,2,3,v3_clientB_parent_2,client_B,CAUSAL_LINEAGE_PRESERVED,
75,WRITES_FOLLOW_READS,normal,ONE,ONE,QUORUM,wfr_one_one_75_1790403001363304700_2530,1,True,2,1,FRESH_READ,True,3,2,3,v3_clientB_parent_2,client_B,CAUSAL_LINEAGE_PRESERVED,
76,WRITES_FOLLOW_READS,normal,ONE,ONE,QUORUM,wfr_one_one_76_1790403001505510800_2417,1,True,2,1,FRESH_READ,True,3,2,3,v3_clientB_parent_2,client_B,CAUSAL_LINEAGE_PRESERVED,
77,WRITES_FOLLOW_READS,normal,ONE,ONE,QUORUM,wfr_one_one_77_1790403001655948300_4297,1,True,2,1,FRESH_READ,True,3,2,3,v3_clientB_parent_2,client_B,CAUSAL_LINEAGE_PRESERVED,
78,WRITES_FOLLOW_READS,normal,ONE,ONE,QUORUM,wfr_one_one_78_1790403001777934700_2299,1,True,2,1,FRESH_READ,True,3,2,3,v3_clientB_parent_2,client_B,CAUSAL_LINEAGE_PRESERVED,
79,WRITES_FOLLOW_READS,normal,ONE,ONE,QUORUM,wfr_one_one_79_1790403001901029700_6793,1,True,2,1,FRESH_READ,True,3,2,3,v3_clientB_parent_2,client_B,CAUSAL_LINEAGE_PRESERVED,
80,WRITES_FOLLOW_READS,normal,ONE,ONE,QUORUM,wfr_one_one_80_1790403002025782200_8776,1,True,2,1,FRESH_READ,True,3,2,3,v3_clientB_parent_2,client_B,CAUSAL_LINEAGE_PRESERVED,
81,WRITES_FOLLOW_READS,normal,ONE,ONE,QUORUM,wfr_one_one_81_1790403002146549200_3424,1,True,2,1,FRESH_READ,True,3,2,3,v3_clientB_parent_2,client_B,CAUSAL_LINEAGE_PRESERVED,
82,WRITES_FOLLOW_READS,normal,ONE,ONE,QUORUM,wfr_one_one_82_1790403002270625500_7891,1,True,2,1,FRESH_READ,True,3,2,3,v3_clientB_parent_2,client_B,CAUSAL_LINEAGE_PRESERVED,
83,WRITES_FOLLOW_READS,normal,ONE,ONE,QUORUM,wfr_one_one_83_1790403002393559200_7065,1,True,2,1,FRESH_READ,True,3,2,3,v3_clientB_parent_2,client_B,CAUSAL_LINEAGE_PRESERVED,
84,WRITES_FOLLOW_READS,normal,ONE,ONE,QUORUM,wfr_one_one_84_1790403002515384100_7103,1,True,2,1,FRESH_READ,True,3,2,3,v3_clientB_parent_2,client_B,CAUSAL_LINEAGE_PRESERVED,
85,WRITES_FOLLOW_READS,normal,ONE,ONE,QUORUM,wfr_one_one_85_1790403002642104800_6624,1,True,2,1,FRESH_READ,True,3,2,3,v3_clientB_parent_2,client_B,CAUSAL_LINEAGE_PRESERVED,
86,WRITES_FOLLOW_READS,normal,ONE,ONE,QUORUM,wfr_one_one_86_1790403002761964200_2445,1,True,2,1,FRESH_READ,True,3,2,3,v3_clientB_parent_2,client_B,CAUSAL_LINEAGE_PRESERVED,
87,WRITES_FOLLOW_READS,normal,ONE,ONE,QUORUM,wfr_one_one_87_1790403002884364000_9893,1,True,2,1,FRESH_READ,True,3,2,3,v3_clientB_parent_2,client_B,CAUSAL_LINEAGE_PRESERVED,
88,WRITES_FOLLOW_READS,normal,ONE,ONE,QUORUM,wfr_one_one_88_1790403003008403600_5876,1,True,2,1,FRESH_READ,True,3,2,3,v3_clientB_parent_2,client_B,CAUSAL_LINEAGE_PRESERVED,
89,WRITES_FOLLOW_READS,normal,ONE,ONE,QUORUM,wfr_one_one_89_1790403003132991100_6500,1,True,2,1,FRESH_READ,True,3,2,3,v3_clientB_parent_2,client_B,CAUSAL_LINEAGE_PRESERVED,
90,WRITES_FOLLOW_READS,normal,ONE,ONE,QUORUM,wfr_one_one_90_1790403003252649300_8135,1,True,2,1,FRESH_READ,True,3,2,3,v3_clientB_parent_2,client_B,CAUSAL_LINEAGE_PRESERVED,
91,WRITES_FOLLOW_READS,normal,ONE,ONE,QUORUM,wfr_one_one_91_1790403003376011600_5011,1,True,2,1,FRESH_READ,True,3,2,3,v3_clientB_parent_2,client_B,CAUSAL_LINEAGE_PRESERVED,
92,WRITES_FOLLOW_READS,normal,ONE,ONE,QUORUM,wfr_one_one_92_1790403003498909700_1356,1,True,2,1,FRESH_READ,True,3,2,3,v3_clientB_parent_2,client_B,CAUSAL_LINEAGE_PRESERVED,
93,WRITES_FOLLOW_READS,normal,ONE,ONE,QUORUM,wfr_one_one_93_1790403003621518800_2212,1,True,2,1,FRESH_READ,True,3,2,3,v3_clientB_parent_2,client_B,CAUSAL_LINEAGE_PRESERVED,
94,WRITES_FOLLOW_READS,normal,ONE,ONE,QUORUM,wfr_one_one_94_1790403003743747500_2524,1,True,2,1,FRESH_READ,True,3,2,3,v3_clientB_parent_2,client_B,CAUSAL_LINEAGE_PRESERVED,
95,WRITES_FOLLOW_READS,normal,ONE,ONE,QUORUM,wfr_one_one_95_1790403003882083200_8089,1,True,2,1,FRESH_READ,True,3,2,3,v3_clientB_parent_2,client_B,CAUSAL_LINEAGE_PRESERVED,
96,WRITES_FOLLOW_READS,normal,ONE,ONE,QUORUM,wfr_one_one_96_1790403004007649900_7444,1,True,2,1,FRESH_READ,True,3,2,3,v3_clientB_parent_2,client_B,CAUSAL_LINEAGE_PRESERVED,
97,WRITES_FOLLOW_READS,normal,ONE,ONE,QUORUM,wfr_one_one_97_1790403004132433600_6261,1,True,2,1,FRESH_READ,True,3,2,3,v3_clientB_parent_2,client_B,CAUSAL_LINEAGE_PRESERVED,
98,WRITES_FOLLOW_READS,normal,ONE,ONE,QUORUM,wfr_one_one_98_1790403004250248700_1488,1,True,2,1,FRESH_READ,True,3,2,3,v3_clientB_parent_2,client_B,CAUSAL_LINEAGE_PRESERVED,
99,WRITES_FOLLOW_READS,normal,ONE,ONE,QUORUM,wfr_one_one_99_1790403004376498400_2737,1,True,2,1,FRESH_READ,True,3,2,3,v3_clientB_parent_2,client_B,CAUSAL_LINEAGE_PRESERVED,
100,WRITES_FOLLOW_READS,normal,ONE,ONE,QUORUM,wfr_one_one_100_1790403004497112700_9255,1,True,2,1,FRESH_READ,True,3,2,3,v3_clientB_parent_2,client_B,CAUSAL_LINEAGE_PRESERVED,
1,WRITES_FOLLOW_READS,normal,ONE,QUORUM,QUORUM,wfr_one_quorum_1_1790403004638355000_2770,1,True,2,1,FRESH_READ,True,3,2,3,v3_clientB_parent_2,client_B,CAUSAL_LINEAGE_PRESERVED,
2,WRITES_FOLLOW_READS,normal,ONE,QUORUM,QUORUM,wfr_one_quorum_2_1790403004762108600_8077,1,True,2,1,FRESH_READ,True,3,2,3,v3_clientB_parent_2,client_B,CAUSAL_LINEAGE_PRESERVED,
3,WRITES_FOLLOW_READS,normal,ONE,QUORUM,QUORUM,wfr_one_quorum_3_1790403004975161700_5606,1,True,2,1,FRESH_READ,True,3,2,3,v3_clientB_parent_2,client_B,CAUSAL_LINEAGE_PRESERVED,
4,WRITES_FOLLOW_READS,normal,ONE,QUORUM,QUORUM,wfr_one_quorum_4_1790403005097098400_7881,1,True,2,1,FRESH_READ,True,3,2,3,v3_clientB_parent_2,client_B,CAUSAL_LINEAGE_PRESERVED,
5,WRITES_FOLLOW_READS,normal,ONE,QUORUM,QUORUM,wfr_one_quorum_5_1790403005223336700_3798,1,True,2,1,FRESH_READ,True,3,2,3,v3_clientB_parent_2,client_B,CAUSAL_LINEAGE_PRESERVED,
6,WRITES_FOLLOW_READS,normal,ONE,QUORUM,QUORUM,wfr_one_quorum_6_1790403005424446300_8234,1,True,2,1,FRESH_READ,True,3,2,3,v3_clientB_parent_2,client_B,CAUSAL_LINEAGE_PRESERVED,
7,WRITES_FOLLOW_READS,normal,ONE,QUORUM,QUORUM,wfr_one_quorum_7_1790403005549078100_2888,1,True,2,1,FRESH_READ,True,3,2,3,v3_clientB_parent_2,client_B,CAUSAL_LINEAGE_PRESERVED,
8,WRITES_FOLLOW_READS,normal,ONE,QUORUM,QUORUM,wfr_one_quorum_8_1790403005682139400_3454,1,True,2,1,FRESH_READ,True,3,2,3,v3_clientB_parent_2,client_B,CAUSAL_LINEAGE_PRESERVED,
9,WRITES_FOLLOW_READS,normal,ONE,QUORUM,QUORUM,wfr_one_quorum_9_1790403005806939500_5357,1,True,2,1,FRESH_READ,True,3,2,3,v3_clientB_parent_2,client_B,CAUSAL_LINEAGE_PRESERVED,
10,WRITES_FOLLOW_READS,normal,ONE,QUORUM,QUORUM,wfr_one_quorum_10_1790403005928173500_1533,1,True,2,1,FRESH_READ,True,3,2,3,v3_clientB_parent_2,client_B,CAUSAL_LINEAGE_PRESERVED,
11,WRITES_FOLLOW_READS,normal,ONE,QUORUM,QUORUM,wfr_one_quorum_11_1790403006051945600_9926,1,True,2,1,FRESH_READ,True,3,2,3,v3_clientB_parent_2,client_B,CAUSAL_LINEAGE_PRESERVED,
12,WRITES_FOLLOW_READS,normal,ONE,QUORUM,QUORUM,wfr_one_quorum_12_1790403006173261200_1361,1,True,2,1,FRESH_READ,True,3,2,3,v3_clientB_parent_2,client_B,CAUSAL_LINEAGE_PRESERVED,
13,WRITES_FOLLOW_READS,normal,ONE,QUORUM,QUORUM,wfr_one_quorum_13_1790403006297868700_7020,1,True,2,1,FRESH_READ,True,3,2,3,v3_clientB_parent_2,client_B,CAUSAL_LINEAGE_PRESERVED,
14,WRITES_FOLLOW_READS,normal,ONE,QUORUM,QUORUM,wfr_one_quorum_14_1790403006416810000_8933,1,True,2,1,FRESH_READ,True,3,2,3,v3_clientB_parent_2,client_B,CAUSAL_LINEAGE_PRESERVED,
15,WRITES_FOLLOW_READS,normal,ONE,QUORUM,QUORUM,wfr_one_quorum_15_1790403006540202400_2894,1,True,2,1,FRESH_READ,True,3,2,3,v3_clientB_parent_2,client_B,CAUSAL_LINEAGE_PRESERVED,
16,WRITES_FOLLOW_READS,normal,ONE,QUORUM,QUORUM,wfr_one_quorum_16_1790403006663594900_1025,1,True,2,1,FRESH_READ,True,3,2,3,v3_clientB_parent_2,client_B,CAUSAL_LINEAGE_PRESERVED,
17,WRITES_FOLLOW_READS,normal,ONE,QUORUM,QUORUM,wfr_one_quorum_17_1790403006786907300_1975,1,True,2,1,FRESH_READ,True,3,2,3,v3_clientB_parent_2,client_B,CAUSAL_LINEAGE_PRESERVED,
18,WRITES_FOLLOW_READS,normal,ONE,QUORUM,QUORUM,wfr_one_quorum_18_1790403006913568800_3995,1,True,2,1,FRESH_READ,True,3,2,3,v3_clientB_parent_2,client_B,CAUSAL_LINEAGE_PRESERVED,
19,WRITES_FOLLOW_READS,normal,ONE,QUORUM,QUORUM,wfr_one_quorum_19_1790403007035475000_1504,1,True,2,1,FRESH_READ,True,3,2,3,v3_clientB_parent_2,client_B,CAUSAL_LINEAGE_PRESERVED,
20,WRITES_FOLLOW_READS,normal,ONE,QUORUM,QUORUM,wfr_one_quorum_20_1790403007158012900_9024,1,True,2,1,FRESH_READ,True,3,2,3,v3_clientB_parent_2,client_B,CAUSAL_LINEAGE_PRESERVED,
21,WRITES_FOLLOW_READS,normal,ONE,QUORUM,QUORUM,wfr_one_quorum_21_1790403007278335700_7569,1,True,2,1,FRESH_READ,True,3,2,3,v3_clientB_parent_2,client_B,CAUSAL_LINEAGE_PRESERVED,
22,WRITES_FOLLOW_READS,normal,ONE,QUORUM,QUORUM,wfr_one_quorum_22_1790403007400246500_3076,1,True,2,1,FRESH_READ,True,3,2,3,v3_clientB_parent_2,client_B,CAUSAL_LINEAGE_PRESERVED,
23,WRITES_FOLLOW_READS,normal,ONE,QUORUM,QUORUM,wfr_one_quorum_23_1790403007525114900_7898,1,True,2,1,FRESH_READ,True,3,2,3,v3_clientB_parent_2,client_B,CAUSAL_LINEAGE_PRESERVED,
24,WRITES_FOLLOW_READS,normal,ONE,QUORUM,QUORUM,wfr_one_quorum_24_1790403007646894800_9499,1,True,2,1,FRESH_READ,True,3,2,3,v3_clientB_parent_2,client_B,CAUSAL_LINEAGE_PRESERVED,
25,WRITES_FOLLOW_READS,normal,ONE,QUORUM,QUORUM,wfr_one_quorum_25_1790403007769823800_3400,1,True,2,1,FRESH_READ,True,3,2,3,v3_clientB_parent_2,client_B,CAUSAL_LINEAGE_PRESERVED,
26,WRITES_FOLLOW_READS,normal,ONE,QUORUM,QUORUM,wfr_one_quorum_26_1790403007894271200_6704,1,True,2,1,FRESH_READ,True,3,2,3,v3_clientB_parent_2,client_B,CAUSAL_LINEAGE_PRESERVED,
27,WRITES_FOLLOW_READS,normal,ONE,QUORUM,QUORUM,wfr_one_quorum_27_1790403008016489200_5710,1,True,2,1,FRESH_READ,True,3,2,3,v3_clientB_parent_2,client_B,CAUSAL_LINEAGE_PRESERVED,
28,WRITES_FOLLOW_READS,normal,ONE,QUORUM,QUORUM,wfr_one_quorum_28_1790403008139577100_1994,1,True,2,1,FRESH_READ,True,3,2,3,v3_clientB_parent_2,client_B,CAUSAL_LINEAGE_PRESERVED,
29,WRITES_FOLLOW_READS,normal,ONE,QUORUM,QUORUM,wfr_one_quorum_29_1790403008259864400_2992,1,True,2,1,FRESH_READ,True,3,2,3,v3_clientB_parent_2,client_B,CAUSAL_LINEAGE_PRESERVED,
30,WRITES_FOLLOW_READS,normal,ONE,QUORUM,QUORUM,wfr_one_quorum_30_1790403008383085600_2721,1,True,2,1,FRESH_READ,True,3,2,3,v3_clientB_parent_2,client_B,CAUSAL_LINEAGE_PRESERVED,
31,WRITES_FOLLOW_READS,normal,ONE,QUORUM,QUORUM,wfr_one_quorum_31_1790403008510124100_2729,1,True,2,1,FRESH_READ,True,3,2,3,v3_clientB_parent_2,client_B,CAUSAL_LINEAGE_PRESERVED,
32,WRITES_FOLLOW_READS,normal,ONE,QUORUM,QUORUM,wfr_one_quorum_32_1790403008631593200_6549,1,True,2,1,FRESH_READ,True,3,2,3,v3_clientB_parent_2,client_B,CAUSAL_LINEAGE_PRESERVED,
33,WRITES_FOLLOW_READS,normal,ONE,QUORUM,QUORUM,wfr_one_quorum_33_1790403008755225900_8218,1,True,2,1,FRESH_READ,True,3,2,3,v3_clientB_parent_2,client_B,CAUSAL_LINEAGE_PRESERVED,
34,WRITES_FOLLOW_READS,normal,ONE,QUORUM,QUORUM,wfr_one_quorum_34_1790403008876753600_7042,1,True,2,1,FRESH_READ,True,3,2,3,v3_clientB_parent_2,client_B,CAUSAL_LINEAGE_PRESERVED,
35,WRITES_FOLLOW_READS,normal,ONE,QUORUM,QUORUM,wfr_one_quorum_35_1790403008996967700_7369,1,True,2,1,FRESH_READ,True,3,2,3,v3_clientB_parent_2,client_B,CAUSAL_LINEAGE_PRESERVED,
36,WRITES_FOLLOW_READS,normal,ONE,QUORUM,QUORUM,wfr_one_quorum_36_1790403009122922500_5820,1,True,2,1,FRESH_READ,True,3,2,3,v3_clientB_parent_2,client_B,CAUSAL_LINEAGE_PRESERVED,
37,WRITES_FOLLOW_READS,normal,ONE,QUORUM,QUORUM,wfr_one_quorum_37_1790403009245702900_1208,1,True,2,1,FRESH_READ,True,3,2,3,v3_clientB_parent_2,client_B,CAUSAL_LINEAGE_PRESERVED,
38,WRITES_FOLLOW_READS,normal,ONE,QUORUM,QUORUM,wfr_one_quorum_38_1790403009368509500_2512,1,True,2,1,FRESH_READ,True,3,2,3,v3_clientB_parent_2,client_B,CAUSAL_LINEAGE_PRESERVED,
39,WRITES_FOLLOW_READS,normal,ONE,QUORUM,QUORUM,wfr_one_quorum_39_1790403009542245800_9813,1,True,2,1,FRESH_READ,True,3,2,3,v3_clientB_parent_2,client_B,CAUSAL_LINEAGE_PRESERVED,
40,WRITES_FOLLOW_READS,normal,ONE,QUORUM,QUORUM,wfr_one_quorum_40_1790403009706347800_9364,1,True,2,1,FRESH_READ,True,3,2,3,v3_clientB_parent_2,client_B,CAUSAL_LINEAGE_PRESERVED,
41,WRITES_FOLLOW_READS,normal,ONE,QUORUM,QUORUM,wfr_one_quorum_41_1790403009845543300_7105,1,True,2,1,FRESH_READ,True,3,2,3,v3_clientB_parent_2,client_B,CAUSAL_LINEAGE_PRESERVED,
42,WRITES_FOLLOW_READS,normal,ONE,QUORUM,QUORUM,wfr_one_quorum_42_1790403009966857700_7628,1,True,2,1,FRESH_READ,True,3,2,3,v3_clientB_parent_2,client_B,CAUSAL_LINEAGE_PRESERVED,
43,WRITES_FOLLOW_READS,normal,ONE,QUORUM,QUORUM,wfr_one_quorum_43_1790403010203109900_7041,1,True,2,1,FRESH_READ,True,3,2,3,v3_clientB_parent_2,client_B,CAUSAL_LINEAGE_PRESERVED,
44,WRITES_FOLLOW_READS,normal,ONE,QUORUM,QUORUM,wfr_one_quorum_44_1790403010350443700_4343,1,True,2,1,FRESH_READ,True,3,2,3,v3_clientB_parent_2,client_B,CAUSAL_LINEAGE_PRESERVED,
45,WRITES_FOLLOW_READS,normal,ONE,QUORUM,QUORUM,wfr_one_quorum_45_1790403010477795700_3232,1,True,2,1,FRESH_READ,True,3,2,3,v3_clientB_parent_2,client_B,CAUSAL_LINEAGE_PRESERVED,
46,WRITES_FOLLOW_READS,normal,ONE,QUORUM,QUORUM,wfr_one_quorum_46_1790403010596813600_8635,1,True,2,1,FRESH_READ,True,3,2,3,v3_clientB_parent_2,client_B,CAUSAL_LINEAGE_PRESERVED,
47,WRITES_FOLLOW_READS,normal,ONE,QUORUM,QUORUM,wfr_one_quorum_47_1790403010719405500_7690,1,True,2,1,FRESH_READ,True,3,2,3,v3_clientB_parent_2,client_B,CAUSAL_LINEAGE_PRESERVED,
48,WRITES_FOLLOW_READS,normal,ONE,QUORUM,QUORUM,wfr_one_quorum_48_1790403010844370300_4259,1,True,2,1,FRESH_READ,True,3,2,3,v3_clientB_parent_2,client_B,CAUSAL_LINEAGE_PRESERVED,
49,WRITES_FOLLOW_READS,normal,ONE,QUORUM,QUORUM,wfr_one_quorum_49_1790403010966199900_5173,1,True,2,1,FRESH_READ,True,3,2,3,v3_clientB_parent_2,client_B,CAUSAL_LINEAGE_PRESERVED,
50,WRITES_FOLLOW_READS,normal,ONE,QUORUM,QUORUM,wfr_one_quorum_50_1790403011088590000_7460,1,True,2,1,FRESH_READ,True,3,2,3,v3_clientB_parent_2,client_B,CAUSAL_LINEAGE_PRESERVED,
51,WRITES_FOLLOW_READS,normal,ONE,QUORUM,QUORUM,wfr_one_quorum_51_1790403011213294300_1079,1,True,2,1,FRESH_READ,True,3,2,3,v3_clientB_parent_2,client_B,CAUSAL_LINEAGE_PRESERVED,
52,WRITES_FOLLOW_READS,normal,ONE,QUORUM,QUORUM,wfr_one_quorum_52_1790403011338338700_4693,1,True,2,1,FRESH_READ,True,3,2,3,v3_clientB_parent_2,client_B,CAUSAL_LINEAGE_PRESERVED,
53,WRITES_FOLLOW_READS,normal,ONE,QUORUM,QUORUM,wfr_one_quorum_53_1790403011460261200_8850,1,True,2,1,FRESH_READ,True,3,2,3,v3_clientB_parent_2,client_B,CAUSAL_LINEAGE_PRESERVED,
54,WRITES_FOLLOW_READS,normal,ONE,QUORUM,QUORUM,wfr_one_quorum_54_1790403011580825700_6647,1,True,2,1,FRESH_READ,True,3,2,3,v3_clientB_parent_2,client_B,CAUSAL_LINEAGE_PRESERVED,
55,WRITES_FOLLOW_READS,normal,ONE,QUORUM,QUORUM,wfr_one_quorum_55_1790403011703237400_3429,1,True,2,1,FRESH_READ,True,3,2,3,v3_clientB_parent_2,client_B,CAUSAL_LINEAGE_PRESERVED,
56,WRITES_FOLLOW_READS,normal,ONE,QUORUM,QUORUM,wfr_one_quorum_56_1790403011829731900_7789,1,True,2,1,FRESH_READ,True,3,2,3,v3_clientB_parent_2,client_B,CAUSAL_LINEAGE_PRESERVED,
57,WRITES_FOLLOW_READS,normal,ONE,QUORUM,QUORUM,wfr_one_quorum_57_1790403011949766700_2918,1,True,2,1,FRESH_READ,True,3,2,3,v3_clientB_parent_2,client_B,CAUSAL_LINEAGE_PRESERVED,
58,WRITES_FOLLOW_READS,normal,ONE,QUORUM,QUORUM,wfr_one_quorum_58_1790403012072873200_6035,1,True,2,1,FRESH_READ,True,3,2,3,v3_clientB_parent_2,client_B,CAUSAL_LINEAGE_PRESERVED,
59,WRITES_FOLLOW_READS,normal,ONE,QUORUM,QUORUM,wfr_one_quorum_59_1790403012195929500_4982,1,True,2,1,FRESH_READ,True,3,2,3,v3_clientB_parent_2,client_B,CAUSAL_LINEAGE_PRESERVED,
60,WRITES_FOLLOW_READS,normal,ONE,QUORUM,QUORUM,wfr_one_quorum_60_1790403012319668900_5591,1,True,2,1,FRESH_READ,True,3,2,3,v3_clientB_parent_2,client_B,CAUSAL_LINEAGE_PRESERVED,
61,WRITES_FOLLOW_READS,normal,ONE,QUORUM,QUORUM,wfr_one_quorum_61_1790403012445682800_8860,1,True,2,1,FRESH_READ,True,3,2,3,v3_clientB_parent_2,client_B,CAUSAL_LINEAGE_PRESERVED,
62,WRITES_FOLLOW_READS,normal,ONE,QUORUM,QUORUM,wfr_one_quorum_62_1790403012580676000_5770,1,True,2,1,FRESH_READ,True,3,2,3,v3_clientB_parent_2,client_B,CAUSAL_LINEAGE_PRESERVED,
63,WRITES_FOLLOW_READS,normal,ONE,QUORUM,QUORUM,wfr_one_quorum_63_1790403012703330200_8600,1,True,2,1,FRESH_READ,True,3,2,3,v3_clientB_parent_2,client_B,CAUSAL_LINEAGE_PRESERVED,
64,WRITES_FOLLOW_READS,normal,ONE,QUORUM,QUORUM,wfr_one_quorum_64_1790403012844243900_9256,1,True,2,1,FRESH_READ,True,3,2,3,v3_clientB_parent_2,client_B,CAUSAL_LINEAGE_PRESERVED,
65,WRITES_FOLLOW_READS,normal,ONE,QUORUM,QUORUM,wfr_one_quorum_65_1790403012977995200_2053,1,True,2,1,FRESH_READ,True,3,2,3,v3_clientB_parent_2,client_B,CAUSAL_LINEAGE_PRESERVED,
66,WRITES_FOLLOW_READS,normal,ONE,QUORUM,QUORUM,wfr_one_quorum_66_1790403013128796500_3980,1,True,2,1,FRESH_READ,True,3,2,3,v3_clientB_parent_2,client_B,CAUSAL_LINEAGE_PRESERVED,
67,WRITES_FOLLOW_READS,normal,ONE,QUORUM,QUORUM,wfr_one_quorum_67_1790403013288904400_6054,1,True,2,1,FRESH_READ,True,3,2,3,v3_clientB_parent_2,client_B,CAUSAL_LINEAGE_PRESERVED,
68,WRITES_FOLLOW_READS,normal,ONE,QUORUM,QUORUM,wfr_one_quorum_68_1790403013457923700_3030,1,True,2,1,FRESH_READ,True,3,2,3,v3_clientB_parent_2,client_B,CAUSAL_LINEAGE_PRESERVED,
69,WRITES_FOLLOW_READS,normal,ONE,QUORUM,QUORUM,wfr_one_quorum_69_1790403013627225900_2137,1,True,2,1,FRESH_READ,True,3,2,3,v3_clientB_parent_2,client_B,CAUSAL_LINEAGE_PRESERVED,
70,WRITES_FOLLOW_READS,normal,ONE,QUORUM,QUORUM,wfr_one_quorum_70_1790403013746588700_7276,1,True,2,1,FRESH_READ,True,3,2,3,v3_clientB_parent_2,client_B,CAUSAL_LINEAGE_PRESERVED,
71,WRITES_FOLLOW_READS,normal,ONE,QUORUM,QUORUM,wfr_one_quorum_71_1790403013882555600_1085,1,True,2,1,FRESH_READ,True,3,2,3,v3_clientB_parent_2,client_B,CAUSAL_LINEAGE_PRESERVED,
72,WRITES_FOLLOW_READS,normal,ONE,QUORUM,QUORUM,wfr_one_quorum_72_1790403014093023900_4209,1,True,2,1,FRESH_READ,True,3,2,3,v3_clientB_parent_2,client_B,CAUSAL_LINEAGE_PRESERVED,
73,WRITES_FOLLOW_READS,normal,ONE,QUORUM,QUORUM,wfr_one_quorum_73_1790403014257016600_6205,1,True,2,1,FRESH_READ,True,3,2,3,v3_clientB_parent_2,client_B,CAUSAL_LINEAGE_PRESERVED,
74,WRITES_FOLLOW_READS,normal,ONE,QUORUM,QUORUM,wfr_one_quorum_74_1790403014379876700_9836,1,True,2,1,FRESH_READ,True,3,2,3,v3_clientB_parent_2,client_B,CAUSAL_LINEAGE_PRESERVED,
75,WRITES_FOLLOW_READS,normal,ONE,QUORUM,QUORUM,wfr_one_quorum_75_1790403014581654100_4679,1,True,2,1,FRESH_READ,True,3,2,3,v3_clientB_parent_2,client_B,CAUSAL_LINEAGE_PRESERVED,
76,WRITES_FOLLOW_READS,normal,ONE,QUORUM,QUORUM,wfr_one_quorum_76_1790403014705830800_6663,1,True,2,1,FRESH_READ,True,3,2,3,v3_clientB_parent_2,client_B,CAUSAL_LINEAGE_PRESERVED,
77,WRITES_FOLLOW_READS,normal,ONE,QUORUM,QUORUM,wfr_one_quorum_77_1790403014827458600_5856,1,True,2,1,FRESH_READ,True,3,2,3,v3_clientB_parent_2,client_B,CAUSAL_LINEAGE_PRESERVED,
78,WRITES_FOLLOW_READS,normal,ONE,QUORUM,QUORUM,wfr_one_quorum_78_1790403014950623000_6954,1,True,2,1,FRESH_READ,True,3,2,3,v3_clientB_parent_2,client_B,CAUSAL_LINEAGE_PRESERVED,
79,WRITES_FOLLOW_READS,normal,ONE,QUORUM,QUORUM,wfr_one_quorum_79_1790403015073990200_5277,1,True,2,1,FRESH_READ,True,3,2,3,v3_clientB_parent_2,client_B,CAUSAL_LINEAGE_PRESERVED,
80,WRITES_FOLLOW_READS,normal,ONE,QUORUM,QUORUM,wfr_one_quorum_80_1790403015198593100_5849,1,True,2,1,FRESH_READ,True,3,2,3,v3_clientB_parent_2,client_B,CAUSAL_LINEAGE_PRESERVED,
81,WRITES_FOLLOW_READS,normal,ONE,QUORUM,QUORUM,wfr_one_quorum_81_1790403015323311600_5208,1,True,2,1,FRESH_READ,True,3,2,3,v3_clientB_parent_2,client_B,CAUSAL_LINEAGE_PRESERVED,
82,WRITES_FOLLOW_READS,normal,ONE,QUORUM,QUORUM,wfr_one_quorum_82_1790403015474875800_8037,1,True,2,1,FRESH_READ,True,3,2,3,v3_clientB_parent_2,client_B,CAUSAL_LINEAGE_PRESERVED,
83,WRITES_FOLLOW_READS,normal,ONE,QUORUM,QUORUM,wfr_one_quorum_83_1790403015629796500_8611,1,True,2,1,FRESH_READ,True,3,2,3,v3_clientB_parent_2,client_B,CAUSAL_LINEAGE_PRESERVED,
84,WRITES_FOLLOW_READS,normal,ONE,QUORUM,QUORUM,wfr_one_quorum_84_1790403015751941900_5122,1,True,2,1,FRESH_READ,True,3,2,3,v3_clientB_parent_2,client_B,CAUSAL_LINEAGE_PRESERVED,
85,WRITES_FOLLOW_READS,normal,ONE,QUORUM,QUORUM,wfr_one_quorum_85_1790403015875661600_6947,1,True,2,1,FRESH_READ,True,3,2,3,v3_clientB_parent_2,client_B,CAUSAL_LINEAGE_PRESERVED,
86,WRITES_FOLLOW_READS,normal,ONE,QUORUM,QUORUM,wfr_one_quorum_86_1790403015996176100_2125,1,True,2,1,FRESH_READ,True,3,2,3,v3_clientB_parent_2,client_B,CAUSAL_LINEAGE_PRESERVED,
87,WRITES_FOLLOW_READS,normal,ONE,QUORUM,QUORUM,wfr_one_quorum_87_1790403016122126700_2048,1,True,2,1,FRESH_READ,True,3,2,3,v3_clientB_parent_2,client_B,CAUSAL_LINEAGE_PRESERVED,
88,WRITES_FOLLOW_READS,normal,ONE,QUORUM,QUORUM,wfr_one_quorum_88_1790403016242593600_5136,1,True,2,1,FRESH_READ,True,3,2,3,v3_clientB_parent_2,client_B,CAUSAL_LINEAGE_PRESERVED,
89,WRITES_FOLLOW_READS,normal,ONE,QUORUM,QUORUM,wfr_one_quorum_89_1790403016364610900_8720,1,True,2,1,FRESH_READ,True,3,2,3,v3_clientB_parent_2,client_B,CAUSAL_LINEAGE_PRESERVED,
90,WRITES_FOLLOW_READS,normal,ONE,QUORUM,QUORUM,wfr_one_quorum_90_1790403016488446200_1159,1,True,2,1,FRESH_READ,True,3,2,3,v3_clientB_parent_2,client_B,CAUSAL_LINEAGE_PRESERVED,
91,WRITES_FOLLOW_READS,normal,ONE,QUORUM,QUORUM,wfr_one_quorum_91_1790403016610553100_8439,1,True,2,1,FRESH_READ,True,3,2,3,v3_clientB_parent_2,client_B,CAUSAL_LINEAGE_PRESERVED,
92,WRITES_FOLLOW_READS,normal,ONE,QUORUM,QUORUM,wfr_one_quorum_92_1790403016734264000_3331,1,True,2,1,FRESH_READ,True,3,2,3,v3_clientB_parent_2,client_B,CAUSAL_LINEAGE_PRESERVED,
93,WRITES_FOLLOW_READS,normal,ONE,QUORUM,QUORUM,wfr_one_quorum_93_1790403016873370300_2126,1,True,2,1,FRESH_READ,True,3,2,3,v3_clientB_parent_2,client_B,CAUSAL_LINEAGE_PRESERVED,
94,WRITES_FOLLOW_READS,normal,ONE,QUORUM,QUORUM,wfr_one_quorum_94_1790403016995319500_4437,1,True,2,1,FRESH_READ,True,3,2,3,v3_clientB_parent_2,client_B,CAUSAL_LINEAGE_PRESERVED,
95,WRITES_FOLLOW_READS,normal,ONE,QUORUM,QUORUM,wfr_one_quorum_95_1790403017119539800_6730,1,True,2,1,FRESH_READ,True,3,2,3,v3_clientB_parent_2,client_B,CAUSAL_LINEAGE_PRESERVED,
96,WRITES_FOLLOW_READS,normal,ONE,QUORUM,QUORUM,wfr_one_quorum_96_1790403017241414200_2050,1,True,2,1,FRESH_READ,True,3,2,3,v3_clientB_parent_2,client_B,CAUSAL_LINEAGE_PRESERVED,
97,WRITES_FOLLOW_READS,normal,ONE,QUORUM,QUORUM,wfr_one_quorum_97_1790403017362917100_2731,1,True,2,1,FRESH_READ,True,3,2,3,v3_clientB_parent_2,client_B,CAUSAL_LINEAGE_PRESERVED,
98,WRITES_FOLLOW_READS,normal,ONE,QUORUM,QUORUM,wfr_one_quorum_98_1790403017487893800_4535,1,True,2,1,FRESH_READ,True,3,2,3,v3_clientB_parent_2,client_B,CAUSAL_LINEAGE_PRESERVED,
99,WRITES_FOLLOW_READS,normal,ONE,QUORUM,QUORUM,wfr_one_quorum_99_1790403017608564700_9289,1,True,2,1,FRESH_READ,True,3,2,3,v3_clientB_parent_2,client_B,CAUSAL_LINEAGE_PRESERVED,
100,WRITES_FOLLOW_READS,normal,ONE,QUORUM,QUORUM,wfr_one_quorum_100_1790403017733308100_6552,1,True,2,1,FRESH_READ,True,3,2,3,v3_clientB_parent_2,client_B,CAUSAL_LINEAGE_PRESERVED,
1,WRITES_FOLLOW_READS,normal,ONE,ALL,QUORUM,wfr_one_all_1_1790403017858493700_3596,1,True,2,1,FRESH_READ,True,3,2,3,v3_clientB_parent_2,client_B,CAUSAL_LINEAGE_PRESERVED,
2,WRITES_FOLLOW_READS,normal,ONE,ALL,QUORUM,wfr_one_all_2_1790403017978286100_6655,1,True,2,1,FRESH_READ,True,3,2,3,v3_clientB_parent_2,client_B,CAUSAL_LINEAGE_PRESERVED,
3,WRITES_FOLLOW_READS,normal,ONE,ALL,QUORUM,wfr_one_all_3_1790403018101444500_2727,1,True,2,1,FRESH_READ,True,3,2,3,v3_clientB_parent_2,client_B,CAUSAL_LINEAGE_PRESERVED,
4,WRITES_FOLLOW_READS,normal,ONE,ALL,QUORUM,wfr_one_all_4_1790403018224965800_3153,1,True,2,1,FRESH_READ,True,3,2,3,v3_clientB_parent_2,client_B,CAUSAL_LINEAGE_PRESERVED,
5,WRITES_FOLLOW_READS,normal,ONE,ALL,QUORUM,wfr_one_all_5_1790403018345361200_4430,1,True,2,1,FRESH_READ,True,3,2,3,v3_clientB_parent_2,client_B,CAUSAL_LINEAGE_PRESERVED,
6,WRITES_FOLLOW_READS,normal,ONE,ALL,QUORUM,wfr_one_all_6_1790403018470211100_1278,1,True,2,1,FRESH_READ,True,3,2,3,v3_clientB_parent_2,client_B,CAUSAL_LINEAGE_PRESERVED,
7,WRITES_FOLLOW_READS,normal,ONE,ALL,QUORUM,wfr_one_all_7_1790403018592065700_2782,1,True,2,1,FRESH_READ,True,3,2,3,v3_clientB_parent_2,client_B,CAUSAL_LINEAGE_PRESERVED,
8,WRITES_FOLLOW_READS,normal,ONE,ALL,QUORUM,wfr_one_all_8_1790403018713942000_5983,1,True,2,1,FRESH_READ,True,3,2,3,v3_clientB_parent_2,client_B,CAUSAL_LINEAGE_PRESERVED,
9,WRITES_FOLLOW_READS,normal,ONE,ALL,QUORUM,wfr_one_all_9_1790403018853794100_5935,1,True,2,1,FRESH_READ,True,3,2,3,v3_clientB_parent_2,client_B,CAUSAL_LINEAGE_PRESERVED,
10,WRITES_FOLLOW_READS,normal,ONE,ALL,QUORUM,wfr_one_all_10_1790403018977828800_5740,1,True,2,1,FRESH_READ,True,3,2,3,v3_clientB_parent_2,client_B,CAUSAL_LINEAGE_PRESERVED,
11,WRITES_FOLLOW_READS,normal,ONE,ALL,QUORUM,wfr_one_all_11_1790403019097129100_1424,1,True,2,1,FRESH_READ,True,3,2,3,v3_clientB_parent_2,client_B,CAUSAL_LINEAGE_PRESERVED,
12,WRITES_FOLLOW_READS,normal,ONE,ALL,QUORUM,wfr_one_all_12_1790403019222954700_6533,1,True,2,1,FRESH_READ,True,3,2,3,v3_clientB_parent_2,client_B,CAUSAL_LINEAGE_PRESERVED,
13,WRITES_FOLLOW_READS,normal,ONE,ALL,QUORUM,wfr_one_all_13_1790403019345565100_8407,1,True,2,1,FRESH_READ,True,3,2,3,v3_clientB_parent_2,client_B,CAUSAL_LINEAGE_PRESERVED,
14,WRITES_FOLLOW_READS,normal,ONE,ALL,QUORUM,wfr_one_all_14_1790403019469134400_9883,1,True,2,1,FRESH_READ,True,3,2,3,v3_clientB_parent_2,client_B,CAUSAL_LINEAGE_PRESERVED,
15,WRITES_FOLLOW_READS,normal,ONE,ALL,QUORUM,wfr_one_all_15_1790403019594966800_8002,1,True,2,1,FRESH_READ,True,3,2,3,v3_clientB_parent_2,client_B,CAUSAL_LINEAGE_PRESERVED,
16,WRITES_FOLLOW_READS,normal,ONE,ALL,QUORUM,wfr_one_all_16_1790403019714582000_7135,1,True,2,1,FRESH_READ,True,3,2,3,v3_clientB_parent_2,client_B,CAUSAL_LINEAGE_PRESERVED,
17,WRITES_FOLLOW_READS,normal,ONE,ALL,QUORUM,wfr_one_all_17_1790403019838181700_7635,1,True,2,1,FRESH_READ,True,3,2,3,v3_clientB_parent_2,client_B,CAUSAL_LINEAGE_PRESERVED,
18,WRITES_FOLLOW_READS,normal,ONE,ALL,QUORUM,wfr_one_all_18_1790403019963108000_8897,1,True,2,1,FRESH_READ,True,3,2,3,v3_clientB_parent_2,client_B,CAUSAL_LINEAGE_PRESERVED,
19,WRITES_FOLLOW_READS,normal,ONE,ALL,QUORUM,wfr_one_all_19_1790403020082325500_8876,1,True,2,1,FRESH_READ,True,3,2,3,v3_clientB_parent_2,client_B,CAUSAL_LINEAGE_PRESERVED,
20,WRITES_FOLLOW_READS,normal,ONE,ALL,QUORUM,wfr_one_all_20_1790403020205294100_9367,1,True,2,1,FRESH_READ,True,3,2,3,v3_clientB_parent_2,client_B,CAUSAL_LINEAGE_PRESERVED,
21,WRITES_FOLLOW_READS,normal,ONE,ALL,QUORUM,wfr_one_all_21_1790403020329774900_5257,1,True,2,1,FRESH_READ,True,3,2,3,v3_clientB_parent_2,client_B,CAUSAL_LINEAGE_PRESERVED,
22,WRITES_FOLLOW_READS,normal,ONE,ALL,QUORUM,wfr_one_all_22_1790403020483328000_8118,1,True,2,1,FRESH_READ,True,3,2,3,v3_clientB_parent_2,client_B,CAUSAL_LINEAGE_PRESERVED,
23,WRITES_FOLLOW_READS,normal,ONE,ALL,QUORUM,wfr_one_all_23_1790403020606002700_9909,1,True,2,1,FRESH_READ,True,3,2,3,v3_clientB_parent_2,client_B,CAUSAL_LINEAGE_PRESERVED,
24,WRITES_FOLLOW_READS,normal,ONE,ALL,QUORUM,wfr_one_all_24_1790403020729720800_2292,1,True,2,1,FRESH_READ,True,3,2,3,v3_clientB_parent_2,client_B,CAUSAL_LINEAGE_PRESERVED,
25,WRITES_FOLLOW_READS,normal,ONE,ALL,QUORUM,wfr_one_all_25_1790403020853781300_4153,1,True,2,1,FRESH_READ,True,3,2,3,v3_clientB_parent_2,client_B,CAUSAL_LINEAGE_PRESERVED,
26,WRITES_FOLLOW_READS,normal,ONE,ALL,QUORUM,wfr_one_all_26_1790403020976998200_3308,1,True,2,1,FRESH_READ,True,3,2,3,v3_clientB_parent_2,client_B,CAUSAL_LINEAGE_PRESERVED,
27,WRITES_FOLLOW_READS,normal,ONE,ALL,QUORUM,wfr_one_all_27_1790403021114643700_6736,1,True,2,1,FRESH_READ,True,3,2,3,v3_clientB_parent_2,client_B,CAUSAL_LINEAGE_PRESERVED,
28,WRITES_FOLLOW_READS,normal,ONE,ALL,QUORUM,wfr_one_all_28_1790403021275154900_3820,1,True,2,1,FRESH_READ,True,3,2,3,v3_clientB_parent_2,client_B,CAUSAL_LINEAGE_PRESERVED,
29,WRITES_FOLLOW_READS,normal,ONE,ALL,QUORUM,wfr_one_all_29_1790403021422254600_9102,1,True,2,1,FRESH_READ,True,3,2,3,v3_clientB_parent_2,client_B,CAUSAL_LINEAGE_PRESERVED,
30,WRITES_FOLLOW_READS,normal,ONE,ALL,QUORUM,wfr_one_all_30_1790403021544150300_2770,1,True,2,1,FRESH_READ,True,3,2,3,v3_clientB_parent_2,client_B,CAUSAL_LINEAGE_PRESERVED,
31,WRITES_FOLLOW_READS,normal,ONE,ALL,QUORUM,wfr_one_all_31_1790403021665882100_6026,1,True,2,1,FRESH_READ,True,3,2,3,v3_clientB_parent_2,client_B,CAUSAL_LINEAGE_PRESERVED,
32,WRITES_FOLLOW_READS,normal,ONE,ALL,QUORUM,wfr_one_all_32_1790403021789410700_4023,1,True,2,1,FRESH_READ,True,3,2,3,v3_clientB_parent_2,client_B,CAUSAL_LINEAGE_PRESERVED,
33,WRITES_FOLLOW_READS,normal,ONE,ALL,QUORUM,wfr_one_all_33_1790403021910934300_9015,1,True,2,1,FRESH_READ,True,3,2,3,v3_clientB_parent_2,client_B,CAUSAL_LINEAGE_PRESERVED,
34,WRITES_FOLLOW_READS,normal,ONE,ALL,QUORUM,wfr_one_all_34_1790403022036032400_7565,1,True,2,1,FRESH_READ,True,3,2,3,v3_clientB_parent_2,client_B,CAUSAL_LINEAGE_PRESERVED,
35,WRITES_FOLLOW_READS,normal,ONE,ALL,QUORUM,wfr_one_all_35_1790403022157998300_8942,1,True,2,1,FRESH_READ,True,3,2,3,v3_clientB_parent_2,client_B,CAUSAL_LINEAGE_PRESERVED,
36,WRITES_FOLLOW_READS,normal,ONE,ALL,QUORUM,wfr_one_all_36_1790403022297709700_8064,1,True,2,1,FRESH_READ,True,3,2,3,v3_clientB_parent_2,client_B,CAUSAL_LINEAGE_PRESERVED,
37,WRITES_FOLLOW_READS,normal,ONE,ALL,QUORUM,wfr_one_all_37_1790403022420314100_2983,1,True,2,1,FRESH_READ,True,3,2,3,v3_clientB_parent_2,client_B,CAUSAL_LINEAGE_PRESERVED,
38,WRITES_FOLLOW_READS,normal,ONE,ALL,QUORUM,wfr_one_all_38_1790403022541044100_2845,1,True,2,1,FRESH_READ,True,3,2,3,v3_clientB_parent_2,client_B,CAUSAL_LINEAGE_PRESERVED,
39,WRITES_FOLLOW_READS,normal,ONE,ALL,QUORUM,wfr_one_all_39_1790403022757094700_6810,1,True,2,1,FRESH_READ,True,3,2,3,v3_clientB_parent_2,client_B,CAUSAL_LINEAGE_PRESERVED,
40,WRITES_FOLLOW_READS,normal,ONE,ALL,QUORUM,wfr_one_all_40_1790403022878776900_5872,1,True,2,1,FRESH_READ,True,3,2,3,v3_clientB_parent_2,client_B,CAUSAL_LINEAGE_PRESERVED,
41,WRITES_FOLLOW_READS,normal,ONE,ALL,QUORUM,wfr_one_all_41_1790403023002614800_3869,1,True,2,1,FRESH_READ,True,3,2,3,v3_clientB_parent_2,client_B,CAUSAL_LINEAGE_PRESERVED,
42,WRITES_FOLLOW_READS,normal,ONE,ALL,QUORUM,wfr_one_all_42_1790403023126702700_8676,1,True,2,1,FRESH_READ,True,3,2,3,v3_clientB_parent_2,client_B,CAUSAL_LINEAGE_PRESERVED,
43,WRITES_FOLLOW_READS,normal,ONE,ALL,QUORUM,wfr_one_all_43_1790403023248671800_8292,1,True,2,1,FRESH_READ,True,3,2,3,v3_clientB_parent_2,client_B,CAUSAL_LINEAGE_PRESERVED,
44,WRITES_FOLLOW_READS,normal,ONE,ALL,QUORUM,wfr_one_all_44_1790403023372906500_6804,1,True,2,1,FRESH_READ,True,3,2,3,v3_clientB_parent_2,client_B,CAUSAL_LINEAGE_PRESERVED,
45,WRITES_FOLLOW_READS,normal,ONE,ALL,QUORUM,wfr_one_all_45_1790403023558147600_5296,1,True,2,1,FRESH_READ,True,3,2,3,v3_clientB_parent_2,client_B,CAUSAL_LINEAGE_PRESERVED,
46,WRITES_FOLLOW_READS,normal,ONE,ALL,QUORUM,wfr_one_all_46_1790403023679620300_2996,1,True,2,1,FRESH_READ,True,3,2,3,v3_clientB_parent_2,client_B,CAUSAL_LINEAGE_PRESERVED,
47,WRITES_FOLLOW_READS,normal,ONE,ALL,QUORUM,wfr_one_all_47_1790403023803160900_8412,1,True,2,1,FRESH_READ,True,3,2,3,v3_clientB_parent_2,client_B,CAUSAL_LINEAGE_PRESERVED,
48,WRITES_FOLLOW_READS,normal,ONE,ALL,QUORUM,wfr_one_all_48_1790403023927139900_9986,1,True,2,1,FRESH_READ,True,3,2,3,v3_clientB_parent_2,client_B,CAUSAL_LINEAGE_PRESERVED,
49,WRITES_FOLLOW_READS,normal,ONE,ALL,QUORUM,wfr_one_all_49_1790403024052099200_9677,1,True,2,1,FRESH_READ,True,3,2,3,v3_clientB_parent_2,client_B,CAUSAL_LINEAGE_PRESERVED,
50,WRITES_FOLLOW_READS,normal,ONE,ALL,QUORUM,wfr_one_all_50_1790403024173529500_3466,1,True,2,1,FRESH_READ,True,3,2,3,v3_clientB_parent_2,client_B,CAUSAL_LINEAGE_PRESERVED,
51,WRITES_FOLLOW_READS,normal,ONE,ALL,QUORUM,wfr_one_all_51_1790403024294162900_5273,1,True,2,1,FRESH_READ,True,3,2,3,v3_clientB_parent_2,client_B,CAUSAL_LINEAGE_PRESERVED,
52,WRITES_FOLLOW_READS,normal,ONE,ALL,QUORUM,wfr_one_all_52_1790403024417371000_2888,1,True,2,1,FRESH_READ,True,3,2,3,v3_clientB_parent_2,client_B,CAUSAL_LINEAGE_PRESERVED,
53,WRITES_FOLLOW_READS,normal,ONE,ALL,QUORUM,wfr_one_all_53_1790403024540786800_9802,1,True,2,1,FRESH_READ,True,3,2,3,v3_clientB_parent_2,client_B,CAUSAL_LINEAGE_PRESERVED,
54,WRITES_FOLLOW_READS,normal,ONE,ALL,QUORUM,wfr_one_all_54_1790403024663224700_9392,1,True,2,1,FRESH_READ,True,3,2,3,v3_clientB_parent_2,client_B,CAUSAL_LINEAGE_PRESERVED,
55,WRITES_FOLLOW_READS,normal,ONE,ALL,QUORUM,wfr_one_all_55_1790403024786214400_9291,1,True,2,1,FRESH_READ,True,3,2,3,v3_clientB_parent_2,client_B,CAUSAL_LINEAGE_PRESERVED,
56,WRITES_FOLLOW_READS,normal,ONE,ALL,QUORUM,wfr_one_all_56_1790403024910204300_3750,1,True,2,1,FRESH_READ,True,3,2,3,v3_clientB_parent_2,client_B,CAUSAL_LINEAGE_PRESERVED,
57,WRITES_FOLLOW_READS,normal,ONE,ALL,QUORUM,wfr_one_all_57_1790403025034422600_1499,1,True,2,1,FRESH_READ,True,3,2,3,v3_clientB_parent_2,client_B,CAUSAL_LINEAGE_PRESERVED,
58,WRITES_FOLLOW_READS,normal,ONE,ALL,QUORUM,wfr_one_all_58_1790403025153795100_9064,1,True,2,1,FRESH_READ,True,3,2,3,v3_clientB_parent_2,client_B,CAUSAL_LINEAGE_PRESERVED,
59,WRITES_FOLLOW_READS,normal,ONE,ALL,QUORUM,wfr_one_all_59_1790403025276325400_5905,1,True,2,1,FRESH_READ,True,3,2,3,v3_clientB_parent_2,client_B,CAUSAL_LINEAGE_PRESERVED,
60,WRITES_FOLLOW_READS,normal,ONE,ALL,QUORUM,wfr_one_all_60_1790403025401677300_4942,1,True,2,1,FRESH_READ,True,3,2,3,v3_clientB_parent_2,client_B,CAUSAL_LINEAGE_PRESERVED,
61,WRITES_FOLLOW_READS,normal,ONE,ALL,QUORUM,wfr_one_all_61_1790403025550009600_1279,1,True,2,1,FRESH_READ,True,3,2,3,v3_clientB_parent_2,client_B,CAUSAL_LINEAGE_PRESERVED,
62,WRITES_FOLLOW_READS,normal,ONE,ALL,QUORUM,wfr_one_all_62_1790403025693333600_5604,1,True,2,1,FRESH_READ,True,3,2,3,v3_clientB_parent_2,client_B,CAUSAL_LINEAGE_PRESERVED,
63,WRITES_FOLLOW_READS,normal,ONE,ALL,QUORUM,wfr_one_all_63_1790403025815197600_1489,1,True,2,1,FRESH_READ,True,3,2,3,v3_clientB_parent_2,client_B,CAUSAL_LINEAGE_PRESERVED,
64,WRITES_FOLLOW_READS,normal,ONE,ALL,QUORUM,wfr_one_all_64_1790403025940238500_7370,1,True,2,1,FRESH_READ,True,3,2,3,v3_clientB_parent_2,client_B,CAUSAL_LINEAGE_PRESERVED,
65,WRITES_FOLLOW_READS,normal,ONE,ALL,QUORUM,wfr_one_all_65_1790403026061993900_4182,1,True,2,1,FRESH_READ,True,3,2,3,v3_clientB_parent_2,client_B,CAUSAL_LINEAGE_PRESERVED,
66,WRITES_FOLLOW_READS,normal,ONE,ALL,QUORUM,wfr_one_all_66_1790403026184058500_6757,1,True,2,1,FRESH_READ,True,3,2,3,v3_clientB_parent_2,client_B,CAUSAL_LINEAGE_PRESERVED,
67,WRITES_FOLLOW_READS,normal,ONE,ALL,QUORUM,wfr_one_all_67_1790403026308289700_9338,1,True,2,1,FRESH_READ,True,3,2,3,v3_clientB_parent_2,client_B,CAUSAL_LINEAGE_PRESERVED,
68,WRITES_FOLLOW_READS,normal,ONE,ALL,QUORUM,wfr_one_all_68_1790403026430437100_3438,1,True,2,1,FRESH_READ,True,3,2,3,v3_clientB_parent_2,client_B,CAUSAL_LINEAGE_PRESERVED,
69,WRITES_FOLLOW_READS,normal,ONE,ALL,QUORUM,wfr_one_all_69_1790403026552300100_6751,1,True,2,1,FRESH_READ,True,3,2,3,v3_clientB_parent_2,client_B,CAUSAL_LINEAGE_PRESERVED,
70,WRITES_FOLLOW_READS,normal,ONE,ALL,QUORUM,wfr_one_all_70_1790403026676788000_2030,1,True,2,1,FRESH_READ,True,3,2,3,v3_clientB_parent_2,client_B,CAUSAL_LINEAGE_PRESERVED,
71,WRITES_FOLLOW_READS,normal,ONE,ALL,QUORUM,wfr_one_all_71_1790403026803792300_8578,1,True,2,1,FRESH_READ,True,3,2,3,v3_clientB_parent_2,client_B,CAUSAL_LINEAGE_PRESERVED,
72,WRITES_FOLLOW_READS,normal,ONE,ALL,QUORUM,wfr_one_all_72_1790403026923665100_2731,1,True,2,1,FRESH_READ,True,3,2,3,v3_clientB_parent_2,client_B,CAUSAL_LINEAGE_PRESERVED,
73,WRITES_FOLLOW_READS,normal,ONE,ALL,QUORUM,wfr_one_all_73_1790403027045438200_5623,1,True,2,1,FRESH_READ,True,3,2,3,v3_clientB_parent_2,client_B,CAUSAL_LINEAGE_PRESERVED,
74,WRITES_FOLLOW_READS,normal,ONE,ALL,QUORUM,wfr_one_all_74_1790403027170469000_4521,1,True,2,1,FRESH_READ,True,3,2,3,v3_clientB_parent_2,client_B,CAUSAL_LINEAGE_PRESERVED,
75,WRITES_FOLLOW_READS,normal,ONE,ALL,QUORUM,wfr_one_all_75_1790403027291804600_2042,1,True,2,1,FRESH_READ,True,3,2,3,v3_clientB_parent_2,client_B,CAUSAL_LINEAGE_PRESERVED,
76,WRITES_FOLLOW_READS,normal,ONE,ALL,QUORUM,wfr_one_all_76_1790403027415014500_5479,1,True,2,1,FRESH_READ,True,3,2,3,v3_clientB_parent_2,client_B,CAUSAL_LINEAGE_PRESERVED,
77,WRITES_FOLLOW_READS,normal,ONE,ALL,QUORUM,wfr_one_all_77_1790403027538217500_1665,1,True,2,1,FRESH_READ,True,3,2,3,v3_clientB_parent_2,client_B,CAUSAL_LINEAGE_PRESERVED,
78,WRITES_FOLLOW_READS,normal,ONE,ALL,QUORUM,wfr_one_all_78_1790403027660032700_6703,1,True,2,1,FRESH_READ,True,3,2,3,v3_clientB_parent_2,client_B,CAUSAL_LINEAGE_PRESERVED,
79,WRITES_FOLLOW_READS,normal,ONE,ALL,QUORUM,wfr_one_all_79_1790403027784522400_7233,1,True,2,1,FRESH_READ,True,3,2,3,v3_clientB_parent_2,client_B,CAUSAL_LINEAGE_PRESERVED,
80,WRITES_FOLLOW_READS,normal,ONE,ALL,QUORUM,wfr_one_all_80_1790403027910167400_7500,1,True,2,1,FRESH_READ,True,3,2,3,v3_clientB_parent_2,client_B,CAUSAL_LINEAGE_PRESERVED,
81,WRITES_FOLLOW_READS,normal,ONE,ALL,QUORUM,wfr_one_all_81_1790403028033078400_3414,1,True,2,1,FRESH_READ,True,3,2,3,v3_clientB_parent_2,client_B,CAUSAL_LINEAGE_PRESERVED,
82,WRITES_FOLLOW_READS,normal,ONE,ALL,QUORUM,wfr_one_all_82_1790403028159222000_6195,1,True,2,1,FRESH_READ,True,3,2,3,v3_clientB_parent_2,client_B,CAUSAL_LINEAGE_PRESERVED,
83,WRITES_FOLLOW_READS,normal,ONE,ALL,QUORUM,wfr_one_all_83_1790403028289978800_6153,1,True,2,1,FRESH_READ,True,3,2,3,v3_clientB_parent_2,client_B,CAUSAL_LINEAGE_PRESERVED,
84,WRITES_FOLLOW_READS,normal,ONE,ALL,QUORUM,wfr_one_all_84_1790403028462165200_8818,1,True,2,1,FRESH_READ,True,3,2,3,v3_clientB_parent_2,client_B,CAUSAL_LINEAGE_PRESERVED,
85,WRITES_FOLLOW_READS,normal,ONE,ALL,QUORUM,wfr_one_all_85_1790403028581185900_6346,1,True,2,1,FRESH_READ,True,3,2,3,v3_clientB_parent_2,client_B,CAUSAL_LINEAGE_PRESERVED,
86,WRITES_FOLLOW_READS,normal,ONE,ALL,QUORUM,wfr_one_all_86_1790403028781760100_4208,1,True,2,1,FRESH_READ,True,3,2,3,v3_clientB_parent_2,client_B,CAUSAL_LINEAGE_PRESERVED,
87,WRITES_FOLLOW_READS,normal,ONE,ALL,QUORUM,wfr_one_all_87_1790403028909100500_3992,1,True,2,1,FRESH_READ,True,3,2,3,v3_clientB_parent_2,client_B,CAUSAL_LINEAGE_PRESERVED,
88,WRITES_FOLLOW_READS,normal,ONE,ALL,QUORUM,wfr_one_all_88_1790403029030131800_4228,1,True,2,1,FRESH_READ,True,3,2,3,v3_clientB_parent_2,client_B,CAUSAL_LINEAGE_PRESERVED,
89,WRITES_FOLLOW_READS,normal,ONE,ALL,QUORUM,wfr_one_all_89_1790403029153190800_5313,1,True,2,1,FRESH_READ,True,3,2,3,v3_clientB_parent_2,client_B,CAUSAL_LINEAGE_PRESERVED,
90,WRITES_FOLLOW_READS,normal,ONE,ALL,QUORUM,wfr_one_all_90_1790403029273352500_9479,1,True,2,1,FRESH_READ,True,3,2,3,v3_clientB_parent_2,client_B,CAUSAL_LINEAGE_PRESERVED,
91,WRITES_FOLLOW_READS,normal,ONE,ALL,QUORUM,wfr_one_all_91_1790403029397736100_9994,1,True,2,1,FRESH_READ,True,3,2,3,v3_clientB_parent_2,client_B,CAUSAL_LINEAGE_PRESERVED,
92,WRITES_FOLLOW_READS,normal,ONE,ALL,QUORUM,wfr_one_all_92_1790403029523938300_5734,1,True,2,1,FRESH_READ,True,3,2,3,v3_clientB_parent_2,client_B,CAUSAL_LINEAGE_PRESERVED,
93,WRITES_FOLLOW_READS,normal,ONE,ALL,QUORUM,wfr_one_all_93_1790403029642563600_1906,1,True,2,1,FRESH_READ,True,3,2,3,v3_clientB_parent_2,client_B,CAUSAL_LINEAGE_PRESERVED,
94,WRITES_FOLLOW_READS,normal,ONE,ALL,QUORUM,wfr_one_all_94_1790403029766323200_1104,1,True,2,1,FRESH_READ,True,3,2,3,v3_clientB_parent_2,client_B,CAUSAL_LINEAGE_PRESERVED,
95,WRITES_FOLLOW_READS,normal,ONE,ALL,QUORUM,wfr_one_all_95_1790403029888224400_3952,1,True,2,1,FRESH_READ,True,3,2,3,v3_clientB_parent_2,client_B,CAUSAL_LINEAGE_PRESERVED,
96,WRITES_FOLLOW_READS,normal,ONE,ALL,QUORUM,wfr_one_all_96_1790403030011110700_9836,1,True,2,1,FRESH_READ,True,3,2,3,v3_clientB_parent_2,client_B,CAUSAL_LINEAGE_PRESERVED,
97,WRITES_FOLLOW_READS,normal,ONE,ALL,QUORUM,wfr_one_all_97_1790403030179889800_2751,1,True,2,1,FRESH_READ,True,3,2,3,v3_clientB_parent_2,client_B,CAUSAL_LINEAGE_PRESERVED,
98,WRITES_FOLLOW_READS,normal,ONE,ALL,QUORUM,wfr_one_all_98_1790403030302432200_5563,1,True,2,1,FRESH_READ,True,3,2,3,v3_clientB_parent_2,client_B,CAUSAL_LINEAGE_PRESERVED,
99,WRITES_FOLLOW_READS,normal,ONE,ALL,QUORUM,wfr_one_all_99_1790403030425650600_8459,1,True,2,1,FRESH_READ,True,3,2,3,v3_clientB_parent_2,client_B,CAUSAL_LINEAGE_PRESERVED,
100,WRITES_FOLLOW_READS,normal,ONE,ALL,QUORUM,wfr_one_all_100_1790403030561382300_3018,1,True,2,1,FRESH_READ,True,3,2,3,v3_clientB_parent_2,client_B,CAUSAL_LINEAGE_PRESERVED,
1,WRITES_FOLLOW_READS,normal,QUORUM,ONE,QUORUM,wfr_quorum_one_1_1790403030704216300_5757,1,True,2,1,FRESH_READ,True,3,2,3,v3_clientB_parent_2,client_B,CAUSAL_LINEAGE_PRESERVED,
2,WRITES_FOLLOW_READS,normal,QUORUM,ONE,QUORUM,wfr_quorum_one_2_1790403030863868300_4660,1,True,2,1,FRESH_READ,True,3,2,3,v3_clientB_parent_2,client_B,CAUSAL_LINEAGE_PRESERVED,
3,WRITES_FOLLOW_READS,normal,QUORUM,ONE,QUORUM,wfr_quorum_one_3_1790403031011722700_7443,1,True,2,1,FRESH_READ,True,3,2,3,v3_clientB_parent_2,client_B,CAUSAL_LINEAGE_PRESERVED,
4,WRITES_FOLLOW_READS,normal,QUORUM,ONE,QUORUM,wfr_quorum_one_4_1790403031138646500_9430,1,True,2,1,FRESH_READ,True,3,2,3,v3_clientB_parent_2,client_B,CAUSAL_LINEAGE_PRESERVED,
5,WRITES_FOLLOW_READS,normal,QUORUM,ONE,QUORUM,wfr_quorum_one_5_1790403031255836600_6441,1,True,2,1,FRESH_READ,True,3,2,3,v3_clientB_parent_2,client_B,CAUSAL_LINEAGE_PRESERVED,
6,WRITES_FOLLOW_READS,normal,QUORUM,ONE,QUORUM,wfr_quorum_one_6_1790403031378567600_7249,1,True,2,1,FRESH_READ,True,3,2,3,v3_clientB_parent_2,client_B,CAUSAL_LINEAGE_PRESERVED,
7,WRITES_FOLLOW_READS,normal,QUORUM,ONE,QUORUM,wfr_quorum_one_7_1790403031506814000_9203,1,True,2,1,FRESH_READ,True,3,2,3,v3_clientB_parent_2,client_B,CAUSAL_LINEAGE_PRESERVED,
8,WRITES_FOLLOW_READS,normal,QUORUM,ONE,QUORUM,wfr_quorum_one_8_1790403031624637000_4406,1,True,2,1,FRESH_READ,True,3,2,3,v3_clientB_parent_2,client_B,CAUSAL_LINEAGE_PRESERVED,
9,WRITES_FOLLOW_READS,normal,QUORUM,ONE,QUORUM,wfr_quorum_one_9_1790403031748009900_9712,1,True,2,1,FRESH_READ,True,3,2,3,v3_clientB_parent_2,client_B,CAUSAL_LINEAGE_PRESERVED,
10,WRITES_FOLLOW_READS,normal,QUORUM,ONE,QUORUM,wfr_quorum_one_10_1790403031872864000_5267,1,True,2,1,FRESH_READ,True,3,2,3,v3_clientB_parent_2,client_B,CAUSAL_LINEAGE_PRESERVED,
11,WRITES_FOLLOW_READS,normal,QUORUM,ONE,QUORUM,wfr_quorum_one_11_1790403031993443100_8399,1,True,2,1,FRESH_READ,True,3,2,3,v3_clientB_parent_2,client_B,CAUSAL_LINEAGE_PRESERVED,
12,WRITES_FOLLOW_READS,normal,QUORUM,ONE,QUORUM,wfr_quorum_one_12_1790403032116611000_6154,1,True,2,1,FRESH_READ,True,3,2,3,v3_clientB_parent_2,client_B,CAUSAL_LINEAGE_PRESERVED,
13,WRITES_FOLLOW_READS,normal,QUORUM,ONE,QUORUM,wfr_quorum_one_13_1790403032240091500_3255,1,True,2,1,FRESH_READ,True,3,2,3,v3_clientB_parent_2,client_B,CAUSAL_LINEAGE_PRESERVED,
14,WRITES_FOLLOW_READS,normal,QUORUM,ONE,QUORUM,wfr_quorum_one_14_1790403032362826600_2920,1,True,2,1,FRESH_READ,True,3,2,3,v3_clientB_parent_2,client_B,CAUSAL_LINEAGE_PRESERVED,
15,WRITES_FOLLOW_READS,normal,QUORUM,ONE,QUORUM,wfr_quorum_one_15_1790403032485633300_9686,1,True,2,1,FRESH_READ,True,3,2,3,v3_clientB_parent_2,client_B,CAUSAL_LINEAGE_PRESERVED,
16,WRITES_FOLLOW_READS,normal,QUORUM,ONE,QUORUM,wfr_quorum_one_16_1790403032609775300_2722,1,True,2,1,FRESH_READ,True,3,2,3,v3_clientB_parent_2,client_B,CAUSAL_LINEAGE_PRESERVED,
17,WRITES_FOLLOW_READS,normal,QUORUM,ONE,QUORUM,wfr_quorum_one_17_1790403032733707400_4593,1,True,2,1,FRESH_READ,True,3,2,3,v3_clientB_parent_2,client_B,CAUSAL_LINEAGE_PRESERVED,
18,WRITES_FOLLOW_READS,normal,QUORUM,ONE,QUORUM,wfr_quorum_one_18_1790403032856022700_3169,1,True,2,1,FRESH_READ,True,3,2,3,v3_clientB_parent_2,client_B,CAUSAL_LINEAGE_PRESERVED,
19,WRITES_FOLLOW_READS,normal,QUORUM,ONE,QUORUM,wfr_quorum_one_19_1790403032977851500_1189,1,True,2,1,FRESH_READ,True,3,2,3,v3_clientB_parent_2,client_B,CAUSAL_LINEAGE_PRESERVED,
20,WRITES_FOLLOW_READS,normal,QUORUM,ONE,QUORUM,wfr_quorum_one_20_1790403033098744600_2414,1,True,2,1,FRESH_READ,True,3,2,3,v3_clientB_parent_2,client_B,CAUSAL_LINEAGE_PRESERVED,
21,WRITES_FOLLOW_READS,normal,QUORUM,ONE,QUORUM,wfr_quorum_one_21_1790403033223182400_9302,1,True,2,1,FRESH_READ,True,3,2,3,v3_clientB_parent_2,client_B,CAUSAL_LINEAGE_PRESERVED,
22,WRITES_FOLLOW_READS,normal,QUORUM,ONE,QUORUM,wfr_quorum_one_22_1790403033360697600_5284,1,True,2,1,FRESH_READ,True,3,2,3,v3_clientB_parent_2,client_B,CAUSAL_LINEAGE_PRESERVED,
23,WRITES_FOLLOW_READS,normal,QUORUM,ONE,QUORUM,wfr_quorum_one_23_1790403033481676200_4846,1,True,2,1,FRESH_READ,True,3,2,3,v3_clientB_parent_2,client_B,CAUSAL_LINEAGE_PRESERVED,
24,WRITES_FOLLOW_READS,normal,QUORUM,ONE,QUORUM,wfr_quorum_one_24_1790403033608558300_1417,1,True,2,1,FRESH_READ,True,3,2,3,v3_clientB_parent_2,client_B,CAUSAL_LINEAGE_PRESERVED,
25,WRITES_FOLLOW_READS,normal,QUORUM,ONE,QUORUM,wfr_quorum_one_25_1790403033727436000_5333,1,True,2,1,FRESH_READ,True,3,2,3,v3_clientB_parent_2,client_B,CAUSAL_LINEAGE_PRESERVED,
26,WRITES_FOLLOW_READS,normal,QUORUM,ONE,QUORUM,wfr_quorum_one_26_1790403033855560300_3653,1,True,2,1,FRESH_READ,True,3,2,3,v3_clientB_parent_2,client_B,CAUSAL_LINEAGE_PRESERVED,
27,WRITES_FOLLOW_READS,normal,QUORUM,ONE,QUORUM,wfr_quorum_one_27_1790403033977024900_8258,1,True,2,1,FRESH_READ,True,3,2,3,v3_clientB_parent_2,client_B,CAUSAL_LINEAGE_PRESERVED,
28,WRITES_FOLLOW_READS,normal,QUORUM,ONE,QUORUM,wfr_quorum_one_28_1790403034114704000_5241,1,True,2,1,FRESH_READ,True,3,2,3,v3_clientB_parent_2,client_B,CAUSAL_LINEAGE_PRESERVED,
29,WRITES_FOLLOW_READS,normal,QUORUM,ONE,QUORUM,wfr_quorum_one_29_1790403034238602700_2447,1,True,2,1,FRESH_READ,True,3,2,3,v3_clientB_parent_2,client_B,CAUSAL_LINEAGE_PRESERVED,
30,WRITES_FOLLOW_READS,normal,QUORUM,ONE,QUORUM,wfr_quorum_one_30_1790403034360879200_9804,1,True,2,1,FRESH_READ,True,3,2,3,v3_clientB_parent_2,client_B,CAUSAL_LINEAGE_PRESERVED,
31,WRITES_FOLLOW_READS,normal,QUORUM,ONE,QUORUM,wfr_quorum_one_31_1790403034483742000_1138,1,True,2,1,FRESH_READ,True,3,2,3,v3_clientB_parent_2,client_B,CAUSAL_LINEAGE_PRESERVED,
32,WRITES_FOLLOW_READS,normal,QUORUM,ONE,QUORUM,wfr_quorum_one_32_1790403034610316800_3826,1,True,2,1,FRESH_READ,True,3,2,3,v3_clientB_parent_2,client_B,CAUSAL_LINEAGE_PRESERVED,
33,WRITES_FOLLOW_READS,normal,QUORUM,ONE,QUORUM,wfr_quorum_one_33_1790403034728147500_7039,1,True,2,1,FRESH_READ,True,3,2,3,v3_clientB_parent_2,client_B,CAUSAL_LINEAGE_PRESERVED,
34,WRITES_FOLLOW_READS,normal,QUORUM,ONE,QUORUM,wfr_quorum_one_34_1790403034851908800_6951,1,True,2,1,FRESH_READ,True,3,2,3,v3_clientB_parent_2,client_B,CAUSAL_LINEAGE_PRESERVED,
35,WRITES_FOLLOW_READS,normal,QUORUM,ONE,QUORUM,wfr_quorum_one_35_1790403034977476100_4187,1,True,2,1,FRESH_READ,True,3,2,3,v3_clientB_parent_2,client_B,CAUSAL_LINEAGE_PRESERVED,
36,WRITES_FOLLOW_READS,normal,QUORUM,ONE,QUORUM,wfr_quorum_one_36_1790403035097292000_2988,1,True,2,1,FRESH_READ,True,3,2,3,v3_clientB_parent_2,client_B,CAUSAL_LINEAGE_PRESERVED,
37,WRITES_FOLLOW_READS,normal,QUORUM,ONE,QUORUM,wfr_quorum_one_37_1790403035223779600_8346,1,True,2,1,FRESH_READ,True,3,2,3,v3_clientB_parent_2,client_B,CAUSAL_LINEAGE_PRESERVED,
38,WRITES_FOLLOW_READS,normal,QUORUM,ONE,QUORUM,wfr_quorum_one_38_1790403035345706200_3050,1,True,2,1,FRESH_READ,True,3,2,3,v3_clientB_parent_2,client_B,CAUSAL_LINEAGE_PRESERVED,
39,WRITES_FOLLOW_READS,normal,QUORUM,ONE,QUORUM,wfr_quorum_one_39_1790403035464985600_1703,1,True,2,1,FRESH_READ,True,3,2,3,v3_clientB_parent_2,client_B,CAUSAL_LINEAGE_PRESERVED,
40,WRITES_FOLLOW_READS,normal,QUORUM,ONE,QUORUM,wfr_quorum_one_40_1790403035605139300_2970,1,True,2,1,FRESH_READ,True,3,2,3,v3_clientB_parent_2,client_B,CAUSAL_LINEAGE_PRESERVED,
41,WRITES_FOLLOW_READS,normal,QUORUM,ONE,QUORUM,wfr_quorum_one_41_1790403035725564100_6800,1,True,2,1,FRESH_READ,True,3,2,3,v3_clientB_parent_2,client_B,CAUSAL_LINEAGE_PRESERVED,
42,WRITES_FOLLOW_READS,normal,QUORUM,ONE,QUORUM,wfr_quorum_one_42_1790403035879295100_6256,1,True,2,1,FRESH_READ,True,3,2,3,v3_clientB_parent_2,client_B,CAUSAL_LINEAGE_PRESERVED,
43,WRITES_FOLLOW_READS,normal,QUORUM,ONE,QUORUM,wfr_quorum_one_43_1790403036007035200_7877,1,True,2,1,FRESH_READ,True,3,2,3,v3_clientB_parent_2,client_B,CAUSAL_LINEAGE_PRESERVED,
44,WRITES_FOLLOW_READS,normal,QUORUM,ONE,QUORUM,wfr_quorum_one_44_1790403036127643400_8463,1,True,2,1,FRESH_READ,True,3,2,3,v3_clientB_parent_2,client_B,CAUSAL_LINEAGE_PRESERVED,
45,WRITES_FOLLOW_READS,normal,QUORUM,ONE,QUORUM,wfr_quorum_one_45_1790403036251228800_3289,1,True,2,1,FRESH_READ,True,3,2,3,v3_clientB_parent_2,client_B,CAUSAL_LINEAGE_PRESERVED,
46,WRITES_FOLLOW_READS,normal,QUORUM,ONE,QUORUM,wfr_quorum_one_46_1790403036370542400_3239,1,True,2,1,FRESH_READ,True,3,2,3,v3_clientB_parent_2,client_B,CAUSAL_LINEAGE_PRESERVED,
47,WRITES_FOLLOW_READS,normal,QUORUM,ONE,QUORUM,wfr_quorum_one_47_1790403036494786500_5173,1,True,2,1,FRESH_READ,True,3,2,3,v3_clientB_parent_2,client_B,CAUSAL_LINEAGE_PRESERVED,
48,WRITES_FOLLOW_READS,normal,QUORUM,ONE,QUORUM,wfr_quorum_one_48_1790403036634016500_2618,1,True,2,1,FRESH_READ,True,3,2,3,v3_clientB_parent_2,client_B,CAUSAL_LINEAGE_PRESERVED,
49,WRITES_FOLLOW_READS,normal,QUORUM,ONE,QUORUM,wfr_quorum_one_49_1790403036759649700_8807,1,True,2,1,FRESH_READ,True,3,2,3,v3_clientB_parent_2,client_B,CAUSAL_LINEAGE_PRESERVED,
50,WRITES_FOLLOW_READS,normal,QUORUM,ONE,QUORUM,wfr_quorum_one_50_1790403036897359900_2908,1,True,2,1,FRESH_READ,True,3,2,3,v3_clientB_parent_2,client_B,CAUSAL_LINEAGE_PRESERVED,
51,WRITES_FOLLOW_READS,normal,QUORUM,ONE,QUORUM,wfr_quorum_one_51_1790403037018285300_1113,1,True,2,1,FRESH_READ,True,3,2,3,v3_clientB_parent_2,client_B,CAUSAL_LINEAGE_PRESERVED,
52,WRITES_FOLLOW_READS,normal,QUORUM,ONE,QUORUM,wfr_quorum_one_52_1790403037142034100_9623,1,True,2,1,FRESH_READ,True,3,2,3,v3_clientB_parent_2,client_B,CAUSAL_LINEAGE_PRESERVED,
53,WRITES_FOLLOW_READS,normal,QUORUM,ONE,QUORUM,wfr_quorum_one_53_1790403037262301300_2696,1,True,2,1,FRESH_READ,True,3,2,3,v3_clientB_parent_2,client_B,CAUSAL_LINEAGE_PRESERVED,
54,WRITES_FOLLOW_READS,normal,QUORUM,ONE,QUORUM,wfr_quorum_one_54_1790403037387867600_7526,1,True,2,1,FRESH_READ,True,3,2,3,v3_clientB_parent_2,client_B,CAUSAL_LINEAGE_PRESERVED,
55,WRITES_FOLLOW_READS,normal,QUORUM,ONE,QUORUM,wfr_quorum_one_55_1790403037510185900_5637,1,True,2,1,FRESH_READ,True,3,2,3,v3_clientB_parent_2,client_B,CAUSAL_LINEAGE_PRESERVED,
56,WRITES_FOLLOW_READS,normal,QUORUM,ONE,QUORUM,wfr_quorum_one_56_1790403037644869900_7578,1,True,2,1,FRESH_READ,True,3,2,3,v3_clientB_parent_2,client_B,CAUSAL_LINEAGE_PRESERVED,
57,WRITES_FOLLOW_READS,normal,QUORUM,ONE,QUORUM,wfr_quorum_one_57_1790403037774987600_7779,1,True,2,1,FRESH_READ,True,3,2,3,v3_clientB_parent_2,client_B,CAUSAL_LINEAGE_PRESERVED,
58,WRITES_FOLLOW_READS,normal,QUORUM,ONE,QUORUM,wfr_quorum_one_58_1790403037909331700_8024,1,True,2,1,FRESH_READ,True,3,2,3,v3_clientB_parent_2,client_B,CAUSAL_LINEAGE_PRESERVED,
59,WRITES_FOLLOW_READS,normal,QUORUM,ONE,QUORUM,wfr_quorum_one_59_1790403038041992700_7528,1,True,2,1,FRESH_READ,True,3,2,3,v3_clientB_parent_2,client_B,CAUSAL_LINEAGE_PRESERVED,
60,WRITES_FOLLOW_READS,normal,QUORUM,ONE,QUORUM,wfr_quorum_one_60_1790403038173579000_1945,1,True,2,1,FRESH_READ,True,3,2,3,v3_clientB_parent_2,client_B,CAUSAL_LINEAGE_PRESERVED,
61,WRITES_FOLLOW_READS,normal,QUORUM,ONE,QUORUM,wfr_quorum_one_61_1790403038305747800_4441,1,True,2,1,FRESH_READ,True,3,2,3,v3_clientB_parent_2,client_B,CAUSAL_LINEAGE_PRESERVED,
62,WRITES_FOLLOW_READS,normal,QUORUM,ONE,QUORUM,wfr_quorum_one_62_1790403038428798800_5971,1,True,2,1,FRESH_READ,True,3,2,3,v3_clientB_parent_2,client_B,CAUSAL_LINEAGE_PRESERVED,
63,WRITES_FOLLOW_READS,normal,QUORUM,ONE,QUORUM,wfr_quorum_one_63_1790403038550993700_7136,1,True,2,1,FRESH_READ,True,3,2,3,v3_clientB_parent_2,client_B,CAUSAL_LINEAGE_PRESERVED,
64,WRITES_FOLLOW_READS,normal,QUORUM,ONE,QUORUM,wfr_quorum_one_64_1790403038752464700_7427,1,True,2,1,FRESH_READ,True,3,2,3,v3_clientB_parent_2,client_B,CAUSAL_LINEAGE_PRESERVED,
65,WRITES_FOLLOW_READS,normal,QUORUM,ONE,QUORUM,wfr_quorum_one_65_1790403038876401100_1731,1,True,2,1,FRESH_READ,True,3,2,3,v3_clientB_parent_2,client_B,CAUSAL_LINEAGE_PRESERVED,
66,WRITES_FOLLOW_READS,normal,QUORUM,ONE,QUORUM,wfr_quorum_one_66_1790403039002365300_5538,1,True,2,1,FRESH_READ,True,3,2,3,v3_clientB_parent_2,client_B,CAUSAL_LINEAGE_PRESERVED,
67,WRITES_FOLLOW_READS,normal,QUORUM,ONE,QUORUM,wfr_quorum_one_67_1790403039123502500_5358,1,True,2,1,FRESH_READ,True,3,2,3,v3_clientB_parent_2,client_B,CAUSAL_LINEAGE_PRESERVED,
68,WRITES_FOLLOW_READS,normal,QUORUM,ONE,QUORUM,wfr_quorum_one_68_1790403039247509100_5868,1,True,2,1,FRESH_READ,True,3,2,3,v3_clientB_parent_2,client_B,CAUSAL_LINEAGE_PRESERVED,
69,WRITES_FOLLOW_READS,normal,QUORUM,ONE,QUORUM,wfr_quorum_one_69_1790403039373408600_4818,1,True,2,1,FRESH_READ,True,3,2,3,v3_clientB_parent_2,client_B,CAUSAL_LINEAGE_PRESERVED,
70,WRITES_FOLLOW_READS,normal,QUORUM,ONE,QUORUM,wfr_quorum_one_70_1790403039492556100_8832,1,True,2,1,FRESH_READ,True,3,2,3,v3_clientB_parent_2,client_B,CAUSAL_LINEAGE_PRESERVED,
71,WRITES_FOLLOW_READS,normal,QUORUM,ONE,QUORUM,wfr_quorum_one_71_1790403039613019700_9030,1,True,2,1,FRESH_READ,True,3,2,3,v3_clientB_parent_2,client_B,CAUSAL_LINEAGE_PRESERVED,
72,WRITES_FOLLOW_READS,normal,QUORUM,ONE,QUORUM,wfr_quorum_one_72_1790403039738611100_9950,1,True,2,1,FRESH_READ,True,3,2,3,v3_clientB_parent_2,client_B,CAUSAL_LINEAGE_PRESERVED,
73,WRITES_FOLLOW_READS,normal,QUORUM,ONE,QUORUM,wfr_quorum_one_73_1790403039860262600_4622,1,True,2,1,FRESH_READ,True,3,2,3,v3_clientB_parent_2,client_B,CAUSAL_LINEAGE_PRESERVED,
74,WRITES_FOLLOW_READS,normal,QUORUM,ONE,QUORUM,wfr_quorum_one_74_1790403039982993500_1973,1,True,2,1,FRESH_READ,True,3,2,3,v3_clientB_parent_2,client_B,CAUSAL_LINEAGE_PRESERVED,
75,WRITES_FOLLOW_READS,normal,QUORUM,ONE,QUORUM,wfr_quorum_one_75_1790403040106549600_5137,1,True,2,1,FRESH_READ,True,3,2,3,v3_clientB_parent_2,client_B,CAUSAL_LINEAGE_PRESERVED,
76,WRITES_FOLLOW_READS,normal,QUORUM,ONE,QUORUM,wfr_quorum_one_76_1790403040229880200_3816,1,True,2,1,FRESH_READ,True,3,2,3,v3_clientB_parent_2,client_B,CAUSAL_LINEAGE_PRESERVED,
77,WRITES_FOLLOW_READS,normal,QUORUM,ONE,QUORUM,wfr_quorum_one_77_1790403040351063800_8953,1,True,2,1,FRESH_READ,True,3,2,3,v3_clientB_parent_2,client_B,CAUSAL_LINEAGE_PRESERVED,
78,WRITES_FOLLOW_READS,normal,QUORUM,ONE,QUORUM,wfr_quorum_one_78_1790403040474930000_1423,1,True,2,1,FRESH_READ,True,3,2,3,v3_clientB_parent_2,client_B,CAUSAL_LINEAGE_PRESERVED,
79,WRITES_FOLLOW_READS,normal,QUORUM,ONE,QUORUM,wfr_quorum_one_79_1790403040599496800_5096,1,True,2,1,FRESH_READ,True,3,2,3,v3_clientB_parent_2,client_B,CAUSAL_LINEAGE_PRESERVED,
80,WRITES_FOLLOW_READS,normal,QUORUM,ONE,QUORUM,wfr_quorum_one_80_1790403040723015900_1625,1,True,2,1,FRESH_READ,True,3,2,3,v3_clientB_parent_2,client_B,CAUSAL_LINEAGE_PRESERVED,
81,WRITES_FOLLOW_READS,normal,QUORUM,ONE,QUORUM,wfr_quorum_one_81_1790403040844238000_6956,1,True,2,1,FRESH_READ,True,3,2,3,v3_clientB_parent_2,client_B,CAUSAL_LINEAGE_PRESERVED,
82,WRITES_FOLLOW_READS,normal,QUORUM,ONE,QUORUM,wfr_quorum_one_82_1790403040970563500_8127,1,True,2,1,FRESH_READ,True,3,2,3,v3_clientB_parent_2,client_B,CAUSAL_LINEAGE_PRESERVED,
83,WRITES_FOLLOW_READS,normal,QUORUM,ONE,QUORUM,wfr_quorum_one_83_1790403041092109300_6045,1,True,2,1,FRESH_READ,True,3,2,3,v3_clientB_parent_2,client_B,CAUSAL_LINEAGE_PRESERVED,
84,WRITES_FOLLOW_READS,normal,QUORUM,ONE,QUORUM,wfr_quorum_one_84_1790403041210924900_2306,1,True,2,1,FRESH_READ,True,3,2,3,v3_clientB_parent_2,client_B,CAUSAL_LINEAGE_PRESERVED,
85,WRITES_FOLLOW_READS,normal,QUORUM,ONE,QUORUM,wfr_quorum_one_85_1790403041334864500_5645,1,True,2,1,FRESH_READ,True,3,2,3,v3_clientB_parent_2,client_B,CAUSAL_LINEAGE_PRESERVED,
86,WRITES_FOLLOW_READS,normal,QUORUM,ONE,QUORUM,wfr_quorum_one_86_1790403041458635900_6777,1,True,2,1,FRESH_READ,True,3,2,3,v3_clientB_parent_2,client_B,CAUSAL_LINEAGE_PRESERVED,
87,WRITES_FOLLOW_READS,normal,QUORUM,ONE,QUORUM,wfr_quorum_one_87_1790403041580472500_9854,1,True,2,1,FRESH_READ,True,3,2,3,v3_clientB_parent_2,client_B,CAUSAL_LINEAGE_PRESERVED,
88,WRITES_FOLLOW_READS,normal,QUORUM,ONE,QUORUM,wfr_quorum_one_88_1790403041706546000_5957,1,True,2,1,FRESH_READ,True,3,2,3,v3_clientB_parent_2,client_B,CAUSAL_LINEAGE_PRESERVED,
89,WRITES_FOLLOW_READS,normal,QUORUM,ONE,QUORUM,wfr_quorum_one_89_1790403041826533700_2502,1,True,2,1,FRESH_READ,True,3,2,3,v3_clientB_parent_2,client_B,CAUSAL_LINEAGE_PRESERVED,
90,WRITES_FOLLOW_READS,normal,QUORUM,ONE,QUORUM,wfr_quorum_one_90_1790403041950462200_1542,1,True,2,1,FRESH_READ,True,3,2,3,v3_clientB_parent_2,client_B,CAUSAL_LINEAGE_PRESERVED,
91,WRITES_FOLLOW_READS,normal,QUORUM,ONE,QUORUM,wfr_quorum_one_91_1790403042073188100_1909,1,True,2,1,FRESH_READ,True,3,2,3,v3_clientB_parent_2,client_B,CAUSAL_LINEAGE_PRESERVED,
92,WRITES_FOLLOW_READS,normal,QUORUM,ONE,QUORUM,wfr_quorum_one_92_1790403042196116400_6345,1,True,2,1,FRESH_READ,True,3,2,3,v3_clientB_parent_2,client_B,CAUSAL_LINEAGE_PRESERVED,
93,WRITES_FOLLOW_READS,normal,QUORUM,ONE,QUORUM,wfr_quorum_one_93_1790403042320754100_7605,1,True,2,1,FRESH_READ,True,3,2,3,v3_clientB_parent_2,client_B,CAUSAL_LINEAGE_PRESERVED,
94,WRITES_FOLLOW_READS,normal,QUORUM,ONE,QUORUM,wfr_quorum_one_94_1790403042441615500_3112,1,True,2,1,FRESH_READ,True,3,2,3,v3_clientB_parent_2,client_B,CAUSAL_LINEAGE_PRESERVED,
95,WRITES_FOLLOW_READS,normal,QUORUM,ONE,QUORUM,wfr_quorum_one_95_1790403042563392000_3635,1,True,2,1,FRESH_READ,True,3,2,3,v3_clientB_parent_2,client_B,CAUSAL_LINEAGE_PRESERVED,
96,WRITES_FOLLOW_READS,normal,QUORUM,ONE,QUORUM,wfr_quorum_one_96_1790403042688527900_2555,1,True,2,1,FRESH_READ,True,3,2,3,v3_clientB_parent_2,client_B,CAUSAL_LINEAGE_PRESERVED,
97,WRITES_FOLLOW_READS,normal,QUORUM,ONE,QUORUM,wfr_quorum_one_97_1790403042809797900_7913,1,True,2,1,FRESH_READ,True,3,2,3,v3_clientB_parent_2,client_B,CAUSAL_LINEAGE_PRESERVED,
98,WRITES_FOLLOW_READS,normal,QUORUM,ONE,QUORUM,wfr_quorum_one_98_1790403042936485600_2471,1,True,2,1,FRESH_READ,True,3,2,3,v3_clientB_parent_2,client_B,CAUSAL_LINEAGE_PRESERVED,
99,WRITES_FOLLOW_READS,normal,QUORUM,ONE,QUORUM,wfr_quorum_one_99_1790403043060609100_9856,1,True,2,1,FRESH_READ,True,3,2,3,v3_clientB_parent_2,client_B,CAUSAL_LINEAGE_PRESERVED,
100,WRITES_FOLLOW_READS,normal,QUORUM,ONE,QUORUM,wfr_quorum_one_100_1790403043177705300_7573,1,True,2,1,FRESH_READ,True,3,2,3,v3_clientB_parent_2,client_B,CAUSAL_LINEAGE_PRESERVED,
1,WRITES_FOLLOW_READS,normal,QUORUM,QUORUM,QUORUM,wfr_quorum_quorum_1_1790403043301454200_4402,1,True,2,1,FRESH_READ,True,3,2,3,v3_clientB_parent_2,client_B,CAUSAL_LINEAGE_PRESERVED,
2,WRITES_FOLLOW_READS,normal,QUORUM,QUORUM,QUORUM,wfr_quorum_quorum_2_1790403043423255400_3377,1,True,2,1,FRESH_READ,True,3,2,3,v3_clientB_parent_2,client_B,CAUSAL_LINEAGE_PRESERVED,
3,WRITES_FOLLOW_READS,normal,QUORUM,QUORUM,QUORUM,wfr_quorum_quorum_3_1790403043547349100_8016,1,True,2,1,FRESH_READ,True,3,2,3,v3_clientB_parent_2,client_B,CAUSAL_LINEAGE_PRESERVED,
4,WRITES_FOLLOW_READS,normal,QUORUM,QUORUM,QUORUM,wfr_quorum_quorum_4_1790403043671364600_2505,1,True,2,1,FRESH_READ,True,3,2,3,v3_clientB_parent_2,client_B,CAUSAL_LINEAGE_PRESERVED,
5,WRITES_FOLLOW_READS,normal,QUORUM,QUORUM,QUORUM,wfr_quorum_quorum_5_1790403043810025100_7949,1,True,2,1,FRESH_READ,True,3,2,3,v3_clientB_parent_2,client_B,CAUSAL_LINEAGE_PRESERVED,
6,WRITES_FOLLOW_READS,normal,QUORUM,QUORUM,QUORUM,wfr_quorum_quorum_6_1790403043935462600_7888,1,True,2,1,FRESH_READ,True,3,2,3,v3_clientB_parent_2,client_B,CAUSAL_LINEAGE_PRESERVED,
7,WRITES_FOLLOW_READS,normal,QUORUM,QUORUM,QUORUM,wfr_quorum_quorum_7_1790403044058900600_8310,1,True,2,1,FRESH_READ,True,3,2,3,v3_clientB_parent_2,client_B,CAUSAL_LINEAGE_PRESERVED,
8,WRITES_FOLLOW_READS,normal,QUORUM,QUORUM,QUORUM,wfr_quorum_quorum_8_1790403044180855900_3274,1,True,2,1,FRESH_READ,True,3,2,3,v3_clientB_parent_2,client_B,CAUSAL_LINEAGE_PRESERVED,
9,WRITES_FOLLOW_READS,normal,QUORUM,QUORUM,QUORUM,wfr_quorum_quorum_9_1790403044301714800_6196,1,True,2,1,FRESH_READ,True,3,2,3,v3_clientB_parent_2,client_B,CAUSAL_LINEAGE_PRESERVED,
10,WRITES_FOLLOW_READS,normal,QUORUM,QUORUM,QUORUM,wfr_quorum_quorum_10_1790403044425687200_9824,1,True,2,1,FRESH_READ,True,3,2,3,v3_clientB_parent_2,client_B,CAUSAL_LINEAGE_PRESERVED,
11,WRITES_FOLLOW_READS,normal,QUORUM,QUORUM,QUORUM,wfr_quorum_quorum_11_1790403044544516900_7338,1,True,2,1,FRESH_READ,True,3,2,3,v3_clientB_parent_2,client_B,CAUSAL_LINEAGE_PRESERVED,
12,WRITES_FOLLOW_READS,normal,QUORUM,QUORUM,QUORUM,wfr_quorum_quorum_12_1790403044686206700_3919,1,True,2,1,FRESH_READ,True,3,2,3,v3_clientB_parent_2,client_B,CAUSAL_LINEAGE_PRESERVED,
13,WRITES_FOLLOW_READS,normal,QUORUM,QUORUM,QUORUM,wfr_quorum_quorum_13_1790403044808720300_4870,1,True,2,1,FRESH_READ,True,3,2,3,v3_clientB_parent_2,client_B,CAUSAL_LINEAGE_PRESERVED,
14,WRITES_FOLLOW_READS,normal,QUORUM,QUORUM,QUORUM,wfr_quorum_quorum_14_1790403044927985200_5400,1,True,2,1,FRESH_READ,True,3,2,3,v3_clientB_parent_2,client_B,CAUSAL_LINEAGE_PRESERVED,
15,WRITES_FOLLOW_READS,normal,QUORUM,QUORUM,QUORUM,wfr_quorum_quorum_15_1790403045053388700_5306,1,True,2,1,FRESH_READ,True,3,2,3,v3_clientB_parent_2,client_B,CAUSAL_LINEAGE_PRESERVED,
16,WRITES_FOLLOW_READS,normal,QUORUM,QUORUM,QUORUM,wfr_quorum_quorum_16_1790403045176148200_8805,1,True,2,1,FRESH_READ,True,3,2,3,v3_clientB_parent_2,client_B,CAUSAL_LINEAGE_PRESERVED,
17,WRITES_FOLLOW_READS,normal,QUORUM,QUORUM,QUORUM,wfr_quorum_quorum_17_1790403045300650300_3902,1,True,2,1,FRESH_READ,True,3,2,3,v3_clientB_parent_2,client_B,CAUSAL_LINEAGE_PRESERVED,
18,WRITES_FOLLOW_READS,normal,QUORUM,QUORUM,QUORUM,wfr_quorum_quorum_18_1790403045424879300_7738,1,True,2,1,FRESH_READ,True,3,2,3,v3_clientB_parent_2,client_B,CAUSAL_LINEAGE_PRESERVED,
19,WRITES_FOLLOW_READS,normal,QUORUM,QUORUM,QUORUM,wfr_quorum_quorum_19_1790403045552444400_6091,1,True,2,1,FRESH_READ,True,3,2,3,v3_clientB_parent_2,client_B,CAUSAL_LINEAGE_PRESERVED,
20,WRITES_FOLLOW_READS,normal,QUORUM,QUORUM,QUORUM,wfr_quorum_quorum_20_1790403045684759500_9542,1,True,2,1,FRESH_READ,True,3,2,3,v3_clientB_parent_2,client_B,CAUSAL_LINEAGE_PRESERVED,
21,WRITES_FOLLOW_READS,normal,QUORUM,QUORUM,QUORUM,wfr_quorum_quorum_21_1790403045806496700_6892,1,True,2,1,FRESH_READ,True,3,2,3,v3_clientB_parent_2,client_B,CAUSAL_LINEAGE_PRESERVED,
22,WRITES_FOLLOW_READS,normal,QUORUM,QUORUM,QUORUM,wfr_quorum_quorum_22_1790403045934301100_6098,1,True,2,1,FRESH_READ,True,3,2,3,v3_clientB_parent_2,client_B,CAUSAL_LINEAGE_PRESERVED,
23,WRITES_FOLLOW_READS,normal,QUORUM,QUORUM,QUORUM,wfr_quorum_quorum_23_1790403046057406900_4063,1,True,2,1,FRESH_READ,True,3,2,3,v3_clientB_parent_2,client_B,CAUSAL_LINEAGE_PRESERVED,
24,WRITES_FOLLOW_READS,normal,QUORUM,QUORUM,QUORUM,wfr_quorum_quorum_24_1790403046177627100_1693,1,True,2,1,FRESH_READ,True,3,2,3,v3_clientB_parent_2,client_B,CAUSAL_LINEAGE_PRESERVED,
25,WRITES_FOLLOW_READS,normal,QUORUM,QUORUM,QUORUM,wfr_quorum_quorum_25_1790403046301703100_8819,1,True,2,1,FRESH_READ,True,3,2,3,v3_clientB_parent_2,client_B,CAUSAL_LINEAGE_PRESERVED,
26,WRITES_FOLLOW_READS,normal,QUORUM,QUORUM,QUORUM,wfr_quorum_quorum_26_1790403046424637700_2357,1,True,2,1,FRESH_READ,True,3,2,3,v3_clientB_parent_2,client_B,CAUSAL_LINEAGE_PRESERVED,
27,WRITES_FOLLOW_READS,normal,QUORUM,QUORUM,QUORUM,wfr_quorum_quorum_27_1790403046545859000_8374,1,True,2,1,FRESH_READ,True,3,2,3,v3_clientB_parent_2,client_B,CAUSAL_LINEAGE_PRESERVED,
28,WRITES_FOLLOW_READS,normal,QUORUM,QUORUM,QUORUM,wfr_quorum_quorum_28_1790403046667762700_5046,1,True,2,1,FRESH_READ,True,3,2,3,v3_clientB_parent_2,client_B,CAUSAL_LINEAGE_PRESERVED,
29,WRITES_FOLLOW_READS,normal,QUORUM,QUORUM,QUORUM,wfr_quorum_quorum_29_1790403046789920600_6155,1,True,2,1,FRESH_READ,True,3,2,3,v3_clientB_parent_2,client_B,CAUSAL_LINEAGE_PRESERVED,
30,WRITES_FOLLOW_READS,normal,QUORUM,QUORUM,QUORUM,wfr_quorum_quorum_30_1790403046912896400_5978,1,True,2,1,FRESH_READ,True,3,2,3,v3_clientB_parent_2,client_B,CAUSAL_LINEAGE_PRESERVED,
31,WRITES_FOLLOW_READS,normal,QUORUM,QUORUM,QUORUM,wfr_quorum_quorum_31_1790403047037799400_9160,1,True,2,1,FRESH_READ,True,3,2,3,v3_clientB_parent_2,client_B,CAUSAL_LINEAGE_PRESERVED,
32,WRITES_FOLLOW_READS,normal,QUORUM,QUORUM,QUORUM,wfr_quorum_quorum_32_1790403047159447400_7196,1,True,2,1,FRESH_READ,True,3,2,3,v3_clientB_parent_2,client_B,CAUSAL_LINEAGE_PRESERVED,
33,WRITES_FOLLOW_READS,normal,QUORUM,QUORUM,QUORUM,wfr_quorum_quorum_33_1790403047280696800_3173,1,True,2,1,FRESH_READ,True,3,2,3,v3_clientB_parent_2,client_B,CAUSAL_LINEAGE_PRESERVED,
34,WRITES_FOLLOW_READS,normal,QUORUM,QUORUM,QUORUM,wfr_quorum_quorum_34_1790403047409159600_4559,1,True,2,1,FRESH_READ,True,3,2,3,v3_clientB_parent_2,client_B,CAUSAL_LINEAGE_PRESERVED,
35,WRITES_FOLLOW_READS,normal,QUORUM,QUORUM,QUORUM,wfr_quorum_quorum_35_1790403047526655600_6557,1,True,2,1,FRESH_READ,True,3,2,3,v3_clientB_parent_2,client_B,CAUSAL_LINEAGE_PRESERVED,
36,WRITES_FOLLOW_READS,normal,QUORUM,QUORUM,QUORUM,wfr_quorum_quorum_36_1790403047655764900_2590,1,True,2,1,FRESH_READ,True,3,2,3,v3_clientB_parent_2,client_B,CAUSAL_LINEAGE_PRESERVED,
37,WRITES_FOLLOW_READS,normal,QUORUM,QUORUM,QUORUM,wfr_quorum_quorum_37_1790403047789103200_2186,1,True,2,1,FRESH_READ,True,3,2,3,v3_clientB_parent_2,client_B,CAUSAL_LINEAGE_PRESERVED,
38,WRITES_FOLLOW_READS,normal,QUORUM,QUORUM,QUORUM,wfr_quorum_quorum_38_1790403047911373400_7116,1,True,2,1,FRESH_READ,True,3,2,3,v3_clientB_parent_2,client_B,CAUSAL_LINEAGE_PRESERVED,
39,WRITES_FOLLOW_READS,normal,QUORUM,QUORUM,QUORUM,wfr_quorum_quorum_39_1790403048038777600_2685,1,True,2,1,FRESH_READ,True,3,2,3,v3_clientB_parent_2,client_B,CAUSAL_LINEAGE_PRESERVED,
40,WRITES_FOLLOW_READS,normal,QUORUM,QUORUM,QUORUM,wfr_quorum_quorum_40_1790403048157322700_5735,1,True,2,1,FRESH_READ,True,3,2,3,v3_clientB_parent_2,client_B,CAUSAL_LINEAGE_PRESERVED,
41,WRITES_FOLLOW_READS,normal,QUORUM,QUORUM,QUORUM,wfr_quorum_quorum_41_1790403048293853400_7768,1,True,2,1,FRESH_READ,True,3,2,3,v3_clientB_parent_2,client_B,CAUSAL_LINEAGE_PRESERVED,
42,WRITES_FOLLOW_READS,normal,QUORUM,QUORUM,QUORUM,wfr_quorum_quorum_42_1790403048421530700_7248,1,True,2,1,FRESH_READ,True,3,2,3,v3_clientB_parent_2,client_B,CAUSAL_LINEAGE_PRESERVED,
43,WRITES_FOLLOW_READS,normal,QUORUM,QUORUM,QUORUM,wfr_quorum_quorum_43_1790403048542807900_9807,1,True,2,1,FRESH_READ,True,3,2,3,v3_clientB_parent_2,client_B,CAUSAL_LINEAGE_PRESERVED,
44,WRITES_FOLLOW_READS,normal,QUORUM,QUORUM,QUORUM,wfr_quorum_quorum_44_1790403048670188400_3129,1,True,2,1,FRESH_READ,True,3,2,3,v3_clientB_parent_2,client_B,CAUSAL_LINEAGE_PRESERVED,
45,WRITES_FOLLOW_READS,normal,QUORUM,QUORUM,QUORUM,wfr_quorum_quorum_45_1790403048788502700_6677,1,True,2,1,FRESH_READ,True,3,2,3,v3_clientB_parent_2,client_B,CAUSAL_LINEAGE_PRESERVED,
46,WRITES_FOLLOW_READS,normal,QUORUM,QUORUM,QUORUM,wfr_quorum_quorum_46_1790403048910609400_4673,1,True,2,1,FRESH_READ,True,3,2,3,v3_clientB_parent_2,client_B,CAUSAL_LINEAGE_PRESERVED,
47,WRITES_FOLLOW_READS,normal,QUORUM,QUORUM,QUORUM,wfr_quorum_quorum_47_1790403049036533200_1710,1,True,2,1,FRESH_READ,True,3,2,3,v3_clientB_parent_2,client_B,CAUSAL_LINEAGE_PRESERVED,
48,WRITES_FOLLOW_READS,normal,QUORUM,QUORUM,QUORUM,wfr_quorum_quorum_48_1790403049156377900_5810,1,True,2,1,FRESH_READ,True,3,2,3,v3_clientB_parent_2,client_B,CAUSAL_LINEAGE_PRESERVED,
49,WRITES_FOLLOW_READS,normal,QUORUM,QUORUM,QUORUM,wfr_quorum_quorum_49_1790403049279852000_7237,1,True,2,1,FRESH_READ,True,3,2,3,v3_clientB_parent_2,client_B,CAUSAL_LINEAGE_PRESERVED,
50,WRITES_FOLLOW_READS,normal,QUORUM,QUORUM,QUORUM,wfr_quorum_quorum_50_1790403049402167800_2286,1,True,2,1,FRESH_READ,True,3,2,3,v3_clientB_parent_2,client_B,CAUSAL_LINEAGE_PRESERVED,
51,WRITES_FOLLOW_READS,normal,QUORUM,QUORUM,QUORUM,wfr_quorum_quorum_51_1790403049526332400_7954,1,True,2,1,FRESH_READ,True,3,2,3,v3_clientB_parent_2,client_B,CAUSAL_LINEAGE_PRESERVED,
52,WRITES_FOLLOW_READS,normal,QUORUM,QUORUM,QUORUM,wfr_quorum_quorum_52_1790403049646181300_2302,1,True,2,1,FRESH_READ,True,3,2,3,v3_clientB_parent_2,client_B,CAUSAL_LINEAGE_PRESERVED,
53,WRITES_FOLLOW_READS,normal,QUORUM,QUORUM,QUORUM,wfr_quorum_quorum_53_1790403049772828700_6153,1,True,2,1,FRESH_READ,True,3,2,3,v3_clientB_parent_2,client_B,CAUSAL_LINEAGE_PRESERVED,
54,WRITES_FOLLOW_READS,normal,QUORUM,QUORUM,QUORUM,wfr_quorum_quorum_54_1790403049895107600_3047,1,True,2,1,FRESH_READ,True,3,2,3,v3_clientB_parent_2,client_B,CAUSAL_LINEAGE_PRESERVED,
55,WRITES_FOLLOW_READS,normal,QUORUM,QUORUM,QUORUM,wfr_quorum_quorum_55_1790403050017771100_5926,1,True,2,1,FRESH_READ,True,3,2,3,v3_clientB_parent_2,client_B,CAUSAL_LINEAGE_PRESERVED,
56,WRITES_FOLLOW_READS,normal,QUORUM,QUORUM,QUORUM,wfr_quorum_quorum_56_1790403050143309200_9322,1,True,2,1,FRESH_READ,True,3,2,3,v3_clientB_parent_2,client_B,CAUSAL_LINEAGE_PRESERVED,
57,WRITES_FOLLOW_READS,normal,QUORUM,QUORUM,QUORUM,wfr_quorum_quorum_57_1790403050262318800_6324,1,True,2,1,FRESH_READ,True,3,2,3,v3_clientB_parent_2,client_B,CAUSAL_LINEAGE_PRESERVED,
58,WRITES_FOLLOW_READS,normal,QUORUM,QUORUM,QUORUM,wfr_quorum_quorum_58_1790403050387524900_7574,1,True,2,1,FRESH_READ,True,3,2,3,v3_clientB_parent_2,client_B,CAUSAL_LINEAGE_PRESERVED,
59,WRITES_FOLLOW_READS,normal,QUORUM,QUORUM,QUORUM,wfr_quorum_quorum_59_1790403050510815400_5740,1,True,2,1,FRESH_READ,True,3,2,3,v3_clientB_parent_2,client_B,CAUSAL_LINEAGE_PRESERVED,
60,WRITES_FOLLOW_READS,normal,QUORUM,QUORUM,QUORUM,wfr_quorum_quorum_60_1790403050632965400_3384,1,True,2,1,FRESH_READ,True,3,2,3,v3_clientB_parent_2,client_B,CAUSAL_LINEAGE_PRESERVED,
61,WRITES_FOLLOW_READS,normal,QUORUM,QUORUM,QUORUM,wfr_quorum_quorum_61_1790403050755704000_1797,1,True,2,1,FRESH_READ,True,3,2,3,v3_clientB_parent_2,client_B,CAUSAL_LINEAGE_PRESERVED,
62,WRITES_FOLLOW_READS,normal,QUORUM,QUORUM,QUORUM,wfr_quorum_quorum_62_1790403050878401200_9658,1,True,2,1,FRESH_READ,True,3,2,3,v3_clientB_parent_2,client_B,CAUSAL_LINEAGE_PRESERVED,
63,WRITES_FOLLOW_READS,normal,QUORUM,QUORUM,QUORUM,wfr_quorum_quorum_63_1790403051004324000_5006,1,True,2,1,FRESH_READ,True,3,2,3,v3_clientB_parent_2,client_B,CAUSAL_LINEAGE_PRESERVED,
64,WRITES_FOLLOW_READS,normal,QUORUM,QUORUM,QUORUM,wfr_quorum_quorum_64_1790403051126886000_7880,1,True,2,1,FRESH_READ,True,3,2,3,v3_clientB_parent_2,client_B,CAUSAL_LINEAGE_PRESERVED,
65,WRITES_FOLLOW_READS,normal,QUORUM,QUORUM,QUORUM,wfr_quorum_quorum_65_1790403051246875600_8106,1,True,2,1,FRESH_READ,True,3,2,3,v3_clientB_parent_2,client_B,CAUSAL_LINEAGE_PRESERVED,
66,WRITES_FOLLOW_READS,normal,QUORUM,QUORUM,QUORUM,wfr_quorum_quorum_66_1790403051370724900_5782,1,True,2,1,FRESH_READ,True,3,2,3,v3_clientB_parent_2,client_B,CAUSAL_LINEAGE_PRESERVED,
67,WRITES_FOLLOW_READS,normal,QUORUM,QUORUM,QUORUM,wfr_quorum_quorum_67_1790403051492460400_1703,1,True,2,1,FRESH_READ,True,3,2,3,v3_clientB_parent_2,client_B,CAUSAL_LINEAGE_PRESERVED,
68,WRITES_FOLLOW_READS,normal,QUORUM,QUORUM,QUORUM,wfr_quorum_quorum_68_1790403051662871200_6150,1,True,2,1,FRESH_READ,True,3,2,3,v3_clientB_parent_2,client_B,CAUSAL_LINEAGE_PRESERVED,
69,WRITES_FOLLOW_READS,normal,QUORUM,QUORUM,QUORUM,wfr_quorum_quorum_69_1790403051784803100_8826,1,True,2,1,FRESH_READ,True,3,2,3,v3_clientB_parent_2,client_B,CAUSAL_LINEAGE_PRESERVED,
70,WRITES_FOLLOW_READS,normal,QUORUM,QUORUM,QUORUM,wfr_quorum_quorum_70_1790403051907131300_7703,1,True,2,1,FRESH_READ,True,3,2,3,v3_clientB_parent_2,client_B,CAUSAL_LINEAGE_PRESERVED,
71,WRITES_FOLLOW_READS,normal,QUORUM,QUORUM,QUORUM,wfr_quorum_quorum_71_1790403052032383800_1579,1,True,2,1,FRESH_READ,True,3,2,3,v3_clientB_parent_2,client_B,CAUSAL_LINEAGE_PRESERVED,
72,WRITES_FOLLOW_READS,normal,QUORUM,QUORUM,QUORUM,wfr_quorum_quorum_72_1790403052153845300_5399,1,True,2,1,FRESH_READ,True,3,2,3,v3_clientB_parent_2,client_B,CAUSAL_LINEAGE_PRESERVED,
73,WRITES_FOLLOW_READS,normal,QUORUM,QUORUM,QUORUM,wfr_quorum_quorum_73_1790403052276734000_9051,1,True,2,1,FRESH_READ,True,3,2,3,v3_clientB_parent_2,client_B,CAUSAL_LINEAGE_PRESERVED,
74,WRITES_FOLLOW_READS,normal,QUORUM,QUORUM,QUORUM,wfr_quorum_quorum_74_1790403052431395700_7726,1,True,2,1,FRESH_READ,True,3,2,3,v3_clientB_parent_2,client_B,CAUSAL_LINEAGE_PRESERVED,
75,WRITES_FOLLOW_READS,normal,QUORUM,QUORUM,QUORUM,wfr_quorum_quorum_75_1790403052556399400_4752,1,True,2,1,FRESH_READ,True,3,2,3,v3_clientB_parent_2,client_B,CAUSAL_LINEAGE_PRESERVED,
76,WRITES_FOLLOW_READS,normal,QUORUM,QUORUM,QUORUM,wfr_quorum_quorum_76_1790403052693550100_3916,1,True,2,1,FRESH_READ,True,3,2,3,v3_clientB_parent_2,client_B,CAUSAL_LINEAGE_PRESERVED,
77,WRITES_FOLLOW_READS,normal,QUORUM,QUORUM,QUORUM,wfr_quorum_quorum_77_1790403052819755700_8490,1,True,2,1,FRESH_READ,True,3,2,3,v3_clientB_parent_2,client_B,CAUSAL_LINEAGE_PRESERVED,
78,WRITES_FOLLOW_READS,normal,QUORUM,QUORUM,QUORUM,wfr_quorum_quorum_78_1790403052937453600_3211,1,True,2,1,FRESH_READ,True,3,2,3,v3_clientB_parent_2,client_B,CAUSAL_LINEAGE_PRESERVED,
79,WRITES_FOLLOW_READS,normal,QUORUM,QUORUM,QUORUM,wfr_quorum_quorum_79_1790403053060491500_2022,1,True,2,1,FRESH_READ,True,3,2,3,v3_clientB_parent_2,client_B,CAUSAL_LINEAGE_PRESERVED,
80,WRITES_FOLLOW_READS,normal,QUORUM,QUORUM,QUORUM,wfr_quorum_quorum_80_1790403053183777600_7906,1,True,2,1,FRESH_READ,True,3,2,3,v3_clientB_parent_2,client_B,CAUSAL_LINEAGE_PRESERVED,
81,WRITES_FOLLOW_READS,normal,QUORUM,QUORUM,QUORUM,wfr_quorum_quorum_81_1790403053305749400_3406,1,True,2,1,FRESH_READ,True,3,2,3,v3_clientB_parent_2,client_B,CAUSAL_LINEAGE_PRESERVED,
82,WRITES_FOLLOW_READS,normal,QUORUM,QUORUM,QUORUM,wfr_quorum_quorum_82_1790403053430343700_7259,1,True,2,1,FRESH_READ,True,3,2,3,v3_clientB_parent_2,client_B,CAUSAL_LINEAGE_PRESERVED,
83,WRITES_FOLLOW_READS,normal,QUORUM,QUORUM,QUORUM,wfr_quorum_quorum_83_1790403053555578400_4134,1,True,2,1,FRESH_READ,True,3,2,3,v3_clientB_parent_2,client_B,CAUSAL_LINEAGE_PRESERVED,
84,WRITES_FOLLOW_READS,normal,QUORUM,QUORUM,QUORUM,wfr_quorum_quorum_84_1790403053674024400_3763,1,True,2,1,FRESH_READ,True,3,2,3,v3_clientB_parent_2,client_B,CAUSAL_LINEAGE_PRESERVED,
85,WRITES_FOLLOW_READS,normal,QUORUM,QUORUM,QUORUM,wfr_quorum_quorum_85_1790403053798814600_6223,1,True,2,1,FRESH_READ,True,3,2,3,v3_clientB_parent_2,client_B,CAUSAL_LINEAGE_PRESERVED,
86,WRITES_FOLLOW_READS,normal,QUORUM,QUORUM,QUORUM,wfr_quorum_quorum_86_1790403053924158100_3436,1,True,2,1,FRESH_READ,True,3,2,3,v3_clientB_parent_2,client_B,CAUSAL_LINEAGE_PRESERVED,
87,WRITES_FOLLOW_READS,normal,QUORUM,QUORUM,QUORUM,wfr_quorum_quorum_87_1790403054044284200_8050,1,True,2,1,FRESH_READ,True,3,2,3,v3_clientB_parent_2,client_B,CAUSAL_LINEAGE_PRESERVED,
88,WRITES_FOLLOW_READS,normal,QUORUM,QUORUM,QUORUM,wfr_quorum_quorum_88_1790403054168406100_1350,1,True,2,1,FRESH_READ,True,3,2,3,v3_clientB_parent_2,client_B,CAUSAL_LINEAGE_PRESERVED,
89,WRITES_FOLLOW_READS,normal,QUORUM,QUORUM,QUORUM,wfr_quorum_quorum_89_1790403054290249600_3462,1,True,2,1,FRESH_READ,True,3,2,3,v3_clientB_parent_2,client_B,CAUSAL_LINEAGE_PRESERVED,
90,WRITES_FOLLOW_READS,normal,QUORUM,QUORUM,QUORUM,wfr_quorum_quorum_90_1790403054412735500_8192,1,True,2,1,FRESH_READ,True,3,2,3,v3_clientB_parent_2,client_B,CAUSAL_LINEAGE_PRESERVED,
91,WRITES_FOLLOW_READS,normal,QUORUM,QUORUM,QUORUM,wfr_quorum_quorum_91_1790403054535359600_5102,1,True,2,1,FRESH_READ,True,3,2,3,v3_clientB_parent_2,client_B,CAUSAL_LINEAGE_PRESERVED,
92,WRITES_FOLLOW_READS,normal,QUORUM,QUORUM,QUORUM,wfr_quorum_quorum_92_1790403054658690100_2640,1,True,2,1,FRESH_READ,True,3,2,3,v3_clientB_parent_2,client_B,CAUSAL_LINEAGE_PRESERVED,
93,WRITES_FOLLOW_READS,normal,QUORUM,QUORUM,QUORUM,wfr_quorum_quorum_93_1790403054779842300_2273,1,True,2,1,FRESH_READ,True,3,2,3,v3_clientB_parent_2,client_B,CAUSAL_LINEAGE_PRESERVED,
94,WRITES_FOLLOW_READS,normal,QUORUM,QUORUM,QUORUM,wfr_quorum_quorum_94_1790403054903265900_3953,1,True,2,1,FRESH_READ,True,3,2,3,v3_clientB_parent_2,client_B,CAUSAL_LINEAGE_PRESERVED,
95,WRITES_FOLLOW_READS,normal,QUORUM,QUORUM,QUORUM,wfr_quorum_quorum_95_1790403055026241600_2281,1,True,2,1,FRESH_READ,True,3,2,3,v3_clientB_parent_2,client_B,CAUSAL_LINEAGE_PRESERVED,
96,WRITES_FOLLOW_READS,normal,QUORUM,QUORUM,QUORUM,wfr_quorum_quorum_96_1790403055148287700_1692,1,True,2,1,FRESH_READ,True,3,2,3,v3_clientB_parent_2,client_B,CAUSAL_LINEAGE_PRESERVED,
97,WRITES_FOLLOW_READS,normal,QUORUM,QUORUM,QUORUM,wfr_quorum_quorum_97_1790403055274165600_8644,1,True,2,1,FRESH_READ,True,3,2,3,v3_clientB_parent_2,client_B,CAUSAL_LINEAGE_PRESERVED,
98,WRITES_FOLLOW_READS,normal,QUORUM,QUORUM,QUORUM,wfr_quorum_quorum_98_1790403055440375900_5991,1,True,2,1,FRESH_READ,True,3,2,3,v3_clientB_parent_2,client_B,CAUSAL_LINEAGE_PRESERVED,
99,WRITES_FOLLOW_READS,normal,QUORUM,QUORUM,QUORUM,wfr_quorum_quorum_99_1790403055563632300_2921,1,True,2,1,FRESH_READ,True,3,2,3,v3_clientB_parent_2,client_B,CAUSAL_LINEAGE_PRESERVED,
100,WRITES_FOLLOW_READS,normal,QUORUM,QUORUM,QUORUM,wfr_quorum_quorum_100_1790403055685514700_6946,1,True,2,1,FRESH_READ,True,3,2,3,v3_clientB_parent_2,client_B,CAUSAL_LINEAGE_PRESERVED,
1,WRITES_FOLLOW_READS,normal,QUORUM,ALL,QUORUM,wfr_quorum_all_1_1790403055808204700_5136,1,True,2,1,FRESH_READ,True,3,2,3,v3_clientB_parent_2,client_B,CAUSAL_LINEAGE_PRESERVED,
2,WRITES_FOLLOW_READS,normal,QUORUM,ALL,QUORUM,wfr_quorum_all_2_1790403055930065200_3597,1,True,2,1,FRESH_READ,True,3,2,3,v3_clientB_parent_2,client_B,CAUSAL_LINEAGE_PRESERVED,
3,WRITES_FOLLOW_READS,normal,QUORUM,ALL,QUORUM,wfr_quorum_all_3_1790403056053569100_7145,1,True,2,1,FRESH_READ,True,3,2,3,v3_clientB_parent_2,client_B,CAUSAL_LINEAGE_PRESERVED,
4,WRITES_FOLLOW_READS,normal,QUORUM,ALL,QUORUM,wfr_quorum_all_4_1790403056175036500_7624,1,True,2,1,FRESH_READ,True,3,2,3,v3_clientB_parent_2,client_B,CAUSAL_LINEAGE_PRESERVED,
5,WRITES_FOLLOW_READS,normal,QUORUM,ALL,QUORUM,wfr_quorum_all_5_1790403056303142800_2308,1,True,2,1,FRESH_READ,True,3,2,3,v3_clientB_parent_2,client_B,CAUSAL_LINEAGE_PRESERVED,
6,WRITES_FOLLOW_READS,normal,QUORUM,ALL,QUORUM,wfr_quorum_all_6_1790403056421779900_6089,1,True,2,1,FRESH_READ,True,3,2,3,v3_clientB_parent_2,client_B,CAUSAL_LINEAGE_PRESERVED,
7,WRITES_FOLLOW_READS,normal,QUORUM,ALL,QUORUM,wfr_quorum_all_7_1790403056545029600_6566,1,True,2,1,FRESH_READ,True,3,2,3,v3_clientB_parent_2,client_B,CAUSAL_LINEAGE_PRESERVED,
8,WRITES_FOLLOW_READS,normal,QUORUM,ALL,QUORUM,wfr_quorum_all_8_1790403056671783000_4958,1,True,2,1,FRESH_READ,True,3,2,3,v3_clientB_parent_2,client_B,CAUSAL_LINEAGE_PRESERVED,
9,WRITES_FOLLOW_READS,normal,QUORUM,ALL,QUORUM,wfr_quorum_all_9_1790403056790486100_5239,1,True,2,1,FRESH_READ,True,3,2,3,v3_clientB_parent_2,client_B,CAUSAL_LINEAGE_PRESERVED,
10,WRITES_FOLLOW_READS,normal,QUORUM,ALL,QUORUM,wfr_quorum_all_10_1790403056913890100_2283,1,True,2,1,FRESH_READ,True,3,2,3,v3_clientB_parent_2,client_B,CAUSAL_LINEAGE_PRESERVED,
11,WRITES_FOLLOW_READS,normal,QUORUM,ALL,QUORUM,wfr_quorum_all_11_1790403057037767300_1364,1,True,2,1,FRESH_READ,True,3,2,3,v3_clientB_parent_2,client_B,CAUSAL_LINEAGE_PRESERVED,
12,WRITES_FOLLOW_READS,normal,QUORUM,ALL,QUORUM,wfr_quorum_all_12_1790403057158918100_3128,1,True,2,1,FRESH_READ,True,3,2,3,v3_clientB_parent_2,client_B,CAUSAL_LINEAGE_PRESERVED,
13,WRITES_FOLLOW_READS,normal,QUORUM,ALL,QUORUM,wfr_quorum_all_13_1790403057297386000_8725,1,True,2,1,FRESH_READ,True,3,2,3,v3_clientB_parent_2,client_B,CAUSAL_LINEAGE_PRESERVED,
14,WRITES_FOLLOW_READS,normal,QUORUM,ALL,QUORUM,wfr_quorum_all_14_1790403057424366300_2204,1,True,2,1,FRESH_READ,True,3,2,3,v3_clientB_parent_2,client_B,CAUSAL_LINEAGE_PRESERVED,
15,WRITES_FOLLOW_READS,normal,QUORUM,ALL,QUORUM,wfr_quorum_all_15_1790403057543259800_3436,1,True,2,1,FRESH_READ,True,3,2,3,v3_clientB_parent_2,client_B,CAUSAL_LINEAGE_PRESERVED,
16,WRITES_FOLLOW_READS,normal,QUORUM,ALL,QUORUM,wfr_quorum_all_16_1790403057683240700_1934,1,True,2,1,FRESH_READ,True,3,2,3,v3_clientB_parent_2,client_B,CAUSAL_LINEAGE_PRESERVED,
17,WRITES_FOLLOW_READS,normal,QUORUM,ALL,QUORUM,wfr_quorum_all_17_1790403057825915500_1596,1,True,2,1,FRESH_READ,True,3,2,3,v3_clientB_parent_2,client_B,CAUSAL_LINEAGE_PRESERVED,
18,WRITES_FOLLOW_READS,normal,QUORUM,ALL,QUORUM,wfr_quorum_all_18_1790403057944362700_5001,1,True,2,1,FRESH_READ,True,3,2,3,v3_clientB_parent_2,client_B,CAUSAL_LINEAGE_PRESERVED,
19,WRITES_FOLLOW_READS,normal,QUORUM,ALL,QUORUM,wfr_quorum_all_19_1790403058100339700_4878,1,True,2,1,FRESH_READ,True,3,2,3,v3_clientB_parent_2,client_B,CAUSAL_LINEAGE_PRESERVED,
20,WRITES_FOLLOW_READS,normal,QUORUM,ALL,QUORUM,wfr_quorum_all_20_1790403058223712800_7395,1,True,2,1,FRESH_READ,True,3,2,3,v3_clientB_parent_2,client_B,CAUSAL_LINEAGE_PRESERVED,
21,WRITES_FOLLOW_READS,normal,QUORUM,ALL,QUORUM,wfr_quorum_all_21_1790403058345218600_1110,1,True,2,1,FRESH_READ,True,3,2,3,v3_clientB_parent_2,client_B,CAUSAL_LINEAGE_PRESERVED,
22,WRITES_FOLLOW_READS,normal,QUORUM,ALL,QUORUM,wfr_quorum_all_22_1790403058465674400_6861,1,True,2,1,FRESH_READ,True,3,2,3,v3_clientB_parent_2,client_B,CAUSAL_LINEAGE_PRESERVED,
23,WRITES_FOLLOW_READS,normal,QUORUM,ALL,QUORUM,wfr_quorum_all_23_1790403058587929100_4458,1,True,2,1,FRESH_READ,True,3,2,3,v3_clientB_parent_2,client_B,CAUSAL_LINEAGE_PRESERVED,
24,WRITES_FOLLOW_READS,normal,QUORUM,ALL,QUORUM,wfr_quorum_all_24_1790403058711847900_9005,1,True,2,1,FRESH_READ,True,3,2,3,v3_clientB_parent_2,client_B,CAUSAL_LINEAGE_PRESERVED,
25,WRITES_FOLLOW_READS,normal,QUORUM,ALL,QUORUM,wfr_quorum_all_25_1790403058833518300_2661,1,True,2,1,FRESH_READ,True,3,2,3,v3_clientB_parent_2,client_B,CAUSAL_LINEAGE_PRESERVED,
26,WRITES_FOLLOW_READS,normal,QUORUM,ALL,QUORUM,wfr_quorum_all_26_1790403058959009400_1578,1,True,2,1,FRESH_READ,True,3,2,3,v3_clientB_parent_2,client_B,CAUSAL_LINEAGE_PRESERVED,
27,WRITES_FOLLOW_READS,normal,QUORUM,ALL,QUORUM,wfr_quorum_all_27_1790403059080798600_3623,1,True,2,1,FRESH_READ,True,3,2,3,v3_clientB_parent_2,client_B,CAUSAL_LINEAGE_PRESERVED,
28,WRITES_FOLLOW_READS,normal,QUORUM,ALL,QUORUM,wfr_quorum_all_28_1790403059204393800_7475,1,True,2,1,FRESH_READ,True,3,2,3,v3_clientB_parent_2,client_B,CAUSAL_LINEAGE_PRESERVED,
29,WRITES_FOLLOW_READS,normal,QUORUM,ALL,QUORUM,wfr_quorum_all_29_1790403059344337600_2758,1,True,2,1,FRESH_READ,True,3,2,3,v3_clientB_parent_2,client_B,CAUSAL_LINEAGE_PRESERVED,
30,WRITES_FOLLOW_READS,normal,QUORUM,ALL,QUORUM,wfr_quorum_all_30_1790403059469294800_1165,1,True,2,1,FRESH_READ,True,3,2,3,v3_clientB_parent_2,client_B,CAUSAL_LINEAGE_PRESERVED,
31,WRITES_FOLLOW_READS,normal,QUORUM,ALL,QUORUM,wfr_quorum_all_31_1790403059586334300_1676,1,True,2,1,FRESH_READ,True,3,2,3,v3_clientB_parent_2,client_B,CAUSAL_LINEAGE_PRESERVED,
32,WRITES_FOLLOW_READS,normal,QUORUM,ALL,QUORUM,wfr_quorum_all_32_1790403059711028100_3557,1,True,2,1,FRESH_READ,True,3,2,3,v3_clientB_parent_2,client_B,CAUSAL_LINEAGE_PRESERVED,
33,WRITES_FOLLOW_READS,normal,QUORUM,ALL,QUORUM,wfr_quorum_all_33_1790403059872283900_9636,1,True,2,1,FRESH_READ,True,3,2,3,v3_clientB_parent_2,client_B,CAUSAL_LINEAGE_PRESERVED,
34,WRITES_FOLLOW_READS,normal,QUORUM,ALL,QUORUM,wfr_quorum_all_34_1790403060089984300_3338,1,True,2,1,FRESH_READ,True,3,2,3,v3_clientB_parent_2,client_B,CAUSAL_LINEAGE_PRESERVED,
35,WRITES_FOLLOW_READS,normal,QUORUM,ALL,QUORUM,wfr_quorum_all_35_1790403060253439500_5721,1,True,2,1,FRESH_READ,True,3,2,3,v3_clientB_parent_2,client_B,CAUSAL_LINEAGE_PRESERVED,
36,WRITES_FOLLOW_READS,normal,QUORUM,ALL,QUORUM,wfr_quorum_all_36_1790403060373012200_6295,1,True,2,1,FRESH_READ,True,3,2,3,v3_clientB_parent_2,client_B,CAUSAL_LINEAGE_PRESERVED,
37,WRITES_FOLLOW_READS,normal,QUORUM,ALL,QUORUM,wfr_quorum_all_37_1790403060495592600_3754,1,True,2,1,FRESH_READ,True,3,2,3,v3_clientB_parent_2,client_B,CAUSAL_LINEAGE_PRESERVED,
38,WRITES_FOLLOW_READS,normal,QUORUM,ALL,QUORUM,wfr_quorum_all_38_1790403060616646500_6992,1,True,2,1,FRESH_READ,True,3,2,3,v3_clientB_parent_2,client_B,CAUSAL_LINEAGE_PRESERVED,
39,WRITES_FOLLOW_READS,normal,QUORUM,ALL,QUORUM,wfr_quorum_all_39_1790403060743113600_9343,1,True,2,1,FRESH_READ,True,3,2,3,v3_clientB_parent_2,client_B,CAUSAL_LINEAGE_PRESERVED,
40,WRITES_FOLLOW_READS,normal,QUORUM,ALL,QUORUM,wfr_quorum_all_40_1790403060872862000_8097,1,True,2,1,FRESH_READ,True,3,2,3,v3_clientB_parent_2,client_B,CAUSAL_LINEAGE_PRESERVED,
41,WRITES_FOLLOW_READS,normal,QUORUM,ALL,QUORUM,wfr_quorum_all_41_1790403061020473200_5087,1,True,2,1,FRESH_READ,True,3,2,3,v3_clientB_parent_2,client_B,CAUSAL_LINEAGE_PRESERVED,
42,WRITES_FOLLOW_READS,normal,QUORUM,ALL,QUORUM,wfr_quorum_all_42_1790403061143391100_1570,1,True,2,1,FRESH_READ,True,3,2,3,v3_clientB_parent_2,client_B,CAUSAL_LINEAGE_PRESERVED,
43,WRITES_FOLLOW_READS,normal,QUORUM,ALL,QUORUM,wfr_quorum_all_43_1790403061268450300_1440,1,True,2,1,FRESH_READ,True,3,2,3,v3_clientB_parent_2,client_B,CAUSAL_LINEAGE_PRESERVED,
44,WRITES_FOLLOW_READS,normal,QUORUM,ALL,QUORUM,wfr_quorum_all_44_1790403061390803000_9499,1,True,2,1,FRESH_READ,True,3,2,3,v3_clientB_parent_2,client_B,CAUSAL_LINEAGE_PRESERVED,
45,WRITES_FOLLOW_READS,normal,QUORUM,ALL,QUORUM,wfr_quorum_all_45_1790403061511647500_3380,1,True,2,1,FRESH_READ,True,3,2,3,v3_clientB_parent_2,client_B,CAUSAL_LINEAGE_PRESERVED,
46,WRITES_FOLLOW_READS,normal,QUORUM,ALL,QUORUM,wfr_quorum_all_46_1790403061634117200_1961,1,True,2,1,FRESH_READ,True,3,2,3,v3_clientB_parent_2,client_B,CAUSAL_LINEAGE_PRESERVED,
47,WRITES_FOLLOW_READS,normal,QUORUM,ALL,QUORUM,wfr_quorum_all_47_1790403061756895600_2262,1,True,2,1,FRESH_READ,True,3,2,3,v3_clientB_parent_2,client_B,CAUSAL_LINEAGE_PRESERVED,
48,WRITES_FOLLOW_READS,normal,QUORUM,ALL,QUORUM,wfr_quorum_all_48_1790403061878393400_2488,1,True,2,1,FRESH_READ,True,3,2,3,v3_clientB_parent_2,client_B,CAUSAL_LINEAGE_PRESERVED,
49,WRITES_FOLLOW_READS,normal,QUORUM,ALL,QUORUM,wfr_quorum_all_49_1790403062000009800_7263,1,True,2,1,FRESH_READ,True,3,2,3,v3_clientB_parent_2,client_B,CAUSAL_LINEAGE_PRESERVED,
50,WRITES_FOLLOW_READS,normal,QUORUM,ALL,QUORUM,wfr_quorum_all_50_1790403062123219600_1278,1,True,2,1,FRESH_READ,True,3,2,3,v3_clientB_parent_2,client_B,CAUSAL_LINEAGE_PRESERVED,
51,WRITES_FOLLOW_READS,normal,QUORUM,ALL,QUORUM,wfr_quorum_all_51_1790403062246434000_5863,1,True,2,1,FRESH_READ,True,3,2,3,v3_clientB_parent_2,client_B,CAUSAL_LINEAGE_PRESERVED,
52,WRITES_FOLLOW_READS,normal,QUORUM,ALL,QUORUM,wfr_quorum_all_52_1790403062367726300_1398,1,True,2,1,FRESH_READ,True,3,2,3,v3_clientB_parent_2,client_B,CAUSAL_LINEAGE_PRESERVED,
53,WRITES_FOLLOW_READS,normal,QUORUM,ALL,QUORUM,wfr_quorum_all_53_1790403062491715500_3997,1,True,2,1,FRESH_READ,True,3,2,3,v3_clientB_parent_2,client_B,CAUSAL_LINEAGE_PRESERVED,
54,WRITES_FOLLOW_READS,normal,QUORUM,ALL,QUORUM,wfr_quorum_all_54_1790403062616090000_9418,1,True,2,1,FRESH_READ,True,3,2,3,v3_clientB_parent_2,client_B,CAUSAL_LINEAGE_PRESERVED,
55,WRITES_FOLLOW_READS,normal,QUORUM,ALL,QUORUM,wfr_quorum_all_55_1790403062737640400_7795,1,True,2,1,FRESH_READ,True,3,2,3,v3_clientB_parent_2,client_B,CAUSAL_LINEAGE_PRESERVED,
56,WRITES_FOLLOW_READS,normal,QUORUM,ALL,QUORUM,wfr_quorum_all_56_1790403062860253800_7004,1,True,2,1,FRESH_READ,True,3,2,3,v3_clientB_parent_2,client_B,CAUSAL_LINEAGE_PRESERVED,
57,WRITES_FOLLOW_READS,normal,QUORUM,ALL,QUORUM,wfr_quorum_all_57_1790403062982621500_8295,1,True,2,1,FRESH_READ,True,3,2,3,v3_clientB_parent_2,client_B,CAUSAL_LINEAGE_PRESERVED,
58,WRITES_FOLLOW_READS,normal,QUORUM,ALL,QUORUM,wfr_quorum_all_58_1790403063105160500_7140,1,True,2,1,FRESH_READ,True,3,2,3,v3_clientB_parent_2,client_B,CAUSAL_LINEAGE_PRESERVED,
59,WRITES_FOLLOW_READS,normal,QUORUM,ALL,QUORUM,wfr_quorum_all_59_1790403063231050600_8851,1,True,2,1,FRESH_READ,True,3,2,3,v3_clientB_parent_2,client_B,CAUSAL_LINEAGE_PRESERVED,
60,WRITES_FOLLOW_READS,normal,QUORUM,ALL,QUORUM,wfr_quorum_all_60_1790403063359753200_5378,1,True,2,1,FRESH_READ,True,3,2,3,v3_clientB_parent_2,client_B,CAUSAL_LINEAGE_PRESERVED,
61,WRITES_FOLLOW_READS,normal,QUORUM,ALL,QUORUM,wfr_quorum_all_61_1790403063496446100_8839,1,True,2,1,FRESH_READ,True,3,2,3,v3_clientB_parent_2,client_B,CAUSAL_LINEAGE_PRESERVED,
62,WRITES_FOLLOW_READS,normal,QUORUM,ALL,QUORUM,wfr_quorum_all_62_1790403063611949200_1115,1,True,2,1,FRESH_READ,True,3,2,3,v3_clientB_parent_2,client_B,CAUSAL_LINEAGE_PRESERVED,
63,WRITES_FOLLOW_READS,normal,QUORUM,ALL,QUORUM,wfr_quorum_all_63_1790403063736419800_6657,1,True,2,1,FRESH_READ,True,3,2,3,v3_clientB_parent_2,client_B,CAUSAL_LINEAGE_PRESERVED,
64,WRITES_FOLLOW_READS,normal,QUORUM,ALL,QUORUM,wfr_quorum_all_64_1790403063859331300_5001,1,True,2,1,FRESH_READ,True,3,2,3,v3_clientB_parent_2,client_B,CAUSAL_LINEAGE_PRESERVED,
65,WRITES_FOLLOW_READS,normal,QUORUM,ALL,QUORUM,wfr_quorum_all_65_1790403063981702200_8235,1,True,2,1,FRESH_READ,True,3,2,3,v3_clientB_parent_2,client_B,CAUSAL_LINEAGE_PRESERVED,
66,WRITES_FOLLOW_READS,normal,QUORUM,ALL,QUORUM,wfr_quorum_all_66_1790403064105365500_8193,1,True,2,1,FRESH_READ,True,3,2,3,v3_clientB_parent_2,client_B,CAUSAL_LINEAGE_PRESERVED,
67,WRITES_FOLLOW_READS,normal,QUORUM,ALL,QUORUM,wfr_quorum_all_67_1790403064226786600_4688,1,True,2,1,FRESH_READ,True,3,2,3,v3_clientB_parent_2,client_B,CAUSAL_LINEAGE_PRESERVED,
68,WRITES_FOLLOW_READS,normal,QUORUM,ALL,QUORUM,wfr_quorum_all_68_1790403064351224100_3042,1,True,2,1,FRESH_READ,True,3,2,3,v3_clientB_parent_2,client_B,CAUSAL_LINEAGE_PRESERVED,
69,WRITES_FOLLOW_READS,normal,QUORUM,ALL,QUORUM,wfr_quorum_all_69_1790403064473351500_5128,1,True,2,1,FRESH_READ,True,3,2,3,v3_clientB_parent_2,client_B,CAUSAL_LINEAGE_PRESERVED,
70,WRITES_FOLLOW_READS,normal,QUORUM,ALL,QUORUM,wfr_quorum_all_70_1790403064594555500_2935,1,True,2,1,FRESH_READ,True,3,2,3,v3_clientB_parent_2,client_B,CAUSAL_LINEAGE_PRESERVED,
71,WRITES_FOLLOW_READS,normal,QUORUM,ALL,QUORUM,wfr_quorum_all_71_1790403064718303300_9142,1,True,2,1,FRESH_READ,True,3,2,3,v3_clientB_parent_2,client_B,CAUSAL_LINEAGE_PRESERVED,
72,WRITES_FOLLOW_READS,normal,QUORUM,ALL,QUORUM,wfr_quorum_all_72_1790403064839917000_8077,1,True,2,1,FRESH_READ,True,3,2,3,v3_clientB_parent_2,client_B,CAUSAL_LINEAGE_PRESERVED,
73,WRITES_FOLLOW_READS,normal,QUORUM,ALL,QUORUM,wfr_quorum_all_73_1790403064968541500_9436,1,True,2,1,FRESH_READ,True,3,2,3,v3_clientB_parent_2,client_B,CAUSAL_LINEAGE_PRESERVED,
74,WRITES_FOLLOW_READS,normal,QUORUM,ALL,QUORUM,wfr_quorum_all_74_1790403065115200700_1205,1,True,2,1,FRESH_READ,True,3,2,3,v3_clientB_parent_2,client_B,CAUSAL_LINEAGE_PRESERVED,
75,WRITES_FOLLOW_READS,normal,QUORUM,ALL,QUORUM,wfr_quorum_all_75_1790403065284795900_3463,1,True,2,1,FRESH_READ,True,3,2,3,v3_clientB_parent_2,client_B,CAUSAL_LINEAGE_PRESERVED,
76,WRITES_FOLLOW_READS,normal,QUORUM,ALL,QUORUM,wfr_quorum_all_76_1790403065407787400_7060,1,True,2,1,FRESH_READ,True,3,2,3,v3_clientB_parent_2,client_B,CAUSAL_LINEAGE_PRESERVED,
77,WRITES_FOLLOW_READS,normal,QUORUM,ALL,QUORUM,wfr_quorum_all_77_1790403065532743400_6357,1,True,2,1,FRESH_READ,True,3,2,3,v3_clientB_parent_2,client_B,CAUSAL_LINEAGE_PRESERVED,
78,WRITES_FOLLOW_READS,normal,QUORUM,ALL,QUORUM,wfr_quorum_all_78_1790403065653149100_6353,1,True,2,1,FRESH_READ,True,3,2,3,v3_clientB_parent_2,client_B,CAUSAL_LINEAGE_PRESERVED,
79,WRITES_FOLLOW_READS,normal,QUORUM,ALL,QUORUM,wfr_quorum_all_79_1790403065777669600_9439,1,True,2,1,FRESH_READ,True,3,2,3,v3_clientB_parent_2,client_B,CAUSAL_LINEAGE_PRESERVED,
80,WRITES_FOLLOW_READS,normal,QUORUM,ALL,QUORUM,wfr_quorum_all_80_1790403065898753500_8731,1,True,2,1,FRESH_READ,True,3,2,3,v3_clientB_parent_2,client_B,CAUSAL_LINEAGE_PRESERVED,
81,WRITES_FOLLOW_READS,normal,QUORUM,ALL,QUORUM,wfr_quorum_all_81_1790403066024108700_2083,1,True,2,1,FRESH_READ,True,3,2,3,v3_clientB_parent_2,client_B,CAUSAL_LINEAGE_PRESERVED,
82,WRITES_FOLLOW_READS,normal,QUORUM,ALL,QUORUM,wfr_quorum_all_82_1790403066144398700_4461,1,True,2,1,FRESH_READ,True,3,2,3,v3_clientB_parent_2,client_B,CAUSAL_LINEAGE_PRESERVED,
83,WRITES_FOLLOW_READS,normal,QUORUM,ALL,QUORUM,wfr_quorum_all_83_1790403066268819300_1623,1,True,2,1,FRESH_READ,True,3,2,3,v3_clientB_parent_2,client_B,CAUSAL_LINEAGE_PRESERVED,
84,WRITES_FOLLOW_READS,normal,QUORUM,ALL,QUORUM,wfr_quorum_all_84_1790403066393230400_2900,1,True,2,1,FRESH_READ,True,3,2,3,v3_clientB_parent_2,client_B,CAUSAL_LINEAGE_PRESERVED,
85,WRITES_FOLLOW_READS,normal,QUORUM,ALL,QUORUM,wfr_quorum_all_85_1790403066517668800_8953,1,True,2,1,FRESH_READ,True,3,2,3,v3_clientB_parent_2,client_B,CAUSAL_LINEAGE_PRESERVED,
86,WRITES_FOLLOW_READS,normal,QUORUM,ALL,QUORUM,wfr_quorum_all_86_1790403066667740600_7036,1,True,2,1,FRESH_READ,True,3,2,3,v3_clientB_parent_2,client_B,CAUSAL_LINEAGE_PRESERVED,
87,WRITES_FOLLOW_READS,normal,QUORUM,ALL,QUORUM,wfr_quorum_all_87_1790403066790080100_1627,1,True,2,1,FRESH_READ,True,3,2,3,v3_clientB_parent_2,client_B,CAUSAL_LINEAGE_PRESERVED,
88,WRITES_FOLLOW_READS,normal,QUORUM,ALL,QUORUM,wfr_quorum_all_88_1790403066913278800_8248,1,True,2,1,FRESH_READ,True,3,2,3,v3_clientB_parent_2,client_B,CAUSAL_LINEAGE_PRESERVED,
89,WRITES_FOLLOW_READS,normal,QUORUM,ALL,QUORUM,wfr_quorum_all_89_1790403067037363900_8131,1,True,2,1,FRESH_READ,True,3,2,3,v3_clientB_parent_2,client_B,CAUSAL_LINEAGE_PRESERVED,
90,WRITES_FOLLOW_READS,normal,QUORUM,ALL,QUORUM,wfr_quorum_all_90_1790403067159836000_8717,1,True,2,1,FRESH_READ,True,3,2,3,v3_clientB_parent_2,client_B,CAUSAL_LINEAGE_PRESERVED,
91,WRITES_FOLLOW_READS,normal,QUORUM,ALL,QUORUM,wfr_quorum_all_91_1790403067282814000_7695,1,True,2,1,FRESH_READ,True,3,2,3,v3_clientB_parent_2,client_B,CAUSAL_LINEAGE_PRESERVED,
92,WRITES_FOLLOW_READS,normal,QUORUM,ALL,QUORUM,wfr_quorum_all_92_1790403067406049200_5719,1,True,2,1,FRESH_READ,True,3,2,3,v3_clientB_parent_2,client_B,CAUSAL_LINEAGE_PRESERVED,
93,WRITES_FOLLOW_READS,normal,QUORUM,ALL,QUORUM,wfr_quorum_all_93_1790403067527148700_2207,1,True,2,1,FRESH_READ,True,3,2,3,v3_clientB_parent_2,client_B,CAUSAL_LINEAGE_PRESERVED,
94,WRITES_FOLLOW_READS,normal,QUORUM,ALL,QUORUM,wfr_quorum_all_94_1790403067651541800_5678,1,True,2,1,FRESH_READ,True,3,2,3,v3_clientB_parent_2,client_B,CAUSAL_LINEAGE_PRESERVED,
95,WRITES_FOLLOW_READS,normal,QUORUM,ALL,QUORUM,wfr_quorum_all_95_1790403067773157100_8004,1,True,2,1,FRESH_READ,True,3,2,3,v3_clientB_parent_2,client_B,CAUSAL_LINEAGE_PRESERVED,
96,WRITES_FOLLOW_READS,normal,QUORUM,ALL,QUORUM,wfr_quorum_all_96_1790403067895900400_2405,1,True,2,1,FRESH_READ,True,3,2,3,v3_clientB_parent_2,client_B,CAUSAL_LINEAGE_PRESERVED,
97,WRITES_FOLLOW_READS,normal,QUORUM,ALL,QUORUM,wfr_quorum_all_97_1790403068018937800_8633,1,True,2,1,FRESH_READ,True,3,2,3,v3_clientB_parent_2,client_B,CAUSAL_LINEAGE_PRESERVED,
98,WRITES_FOLLOW_READS,normal,QUORUM,ALL,QUORUM,wfr_quorum_all_98_1790403068147807400_6682,1,True,2,1,FRESH_READ,True,3,2,3,v3_clientB_parent_2,client_B,CAUSAL_LINEAGE_PRESERVED,
99,WRITES_FOLLOW_READS,normal,QUORUM,ALL,QUORUM,wfr_quorum_all_99_1790403068275885800_5597,1,True,2,1,FRESH_READ,True,3,2,3,v3_clientB_parent_2,client_B,CAUSAL_LINEAGE_PRESERVED,
100,WRITES_FOLLOW_READS,normal,QUORUM,ALL,QUORUM,wfr_quorum_all_100_1790403068404550800_1804,1,True,2,1,FRESH_READ,True,3,2,3,v3_clientB_parent_2,client_B,CAUSAL_LINEAGE_PRESERVED,
1,WRITES_FOLLOW_READS,normal,ALL,ONE,QUORUM,wfr_all_one_1_1790403068526213300_6092,1,True,2,1,FRESH_READ,True,3,2,3,v3_clientB_parent_2,client_B,CAUSAL_LINEAGE_PRESERVED,
2,WRITES_FOLLOW_READS,normal,ALL,ONE,QUORUM,wfr_all_one_2_1790403068650791700_4237,1,True,2,1,FRESH_READ,True,3,2,3,v3_clientB_parent_2,client_B,CAUSAL_LINEAGE_PRESERVED,
3,WRITES_FOLLOW_READS,normal,ALL,ONE,QUORUM,wfr_all_one_3_1790403068773581600_1835,1,True,2,1,FRESH_READ,True,3,2,3,v3_clientB_parent_2,client_B,CAUSAL_LINEAGE_PRESERVED,
4,WRITES_FOLLOW_READS,normal,ALL,ONE,QUORUM,wfr_all_one_4_1790403068894590500_5028,1,True,2,1,FRESH_READ,True,3,2,3,v3_clientB_parent_2,client_B,CAUSAL_LINEAGE_PRESERVED,
5,WRITES_FOLLOW_READS,normal,ALL,ONE,QUORUM,wfr_all_one_5_1790403069019025000_7186,1,True,2,1,FRESH_READ,True,3,2,3,v3_clientB_parent_2,client_B,CAUSAL_LINEAGE_PRESERVED,
6,WRITES_FOLLOW_READS,normal,ALL,ONE,QUORUM,wfr_all_one_6_1790403069140332700_5414,1,True,2,1,FRESH_READ,True,3,2,3,v3_clientB_parent_2,client_B,CAUSAL_LINEAGE_PRESERVED,
7,WRITES_FOLLOW_READS,normal,ALL,ONE,QUORUM,wfr_all_one_7_1790403069265907000_6771,1,True,2,1,FRESH_READ,True,3,2,3,v3_clientB_parent_2,client_B,CAUSAL_LINEAGE_PRESERVED,
8,WRITES_FOLLOW_READS,normal,ALL,ONE,QUORUM,wfr_all_one_8_1790403069389631200_1135,1,True,2,1,FRESH_READ,True,3,2,3,v3_clientB_parent_2,client_B,CAUSAL_LINEAGE_PRESERVED,
9,WRITES_FOLLOW_READS,normal,ALL,ONE,QUORUM,wfr_all_one_9_1790403069547254300_3069,1,True,2,1,FRESH_READ,True,3,2,3,v3_clientB_parent_2,client_B,CAUSAL_LINEAGE_PRESERVED,
10,WRITES_FOLLOW_READS,normal,ALL,ONE,QUORUM,wfr_all_one_10_1790403069670411400_9385,1,True,2,1,FRESH_READ,True,3,2,3,v3_clientB_parent_2,client_B,CAUSAL_LINEAGE_PRESERVED,
11,WRITES_FOLLOW_READS,normal,ALL,ONE,QUORUM,wfr_all_one_11_1790403069834556200_8717,1,True,2,1,FRESH_READ,True,3,2,3,v3_clientB_parent_2,client_B,CAUSAL_LINEAGE_PRESERVED,
12,WRITES_FOLLOW_READS,normal,ALL,ONE,QUORUM,wfr_all_one_12_1790403069958981900_2572,1,True,2,1,FRESH_READ,True,3,2,3,v3_clientB_parent_2,client_B,CAUSAL_LINEAGE_PRESERVED,
13,WRITES_FOLLOW_READS,normal,ALL,ONE,QUORUM,wfr_all_one_13_1790403070080744200_6573,1,True,2,1,FRESH_READ,True,3,2,3,v3_clientB_parent_2,client_B,CAUSAL_LINEAGE_PRESERVED,
14,WRITES_FOLLOW_READS,normal,ALL,ONE,QUORUM,wfr_all_one_14_1790403070203593600_2873,1,True,2,1,FRESH_READ,True,3,2,3,v3_clientB_parent_2,client_B,CAUSAL_LINEAGE_PRESERVED,
15,WRITES_FOLLOW_READS,normal,ALL,ONE,QUORUM,wfr_all_one_15_1790403070325480100_1723,1,True,2,1,FRESH_READ,True,3,2,3,v3_clientB_parent_2,client_B,CAUSAL_LINEAGE_PRESERVED,
16,WRITES_FOLLOW_READS,normal,ALL,ONE,QUORUM,wfr_all_one_16_1790403070447942200_4157,1,True,2,1,FRESH_READ,True,3,2,3,v3_clientB_parent_2,client_B,CAUSAL_LINEAGE_PRESERVED,
17,WRITES_FOLLOW_READS,normal,ALL,ONE,QUORUM,wfr_all_one_17_1790403070570437600_1886,1,True,2,1,FRESH_READ,True,3,2,3,v3_clientB_parent_2,client_B,CAUSAL_LINEAGE_PRESERVED,
18,WRITES_FOLLOW_READS,normal,ALL,ONE,QUORUM,wfr_all_one_18_1790403070694549500_5540,1,True,2,1,FRESH_READ,True,3,2,3,v3_clientB_parent_2,client_B,CAUSAL_LINEAGE_PRESERVED,
19,WRITES_FOLLOW_READS,normal,ALL,ONE,QUORUM,wfr_all_one_19_1790403070831966400_3040,1,True,2,1,FRESH_READ,True,3,2,3,v3_clientB_parent_2,client_B,CAUSAL_LINEAGE_PRESERVED,
20,WRITES_FOLLOW_READS,normal,ALL,ONE,QUORUM,wfr_all_one_20_1790403070971257500_7189,1,True,2,1,FRESH_READ,True,3,2,3,v3_clientB_parent_2,client_B,CAUSAL_LINEAGE_PRESERVED,
21,WRITES_FOLLOW_READS,normal,ALL,ONE,QUORUM,wfr_all_one_21_1790403071092897300_3652,1,True,2,1,FRESH_READ,True,3,2,3,v3_clientB_parent_2,client_B,CAUSAL_LINEAGE_PRESERVED,
22,WRITES_FOLLOW_READS,normal,ALL,ONE,QUORUM,wfr_all_one_22_1790403071218671700_7069,1,True,2,1,FRESH_READ,True,3,2,3,v3_clientB_parent_2,client_B,CAUSAL_LINEAGE_PRESERVED,
23,WRITES_FOLLOW_READS,normal,ALL,ONE,QUORUM,wfr_all_one_23_1790403071340826200_8976,1,True,2,1,FRESH_READ,True,3,2,3,v3_clientB_parent_2,client_B,CAUSAL_LINEAGE_PRESERVED,
24,WRITES_FOLLOW_READS,normal,ALL,ONE,QUORUM,wfr_all_one_24_1790403071463628900_7285,1,True,2,1,FRESH_READ,True,3,2,3,v3_clientB_parent_2,client_B,CAUSAL_LINEAGE_PRESERVED,
25,WRITES_FOLLOW_READS,normal,ALL,ONE,QUORUM,wfr_all_one_25_1790403071603660100_8407,1,True,2,1,FRESH_READ,True,3,2,3,v3_clientB_parent_2,client_B,CAUSAL_LINEAGE_PRESERVED,
26,WRITES_FOLLOW_READS,normal,ALL,ONE,QUORUM,wfr_all_one_26_1790403071724738900_2361,1,True,2,1,FRESH_READ,True,3,2,3,v3_clientB_parent_2,client_B,CAUSAL_LINEAGE_PRESERVED,
27,WRITES_FOLLOW_READS,normal,ALL,ONE,QUORUM,wfr_all_one_27_1790403071846441500_2803,1,True,2,1,FRESH_READ,True,3,2,3,v3_clientB_parent_2,client_B,CAUSAL_LINEAGE_PRESERVED,
28,WRITES_FOLLOW_READS,normal,ALL,ONE,QUORUM,wfr_all_one_28_1790403071976268700_9326,1,True,2,1,FRESH_READ,True,3,2,3,v3_clientB_parent_2,client_B,CAUSAL_LINEAGE_PRESERVED,
29,WRITES_FOLLOW_READS,normal,ALL,ONE,QUORUM,wfr_all_one_29_1790403072091998100_1589,1,True,2,1,FRESH_READ,True,3,2,3,v3_clientB_parent_2,client_B,CAUSAL_LINEAGE_PRESERVED,
30,WRITES_FOLLOW_READS,normal,ALL,ONE,QUORUM,wfr_all_one_30_1790403072216088300_7634,1,True,2,1,FRESH_READ,True,3,2,3,v3_clientB_parent_2,client_B,CAUSAL_LINEAGE_PRESERVED,
31,WRITES_FOLLOW_READS,normal,ALL,ONE,QUORUM,wfr_all_one_31_1790403072339806400_6952,1,True,2,1,FRESH_READ,True,3,2,3,v3_clientB_parent_2,client_B,CAUSAL_LINEAGE_PRESERVED,
32,WRITES_FOLLOW_READS,normal,ALL,ONE,QUORUM,wfr_all_one_32_1790403072461118200_4587,1,True,2,1,FRESH_READ,True,3,2,3,v3_clientB_parent_2,client_B,CAUSAL_LINEAGE_PRESERVED,
33,WRITES_FOLLOW_READS,normal,ALL,ONE,QUORUM,wfr_all_one_33_1790403072583927600_9134,1,True,2,1,FRESH_READ,True,3,2,3,v3_clientB_parent_2,client_B,CAUSAL_LINEAGE_PRESERVED,
34,WRITES_FOLLOW_READS,normal,ALL,ONE,QUORUM,wfr_all_one_34_1790403072707813900_6464,1,True,2,1,FRESH_READ,True,3,2,3,v3_clientB_parent_2,client_B,CAUSAL_LINEAGE_PRESERVED,
35,WRITES_FOLLOW_READS,normal,ALL,ONE,QUORUM,wfr_all_one_35_1790403072827857900_4651,1,True,2,1,FRESH_READ,True,3,2,3,v3_clientB_parent_2,client_B,CAUSAL_LINEAGE_PRESERVED,
36,WRITES_FOLLOW_READS,normal,ALL,ONE,QUORUM,wfr_all_one_36_1790403072950558500_7921,1,True,2,1,FRESH_READ,True,3,2,3,v3_clientB_parent_2,client_B,CAUSAL_LINEAGE_PRESERVED,
37,WRITES_FOLLOW_READS,normal,ALL,ONE,QUORUM,wfr_all_one_37_1790403073072899000_9791,1,True,2,1,FRESH_READ,True,3,2,3,v3_clientB_parent_2,client_B,CAUSAL_LINEAGE_PRESERVED,
38,WRITES_FOLLOW_READS,normal,ALL,ONE,QUORUM,wfr_all_one_38_1790403073197150600_6491,1,True,2,1,FRESH_READ,True,3,2,3,v3_clientB_parent_2,client_B,CAUSAL_LINEAGE_PRESERVED,
39,WRITES_FOLLOW_READS,normal,ALL,ONE,QUORUM,wfr_all_one_39_1790403073320147600_5657,1,True,2,1,FRESH_READ,True,3,2,3,v3_clientB_parent_2,client_B,CAUSAL_LINEAGE_PRESERVED,
40,WRITES_FOLLOW_READS,normal,ALL,ONE,QUORUM,wfr_all_one_40_1790403073444352900_4367,1,True,2,1,FRESH_READ,True,3,2,3,v3_clientB_parent_2,client_B,CAUSAL_LINEAGE_PRESERVED,
41,WRITES_FOLLOW_READS,normal,ALL,ONE,QUORUM,wfr_all_one_41_1790403073569196700_7250,1,True,2,1,FRESH_READ,True,3,2,3,v3_clientB_parent_2,client_B,CAUSAL_LINEAGE_PRESERVED,
42,WRITES_FOLLOW_READS,normal,ALL,ONE,QUORUM,wfr_all_one_42_1790403073690303500_7015,1,True,2,1,FRESH_READ,True,3,2,3,v3_clientB_parent_2,client_B,CAUSAL_LINEAGE_PRESERVED,
43,WRITES_FOLLOW_READS,normal,ALL,ONE,QUORUM,wfr_all_one_43_1790403073812521600_6980,1,True,2,1,FRESH_READ,True,3,2,3,v3_clientB_parent_2,client_B,CAUSAL_LINEAGE_PRESERVED,
44,WRITES_FOLLOW_READS,normal,ALL,ONE,QUORUM,wfr_all_one_44_1790403073934862700_7904,1,True,2,1,FRESH_READ,True,3,2,3,v3_clientB_parent_2,client_B,CAUSAL_LINEAGE_PRESERVED,
45,WRITES_FOLLOW_READS,normal,ALL,ONE,QUORUM,wfr_all_one_45_1790403074059783500_5813,1,True,2,1,FRESH_READ,True,3,2,3,v3_clientB_parent_2,client_B,CAUSAL_LINEAGE_PRESERVED,
46,WRITES_FOLLOW_READS,normal,ALL,ONE,QUORUM,wfr_all_one_46_1790403074184393900_9015,1,True,2,1,FRESH_READ,True,3,2,3,v3_clientB_parent_2,client_B,CAUSAL_LINEAGE_PRESERVED,
47,WRITES_FOLLOW_READS,normal,ALL,ONE,QUORUM,wfr_all_one_47_1790403074302976500_9326,1,True,2,1,FRESH_READ,True,3,2,3,v3_clientB_parent_2,client_B,CAUSAL_LINEAGE_PRESERVED,
48,WRITES_FOLLOW_READS,normal,ALL,ONE,QUORUM,wfr_all_one_48_1790403074426504100_3879,1,True,2,1,FRESH_READ,True,3,2,3,v3_clientB_parent_2,client_B,CAUSAL_LINEAGE_PRESERVED,
49,WRITES_FOLLOW_READS,normal,ALL,ONE,QUORUM,wfr_all_one_49_1790403074551428700_5269,1,True,2,1,FRESH_READ,True,3,2,3,v3_clientB_parent_2,client_B,CAUSAL_LINEAGE_PRESERVED,
50,WRITES_FOLLOW_READS,normal,ALL,ONE,QUORUM,wfr_all_one_50_1790403074673891500_2916,1,True,2,1,FRESH_READ,True,3,2,3,v3_clientB_parent_2,client_B,CAUSAL_LINEAGE_PRESERVED,
51,WRITES_FOLLOW_READS,normal,ALL,ONE,QUORUM,wfr_all_one_51_1790403074811661000_1193,1,True,2,1,FRESH_READ,True,3,2,3,v3_clientB_parent_2,client_B,CAUSAL_LINEAGE_PRESERVED,
52,WRITES_FOLLOW_READS,normal,ALL,ONE,QUORUM,wfr_all_one_52_1790403074934106500_8892,1,True,2,1,FRESH_READ,True,3,2,3,v3_clientB_parent_2,client_B,CAUSAL_LINEAGE_PRESERVED,
53,WRITES_FOLLOW_READS,normal,ALL,ONE,QUORUM,wfr_all_one_53_1790403075057055100_8574,1,True,2,1,FRESH_READ,True,3,2,3,v3_clientB_parent_2,client_B,CAUSAL_LINEAGE_PRESERVED,
54,WRITES_FOLLOW_READS,normal,ALL,ONE,QUORUM,wfr_all_one_54_1790403075176982200_3815,1,True,2,1,FRESH_READ,True,3,2,3,v3_clientB_parent_2,client_B,CAUSAL_LINEAGE_PRESERVED,
55,WRITES_FOLLOW_READS,normal,ALL,ONE,QUORUM,wfr_all_one_55_1790403075299900100_4243,1,True,2,1,FRESH_READ,True,3,2,3,v3_clientB_parent_2,client_B,CAUSAL_LINEAGE_PRESERVED,
56,WRITES_FOLLOW_READS,normal,ALL,ONE,QUORUM,wfr_all_one_56_1790403075427571200_5515,1,True,2,1,FRESH_READ,True,3,2,3,v3_clientB_parent_2,client_B,CAUSAL_LINEAGE_PRESERVED,
57,WRITES_FOLLOW_READS,normal,ALL,ONE,QUORUM,wfr_all_one_57_1790403075561789400_7540,1,True,2,1,FRESH_READ,True,3,2,3,v3_clientB_parent_2,client_B,CAUSAL_LINEAGE_PRESERVED,
58,WRITES_FOLLOW_READS,normal,ALL,ONE,QUORUM,wfr_all_one_58_1790403075688382000_4558,1,True,2,1,FRESH_READ,True,3,2,3,v3_clientB_parent_2,client_B,CAUSAL_LINEAGE_PRESERVED,
59,WRITES_FOLLOW_READS,normal,ALL,ONE,QUORUM,wfr_all_one_59_1790403075810593600_3816,1,True,2,1,FRESH_READ,True,3,2,3,v3_clientB_parent_2,client_B,CAUSAL_LINEAGE_PRESERVED,
60,WRITES_FOLLOW_READS,normal,ALL,ONE,QUORUM,wfr_all_one_60_1790403075927572900_9131,1,True,2,1,FRESH_READ,True,3,2,3,v3_clientB_parent_2,client_B,CAUSAL_LINEAGE_PRESERVED,
61,WRITES_FOLLOW_READS,normal,ALL,ONE,QUORUM,wfr_all_one_61_1790403076051232100_6543,1,True,2,1,FRESH_READ,True,3,2,3,v3_clientB_parent_2,client_B,CAUSAL_LINEAGE_PRESERVED,
62,WRITES_FOLLOW_READS,normal,ALL,ONE,QUORUM,wfr_all_one_62_1790403076172386100_3733,1,True,2,1,FRESH_READ,True,3,2,3,v3_clientB_parent_2,client_B,CAUSAL_LINEAGE_PRESERVED,
63,WRITES_FOLLOW_READS,normal,ALL,ONE,QUORUM,wfr_all_one_63_1790403076295313300_7693,1,True,2,1,FRESH_READ,True,3,2,3,v3_clientB_parent_2,client_B,CAUSAL_LINEAGE_PRESERVED,
64,WRITES_FOLLOW_READS,normal,ALL,ONE,QUORUM,wfr_all_one_64_1790403076419431600_2749,1,True,2,1,FRESH_READ,True,3,2,3,v3_clientB_parent_2,client_B,CAUSAL_LINEAGE_PRESERVED,
65,WRITES_FOLLOW_READS,normal,ALL,ONE,QUORUM,wfr_all_one_65_1790403076541833300_6144,1,True,2,1,FRESH_READ,True,3,2,3,v3_clientB_parent_2,client_B,CAUSAL_LINEAGE_PRESERVED,
66,WRITES_FOLLOW_READS,normal,ALL,ONE,QUORUM,wfr_all_one_66_1790403076666247700_5107,1,True,2,1,FRESH_READ,True,3,2,3,v3_clientB_parent_2,client_B,CAUSAL_LINEAGE_PRESERVED,
67,WRITES_FOLLOW_READS,normal,ALL,ONE,QUORUM,wfr_all_one_67_1790403076789360500_4564,1,True,2,1,FRESH_READ,True,3,2,3,v3_clientB_parent_2,client_B,CAUSAL_LINEAGE_PRESERVED,
68,WRITES_FOLLOW_READS,normal,ALL,ONE,QUORUM,wfr_all_one_68_1790403076910542800_7057,1,True,2,1,FRESH_READ,True,3,2,3,v3_clientB_parent_2,client_B,CAUSAL_LINEAGE_PRESERVED,
69,WRITES_FOLLOW_READS,normal,ALL,ONE,QUORUM,wfr_all_one_69_1790403077034783400_9183,1,True,2,1,FRESH_READ,True,3,2,3,v3_clientB_parent_2,client_B,CAUSAL_LINEAGE_PRESERVED,
70,WRITES_FOLLOW_READS,normal,ALL,ONE,QUORUM,wfr_all_one_70_1790403077155662400_8934,1,True,2,1,FRESH_READ,True,3,2,3,v3_clientB_parent_2,client_B,CAUSAL_LINEAGE_PRESERVED,
71,WRITES_FOLLOW_READS,normal,ALL,ONE,QUORUM,wfr_all_one_71_1790403077278332400_9342,1,True,2,1,FRESH_READ,True,3,2,3,v3_clientB_parent_2,client_B,CAUSAL_LINEAGE_PRESERVED,
72,WRITES_FOLLOW_READS,normal,ALL,ONE,QUORUM,wfr_all_one_72_1790403077403338100_4205,1,True,2,1,FRESH_READ,True,3,2,3,v3_clientB_parent_2,client_B,CAUSAL_LINEAGE_PRESERVED,
73,WRITES_FOLLOW_READS,normal,ALL,ONE,QUORUM,wfr_all_one_73_1790403077525620800_9439,1,True,2,1,FRESH_READ,True,3,2,3,v3_clientB_parent_2,client_B,CAUSAL_LINEAGE_PRESERVED,
74,WRITES_FOLLOW_READS,normal,ALL,ONE,QUORUM,wfr_all_one_74_1790403077647650900_7664,1,True,2,1,FRESH_READ,True,3,2,3,v3_clientB_parent_2,client_B,CAUSAL_LINEAGE_PRESERVED,
75,WRITES_FOLLOW_READS,normal,ALL,ONE,QUORUM,wfr_all_one_75_1790403077770803400_5488,1,True,2,1,FRESH_READ,True,3,2,3,v3_clientB_parent_2,client_B,CAUSAL_LINEAGE_PRESERVED,
76,WRITES_FOLLOW_READS,normal,ALL,ONE,QUORUM,wfr_all_one_76_1790403077895493600_4513,1,True,2,1,FRESH_READ,True,3,2,3,v3_clientB_parent_2,client_B,CAUSAL_LINEAGE_PRESERVED,
77,WRITES_FOLLOW_READS,normal,ALL,ONE,QUORUM,wfr_all_one_77_1790403078017536000_5931,1,True,2,1,FRESH_READ,True,3,2,3,v3_clientB_parent_2,client_B,CAUSAL_LINEAGE_PRESERVED,
78,WRITES_FOLLOW_READS,normal,ALL,ONE,QUORUM,wfr_all_one_78_1790403078140907600_2939,1,True,2,1,FRESH_READ,True,3,2,3,v3_clientB_parent_2,client_B,CAUSAL_LINEAGE_PRESERVED,
79,WRITES_FOLLOW_READS,normal,ALL,ONE,QUORUM,wfr_all_one_79_1790403078262430700_4426,1,True,2,1,FRESH_READ,True,3,2,3,v3_clientB_parent_2,client_B,CAUSAL_LINEAGE_PRESERVED,
80,WRITES_FOLLOW_READS,normal,ALL,ONE,QUORUM,wfr_all_one_80_1790403078386879900_7062,1,True,2,1,FRESH_READ,True,3,2,3,v3_clientB_parent_2,client_B,CAUSAL_LINEAGE_PRESERVED,
81,WRITES_FOLLOW_READS,normal,ALL,ONE,QUORUM,wfr_all_one_81_1790403078507630600_7562,1,True,2,1,FRESH_READ,True,3,2,3,v3_clientB_parent_2,client_B,CAUSAL_LINEAGE_PRESERVED,
82,WRITES_FOLLOW_READS,normal,ALL,ONE,QUORUM,wfr_all_one_82_1790403078633377500_4372,1,True,2,1,FRESH_READ,True,3,2,3,v3_clientB_parent_2,client_B,CAUSAL_LINEAGE_PRESERVED,
83,WRITES_FOLLOW_READS,normal,ALL,ONE,QUORUM,wfr_all_one_83_1790403078755789000_3826,1,True,2,1,FRESH_READ,True,3,2,3,v3_clientB_parent_2,client_B,CAUSAL_LINEAGE_PRESERVED,
84,WRITES_FOLLOW_READS,normal,ALL,ONE,QUORUM,wfr_all_one_84_1790403078878076800_1285,1,True,2,1,FRESH_READ,True,3,2,3,v3_clientB_parent_2,client_B,CAUSAL_LINEAGE_PRESERVED,
85,WRITES_FOLLOW_READS,normal,ALL,ONE,QUORUM,wfr_all_one_85_1790403079001913300_3353,1,True,2,1,FRESH_READ,True,3,2,3,v3_clientB_parent_2,client_B,CAUSAL_LINEAGE_PRESERVED,
86,WRITES_FOLLOW_READS,normal,ALL,ONE,QUORUM,wfr_all_one_86_1790403079124267000_3579,1,True,2,1,FRESH_READ,True,3,2,3,v3_clientB_parent_2,client_B,CAUSAL_LINEAGE_PRESERVED,
87,WRITES_FOLLOW_READS,normal,ALL,ONE,QUORUM,wfr_all_one_87_1790403079247525200_3717,1,True,2,1,FRESH_READ,True,3,2,3,v3_clientB_parent_2,client_B,CAUSAL_LINEAGE_PRESERVED,
88,WRITES_FOLLOW_READS,normal,ALL,ONE,QUORUM,wfr_all_one_88_1790403079370169900_7414,1,True,2,1,FRESH_READ,True,3,2,3,v3_clientB_parent_2,client_B,CAUSAL_LINEAGE_PRESERVED,
89,WRITES_FOLLOW_READS,normal,ALL,ONE,QUORUM,wfr_all_one_89_1790403079508499600_3766,1,True,2,1,FRESH_READ,True,3,2,3,v3_clientB_parent_2,client_B,CAUSAL_LINEAGE_PRESERVED,
90,WRITES_FOLLOW_READS,normal,ALL,ONE,QUORUM,wfr_all_one_90_1790403079647724800_6644,1,True,2,1,FRESH_READ,True,3,2,3,v3_clientB_parent_2,client_B,CAUSAL_LINEAGE_PRESERVED,
91,WRITES_FOLLOW_READS,normal,ALL,ONE,QUORUM,wfr_all_one_91_1790403079783559900_9877,1,True,2,1,FRESH_READ,True,3,2,3,v3_clientB_parent_2,client_B,CAUSAL_LINEAGE_PRESERVED,
92,WRITES_FOLLOW_READS,normal,ALL,ONE,QUORUM,wfr_all_one_92_1790403079906162900_4957,1,True,2,1,FRESH_READ,True,3,2,3,v3_clientB_parent_2,client_B,CAUSAL_LINEAGE_PRESERVED,
93,WRITES_FOLLOW_READS,normal,ALL,ONE,QUORUM,wfr_all_one_93_1790403080032947300_4723,1,True,2,1,FRESH_READ,True,3,2,3,v3_clientB_parent_2,client_B,CAUSAL_LINEAGE_PRESERVED,
94,WRITES_FOLLOW_READS,normal,ALL,ONE,QUORUM,wfr_all_one_94_1790403080153497300_9113,1,True,2,1,FRESH_READ,True,3,2,3,v3_clientB_parent_2,client_B,CAUSAL_LINEAGE_PRESERVED,
95,WRITES_FOLLOW_READS,normal,ALL,ONE,QUORUM,wfr_all_one_95_1790403080276222300_8365,1,True,2,1,FRESH_READ,True,3,2,3,v3_clientB_parent_2,client_B,CAUSAL_LINEAGE_PRESERVED,
96,WRITES_FOLLOW_READS,normal,ALL,ONE,QUORUM,wfr_all_one_96_1790403080401414400_2825,1,True,2,1,FRESH_READ,True,3,2,3,v3_clientB_parent_2,client_B,CAUSAL_LINEAGE_PRESERVED,
97,WRITES_FOLLOW_READS,normal,ALL,ONE,QUORUM,wfr_all_one_97_1790403080522253900_5473,1,True,2,1,FRESH_READ,True,3,2,3,v3_clientB_parent_2,client_B,CAUSAL_LINEAGE_PRESERVED,
98,WRITES_FOLLOW_READS,normal,ALL,ONE,QUORUM,wfr_all_one_98_1790403080644974200_4491,1,True,2,1,FRESH_READ,True,3,2,3,v3_clientB_parent_2,client_B,CAUSAL_LINEAGE_PRESERVED,
99,WRITES_FOLLOW_READS,normal,ALL,ONE,QUORUM,wfr_all_one_99_1790403080769821300_4909,1,True,2,1,FRESH_READ,True,3,2,3,v3_clientB_parent_2,client_B,CAUSAL_LINEAGE_PRESERVED,
100,WRITES_FOLLOW_READS,normal,ALL,ONE,QUORUM,wfr_all_one_100_1790403080907416400_5667,1,True,2,1,FRESH_READ,True,3,2,3,v3_clientB_parent_2,client_B,CAUSAL_LINEAGE_PRESERVED,
1,WRITES_FOLLOW_READS,normal,ALL,QUORUM,QUORUM,wfr_all_quorum_1_1790403081032368800_1159,1,True,2,1,FRESH_READ,True,3,2,3,v3_clientB_parent_2,client_B,CAUSAL_LINEAGE_PRESERVED,
2,WRITES_FOLLOW_READS,normal,ALL,QUORUM,QUORUM,wfr_all_quorum_2_1790403081153275700_5541,1,True,2,1,FRESH_READ,True,3,2,3,v3_clientB_parent_2,client_B,CAUSAL_LINEAGE_PRESERVED,
3,WRITES_FOLLOW_READS,normal,ALL,QUORUM,QUORUM,wfr_all_quorum_3_1790403081292631100_3228,1,True,2,1,FRESH_READ,True,3,2,3,v3_clientB_parent_2,client_B,CAUSAL_LINEAGE_PRESERVED,
4,WRITES_FOLLOW_READS,normal,ALL,QUORUM,QUORUM,wfr_all_quorum_4_1790403081414203800_9573,1,True,2,1,FRESH_READ,True,3,2,3,v3_clientB_parent_2,client_B,CAUSAL_LINEAGE_PRESERVED,
5,WRITES_FOLLOW_READS,normal,ALL,QUORUM,QUORUM,wfr_all_quorum_5_1790403081536951600_7075,1,True,2,1,FRESH_READ,True,3,2,3,v3_clientB_parent_2,client_B,CAUSAL_LINEAGE_PRESERVED,
6,WRITES_FOLLOW_READS,normal,ALL,QUORUM,QUORUM,wfr_all_quorum_6_1790403081657739200_9510,1,True,2,1,FRESH_READ,True,3,2,3,v3_clientB_parent_2,client_B,CAUSAL_LINEAGE_PRESERVED,
7,WRITES_FOLLOW_READS,normal,ALL,QUORUM,QUORUM,wfr_all_quorum_7_1790403081781915600_3023,1,True,2,1,FRESH_READ,True,3,2,3,v3_clientB_parent_2,client_B,CAUSAL_LINEAGE_PRESERVED,
8,WRITES_FOLLOW_READS,normal,ALL,QUORUM,QUORUM,wfr_all_quorum_8_1790403081904667700_9770,1,True,2,1,FRESH_READ,True,3,2,3,v3_clientB_parent_2,client_B,CAUSAL_LINEAGE_PRESERVED,
9,WRITES_FOLLOW_READS,normal,ALL,QUORUM,QUORUM,wfr_all_quorum_9_1790403082027020800_1122,1,True,2,1,FRESH_READ,True,3,2,3,v3_clientB_parent_2,client_B,CAUSAL_LINEAGE_PRESERVED,
10,WRITES_FOLLOW_READS,normal,ALL,QUORUM,QUORUM,wfr_all_quorum_10_1790403082151314500_7234,1,True,2,1,FRESH_READ,True,3,2,3,v3_clientB_parent_2,client_B,CAUSAL_LINEAGE_PRESERVED,
11,WRITES_FOLLOW_READS,normal,ALL,QUORUM,QUORUM,wfr_all_quorum_11_1790403082272955000_5199,1,True,2,1,FRESH_READ,True,3,2,3,v3_clientB_parent_2,client_B,CAUSAL_LINEAGE_PRESERVED,
12,WRITES_FOLLOW_READS,normal,ALL,QUORUM,QUORUM,wfr_all_quorum_12_1790403082395986800_1292,1,True,2,1,FRESH_READ,True,3,2,3,v3_clientB_parent_2,client_B,CAUSAL_LINEAGE_PRESERVED,
13,WRITES_FOLLOW_READS,normal,ALL,QUORUM,QUORUM,wfr_all_quorum_13_1790403082518504300_7845,1,True,2,1,FRESH_READ,True,3,2,3,v3_clientB_parent_2,client_B,CAUSAL_LINEAGE_PRESERVED,
14,WRITES_FOLLOW_READS,normal,ALL,QUORUM,QUORUM,wfr_all_quorum_14_1790403082640390000_1300,1,True,2,1,FRESH_READ,True,3,2,3,v3_clientB_parent_2,client_B,CAUSAL_LINEAGE_PRESERVED,
15,WRITES_FOLLOW_READS,normal,ALL,QUORUM,QUORUM,wfr_all_quorum_15_1790403082764222000_8508,1,True,2,1,FRESH_READ,True,3,2,3,v3_clientB_parent_2,client_B,CAUSAL_LINEAGE_PRESERVED,
16,WRITES_FOLLOW_READS,normal,ALL,QUORUM,QUORUM,wfr_all_quorum_16_1790403082888709200_9510,1,True,2,1,FRESH_READ,True,3,2,3,v3_clientB_parent_2,client_B,CAUSAL_LINEAGE_PRESERVED,
17,WRITES_FOLLOW_READS,normal,ALL,QUORUM,QUORUM,wfr_all_quorum_17_1790403083012834300_9137,1,True,2,1,FRESH_READ,True,3,2,3,v3_clientB_parent_2,client_B,CAUSAL_LINEAGE_PRESERVED,
18,WRITES_FOLLOW_READS,normal,ALL,QUORUM,QUORUM,wfr_all_quorum_18_1790403083133118500_6840,1,True,2,1,FRESH_READ,True,3,2,3,v3_clientB_parent_2,client_B,CAUSAL_LINEAGE_PRESERVED,
19,WRITES_FOLLOW_READS,normal,ALL,QUORUM,QUORUM,wfr_all_quorum_19_1790403083260516600_3023,1,True,2,1,FRESH_READ,True,3,2,3,v3_clientB_parent_2,client_B,CAUSAL_LINEAGE_PRESERVED,
20,WRITES_FOLLOW_READS,normal,ALL,QUORUM,QUORUM,wfr_all_quorum_20_1790403083393999000_1522,1,True,2,1,FRESH_READ,True,3,2,3,v3_clientB_parent_2,client_B,CAUSAL_LINEAGE_PRESERVED,
21,WRITES_FOLLOW_READS,normal,ALL,QUORUM,QUORUM,wfr_all_quorum_21_1790403083533837700_8669,1,True,2,1,FRESH_READ,True,3,2,3,v3_clientB_parent_2,client_B,CAUSAL_LINEAGE_PRESERVED,
22,WRITES_FOLLOW_READS,normal,ALL,QUORUM,QUORUM,wfr_all_quorum_22_1790403083653597200_1495,1,True,2,1,FRESH_READ,True,3,2,3,v3_clientB_parent_2,client_B,CAUSAL_LINEAGE_PRESERVED,
23,WRITES_FOLLOW_READS,normal,ALL,QUORUM,QUORUM,wfr_all_quorum_23_1790403083776063800_7879,1,True,2,1,FRESH_READ,True,3,2,3,v3_clientB_parent_2,client_B,CAUSAL_LINEAGE_PRESERVED,
24,WRITES_FOLLOW_READS,normal,ALL,QUORUM,QUORUM,wfr_all_quorum_24_1790403083899092900_7637,1,True,2,1,FRESH_READ,True,3,2,3,v3_clientB_parent_2,client_B,CAUSAL_LINEAGE_PRESERVED,
25,WRITES_FOLLOW_READS,normal,ALL,QUORUM,QUORUM,wfr_all_quorum_25_1790403084026832800_6286,1,True,2,1,FRESH_READ,True,3,2,3,v3_clientB_parent_2,client_B,CAUSAL_LINEAGE_PRESERVED,
26,WRITES_FOLLOW_READS,normal,ALL,QUORUM,QUORUM,wfr_all_quorum_26_1790403084146697600_1036,1,True,2,1,FRESH_READ,True,3,2,3,v3_clientB_parent_2,client_B,CAUSAL_LINEAGE_PRESERVED,
27,WRITES_FOLLOW_READS,normal,ALL,QUORUM,QUORUM,wfr_all_quorum_27_1790403084270659800_1343,1,True,2,1,FRESH_READ,True,3,2,3,v3_clientB_parent_2,client_B,CAUSAL_LINEAGE_PRESERVED,
28,WRITES_FOLLOW_READS,normal,ALL,QUORUM,QUORUM,wfr_all_quorum_28_1790403084392952300_8711,1,True,2,1,FRESH_READ,True,3,2,3,v3_clientB_parent_2,client_B,CAUSAL_LINEAGE_PRESERVED,
29,WRITES_FOLLOW_READS,normal,ALL,QUORUM,QUORUM,wfr_all_quorum_29_1790403084518164400_1689,1,True,2,1,FRESH_READ,True,3,2,3,v3_clientB_parent_2,client_B,CAUSAL_LINEAGE_PRESERVED,
30,WRITES_FOLLOW_READS,normal,ALL,QUORUM,QUORUM,wfr_all_quorum_30_1790403084638074700_9744,1,True,2,1,FRESH_READ,True,3,2,3,v3_clientB_parent_2,client_B,CAUSAL_LINEAGE_PRESERVED,
31,WRITES_FOLLOW_READS,normal,ALL,QUORUM,QUORUM,wfr_all_quorum_31_1790403084760240300_4698,1,True,2,1,FRESH_READ,True,3,2,3,v3_clientB_parent_2,client_B,CAUSAL_LINEAGE_PRESERVED,
32,WRITES_FOLLOW_READS,normal,ALL,QUORUM,QUORUM,wfr_all_quorum_32_1790403084882721900_8325,1,True,2,1,FRESH_READ,True,3,2,3,v3_clientB_parent_2,client_B,CAUSAL_LINEAGE_PRESERVED,
33,WRITES_FOLLOW_READS,normal,ALL,QUORUM,QUORUM,wfr_all_quorum_33_1790403085006103800_3948,1,True,2,1,FRESH_READ,True,3,2,3,v3_clientB_parent_2,client_B,CAUSAL_LINEAGE_PRESERVED,
34,WRITES_FOLLOW_READS,normal,ALL,QUORUM,QUORUM,wfr_all_quorum_34_1790403085133444000_8661,1,True,2,1,FRESH_READ,True,3,2,3,v3_clientB_parent_2,client_B,CAUSAL_LINEAGE_PRESERVED,
35,WRITES_FOLLOW_READS,normal,ALL,QUORUM,QUORUM,wfr_all_quorum_35_1790403085256131000_1779,1,True,2,1,FRESH_READ,True,3,2,3,v3_clientB_parent_2,client_B,CAUSAL_LINEAGE_PRESERVED,
36,WRITES_FOLLOW_READS,normal,ALL,QUORUM,QUORUM,wfr_all_quorum_36_1790403085378046500_6368,1,True,2,1,FRESH_READ,True,3,2,3,v3_clientB_parent_2,client_B,CAUSAL_LINEAGE_PRESERVED,
37,WRITES_FOLLOW_READS,normal,ALL,QUORUM,QUORUM,wfr_all_quorum_37_1790403085503197400_6156,1,True,2,1,FRESH_READ,True,3,2,3,v3_clientB_parent_2,client_B,CAUSAL_LINEAGE_PRESERVED,
38,WRITES_FOLLOW_READS,normal,ALL,QUORUM,QUORUM,wfr_all_quorum_38_1790403085668624400_9212,1,True,2,1,FRESH_READ,True,3,2,3,v3_clientB_parent_2,client_B,CAUSAL_LINEAGE_PRESERVED,
39,WRITES_FOLLOW_READS,normal,ALL,QUORUM,QUORUM,wfr_all_quorum_39_1790403085792867300_9634,1,True,2,1,FRESH_READ,True,3,2,3,v3_clientB_parent_2,client_B,CAUSAL_LINEAGE_PRESERVED,
40,WRITES_FOLLOW_READS,normal,ALL,QUORUM,QUORUM,wfr_all_quorum_40_1790403085917864900_5838,1,True,2,1,FRESH_READ,True,3,2,3,v3_clientB_parent_2,client_B,CAUSAL_LINEAGE_PRESERVED,
41,WRITES_FOLLOW_READS,normal,ALL,QUORUM,QUORUM,wfr_all_quorum_41_1790403086039757800_7912,1,True,2,1,FRESH_READ,True,3,2,3,v3_clientB_parent_2,client_B,CAUSAL_LINEAGE_PRESERVED,
42,WRITES_FOLLOW_READS,normal,ALL,QUORUM,QUORUM,wfr_all_quorum_42_1790403086162633600_5378,1,True,2,1,FRESH_READ,True,3,2,3,v3_clientB_parent_2,client_B,CAUSAL_LINEAGE_PRESERVED,
43,WRITES_FOLLOW_READS,normal,ALL,QUORUM,QUORUM,wfr_all_quorum_43_1790403086285224800_5625,1,True,2,1,FRESH_READ,True,3,2,3,v3_clientB_parent_2,client_B,CAUSAL_LINEAGE_PRESERVED,
44,WRITES_FOLLOW_READS,normal,ALL,QUORUM,QUORUM,wfr_all_quorum_44_1790403086408272000_1183,1,True,2,1,FRESH_READ,True,3,2,3,v3_clientB_parent_2,client_B,CAUSAL_LINEAGE_PRESERVED,
45,WRITES_FOLLOW_READS,normal,ALL,QUORUM,QUORUM,wfr_all_quorum_45_1790403086531554400_4377,1,True,2,1,FRESH_READ,True,3,2,3,v3_clientB_parent_2,client_B,CAUSAL_LINEAGE_PRESERVED,
46,WRITES_FOLLOW_READS,normal,ALL,QUORUM,QUORUM,wfr_all_quorum_46_1790403086656498700_3561,1,True,2,1,FRESH_READ,True,3,2,3,v3_clientB_parent_2,client_B,CAUSAL_LINEAGE_PRESERVED,
47,WRITES_FOLLOW_READS,normal,ALL,QUORUM,QUORUM,wfr_all_quorum_47_1790403086807151200_8010,1,True,2,1,FRESH_READ,True,3,2,3,v3_clientB_parent_2,client_B,CAUSAL_LINEAGE_PRESERVED,
48,WRITES_FOLLOW_READS,normal,ALL,QUORUM,QUORUM,wfr_all_quorum_48_1790403086930549000_3400,1,True,2,1,FRESH_READ,True,3,2,3,v3_clientB_parent_2,client_B,CAUSAL_LINEAGE_PRESERVED,
49,WRITES_FOLLOW_READS,normal,ALL,QUORUM,QUORUM,wfr_all_quorum_49_1790403087053538600_1382,1,True,2,1,FRESH_READ,True,3,2,3,v3_clientB_parent_2,client_B,CAUSAL_LINEAGE_PRESERVED,
50,WRITES_FOLLOW_READS,normal,ALL,QUORUM,QUORUM,wfr_all_quorum_50_1790403087174629000_5953,1,True,2,1,FRESH_READ,True,3,2,3,v3_clientB_parent_2,client_B,CAUSAL_LINEAGE_PRESERVED,
51,WRITES_FOLLOW_READS,normal,ALL,QUORUM,QUORUM,wfr_all_quorum_51_1790403087297863400_5244,1,True,2,1,FRESH_READ,True,3,2,3,v3_clientB_parent_2,client_B,CAUSAL_LINEAGE_PRESERVED,
52,WRITES_FOLLOW_READS,normal,ALL,QUORUM,QUORUM,wfr_all_quorum_52_1790403087419611900_6107,1,True,2,1,FRESH_READ,True,3,2,3,v3_clientB_parent_2,client_B,CAUSAL_LINEAGE_PRESERVED,
53,WRITES_FOLLOW_READS,normal,ALL,QUORUM,QUORUM,wfr_all_quorum_53_1790403087542980000_1969,1,True,2,1,FRESH_READ,True,3,2,3,v3_clientB_parent_2,client_B,CAUSAL_LINEAGE_PRESERVED,
54,WRITES_FOLLOW_READS,normal,ALL,QUORUM,QUORUM,wfr_all_quorum_54_1790403087666029300_3409,1,True,2,1,FRESH_READ,True,3,2,3,v3_clientB_parent_2,client_B,CAUSAL_LINEAGE_PRESERVED,
55,WRITES_FOLLOW_READS,normal,ALL,QUORUM,QUORUM,wfr_all_quorum_55_1790403087791681000_9090,1,True,2,1,FRESH_READ,True,3,2,3,v3_clientB_parent_2,client_B,CAUSAL_LINEAGE_PRESERVED,
56,WRITES_FOLLOW_READS,normal,ALL,QUORUM,QUORUM,wfr_all_quorum_56_1790403087913964000_5082,1,True,2,1,FRESH_READ,True,3,2,3,v3_clientB_parent_2,client_B,CAUSAL_LINEAGE_PRESERVED,
57,WRITES_FOLLOW_READS,normal,ALL,QUORUM,QUORUM,wfr_all_quorum_57_1790403088038288500_2142,1,True,2,1,FRESH_READ,True,3,2,3,v3_clientB_parent_2,client_B,CAUSAL_LINEAGE_PRESERVED,
58,WRITES_FOLLOW_READS,normal,ALL,QUORUM,QUORUM,wfr_all_quorum_58_1790403088158134000_9586,1,True,2,1,FRESH_READ,True,3,2,3,v3_clientB_parent_2,client_B,CAUSAL_LINEAGE_PRESERVED,
59,WRITES_FOLLOW_READS,normal,ALL,QUORUM,QUORUM,wfr_all_quorum_59_1790403088282472300_8962,1,True,2,1,FRESH_READ,True,3,2,3,v3_clientB_parent_2,client_B,CAUSAL_LINEAGE_PRESERVED,
60,WRITES_FOLLOW_READS,normal,ALL,QUORUM,QUORUM,wfr_all_quorum_60_1790403088405150700_9802,1,True,2,1,FRESH_READ,True,3,2,3,v3_clientB_parent_2,client_B,CAUSAL_LINEAGE_PRESERVED,
61,WRITES_FOLLOW_READS,normal,ALL,QUORUM,QUORUM,wfr_all_quorum_61_1790403088527719700_5300,1,True,2,1,FRESH_READ,True,3,2,3,v3_clientB_parent_2,client_B,CAUSAL_LINEAGE_PRESERVED,
62,WRITES_FOLLOW_READS,normal,ALL,QUORUM,QUORUM,wfr_all_quorum_62_1790403088651026400_3665,1,True,2,1,FRESH_READ,True,3,2,3,v3_clientB_parent_2,client_B,CAUSAL_LINEAGE_PRESERVED,
63,WRITES_FOLLOW_READS,normal,ALL,QUORUM,QUORUM,wfr_all_quorum_63_1790403088773184600_4760,1,True,2,1,FRESH_READ,True,3,2,3,v3_clientB_parent_2,client_B,CAUSAL_LINEAGE_PRESERVED,
64,WRITES_FOLLOW_READS,normal,ALL,QUORUM,QUORUM,wfr_all_quorum_64_1790403088896360000_1886,1,True,2,1,FRESH_READ,True,3,2,3,v3_clientB_parent_2,client_B,CAUSAL_LINEAGE_PRESERVED,
65,WRITES_FOLLOW_READS,normal,ALL,QUORUM,QUORUM,wfr_all_quorum_65_1790403089018393500_3188,1,True,2,1,FRESH_READ,True,3,2,3,v3_clientB_parent_2,client_B,CAUSAL_LINEAGE_PRESERVED,
66,WRITES_FOLLOW_READS,normal,ALL,QUORUM,QUORUM,wfr_all_quorum_66_1790403089140295600_9407,1,True,2,1,FRESH_READ,True,3,2,3,v3_clientB_parent_2,client_B,CAUSAL_LINEAGE_PRESERVED,
67,WRITES_FOLLOW_READS,normal,ALL,QUORUM,QUORUM,wfr_all_quorum_67_1790403089260558100_4815,1,True,2,1,FRESH_READ,True,3,2,3,v3_clientB_parent_2,client_B,CAUSAL_LINEAGE_PRESERVED,
68,WRITES_FOLLOW_READS,normal,ALL,QUORUM,QUORUM,wfr_all_quorum_68_1790403089384692100_1158,1,True,2,1,FRESH_READ,True,3,2,3,v3_clientB_parent_2,client_B,CAUSAL_LINEAGE_PRESERVED,
69,WRITES_FOLLOW_READS,normal,ALL,QUORUM,QUORUM,wfr_all_quorum_69_1790403089508656300_6569,1,True,2,1,FRESH_READ,True,3,2,3,v3_clientB_parent_2,client_B,CAUSAL_LINEAGE_PRESERVED,
70,WRITES_FOLLOW_READS,normal,ALL,QUORUM,QUORUM,wfr_all_quorum_70_1790403089633820500_2617,1,True,2,1,FRESH_READ,True,3,2,3,v3_clientB_parent_2,client_B,CAUSAL_LINEAGE_PRESERVED,
71,WRITES_FOLLOW_READS,normal,ALL,QUORUM,QUORUM,wfr_all_quorum_71_1790403089753622700_7161,1,True,2,1,FRESH_READ,True,3,2,3,v3_clientB_parent_2,client_B,CAUSAL_LINEAGE_PRESERVED,
72,WRITES_FOLLOW_READS,normal,ALL,QUORUM,QUORUM,wfr_all_quorum_72_1790403089878980000_3217,1,True,2,1,FRESH_READ,True,3,2,3,v3_clientB_parent_2,client_B,CAUSAL_LINEAGE_PRESERVED,
73,WRITES_FOLLOW_READS,normal,ALL,QUORUM,QUORUM,wfr_all_quorum_73_1790403090002796400_2980,1,True,2,1,FRESH_READ,True,3,2,3,v3_clientB_parent_2,client_B,CAUSAL_LINEAGE_PRESERVED,
74,WRITES_FOLLOW_READS,normal,ALL,QUORUM,QUORUM,wfr_all_quorum_74_1790403090122891600_8737,1,True,2,1,FRESH_READ,True,3,2,3,v3_clientB_parent_2,client_B,CAUSAL_LINEAGE_PRESERVED,
75,WRITES_FOLLOW_READS,normal,ALL,QUORUM,QUORUM,wfr_all_quorum_75_1790403090257619300_9073,1,True,2,1,FRESH_READ,True,3,2,3,v3_clientB_parent_2,client_B,CAUSAL_LINEAGE_PRESERVED,
76,WRITES_FOLLOW_READS,normal,ALL,QUORUM,QUORUM,wfr_all_quorum_76_1790403090388062000_1274,1,True,2,1,FRESH_READ,True,3,2,3,v3_clientB_parent_2,client_B,CAUSAL_LINEAGE_PRESERVED,
77,WRITES_FOLLOW_READS,normal,ALL,QUORUM,QUORUM,wfr_all_quorum_77_1790403090510845000_7497,1,True,2,1,FRESH_READ,True,3,2,3,v3_clientB_parent_2,client_B,CAUSAL_LINEAGE_PRESERVED,
78,WRITES_FOLLOW_READS,normal,ALL,QUORUM,QUORUM,wfr_all_quorum_78_1790403090632333600_6719,1,True,2,1,FRESH_READ,True,3,2,3,v3_clientB_parent_2,client_B,CAUSAL_LINEAGE_PRESERVED,
79,WRITES_FOLLOW_READS,normal,ALL,QUORUM,QUORUM,wfr_all_quorum_79_1790403090752829500_1521,1,True,2,1,FRESH_READ,True,3,2,3,v3_clientB_parent_2,client_B,CAUSAL_LINEAGE_PRESERVED,
80,WRITES_FOLLOW_READS,normal,ALL,QUORUM,QUORUM,wfr_all_quorum_80_1790403090877158500_1388,1,True,2,1,FRESH_READ,True,3,2,3,v3_clientB_parent_2,client_B,CAUSAL_LINEAGE_PRESERVED,
81,WRITES_FOLLOW_READS,normal,ALL,QUORUM,QUORUM,wfr_all_quorum_81_1790403091014821200_8800,1,True,2,1,FRESH_READ,True,3,2,3,v3_clientB_parent_2,client_B,CAUSAL_LINEAGE_PRESERVED,
82,WRITES_FOLLOW_READS,normal,ALL,QUORUM,QUORUM,wfr_all_quorum_82_1790403091137778400_7912,1,True,2,1,FRESH_READ,True,3,2,3,v3_clientB_parent_2,client_B,CAUSAL_LINEAGE_PRESERVED,
83,WRITES_FOLLOW_READS,normal,ALL,QUORUM,QUORUM,wfr_all_quorum_83_1790403091259286700_2064,1,True,2,1,FRESH_READ,True,3,2,3,v3_clientB_parent_2,client_B,CAUSAL_LINEAGE_PRESERVED,
84,WRITES_FOLLOW_READS,normal,ALL,QUORUM,QUORUM,wfr_all_quorum_84_1790403091382377900_7605,1,True,2,1,FRESH_READ,True,3,2,3,v3_clientB_parent_2,client_B,CAUSAL_LINEAGE_PRESERVED,
85,WRITES_FOLLOW_READS,normal,ALL,QUORUM,QUORUM,wfr_all_quorum_85_1790403091504764900_1083,1,True,2,1,FRESH_READ,True,3,2,3,v3_clientB_parent_2,client_B,CAUSAL_LINEAGE_PRESERVED,
86,WRITES_FOLLOW_READS,normal,ALL,QUORUM,QUORUM,wfr_all_quorum_86_1790403091627880800_3877,1,True,2,1,FRESH_READ,True,3,2,3,v3_clientB_parent_2,client_B,CAUSAL_LINEAGE_PRESERVED,
87,WRITES_FOLLOW_READS,normal,ALL,QUORUM,QUORUM,wfr_all_quorum_87_1790403091749561700_1594,1,True,2,1,FRESH_READ,True,3,2,3,v3_clientB_parent_2,client_B,CAUSAL_LINEAGE_PRESERVED,
88,WRITES_FOLLOW_READS,normal,ALL,QUORUM,QUORUM,wfr_all_quorum_88_1790403091872805100_9115,1,True,2,1,FRESH_READ,True,3,2,3,v3_clientB_parent_2,client_B,CAUSAL_LINEAGE_PRESERVED,
89,WRITES_FOLLOW_READS,normal,ALL,QUORUM,QUORUM,wfr_all_quorum_89_1790403091998555400_8376,1,True,2,1,FRESH_READ,True,3,2,3,v3_clientB_parent_2,client_B,CAUSAL_LINEAGE_PRESERVED,
90,WRITES_FOLLOW_READS,normal,ALL,QUORUM,QUORUM,wfr_all_quorum_90_1790403092117406700_9525,1,True,2,1,FRESH_READ,True,3,2,3,v3_clientB_parent_2,client_B,CAUSAL_LINEAGE_PRESERVED,
91,WRITES_FOLLOW_READS,normal,ALL,QUORUM,QUORUM,wfr_all_quorum_91_1790403092240323200_8237,1,True,2,1,FRESH_READ,True,3,2,3,v3_clientB_parent_2,client_B,CAUSAL_LINEAGE_PRESERVED,
92,WRITES_FOLLOW_READS,normal,ALL,QUORUM,QUORUM,wfr_all_quorum_92_1790403092370521400_4937,1,True,2,1,FRESH_READ,True,3,2,3,v3_clientB_parent_2,client_B,CAUSAL_LINEAGE_PRESERVED,
93,WRITES_FOLLOW_READS,normal,ALL,QUORUM,QUORUM,wfr_all_quorum_93_1790403092487036100_7532,1,True,2,1,FRESH_READ,True,3,2,3,v3_clientB_parent_2,client_B,CAUSAL_LINEAGE_PRESERVED,
94,WRITES_FOLLOW_READS,normal,ALL,QUORUM,QUORUM,wfr_all_quorum_94_1790403092611809700_5982,1,True,2,1,FRESH_READ,True,3,2,3,v3_clientB_parent_2,client_B,CAUSAL_LINEAGE_PRESERVED,
95,WRITES_FOLLOW_READS,normal,ALL,QUORUM,QUORUM,wfr_all_quorum_95_1790403092733630900_1160,1,True,2,1,FRESH_READ,True,3,2,3,v3_clientB_parent_2,client_B,CAUSAL_LINEAGE_PRESERVED,
96,WRITES_FOLLOW_READS,normal,ALL,QUORUM,QUORUM,wfr_all_quorum_96_1790403092856610600_6774,1,True,2,1,FRESH_READ,True,3,2,3,v3_clientB_parent_2,client_B,CAUSAL_LINEAGE_PRESERVED,
97,WRITES_FOLLOW_READS,normal,ALL,QUORUM,QUORUM,wfr_all_quorum_97_1790403092980608600_9445,1,True,2,1,FRESH_READ,True,3,2,3,v3_clientB_parent_2,client_B,CAUSAL_LINEAGE_PRESERVED,
98,WRITES_FOLLOW_READS,normal,ALL,QUORUM,QUORUM,wfr_all_quorum_98_1790403093102867300_9460,1,True,2,1,FRESH_READ,True,3,2,3,v3_clientB_parent_2,client_B,CAUSAL_LINEAGE_PRESERVED,
99,WRITES_FOLLOW_READS,normal,ALL,QUORUM,QUORUM,wfr_all_quorum_99_1790403093226574300_9506,1,True,2,1,FRESH_READ,True,3,2,3,v3_clientB_parent_2,client_B,CAUSAL_LINEAGE_PRESERVED,
100,WRITES_FOLLOW_READS,normal,ALL,QUORUM,QUORUM,wfr_all_quorum_100_1790403093349965900_3033,1,True,2,1,FRESH_READ,True,3,2,3,v3_clientB_parent_2,client_B,CAUSAL_LINEAGE_PRESERVED,
1,WRITES_FOLLOW_READS,normal,ALL,ALL,QUORUM,wfr_all_all_1_1790403093475921700_7198,1,True,2,1,FRESH_READ,True,3,2,3,v3_clientB_parent_2,client_B,CAUSAL_LINEAGE_PRESERVED,
2,WRITES_FOLLOW_READS,normal,ALL,ALL,QUORUM,wfr_all_all_2_1790403093596800000_6909,1,True,2,1,FRESH_READ,True,3,2,3,v3_clientB_parent_2,client_B,CAUSAL_LINEAGE_PRESERVED,
3,WRITES_FOLLOW_READS,normal,ALL,ALL,QUORUM,wfr_all_all_3_1790403093767129500_4202,1,True,2,1,FRESH_READ,True,3,2,3,v3_clientB_parent_2,client_B,CAUSAL_LINEAGE_PRESERVED,
4,WRITES_FOLLOW_READS,normal,ALL,ALL,QUORUM,wfr_all_all_4_1790403093889173900_9628,1,True,2,1,FRESH_READ,True,3,2,3,v3_clientB_parent_2,client_B,CAUSAL_LINEAGE_PRESERVED,
5,WRITES_FOLLOW_READS,normal,ALL,ALL,QUORUM,wfr_all_all_5_1790403094011579800_5896,1,True,2,1,FRESH_READ,True,3,2,3,v3_clientB_parent_2,client_B,CAUSAL_LINEAGE_PRESERVED,
6,WRITES_FOLLOW_READS,normal,ALL,ALL,QUORUM,wfr_all_all_6_1790403094135556700_7245,1,True,2,1,FRESH_READ,True,3,2,3,v3_clientB_parent_2,client_B,CAUSAL_LINEAGE_PRESERVED,
7,WRITES_FOLLOW_READS,normal,ALL,ALL,QUORUM,wfr_all_all_7_1790403094256028300_5739,1,True,2,1,FRESH_READ,True,3,2,3,v3_clientB_parent_2,client_B,CAUSAL_LINEAGE_PRESERVED,
8,WRITES_FOLLOW_READS,normal,ALL,ALL,QUORUM,wfr_all_all_8_1790403094381779400_8407,1,True,2,1,FRESH_READ,True,3,2,3,v3_clientB_parent_2,client_B,CAUSAL_LINEAGE_PRESERVED,
9,WRITES_FOLLOW_READS,normal,ALL,ALL,QUORUM,wfr_all_all_9_1790403094502859900_9135,1,True,2,1,FRESH_READ,True,3,2,3,v3_clientB_parent_2,client_B,CAUSAL_LINEAGE_PRESERVED,
10,WRITES_FOLLOW_READS,normal,ALL,ALL,QUORUM,wfr_all_all_10_1790403094625446300_8346,1,True,2,1,FRESH_READ,True,3,2,3,v3_clientB_parent_2,client_B,CAUSAL_LINEAGE_PRESERVED,
11,WRITES_FOLLOW_READS,normal,ALL,ALL,QUORUM,wfr_all_all_11_1790403094748294700_3177,1,True,2,1,FRESH_READ,True,3,2,3,v3_clientB_parent_2,client_B,CAUSAL_LINEAGE_PRESERVED,
12,WRITES_FOLLOW_READS,normal,ALL,ALL,QUORUM,wfr_all_all_12_1790403094871448200_5903,1,True,2,1,FRESH_READ,True,3,2,3,v3_clientB_parent_2,client_B,CAUSAL_LINEAGE_PRESERVED,
13,WRITES_FOLLOW_READS,normal,ALL,ALL,QUORUM,wfr_all_all_13_1790403094995788100_6482,1,True,2,1,FRESH_READ,True,3,2,3,v3_clientB_parent_2,client_B,CAUSAL_LINEAGE_PRESERVED,
14,WRITES_FOLLOW_READS,normal,ALL,ALL,QUORUM,wfr_all_all_14_1790403095117147400_8426,1,True,2,1,FRESH_READ,True,3,2,3,v3_clientB_parent_2,client_B,CAUSAL_LINEAGE_PRESERVED,
15,WRITES_FOLLOW_READS,normal,ALL,ALL,QUORUM,wfr_all_all_15_1790403095242012100_6240,1,True,2,1,FRESH_READ,True,3,2,3,v3_clientB_parent_2,client_B,CAUSAL_LINEAGE_PRESERVED,
16,WRITES_FOLLOW_READS,normal,ALL,ALL,QUORUM,wfr_all_all_16_1790403095366711600_7144,1,True,2,1,FRESH_READ,True,3,2,3,v3_clientB_parent_2,client_B,CAUSAL_LINEAGE_PRESERVED,
17,WRITES_FOLLOW_READS,normal,ALL,ALL,QUORUM,wfr_all_all_17_1790403095489016000_5762,1,True,2,1,FRESH_READ,True,3,2,3,v3_clientB_parent_2,client_B,CAUSAL_LINEAGE_PRESERVED,
18,WRITES_FOLLOW_READS,normal,ALL,ALL,QUORUM,wfr_all_all_18_1790403095635725500_2241,1,True,2,1,FRESH_READ,True,3,2,3,v3_clientB_parent_2,client_B,CAUSAL_LINEAGE_PRESERVED,
19,WRITES_FOLLOW_READS,normal,ALL,ALL,QUORUM,wfr_all_all_19_1790403095765223600_9696,1,True,2,1,FRESH_READ,True,3,2,3,v3_clientB_parent_2,client_B,CAUSAL_LINEAGE_PRESERVED,
20,WRITES_FOLLOW_READS,normal,ALL,ALL,QUORUM,wfr_all_all_20_1790403095887336100_1569,1,True,2,1,FRESH_READ,True,3,2,3,v3_clientB_parent_2,client_B,CAUSAL_LINEAGE_PRESERVED,
21,WRITES_FOLLOW_READS,normal,ALL,ALL,QUORUM,wfr_all_all_21_1790403096012779000_1099,1,True,2,1,FRESH_READ,True,3,2,3,v3_clientB_parent_2,client_B,CAUSAL_LINEAGE_PRESERVED,
22,WRITES_FOLLOW_READS,normal,ALL,ALL,QUORUM,wfr_all_all_22_1790403096134950200_9218,1,True,2,1,FRESH_READ,True,3,2,3,v3_clientB_parent_2,client_B,CAUSAL_LINEAGE_PRESERVED,
23,WRITES_FOLLOW_READS,normal,ALL,ALL,QUORUM,wfr_all_all_23_1790403096256639400_9376,1,True,2,1,FRESH_READ,True,3,2,3,v3_clientB_parent_2,client_B,CAUSAL_LINEAGE_PRESERVED,
24,WRITES_FOLLOW_READS,normal,ALL,ALL,QUORUM,wfr_all_all_24_1790403096380432300_9290,1,True,2,1,FRESH_READ,True,3,2,3,v3_clientB_parent_2,client_B,CAUSAL_LINEAGE_PRESERVED,
25,WRITES_FOLLOW_READS,normal,ALL,ALL,QUORUM,wfr_all_all_25_1790403096501650700_8889,1,True,2,1,FRESH_READ,True,3,2,3,v3_clientB_parent_2,client_B,CAUSAL_LINEAGE_PRESERVED,
26,WRITES_FOLLOW_READS,normal,ALL,ALL,QUORUM,wfr_all_all_26_1790403096623252600_6549,1,True,2,1,FRESH_READ,True,3,2,3,v3_clientB_parent_2,client_B,CAUSAL_LINEAGE_PRESERVED,
27,WRITES_FOLLOW_READS,normal,ALL,ALL,QUORUM,wfr_all_all_27_1790403096749159900_3146,1,True,2,1,FRESH_READ,True,3,2,3,v3_clientB_parent_2,client_B,CAUSAL_LINEAGE_PRESERVED,
28,WRITES_FOLLOW_READS,normal,ALL,ALL,QUORUM,wfr_all_all_28_1790403096870012600_9871,1,True,2,1,FRESH_READ,True,3,2,3,v3_clientB_parent_2,client_B,CAUSAL_LINEAGE_PRESERVED,
29,WRITES_FOLLOW_READS,normal,ALL,ALL,QUORUM,wfr_all_all_29_1790403096990636100_7978,1,True,2,1,FRESH_READ,True,3,2,3,v3_clientB_parent_2,client_B,CAUSAL_LINEAGE_PRESERVED,
30,WRITES_FOLLOW_READS,normal,ALL,ALL,QUORUM,wfr_all_all_30_1790403097114729400_1022,1,True,2,1,FRESH_READ,True,3,2,3,v3_clientB_parent_2,client_B,CAUSAL_LINEAGE_PRESERVED,
31,WRITES_FOLLOW_READS,normal,ALL,ALL,QUORUM,wfr_all_all_31_1790403097238873600_1645,1,True,2,1,FRESH_READ,True,3,2,3,v3_clientB_parent_2,client_B,CAUSAL_LINEAGE_PRESERVED,
32,WRITES_FOLLOW_READS,normal,ALL,ALL,QUORUM,wfr_all_all_32_1790403097360668700_3861,1,True,2,1,FRESH_READ,True,3,2,3,v3_clientB_parent_2,client_B,CAUSAL_LINEAGE_PRESERVED,
33,WRITES_FOLLOW_READS,normal,ALL,ALL,QUORUM,wfr_all_all_33_1790403097484917500_4462,1,True,2,1,FRESH_READ,True,3,2,3,v3_clientB_parent_2,client_B,CAUSAL_LINEAGE_PRESERVED,
34,WRITES_FOLLOW_READS,normal,ALL,ALL,QUORUM,wfr_all_all_34_1790403097606175300_7791,1,True,2,1,FRESH_READ,True,3,2,3,v3_clientB_parent_2,client_B,CAUSAL_LINEAGE_PRESERVED,
35,WRITES_FOLLOW_READS,normal,ALL,ALL,QUORUM,wfr_all_all_35_1790403097729720600_1359,1,True,2,1,FRESH_READ,True,3,2,3,v3_clientB_parent_2,client_B,CAUSAL_LINEAGE_PRESERVED,
36,WRITES_FOLLOW_READS,normal,ALL,ALL,QUORUM,wfr_all_all_36_1790403097852580300_9861,1,True,2,1,FRESH_READ,True,3,2,3,v3_clientB_parent_2,client_B,CAUSAL_LINEAGE_PRESERVED,
37,WRITES_FOLLOW_READS,normal,ALL,ALL,QUORUM,wfr_all_all_37_1790403097972743400_2563,1,True,2,1,FRESH_READ,True,3,2,3,v3_clientB_parent_2,client_B,CAUSAL_LINEAGE_PRESERVED,
38,WRITES_FOLLOW_READS,normal,ALL,ALL,QUORUM,wfr_all_all_38_1790403098096480600_3851,1,True,2,1,FRESH_READ,True,3,2,3,v3_clientB_parent_2,client_B,CAUSAL_LINEAGE_PRESERVED,
39,WRITES_FOLLOW_READS,normal,ALL,ALL,QUORUM,wfr_all_all_39_1790403098223090300_6930,1,True,2,1,FRESH_READ,True,3,2,3,v3_clientB_parent_2,client_B,CAUSAL_LINEAGE_PRESERVED,
40,WRITES_FOLLOW_READS,normal,ALL,ALL,QUORUM,wfr_all_all_40_1790403098342157600_5098,1,True,2,1,FRESH_READ,True,3,2,3,v3_clientB_parent_2,client_B,CAUSAL_LINEAGE_PRESERVED,
41,WRITES_FOLLOW_READS,normal,ALL,ALL,QUORUM,wfr_all_all_41_1790403098467856900_7701,1,True,2,1,FRESH_READ,True,3,2,3,v3_clientB_parent_2,client_B,CAUSAL_LINEAGE_PRESERVED,
42,WRITES_FOLLOW_READS,normal,ALL,ALL,QUORUM,wfr_all_all_42_1790403098588106600_6915,1,True,2,1,FRESH_READ,True,3,2,3,v3_clientB_parent_2,client_B,CAUSAL_LINEAGE_PRESERVED,
43,WRITES_FOLLOW_READS,normal,ALL,ALL,QUORUM,wfr_all_all_43_1790403098712906600_2403,1,True,2,1,FRESH_READ,True,3,2,3,v3_clientB_parent_2,client_B,CAUSAL_LINEAGE_PRESERVED,
44,WRITES_FOLLOW_READS,normal,ALL,ALL,QUORUM,wfr_all_all_44_1790403098824010300_8203,1,True,2,1,FRESH_READ,True,3,2,3,v3_clientB_parent_2,client_B,CAUSAL_LINEAGE_PRESERVED,
45,WRITES_FOLLOW_READS,normal,ALL,ALL,QUORUM,wfr_all_all_45_1790403098956251200_6178,1,True,2,1,FRESH_READ,True,3,2,3,v3_clientB_parent_2,client_B,CAUSAL_LINEAGE_PRESERVED,
46,WRITES_FOLLOW_READS,normal,ALL,ALL,QUORUM,wfr_all_all_46_1790403099080070600_8216,1,True,2,1,FRESH_READ,True,3,2,3,v3_clientB_parent_2,client_B,CAUSAL_LINEAGE_PRESERVED,
47,WRITES_FOLLOW_READS,normal,ALL,ALL,QUORUM,wfr_all_all_47_1790403099203267500_7807,1,True,2,1,FRESH_READ,True,3,2,3,v3_clientB_parent_2,client_B,CAUSAL_LINEAGE_PRESERVED,
48,WRITES_FOLLOW_READS,normal,ALL,ALL,QUORUM,wfr_all_all_48_1790403099337821700_7767,1,True,2,1,FRESH_READ,True,3,2,3,v3_clientB_parent_2,client_B,CAUSAL_LINEAGE_PRESERVED,
49,WRITES_FOLLOW_READS,normal,ALL,ALL,QUORUM,wfr_all_all_49_1790403099488199700_6514,1,True,2,1,FRESH_READ,True,3,2,3,v3_clientB_parent_2,client_B,CAUSAL_LINEAGE_PRESERVED,
50,WRITES_FOLLOW_READS,normal,ALL,ALL,QUORUM,wfr_all_all_50_1790403099639408200_1911,1,True,2,1,FRESH_READ,True,3,2,3,v3_clientB_parent_2,client_B,CAUSAL_LINEAGE_PRESERVED,
51,WRITES_FOLLOW_READS,normal,ALL,ALL,QUORUM,wfr_all_all_51_1790403099774351600_5081,1,True,2,1,FRESH_READ,True,3,2,3,v3_clientB_parent_2,client_B,CAUSAL_LINEAGE_PRESERVED,
52,WRITES_FOLLOW_READS,normal,ALL,ALL,QUORUM,wfr_all_all_52_1790403099897121400_6300,1,True,2,1,FRESH_READ,True,3,2,3,v3_clientB_parent_2,client_B,CAUSAL_LINEAGE_PRESERVED,
53,WRITES_FOLLOW_READS,normal,ALL,ALL,QUORUM,wfr_all_all_53_1790403100018282500_6199,1,True,2,1,FRESH_READ,True,3,2,3,v3_clientB_parent_2,client_B,CAUSAL_LINEAGE_PRESERVED,
54,WRITES_FOLLOW_READS,normal,ALL,ALL,QUORUM,wfr_all_all_54_1790403100141282700_2986,1,True,2,1,FRESH_READ,True,3,2,3,v3_clientB_parent_2,client_B,CAUSAL_LINEAGE_PRESERVED,
55,WRITES_FOLLOW_READS,normal,ALL,ALL,QUORUM,wfr_all_all_55_1790403100264509100_7430,1,True,2,1,FRESH_READ,True,3,2,3,v3_clientB_parent_2,client_B,CAUSAL_LINEAGE_PRESERVED,
56,WRITES_FOLLOW_READS,normal,ALL,ALL,QUORUM,wfr_all_all_56_1790403100386949600_6612,1,True,2,1,FRESH_READ,True,3,2,3,v3_clientB_parent_2,client_B,CAUSAL_LINEAGE_PRESERVED,
57,WRITES_FOLLOW_READS,normal,ALL,ALL,QUORUM,wfr_all_all_57_1790403100510986100_6531,1,True,2,1,FRESH_READ,True,3,2,3,v3_clientB_parent_2,client_B,CAUSAL_LINEAGE_PRESERVED,
58,WRITES_FOLLOW_READS,normal,ALL,ALL,QUORUM,wfr_all_all_58_1790403100635171200_2730,1,True,2,1,FRESH_READ,True,3,2,3,v3_clientB_parent_2,client_B,CAUSAL_LINEAGE_PRESERVED,
59,WRITES_FOLLOW_READS,normal,ALL,ALL,QUORUM,wfr_all_all_59_1790403100754787700_7820,1,True,2,1,FRESH_READ,True,3,2,3,v3_clientB_parent_2,client_B,CAUSAL_LINEAGE_PRESERVED,
60,WRITES_FOLLOW_READS,normal,ALL,ALL,QUORUM,wfr_all_all_60_1790403100880214500_2490,1,True,2,1,FRESH_READ,True,3,2,3,v3_clientB_parent_2,client_B,CAUSAL_LINEAGE_PRESERVED,
61,WRITES_FOLLOW_READS,normal,ALL,ALL,QUORUM,wfr_all_all_61_1790403101003626100_8192,1,True,2,1,FRESH_READ,True,3,2,3,v3_clientB_parent_2,client_B,CAUSAL_LINEAGE_PRESERVED,
62,WRITES_FOLLOW_READS,normal,ALL,ALL,QUORUM,wfr_all_all_62_1790403101123225900_5708,1,True,2,1,FRESH_READ,True,3,2,3,v3_clientB_parent_2,client_B,CAUSAL_LINEAGE_PRESERVED,
63,WRITES_FOLLOW_READS,normal,ALL,ALL,QUORUM,wfr_all_all_63_1790403101248022800_8678,1,True,2,1,FRESH_READ,True,3,2,3,v3_clientB_parent_2,client_B,CAUSAL_LINEAGE_PRESERVED,
64,WRITES_FOLLOW_READS,normal,ALL,ALL,QUORUM,wfr_all_all_64_1790403101371024300_7744,1,True,2,1,FRESH_READ,True,3,2,3,v3_clientB_parent_2,client_B,CAUSAL_LINEAGE_PRESERVED,
65,WRITES_FOLLOW_READS,normal,ALL,ALL,QUORUM,wfr_all_all_65_1790403101496091500_9627,1,True,2,1,FRESH_READ,True,3,2,3,v3_clientB_parent_2,client_B,CAUSAL_LINEAGE_PRESERVED,
66,WRITES_FOLLOW_READS,normal,ALL,ALL,QUORUM,wfr_all_all_66_1790403101617167500_7876,1,True,2,1,FRESH_READ,True,3,2,3,v3_clientB_parent_2,client_B,CAUSAL_LINEAGE_PRESERVED,
67,WRITES_FOLLOW_READS,normal,ALL,ALL,QUORUM,wfr_all_all_67_1790403101741191200_4359,1,True,2,1,FRESH_READ,True,3,2,3,v3_clientB_parent_2,client_B,CAUSAL_LINEAGE_PRESERVED,
68,WRITES_FOLLOW_READS,normal,ALL,ALL,QUORUM,wfr_all_all_68_1790403101865353000_5726,1,True,2,1,FRESH_READ,True,3,2,3,v3_clientB_parent_2,client_B,CAUSAL_LINEAGE_PRESERVED,
69,WRITES_FOLLOW_READS,normal,ALL,ALL,QUORUM,wfr_all_all_69_1790403101988239900_7655,1,True,2,1,FRESH_READ,True,3,2,3,v3_clientB_parent_2,client_B,CAUSAL_LINEAGE_PRESERVED,
70,WRITES_FOLLOW_READS,normal,ALL,ALL,QUORUM,wfr_all_all_70_1790403102112024800_6259,1,True,2,1,FRESH_READ,True,3,2,3,v3_clientB_parent_2,client_B,CAUSAL_LINEAGE_PRESERVED,
71,WRITES_FOLLOW_READS,normal,ALL,ALL,QUORUM,wfr_all_all_71_1790403102234148500_8991,1,True,2,1,FRESH_READ,True,3,2,3,v3_clientB_parent_2,client_B,CAUSAL_LINEAGE_PRESERVED,
72,WRITES_FOLLOW_READS,normal,ALL,ALL,QUORUM,wfr_all_all_72_1790403102357065500_6211,1,True,2,1,FRESH_READ,True,3,2,3,v3_clientB_parent_2,client_B,CAUSAL_LINEAGE_PRESERVED,
73,WRITES_FOLLOW_READS,normal,ALL,ALL,QUORUM,wfr_all_all_73_1790403102481609100_8313,1,True,2,1,FRESH_READ,True,3,2,3,v3_clientB_parent_2,client_B,CAUSAL_LINEAGE_PRESERVED,
74,WRITES_FOLLOW_READS,normal,ALL,ALL,QUORUM,wfr_all_all_74_1790403102604425400_8459,1,True,2,1,FRESH_READ,True,3,2,3,v3_clientB_parent_2,client_B,CAUSAL_LINEAGE_PRESERVED,
75,WRITES_FOLLOW_READS,normal,ALL,ALL,QUORUM,wfr_all_all_75_1790403102727124100_8269,1,True,2,1,FRESH_READ,True,3,2,3,v3_clientB_parent_2,client_B,CAUSAL_LINEAGE_PRESERVED,
76,WRITES_FOLLOW_READS,normal,ALL,ALL,QUORUM,wfr_all_all_76_1790403102851725900_3100,1,True,2,1,FRESH_READ,True,3,2,3,v3_clientB_parent_2,client_B,CAUSAL_LINEAGE_PRESERVED,
77,WRITES_FOLLOW_READS,normal,ALL,ALL,QUORUM,wfr_all_all_77_1790403102971839000_4301,1,True,2,1,FRESH_READ,True,3,2,3,v3_clientB_parent_2,client_B,CAUSAL_LINEAGE_PRESERVED,
78,WRITES_FOLLOW_READS,normal,ALL,ALL,QUORUM,wfr_all_all_78_1790403103094468700_2004,1,True,2,1,FRESH_READ,True,3,2,3,v3_clientB_parent_2,client_B,CAUSAL_LINEAGE_PRESERVED,
79,WRITES_FOLLOW_READS,normal,ALL,ALL,QUORUM,wfr_all_all_79_1790403103217020500_6657,1,True,2,1,FRESH_READ,True,3,2,3,v3_clientB_parent_2,client_B,CAUSAL_LINEAGE_PRESERVED,
80,WRITES_FOLLOW_READS,normal,ALL,ALL,QUORUM,wfr_all_all_80_1790403103345590900_1355,1,True,2,1,FRESH_READ,True,3,2,3,v3_clientB_parent_2,client_B,CAUSAL_LINEAGE_PRESERVED,
81,WRITES_FOLLOW_READS,normal,ALL,ALL,QUORUM,wfr_all_all_81_1790403103462830500_4510,1,True,2,1,FRESH_READ,True,3,2,3,v3_clientB_parent_2,client_B,CAUSAL_LINEAGE_PRESERVED,
82,WRITES_FOLLOW_READS,normal,ALL,ALL,QUORUM,wfr_all_all_82_1790403103586735100_8709,1,True,2,1,FRESH_READ,True,3,2,3,v3_clientB_parent_2,client_B,CAUSAL_LINEAGE_PRESERVED,
83,WRITES_FOLLOW_READS,normal,ALL,ALL,QUORUM,wfr_all_all_83_1790403103709327800_8775,1,True,2,1,FRESH_READ,True,3,2,3,v3_clientB_parent_2,client_B,CAUSAL_LINEAGE_PRESERVED,
84,WRITES_FOLLOW_READS,normal,ALL,ALL,QUORUM,wfr_all_all_84_1790403103832949800_8706,1,True,2,1,FRESH_READ,True,3,2,3,v3_clientB_parent_2,client_B,CAUSAL_LINEAGE_PRESERVED,
85,WRITES_FOLLOW_READS,normal,ALL,ALL,QUORUM,wfr_all_all_85_1790403103956381000_7339,1,True,2,1,FRESH_READ,True,3,2,3,v3_clientB_parent_2,client_B,CAUSAL_LINEAGE_PRESERVED,
86,WRITES_FOLLOW_READS,normal,ALL,ALL,QUORUM,wfr_all_all_86_1790403104103048800_4789,1,True,2,1,FRESH_READ,True,3,2,3,v3_clientB_parent_2,client_B,CAUSAL_LINEAGE_PRESERVED,
87,WRITES_FOLLOW_READS,normal,ALL,ALL,QUORUM,wfr_all_all_87_1790403104238793700_7245,1,True,2,1,FRESH_READ,True,3,2,3,v3_clientB_parent_2,client_B,CAUSAL_LINEAGE_PRESERVED,
88,WRITES_FOLLOW_READS,normal,ALL,ALL,QUORUM,wfr_all_all_88_1790403104403272100_3618,1,True,2,1,FRESH_READ,True,3,2,3,v3_clientB_parent_2,client_B,CAUSAL_LINEAGE_PRESERVED,
89,WRITES_FOLLOW_READS,normal,ALL,ALL,QUORUM,wfr_all_all_89_1790403104527333500_4329,1,True,2,1,FRESH_READ,True,3,2,3,v3_clientB_parent_2,client_B,CAUSAL_LINEAGE_PRESERVED,
90,WRITES_FOLLOW_READS,normal,ALL,ALL,QUORUM,wfr_all_all_90_1790403104651459200_8652,1,True,2,1,FRESH_READ,True,3,2,3,v3_clientB_parent_2,client_B,CAUSAL_LINEAGE_PRESERVED,
91,WRITES_FOLLOW_READS,normal,ALL,ALL,QUORUM,wfr_all_all_91_1790403104755859200_7795,1,True,2,1,FRESH_READ,True,3,2,3,v3_clientB_parent_2,client_B,CAUSAL_LINEAGE_PRESERVED,
92,WRITES_FOLLOW_READS,normal,ALL,ALL,QUORUM,wfr_all_all_92_1790403104878090800_3425,1,True,2,1,FRESH_READ,True,3,2,3,v3_clientB_parent_2,client_B,CAUSAL_LINEAGE_PRESERVED,
93,WRITES_FOLLOW_READS,normal,ALL,ALL,QUORUM,wfr_all_all_93_1790403105000353900_7639,1,True,2,1,FRESH_READ,True,3,2,3,v3_clientB_parent_2,client_B,CAUSAL_LINEAGE_PRESERVED,
94,WRITES_FOLLOW_READS,normal,ALL,ALL,QUORUM,wfr_all_all_94_1790403105122270900_1653,1,True,2,1,FRESH_READ,True,3,2,3,v3_clientB_parent_2,client_B,CAUSAL_LINEAGE_PRESERVED,
95,WRITES_FOLLOW_READS,normal,ALL,ALL,QUORUM,wfr_all_all_95_1790403105244843900_8272,1,True,2,1,FRESH_READ,True,3,2,3,v3_clientB_parent_2,client_B,CAUSAL_LINEAGE_PRESERVED,
96,WRITES_FOLLOW_READS,normal,ALL,ALL,QUORUM,wfr_all_all_96_1790403105368058000_5832,1,True,2,1,FRESH_READ,True,3,2,3,v3_clientB_parent_2,client_B,CAUSAL_LINEAGE_PRESERVED,
97,WRITES_FOLLOW_READS,normal,ALL,ALL,QUORUM,wfr_all_all_97_1790403105490333800_8188,1,True,2,1,FRESH_READ,True,3,2,3,v3_clientB_parent_2,client_B,CAUSAL_LINEAGE_PRESERVED,
98,WRITES_FOLLOW_READS,normal,ALL,ALL,QUORUM,wfr_all_all_98_1790403105617230000_7231,1,True,2,1,FRESH_READ,True,3,2,3,v3_clientB_parent_2,client_B,CAUSAL_LINEAGE_PRESERVED,
99,WRITES_FOLLOW_READS,normal,ALL,ALL,QUORUM,wfr_all_all_99_1790403105738038400_2620,1,True,2,1,FRESH_READ,True,3,2,3,v3_clientB_parent_2,client_B,CAUSAL_LINEAGE_PRESERVED,
100,WRITES_FOLLOW_READS,normal,ALL,ALL,QUORUM,wfr_all_all_100_1790403105863021500_5976,1,True,2,1,FRESH_READ,True,3,2,3,v3_clientB_parent_2,client_B,CAUSAL_LINEAGE_PRESERVED,
