trial,write_step,probe_number,property,scenario,network_delay,write_cl,latest_written_version,write_coordinator,probe_coordinator,observed_version,stale_probe,probe_completed,error
1,1,1,MONOTONIC_WRITES,normal,netem delay 25ms 25ms,ONE,2,cassandra3,cassandra2,2,False,True,
1,1,2,MONOTONIC_WRITES,normal,netem delay 25ms 25ms,ONE,2,cassandra3,cassandra3,2,False,True,
1,1,3,MONOTONIC_WRITES,normal,netem delay 25ms 25ms,ONE,2,cassandra3,cassandra2,2,False,True,
1,2,1,MONOTONIC_WRITES,normal,netem delay 25ms 25ms,ONE,3,cassandra1,cassandra3,3,False,True,
1,2,2,MONOTONIC_WRITES,normal,netem delay 25ms 25ms,ONE,3,cassandra1,cassandra1,3,False,True,
1,2,3,MONOTONIC_WRITES,normal,netem delay 25ms 25ms,ONE,3,cassandra1,cassandra3,3,False,True,
1,3,1,MONOTONIC_WRITES,normal,netem delay 25ms 25ms,ONE,4,cassandra1,cassandra3,3,True,True,
1,3,2,MONOTONIC_WRITES,normal,netem delay 25ms 25ms,ONE,4,cassandra1,cassandra3,4,False,True,
1,3,3,MONOTONIC_WRITES,normal,netem delay 25ms 25ms,ONE,4,cassandra1,cassandra1,4,False,True,
1,4,1,MONOTONIC_WRITES,normal,netem delay 25ms 25ms,ONE,5,cassandra1,cassandra2,4,True,True,
1,4,2,MONOTONIC_WRITES,normal,netem delay 25ms 25ms,ONE,5,cassandra1,cassandra1,5,False,True,
1,4,3,MONOTONIC_WRITES,normal,netem delay 25ms 25ms,ONE,5,cassandra1,cassandra3,5,False,True,
1,5,1,MONOTONIC_WRITES,normal,netem delay 25ms 25ms,ONE,6,cassandra2,cassandra2,6,False,True,
1,5,2,MONOTONIC_WRITES,normal,netem delay 25ms 25ms,ONE,6,cassandra2,cassandra2,6,False,True,
1,5,3,MONOTONIC_WRITES,normal,netem delay 25ms 25ms,ONE,6,cassandra2,cassandra2,6,False,True,
2,1,1,MONOTONIC_WRITES,normal,netem delay 25ms 25ms,ONE,2,cassandra1,cassandra3,2,False,True,
2,1,2,MONOTONIC_WRITES,normal,netem delay 25ms 25ms,ONE,2,cassandra1,cassandra1,2,False,True,
2,1,3,MONOTONIC_WRITES,normal,netem delay 25ms 25ms,ONE,2,cassandra1,cassandra1,2,False,True,
2,2,1,MONOTONIC_WRITES,normal,netem delay 25ms 25ms,ONE,3,cassandra3,cassandra2,3,False,True,
2,2,2,MONOTONIC_WRITES,normal,netem delay 25ms 25ms,ONE,3,cassandra3,cassandra2,3,False,True,
2,2,3,MONOTONIC_WRITES,normal,netem delay 25ms 25ms,ONE,3,cassandra3,cassandra2,3,False,True,
2,3,1,MONOTONIC_WRITES,normal,netem delay 25ms 25ms,ONE,4,cassandra3,cassandra3,4,False,True,
2,3,2,MONOTONIC_WRITES,normal,netem delay 25ms 25ms,ONE,4,cassandra3,cassandra2,4,False,True,
2,3,3,MONOTONIC_WRITES,normal,netem delay 25ms 25ms,ONE,4,cassandra3,cassandra2,4,False,True,
2,4,1,MONOTONIC_WRITES,normal,netem delay 25ms 25ms,ONE,5,cassandra1,cassandra2,5,False,True,
2,4,2,MONOTONIC_WRITES,normal,netem delay 25ms 25ms,ONE,5,cassandra1,cassandra2,5,False,True,
2,4,3,MONOTONIC_WRITES,normal,netem delay 25ms 25ms,ONE,5,cassandra1,cassandra3,5,False,True,
2,5,1,MONOTONIC_WRITES,normal,netem delay 25ms 25ms,ONE,6,cassandra3,cassandra1,6,False,True,
2,5,2,MONOTONIC_WRITES,normal,netem delay 25ms 25ms,ONE,6,cassandra3,cassandra2,6,False,True,
2,5,3,MONOTONIC_WRITES,normal,netem delay 25ms 25ms,ONE,6,cassandra3,cassandra3,6,False,True,
3,1,1,MONOTONIC_WRITES,normal,netem delay 25ms 25ms,ONE,2,cassandra3,cassandra3,2,False,True,
3,1,2,MONOTONIC_WRITES,normal,netem delay 25ms 25ms,ONE,2,cassandra3,cassandra2,2,False,True,
3,1,3,MONOTONIC_WRITES,normal,netem delay 25ms 25ms,ONE,2,cassandra3,cassandra2,2,False,True,
3,2,1,MONOTONIC_WRITES,normal,netem delay 25ms 25ms,ONE,3,cassandra1,cassandra1,3,False,True,
3,2,2,MONOTONIC_WRITES,normal,netem delay 25ms 25ms,ONE,3,cassandra1,cassandra3,2,True,True,
3,2,3,MONOTONIC_WRITES,normal,netem delay 25ms 25ms,ONE,3,cassandra1,cassandra3,3,False,True,
3,3,1,MONOTONIC_WRITES,normal,netem delay 25ms 25ms,ONE,4,cassandra2,cassandra1,4,False,True,
3,3,2,MONOTONIC_WRITES,normal,netem delay 25ms 25ms,ONE,4,cassandra2,cassandra2,4,False,True,
3,3,3,MONOTONIC_WRITES,normal,netem delay 25ms 25ms,ONE,4,cassandra2,cassandra2,4,False,True,
3,4,1,MONOTONIC_WRITES,normal,netem delay 25ms 25ms,ONE,5,cassandra2,cassandra3,5,False,True,
3,4,2,MONOTONIC_WRITES,normal,netem delay 25ms 25ms,ONE,5,cassandra2,cassandra3,5,False,True,
3,4,3,MONOTONIC_WRITES,normal,netem delay 25ms 25ms,ONE,5,cassandra2,cassandra3,5,False,True,
3,5,1,MONOTONIC_WRITES,normal,netem delay 25ms 25ms,ONE,6,cassandra1,cassandra3,6,False,True,
3,5,2,MONOTONIC_WRITES,normal,netem delay 25ms 25ms,ONE,6,cassandra1,cassandra3,6,False,True,
3,5,3,MONOTONIC_WRITES,normal,netem delay 25ms 25ms,ONE,6,cassandra1,cassandra3,6,False,True,
4,1,1,MONOTONIC_WRITES,normal,netem delay 25ms 25ms,ONE,2,cassandra3,cassandra2,2,False,True,
4,1,2,MONOTONIC_WRITES,normal,netem delay 25ms 25ms,ONE,2,cassandra3,cassandra1,2,False,True,
4,1,3,MONOTONIC_WRITES,normal,netem delay 25ms 25ms,ONE,2,cassandra3,cassandra1,2,False,True,
4,2,1,MONOTONIC_WRITES,normal,netem delay 25ms 25ms,ONE,3,cassandra3,cassandra1,3,False,True,
4,2,2,MONOTONIC_WRITES,normal,netem delay 25ms 25ms,ONE,3,cassandra3,cassandra3,3,False,True,
4,2,3,MONOTONIC_WRITES,normal,netem delay 25ms 25ms,ONE,3,cassandra3,cassandra3,3,False,True,
4,3,1,MONOTONIC_WRITES,normal,netem delay 25ms 25ms,ONE,4,cassandra3,cassandra3,4,False,True,
4,3,2,MONOTONIC_WRITES,normal,netem delay 25ms 25ms,ONE,4,cassandra3,cassandra1,4,False,True,
4,3,3,MONOTONIC_WRITES,normal,netem delay 25ms 25ms,ONE,4,cassandra3,cassandra3,4,False,True,
4,4,1,MONOTONIC_WRITES,normal,netem delay 25ms 25ms,ONE,5,cassandra1,cassandra3,5,False,True,
4,4,2,MONOTONIC_WRITES,normal,netem delay 25ms 25ms,ONE,5,cassandra1,cassandra1,5,False,True,
4,4,3,MONOTONIC_WRITES,normal,netem delay 25ms 25ms,ONE,5,cassandra1,cassandra1,5,False,True,
4,5,1,MONOTONIC_WRITES,normal,netem delay 25ms 25ms,ONE,6,cassandra2,cassandra1,6,False,True,
4,5,2,MONOTONIC_WRITES,normal,netem delay 25ms 25ms,ONE,6,cassandra2,cassandra2,6,False,True,
4,5,3,MONOTONIC_WRITES,normal,netem delay 25ms 25ms,ONE,6,cassandra2,cassandra3,6,False,True,
5,1,1,MONOTONIC_WRITES,normal,netem delay 25ms 25ms,ONE,2,cassandra3,cassandra3,2,False,True,
5,1,2,MONOTONIC_WRITES,normal,netem delay 25ms 25ms,ONE,2,cassandra3,cassandra2,2,False,True,
5,1,3,MONOTONIC_WRITES,normal,netem delay 25ms 25ms,ONE,2,cassandra3,cassandra1,2,False,True,
5,2,1,MONOTONIC_WRITES,normal,netem delay 25ms 25ms,ONE,3,cassandra2,cassandra3,2,True,True,
5,2,2,MONOTONIC_WRITES,normal,netem delay 25ms 25ms,ONE,3,cassandra2,cassandra2,3,False,True,
5,2,3,MONOTONIC_WRITES,normal,netem delay 25ms 25ms,ONE,3,cassandra2,cassandra3,3,False,True,
5,3,1,MONOTONIC_WRITES,normal,netem delay 25ms 25ms,ONE,4,cassandra1,cassandra3,4,False,True,
5,3,2,MONOTONIC_WRITES,normal,netem delay 25ms 25ms,ONE,4,cassandra1,cassandra1,4,False,True,
5,3,3,MONOTONIC_WRITES,normal,netem delay 25ms 25ms,ONE,4,cassandra1,cassandra2,4,False,True,
5,4,1,MONOTONIC_WRITES,normal,netem delay 25ms 25ms,ONE,5,cassandra1,cassandra3,5,False,True,
5,4,2,MONOTONIC_WRITES,normal,netem delay 25ms 25ms,ONE,5,cassandra1,cassandra1,5,False,True,
5,4,3,MONOTONIC_WRITES,normal,netem delay 25ms 25ms,ONE,5,cassandra1,cassandra2,5,False,True,
5,5,1,MONOTONIC_WRITES,normal,netem delay 25ms 25ms,ONE,6,cassandra2,cassandra3,5,True,True,
5,5,2,MONOTONIC_WRITES,normal,netem delay 25ms 25ms,ONE,6,cassandra2,cassandra2,6,False,True,
5,5,3,MONOTONIC_WRITES,normal,netem delay 25ms 25ms,ONE,6,cassandra2,cassandra2,6,False,True,
6,1,1,MONOTONIC_WRITES,normal,netem delay 25ms 25ms,ONE,2,cassandra1,cassandra1,2,False,True,
6,1,2,MONOTONIC_WRITES,normal,netem delay 25ms 25ms,ONE,2,cassandra1,cassandra2,2,False,True,
6,1,3,MONOTONIC_WRITES,normal,netem delay 25ms 25ms,ONE,2,cassandra1,cassandra3,2,False,True,
6,2,1,MONOTONIC_WRITES,normal,netem delay 25ms 25ms,ONE,3,cassandra1,cassandra3,3,False,True,
6,2,2,MONOTONIC_WRITES,normal,netem delay 25ms 25ms,ONE,3,cassandra1,cassandra3,3,False,True,
6,2,3,MONOTONIC_WRITES,normal,netem delay 25ms 25ms,ONE,3,cassandra1,cassandra2,3,False,True,
6,3,1,MONOTONIC_WRITES,normal,netem delay 25ms 25ms,ONE,4,cassandra1,cassandra1,4,False,True,
6,3,2,MONOTONIC_WRITES,normal,netem delay 25ms 25ms,ONE,4,cassandra1,cassandra1,4,False,True,
6,3,3,MONOTONIC_WRITES,normal,netem delay 25ms 25ms,ONE,4,cassandra1,cassandra2,4,False,True,
6,4,1,MONOTONIC_WRITES,normal,netem delay 25ms 25ms,ONE,5,cassandra3,cassandra1,5,False,True,
6,4,2,MONOTONIC_WRITES,normal,netem delay 25ms 25ms,ONE,5,cassandra3,cassandra2,5,False,True,
6,4,3,MONOTONIC_WRITES,normal,netem delay 25ms 25ms,ONE,5,cassandra3,cassandra1,5,False,True,
6,5,1,MONOTONIC_WRITES,normal,netem delay 25ms 25ms,ONE,6,cassandra3,cassandra1,6,False,True,
6,5,2,MONOTONIC_WRITES,normal,netem delay 25ms 25ms,ONE,6,cassandra3,cassandra1,6,False,True,
6,5,3,MONOTONIC_WRITES,normal,netem delay 25ms 25ms,ONE,6,cassandra3,cassandra1,6,False,True,
7,1,1,MONOTONIC_WRITES,normal,netem delay 25ms 25ms,ONE,2,cassandra2,cassandra3,2,False,True,
7,1,2,MONOTONIC_WRITES,normal,netem delay 25ms 25ms,ONE,2,cassandra2,cassandra3,2,False,True,
7,1,3,MONOTONIC_WRITES,normal,netem delay 25ms 25ms,ONE,2,cassandra2,cassandra1,2,False,True,
7,2,1,MONOTONIC_WRITES,normal,netem delay 25ms 25ms,ONE,3,cassandra3,cassandra2,2,True,True,
7,2,2,MONOTONIC_WRITES,normal,netem delay 25ms 25ms,ONE,3,cassandra3,cassandra2,3,False,True,
7,2,3,MONOTONIC_WRITES,normal,netem delay 25ms 25ms,ONE,3,cassandra3,cassandra1,3,False,True,
7,3,1,MONOTONIC_WRITES,normal,netem delay 25ms 25ms,ONE,4,cassandra2,cassandra2,4,False,True,
7,3,2,MONOTONIC_WRITES,normal,netem delay 25ms 25ms,ONE,4,cassandra2,cassandra3,4,False,True,
7,3,3,MONOTONIC_WRITES,normal,netem delay 25ms 25ms,ONE,4,cassandra2,cassandra3,4,False,True,
7,4,1,MONOTONIC_WRITES,normal,netem delay 25ms 25ms,ONE,5,cassandra3,cassandra1,5,False,True,
7,4,2,MONOTONIC_WRITES,normal,netem delay 25ms 25ms,ONE,5,cassandra3,cassandra3,5,False,True,
7,4,3,MONOTONIC_WRITES,normal,netem delay 25ms 25ms,ONE,5,cassandra3,cassandra2,5,False,True,
7,5,1,MONOTONIC_WRITES,normal,netem delay 25ms 25ms,ONE,6,cassandra2,cassandra1,6,False,True,
7,5,2,MONOTONIC_WRITES,normal,netem delay 25ms 25ms,ONE,6,cassandra2,cassandra3,6,False,True,
7,5,3,MONOTONIC_WRITES,normal,netem delay 25ms 25ms,ONE,6,cassandra2,cassandra1,6,False,True,
8,1,1,MONOTONIC_WRITES,normal,netem delay 25ms 25ms,ONE,2,cassandra1,cassandra2,1,True,True,
8,1,2,MONOTONIC_WRITES,normal,netem delay 25ms 25ms,ONE,2,cassandra1,cassandra1,2,False,True,
8,1,3,MONOTONIC_WRITES,normal,netem delay 25ms 25ms,ONE,2,cassandra1,cassandra1,2,False,True,
8,2,1,MONOTONIC_WRITES,normal,netem delay 25ms 25ms,ONE,3,cassandra2,cassandra3,2,True,True,
8,2,2,MONOTONIC_WRITES,normal,netem delay 25ms 25ms,ONE,3,cassandra2,cassandra3,3,False,True,
8,2,3,MONOTONIC_WRITES,normal,netem delay 25ms 25ms,ONE,3,cassandra2,cassandra3,3,False,True,
8,3,1,MONOTONIC_WRITES,normal,netem delay 25ms 25ms,ONE,4,cassandra3,cassandra2,4,False,True,
8,3,2,MONOTONIC_WRITES,normal,netem delay 25ms 25ms,ONE,4,cassandra3,cassandra2,4,False,True,
8,3,3,MONOTONIC_WRITES,normal,netem delay 25ms 25ms,ONE,4,cassandra3,cassandra2,4,False,True,
8,4,1,MONOTONIC_WRITES,normal,netem delay 25ms 25ms,ONE,5,cassandra1,cassandra2,5,False,True,
8,4,2,MONOTONIC_WRITES,normal,netem delay 25ms 25ms,ONE,5,cassandra1,cassandra2,5,False,True,
8,4,3,MONOTONIC_WRITES,normal,netem delay 25ms 25ms,ONE,5,cassandra1,cassandra3,5,False,True,
8,5,1,MONOTONIC_WRITES,normal,netem delay 25ms 25ms,ONE,6,cassandra1,cassandra1,6,False,True,
8,5,2,MONOTONIC_WRITES,normal,netem delay 25ms 25ms,ONE,6,cassandra1,cassandra2,6,False,True,
8,5,3,MONOTONIC_WRITES,normal,netem delay 25ms 25ms,ONE,6,cassandra1,cassandra2,6,False,True,
9,1,1,MONOTONIC_WRITES,normal,netem delay 25ms 25ms,ONE,2,cassandra1,cassandra2,2,False,True,
9,1,2,MONOTONIC_WRITES,normal,netem delay 25ms 25ms,ONE,2,cassandra1,cassandra1,2,False,True,
9,1,3,MONOTONIC_WRITES,normal,netem delay 25ms 25ms,ONE,2,cassandra1,cassandra3,2,False,True,
9,2,1,MONOTONIC_WRITES,normal,netem delay 25ms 25ms,ONE,3,cassandra3,cassandra1,3,False,True,
9,2,2,MONOTONIC_WRITES,normal,netem delay 25ms 25ms,ONE,3,cassandra3,cassandra2,3,False,True,
9,2,3,MONOTONIC_WRITES,normal,netem delay 25ms 25ms,ONE,3,cassandra3,cassandra2,3,False,True,
9,3,1,MONOTONIC_WRITES,normal,netem delay 25ms 25ms,ONE,4,cassandra1,cassandra3,3,True,True,
9,3,2,MONOTONIC_WRITES,normal,netem delay 25ms 25ms,ONE,4,cassandra1,cassandra3,4,False,True,
9,3,3,MONOTONIC_WRITES,normal,netem delay 25ms 25ms,ONE,4,cassandra1,cassandra3,4,False,True,
9,4,1,MONOTONIC_WRITES,normal,netem delay 25ms 25ms,ONE,5,cassandra1,cassandra3,4,True,True,
9,4,2,MONOTONIC_WRITES,normal,netem delay 25ms 25ms,ONE,5,cassandra1,cassandra2,5,False,True,
9,4,3,MONOTONIC_WRITES,normal,netem delay 25ms 25ms,ONE,5,cassandra1,cassandra1,5,False,True,
9,5,1,MONOTONIC_WRITES,normal,netem delay 25ms 25ms,ONE,6,cassandra3,cassandra1,5,True,True,
9,5,2,MONOTONIC_WRITES,normal,netem delay 25ms 25ms,ONE,6,cassandra3,cassandra2,6,False,True,
9,5,3,MONOTONIC_WRITES,normal,netem delay 25ms 25ms,ONE,6,cassandra3,cassandra2,6,False,True,
10,1,1,MONOTONIC_WRITES,normal,netem delay 25ms 25ms,ONE,2,cassandra1,cassandra3,2,False,True,
10,1,2,MONOTONIC_WRITES,normal,netem delay 25ms 25ms,ONE,2,cassandra1,cassandra3,2,False,True,
10,1,3,MONOTONIC_WRITES,normal,netem delay 25ms 25ms,ONE,2,cassandra1,cassandra3,2,False,True,
10,2,1,MONOTONIC_WRITES,normal,netem delay 25ms 25ms,ONE,3,cassandra1,cassandra3,3,False,True,
10,2,2,MONOTONIC_WRITES,normal,netem delay 25ms 25ms,ONE,3,cassandra1,cassandra3,3,False,True,
10,2,3,MONOTONIC_WRITES,normal,netem delay 25ms 25ms,ONE,3,cassandra1,cassandra3,3,False,True,
10,3,1,MONOTONIC_WRITES,normal,netem delay 25ms 25ms,ONE,4,cassandra1,cassandra2,4,False,True,
10,3,2,MONOTONIC_WRITES,normal,netem delay 25ms 25ms,ONE,4,cassandra1,cassandra3,4,False,True,
10,3,3,MONOTONIC_WRITES,normal,netem delay 25ms 25ms,ONE,4,cassandra1,cassandra2,4,False,True,
10,4,1,MONOTONIC_WRITES,normal,netem delay 25ms 25ms,ONE,5,cassandra1,cassandra3,5,False,True,
10,4,2,MONOTONIC_WRITES,normal,netem delay 25ms 25ms,ONE,5,cassandra1,cassandra3,5,False,True,
10,4,3,MONOTONIC_WRITES,normal,netem delay 25ms 25ms,ONE,5,cassandra1,cassandra3,5,False,True,
10,5,1,MONOTONIC_WRITES,normal,netem delay 25ms 25ms,ONE,6,cassandra2,cassandra2,6,False,True,
10,5,2,MONOTONIC_WRITES,normal,netem delay 25ms 25ms,ONE,6,cassandra2,cassandra3,6,False,True,
10,5,3,MONOTONIC_WRITES,normal,netem delay 25ms 25ms,ONE,6,cassandra2,cassandra3,6,False,True,
11,1,1,MONOTONIC_WRITES,normal,netem delay 25ms 25ms,ONE,2,cassandra1,cassandra1,2,False,True,
11,1,2,MONOTONIC_WRITES,normal,netem delay 25ms 25ms,ONE,2,cassandra1,cassandra2,2,False,True,
11,1,3,MONOTONIC_WRITES,normal,netem delay 25ms 25ms,ONE,2,cassandra1,cassandra3,2,False,True,
11,2,1,MONOTONIC_WRITES,normal,netem delay 25ms 25ms,ONE,3,cassandra2,cassandra3,2,True,True,
11,2,2,MONOTONIC_WRITES,normal,netem delay 25ms 25ms,ONE,3,cassandra2,cassandra1,3,False,True,
11,2,3,MONOTONIC_WRITES,normal,netem delay 25ms 25ms,ONE,3,cassandra2,cassandra3,3,False,True,
11,3,1,MONOTONIC_WRITES,normal,netem delay 25ms 25ms,ONE,4,cassandra3,cassandra2,4,False,True,
11,3,2,MONOTONIC_WRITES,normal,netem delay 25ms 25ms,ONE,4,cassandra3,cassandra3,4,False,True,
11,3,3,MONOTONIC_WRITES,normal,netem delay 25ms 25ms,ONE,4,cassandra3,cassandra1,4,False,True,
11,4,1,MONOTONIC_WRITES,normal,netem delay 25ms 25ms,ONE,5,cassandra2,cassandra2,5,False,True,
11,4,2,MONOTONIC_WRITES,normal,netem delay 25ms 25ms,ONE,5,cassandra2,cassandra3,5,False,True,
11,4,3,MONOTONIC_WRITES,normal,netem delay 25ms 25ms,ONE,5,cassandra2,cassandra1,5,False,True,
11,5,1,MONOTONIC_WRITES,normal,netem delay 25ms 25ms,ONE,6,cassandra3,cassandra1,6,False,True,
11,5,2,MONOTONIC_WRITES,normal,netem delay 25ms 25ms,ONE,6,cassandra3,cassandra3,6,False,True,
11,5,3,MONOTONIC_WRITES,normal,netem delay 25ms 25ms,ONE,6,cassandra3,cassandra2,6,False,True,
12,1,1,MONOTONIC_WRITES,normal,netem delay 25ms 25ms,ONE,2,cassandra2,cassandra1,2,False,True,
12,1,2,MONOTONIC_WRITES,normal,netem delay 25ms 25ms,ONE,2,cassandra2,cassandra1,2,False,True,
12,1,3,MONOTONIC_WRITES,normal,netem delay 25ms 25ms,ONE,2,cassandra2,cassandra3,2,False,True,
12,2,1,MONOTONIC_WRITES,normal,netem delay 25ms 25ms,ONE,3,cassandra3,cassandra3,3,False,True,
12,2,2,MONOTONIC_WRITES,normal,netem delay 25ms 25ms,ONE,3,cassandra3,cassandra2,3,False,True,
12,2,3,MONOTONIC_WRITES,normal,netem delay 25ms 25ms,ONE,3,cassandra3,cassandra2,3,False,True,
12,3,1,MONOTONIC_WRITES,normal,netem delay 25ms 25ms,ONE,4,cassandra2,cassandra1,4,False,True,
12,3,2,MONOTONIC_WRITES,normal,netem delay 25ms 25ms,ONE,4,cassandra2,cassandra1,4,False,True,
12,3,3,MONOTONIC_WRITES,normal,netem delay 25ms 25ms,ONE,4,cassandra2,cassandra2,4,False,True,
12,4,1,MONOTONIC_WRITES,normal,netem delay 25ms 25ms,ONE,5,cassandra1,cassandra3,4,True,True,
12,4,2,MONOTONIC_WRITES,normal,netem delay 25ms 25ms,ONE,5,cassandra1,cassandra3,5,False,True,
12,4,3,MONOTONIC_WRITES,normal,netem delay 25ms 25ms,ONE,5,cassandra1,cassandra2,5,False,True,
12,5,1,MONOTONIC_WRITES,normal,netem delay 25ms 25ms,ONE,6,cassandra1,cassandra1,6,False,True,
12,5,2,MONOTONIC_WRITES,normal,netem delay 25ms 25ms,ONE,6,cassandra1,cassandra1,6,False,True,
12,5,3,MONOTONIC_WRITES,normal,netem delay 25ms 25ms,ONE,6,cassandra1,cassandra2,6,False,True,
13,1,1,MONOTONIC_WRITES,normal,netem delay 25ms 25ms,ONE,2,cassandra3,cassandra3,2,False,True,
13,1,2,MONOTONIC_WRITES,normal,netem delay 25ms 25ms,ONE,2,cassandra3,cassandra1,2,False,True,
13,1,3,MONOTONIC_WRITES,normal,netem delay 25ms 25ms,ONE,2,cassandra3,cassandra1,2,False,True,
13,2,1,MONOTONIC_WRITES,normal,netem delay 25ms 25ms,ONE,3,cassandra1,cassandra1,3,False,True,
13,2,2,MONOTONIC_WRITES,normal,netem delay 25ms 25ms,ONE,3,cassandra1,cassandra1,3,False,True,
13,2,3,MONOTONIC_WRITES,normal,netem delay 25ms 25ms,ONE,3,cassandra1,cassandra1,3,False,True,
13,3,1,MONOTONIC_WRITES,normal,netem delay 25ms 25ms,ONE,4,cassandra3,cassandra1,4,False,True,
13,3,2,MONOTONIC_WRITES,normal,netem delay 25ms 25ms,ONE,4,cassandra3,cassandra1,4,False,True,
13,3,3,MONOTONIC_WRITES,normal,netem delay 25ms 25ms,ONE,4,cassandra3,cassandra1,4,False,True,
13,4,1,MONOTONIC_WRITES,normal,netem delay 25ms 25ms,ONE,5,cassandra3,cassandra3,5,False,True,
13,4,2,MONOTONIC_WRITES,normal,netem delay 25ms 25ms,ONE,5,cassandra3,cassandra1,5,False,True,
13,4,3,MONOTONIC_WRITES,normal,netem delay 25ms 25ms,ONE,5,cassandra3,cassandra3,5,False,True,
13,5,1,MONOTONIC_WRITES,normal,netem delay 25ms 25ms,ONE,6,cassandra1,cassandra3,5,True,True,
13,5,2,MONOTONIC_WRITES,normal,netem delay 25ms 25ms,ONE,6,cassandra1,cassandra3,5,True,True,
13,5,3,MONOTONIC_WRITES,normal,netem delay 25ms 25ms,ONE,6,cassandra1,cassandra2,6,False,True,
14,1,1,MONOTONIC_WRITES,normal,netem delay 25ms 25ms,ONE,2,cassandra1,cassandra1,2,False,True,
14,1,2,MONOTONIC_WRITES,normal,netem delay 25ms 25ms,ONE,2,cassandra1,cassandra2,2,False,True,
14,1,3,MONOTONIC_WRITES,normal,netem delay 25ms 25ms,ONE,2,cassandra1,cassandra3,2,False,True,
14,2,1,MONOTONIC_WRITES,normal,netem delay 25ms 25ms,ONE,3,cassandra3,cassandra1,3,False,True,
14,2,2,MONOTONIC_WRITES,normal,netem delay 25ms 25ms,ONE,3,cassandra3,cassandra1,3,False,True,
14,2,3,MONOTONIC_WRITES,normal,netem delay 25ms 25ms,ONE,3,cassandra3,cassandra2,3,False,True,
14,3,1,MONOTONIC_WRITES,normal,netem delay 25ms 25ms,ONE,4,cassandra3,cassandra1,4,False,True,
14,3,2,MONOTONIC_WRITES,normal,netem delay 25ms 25ms,ONE,4,cassandra3,cassandra1,4,False,True,
14,3,3,MONOTONIC_WRITES,normal,netem delay 25ms 25ms,ONE,4,cassandra3,cassandra2,4,False,True,
14,4,1,MONOTONIC_WRITES,normal,netem delay 25ms 25ms,ONE,5,cassandra1,cassandra1,5,False,True,
14,4,2,MONOTONIC_WRITES,normal,netem delay 25ms 25ms,ONE,5,cassandra1,cassandra3,5,False,True,
14,4,3,MONOTONIC_WRITES,normal,netem delay 25ms 25ms,ONE,5,cassandra1,cassandra1,5,False,True,
14,5,1,MONOTONIC_WRITES,normal,netem delay 25ms 25ms,ONE,6,cassandra3,cassandra2,6,False,True,
14,5,2,MONOTONIC_WRITES,normal,netem delay 25ms 25ms,ONE,6,cassandra3,cassandra3,6,False,True,
14,5,3,MONOTONIC_WRITES,normal,netem delay 25ms 25ms,ONE,6,cassandra3,cassandra1,6,False,True,
15,1,1,MONOTONIC_WRITES,normal,netem delay 25ms 25ms,ONE,2,cassandra2,cassandra1,2,False,True,
15,1,2,MONOTONIC_WRITES,normal,netem delay 25ms 25ms,ONE,2,cassandra2,cassandra3,2,False,True,
15,1,3,MONOTONIC_WRITES,normal,netem delay 25ms 25ms,ONE,2,cassandra2,cassandra1,2,False,True,
15,2,1,MONOTONIC_WRITES,normal,netem delay 25ms 25ms,ONE,3,cassandra3,cassandra1,3,False,True,
15,2,2,MONOTONIC_WRITES,normal,netem delay 25ms 25ms,ONE,3,cassandra3,cassandra3,3,False,True,
15,2,3,MONOTONIC_WRITES,normal,netem delay 25ms 25ms,ONE,3,cassandra3,cassandra3,3,False,True,
15,3,1,MONOTONIC_WRITES,normal,netem delay 25ms 25ms,ONE,4,cassandra1,cassandra2,3,True,True,
15,3,2,MONOTONIC_WRITES,normal,netem delay 25ms 25ms,ONE,4,cassandra1,cassandra2,4,False,True,
15,3,3,MONOTONIC_WRITES,normal,netem delay 25ms 25ms,ONE,4,cassandra1,cassandra1,4,False,True,
15,4,1,MONOTONIC_WRITES,normal,netem delay 25ms 25ms,ONE,5,cassandra2,cassandra2,5,False,True,
15,4,2,MONOTONIC_WRITES,normal,netem delay 25ms 25ms,ONE,5,cassandra2,cassandra1,5,False,True,
15,4,3,MONOTONIC_WRITES,normal,netem delay 25ms 25ms,ONE,5,cassandra2,cassandra1,5,False,True,
15,5,1,MONOTONIC_WRITES,normal,netem delay 25ms 25ms,ONE,6,cassandra2,cassandra3,6,False,True,
15,5,2,MONOTONIC_WRITES,normal,netem delay 25ms 25ms,ONE,6,cassandra2,cassandra1,6,False,True,
15,5,3,MONOTONIC_WRITES,normal,netem delay 25ms 25ms,ONE,6,cassandra2,cassandra2,6,False,True,
16,1,1,MONOTONIC_WRITES,normal,netem delay 25ms 25ms,ONE,2,cassandra1,cassandra2,1,True,True,
16,1,2,MONOTONIC_WRITES,normal,netem delay 25ms 25ms,ONE,2,cassandra1,cassandra3,2,False,True,
16,1,3,MONOTONIC_WRITES,normal,netem delay 25ms 25ms,ONE,2,cassandra1,cassandra3,2,False,True,
16,2,1,MONOTONIC_WRITES,normal,netem delay 25ms 25ms,ONE,3,cassandra2,cassandra3,2,True,True,
16,2,2,MONOTONIC_WRITES,normal,netem delay 25ms 25ms,ONE,3,cassandra2,cassandra3,3,False,True,
16,2,3,MONOTONIC_WRITES,normal,netem delay 25ms 25ms,ONE,3,cassandra2,cassandra3,3,False,True,
16,3,1,MONOTONIC_WRITES,normal,netem delay 25ms 25ms,ONE,4,cassandra1,cassandra2,3,True,True,
16,3,2,MONOTONIC_WRITES,normal,netem delay 25ms 25ms,ONE,4,cassandra1,cassandra3,4,False,True,
16,3,3,MONOTONIC_WRITES,normal,netem delay 25ms 25ms,ONE,4,cassandra1,cassandra3,4,False,True,
16,4,1,MONOTONIC_WRITES,normal,netem delay 25ms 25ms,ONE,5,cassandra1,cassandra1,5,False,True,
16,4,2,MONOTONIC_WRITES,normal,netem delay 25ms 25ms,ONE,5,cassandra1,cassandra2,5,False,True,
16,4,3,MONOTONIC_WRITES,normal,netem delay 25ms 25ms,ONE,5,cassandra1,cassandra2,5,False,True,
16,5,1,MONOTONIC_WRITES,normal,netem delay 25ms 25ms,ONE,6,cassandra2,cassandra3,6,False,True,
16,5,2,MONOTONIC_WRITES,normal,netem delay 25ms 25ms,ONE,6,cassandra2,cassandra1,6,False,True,
16,5,3,MONOTONIC_WRITES,normal,netem delay 25ms 25ms,ONE,6,cassandra2,cassandra1,6,False,True,
17,1,1,MONOTONIC_WRITES,normal,netem delay 25ms 25ms,ONE,2,cassandra3,cassandra1,2,False,True,
17,1,2,MONOTONIC_WRITES,normal,netem delay 25ms 25ms,ONE,2,cassandra3,cassandra2,2,False,True,
17,1,3,MONOTONIC_WRITES,normal,netem delay 25ms 25ms,ONE,2,cassandra3,cassandra1,2,False,True,
17,2,1,MONOTONIC_WRITES,normal,netem delay 25ms 25ms,ONE,3,cassandra3,cassandra3,3,False,True,
17,2,2,MONOTONIC_WRITES,normal,netem delay 25ms 25ms,ONE,3,cassandra3,cassandra2,3,False,True,
17,2,3,MONOTONIC_WRITES,normal,netem delay 25ms 25ms,ONE,3,cassandra3,cassandra1,3,False,True,
17,3,1,MONOTONIC_WRITES,normal,netem delay 25ms 25ms,ONE,4,cassandra1,cassandra1,4,False,True,
17,3,2,MONOTONIC_WRITES,normal,netem delay 25ms 25ms,ONE,4,cassandra1,cassandra2,4,False,True,
17,3,3,MONOTONIC_WRITES,normal,netem delay 25ms 25ms,ONE,4,cassandra1,cassandra3,4,False,True,
17,4,1,MONOTONIC_WRITES,normal,netem delay 25ms 25ms,ONE,5,cassandra1,cassandra2,5,False,True,
17,4,2,MONOTONIC_WRITES,normal,netem delay 25ms 25ms,ONE,5,cassandra1,cassandra2,5,False,True,
17,4,3,MONOTONIC_WRITES,normal,netem delay 25ms 25ms,ONE,5,cassandra1,cassandra3,5,False,True,
17,5,1,MONOTONIC_WRITES,normal,netem delay 25ms 25ms,ONE,6,cassandra1,cassandra3,6,False,True,
17,5,2,MONOTONIC_WRITES,normal,netem delay 25ms 25ms,ONE,6,cassandra1,cassandra2,6,False,True,
17,5,3,MONOTONIC_WRITES,normal,netem delay 25ms 25ms,ONE,6,cassandra1,cassandra3,6,False,True,
18,1,1,MONOTONIC_WRITES,normal,netem delay 25ms 25ms,ONE,2,cassandra2,cassandra3,2,False,True,
18,1,2,MONOTONIC_WRITES,normal,netem delay 25ms 25ms,ONE,2,cassandra2,cassandra1,2,False,True,
18,1,3,MONOTONIC_WRITES,normal,netem delay 25ms 25ms,ONE,2,cassandra2,cassandra3,2,False,True,
18,2,1,MONOTONIC_WRITES,normal,netem delay 25ms 25ms,ONE,3,cassandra3,cassandra2,3,False,True,
18,2,2,MONOTONIC_WRITES,normal,netem delay 25ms 25ms,ONE,3,cassandra3,cassandra2,3,False,True,
18,2,3,MONOTONIC_WRITES,normal,netem delay 25ms 25ms,ONE,3,cassandra3,cassandra2,3,False,True,
18,3,1,MONOTONIC_WRITES,normal,netem delay 25ms 25ms,ONE,4,cassandra3,cassandra2,3,True,True,
18,3,2,MONOTONIC_WRITES,normal,netem delay 25ms 25ms,ONE,4,cassandra3,cassandra2,4,False,True,
18,3,3,MONOTONIC_WRITES,normal,netem delay 25ms 25ms,ONE,4,cassandra3,cassandra2,4,False,True,
18,4,1,MONOTONIC_WRITES,normal,netem delay 25ms 25ms,ONE,5,cassandra1,cassandra3,5,False,True,
18,4,2,MONOTONIC_WRITES,normal,netem delay 25ms 25ms,ONE,5,cassandra1,cassandra2,5,False,True,
18,4,3,MONOTONIC_WRITES,normal,netem delay 25ms 25ms,ONE,5,cassandra1,cassandra1,5,False,True,
18,5,1,MONOTONIC_WRITES,normal,netem delay 25ms 25ms,ONE,6,cassandra3,cassandra3,6,False,True,
18,5,2,MONOTONIC_WRITES,normal,netem delay 25ms 25ms,ONE,6,cassandra3,cassandra1,6,False,True,
18,5,3,MONOTONIC_WRITES,normal,netem delay 25ms 25ms,ONE,6,cassandra3,cassandra2,6,False,True,
19,1,1,MONOTONIC_WRITES,normal,netem delay 25ms 25ms,ONE,2,cassandra3,cassandra2,1,True,True,
19,1,2,MONOTONIC_WRITES,normal,netem delay 25ms 25ms,ONE,2,cassandra3,cassandra1,2,False,True,
19,1,3,MONOTONIC_WRITES,normal,netem delay 25ms 25ms,ONE,2,cassandra3,cassandra3,2,False,True,
19,2,1,MONOTONIC_WRITES,normal,netem delay 25ms 25ms,ONE,3,cassandra2,cassandra3,3,False,True,
19,2,2,MONOTONIC_WRITES,normal,netem delay 25ms 25ms,ONE,3,cassandra2,cassandra2,3,False,True,
19,2,3,MONOTONIC_WRITES,normal,netem delay 25ms 25ms,ONE,3,cassandra2,cassandra2,3,False,True,
19,3,1,MONOTONIC_WRITES,normal,netem delay 25ms 25ms,ONE,4,cassandra1,cassandra2,4,False,True,
19,3,2,MONOTONIC_WRITES,normal,netem delay 25ms 25ms,ONE,4,cassandra1,cassandra1,4,False,True,
19,3,3,MONOTONIC_WRITES,normal,netem delay 25ms 25ms,ONE,4,cassandra1,cassandra2,4,False,True,
19,4,1,MONOTONIC_WRITES,normal,netem delay 25ms 25ms,ONE,5,cassandra3,cassandra1,5,False,True,
19,4,2,MONOTONIC_WRITES,normal,netem delay 25ms 25ms,ONE,5,cassandra3,cassandra3,5,False,True,
19,4,3,MONOTONIC_WRITES,normal,netem delay 25ms 25ms,ONE,5,cassandra3,cassandra2,5,False,True,
19,5,1,MONOTONIC_WRITES,normal,netem delay 25ms 25ms,ONE,6,cassandra3,cassandra3,6,False,True,
19,5,2,MONOTONIC_WRITES,normal,netem delay 25ms 25ms,ONE,6,cassandra3,cassandra2,6,False,True,
19,5,3,MONOTONIC_WRITES,normal,netem delay 25ms 25ms,ONE,6,cassandra3,cassandra3,6,False,True,
20,1,1,MONOTONIC_WRITES,normal,netem delay 25ms 25ms,ONE,2,cassandra1,cassandra3,2,False,True,
20,1,2,MONOTONIC_WRITES,normal,netem delay 25ms 25ms,ONE,2,cassandra1,cassandra1,2,False,True,
20,1,3,MONOTONIC_WRITES,normal,netem delay 25ms 25ms,ONE,2,cassandra1,cassandra1,2,False,True,
20,2,1,MONOTONIC_WRITES,normal,netem delay 25ms 25ms,ONE,3,cassandra2,cassandra2,3,False,True,
20,2,2,MONOTONIC_WRITES,normal,netem delay 25ms 25ms,ONE,3,cassandra2,cassandra3,3,False,True,
20,2,3,MONOTONIC_WRITES,normal,netem delay 25ms 25ms,ONE,3,cassandra2,cassandra3,3,False,True,
20,3,1,MONOTONIC_WRITES,normal,netem delay 25ms 25ms,ONE,4,cassandra3,cassandra2,4,False,True,
20,3,2,MONOTONIC_WRITES,normal,netem delay 25ms 25ms,ONE,4,cassandra3,cassandra3,4,False,True,
20,3,3,MONOTONIC_WRITES,normal,netem delay 25ms 25ms,ONE,4,cassandra3,cassandra1,4,False,True,
20,4,1,MONOTONIC_WRITES,normal,netem delay 25ms 25ms,ONE,5,cassandra1,cassandra3,5,False,True,
20,4,2,MONOTONIC_WRITES,normal,netem delay 25ms 25ms,ONE,5,cassandra1,cassandra3,5,False,True,
20,4,3,MONOTONIC_WRITES,normal,netem delay 25ms 25ms,ONE,5,cassandra1,cassandra2,5,False,True,
20,5,1,MONOTONIC_WRITES,normal,netem delay 25ms 25ms,ONE,6,cassandra2,cassandra1,5,True,True,
20,5,2,MONOTONIC_WRITES,normal,netem delay 25ms 25ms,ONE,6,cassandra2,cassandra3,6,False,True,
20,5,3,MONOTONIC_WRITES,normal,netem delay 25ms 25ms,ONE,6,cassandra2,cassandra2,6,False,True,
21,1,1,MONOTONIC_WRITES,normal,netem delay 25ms 25ms,ONE,2,cassandra3,cassandra3,2,False,True,
21,1,2,MONOTONIC_WRITES,normal,netem delay 25ms 25ms,ONE,2,cassandra3,cassandra1,2,False,True,
21,1,3,MONOTONIC_WRITES,normal,netem delay 25ms 25ms,ONE,2,cassandra3,cassandra3,2,False,True,
21,2,1,MONOTONIC_WRITES,normal,netem delay 25ms 25ms,ONE,3,cassandra1,cassandra3,3,False,True,
21,2,2,MONOTONIC_WRITES,normal,netem delay 25ms 25ms,ONE,3,cassandra1,cassandra1,3,False,True,
21,2,3,MONOTONIC_WRITES,normal,netem delay 25ms 25ms,ONE,3,cassandra1,cassandra3,3,False,True,
21,3,1,MONOTONIC_WRITES,normal,netem delay 25ms 25ms,ONE,4,cassandra1,cassandra1,4,False,True,
21,3,2,MONOTONIC_WRITES,normal,netem delay 25ms 25ms,ONE,4,cassandra1,cassandra3,4,False,True,
21,3,3,MONOTONIC_WRITES,normal,netem delay 25ms 25ms,ONE,4,cassandra1,cassandra2,4,False,True,
21,4,1,MONOTONIC_WRITES,normal,netem delay 25ms 25ms,ONE,5,cassandra1,cassandra3,4,True,True,
21,4,2,MONOTONIC_WRITES,normal,netem delay 25ms 25ms,ONE,5,cassandra1,cassandra2,5,False,True,
21,4,3,MONOTONIC_WRITES,normal,netem delay 25ms 25ms,ONE,5,cassandra1,cassandra3,5,False,True,
21,5,1,MONOTONIC_WRITES,normal,netem delay 25ms 25ms,ONE,6,cassandra3,cassandra2,6,False,True,
21,5,2,MONOTONIC_WRITES,normal,netem delay 25ms 25ms,ONE,6,cassandra3,cassandra2,6,False,True,
21,5,3,MONOTONIC_WRITES,normal,netem delay 25ms 25ms,ONE,6,cassandra3,cassandra3,6,False,True,
22,1,1,MONOTONIC_WRITES,normal,netem delay 25ms 25ms,ONE,2,cassandra1,cassandra2,1,True,True,
22,1,2,MONOTONIC_WRITES,normal,netem delay 25ms 25ms,ONE,2,cassandra1,cassandra2,2,False,True,
22,1,3,MONOTONIC_WRITES,normal,netem delay 25ms 25ms,ONE,2,cassandra1,cassandra1,2,False,True,
22,2,1,MONOTONIC_WRITES,normal,netem delay 25ms 25ms,ONE,3,cassandra1,cassandra2,3,False,True,
22,2,2,MONOTONIC_WRITES,normal,netem delay 25ms 25ms,ONE,3,cassandra1,cassandra1,3,False,True,
22,2,3,MONOTONIC_WRITES,normal,netem delay 25ms 25ms,ONE,3,cassandra1,cassandra1,3,False,True,
22,3,1,MONOTONIC_WRITES,normal,netem delay 25ms 25ms,ONE,4,cassandra3,cassandra1,4,False,True,
22,3,2,MONOTONIC_WRITES,normal,netem delay 25ms 25ms,ONE,4,cassandra3,cassandra3,4,False,True,
22,3,3,MONOTONIC_WRITES,normal,netem delay 25ms 25ms,ONE,4,cassandra3,cassandra2,4,False,True,
22,4,1,MONOTONIC_WRITES,normal,netem delay 25ms 25ms,ONE,5,cassandra3,cassandra2,5,False,True,
22,4,2,MONOTONIC_WRITES,normal,netem delay 25ms 25ms,ONE,5,cassandra3,cassandra3,5,False,True,
22,4,3,MONOTONIC_WRITES,normal,netem delay 25ms 25ms,ONE,5,cassandra3,cassandra1,5,False,True,
22,5,1,MONOTONIC_WRITES,normal,netem delay 25ms 25ms,ONE,6,cassandra1,cassandra2,6,False,True,
22,5,2,MONOTONIC_WRITES,normal,netem delay 25ms 25ms,ONE,6,cassandra1,cassandra2,6,False,True,
22,5,3,MONOTONIC_WRITES,normal,netem delay 25ms 25ms,ONE,6,cassandra1,cassandra2,6,False,True,
23,1,1,MONOTONIC_WRITES,normal,netem delay 25ms 25ms,ONE,2,cassandra2,cassandra2,2,False,True,
23,1,2,MONOTONIC_WRITES,normal,netem delay 25ms 25ms,ONE,2,cassandra2,cassandra1,2,False,True,
23,1,3,MONOTONIC_WRITES,normal,netem delay 25ms 25ms,ONE,2,cassandra2,cassandra1,2,False,True,
23,2,1,MONOTONIC_WRITES,normal,netem delay 25ms 25ms,ONE,3,cassandra2,cassandra2,3,False,True,
23,2,2,MONOTONIC_WRITES,normal,netem delay 25ms 25ms,ONE,3,cassandra2,cassandra3,3,False,True,
23,2,3,MONOTONIC_WRITES,normal,netem delay 25ms 25ms,ONE,3,cassandra2,cassandra1,3,False,True,
23,3,1,MONOTONIC_WRITES,normal,netem delay 25ms 25ms,ONE,4,cassandra1,cassandra1,4,False,True,
23,3,2,MONOTONIC_WRITES,normal,netem delay 25ms 25ms,ONE,4,cassandra1,cassandra2,3,True,True,
23,3,3,MONOTONIC_WRITES,normal,netem delay 25ms 25ms,ONE,4,cassandra1,cassandra1,4,False,True,
23,4,1,MONOTONIC_WRITES,normal,netem delay 25ms 25ms,ONE,5,cassandra3,cassandra1,4,True,True,
23,4,2,MONOTONIC_WRITES,normal,netem delay 25ms 25ms,ONE,5,cassandra3,cassandra2,5,False,True,
23,4,3,MONOTONIC_WRITES,normal,netem delay 25ms 25ms,ONE,5,cassandra3,cassandra2,5,False,True,
23,5,1,MONOTONIC_WRITES,normal,netem delay 25ms 25ms,ONE,6,cassandra1,cassandra2,6,False,True,
23,5,2,MONOTONIC_WRITES,normal,netem delay 25ms 25ms,ONE,6,cassandra1,cassandra3,6,False,True,
23,5,3,MONOTONIC_WRITES,normal,netem delay 25ms 25ms,ONE,6,cassandra1,cassandra1,6,False,True,
24,1,1,MONOTONIC_WRITES,normal,netem delay 25ms 25ms,ONE,2,cassandra3,cassandra2,1,True,True,
24,1,2,MONOTONIC_WRITES,normal,netem delay 25ms 25ms,ONE,2,cassandra3,cassandra1,2,False,True,
24,1,3,MONOTONIC_WRITES,normal,netem delay 25ms 25ms,ONE,2,cassandra3,cassandra2,2,False,True,
24,2,1,MONOTONIC_WRITES,normal,netem delay 25ms 25ms,ONE,3,cassandra1,cassandra2,3,False,True,
24,2,2,MONOTONIC_WRITES,normal,netem delay 25ms 25ms,ONE,3,cassandra1,cassandra2,3,False,True,
24,2,3,MONOTONIC_WRITES,normal,netem delay 25ms 25ms,ONE,3,cassandra1,cassandra2,3,False,True,
24,3,1,MONOTONIC_WRITES,normal,netem delay 25ms 25ms,ONE,4,cassandra1,cassandra2,3,True,True,
24,3,2,MONOTONIC_WRITES,normal,netem delay 25ms 25ms,ONE,4,cassandra1,cassandra3,4,False,True,
24,3,3,MONOTONIC_WRITES,normal,netem delay 25ms 25ms,ONE,4,cassandra1,cassandra1,4,False,True,
24,4,1,MONOTONIC_WRITES,normal,netem delay 25ms 25ms,ONE,5,cassandra2,cassandra2,5,False,True,
24,4,2,MONOTONIC_WRITES,normal,netem delay 25ms 25ms,ONE,5,cassandra2,cassandra3,5,False,True,
24,4,3,MONOTONIC_WRITES,normal,netem delay 25ms 25ms,ONE,5,cassandra2,cassandra3,5,False,True,
24,5,1,MONOTONIC_WRITES,normal,netem delay 25ms 25ms,ONE,6,cassandra2,cassandra2,6,False,True,
24,5,2,MONOTONIC_WRITES,normal,netem delay 25ms 25ms,ONE,6,cassandra2,cassandra3,6,False,True,
24,5,3,MONOTONIC_WRITES,normal,netem delay 25ms 25ms,ONE,6,cassandra2,cassandra2,6,False,True,
25,1,1,MONOTONIC_WRITES,normal,netem delay 25ms 25ms,ONE,2,cassandra1,cassandra1,2,False,True,
25,1,2,MONOTONIC_WRITES,normal,netem delay 25ms 25ms,ONE,2,cassandra1,cassandra3,2,False,True,
25,1,3,MONOTONIC_WRITES,normal,netem delay 25ms 25ms,ONE,2,cassandra1,cassandra2,2,False,True,
25,2,1,MONOTONIC_WRITES,normal,netem delay 25ms 25ms,ONE,3,cassandra1,cassandra1,3,False,True,
25,2,2,MONOTONIC_WRITES,normal,netem delay 25ms 25ms,ONE,3,cassandra1,cassandra3,3,False,True,
25,2,3,MONOTONIC_WRITES,normal,netem delay 25ms 25ms,ONE,3,cassandra1,cassandra3,3,False,True,
25,3,1,MONOTONIC_WRITES,normal,netem delay 25ms 25ms,ONE,4,cassandra2,cassandra2,4,False,True,
25,3,2,MONOTONIC_WRITES,normal,netem delay 25ms 25ms,ONE,4,cassandra2,cassandra1,4,False,True,
25,3,3,MONOTONIC_WRITES,normal,netem delay 25ms 25ms,ONE,4,cassandra2,cassandra1,4,False,True,
25,4,1,MONOTONIC_WRITES,normal,netem delay 25ms 25ms,ONE,5,cassandra3,cassandra2,5,False,True,
25,4,2,MONOTONIC_WRITES,normal,netem delay 25ms 25ms,ONE,5,cassandra3,cassandra3,5,False,True,
25,4,3,MONOTONIC_WRITES,normal,netem delay 25ms 25ms,ONE,5,cassandra3,cassandra2,5,False,True,
25,5,1,MONOTONIC_WRITES,normal,netem delay 25ms 25ms,ONE,6,cassandra2,cassandra1,6,False,True,
25,5,2,MONOTONIC_WRITES,normal,netem delay 25ms 25ms,ONE,6,cassandra2,cassandra3,6,False,True,
25,5,3,MONOTONIC_WRITES,normal,netem delay 25ms 25ms,ONE,6,cassandra2,cassandra2,6,False,True,
26,1,1,MONOTONIC_WRITES,normal,netem delay 25ms 25ms,ONE,2,cassandra3,cassandra2,1,True,True,
26,1,2,MONOTONIC_WRITES,normal,netem delay 25ms 25ms,ONE,2,cassandra3,cassandra3,2,False,True,
26,1,3,MONOTONIC_WRITES,normal,netem delay 25ms 25ms,ONE,2,cassandra3,cassandra3,2,False,True,
26,2,1,MONOTONIC_WRITES,normal,netem delay 25ms 25ms,ONE,3,cassandra1,cassandra3,3,False,True,
26,2,2,MONOTONIC_WRITES,normal,netem delay 25ms 25ms,ONE,3,cassandra1,cassandra1,3,False,True,
26,2,3,MONOTONIC_WRITES,normal,netem delay 25ms 25ms,ONE,3,cassandra1,cassandra1,3,False,True,
26,3,1,MONOTONIC_WRITES,normal,netem delay 25ms 25ms,ONE,4,cassandra1,cassandra1,4,False,True,
26,3,2,MONOTONIC_WRITES,normal,netem delay 25ms 25ms,ONE,4,cassandra1,cassandra3,4,False,True,
26,3,3,MONOTONIC_WRITES,normal,netem delay 25ms 25ms,ONE,4,cassandra1,cassandra3,4,False,True,
26,4,1,MONOTONIC_WRITES,normal,netem delay 25ms 25ms,ONE,5,cassandra2,cassandra3,5,False,True,
26,4,2,MONOTONIC_WRITES,normal,netem delay 25ms 25ms,ONE,5,cassandra2,cassandra2,5,False,True,
26,4,3,MONOTONIC_WRITES,normal,netem delay 25ms 25ms,ONE,5,cassandra2,cassandra3,5,False,True,
26,5,1,MONOTONIC_WRITES,normal,netem delay 25ms 25ms,ONE,6,cassandra3,cassandra3,6,False,True,
26,5,2,MONOTONIC_WRITES,normal,netem delay 25ms 25ms,ONE,6,cassandra3,cassandra2,6,False,True,
26,5,3,MONOTONIC_WRITES,normal,netem delay 25ms 25ms,ONE,6,cassandra3,cassandra1,6,False,True,
27,1,1,MONOTONIC_WRITES,normal,netem delay 25ms 25ms,ONE,2,cassandra1,cassandra3,2,False,True,
27,1,2,MONOTONIC_WRITES,normal,netem delay 25ms 25ms,ONE,2,cassandra1,cassandra3,2,False,True,
27,1,3,MONOTONIC_WRITES,normal,netem delay 25ms 25ms,ONE,2,cassandra1,cassandra2,2,False,True,
27,2,1,MONOTONIC_WRITES,normal,netem delay 25ms 25ms,ONE,3,cassandra1,cassandra1,3,False,True,
27,2,2,MONOTONIC_WRITES,normal,netem delay 25ms 25ms,ONE,3,cassandra1,cassandra1,3,False,True,
27,2,3,MONOTONIC_WRITES,normal,netem delay 25ms 25ms,ONE,3,cassandra1,cassandra2,3,False,True,
27,3,1,MONOTONIC_WRITES,normal,netem delay 25ms 25ms,ONE,4,cassandra2,cassandra1,3,True,True,
27,3,2,MONOTONIC_WRITES,normal,netem delay 25ms 25ms,ONE,4,cassandra2,cassandra1,4,False,True,
27,3,3,MONOTONIC_WRITES,normal,netem delay 25ms 25ms,ONE,4,cassandra2,cassandra1,4,False,True,
27,4,1,MONOTONIC_WRITES,normal,netem delay 25ms 25ms,ONE,5,cassandra1,cassandra1,5,False,True,
27,4,2,MONOTONIC_WRITES,normal,netem delay 25ms 25ms,ONE,5,cassandra1,cassandra1,5,False,True,
27,4,3,MONOTONIC_WRITES,normal,netem delay 25ms 25ms,ONE,5,cassandra1,cassandra3,5,False,True,
27,5,1,MONOTONIC_WRITES,normal,netem delay 25ms 25ms,ONE,6,cassandra1,cassandra3,5,True,True,
27,5,2,MONOTONIC_WRITES,normal,netem delay 25ms 25ms,ONE,6,cassandra1,cassandra1,6,False,True,
27,5,3,MONOTONIC_WRITES,normal,netem delay 25ms 25ms,ONE,6,cassandra1,cassandra3,6,False,True,
28,1,1,MONOTONIC_WRITES,normal,netem delay 25ms 25ms,ONE,2,cassandra2,cassandra3,2,False,True,
28,1,2,MONOTONIC_WRITES,normal,netem delay 25ms 25ms,ONE,2,cassandra2,cassandra3,2,False,True,
28,1,3,MONOTONIC_WRITES,normal,netem delay 25ms 25ms,ONE,2,cassandra2,cassandra1,2,False,True,
28,2,1,MONOTONIC_WRITES,normal,netem delay 25ms 25ms,ONE,3,cassandra3,cassandra1,3,False,True,
28,2,2,MONOTONIC_WRITES,normal,netem delay 25ms 25ms,ONE,3,cassandra3,cassandra1,3,False,True,
28,2,3,MONOTONIC_WRITES,normal,netem delay 25ms 25ms,ONE,3,cassandra3,cassandra1,3,False,True,
28,3,1,MONOTONIC_WRITES,normal,netem delay 25ms 25ms,ONE,4,cassandra2,cassandra2,4,False,True,
28,3,2,MONOTONIC_WRITES,normal,netem delay 25ms 25ms,ONE,4,cassandra2,cassandra3,4,False,True,
28,3,3,MONOTONIC_WRITES,normal,netem delay 25ms 25ms,ONE,4,cassandra2,cassandra3,4,False,True,
28,4,1,MONOTONIC_WRITES,normal,netem delay 25ms 25ms,ONE,5,cassandra1,cassandra3,5,False,True,
28,4,2,MONOTONIC_WRITES,normal,netem delay 25ms 25ms,ONE,5,cassandra1,cassandra2,5,False,True,
28,4,3,MONOTONIC_WRITES,normal,netem delay 25ms 25ms,ONE,5,cassandra1,cassandra2,5,False,True,
28,5,1,MONOTONIC_WRITES,normal,netem delay 25ms 25ms,ONE,6,cassandra1,cassandra1,6,False,True,
28,5,2,MONOTONIC_WRITES,normal,netem delay 25ms 25ms,ONE,6,cassandra1,cassandra2,6,False,True,
28,5,3,MONOTONIC_WRITES,normal,netem delay 25ms 25ms,ONE,6,cassandra1,cassandra3,6,False,True,
29,1,1,MONOTONIC_WRITES,normal,netem delay 25ms 25ms,ONE,2,cassandra1,cassandra3,2,False,True,
29,1,2,MONOTONIC_WRITES,normal,netem delay 25ms 25ms,ONE,2,cassandra1,cassandra1,2,False,True,
29,1,3,MONOTONIC_WRITES,normal,netem delay 25ms 25ms,ONE,2,cassandra1,cassandra3,2,False,True,
29,2,1,MONOTONIC_WRITES,normal,netem delay 25ms 25ms,ONE,3,cassandra2,cassandra2,3,False,True,
29,2,2,MONOTONIC_WRITES,normal,netem delay 25ms 25ms,ONE,3,cassandra2,cassandra1,3,False,True,
29,2,3,MONOTONIC_WRITES,normal,netem delay 25ms 25ms,ONE,3,cassandra2,cassandra2,3,False,True,
29,3,1,MONOTONIC_WRITES,normal,netem delay 25ms 25ms,ONE,4,cassandra3,cassandra1,3,True,True,
29,3,2,MONOTONIC_WRITES,normal,netem delay 25ms 25ms,ONE,4,cassandra3,cassandra1,4,False,True,
29,3,3,MONOTONIC_WRITES,normal,netem delay 25ms 25ms,ONE,4,cassandra3,cassandra2,4,False,True,
29,4,1,MONOTONIC_WRITES,normal,netem delay 25ms 25ms,ONE,5,cassandra3,cassandra2,4,True,True,
29,4,2,MONOTONIC_WRITES,normal,netem delay 25ms 25ms,ONE,5,cassandra3,cassandra2,5,False,True,
29,4,3,MONOTONIC_WRITES,normal,netem delay 25ms 25ms,ONE,5,cassandra3,cassandra3,5,False,True,
29,5,1,MONOTONIC_WRITES,normal,netem delay 25ms 25ms,ONE,6,cassandra1,cassandra3,6,False,True,
29,5,2,MONOTONIC_WRITES,normal,netem delay 25ms 25ms,ONE,6,cassandra1,cassandra3,6,False,True,
29,5,3,MONOTONIC_WRITES,normal,netem delay 25ms 25ms,ONE,6,cassandra1,cassandra2,6,False,True,
30,1,1,MONOTONIC_WRITES,normal,netem delay 25ms 25ms,ONE,2,cassandra3,cassandra1,2,False,True,
30,1,2,MONOTONIC_WRITES,normal,netem delay 25ms 25ms,ONE,2,cassandra3,cassandra1,2,False,True,
30,1,3,MONOTONIC_WRITES,normal,netem delay 25ms 25ms,ONE,2,cassandra3,cassandra3,2,False,True,
30,2,1,MONOTONIC_WRITES,normal,netem delay 25ms 25ms,ONE,3,cassandra3,cassandra3,3,False,True,
30,2,2,MONOTONIC_WRITES,normal,netem delay 25ms 25ms,ONE,3,cassandra3,cassandra1,3,False,True,
30,2,3,MONOTONIC_WRITES,normal,netem delay 25ms 25ms,ONE,3,cassandra3,cassandra3,3,False,True,
30,3,1,MONOTONIC_WRITES,normal,netem delay 25ms 25ms,ONE,4,cassandra3,cassandra1,4,False,True,
30,3,2,MONOTONIC_WRITES,normal,netem delay 25ms 25ms,ONE,4,cassandra3,cassandra2,4,False,True,
30,3,3,MONOTONIC_WRITES,normal,netem delay 25ms 25ms,ONE,4,cassandra3,cassandra1,4,False,True,
30,4,1,MONOTONIC_WRITES,normal,netem delay 25ms 25ms,ONE,5,cassandra3,cassandra1,5,False,True,
30,4,2,MONOTONIC_WRITES,normal,netem delay 25ms 25ms,ONE,5,cassandra3,cassandra1,5,False,True,
30,4,3,MONOTONIC_WRITES,normal,netem delay 25ms 25ms,ONE,5,cassandra3,cassandra2,5,False,True,
30,5,1,MONOTONIC_WRITES,normal,netem delay 25ms 25ms,ONE,6,cassandra1,cassandra1,6,False,True,
30,5,2,MONOTONIC_WRITES,normal,netem delay 25ms 25ms,ONE,6,cassandra1,cassandra3,6,False,True,
30,5,3,MONOTONIC_WRITES,normal,netem delay 25ms 25ms,ONE,6,cassandra1,cassandra1,6,False,True,
31,1,1,MONOTONIC_WRITES,normal,netem delay 25ms 25ms,ONE,2,cassandra2,cassandra2,2,False,True,
31,1,2,MONOTONIC_WRITES,normal,netem delay 25ms 25ms,ONE,2,cassandra2,cassandra1,2,False,True,
31,1,3,MONOTONIC_WRITES,normal,netem delay 25ms 25ms,ONE,2,cassandra2,cassandra2,2,False,True,
31,2,1,MONOTONIC_WRITES,normal,netem delay 25ms 25ms,ONE,3,cassandra2,cassandra1,3,False,True,
31,2,2,MONOTONIC_WRITES,normal,netem delay 25ms 25ms,ONE,3,cassandra2,cassandra1,3,False,True,
31,2,3,MONOTONIC_WRITES,normal,netem delay 25ms 25ms,ONE,3,cassandra2,cassandra2,3,False,True,
31,3,1,MONOTONIC_WRITES,normal,netem delay 25ms 25ms,ONE,4,cassandra2,cassandra3,4,False,True,
31,3,2,MONOTONIC_WRITES,normal,netem delay 25ms 25ms,ONE,4,cassandra2,cassandra2,4,False,True,
31,3,3,MONOTONIC_WRITES,normal,netem delay 25ms 25ms,ONE,4,cassandra2,cassandra2,4,False,True,
31,4,1,MONOTONIC_WRITES,normal,netem delay 25ms 25ms,ONE,5,cassandra2,cassandra3,5,False,True,
31,4,2,MONOTONIC_WRITES,normal,netem delay 25ms 25ms,ONE,5,cassandra2,cassandra1,5,False,True,
31,4,3,MONOTONIC_WRITES,normal,netem delay 25ms 25ms,ONE,5,cassandra2,cassandra3,5,False,True,
31,5,1,MONOTONIC_WRITES,normal,netem delay 25ms 25ms,ONE,6,cassandra2,cassandra2,6,False,True,
31,5,2,MONOTONIC_WRITES,normal,netem delay 25ms 25ms,ONE,6,cassandra2,cassandra2,6,False,True,
31,5,3,MONOTONIC_WRITES,normal,netem delay 25ms 25ms,ONE,6,cassandra2,cassandra2,6,False,True,
32,1,1,MONOTONIC_WRITES,normal,netem delay 25ms 25ms,ONE,2,cassandra2,cassandra2,2,False,True,
32,1,2,MONOTONIC_WRITES,normal,netem delay 25ms 25ms,ONE,2,cassandra2,cassandra1,2,False,True,
32,1,3,MONOTONIC_WRITES,normal,netem delay 25ms 25ms,ONE,2,cassandra2,cassandra2,2,False,True,
32,2,1,MONOTONIC_WRITES,normal,netem delay 25ms 25ms,ONE,3,cassandra2,cassandra2,3,False,True,
32,2,2,MONOTONIC_WRITES,normal,netem delay 25ms 25ms,ONE,3,cassandra2,cassandra2,3,False,True,
32,2,3,MONOTONIC_WRITES,normal,netem delay 25ms 25ms,ONE,3,cassandra2,cassandra1,3,False,True,
32,3,1,MONOTONIC_WRITES,normal,netem delay 25ms 25ms,ONE,4,cassandra1,cassandra3,4,False,True,
32,3,2,MONOTONIC_WRITES,normal,netem delay 25ms 25ms,ONE,4,cassandra1,cassandra1,4,False,True,
32,3,3,MONOTONIC_WRITES,normal,netem delay 25ms 25ms,ONE,4,cassandra1,cassandra1,4,False,True,
32,4,1,MONOTONIC_WRITES,normal,netem delay 25ms 25ms,ONE,5,cassandra1,cassandra3,4,True,True,
32,4,2,MONOTONIC_WRITES,normal,netem delay 25ms 25ms,ONE,5,cassandra1,cassandra1,5,False,True,
32,4,3,MONOTONIC_WRITES,normal,netem delay 25ms 25ms,ONE,5,cassandra1,cassandra3,5,False,True,
32,5,1,MONOTONIC_WRITES,normal,netem delay 25ms 25ms,ONE,6,cassandra3,cassandra2,6,False,True,
32,5,2,MONOTONIC_WRITES,normal,netem delay 25ms 25ms,ONE,6,cassandra3,cassandra3,6,False,True,
32,5,3,MONOTONIC_WRITES,normal,netem delay 25ms 25ms,ONE,6,cassandra3,cassandra3,6,False,True,
33,1,1,MONOTONIC_WRITES,normal,netem delay 25ms 25ms,ONE,2,cassandra3,cassandra1,1,True,True,
33,1,2,MONOTONIC_WRITES,normal,netem delay 25ms 25ms,ONE,2,cassandra3,cassandra2,2,False,True,
33,1,3,MONOTONIC_WRITES,normal,netem delay 25ms 25ms,ONE,2,cassandra3,cassandra3,2,False,True,
33,2,1,MONOTONIC_WRITES,normal,netem delay 25ms 25ms,ONE,3,cassandra3,cassandra2,2,True,True,
33,2,2,MONOTONIC_WRITES,normal,netem delay 25ms 25ms,ONE,3,cassandra3,cassandra1,3,False,True,
33,2,3,MONOTONIC_WRITES,normal,netem delay 25ms 25ms,ONE,3,cassandra3,cassandra2,3,False,True,
33,3,1,MONOTONIC_WRITES,normal,netem delay 25ms 25ms,ONE,4,cassandra2,cassandra3,4,False,True,
33,3,2,MONOTONIC_WRITES,normal,netem delay 25ms 25ms,ONE,4,cassandra2,cassandra3,4,False,True,
33,3,3,MONOTONIC_WRITES,normal,netem delay 25ms 25ms,ONE,4,cassandra2,cassandra1,4,False,True,
33,4,1,MONOTONIC_WRITES,normal,netem delay 25ms 25ms,ONE,5,cassandra1,cassandra1,5,False,True,
33,4,2,MONOTONIC_WRITES,normal,netem delay 25ms 25ms,ONE,5,cassandra1,cassandra2,5,False,True,
33,4,3,MONOTONIC_WRITES,normal,netem delay 25ms 25ms,ONE,5,cassandra1,cassandra1,5,False,True,
33,5,1,MONOTONIC_WRITES,normal,netem delay 25ms 25ms,ONE,6,cassandra1,cassandra1,6,False,True,
33,5,2,MONOTONIC_WRITES,normal,netem delay 25ms 25ms,ONE,6,cassandra1,cassandra1,6,False,True,
33,5,3,MONOTONIC_WRITES,normal,netem delay 25ms 25ms,ONE,6,cassandra1,cassandra3,6,False,True,
34,1,1,MONOTONIC_WRITES,normal,netem delay 25ms 25ms,ONE,2,cassandra3,cassandra2,2,False,True,
34,1,2,MONOTONIC_WRITES,normal,netem delay 25ms 25ms,ONE,2,cassandra3,cassandra2,2,False,True,
34,1,3,MONOTONIC_WRITES,normal,netem delay 25ms 25ms,ONE,2,cassandra3,cassandra3,2,False,True,
34,2,1,MONOTONIC_WRITES,normal,netem delay 25ms 25ms,ONE,3,cassandra2,cassandra2,3,False,True,
34,2,2,MONOTONIC_WRITES,normal,netem delay 25ms 25ms,ONE,3,cassandra2,cassandra3,3,False,True,
34,2,3,MONOTONIC_WRITES,normal,netem delay 25ms 25ms,ONE,3,cassandra2,cassandra2,3,False,True,
34,3,1,MONOTONIC_WRITES,normal,netem delay 25ms 25ms,ONE,4,cassandra3,cassandra3,4,False,True,
34,3,2,MONOTONIC_WRITES,normal,netem delay 25ms 25ms,ONE,4,cassandra3,cassandra3,4,False,True,
34,3,3,MONOTONIC_WRITES,normal,netem delay 25ms 25ms,ONE,4,cassandra3,cassandra3,4,False,True,
34,4,1,MONOTONIC_WRITES,normal,netem delay 25ms 25ms,ONE,5,cassandra3,cassandra1,5,False,True,
34,4,2,MONOTONIC_WRITES,normal,netem delay 25ms 25ms,ONE,5,cassandra3,cassandra1,5,False,True,
34,4,3,MONOTONIC_WRITES,normal,netem delay 25ms 25ms,ONE,5,cassandra3,cassandra1,5,False,True,
34,5,1,MONOTONIC_WRITES,normal,netem delay 25ms 25ms,ONE,6,cassandra1,cassandra2,6,False,True,
34,5,2,MONOTONIC_WRITES,normal,netem delay 25ms 25ms,ONE,6,cassandra1,cassandra1,6,False,True,
34,5,3,MONOTONIC_WRITES,normal,netem delay 25ms 25ms,ONE,6,cassandra1,cassandra2,6,False,True,
35,1,1,MONOTONIC_WRITES,normal,netem delay 25ms 25ms,ONE,2,cassandra3,cassandra3,2,False,True,
35,1,2,MONOTONIC_WRITES,normal,netem delay 25ms 25ms,ONE,2,cassandra3,cassandra1,2,False,True,
35,1,3,MONOTONIC_WRITES,normal,netem delay 25ms 25ms,ONE,2,cassandra3,cassandra2,2,False,True,
35,2,1,MONOTONIC_WRITES,normal,netem delay 25ms 25ms,ONE,3,cassandra2,cassandra2,3,False,True,
35,2,2,MONOTONIC_WRITES,normal,netem delay 25ms 25ms,ONE,3,cassandra2,cassandra3,3,False,True,
35,2,3,MONOTONIC_WRITES,normal,netem delay 25ms 25ms,ONE,3,cassandra2,cassandra1,3,False,True,
35,3,1,MONOTONIC_WRITES,normal,netem delay 25ms 25ms,ONE,4,cassandra3,cassandra2,3,True,True,
35,3,2,MONOTONIC_WRITES,normal,netem delay 25ms 25ms,ONE,4,cassandra3,cassandra2,3,True,True,
35,3,3,MONOTONIC_WRITES,normal,netem delay 25ms 25ms,ONE,4,cassandra3,cassandra3,4,False,True,
35,4,1,MONOTONIC_WRITES,normal,netem delay 25ms 25ms,ONE,5,cassandra1,cassandra3,4,True,True,
35,4,2,MONOTONIC_WRITES,normal,netem delay 25ms 25ms,ONE,5,cassandra1,cassandra2,5,False,True,
35,4,3,MONOTONIC_WRITES,normal,netem delay 25ms 25ms,ONE,5,cassandra1,cassandra2,5,False,True,
35,5,1,MONOTONIC_WRITES,normal,netem delay 25ms 25ms,ONE,6,cassandra2,cassandra1,5,True,True,
35,5,2,MONOTONIC_WRITES,normal,netem delay 25ms 25ms,ONE,6,cassandra2,cassandra1,6,False,True,
35,5,3,MONOTONIC_WRITES,normal,netem delay 25ms 25ms,ONE,6,cassandra2,cassandra1,6,False,True,
36,1,1,MONOTONIC_WRITES,normal,netem delay 25ms 25ms,ONE,2,cassandra3,cassandra2,2,False,True,
36,1,2,MONOTONIC_WRITES,normal,netem delay 25ms 25ms,ONE,2,cassandra3,cassandra3,2,False,True,
36,1,3,MONOTONIC_WRITES,normal,netem delay 25ms 25ms,ONE,2,cassandra3,cassandra1,2,False,True,
36,2,1,MONOTONIC_WRITES,normal,netem delay 25ms 25ms,ONE,3,cassandra2,cassandra2,3,False,True,
36,2,2,MONOTONIC_WRITES,normal,netem delay 25ms 25ms,ONE,3,cassandra2,cassandra3,3,False,True,
36,2,3,MONOTONIC_WRITES,normal,netem delay 25ms 25ms,ONE,3,cassandra2,cassandra2,3,False,True,
36,3,1,MONOTONIC_WRITES,normal,netem delay 25ms 25ms,ONE,4,cassandra3,cassandra3,4,False,True,
36,3,2,MONOTONIC_WRITES,normal,netem delay 25ms 25ms,ONE,4,cassandra3,cassandra2,4,False,True,
36,3,3,MONOTONIC_WRITES,normal,netem delay 25ms 25ms,ONE,4,cassandra3,cassandra1,4,False,True,
36,4,1,MONOTONIC_WRITES,normal,netem delay 25ms 25ms,ONE,5,cassandra3,cassandra2,4,True,True,
36,4,2,MONOTONIC_WRITES,normal,netem delay 25ms 25ms,ONE,5,cassandra3,cassandra2,5,False,True,
36,4,3,MONOTONIC_WRITES,normal,netem delay 25ms 25ms,ONE,5,cassandra3,cassandra2,5,False,True,
36,5,1,MONOTONIC_WRITES,normal,netem delay 25ms 25ms,ONE,6,cassandra3,cassandra1,5,True,True,
36,5,2,MONOTONIC_WRITES,normal,netem delay 25ms 25ms,ONE,6,cassandra3,cassandra1,6,False,True,
36,5,3,MONOTONIC_WRITES,normal,netem delay 25ms 25ms,ONE,6,cassandra3,cassandra2,6,False,True,
37,1,1,MONOTONIC_WRITES,normal,netem delay 25ms 25ms,ONE,2,cassandra1,cassandra3,1,True,True,
37,1,2,MONOTONIC_WRITES,normal,netem delay 25ms 25ms,ONE,2,cassandra1,cassandra1,2,False,True,
37,1,3,MONOTONIC_WRITES,normal,netem delay 25ms 25ms,ONE,2,cassandra1,cassandra1,2,False,True,
37,2,1,MONOTONIC_WRITES,normal,netem delay 25ms 25ms,ONE,3,cassandra3,cassandra1,3,False,True,
37,2,2,MONOTONIC_WRITES,normal,netem delay 25ms 25ms,ONE,3,cassandra3,cassandra2,3,False,True,
37,2,3,MONOTONIC_WRITES,normal,netem delay 25ms 25ms,ONE,3,cassandra3,cassandra2,3,False,True,
37,3,1,MONOTONIC_WRITES,normal,netem delay 25ms 25ms,ONE,4,cassandra2,cassandra2,4,False,True,
37,3,2,MONOTONIC_WRITES,normal,netem delay 25ms 25ms,ONE,4,cassandra2,cassandra2,4,False,True,
37,3,3,MONOTONIC_WRITES,normal,netem delay 25ms 25ms,ONE,4,cassandra2,cassandra1,4,False,True,
37,4,1,MONOTONIC_WRITES,normal,netem delay 25ms 25ms,ONE,5,cassandra3,cassandra2,4,True,True,
37,4,2,MONOTONIC_WRITES,normal,netem delay 25ms 25ms,ONE,5,cassandra3,cassandra3,5,False,True,
37,4,3,MONOTONIC_WRITES,normal,netem delay 25ms 25ms,ONE,5,cassandra3,cassandra3,5,False,True,
37,5,1,MONOTONIC_WRITES,normal,netem delay 25ms 25ms,ONE,6,cassandra3,cassandra3,6,False,True,
37,5,2,MONOTONIC_WRITES,normal,netem delay 25ms 25ms,ONE,6,cassandra3,cassandra1,6,False,True,
37,5,3,MONOTONIC_WRITES,normal,netem delay 25ms 25ms,ONE,6,cassandra3,cassandra3,6,False,True,
38,1,1,MONOTONIC_WRITES,normal,netem delay 25ms 25ms,ONE,2,cassandra2,cassandra1,1,True,True,
38,1,2,MONOTONIC_WRITES,normal,netem delay 25ms 25ms,ONE,2,cassandra2,cassandra3,2,False,True,
38,1,3,MONOTONIC_WRITES,normal,netem delay 25ms 25ms,ONE,2,cassandra2,cassandra2,2,False,True,
38,2,1,MONOTONIC_WRITES,normal,netem delay 25ms 25ms,ONE,3,cassandra2,cassandra1,3,False,True,
38,2,2,MONOTONIC_WRITES,normal,netem delay 25ms 25ms,ONE,3,cassandra2,cassandra2,3,False,True,
38,2,3,MONOTONIC_WRITES,normal,netem delay 25ms 25ms,ONE,3,cassandra2,cassandra2,3,False,True,
38,3,1,MONOTONIC_WRITES,normal,netem delay 25ms 25ms,ONE,4,cassandra1,cassandra3,3,True,True,
38,3,2,MONOTONIC_WRITES,normal,netem delay 25ms 25ms,ONE,4,cassandra1,cassandra2,4,False,True,
38,3,3,MONOTONIC_WRITES,normal,netem delay 25ms 25ms,ONE,4,cassandra1,cassandra3,4,False,True,
38,4,1,MONOTONIC_WRITES,normal,netem delay 25ms 25ms,ONE,5,cassandra3,cassandra3,5,False,True,
38,4,2,MONOTONIC_WRITES,normal,netem delay 25ms 25ms,ONE,5,cassandra3,cassandra3,5,False,True,
38,4,3,MONOTONIC_WRITES,normal,netem delay 25ms 25ms,ONE,5,cassandra3,cassandra1,5,False,True,
38,5,1,MONOTONIC_WRITES,normal,netem delay 25ms 25ms,ONE,6,cassandra2,cassandra2,6,False,True,
38,5,2,MONOTONIC_WRITES,normal,netem delay 25ms 25ms,ONE,6,cassandra2,cassandra1,6,False,True,
38,5,3,MONOTONIC_WRITES,normal,netem delay 25ms 25ms,ONE,6,cassandra2,cassandra3,6,False,True,
39,1,1,MONOTONIC_WRITES,normal,netem delay 25ms 25ms,ONE,2,cassandra1,cassandra1,2,False,True,
39,1,2,MONOTONIC_WRITES,normal,netem delay 25ms 25ms,ONE,2,cassandra1,cassandra3,2,False,True,
39,1,3,MONOTONIC_WRITES,normal,netem delay 25ms 25ms,ONE,2,cassandra1,cassandra2,2,False,True,
39,2,1,MONOTONIC_WRITES,normal,netem delay 25ms 25ms,ONE,3,cassandra1,cassandra2,2,True,True,
39,2,2,MONOTONIC_WRITES,normal,netem delay 25ms 25ms,ONE,3,cassandra1,cassandra2,3,False,True,
39,2,3,MONOTONIC_WRITES,normal,netem delay 25ms 25ms,ONE,3,cassandra1,cassandra1,3,False,True,
39,3,1,MONOTONIC_WRITES,normal,netem delay 25ms 25ms,ONE,4,cassandra1,cassandra3,4,False,True,
39,3,2,MONOTONIC_WRITES,normal,netem delay 25ms 25ms,ONE,4,cassandra1,cassandra2,4,False,True,
39,3,3,MONOTONIC_WRITES,normal,netem delay 25ms 25ms,ONE,4,cassandra1,cassandra2,4,False,True,
39,4,1,MONOTONIC_WRITES,normal,netem delay 25ms 25ms,ONE,5,cassandra3,cassandra2,4,True,True,
39,4,2,MONOTONIC_WRITES,normal,netem delay 25ms 25ms,ONE,5,cassandra3,cassandra2,5,False,True,
39,4,3,MONOTONIC_WRITES,normal,netem delay 25ms 25ms,ONE,5,cassandra3,cassandra2,5,False,True,
39,5,1,MONOTONIC_WRITES,normal,netem delay 25ms 25ms,ONE,6,cassandra3,cassandra1,5,True,True,
39,5,2,MONOTONIC_WRITES,normal,netem delay 25ms 25ms,ONE,6,cassandra3,cassandra1,6,False,True,
39,5,3,MONOTONIC_WRITES,normal,netem delay 25ms 25ms,ONE,6,cassandra3,cassandra3,6,False,True,
40,1,1,MONOTONIC_WRITES,normal,netem delay 25ms 25ms,ONE,2,cassandra3,cassandra1,1,True,True,
40,1,2,MONOTONIC_WRITES,normal,netem delay 25ms 25ms,ONE,2,cassandra3,cassandra1,2,False,True,
40,1,3,MONOTONIC_WRITES,normal,netem delay 25ms 25ms,ONE,2,cassandra3,cassandra1,2,False,True,
40,2,1,MONOTONIC_WRITES,normal,netem delay 25ms 25ms,ONE,3,cassandra2,cassandra1,3,False,True,
40,2,2,MONOTONIC_WRITES,normal,netem delay 25ms 25ms,ONE,3,cassandra2,cassandra2,3,False,True,
40,2,3,MONOTONIC_WRITES,normal,netem delay 25ms 25ms,ONE,3,cassandra2,cassandra1,3,False,True,
40,3,1,MONOTONIC_WRITES,normal,netem delay 25ms 25ms,ONE,4,cassandra2,cassandra1,4,False,True,
40,3,2,MONOTONIC_WRITES,normal,netem delay 25ms 25ms,ONE,4,cassandra2,cassandra1,4,False,True,
40,3,3,MONOTONIC_WRITES,normal,netem delay 25ms 25ms,ONE,4,cassandra2,cassandra2,4,False,True,
40,4,1,MONOTONIC_WRITES,normal,netem delay 25ms 25ms,ONE,5,cassandra2,cassandra2,5,False,True,
40,4,2,MONOTONIC_WRITES,normal,netem delay 25ms 25ms,ONE,5,cassandra2,cassandra1,5,False,True,
40,4,3,MONOTONIC_WRITES,normal,netem delay 25ms 25ms,ONE,5,cassandra2,cassandra2,5,False,True,
40,5,1,MONOTONIC_WRITES,normal,netem delay 25ms 25ms,ONE,6,cassandra1,cassandra1,6,False,True,
40,5,2,MONOTONIC_WRITES,normal,netem delay 25ms 25ms,ONE,6,cassandra1,cassandra2,6,False,True,
40,5,3,MONOTONIC_WRITES,normal,netem delay 25ms 25ms,ONE,6,cassandra1,cassandra1,6,False,True,
41,1,1,MONOTONIC_WRITES,normal,netem delay 25ms 25ms,ONE,2,cassandra2,cassandra2,2,False,True,
41,1,2,MONOTONIC_WRITES,normal,netem delay 25ms 25ms,ONE,2,cassandra2,cassandra2,2,False,True,
41,1,3,MONOTONIC_WRITES,normal,netem delay 25ms 25ms,ONE,2,cassandra2,cassandra3,2,False,True,
41,2,1,MONOTONIC_WRITES,normal,netem delay 25ms 25ms,ONE,3,cassandra3,cassandra3,3,False,True,
41,2,2,MONOTONIC_WRITES,normal,netem delay 25ms 25ms,ONE,3,cassandra3,cassandra3,3,False,True,
41,2,3,MONOTONIC_WRITES,normal,netem delay 25ms 25ms,ONE,3,cassandra3,cassandra3,3,False,True,
41,3,1,MONOTONIC_WRITES,normal,netem delay 25ms 25ms,ONE,4,cassandra2,cassandra1,3,True,True,
41,3,2,MONOTONIC_WRITES,normal,netem delay 25ms 25ms,ONE,4,cassandra2,cassandra1,4,False,True,
41,3,3,MONOTONIC_WRITES,normal,netem delay 25ms 25ms,ONE,4,cassandra2,cassandra2,4,False,True,
41,4,1,MONOTONIC_WRITES,normal,netem delay 25ms 25ms,ONE,5,cassandra3,cassandra1,5,False,True,
41,4,2,MONOTONIC_WRITES,normal,netem delay 25ms 25ms,ONE,5,cassandra3,cassandra2,5,False,True,
41,4,3,MONOTONIC_WRITES,normal,netem delay 25ms 25ms,ONE,5,cassandra3,cassandra2,5,False,True,
41,5,1,MONOTONIC_WRITES,normal,netem delay 25ms 25ms,ONE,6,cassandra1,cassandra2,6,False,True,
41,5,2,MONOTONIC_WRITES,normal,netem delay 25ms 25ms,ONE,6,cassandra1,cassandra2,6,False,True,
41,5,3,MONOTONIC_WRITES,normal,netem delay 25ms 25ms,ONE,6,cassandra1,cassandra3,6,False,True,
42,1,1,MONOTONIC_WRITES,normal,netem delay 25ms 25ms,ONE,2,cassandra1,cassandra1,2,False,True,
42,1,2,MONOTONIC_WRITES,normal,netem delay 25ms 25ms,ONE,2,cassandra1,cassandra2,2,False,True,
42,1,3,MONOTONIC_WRITES,normal,netem delay 25ms 25ms,ONE,2,cassandra1,cassandra2,2,False,True,
42,2,1,MONOTONIC_WRITES,normal,netem delay 25ms 25ms,ONE,3,cassandra3,cassandra1,3,False,True,
42,2,2,MONOTONIC_WRITES,normal,netem delay 25ms 25ms,ONE,3,cassandra3,cassandra1,3,False,True,
42,2,3,MONOTONIC_WRITES,normal,netem delay 25ms 25ms,ONE,3,cassandra3,cassandra3,3,False,True,
42,3,1,MONOTONIC_WRITES,normal,netem delay 25ms 25ms,ONE,4,cassandra2,cassandra1,4,False,True,
42,3,2,MONOTONIC_WRITES,normal,netem delay 25ms 25ms,ONE,4,cassandra2,cassandra2,4,False,True,
42,3,3,MONOTONIC_WRITES,normal,netem delay 25ms 25ms,ONE,4,cassandra2,cassandra1,4,False,True,
42,4,1,MONOTONIC_WRITES,normal,netem delay 25ms 25ms,ONE,5,cassandra3,cassandra1,5,False,True,
42,4,2,MONOTONIC_WRITES,normal,netem delay 25ms 25ms,ONE,5,cassandra3,cassandra3,5,False,True,
42,4,3,MONOTONIC_WRITES,normal,netem delay 25ms 25ms,ONE,5,cassandra3,cassandra2,5,False,True,
42,5,1,MONOTONIC_WRITES,normal,netem delay 25ms 25ms,ONE,6,cassandra2,cassandra3,5,True,True,
42,5,2,MONOTONIC_WRITES,normal,netem delay 25ms 25ms,ONE,6,cassandra2,cassandra2,6,False,True,
42,5,3,MONOTONIC_WRITES,normal,netem delay 25ms 25ms,ONE,6,cassandra2,cassandra3,6,False,True,
43,1,1,MONOTONIC_WRITES,normal,netem delay 25ms 25ms,ONE,2,cassandra3,cassandra1,2,False,True,
43,1,2,MONOTONIC_WRITES,normal,netem delay 25ms 25ms,ONE,2,cassandra3,cassandra3,2,False,True,
43,1,3,MONOTONIC_WRITES,normal,netem delay 25ms 25ms,ONE,2,cassandra3,cassandra2,2,False,True,
43,2,1,MONOTONIC_WRITES,normal,netem delay 25ms 25ms,ONE,3,cassandra3,cassandra2,3,False,True,
43,2,2,MONOTONIC_WRITES,normal,netem delay 25ms 25ms,ONE,3,cassandra3,cassandra3,3,False,True,
43,2,3,MONOTONIC_WRITES,normal,netem delay 25ms 25ms,ONE,3,cassandra3,cassandra3,3,False,True,
43,3,1,MONOTONIC_WRITES,normal,netem delay 25ms 25ms,ONE,4,cassandra1,cassandra3,4,False,True,
43,3,2,MONOTONIC_WRITES,normal,netem delay 25ms 25ms,ONE,4,cassandra1,cassandra3,4,False,True,
43,3,3,MONOTONIC_WRITES,normal,netem delay 25ms 25ms,ONE,4,cassandra1,cassandra2,4,False,True,
43,4,1,MONOTONIC_WRITES,normal,netem delay 25ms 25ms,ONE,5,cassandra3,cassandra3,5,False,True,
43,4,2,MONOTONIC_WRITES,normal,netem delay 25ms 25ms,ONE,5,cassandra3,cassandra3,5,False,True,
43,4,3,MONOTONIC_WRITES,normal,netem delay 25ms 25ms,ONE,5,cassandra3,cassandra2,5,False,True,
43,5,1,MONOTONIC_WRITES,normal,netem delay 25ms 25ms,ONE,6,cassandra1,cassandra2,6,False,True,
43,5,2,MONOTONIC_WRITES,normal,netem delay 25ms 25ms,ONE,6,cassandra1,cassandra1,6,False,True,
43,5,3,MONOTONIC_WRITES,normal,netem delay 25ms 25ms,ONE,6,cassandra1,cassandra2,6,False,True,
44,1,1,MONOTONIC_WRITES,normal,netem delay 25ms 25ms,ONE,2,cassandra1,cassandra3,2,False,True,
44,1,2,MONOTONIC_WRITES,normal,netem delay 25ms 25ms,ONE,2,cassandra1,cassandra3,2,False,True,
44,1,3,MONOTONIC_WRITES,normal,netem delay 25ms 25ms,ONE,2,cassandra1,cassandra3,2,False,True,
44,2,1,MONOTONIC_WRITES,normal,netem delay 25ms 25ms,ONE,3,cassandra1,cassandra2,3,False,True,
44,2,2,MONOTONIC_WRITES,normal,netem delay 25ms 25ms,ONE,3,cassandra1,cassandra1,3,False,True,
44,2,3,MONOTONIC_WRITES,normal,netem delay 25ms 25ms,ONE,3,cassandra1,cassandra2,3,False,True,
44,3,1,MONOTONIC_WRITES,normal,netem delay 25ms 25ms,ONE,4,cassandra2,cassandra3,4,False,True,
44,3,2,MONOTONIC_WRITES,normal,netem delay 25ms 25ms,ONE,4,cassandra2,cassandra1,4,False,True,
44,3,3,MONOTONIC_WRITES,normal,netem delay 25ms 25ms,ONE,4,cassandra2,cassandra2,4,False,True,
44,4,1,MONOTONIC_WRITES,normal,netem delay 25ms 25ms,ONE,5,cassandra1,cassandra2,4,True,True,
44,4,2,MONOTONIC_WRITES,normal,netem delay 25ms 25ms,ONE,5,cassandra1,cassandra1,5,False,True,
44,4,3,MONOTONIC_WRITES,normal,netem delay 25ms 25ms,ONE,5,cassandra1,cassandra3,5,False,True,
44,5,1,MONOTONIC_WRITES,normal,netem delay 25ms 25ms,ONE,6,cassandra1,cassandra1,6,False,True,
44,5,2,MONOTONIC_WRITES,normal,netem delay 25ms 25ms,ONE,6,cassandra1,cassandra2,6,False,True,
44,5,3,MONOTONIC_WRITES,normal,netem delay 25ms 25ms,ONE,6,cassandra1,cassandra3,6,False,True,
45,1,1,MONOTONIC_WRITES,normal,netem delay 25ms 25ms,ONE,2,cassandra1,cassandra3,2,False,True,
45,1,2,MONOTONIC_WRITES,normal,netem delay 25ms 25ms,ONE,2,cassandra1,cassandra2,2,False,True,
45,1,3,MONOTONIC_WRITES,normal,netem delay 25ms 25ms,ONE,2,cassandra1,cassandra1,2,False,True,
45,2,1,MONOTONIC_WRITES,normal,netem delay 25ms 25ms,ONE,3,cassandra1,cassandra3,3,False,True,
45,2,2,MONOTONIC_WRITES,normal,netem delay 25ms 25ms,ONE,3,cassandra1,cassandra2,3,False,True,
45,2,3,MONOTONIC_WRITES,normal,netem delay 25ms 25ms,ONE,3,cassandra1,cassandra1,3,False,True,
45,3,1,MONOTONIC_WRITES,normal,netem delay 25ms 25ms,ONE,4,cassandra1,cassandra2,3,True,True,
45,3,2,MONOTONIC_WRITES,normal,netem delay 25ms 25ms,ONE,4,cassandra1,cassandra3,4,False,True,
45,3,3,MONOTONIC_WRITES,normal,netem delay 25ms 25ms,ONE,4,cassandra1,cassandra1,4,False,True,
45,4,1,MONOTONIC_WRITES,normal,netem delay 25ms 25ms,ONE,5,cassandra3,cassandra2,4,True,True,
45,4,2,MONOTONIC_WRITES,normal,netem delay 25ms 25ms,ONE,5,cassandra3,cassandra2,5,False,True,
45,4,3,MONOTONIC_WRITES,normal,netem delay 25ms 25ms,ONE,5,cassandra3,cassandra1,5,False,True,
45,5,1,MONOTONIC_WRITES,normal,netem delay 25ms 25ms,ONE,6,cassandra3,cassandra3,6,False,True,
45,5,2,MONOTONIC_WRITES,normal,netem delay 25ms 25ms,ONE,6,cassandra3,cassandra3,6,False,True,
45,5,3,MONOTONIC_WRITES,normal,netem delay 25ms 25ms,ONE,6,cassandra3,cassandra3,6,False,True,
46,1,1,MONOTONIC_WRITES,normal,netem delay 25ms 25ms,ONE,2,cassandra3,cassandra3,2,False,True,
46,1,2,MONOTONIC_WRITES,normal,netem delay 25ms 25ms,ONE,2,cassandra3,cassandra3,2,False,True,
46,1,3,MONOTONIC_WRITES,normal,netem delay 25ms 25ms,ONE,2,cassandra3,cassandra2,2,False,True,
46,2,1,MONOTONIC_WRITES,normal,netem delay 25ms 25ms,ONE,3,cassandra2,cassandra3,3,False,True,
46,2,2,MONOTONIC_WRITES,normal,netem delay 25ms 25ms,ONE,3,cassandra2,cassandra1,3,False,True,
46,2,3,MONOTONIC_WRITES,normal,netem delay 25ms 25ms,ONE,3,cassandra2,cassandra2,3,False,True,
46,3,1,MONOTONIC_WRITES,normal,netem delay 25ms 25ms,ONE,4,cassandra1,cassandra1,4,False,True,
46,3,2,MONOTONIC_WRITES,normal,netem delay 25ms 25ms,ONE,4,cassandra1,cassandra3,4,False,True,
46,3,3,MONOTONIC_WRITES,normal,netem delay 25ms 25ms,ONE,4,cassandra1,cassandra3,4,False,True,
46,4,1,MONOTONIC_WRITES,normal,netem delay 25ms 25ms,ONE,5,cassandra3,cassandra1,4,True,True,
46,4,2,MONOTONIC_WRITES,normal,netem delay 25ms 25ms,ONE,5,cassandra3,cassandra3,5,False,True,
46,4,3,MONOTONIC_WRITES,normal,netem delay 25ms 25ms,ONE,5,cassandra3,cassandra2,5,False,True,
46,5,1,MONOTONIC_WRITES,normal,netem delay 25ms 25ms,ONE,6,cassandra3,cassandra2,6,False,True,
46,5,2,MONOTONIC_WRITES,normal,netem delay 25ms 25ms,ONE,6,cassandra3,cassandra3,6,False,True,
46,5,3,MONOTONIC_WRITES,normal,netem delay 25ms 25ms,ONE,6,cassandra3,cassandra1,6,False,True,
47,1,1,MONOTONIC_WRITES,normal,netem delay 25ms 25ms,ONE,2,cassandra1,cassandra1,2,False,True,
47,1,2,MONOTONIC_WRITES,normal,netem delay 25ms 25ms,ONE,2,cassandra1,cassandra1,2,False,True,
47,1,3,MONOTONIC_WRITES,normal,netem delay 25ms 25ms,ONE,2,cassandra1,cassandra1,2,False,True,
47,2,1,MONOTONIC_WRITES,normal,netem delay 25ms 25ms,ONE,3,cassandra3,cassandra3,3,False,True,
47,2,2,MONOTONIC_WRITES,normal,netem delay 25ms 25ms,ONE,3,cassandra3,cassandra1,3,False,True,
47,2,3,MONOTONIC_WRITES,normal,netem delay 25ms 25ms,ONE,3,cassandra3,cassandra2,3,False,True,
47,3,1,MONOTONIC_WRITES,normal,netem delay 25ms 25ms,ONE,4,cassandra2,cassandra3,4,False,True,
47,3,2,MONOTONIC_WRITES,normal,netem delay 25ms 25ms,ONE,4,cassandra2,cassandra3,4,False,True,
47,3,3,MONOTONIC_WRITES,normal,netem delay 25ms 25ms,ONE,4,cassandra2,cassandra3,4,False,True,
47,4,1,MONOTONIC_WRITES,normal,netem delay 25ms 25ms,ONE,5,cassandra3,cassandra2,5,False,True,
47,4,2,MONOTONIC_WRITES,normal,netem delay 25ms 25ms,ONE,5,cassandra3,cassandra3,5,False,True,
47,4,3,MONOTONIC_WRITES,normal,netem delay 25ms 25ms,ONE,5,cassandra3,cassandra1,5,False,True,
47,5,1,MONOTONIC_WRITES,normal,netem delay 25ms 25ms,ONE,6,cassandra3,cassandra3,6,False,True,
47,5,2,MONOTONIC_WRITES,normal,netem delay 25ms 25ms,ONE,6,cassandra3,cassandra1,6,False,True,
47,5,3,MONOTONIC_WRITES,normal,netem delay 25ms 25ms,ONE,6,cassandra3,cassandra2,6,False,True,
48,1,1,MONOTONIC_WRITES,normal,netem delay 25ms 25ms,ONE,2,cassandra2,cassandra2,2,False,True,
48,1,2,MONOTONIC_WRITES,normal,netem delay 25ms 25ms,ONE,2,cassandra2,cassandra1,2,False,True,
48,1,3,MONOTONIC_WRITES,normal,netem delay 25ms 25ms,ONE,2,cassandra2,cassandra3,2,False,True,
48,2,1,MONOTONIC_WRITES,normal,netem delay 25ms 25ms,ONE,3,cassandra2,cassandra1,3,False,True,
48,2,2,MONOTONIC_WRITES,normal,netem delay 25ms 25ms,ONE,3,cassandra2,cassandra2,3,False,True,
48,2,3,MONOTONIC_WRITES,normal,netem delay 25ms 25ms,ONE,3,cassandra2,cassandra1,3,False,True,
48,3,1,MONOTONIC_WRITES,normal,netem delay 25ms 25ms,ONE,4,cassandra2,cassandra3,4,False,True,
48,3,2,MONOTONIC_WRITES,normal,netem delay 25ms 25ms,ONE,4,cassandra2,cassandra2,4,False,True,
48,3,3,MONOTONIC_WRITES,normal,netem delay 25ms 25ms,ONE,4,cassandra2,cassandra3,4,False,True,
48,4,1,MONOTONIC_WRITES,normal,netem delay 25ms 25ms,ONE,5,cassandra1,cassandra3,5,False,True,
48,4,2,MONOTONIC_WRITES,normal,netem delay 25ms 25ms,ONE,5,cassandra1,cassandra3,5,False,True,
48,4,3,MONOTONIC_WRITES,normal,netem delay 25ms 25ms,ONE,5,cassandra1,cassandra2,5,False,True,
48,5,1,MONOTONIC_WRITES,normal,netem delay 25ms 25ms,ONE,6,cassandra1,cassandra3,6,False,True,
48,5,2,MONOTONIC_WRITES,normal,netem delay 25ms 25ms,ONE,6,cassandra1,cassandra2,6,False,True,
48,5,3,MONOTONIC_WRITES,normal,netem delay 25ms 25ms,ONE,6,cassandra1,cassandra2,6,False,True,
49,1,1,MONOTONIC_WRITES,normal,netem delay 25ms 25ms,ONE,2,cassandra1,cassandra1,2,False,True,
49,1,2,MONOTONIC_WRITES,normal,netem delay 25ms 25ms,ONE,2,cassandra1,cassandra3,2,False,True,
49,1,3,MONOTONIC_WRITES,normal,netem delay 25ms 25ms,ONE,2,cassandra1,cassandra3,2,False,True,
49,2,1,MONOTONIC_WRITES,normal,netem delay 25ms 25ms,ONE,3,cassandra1,cassandra2,3,False,True,
49,2,2,MONOTONIC_WRITES,normal,netem delay 25ms 25ms,ONE,3,cassandra1,cassandra2,3,False,True,
49,2,3,MONOTONIC_WRITES,normal,netem delay 25ms 25ms,ONE,3,cassandra1,cassandra1,3,False,True,
49,3,1,MONOTONIC_WRITES,normal,netem delay 25ms 25ms,ONE,4,cassandra1,cassandra3,4,False,True,
49,3,2,MONOTONIC_WRITES,normal,netem delay 25ms 25ms,ONE,4,cassandra1,cassandra1,4,False,True,
49,3,3,MONOTONIC_WRITES,normal,netem delay 25ms 25ms,ONE,4,cassandra1,cassandra3,4,False,True,
49,4,1,MONOTONIC_WRITES,normal,netem delay 25ms 25ms,ONE,5,cassandra1,cassandra2,4,True,True,
49,4,2,MONOTONIC_WRITES,normal,netem delay 25ms 25ms,ONE,5,cassandra1,cassandra1,5,False,True,
49,4,3,MONOTONIC_WRITES,normal,netem delay 25ms 25ms,ONE,5,cassandra1,cassandra1,5,False,True,
49,5,1,MONOTONIC_WRITES,normal,netem delay 25ms 25ms,ONE,6,cassandra2,cassandra1,6,False,True,
49,5,2,MONOTONIC_WRITES,normal,netem delay 25ms 25ms,ONE,6,cassandra2,cassandra1,6,False,True,
49,5,3,MONOTONIC_WRITES,normal,netem delay 25ms 25ms,ONE,6,cassandra2,cassandra2,6,False,True,
50,1,1,MONOTONIC_WRITES,normal,netem delay 25ms 25ms,ONE,2,cassandra2,cassandra2,2,False,True,
50,1,2,MONOTONIC_WRITES,normal,netem delay 25ms 25ms,ONE,2,cassandra2,cassandra2,2,False,True,
50,1,3,MONOTONIC_WRITES,normal,netem delay 25ms 25ms,ONE,2,cassandra2,cassandra1,2,False,True,
50,2,1,MONOTONIC_WRITES,normal,netem delay 25ms 25ms,ONE,3,cassandra3,cassandra3,3,False,True,
50,2,2,MONOTONIC_WRITES,normal,netem delay 25ms 25ms,ONE,3,cassandra3,cassandra2,3,False,True,
50,2,3,MONOTONIC_WRITES,normal,netem delay 25ms 25ms,ONE,3,cassandra3,cassandra2,3,False,True,
50,3,1,MONOTONIC_WRITES,normal,netem delay 25ms 25ms,ONE,4,cassandra2,cassandra3,3,True,True,
50,3,2,MONOTONIC_WRITES,normal,netem delay 25ms 25ms,ONE,4,cassandra2,cassandra3,4,False,True,
50,3,3,MONOTONIC_WRITES,normal,netem delay 25ms 25ms,ONE,4,cassandra2,cassandra2,4,False,True,
50,4,1,MONOTONIC_WRITES,normal,netem delay 25ms 25ms,ONE,5,cassandra3,cassandra1,4,True,True,
50,4,2,MONOTONIC_WRITES,normal,netem delay 25ms 25ms,ONE,5,cassandra3,cassandra2,5,False,True,
50,4,3,MONOTONIC_WRITES,normal,netem delay 25ms 25ms,ONE,5,cassandra3,cassandra2,5,False,True,
50,5,1,MONOTONIC_WRITES,normal,netem delay 25ms 25ms,ONE,6,cassandra3,cassandra3,6,False,True,
50,5,2,MONOTONIC_WRITES,normal,netem delay 25ms 25ms,ONE,6,cassandra3,cassandra3,6,False,True,
50,5,3,MONOTONIC_WRITES,normal,netem delay 25ms 25ms,ONE,6,cassandra3,cassandra1,6,False,True,
51,1,1,MONOTONIC_WRITES,normal,netem delay 25ms 25ms,ONE,2,cassandra1,cassandra1,2,False,True,
51,1,2,MONOTONIC_WRITES,normal,netem delay 25ms 25ms,ONE,2,cassandra1,cassandra3,2,False,True,
51,1,3,MONOTONIC_WRITES,normal,netem delay 25ms 25ms,ONE,2,cassandra1,cassandra3,2,False,True,
51,2,1,MONOTONIC_WRITES,normal,netem delay 25ms 25ms,ONE,3,cassandra3,cassandra2,3,False,True,
51,2,2,MONOTONIC_WRITES,normal,netem delay 25ms 25ms,ONE,3,cassandra3,cassandra2,3,False,True,
51,2,3,MONOTONIC_WRITES,normal,netem delay 25ms 25ms,ONE,3,cassandra3,cassandra1,3,False,True,
51,3,1,MONOTONIC_WRITES,normal,netem delay 25ms 25ms,ONE,4,cassandra3,cassandra3,4,False,True,
51,3,2,MONOTONIC_WRITES,normal,netem delay 25ms 25ms,ONE,4,cassandra3,cassandra3,4,False,True,
51,3,3,MONOTONIC_WRITES,normal,netem delay 25ms 25ms,ONE,4,cassandra3,cassandra2,4,False,True,
51,4,1,MONOTONIC_WRITES,normal,netem delay 25ms 25ms,ONE,5,cassandra1,cassandra3,5,False,True,
51,4,2,MONOTONIC_WRITES,normal,netem delay 25ms 25ms,ONE,5,cassandra1,cassandra1,5,False,True,
51,4,3,MONOTONIC_WRITES,normal,netem delay 25ms 25ms,ONE,5,cassandra1,cassandra3,5,False,True,
51,5,1,MONOTONIC_WRITES,normal,netem delay 25ms 25ms,ONE,6,cassandra3,cassandra3,6,False,True,
51,5,2,MONOTONIC_WRITES,normal,netem delay 25ms 25ms,ONE,6,cassandra3,cassandra2,6,False,True,
51,5,3,MONOTONIC_WRITES,normal,netem delay 25ms 25ms,ONE,6,cassandra3,cassandra2,6,False,True,
52,1,1,MONOTONIC_WRITES,normal,netem delay 25ms 25ms,ONE,2,cassandra2,cassandra1,2,False,True,
52,1,2,MONOTONIC_WRITES,normal,netem delay 25ms 25ms,ONE,2,cassandra2,cassandra1,2,False,True,
52,1,3,MONOTONIC_WRITES,normal,netem delay 25ms 25ms,ONE,2,cassandra2,cassandra3,2,False,True,
52,2,1,MONOTONIC_WRITES,normal,netem delay 25ms 25ms,ONE,3,cassandra1,cassandra1,3,False,True,
52,2,2,MONOTONIC_WRITES,normal,netem delay 25ms 25ms,ONE,3,cassandra1,cassandra1,3,False,True,
52,2,3,MONOTONIC_WRITES,normal,netem delay 25ms 25ms,ONE,3,cassandra1,cassandra1,3,False,True,
52,3,1,MONOTONIC_WRITES,normal,netem delay 25ms 25ms,ONE,4,cassandra2,cassandra3,3,True,True,
52,3,2,MONOTONIC_WRITES,normal,netem delay 25ms 25ms,ONE,4,cassandra2,cassandra2,4,False,True,
52,3,3,MONOTONIC_WRITES,normal,netem delay 25ms 25ms,ONE,4,cassandra2,cassandra1,4,False,True,
52,4,1,MONOTONIC_WRITES,normal,netem delay 25ms 25ms,ONE,5,cassandra2,cassandra3,5,False,True,
52,4,2,MONOTONIC_WRITES,normal,netem delay 25ms 25ms,ONE,5,cassandra2,cassandra3,5,False,True,
52,4,3,MONOTONIC_WRITES,normal,netem delay 25ms 25ms,ONE,5,cassandra2,cassandra1,5,False,True,
52,5,1,MONOTONIC_WRITES,normal,netem delay 25ms 25ms,ONE,6,cassandra2,cassandra2,6,False,True,
52,5,2,MONOTONIC_WRITES,normal,netem delay 25ms 25ms,ONE,6,cassandra2,cassandra3,6,False,True,
52,5,3,MONOTONIC_WRITES,normal,netem delay 25ms 25ms,ONE,6,cassandra2,cassandra3,6,False,True,
53,1,1,MONOTONIC_WRITES,normal,netem delay 25ms 25ms,ONE,2,cassandra2,cassandra2,2,False,True,
53,1,2,MONOTONIC_WRITES,normal,netem delay 25ms 25ms,ONE,2,cassandra2,cassandra3,1,True,True,
53,1,3,MONOTONIC_WRITES,normal,netem delay 25ms 25ms,ONE,2,cassandra2,cassandra2,2,False,True,
53,2,1,MONOTONIC_WRITES,normal,netem delay 25ms 25ms,ONE,3,cassandra1,cassandra1,3,False,True,
53,2,2,MONOTONIC_WRITES,normal,netem delay 25ms 25ms,ONE,3,cassandra1,cassandra3,3,False,True,
53,2,3,MONOTONIC_WRITES,normal,netem delay 25ms 25ms,ONE,3,cassandra1,cassandra1,3,False,True,
53,3,1,MONOTONIC_WRITES,normal,netem delay 25ms 25ms,ONE,4,cassandra1,cassandra1,4,False,True,
53,3,2,MONOTONIC_WRITES,normal,netem delay 25ms 25ms,ONE,4,cassandra1,cassandra3,4,False,True,
53,3,3,MONOTONIC_WRITES,normal,netem delay 25ms 25ms,ONE,4,cassandra1,cassandra1,4,False,True,
53,4,1,MONOTONIC_WRITES,normal,netem delay 25ms 25ms,ONE,5,cassandra3,cassandra3,5,False,True,
53,4,2,MONOTONIC_WRITES,normal,netem delay 25ms 25ms,ONE,5,cassandra3,cassandra2,5,False,True,
53,4,3,MONOTONIC_WRITES,normal,netem delay 25ms 25ms,ONE,5,cassandra3,cassandra1,5,False,True,
53,5,1,MONOTONIC_WRITES,normal,netem delay 25ms 25ms,ONE,6,cassandra2,cassandra2,6,False,True,
53,5,2,MONOTONIC_WRITES,normal,netem delay 25ms 25ms,ONE,6,cassandra2,cassandra1,6,False,True,
53,5,3,MONOTONIC_WRITES,normal,netem delay 25ms 25ms,ONE,6,cassandra2,cassandra2,6,False,True,
54,1,1,MONOTONIC_WRITES,normal,netem delay 25ms 25ms,ONE,2,cassandra2,cassandra1,1,True,True,
54,1,2,MONOTONIC_WRITES,normal,netem delay 25ms 25ms,ONE,2,cassandra2,cassandra3,2,False,True,
54,1,3,MONOTONIC_WRITES,normal,netem delay 25ms 25ms,ONE,2,cassandra2,cassandra3,2,False,True,
54,2,1,MONOTONIC_WRITES,normal,netem delay 25ms 25ms,ONE,3,cassandra2,cassandra3,3,False,True,
54,2,2,MONOTONIC_WRITES,normal,netem delay 25ms 25ms,ONE,3,cassandra2,cassandra3,3,False,True,
54,2,3,MONOTONIC_WRITES,normal,netem delay 25ms 25ms,ONE,3,cassandra2,cassandra3,3,False,True,
54,3,1,MONOTONIC_WRITES,normal,netem delay 25ms 25ms,ONE,4,cassandra1,cassandra2,3,True,True,
54,3,2,MONOTONIC_WRITES,normal,netem delay 25ms 25ms,ONE,4,cassandra1,cassandra3,4,False,True,
54,3,3,MONOTONIC_WRITES,normal,netem delay 25ms 25ms,ONE,4,cassandra1,cassandra1,4,False,True,
54,4,1,MONOTONIC_WRITES,normal,netem delay 25ms 25ms,ONE,5,cassandra1,cassandra2,5,False,True,
54,4,2,MONOTONIC_WRITES,normal,netem delay 25ms 25ms,ONE,5,cassandra1,cassandra2,5,False,True,
54,4,3,MONOTONIC_WRITES,normal,netem delay 25ms 25ms,ONE,5,cassandra1,cassandra2,5,False,True,
54,5,1,MONOTONIC_WRITES,normal,netem delay 25ms 25ms,ONE,6,cassandra3,cassandra3,6,False,True,
54,5,2,MONOTONIC_WRITES,normal,netem delay 25ms 25ms,ONE,6,cassandra3,cassandra1,6,False,True,
54,5,3,MONOTONIC_WRITES,normal,netem delay 25ms 25ms,ONE,6,cassandra3,cassandra3,6,False,True,
55,1,1,MONOTONIC_WRITES,normal,netem delay 25ms 25ms,ONE,2,cassandra1,cassandra2,2,False,True,
55,1,2,MONOTONIC_WRITES,normal,netem delay 25ms 25ms,ONE,2,cassandra1,cassandra2,2,False,True,
55,1,3,MONOTONIC_WRITES,normal,netem delay 25ms 25ms,ONE,2,cassandra1,cassandra2,2,False,True,
55,2,1,MONOTONIC_WRITES,normal,netem delay 25ms 25ms,ONE,3,cassandra3,cassandra3,3,False,True,
55,2,2,MONOTONIC_WRITES,normal,netem delay 25ms 25ms,ONE,3,cassandra3,cassandra3,3,False,True,
55,2,3,MONOTONIC_WRITES,normal,netem delay 25ms 25ms,ONE,3,cassandra3,cassandra1,3,False,True,
55,3,1,MONOTONIC_WRITES,normal,netem delay 25ms 25ms,ONE,4,cassandra2,cassandra1,3,True,True,
55,3,2,MONOTONIC_WRITES,normal,netem delay 25ms 25ms,ONE,4,cassandra2,cassandra3,4,False,True,
55,3,3,MONOTONIC_WRITES,normal,netem delay 25ms 25ms,ONE,4,cassandra2,cassandra3,4,False,True,
55,4,1,MONOTONIC_WRITES,normal,netem delay 25ms 25ms,ONE,5,cassandra1,cassandra3,5,False,True,
55,4,2,MONOTONIC_WRITES,normal,netem delay 25ms 25ms,ONE,5,cassandra1,cassandra3,5,False,True,
55,4,3,MONOTONIC_WRITES,normal,netem delay 25ms 25ms,ONE,5,cassandra1,cassandra3,5,False,True,
55,5,1,MONOTONIC_WRITES,normal,netem delay 25ms 25ms,ONE,6,cassandra3,cassandra1,6,False,True,
55,5,2,MONOTONIC_WRITES,normal,netem delay 25ms 25ms,ONE,6,cassandra3,cassandra3,6,False,True,
55,5,3,MONOTONIC_WRITES,normal,netem delay 25ms 25ms,ONE,6,cassandra3,cassandra2,6,False,True,
56,1,1,MONOTONIC_WRITES,normal,netem delay 25ms 25ms,ONE,2,cassandra2,cassandra2,2,False,True,
56,1,2,MONOTONIC_WRITES,normal,netem delay 25ms 25ms,ONE,2,cassandra2,cassandra1,2,False,True,
56,1,3,MONOTONIC_WRITES,normal,netem delay 25ms 25ms,ONE,2,cassandra2,cassandra3,2,False,True,
56,2,1,MONOTONIC_WRITES,normal,netem delay 25ms 25ms,ONE,3,cassandra1,cassandra2,2,True,True,
56,2,2,MONOTONIC_WRITES,normal,netem delay 25ms 25ms,ONE,3,cassandra1,cassandra2,2,True,True,
56,2,3,MONOTONIC_WRITES,normal,netem delay 25ms 25ms,ONE,3,cassandra1,cassandra1,3,False,True,
56,3,1,MONOTONIC_WRITES,normal,netem delay 25ms 25ms,ONE,4,cassandra1,cassandra2,4,False,True,
56,3,2,MONOTONIC_WRITES,normal,netem delay 25ms 25ms,ONE,4,cassandra1,cassandra3,4,False,True,
56,3,3,MONOTONIC_WRITES,normal,netem delay 25ms 25ms,ONE,4,cassandra1,cassandra2,4,False,True,
56,4,1,MONOTONIC_WRITES,normal,netem delay 25ms 25ms,ONE,5,cassandra2,cassandra1,5,False,True,
56,4,2,MONOTONIC_WRITES,normal,netem delay 25ms 25ms,ONE,5,cassandra2,cassandra1,5,False,True,
56,4,3,MONOTONIC_WRITES,normal,netem delay 25ms 25ms,ONE,5,cassandra2,cassandra1,5,False,True,
56,5,1,MONOTONIC_WRITES,normal,netem delay 25ms 25ms,ONE,6,cassandra1,cassandra2,6,False,True,
56,5,2,MONOTONIC_WRITES,normal,netem delay 25ms 25ms,ONE,6,cassandra1,cassandra1,6,False,True,
56,5,3,MONOTONIC_WRITES,normal,netem delay 25ms 25ms,ONE,6,cassandra1,cassandra1,6,False,True,
57,1,1,MONOTONIC_WRITES,normal,netem delay 25ms 25ms,ONE,2,cassandra2,cassandra1,2,False,True,
57,1,2,MONOTONIC_WRITES,normal,netem delay 25ms 25ms,ONE,2,cassandra2,cassandra1,2,False,True,
57,1,3,MONOTONIC_WRITES,normal,netem delay 25ms 25ms,ONE,2,cassandra2,cassandra2,2,False,True,
57,2,1,MONOTONIC_WRITES,normal,netem delay 25ms 25ms,ONE,3,cassandra2,cassandra1,2,True,True,
57,2,2,MONOTONIC_WRITES,normal,netem delay 25ms 25ms,ONE,3,cassandra2,cassandra1,3,False,True,
57,2,3,MONOTONIC_WRITES,normal,netem delay 25ms 25ms,ONE,3,cassandra2,cassandra1,3,False,True,
57,3,1,MONOTONIC_WRITES,normal,netem delay 25ms 25ms,ONE,4,cassandra3,cassandra1,4,False,True,
57,3,2,MONOTONIC_WRITES,normal,netem delay 25ms 25ms,ONE,4,cassandra3,cassandra2,4,False,True,
57,3,3,MONOTONIC_WRITES,normal,netem delay 25ms 25ms,ONE,4,cassandra3,cassandra1,4,False,True,
57,4,1,MONOTONIC_WRITES,normal,netem delay 25ms 25ms,ONE,5,cassandra1,cassandra2,5,False,True,
57,4,2,MONOTONIC_WRITES,normal,netem delay 25ms 25ms,ONE,5,cassandra1,cassandra1,5,False,True,
57,4,3,MONOTONIC_WRITES,normal,netem delay 25ms 25ms,ONE,5,cassandra1,cassandra1,5,False,True,
57,5,1,MONOTONIC_WRITES,normal,netem delay 25ms 25ms,ONE,6,cassandra1,cassandra1,6,False,True,
57,5,2,MONOTONIC_WRITES,normal,netem delay 25ms 25ms,ONE,6,cassandra1,cassandra1,6,False,True,
57,5,3,MONOTONIC_WRITES,normal,netem delay 25ms 25ms,ONE,6,cassandra1,cassandra1,6,False,True,
58,1,1,MONOTONIC_WRITES,normal,netem delay 25ms 25ms,ONE,2,cassandra3,cassandra2,1,True,True,
58,1,2,MONOTONIC_WRITES,normal,netem delay 25ms 25ms,ONE,2,cassandra3,cassandra1,2,False,True,
58,1,3,MONOTONIC_WRITES,normal,netem delay 25ms 25ms,ONE,2,cassandra3,cassandra1,2,False,True,
58,2,1,MONOTONIC_WRITES,normal,netem delay 25ms 25ms,ONE,3,cassandra1,cassandra2,3,False,True,
58,2,2,MONOTONIC_WRITES,normal,netem delay 25ms 25ms,ONE,3,cassandra1,cassandra2,3,False,True,
58,2,3,MONOTONIC_WRITES,normal,netem delay 25ms 25ms,ONE,3,cassandra1,cassandra3,3,False,True,
58,3,1,MONOTONIC_WRITES,normal,netem delay 25ms 25ms,ONE,4,cassandra2,cassandra1,3,True,True,
58,3,2,MONOTONIC_WRITES,normal,netem delay 25ms 25ms,ONE,4,cassandra2,cassandra3,4,False,True,
58,3,3,MONOTONIC_WRITES,normal,netem delay 25ms 25ms,ONE,4,cassandra2,cassandra2,4,False,True,
58,4,1,MONOTONIC_WRITES,normal,netem delay 25ms 25ms,ONE,5,cassandra1,cassandra3,5,False,True,
58,4,2,MONOTONIC_WRITES,normal,netem delay 25ms 25ms,ONE,5,cassandra1,cassandra3,5,False,True,
58,4,3,MONOTONIC_WRITES,normal,netem delay 25ms 25ms,ONE,5,cassandra1,cassandra2,5,False,True,
58,5,1,MONOTONIC_WRITES,normal,netem delay 25ms 25ms,ONE,6,cassandra3,cassandra1,6,False,True,
58,5,2,MONOTONIC_WRITES,normal,netem delay 25ms 25ms,ONE,6,cassandra3,cassandra1,6,False,True,
58,5,3,MONOTONIC_WRITES,normal,netem delay 25ms 25ms,ONE,6,cassandra3,cassandra3,6,False,True,
59,1,1,MONOTONIC_WRITES,normal,netem delay 25ms 25ms,ONE,2,cassandra2,cassandra2,2,False,True,
59,1,2,MONOTONIC_WRITES,normal,netem delay 25ms 25ms,ONE,2,cassandra2,cassandra2,2,False,True,
59,1,3,MONOTONIC_WRITES,normal,netem delay 25ms 25ms,ONE,2,cassandra2,cassandra3,2,False,True,
59,2,1,MONOTONIC_WRITES,normal,netem delay 25ms 25ms,ONE,3,cassandra2,cassandra3,3,False,True,
59,2,2,MONOTONIC_WRITES,normal,netem delay 25ms 25ms,ONE,3,cassandra2,cassandra2,3,False,True,
59,2,3,MONOTONIC_WRITES,normal,netem delay 25ms 25ms,ONE,3,cassandra2,cassandra3,3,False,True,
59,3,1,MONOTONIC_WRITES,normal,netem delay 25ms 25ms,ONE,4,cassandra3,cassandra3,4,False,True,
59,3,2,MONOTONIC_WRITES,normal,netem delay 25ms 25ms,ONE,4,cassandra3,cassandra1,4,False,True,
59,3,3,MONOTONIC_WRITES,normal,netem delay 25ms 25ms,ONE,4,cassandra3,cassandra1,4,False,True,
59,4,1,MONOTONIC_WRITES,normal,netem delay 25ms 25ms,ONE,5,cassandra2,cassandra2,5,False,True,
59,4,2,MONOTONIC_WRITES,normal,netem delay 25ms 25ms,ONE,5,cassandra2,cassandra1,5,False,True,
59,4,3,MONOTONIC_WRITES,normal,netem delay 25ms 25ms,ONE,5,cassandra2,cassandra3,5,False,True,
59,5,1,MONOTONIC_WRITES,normal,netem delay 25ms 25ms,ONE,6,cassandra1,cassandra3,6,False,True,
59,5,2,MONOTONIC_WRITES,normal,netem delay 25ms 25ms,ONE,6,cassandra1,cassandra1,6,False,True,
59,5,3,MONOTONIC_WRITES,normal,netem delay 25ms 25ms,ONE,6,cassandra1,cassandra3,6,False,True,
60,1,1,MONOTONIC_WRITES,normal,netem delay 25ms 25ms,ONE,2,cassandra1,cassandra2,1,True,True,
60,1,2,MONOTONIC_WRITES,normal,netem delay 25ms 25ms,ONE,2,cassandra1,cassandra1,2,False,True,
60,1,3,MONOTONIC_WRITES,normal,netem delay 25ms 25ms,ONE,2,cassandra1,cassandra3,2,False,True,
60,2,1,MONOTONIC_WRITES,normal,netem delay 25ms 25ms,ONE,3,cassandra1,cassandra1,3,False,True,
60,2,2,MONOTONIC_WRITES,normal,netem delay 25ms 25ms,ONE,3,cassandra1,cassandra1,3,False,True,
60,2,3,MONOTONIC_WRITES,normal,netem delay 25ms 25ms,ONE,3,cassandra1,cassandra1,3,False,True,
60,3,1,MONOTONIC_WRITES,normal,netem delay 25ms 25ms,ONE,4,cassandra1,cassandra3,3,True,True,
60,3,2,MONOTONIC_WRITES,normal,netem delay 25ms 25ms,ONE,4,cassandra1,cassandra2,3,True,True,
60,3,3,MONOTONIC_WRITES,normal,netem delay 25ms 25ms,ONE,4,cassandra1,cassandra3,4,False,True,
60,4,1,MONOTONIC_WRITES,normal,netem delay 25ms 25ms,ONE,5,cassandra3,cassandra1,5,False,True,
60,4,2,MONOTONIC_WRITES,normal,netem delay 25ms 25ms,ONE,5,cassandra3,cassandra3,5,False,True,
60,4,3,MONOTONIC_WRITES,normal,netem delay 25ms 25ms,ONE,5,cassandra3,cassandra2,5,False,True,
60,5,1,MONOTONIC_WRITES,normal,netem delay 25ms 25ms,ONE,6,cassandra1,cassandra3,6,False,True,
60,5,2,MONOTONIC_WRITES,normal,netem delay 25ms 25ms,ONE,6,cassandra1,cassandra1,6,False,True,
60,5,3,MONOTONIC_WRITES,normal,netem delay 25ms 25ms,ONE,6,cassandra1,cassandra2,6,False,True,
61,1,1,MONOTONIC_WRITES,normal,netem delay 25ms 25ms,ONE,2,cassandra2,cassandra1,1,True,True,
61,1,2,MONOTONIC_WRITES,normal,netem delay 25ms 25ms,ONE,2,cassandra2,cassandra3,2,False,True,
61,1,3,MONOTONIC_WRITES,normal,netem delay 25ms 25ms,ONE,2,cassandra2,cassandra1,2,False,True,
61,2,1,MONOTONIC_WRITES,normal,netem delay 25ms 25ms,ONE,3,cassandra1,cassandra1,3,False,True,
61,2,2,MONOTONIC_WRITES,normal,netem delay 25ms 25ms,ONE,3,cassandra1,cassandra1,3,False,True,
61,2,3,MONOTONIC_WRITES,normal,netem delay 25ms 25ms,ONE,3,cassandra1,cassandra3,3,False,True,
61,3,1,MONOTONIC_WRITES,normal,netem delay 25ms 25ms,ONE,4,cassandra3,cassandra3,4,False,True,
61,3,2,MONOTONIC_WRITES,normal,netem delay 25ms 25ms,ONE,4,cassandra3,cassandra1,4,False,True,
61,3,3,MONOTONIC_WRITES,normal,netem delay 25ms 25ms,ONE,4,cassandra3,cassandra3,4,False,True,
61,4,1,MONOTONIC_WRITES,normal,netem delay 25ms 25ms,ONE,5,cassandra3,cassandra2,5,False,True,
61,4,2,MONOTONIC_WRITES,normal,netem delay 25ms 25ms,ONE,5,cassandra3,cassandra1,5,False,True,
61,4,3,MONOTONIC_WRITES,normal,netem delay 25ms 25ms,ONE,5,cassandra3,cassandra2,5,False,True,
61,5,1,MONOTONIC_WRITES,normal,netem delay 25ms 25ms,ONE,6,cassandra1,cassandra1,6,False,True,
61,5,2,MONOTONIC_WRITES,normal,netem delay 25ms 25ms,ONE,6,cassandra1,cassandra1,6,False,True,
61,5,3,MONOTONIC_WRITES,normal,netem delay 25ms 25ms,ONE,6,cassandra1,cassandra1,6,False,True,
62,1,1,MONOTONIC_WRITES,normal,netem delay 25ms 25ms,ONE,2,cassandra1,cassandra1,2,False,True,
62,1,2,MONOTONIC_WRITES,normal,netem delay 25ms 25ms,ONE,2,cassandra1,cassandra3,2,False,True,
62,1,3,MONOTONIC_WRITES,normal,netem delay 25ms 25ms,ONE,2,cassandra1,cassandra2,2,False,True,
62,2,1,MONOTONIC_WRITES,normal,netem delay 25ms 25ms,ONE,3,cassandra2,cassandra1,2,True,True,
62,2,2,MONOTONIC_WRITES,normal,netem delay 25ms 25ms,ONE,3,cassandra2,cassandra1,2,True,True,
62,2,3,MONOTONIC_WRITES,normal,netem delay 25ms 25ms,ONE,3,cassandra2,cassandra2,3,False,True,
62,3,1,MONOTONIC_WRITES,normal,netem delay 25ms 25ms,ONE,4,cassandra1,cassandra1,4,False,True,
62,3,2,MONOTONIC_WRITES,normal,netem delay 25ms 25ms,ONE,4,cassandra1,cassandra1,4,False,True,
62,3,3,MONOTONIC_WRITES,normal,netem delay 25ms 25ms,ONE,4,cassandra1,cassandra2,4,False,True,
62,4,1,MONOTONIC_WRITES,normal,netem delay 25ms 25ms,ONE,5,cassandra2,cassandra2,5,False,True,
62,4,2,MONOTONIC_WRITES,normal,netem delay 25ms 25ms,ONE,5,cassandra2,cassandra1,5,False,True,
62,4,3,MONOTONIC_WRITES,normal,netem delay 25ms 25ms,ONE,5,cassandra2,cassandra3,5,False,True,
62,5,1,MONOTONIC_WRITES,normal,netem delay 25ms 25ms,ONE,6,cassandra2,cassandra3,6,False,True,
62,5,2,MONOTONIC_WRITES,normal,netem delay 25ms 25ms,ONE,6,cassandra2,cassandra2,6,False,True,
62,5,3,MONOTONIC_WRITES,normal,netem delay 25ms 25ms,ONE,6,cassandra2,cassandra3,6,False,True,
63,1,1,MONOTONIC_WRITES,normal,netem delay 25ms 25ms,ONE,2,cassandra1,cassandra1,2,False,True,
63,1,2,MONOTONIC_WRITES,normal,netem delay 25ms 25ms,ONE,2,cassandra1,cassandra1,2,False,True,
63,1,3,MONOTONIC_WRITES,normal,netem delay 25ms 25ms,ONE,2,cassandra1,cassandra3,2,False,True,
63,2,1,MONOTONIC_WRITES,normal,netem delay 25ms 25ms,ONE,3,cassandra2,cassandra3,2,True,True,
63,2,2,MONOTONIC_WRITES,normal,netem delay 25ms 25ms,ONE,3,cassandra2,cassandra3,3,False,True,
63,2,3,MONOTONIC_WRITES,normal,netem delay 25ms 25ms,ONE,3,cassandra2,cassandra3,3,False,True,
63,3,1,MONOTONIC_WRITES,normal,netem delay 25ms 25ms,ONE,4,cassandra3,cassandra1,3,True,True,
63,3,2,MONOTONIC_WRITES,normal,netem delay 25ms 25ms,ONE,4,cassandra3,cassandra3,4,False,True,
63,3,3,MONOTONIC_WRITES,normal,netem delay 25ms 25ms,ONE,4,cassandra3,cassandra1,4,False,True,
63,4,1,MONOTONIC_WRITES,normal,netem delay 25ms 25ms,ONE,5,cassandra2,cassandra1,5,False,True,
63,4,2,MONOTONIC_WRITES,normal,netem delay 25ms 25ms,ONE,5,cassandra2,cassandra1,5,False,True,
63,4,3,MONOTONIC_WRITES,normal,netem delay 25ms 25ms,ONE,5,cassandra2,cassandra2,5,False,True,
63,5,1,MONOTONIC_WRITES,normal,netem delay 25ms 25ms,ONE,6,cassandra1,cassandra3,6,False,True,
63,5,2,MONOTONIC_WRITES,normal,netem delay 25ms 25ms,ONE,6,cassandra1,cassandra1,6,False,True,
63,5,3,MONOTONIC_WRITES,normal,netem delay 25ms 25ms,ONE,6,cassandra1,cassandra3,6,False,True,
64,1,1,MONOTONIC_WRITES,normal,netem delay 25ms 25ms,ONE,2,cassandra2,cassandra1,2,False,True,
64,1,2,MONOTONIC_WRITES,normal,netem delay 25ms 25ms,ONE,2,cassandra2,cassandra2,2,False,True,
64,1,3,MONOTONIC_WRITES,normal,netem delay 25ms 25ms,ONE,2,cassandra2,cassandra3,2,False,True,
64,2,1,MONOTONIC_WRITES,normal,netem delay 25ms 25ms,ONE,3,cassandra1,cassandra1,3,False,True,
64,2,2,MONOTONIC_WRITES,normal,netem delay 25ms 25ms,ONE,3,cassandra1,cassandra3,3,False,True,
64,2,3,MONOTONIC_WRITES,normal,netem delay 25ms 25ms,ONE,3,cassandra1,cassandra3,3,False,True,
64,3,1,MONOTONIC_WRITES,normal,netem delay 25ms 25ms,ONE,4,cassandra1,cassandra2,3,True,True,
64,3,2,MONOTONIC_WRITES,normal,netem delay 25ms 25ms,ONE,4,cassandra1,cassandra3,4,False,True,
64,3,3,MONOTONIC_WRITES,normal,netem delay 25ms 25ms,ONE,4,cassandra1,cassandra3,4,False,True,
64,4,1,MONOTONIC_WRITES,normal,netem delay 25ms 25ms,ONE,5,cassandra2,cassandra2,5,False,True,
64,4,2,MONOTONIC_WRITES,normal,netem delay 25ms 25ms,ONE,5,cassandra2,cassandra1,5,False,True,
64,4,3,MONOTONIC_WRITES,normal,netem delay 25ms 25ms,ONE,5,cassandra2,cassandra1,5,False,True,
64,5,1,MONOTONIC_WRITES,normal,netem delay 25ms 25ms,ONE,6,cassandra3,cassandra2,6,False,True,
64,5,2,MONOTONIC_WRITES,normal,netem delay 25ms 25ms,ONE,6,cassandra3,cassandra3,6,False,True,
64,5,3,MONOTONIC_WRITES,normal,netem delay 25ms 25ms,ONE,6,cassandra3,cassandra1,6,False,True,
65,1,1,MONOTONIC_WRITES,normal,netem delay 25ms 25ms,ONE,2,cassandra1,cassandra2,1,True,True,
65,1,2,MONOTONIC_WRITES,normal,netem delay 25ms 25ms,ONE,2,cassandra1,cassandra2,2,False,True,
65,1,3,MONOTONIC_WRITES,normal,netem delay 25ms 25ms,ONE,2,cassandra1,cassandra1,2,False,True,
65,2,1,MONOTONIC_WRITES,normal,netem delay 25ms 25ms,ONE,3,cassandra2,cassandra1,2,True,True,
65,2,2,MONOTONIC_WRITES,normal,netem delay 25ms 25ms,ONE,3,cassandra2,cassandra1,3,False,True,
65,2,3,MONOTONIC_WRITES,normal,netem delay 25ms 25ms,ONE,3,cassandra2,cassandra1,3,False,True,
65,3,1,MONOTONIC_WRITES,normal,netem delay 25ms 25ms,ONE,4,cassandra1,cassandra2,3,True,True,
65,3,2,MONOTONIC_WRITES,normal,netem delay 25ms 25ms,ONE,4,cassandra1,cassandra2,3,True,True,
65,3,3,MONOTONIC_WRITES,normal,netem delay 25ms 25ms,ONE,4,cassandra1,cassandra1,4,False,True,
65,4,1,MONOTONIC_WRITES,normal,netem delay 25ms 25ms,ONE,5,cassandra2,cassandra2,5,False,True,
65,4,2,MONOTONIC_WRITES,normal,netem delay 25ms 25ms,ONE,5,cassandra2,cassandra3,5,False,True,
65,4,3,MONOTONIC_WRITES,normal,netem delay 25ms 25ms,ONE,5,cassandra2,cassandra1,5,False,True,
65,5,1,MONOTONIC_WRITES,normal,netem delay 25ms 25ms,ONE,6,cassandra2,cassandra1,6,False,True,
65,5,2,MONOTONIC_WRITES,normal,netem delay 25ms 25ms,ONE,6,cassandra2,cassandra3,6,False,True,
65,5,3,MONOTONIC_WRITES,normal,netem delay 25ms 25ms,ONE,6,cassandra2,cassandra1,6,False,True,
66,1,1,MONOTONIC_WRITES,normal,netem delay 25ms 25ms,ONE,2,cassandra2,cassandra2,2,False,True,
66,1,2,MONOTONIC_WRITES,normal,netem delay 25ms 25ms,ONE,2,cassandra2,cassandra2,2,False,True,
66,1,3,MONOTONIC_WRITES,normal,netem delay 25ms 25ms,ONE,2,cassandra2,cassandra1,2,False,True,
66,2,1,MONOTONIC_WRITES,normal,netem delay 25ms 25ms,ONE,3,cassandra2,cassandra3,3,False,True,
66,2,2,MONOTONIC_WRITES,normal,netem delay 25ms 25ms,ONE,3,cassandra2,cassandra2,3,False,True,
66,2,3,MONOTONIC_WRITES,normal,netem delay 25ms 25ms,ONE,3,cassandra2,cassandra1,3,False,True,
66,3,1,MONOTONIC_WRITES,normal,netem delay 25ms 25ms,ONE,4,cassandra3,cassandra3,4,False,True,
66,3,2,MONOTONIC_WRITES,normal,netem delay 25ms 25ms,ONE,4,cassandra3,cassandra2,4,False,True,
66,3,3,MONOTONIC_WRITES,normal,netem delay 25ms 25ms,ONE,4,cassandra3,cassandra2,4,False,True,
66,4,1,MONOTONIC_WRITES,normal,netem delay 25ms 25ms,ONE,5,cassandra1,cassandra1,5,False,True,
66,4,2,MONOTONIC_WRITES,normal,netem delay 25ms 25ms,ONE,5,cassandra1,cassandra2,5,False,True,
66,4,3,MONOTONIC_WRITES,normal,netem delay 25ms 25ms,ONE,5,cassandra1,cassandra1,5,False,True,
66,5,1,MONOTONIC_WRITES,normal,netem delay 25ms 25ms,ONE,6,cassandra1,cassandra1,6,False,True,
66,5,2,MONOTONIC_WRITES,normal,netem delay 25ms 25ms,ONE,6,cassandra1,cassandra3,6,False,True,
66,5,3,MONOTONIC_WRITES,normal,netem delay 25ms 25ms,ONE,6,cassandra1,cassandra3,6,False,True,
67,1,1,MONOTONIC_WRITES,normal,netem delay 25ms 25ms,ONE,2,cassandra1,cassandra2,1,True,True,
67,1,2,MONOTONIC_WRITES,normal,netem delay 25ms 25ms,ONE,2,cassandra1,cassandra1,2,False,True,
67,1,3,MONOTONIC_WRITES,normal,netem delay 25ms 25ms,ONE,2,cassandra1,cassandra3,2,False,True,
67,2,1,MONOTONIC_WRITES,normal,netem delay 25ms 25ms,ONE,3,cassandra1,cassandra1,3,False,True,
67,2,2,MONOTONIC_WRITES,normal,netem delay 25ms 25ms,ONE,3,cassandra1,cassandra2,3,False,True,
67,2,3,MONOTONIC_WRITES,normal,netem delay 25ms 25ms,ONE,3,cassandra1,cassandra2,3,False,True,
67,3,1,MONOTONIC_WRITES,normal,netem delay 25ms 25ms,ONE,4,cassandra3,cassandra2,4,False,True,
67,3,2,MONOTONIC_WRITES,normal,netem delay 25ms 25ms,ONE,4,cassandra3,cassandra3,4,False,True,
67,3,3,MONOTONIC_WRITES,normal,netem delay 25ms 25ms,ONE,4,cassandra3,cassandra3,4,False,True,
67,4,1,MONOTONIC_WRITES,normal,netem delay 25ms 25ms,ONE,5,cassandra3,cassandra1,5,False,True,
67,4,2,MONOTONIC_WRITES,normal,netem delay 25ms 25ms,ONE,5,cassandra3,cassandra2,5,False,True,
67,4,3,MONOTONIC_WRITES,normal,netem delay 25ms 25ms,ONE,5,cassandra3,cassandra3,5,False,True,
67,5,1,MONOTONIC_WRITES,normal,netem delay 25ms 25ms,ONE,6,cassandra1,cassandra2,5,True,True,
67,5,2,MONOTONIC_WRITES,normal,netem delay 25ms 25ms,ONE,6,cassandra1,cassandra1,6,False,True,
67,5,3,MONOTONIC_WRITES,normal,netem delay 25ms 25ms,ONE,6,cassandra1,cassandra2,6,False,True,
68,1,1,MONOTONIC_WRITES,normal,netem delay 25ms 25ms,ONE,2,cassandra2,cassandra1,2,False,True,
68,1,2,MONOTONIC_WRITES,normal,netem delay 25ms 25ms,ONE,2,cassandra2,cassandra3,2,False,True,
68,1,3,MONOTONIC_WRITES,normal,netem delay 25ms 25ms,ONE,2,cassandra2,cassandra2,2,False,True,
68,2,1,MONOTONIC_WRITES,normal,netem delay 25ms 25ms,ONE,3,cassandra1,cassandra2,3,False,True,
68,2,2,MONOTONIC_WRITES,normal,netem delay 25ms 25ms,ONE,3,cassandra1,cassandra3,3,False,True,
68,2,3,MONOTONIC_WRITES,normal,netem delay 25ms 25ms,ONE,3,cassandra1,cassandra1,3,False,True,
68,3,1,MONOTONIC_WRITES,normal,netem delay 25ms 25ms,ONE,4,cassandra2,cassandra1,4,False,True,
68,3,2,MONOTONIC_WRITES,normal,netem delay 25ms 25ms,ONE,4,cassandra2,cassandra1,4,False,True,
68,3,3,MONOTONIC_WRITES,normal,netem delay 25ms 25ms,ONE,4,cassandra2,cassandra3,4,False,True,
68,4,1,MONOTONIC_WRITES,normal,netem delay 25ms 25ms,ONE,5,cassandra3,cassandra2,4,True,True,
68,4,2,MONOTONIC_WRITES,normal,netem delay 25ms 25ms,ONE,5,cassandra3,cassandra3,5,False,True,
68,4,3,MONOTONIC_WRITES,normal,netem delay 25ms 25ms,ONE,5,cassandra3,cassandra1,5,False,True,
68,5,1,MONOTONIC_WRITES,normal,netem delay 25ms 25ms,ONE,6,cassandra3,cassandra3,6,False,True,
68,5,2,MONOTONIC_WRITES,normal,netem delay 25ms 25ms,ONE,6,cassandra3,cassandra2,6,False,True,
68,5,3,MONOTONIC_WRITES,normal,netem delay 25ms 25ms,ONE,6,cassandra3,cassandra1,6,False,True,
69,1,1,MONOTONIC_WRITES,normal,netem delay 25ms 25ms,ONE,2,cassandra1,cassandra2,2,False,True,
69,1,2,MONOTONIC_WRITES,normal,netem delay 25ms 25ms,ONE,2,cassandra1,cassandra2,2,False,True,
69,1,3,MONOTONIC_WRITES,normal,netem delay 25ms 25ms,ONE,2,cassandra1,cassandra1,2,False,True,
69,2,1,MONOTONIC_WRITES,normal,netem delay 25ms 25ms,ONE,3,cassandra2,cassandra2,3,False,True,
69,2,2,MONOTONIC_WRITES,normal,netem delay 25ms 25ms,ONE,3,cassandra2,cassandra1,3,False,True,
69,2,3,MONOTONIC_WRITES,normal,netem delay 25ms 25ms,ONE,3,cassandra2,cassandra3,3,False,True,
69,3,1,MONOTONIC_WRITES,normal,netem delay 25ms 25ms,ONE,4,cassandra2,cassandra3,4,False,True,
69,3,2,MONOTONIC_WRITES,normal,netem delay 25ms 25ms,ONE,4,cassandra2,cassandra2,4,False,True,
69,3,3,MONOTONIC_WRITES,normal,netem delay 25ms 25ms,ONE,4,cassandra2,cassandra1,4,False,True,
69,4,1,MONOTONIC_WRITES,normal,netem delay 25ms 25ms,ONE,5,cassandra2,cassandra3,5,False,True,
69,4,2,MONOTONIC_WRITES,normal,netem delay 25ms 25ms,ONE,5,cassandra2,cassandra3,5,False,True,
69,4,3,MONOTONIC_WRITES,normal,netem delay 25ms 25ms,ONE,5,cassandra2,cassandra2,5,False,True,
69,5,1,MONOTONIC_WRITES,normal,netem delay 25ms 25ms,ONE,6,cassandra2,cassandra2,6,False,True,
69,5,2,MONOTONIC_WRITES,normal,netem delay 25ms 25ms,ONE,6,cassandra2,cassandra3,6,False,True,
69,5,3,MONOTONIC_WRITES,normal,netem delay 25ms 25ms,ONE,6,cassandra2,cassandra3,6,False,True,
70,1,1,MONOTONIC_WRITES,normal,netem delay 25ms 25ms,ONE,2,cassandra2,cassandra1,2,False,True,
70,1,2,MONOTONIC_WRITES,normal,netem delay 25ms 25ms,ONE,2,cassandra2,cassandra2,2,False,True,
70,1,3,MONOTONIC_WRITES,normal,netem delay 25ms 25ms,ONE,2,cassandra2,cassandra1,2,False,True,
70,2,1,MONOTONIC_WRITES,normal,netem delay 25ms 25ms,ONE,3,cassandra3,cassandra3,3,False,True,
70,2,2,MONOTONIC_WRITES,normal,netem delay 25ms 25ms,ONE,3,cassandra3,cassandra2,3,False,True,
70,2,3,MONOTONIC_WRITES,normal,netem delay 25ms 25ms,ONE,3,cassandra3,cassandra2,3,False,True,
70,3,1,MONOTONIC_WRITES,normal,netem delay 25ms 25ms,ONE,4,cassandra1,cassandra1,4,False,True,
70,3,2,MONOTONIC_WRITES,normal,netem delay 25ms 25ms,ONE,4,cassandra1,cassandra1,4,False,True,
70,3,3,MONOTONIC_WRITES,normal,netem delay 25ms 25ms,ONE,4,cassandra1,cassandra2,4,False,True,
70,4,1,MONOTONIC_WRITES,normal,netem delay 25ms 25ms,ONE,5,cassandra2,cassandra2,5,False,True,
70,4,2,MONOTONIC_WRITES,normal,netem delay 25ms 25ms,ONE,5,cassandra2,cassandra1,5,False,True,
70,4,3,MONOTONIC_WRITES,normal,netem delay 25ms 25ms,ONE,5,cassandra2,cassandra1,5,False,True,
70,5,1,MONOTONIC_WRITES,normal,netem delay 25ms 25ms,ONE,6,cassandra3,cassandra3,6,False,True,
70,5,2,MONOTONIC_WRITES,normal,netem delay 25ms 25ms,ONE,6,cassandra3,cassandra3,6,False,True,
70,5,3,MONOTONIC_WRITES,normal,netem delay 25ms 25ms,ONE,6,cassandra3,cassandra1,6,False,True,
71,1,1,MONOTONIC_WRITES,normal,netem delay 25ms 25ms,ONE,2,cassandra1,cassandra1,2,False,True,
71,1,2,MONOTONIC_WRITES,normal,netem delay 25ms 25ms,ONE,2,cassandra1,cassandra1,2,False,True,
71,1,3,MONOTONIC_WRITES,normal,netem delay 25ms 25ms,ONE,2,cassandra1,cassandra1,2,False,True,
71,2,1,MONOTONIC_WRITES,normal,netem delay 25ms 25ms,ONE,3,cassandra1,cassandra1,3,False,True,
71,2,2,MONOTONIC_WRITES,normal,netem delay 25ms 25ms,ONE,3,cassandra1,cassandra1,3,False,True,
71,2,3,MONOTONIC_WRITES,normal,netem delay 25ms 25ms,ONE,3,cassandra1,cassandra2,3,False,True,
71,3,1,MONOTONIC_WRITES,normal,netem delay 25ms 25ms,ONE,4,cassandra3,cassandra1,4,False,True,
71,3,2,MONOTONIC_WRITES,normal,netem delay 25ms 25ms,ONE,4,cassandra3,cassandra2,4,False,True,
71,3,3,MONOTONIC_WRITES,normal,netem delay 25ms 25ms,ONE,4,cassandra3,cassandra3,4,False,True,
71,4,1,MONOTONIC_WRITES,normal,netem delay 25ms 25ms,ONE,5,cassandra1,cassandra3,4,True,True,
71,4,2,MONOTONIC_WRITES,normal,netem delay 25ms 25ms,ONE,5,cassandra1,cassandra2,5,False,True,
71,4,3,MONOTONIC_WRITES,normal,netem delay 25ms 25ms,ONE,5,cassandra1,cassandra1,5,False,True,
71,5,1,MONOTONIC_WRITES,normal,netem delay 25ms 25ms,ONE,6,cassandra2,cassandra2,6,False,True,
71,5,2,MONOTONIC_WRITES,normal,netem delay 25ms 25ms,ONE,6,cassandra2,cassandra1,6,False,True,
71,5,3,MONOTONIC_WRITES,normal,netem delay 25ms 25ms,ONE,6,cassandra2,cassandra3,6,False,True,
72,1,1,MONOTONIC_WRITES,normal,netem delay 25ms 25ms,ONE,2,cassandra2,cassandra3,1,True,True,
72,1,2,MONOTONIC_WRITES,normal,netem delay 25ms 25ms,ONE,2,cassandra2,cassandra1,2,False,True,
72,1,3,MONOTONIC_WRITES,normal,netem delay 25ms 25ms,ONE,2,cassandra2,cassandra3,2,False,True,
72,2,1,MONOTONIC_WRITES,normal,netem delay 25ms 25ms,ONE,3,cassandra1,cassandra2,2,True,True,
72,2,2,MONOTONIC_WRITES,normal,netem delay 25ms 25ms,ONE,3,cassandra1,cassandra1,3,False,True,
72,2,3,MONOTONIC_WRITES,normal,netem delay 25ms 25ms,ONE,3,cassandra1,cassandra2,3,False,True,
72,3,1,MONOTONIC_WRITES,normal,netem delay 25ms 25ms,ONE,4,cassandra1,cassandra3,3,True,True,
72,3,2,MONOTONIC_WRITES,normal,netem delay 25ms 25ms,ONE,4,cassandra1,cassandra1,4,False,True,
72,3,3,MONOTONIC_WRITES,normal,netem delay 25ms 25ms,ONE,4,cassandra1,cassandra1,4,False,True,
72,4,1,MONOTONIC_WRITES,normal,netem delay 25ms 25ms,ONE,5,cassandra3,cassandra3,5,False,True,
72,4,2,MONOTONIC_WRITES,normal,netem delay 25ms 25ms,ONE,5,cassandra3,cassandra2,5,False,True,
72,4,3,MONOTONIC_WRITES,normal,netem delay 25ms 25ms,ONE,5,cassandra3,cassandra3,5,False,True,
72,5,1,MONOTONIC_WRITES,normal,netem delay 25ms 25ms,ONE,6,cassandra3,cassandra1,5,True,True,
72,5,2,MONOTONIC_WRITES,normal,netem delay 25ms 25ms,ONE,6,cassandra3,cassandra3,6,False,True,
72,5,3,MONOTONIC_WRITES,normal,netem delay 25ms 25ms,ONE,6,cassandra3,cassandra3,6,False,True,
73,1,1,MONOTONIC_WRITES,normal,netem delay 25ms 25ms,ONE,2,cassandra3,cassandra2,2,False,True,
73,1,2,MONOTONIC_WRITES,normal,netem delay 25ms 25ms,ONE,2,cassandra3,cassandra3,2,False,True,
73,1,3,MONOTONIC_WRITES,normal,netem delay 25ms 25ms,ONE,2,cassandra3,cassandra1,2,False,True,
73,2,1,MONOTONIC_WRITES,normal,netem delay 25ms 25ms,ONE,3,cassandra3,cassandra1,2,True,True,
73,2,2,MONOTONIC_WRITES,normal,netem delay 25ms 25ms,ONE,3,cassandra3,cassandra1,3,False,True,
73,2,3,MONOTONIC_WRITES,normal,netem delay 25ms 25ms,ONE,3,cassandra3,cassandra2,3,False,True,
73,3,1,MONOTONIC_WRITES,normal,netem delay 25ms 25ms,ONE,4,cassandra3,cassandra1,4,False,True,
73,3,2,MONOTONIC_WRITES,normal,netem delay 25ms 25ms,ONE,4,cassandra3,cassandra3,4,False,True,
73,3,3,MONOTONIC_WRITES,normal,netem delay 25ms 25ms,ONE,4,cassandra3,cassandra2,4,False,True,
73,4,1,MONOTONIC_WRITES,normal,netem delay 25ms 25ms,ONE,5,cassandra1,cassandra1,5,False,True,
73,4,2,MONOTONIC_WRITES,normal,netem delay 25ms 25ms,ONE,5,cassandra1,cassandra3,5,False,True,
73,4,3,MONOTONIC_WRITES,normal,netem delay 25ms 25ms,ONE,5,cassandra1,cassandra3,5,False,True,
73,5,1,MONOTONIC_WRITES,normal,netem delay 25ms 25ms,ONE,6,cassandra3,cassandra1,6,False,True,
73,5,2,MONOTONIC_WRITES,normal,netem delay 25ms 25ms,ONE,6,cassandra3,cassandra2,6,False,True,
73,5,3,MONOTONIC_WRITES,normal,netem delay 25ms 25ms,ONE,6,cassandra3,cassandra3,6,False,True,
74,1,1,MONOTONIC_WRITES,normal,netem delay 25ms 25ms,ONE,2,cassandra2,cassandra3,2,False,True,
74,1,2,MONOTONIC_WRITES,normal,netem delay 25ms 25ms,ONE,2,cassandra2,cassandra1,2,False,True,
74,1,3,MONOTONIC_WRITES,normal,netem delay 25ms 25ms,ONE,2,cassandra2,cassandra3,2,False,True,
74,2,1,MONOTONIC_WRITES,normal,netem delay 25ms 25ms,ONE,3,cassandra3,cassandra2,3,False,True,
74,2,2,MONOTONIC_WRITES,normal,netem delay 25ms 25ms,ONE,3,cassandra3,cassandra1,3,False,True,
74,2,3,MONOTONIC_WRITES,normal,netem delay 25ms 25ms,ONE,3,cassandra3,cassandra2,3,False,True,
74,3,1,MONOTONIC_WRITES,normal,netem delay 25ms 25ms,ONE,4,cassandra1,cassandra1,4,False,True,
74,3,2,MONOTONIC_WRITES,normal,netem delay 25ms 25ms,ONE,4,cassandra1,cassandra1,4,False,True,
74,3,3,MONOTONIC_WRITES,normal,netem delay 25ms 25ms,ONE,4,cassandra1,cassandra2,4,False,True,
74,4,1,MONOTONIC_WRITES,normal,netem delay 25ms 25ms,ONE,5,cassandra3,cassandra1,5,False,True,
74,4,2,MONOTONIC_WRITES,normal,netem delay 25ms 25ms,ONE,5,cassandra3,cassandra2,5,False,True,
74,4,3,MONOTONIC_WRITES,normal,netem delay 25ms 25ms,ONE,5,cassandra3,cassandra1,5,False,True,
74,5,1,MONOTONIC_WRITES,normal,netem delay 25ms 25ms,ONE,6,cassandra2,cassandra3,6,False,True,
74,5,2,MONOTONIC_WRITES,normal,netem delay 25ms 25ms,ONE,6,cassandra2,cassandra2,6,False,True,
74,5,3,MONOTONIC_WRITES,normal,netem delay 25ms 25ms,ONE,6,cassandra2,cassandra2,6,False,True,
75,1,1,MONOTONIC_WRITES,normal,netem delay 25ms 25ms,ONE,2,cassandra1,cassandra3,2,False,True,
75,1,2,MONOTONIC_WRITES,normal,netem delay 25ms 25ms,ONE,2,cassandra1,cassandra1,2,False,True,
75,1,3,MONOTONIC_WRITES,normal,netem delay 25ms 25ms,ONE,2,cassandra1,cassandra1,2,False,True,
75,2,1,MONOTONIC_WRITES,normal,netem delay 25ms 25ms,ONE,3,cassandra1,cassandra1,3,False,True,
75,2,2,MONOTONIC_WRITES,normal,netem delay 25ms 25ms,ONE,3,cassandra1,cassandra2,3,False,True,
75,2,3,MONOTONIC_WRITES,normal,netem delay 25ms 25ms,ONE,3,cassandra1,cassandra1,3,False,True,
75,3,1,MONOTONIC_WRITES,normal,netem delay 25ms 25ms,ONE,4,cassandra1,cassandra1,4,False,True,
75,3,2,MONOTONIC_WRITES,normal,netem delay 25ms 25ms,ONE,4,cassandra1,cassandra3,4,False,True,
75,3,3,MONOTONIC_WRITES,normal,netem delay 25ms 25ms,ONE,4,cassandra1,cassandra3,4,False,True,
75,4,1,MONOTONIC_WRITES,normal,netem delay 25ms 25ms,ONE,5,cassandra2,cassandra3,5,False,True,
75,4,2,MONOTONIC_WRITES,normal,netem delay 25ms 25ms,ONE,5,cassandra2,cassandra2,5,False,True,
75,4,3,MONOTONIC_WRITES,normal,netem delay 25ms 25ms,ONE,5,cassandra2,cassandra2,5,False,True,
75,5,1,MONOTONIC_WRITES,normal,netem delay 25ms 25ms,ONE,6,cassandra2,cassandra2,6,False,True,
75,5,2,MONOTONIC_WRITES,normal,netem delay 25ms 25ms,ONE,6,cassandra2,cassandra2,6,False,True,
75,5,3,MONOTONIC_WRITES,normal,netem delay 25ms 25ms,ONE,6,cassandra2,cassandra2,6,False,True,
76,1,1,MONOTONIC_WRITES,normal,netem delay 25ms 25ms,ONE,2,cassandra2,cassandra1,2,False,True,
76,1,2,MONOTONIC_WRITES,normal,netem delay 25ms 25ms,ONE,2,cassandra2,cassandra1,2,False,True,
76,1,3,MONOTONIC_WRITES,normal,netem delay 25ms 25ms,ONE,2,cassandra2,cassandra3,2,False,True,
76,2,1,MONOTONIC_WRITES,normal,netem delay 25ms 25ms,ONE,3,cassandra2,cassandra2,3,False,True,
76,2,2,MONOTONIC_WRITES,normal,netem delay 25ms 25ms,ONE,3,cassandra2,cassandra1,3,False,True,
76,2,3,MONOTONIC_WRITES,normal,netem delay 25ms 25ms,ONE,3,cassandra2,cassandra3,3,False,True,
76,3,1,MONOTONIC_WRITES,normal,netem delay 25ms 25ms,ONE,4,cassandra3,cassandra3,4,False,True,
76,3,2,MONOTONIC_WRITES,normal,netem delay 25ms 25ms,ONE,4,cassandra3,cassandra2,4,False,True,
76,3,3,MONOTONIC_WRITES,normal,netem delay 25ms 25ms,ONE,4,cassandra3,cassandra2,4,False,True,
76,4,1,MONOTONIC_WRITES,normal,netem delay 25ms 25ms,ONE,5,cassandra2,cassandra1,5,False,True,
76,4,2,MONOTONIC_WRITES,normal,netem delay 25ms 25ms,ONE,5,cassandra2,cassandra3,5,False,True,
76,4,3,MONOTONIC_WRITES,normal,netem delay 25ms 25ms,ONE,5,cassandra2,cassandra1,5,False,True,
76,5,1,MONOTONIC_WRITES,normal,netem delay 25ms 25ms,ONE,6,cassandra1,cassandra1,6,False,True,
76,5,2,MONOTONIC_WRITES,normal,netem delay 25ms 25ms,ONE,6,cassandra1,cassandra3,6,False,True,
76,5,3,MONOTONIC_WRITES,normal,netem delay 25ms 25ms,ONE,6,cassandra1,cassandra3,6,False,True,
77,1,1,MONOTONIC_WRITES,normal,netem delay 25ms 25ms,ONE,2,cassandra2,cassandra3,2,False,True,
77,1,2,MONOTONIC_WRITES,normal,netem delay 25ms 25ms,ONE,2,cassandra2,cassandra1,2,False,True,
77,1,3,MONOTONIC_WRITES,normal,netem delay 25ms 25ms,ONE,2,cassandra2,cassandra1,2,False,True,
77,2,1,MONOTONIC_WRITES,normal,netem delay 25ms 25ms,ONE,3,cassandra2,cassandra2,3,False,True,
77,2,2,MONOTONIC_WRITES,normal,netem delay 25ms 25ms,ONE,3,cassandra2,cassandra3,3,False,True,
77,2,3,MONOTONIC_WRITES,normal,netem delay 25ms 25ms,ONE,3,cassandra2,cassandra1,3,False,True,
77,3,1,MONOTONIC_WRITES,normal,netem delay 25ms 25ms,ONE,4,cassandra3,cassandra2,4,False,True,
77,3,2,MONOTONIC_WRITES,normal,netem delay 25ms 25ms,ONE,4,cassandra3,cassandra1,4,False,True,
77,3,3,MONOTONIC_WRITES,normal,netem delay 25ms 25ms,ONE,4,cassandra3,cassandra3,4,False,True,
77,4,1,MONOTONIC_WRITES,normal,netem delay 25ms 25ms,ONE,5,cassandra3,cassandra2,5,False,True,
77,4,2,MONOTONIC_WRITES,normal,netem delay 25ms 25ms,ONE,5,cassandra3,cassandra2,5,False,True,
77,4,3,MONOTONIC_WRITES,normal,netem delay 25ms 25ms,ONE,5,cassandra3,cassandra2,5,False,True,
77,5,1,MONOTONIC_WRITES,normal,netem delay 25ms 25ms,ONE,6,cassandra2,cassandra1,6,False,True,
77,5,2,MONOTONIC_WRITES,normal,netem delay 25ms 25ms,ONE,6,cassandra2,cassandra3,6,False,True,
77,5,3,MONOTONIC_WRITES,normal,netem delay 25ms 25ms,ONE,6,cassandra2,cassandra2,6,False,True,
78,1,1,MONOTONIC_WRITES,normal,netem delay 25ms 25ms,ONE,2,cassandra2,cassandra3,1,True,True,
78,1,2,MONOTONIC_WRITES,normal,netem delay 25ms 25ms,ONE,2,cassandra2,cassandra1,2,False,True,
78,1,3,MONOTONIC_WRITES,normal,netem delay 25ms 25ms,ONE,2,cassandra2,cassandra3,2,False,True,
78,2,1,MONOTONIC_WRITES,normal,netem delay 25ms 25ms,ONE,3,cassandra2,cassandra2,3,False,True,
78,2,2,MONOTONIC_WRITES,normal,netem delay 25ms 25ms,ONE,3,cassandra2,cassandra2,3,False,True,
78,2,3,MONOTONIC_WRITES,normal,netem delay 25ms 25ms,ONE,3,cassandra2,cassandra3,3,False,True,
78,3,1,MONOTONIC_WRITES,normal,netem delay 25ms 25ms,ONE,4,cassandra1,cassandra2,4,False,True,
78,3,2,MONOTONIC_WRITES,normal,netem delay 25ms 25ms,ONE,4,cassandra1,cassandra1,4,False,True,
78,3,3,MONOTONIC_WRITES,normal,netem delay 25ms 25ms,ONE,4,cassandra1,cassandra2,4,False,True,
78,4,1,MONOTONIC_WRITES,normal,netem delay 25ms 25ms,ONE,5,cassandra3,cassandra1,5,False,True,
78,4,2,MONOTONIC_WRITES,normal,netem delay 25ms 25ms,ONE,5,cassandra3,cassandra1,5,False,True,
78,4,3,MONOTONIC_WRITES,normal,netem delay 25ms 25ms,ONE,5,cassandra3,cassandra1,5,False,True,
78,5,1,MONOTONIC_WRITES,normal,netem delay 25ms 25ms,ONE,6,cassandra3,cassandra2,5,True,True,
78,5,2,MONOTONIC_WRITES,normal,netem delay 25ms 25ms,ONE,6,cassandra3,cassandra3,6,False,True,
78,5,3,MONOTONIC_WRITES,normal,netem delay 25ms 25ms,ONE,6,cassandra3,cassandra2,6,False,True,
79,1,1,MONOTONIC_WRITES,normal,netem delay 25ms 25ms,ONE,2,cassandra2,cassandra3,2,False,True,
79,1,2,MONOTONIC_WRITES,normal,netem delay 25ms 25ms,ONE,2,cassandra2,cassandra1,2,False,True,
79,1,3,MONOTONIC_WRITES,normal,netem delay 25ms 25ms,ONE,2,cassandra2,cassandra2,2,False,True,
79,2,1,MONOTONIC_WRITES,normal,netem delay 25ms 25ms,ONE,3,cassandra1,cassandra1,3,False,True,
79,2,2,MONOTONIC_WRITES,normal,netem delay 25ms 25ms,ONE,3,cassandra1,cassandra1,3,False,True,
79,2,3,MONOTONIC_WRITES,normal,netem delay 25ms 25ms,ONE,3,cassandra1,cassandra2,3,False,True,
79,3,1,MONOTONIC_WRITES,normal,netem delay 25ms 25ms,ONE,4,cassandra1,cassandra3,3,True,True,
79,3,2,MONOTONIC_WRITES,normal,netem delay 25ms 25ms,ONE,4,cassandra1,cassandra3,4,False,True,
79,3,3,MONOTONIC_WRITES,normal,netem delay 25ms 25ms,ONE,4,cassandra1,cassandra2,4,False,True,
79,4,1,MONOTONIC_WRITES,normal,netem delay 25ms 25ms,ONE,5,cassandra1,cassandra3,4,True,True,
79,4,2,MONOTONIC_WRITES,normal,netem delay 25ms 25ms,ONE,5,cassandra1,cassandra2,4,True,True,
79,4,3,MONOTONIC_WRITES,normal,netem delay 25ms 25ms,ONE,5,cassandra1,cassandra1,5,False,True,
79,5,1,MONOTONIC_WRITES,normal,netem delay 25ms 25ms,ONE,6,cassandra3,cassandra3,6,False,True,
79,5,2,MONOTONIC_WRITES,normal,netem delay 25ms 25ms,ONE,6,cassandra3,cassandra2,6,False,True,
79,5,3,MONOTONIC_WRITES,normal,netem delay 25ms 25ms,ONE,6,cassandra3,cassandra1,6,False,True,
80,1,1,MONOTONIC_WRITES,normal,netem delay 25ms 25ms,ONE,2,cassandra2,cassandra2,2,False,True,
80,1,2,MONOTONIC_WRITES,normal,netem delay 25ms 25ms,ONE,2,cassandra2,cassandra3,2,False,True,
80,1,3,MONOTONIC_WRITES,normal,netem delay 25ms 25ms,ONE,2,cassandra2,cassandra1,2,False,True,
80,2,1,MONOTONIC_WRITES,normal,netem delay 25ms 25ms,ONE,3,cassandra2,cassandra1,2,True,True,
80,2,2,MONOTONIC_WRITES,normal,netem delay 25ms 25ms,ONE,3,cassandra2,cassandra2,3,False,True,
80,2,3,MONOTONIC_WRITES,normal,netem delay 25ms 25ms,ONE,3,cassandra2,cassandra2,3,False,True,
80,3,1,MONOTONIC_WRITES,normal,netem delay 25ms 25ms,ONE,4,cassandra1,cassandra1,4,False,True,
80,3,2,MONOTONIC_WRITES,normal,netem delay 25ms 25ms,ONE,4,cassandra1,cassandra2,4,False,True,
80,3,3,MONOTONIC_WRITES,normal,netem delay 25ms 25ms,ONE,4,cassandra1,cassandra1,4,False,True,
80,4,1,MONOTONIC_WRITES,normal,netem delay 25ms 25ms,ONE,5,cassandra3,cassandra3,5,False,True,
80,4,2,MONOTONIC_WRITES,normal,netem delay 25ms 25ms,ONE,5,cassandra3,cassandra3,5,False,True,
80,4,3,MONOTONIC_WRITES,normal,netem delay 25ms 25ms,ONE,5,cassandra3,cassandra3,5,False,True,
80,5,1,MONOTONIC_WRITES,normal,netem delay 25ms 25ms,ONE,6,cassandra1,cassandra1,6,False,True,
80,5,2,MONOTONIC_WRITES,normal,netem delay 25ms 25ms,ONE,6,cassandra1,cassandra1,6,False,True,
80,5,3,MONOTONIC_WRITES,normal,netem delay 25ms 25ms,ONE,6,cassandra1,cassandra1,6,False,True,
81,1,1,MONOTONIC_WRITES,normal,netem delay 25ms 25ms,ONE,2,cassandra3,cassandra1,2,False,True,
81,1,2,MONOTONIC_WRITES,normal,netem delay 25ms 25ms,ONE,2,cassandra3,cassandra2,2,False,True,
81,1,3,MONOTONIC_WRITES,normal,netem delay 25ms 25ms,ONE,2,cassandra3,cassandra3,2,False,True,
81,2,1,MONOTONIC_WRITES,normal,netem delay 25ms 25ms,ONE,3,cassandra3,cassandra1,3,False,True,
81,2,2,MONOTONIC_WRITES,normal,netem delay 25ms 25ms,ONE,3,cassandra3,cassandra2,3,False,True,
81,2,3,MONOTONIC_WRITES,normal,netem delay 25ms 25ms,ONE,3,cassandra3,cassandra1,3,False,True,
81,3,1,MONOTONIC_WRITES,normal,netem delay 25ms 25ms,ONE,4,cassandra2,cassandra3,4,False,True,
81,3,2,MONOTONIC_WRITES,normal,netem delay 25ms 25ms,ONE,4,cassandra2,cassandra3,4,False,True,
81,3,3,MONOTONIC_WRITES,normal,netem delay 25ms 25ms,ONE,4,cassandra2,cassandra1,4,False,True,
81,4,1,MONOTONIC_WRITES,normal,netem delay 25ms 25ms,ONE,5,cassandra1,cassandra2,5,False,True,
81,4,2,MONOTONIC_WRITES,normal,netem delay 25ms 25ms,ONE,5,cassandra1,cassandra2,5,False,True,
81,4,3,MONOTONIC_WRITES,normal,netem delay 25ms 25ms,ONE,5,cassandra1,cassandra3,5,False,True,
81,5,1,MONOTONIC_WRITES,normal,netem delay 25ms 25ms,ONE,6,cassandra2,cassandra1,5,True,True,
81,5,2,MONOTONIC_WRITES,normal,netem delay 25ms 25ms,ONE,6,cassandra2,cassandra3,6,False,True,
81,5,3,MONOTONIC_WRITES,normal,netem delay 25ms 25ms,ONE,6,cassandra2,cassandra3,6,False,True,
82,1,1,MONOTONIC_WRITES,normal,netem delay 25ms 25ms,ONE,2,cassandra1,cassandra2,1,True,True,
82,1,2,MONOTONIC_WRITES,normal,netem delay 25ms 25ms,ONE,2,cassandra1,cassandra2,2,False,True,
82,1,3,MONOTONIC_WRITES,normal,netem delay 25ms 25ms,ONE,2,cassandra1,cassandra2,2,False,True,
82,2,1,MONOTONIC_WRITES,normal,netem delay 25ms 25ms,ONE,3,cassandra1,cassandra3,2,True,True,
82,2,2,MONOTONIC_WRITES,normal,netem delay 25ms 25ms,ONE,3,cassandra1,cassandra1,3,False,True,
82,2,3,MONOTONIC_WRITES,normal,netem delay 25ms 25ms,ONE,3,cassandra1,cassandra2,3,False,True,
82,3,1,MONOTONIC_WRITES,normal,netem delay 25ms 25ms,ONE,4,cassandra2,cassandra1,4,False,True,
82,3,2,MONOTONIC_WRITES,normal,netem delay 25ms 25ms,ONE,4,cassandra2,cassandra3,4,False,True,
82,3,3,MONOTONIC_WRITES,normal,netem delay 25ms 25ms,ONE,4,cassandra2,cassandra1,4,False,True,
82,4,1,MONOTONIC_WRITES,normal,netem delay 25ms 25ms,ONE,5,cassandra2,cassandra3,5,False,True,
82,4,2,MONOTONIC_WRITES,normal,netem delay 25ms 25ms,ONE,5,cassandra2,cassandra2,5,False,True,
82,4,3,MONOTONIC_WRITES,normal,netem delay 25ms 25ms,ONE,5,cassandra2,cassandra1,5,False,True,
82,5,1,MONOTONIC_WRITES,normal,netem delay 25ms 25ms,ONE,6,cassandra3,cassandra2,5,True,True,
82,5,2,MONOTONIC_WRITES,normal,netem delay 25ms 25ms,ONE,6,cassandra3,cassandra1,6,False,True,
82,5,3,MONOTONIC_WRITES,normal,netem delay 25ms 25ms,ONE,6,cassandra3,cassandra2,6,False,True,
83,1,1,MONOTONIC_WRITES,normal,netem delay 25ms 25ms,ONE,2,cassandra3,cassandra3,2,False,True,
83,1,2,MONOTONIC_WRITES,normal,netem delay 25ms 25ms,ONE,2,cassandra3,cassandra2,2,False,True,
83,1,3,MONOTONIC_WRITES,normal,netem delay 25ms 25ms,ONE,2,cassandra3,cassandra1,2,False,True,
83,2,1,MONOTONIC_WRITES,normal,netem delay 25ms 25ms,ONE,3,cassandra3,cassandra3,3,False,True,
83,2,2,MONOTONIC_WRITES,normal,netem delay 25ms 25ms,ONE,3,cassandra3,cassandra2,3,False,True,
83,2,3,MONOTONIC_WRITES,normal,netem delay 25ms 25ms,ONE,3,cassandra3,cassandra3,3,False,True,
83,3,1,MONOTONIC_WRITES,normal,netem delay 25ms 25ms,ONE,4,cassandra3,cassandra1,3,True,True,
83,3,2,MONOTONIC_WRITES,normal,netem delay 25ms 25ms,ONE,4,cassandra3,cassandra1,4,False,True,
83,3,3,MONOTONIC_WRITES,normal,netem delay 25ms 25ms,ONE,4,cassandra3,cassandra2,4,False,True,
83,4,1,MONOTONIC_WRITES,normal,netem delay 25ms 25ms,ONE,5,cassandra2,cassandra3,4,True,True,
83,4,2,MONOTONIC_WRITES,normal,netem delay 25ms 25ms,ONE,5,cassandra2,cassandra3,5,False,True,
83,4,3,MONOTONIC_WRITES,normal,netem delay 25ms 25ms,ONE,5,cassandra2,cassandra1,5,False,True,
83,5,1,MONOTONIC_WRITES,normal,netem delay 25ms 25ms,ONE,6,cassandra1,cassandra2,6,False,True,
83,5,2,MONOTONIC_WRITES,normal,netem delay 25ms 25ms,ONE,6,cassandra1,cassandra2,6,False,True,
83,5,3,MONOTONIC_WRITES,normal,netem delay 25ms 25ms,ONE,6,cassandra1,cassandra3,6,False,True,
84,1,1,MONOTONIC_WRITES,normal,netem delay 25ms 25ms,ONE,2,cassandra3,cassandra2,2,False,True,
84,1,2,MONOTONIC_WRITES,normal,netem delay 25ms 25ms,ONE,2,cassandra3,cassandra1,2,False,True,
84,1,3,MONOTONIC_WRITES,normal,netem delay 25ms 25ms,ONE,2,cassandra3,cassandra3,2,False,True,
84,2,1,MONOTONIC_WRITES,normal,netem delay 25ms 25ms,ONE,3,cassandra2,cassandra3,3,False,True,
84,2,2,MONOTONIC_WRITES,normal,netem delay 25ms 25ms,ONE,3,cassandra2,cassandra2,3,False,True,
84,2,3,MONOTONIC_WRITES,normal,netem delay 25ms 25ms,ONE,3,cassandra2,cassandra3,3,False,True,
84,3,1,MONOTONIC_WRITES,normal,netem delay 25ms 25ms,ONE,4,cassandra3,cassandra1,4,False,True,
84,3,2,MONOTONIC_WRITES,normal,netem delay 25ms 25ms,ONE,4,cassandra3,cassandra1,4,False,True,
84,3,3,MONOTONIC_WRITES,normal,netem delay 25ms 25ms,ONE,4,cassandra3,cassandra1,4,False,True,
84,4,1,MONOTONIC_WRITES,normal,netem delay 25ms 25ms,ONE,5,cassandra1,cassandra1,5,False,True,
84,4,2,MONOTONIC_WRITES,normal,netem delay 25ms 25ms,ONE,5,cassandra1,cassandra2,5,False,True,
84,4,3,MONOTONIC_WRITES,normal,netem delay 25ms 25ms,ONE,5,cassandra1,cassandra3,5,False,True,
84,5,1,MONOTONIC_WRITES,normal,netem delay 25ms 25ms,ONE,6,cassandra2,cassandra3,6,False,True,
84,5,2,MONOTONIC_WRITES,normal,netem delay 25ms 25ms,ONE,6,cassandra2,cassandra2,6,False,True,
84,5,3,MONOTONIC_WRITES,normal,netem delay 25ms 25ms,ONE,6,cassandra2,cassandra2,6,False,True,
85,1,1,MONOTONIC_WRITES,normal,netem delay 25ms 25ms,ONE,2,cassandra3,cassandra3,2,False,True,
85,1,2,MONOTONIC_WRITES,normal,netem delay 25ms 25ms,ONE,2,cassandra3,cassandra3,2,False,True,
85,1,3,MONOTONIC_WRITES,normal,netem delay 25ms 25ms,ONE,2,cassandra3,cassandra1,2,False,True,
85,2,1,MONOTONIC_WRITES,normal,netem delay 25ms 25ms,ONE,3,cassandra1,cassandra1,3,False,True,
85,2,2,MONOTONIC_WRITES,normal,netem delay 25ms 25ms,ONE,3,cassandra1,cassandra1,3,False,True,
85,2,3,MONOTONIC_WRITES,normal,netem delay 25ms 25ms,ONE,3,cassandra1,cassandra3,3,False,True,
85,3,1,MONOTONIC_WRITES,normal,netem delay 25ms 25ms,ONE,4,cassandra1,cassandra2,4,False,True,
85,3,2,MONOTONIC_WRITES,normal,netem delay 25ms 25ms,ONE,4,cassandra1,cassandra3,4,False,True,
85,3,3,MONOTONIC_WRITES,normal,netem delay 25ms 25ms,ONE,4,cassandra1,cassandra3,4,False,True,
85,4,1,MONOTONIC_WRITES,normal,netem delay 25ms 25ms,ONE,5,cassandra1,cassandra2,4,True,True,
85,4,2,MONOTONIC_WRITES,normal,netem delay 25ms 25ms,ONE,5,cassandra1,cassandra1,5,False,True,
85,4,3,MONOTONIC_WRITES,normal,netem delay 25ms 25ms,ONE,5,cassandra1,cassandra1,5,False,True,
85,5,1,MONOTONIC_WRITES,normal,netem delay 25ms 25ms,ONE,6,cassandra3,cassandra2,5,True,True,
85,5,2,MONOTONIC_WRITES,normal,netem delay 25ms 25ms,ONE,6,cassandra3,cassandra3,6,False,True,
85,5,3,MONOTONIC_WRITES,normal,netem delay 25ms 25ms,ONE,6,cassandra3,cassandra3,6,False,True,
86,1,1,MONOTONIC_WRITES,normal,netem delay 25ms 25ms,ONE,2,cassandra3,cassandra3,2,False,True,
86,1,2,MONOTONIC_WRITES,normal,netem delay 25ms 25ms,ONE,2,cassandra3,cassandra2,2,False,True,
86,1,3,MONOTONIC_WRITES,normal,netem delay 25ms 25ms,ONE,2,cassandra3,cassandra3,2,False,True,
86,2,1,MONOTONIC_WRITES,normal,netem delay 25ms 25ms,ONE,3,cassandra3,cassandra2,2,True,True,
86,2,2,MONOTONIC_WRITES,normal,netem delay 25ms 25ms,ONE,3,cassandra3,cassandra1,3,False,True,
86,2,3,MONOTONIC_WRITES,normal,netem delay 25ms 25ms,ONE,3,cassandra3,cassandra1,3,False,True,
86,3,1,MONOTONIC_WRITES,normal,netem delay 25ms 25ms,ONE,4,cassandra3,cassandra2,4,False,True,
86,3,2,MONOTONIC_WRITES,normal,netem delay 25ms 25ms,ONE,4,cassandra3,cassandra3,4,False,True,
86,3,3,MONOTONIC_WRITES,normal,netem delay 25ms 25ms,ONE,4,cassandra3,cassandra2,4,False,True,
86,4,1,MONOTONIC_WRITES,normal,netem delay 25ms 25ms,ONE,5,cassandra1,cassandra3,4,True,True,
86,4,2,MONOTONIC_WRITES,normal,netem delay 25ms 25ms,ONE,5,cassandra1,cassandra1,5,False,True,
86,4,3,MONOTONIC_WRITES,normal,netem delay 25ms 25ms,ONE,5,cassandra1,cassandra3,5,False,True,
86,5,1,MONOTONIC_WRITES,normal,netem delay 25ms 25ms,ONE,6,cassandra1,cassandra2,5,True,True,
86,5,2,MONOTONIC_WRITES,normal,netem delay 25ms 25ms,ONE,6,cassandra1,cassandra2,6,False,True,
86,5,3,MONOTONIC_WRITES,normal,netem delay 25ms 25ms,ONE,6,cassandra1,cassandra3,6,False,True,
87,1,1,MONOTONIC_WRITES,normal,netem delay 25ms 25ms,ONE,2,cassandra3,cassandra2,2,False,True,
87,1,2,MONOTONIC_WRITES,normal,netem delay 25ms 25ms,ONE,2,cassandra3,cassandra3,2,False,True,
87,1,3,MONOTONIC_WRITES,normal,netem delay 25ms 25ms,ONE,2,cassandra3,cassandra1,2,False,True,
87,2,1,MONOTONIC_WRITES,normal,netem delay 25ms 25ms,ONE,3,cassandra1,cassandra3,2,True,True,
87,2,2,MONOTONIC_WRITES,normal,netem delay 25ms 25ms,ONE,3,cassandra1,cassandra3,3,False,True,
87,2,3,MONOTONIC_WRITES,normal,netem delay 25ms 25ms,ONE,3,cassandra1,cassandra3,3,False,True,
87,3,1,MONOTONIC_WRITES,normal,netem delay 25ms 25ms,ONE,4,cassandra3,cassandra2,3,True,True,
87,3,2,MONOTONIC_WRITES,normal,netem delay 25ms 25ms,ONE,4,cassandra3,cassandra3,4,False,True,
87,3,3,MONOTONIC_WRITES,normal,netem delay 25ms 25ms,ONE,4,cassandra3,cassandra1,4,False,True,
87,4,1,MONOTONIC_WRITES,normal,netem delay 25ms 25ms,ONE,5,cassandra3,cassandra3,5,False,True,
87,4,2,MONOTONIC_WRITES,normal,netem delay 25ms 25ms,ONE,5,cassandra3,cassandra3,5,False,True,
87,4,3,MONOTONIC_WRITES,normal,netem delay 25ms 25ms,ONE,5,cassandra3,cassandra1,5,False,True,
87,5,1,MONOTONIC_WRITES,normal,netem delay 25ms 25ms,ONE,6,cassandra2,cassandra1,6,False,True,
87,5,2,MONOTONIC_WRITES,normal,netem delay 25ms 25ms,ONE,6,cassandra2,cassandra3,6,False,True,
87,5,3,MONOTONIC_WRITES,normal,netem delay 25ms 25ms,ONE,6,cassandra2,cassandra2,6,False,True,
88,1,1,MONOTONIC_WRITES,normal,netem delay 25ms 25ms,ONE,2,cassandra1,cassandra1,2,False,True,
88,1,2,MONOTONIC_WRITES,normal,netem delay 25ms 25ms,ONE,2,cassandra1,cassandra3,2,False,True,
88,1,3,MONOTONIC_WRITES,normal,netem delay 25ms 25ms,ONE,2,cassandra1,cassandra3,2,False,True,
88,2,1,MONOTONIC_WRITES,normal,netem delay 25ms 25ms,ONE,3,cassandra1,cassandra1,3,False,True,
88,2,2,MONOTONIC_WRITES,normal,netem delay 25ms 25ms,ONE,3,cassandra1,cassandra2,3,False,True,
88,2,3,MONOTONIC_WRITES,normal,netem delay 25ms 25ms,ONE,3,cassandra1,cassandra3,3,False,True,
88,3,1,MONOTONIC_WRITES,normal,netem delay 25ms 25ms,ONE,4,cassandra1,cassandra3,4,False,True,
88,3,2,MONOTONIC_WRITES,normal,netem delay 25ms 25ms,ONE,4,cassandra1,cassandra3,4,False,True,
88,3,3,MONOTONIC_WRITES,normal,netem delay 25ms 25ms,ONE,4,cassandra1,cassandra3,4,False,True,
88,4,1,MONOTONIC_WRITES,normal,netem delay 25ms 25ms,ONE,5,cassandra1,cassandra3,5,False,True,
88,4,2,MONOTONIC_WRITES,normal,netem delay 25ms 25ms,ONE,5,cassandra1,cassandra3,5,False,True,
88,4,3,MONOTONIC_WRITES,normal,netem delay 25ms 25ms,ONE,5,cassandra1,cassandra2,5,False,True,
88,5,1,MONOTONIC_WRITES,normal,netem delay 25ms 25ms,ONE,6,cassandra3,cassandra3,6,False,True,
88,5,2,MONOTONIC_WRITES,normal,netem delay 25ms 25ms,ONE,6,cassandra3,cassandra3,6,False,True,
88,5,3,MONOTONIC_WRITES,normal,netem delay 25ms 25ms,ONE,6,cassandra3,cassandra2,6,False,True,
89,1,1,MONOTONIC_WRITES,normal,netem delay 25ms 25ms,ONE,2,cassandra1,cassandra1,2,False,True,
89,1,2,MONOTONIC_WRITES,normal,netem delay 25ms 25ms,ONE,2,cassandra1,cassandra1,2,False,True,
89,1,3,MONOTONIC_WRITES,normal,netem delay 25ms 25ms,ONE,2,cassandra1,cassandra2,2,False,True,
89,2,1,MONOTONIC_WRITES,normal,netem delay 25ms 25ms,ONE,3,cassandra3,cassandra3,3,False,True,
89,2,2,MONOTONIC_WRITES,normal,netem delay 25ms 25ms,ONE,3,cassandra3,cassandra2,3,False,True,
89,2,3,MONOTONIC_WRITES,normal,netem delay 25ms 25ms,ONE,3,cassandra3,cassandra3,3,False,True,
89,3,1,MONOTONIC_WRITES,normal,netem delay 25ms 25ms,ONE,4,cassandra3,cassandra3,4,False,True,
89,3,2,MONOTONIC_WRITES,normal,netem delay 25ms 25ms,ONE,4,cassandra3,cassandra3,4,False,True,
89,3,3,MONOTONIC_WRITES,normal,netem delay 25ms 25ms,ONE,4,cassandra3,cassandra2,4,False,True,
89,4,1,MONOTONIC_WRITES,normal,netem delay 25ms 25ms,ONE,5,cassandra1,cassandra1,5,False,True,
89,4,2,MONOTONIC_WRITES,normal,netem delay 25ms 25ms,ONE,5,cassandra1,cassandra1,5,False,True,
89,4,3,MONOTONIC_WRITES,normal,netem delay 25ms 25ms,ONE,5,cassandra1,cassandra3,5,False,True,
89,5,1,MONOTONIC_WRITES,normal,netem delay 25ms 25ms,ONE,6,cassandra2,cassandra3,5,True,True,
89,5,2,MONOTONIC_WRITES,normal,netem delay 25ms 25ms,ONE,6,cassandra2,cassandra1,6,False,True,
89,5,3,MONOTONIC_WRITES,normal,netem delay 25ms 25ms,ONE,6,cassandra2,cassandra2,6,False,True,
90,1,1,MONOTONIC_WRITES,normal,netem delay 25ms 25ms,ONE,2,cassandra3,cassandra1,2,False,True,
90,1,2,MONOTONIC_WRITES,normal,netem delay 25ms 25ms,ONE,2,cassandra3,cassandra1,2,False,True,
90,1,3,MONOTONIC_WRITES,normal,netem delay 25ms 25ms,ONE,2,cassandra3,cassandra1,2,False,True,
90,2,1,MONOTONIC_WRITES,normal,netem delay 25ms 25ms,ONE,3,cassandra2,cassandra2,3,False,True,
90,2,2,MONOTONIC_WRITES,normal,netem delay 25ms 25ms,ONE,3,cassandra2,cassandra2,3,False,True,
90,2,3,MONOTONIC_WRITES,normal,netem delay 25ms 25ms,ONE,3,cassandra2,cassandra3,3,False,True,
90,3,1,MONOTONIC_WRITES,normal,netem delay 25ms 25ms,ONE,4,cassandra2,cassandra3,4,False,True,
90,3,2,MONOTONIC_WRITES,normal,netem delay 25ms 25ms,ONE,4,cassandra2,cassandra3,4,False,True,
90,3,3,MONOTONIC_WRITES,normal,netem delay 25ms 25ms,ONE,4,cassandra2,cassandra3,4,False,True,
90,4,1,MONOTONIC_WRITES,normal,netem delay 25ms 25ms,ONE,5,cassandra3,cassandra1,5,False,True,
90,4,2,MONOTONIC_WRITES,normal,netem delay 25ms 25ms,ONE,5,cassandra3,cassandra2,5,False,True,
90,4,3,MONOTONIC_WRITES,normal,netem delay 25ms 25ms,ONE,5,cassandra3,cassandra3,5,False,True,
90,5,1,MONOTONIC_WRITES,normal,netem delay 25ms 25ms,ONE,6,cassandra2,cassandra2,6,False,True,
90,5,2,MONOTONIC_WRITES,normal,netem delay 25ms 25ms,ONE,6,cassandra2,cassandra2,6,False,True,
90,5,3,MONOTONIC_WRITES,normal,netem delay 25ms 25ms,ONE,6,cassandra2,cassandra3,6,False,True,
91,1,1,MONOTONIC_WRITES,normal,netem delay 25ms 25ms,ONE,2,cassandra1,cassandra2,2,False,True,
91,1,2,MONOTONIC_WRITES,normal,netem delay 25ms 25ms,ONE,2,cassandra1,cassandra2,2,False,True,
91,1,3,MONOTONIC_WRITES,normal,netem delay 25ms 25ms,ONE,2,cassandra1,cassandra2,2,False,True,
91,2,1,MONOTONIC_WRITES,normal,netem delay 25ms 25ms,ONE,3,cassandra2,cassandra1,3,False,True,
91,2,2,MONOTONIC_WRITES,normal,netem delay 25ms 25ms,ONE,3,cassandra2,cassandra2,3,False,True,
91,2,3,MONOTONIC_WRITES,normal,netem delay 25ms 25ms,ONE,3,cassandra2,cassandra3,3,False,True,
91,3,1,MONOTONIC_WRITES,normal,netem delay 25ms 25ms,ONE,4,cassandra3,cassandra3,4,False,True,
91,3,2,MONOTONIC_WRITES,normal,netem delay 25ms 25ms,ONE,4,cassandra3,cassandra2,4,False,True,
91,3,3,MONOTONIC_WRITES,normal,netem delay 25ms 25ms,ONE,4,cassandra3,cassandra3,4,False,True,
91,4,1,MONOTONIC_WRITES,normal,netem delay 25ms 25ms,ONE,5,cassandra3,cassandra1,5,False,True,
91,4,2,MONOTONIC_WRITES,normal,netem delay 25ms 25ms,ONE,5,cassandra3,cassandra3,5,False,True,
91,4,3,MONOTONIC_WRITES,normal,netem delay 25ms 25ms,ONE,5,cassandra3,cassandra3,5,False,True,
91,5,1,MONOTONIC_WRITES,normal,netem delay 25ms 25ms,ONE,6,cassandra3,cassandra2,5,True,True,
91,5,2,MONOTONIC_WRITES,normal,netem delay 25ms 25ms,ONE,6,cassandra3,cassandra3,6,False,True,
91,5,3,MONOTONIC_WRITES,normal,netem delay 25ms 25ms,ONE,6,cassandra3,cassandra2,6,False,True,
92,1,1,MONOTONIC_WRITES,normal,netem delay 25ms 25ms,ONE,2,cassandra3,cassandra1,2,False,True,
92,1,2,MONOTONIC_WRITES,normal,netem delay 25ms 25ms,ONE,2,cassandra3,cassandra1,2,False,True,
92,1,3,MONOTONIC_WRITES,normal,netem delay 25ms 25ms,ONE,2,cassandra3,cassandra3,2,False,True,
92,2,1,MONOTONIC_WRITES,normal,netem delay 25ms 25ms,ONE,3,cassandra2,cassandra3,3,False,True,
92,2,2,MONOTONIC_WRITES,normal,netem delay 25ms 25ms,ONE,3,cassandra2,cassandra3,3,False,True,
92,2,3,MONOTONIC_WRITES,normal,netem delay 25ms 25ms,ONE,3,cassandra2,cassandra2,3,False,True,
92,3,1,MONOTONIC_WRITES,normal,netem delay 25ms 25ms,ONE,4,cassandra1,cassandra2,3,True,True,
92,3,2,MONOTONIC_WRITES,normal,netem delay 25ms 25ms,ONE,4,cassandra1,cassandra2,4,False,True,
92,3,3,MONOTONIC_WRITES,normal,netem delay 25ms 25ms,ONE,4,cassandra1,cassandra3,4,False,True,
92,4,1,MONOTONIC_WRITES,normal,netem delay 25ms 25ms,ONE,5,cassandra1,cassandra1,5,False,True,
92,4,2,MONOTONIC_WRITES,normal,netem delay 25ms 25ms,ONE,5,cassandra1,cassandra3,5,False,True,
92,4,3,MONOTONIC_WRITES,normal,netem delay 25ms 25ms,ONE,5,cassandra1,cassandra1,5,False,True,
92,5,1,MONOTONIC_WRITES,normal,netem delay 25ms 25ms,ONE,6,cassandra1,cassandra1,6,False,True,
92,5,2,MONOTONIC_WRITES,normal,netem delay 25ms 25ms,ONE,6,cassandra1,cassandra2,6,False,True,
92,5,3,MONOTONIC_WRITES,normal,netem delay 25ms 25ms,ONE,6,cassandra1,cassandra1,6,False,True,
93,1,1,MONOTONIC_WRITES,normal,netem delay 25ms 25ms,ONE,2,cassandra2,cassandra1,2,False,True,
93,1,2,MONOTONIC_WRITES,normal,netem delay 25ms 25ms,ONE,2,cassandra2,cassandra3,2,False,True,
93,1,3,MONOTONIC_WRITES,normal,netem delay 25ms 25ms,ONE,2,cassandra2,cassandra1,2,False,True,
93,2,1,MONOTONIC_WRITES,normal,netem delay 25ms 25ms,ONE,3,cassandra3,cassandra2,3,False,True,
93,2,2,MONOTONIC_WRITES,normal,netem delay 25ms 25ms,ONE,3,cassandra3,cassandra3,3,False,True,
93,2,3,MONOTONIC_WRITES,normal,netem delay 25ms 25ms,ONE,3,cassandra3,cassandra1,3,False,True,
93,3,1,MONOTONIC_WRITES,normal,netem delay 25ms 25ms,ONE,4,cassandra2,cassandra2,4,False,True,
93,3,2,MONOTONIC_WRITES,normal,netem delay 25ms 25ms,ONE,4,cassandra2,cassandra1,4,False,True,
93,3,3,MONOTONIC_WRITES,normal,netem delay 25ms 25ms,ONE,4,cassandra2,cassandra2,4,False,True,
93,4,1,MONOTONIC_WRITES,normal,netem delay 25ms 25ms,ONE,5,cassandra2,cassandra2,5,False,True,
93,4,2,MONOTONIC_WRITES,normal,netem delay 25ms 25ms,ONE,5,cassandra2,cassandra3,5,False,True,
93,4,3,MONOTONIC_WRITES,normal,netem delay 25ms 25ms,ONE,5,cassandra2,cassandra2,5,False,True,
93,5,1,MONOTONIC_WRITES,normal,netem delay 25ms 25ms,ONE,6,cassandra3,cassandra2,5,True,True,
93,5,2,MONOTONIC_WRITES,normal,netem delay 25ms 25ms,ONE,6,cassandra3,cassandra2,5,True,True,
93,5,3,MONOTONIC_WRITES,normal,netem delay 25ms 25ms,ONE,6,cassandra3,cassandra2,6,False,True,
94,1,1,MONOTONIC_WRITES,normal,netem delay 25ms 25ms,ONE,2,cassandra3,cassandra3,2,False,True,
94,1,2,MONOTONIC_WRITES,normal,netem delay 25ms 25ms,ONE,2,cassandra3,cassandra2,2,False,True,
94,1,3,MONOTONIC_WRITES,normal,netem delay 25ms 25ms,ONE,2,cassandra3,cassandra1,2,False,True,
94,2,1,MONOTONIC_WRITES,normal,netem delay 25ms 25ms,ONE,3,cassandra2,cassandra3,3,False,True,
94,2,2,MONOTONIC_WRITES,normal,netem delay 25ms 25ms,ONE,3,cassandra2,cassandra2,3,False,True,
94,2,3,MONOTONIC_WRITES,normal,netem delay 25ms 25ms,ONE,3,cassandra2,cassandra1,3,False,True,
94,3,1,MONOTONIC_WRITES,normal,netem delay 25ms 25ms,ONE,4,cassandra3,cassandra1,4,False,True,
94,3,2,MONOTONIC_WRITES,normal,netem delay 25ms 25ms,ONE,4,cassandra3,cassandra1,4,False,True,
94,3,3,MONOTONIC_WRITES,normal,netem delay 25ms 25ms,ONE,4,cassandra3,cassandra1,4,False,True,
94,4,1,MONOTONIC_WRITES,normal,netem delay 25ms 25ms,ONE,5,cassandra3,cassandra1,5,False,True,
94,4,2,MONOTONIC_WRITES,normal,netem delay 25ms 25ms,ONE,5,cassandra3,cassandra1,5,False,True,
94,4,3,MONOTONIC_WRITES,normal,netem delay 25ms 25ms,ONE,5,cassandra3,cassandra3,5,False,True,
94,5,1,MONOTONIC_WRITES,normal,netem delay 25ms 25ms,ONE,6,cassandra2,cassandra3,5,True,True,
94,5,2,MONOTONIC_WRITES,normal,netem delay 25ms 25ms,ONE,6,cassandra2,cassandra1,6,False,True,
94,5,3,MONOTONIC_WRITES,normal,netem delay 25ms 25ms,ONE,6,cassandra2,cassandra2,6,False,True,
95,1,1,MONOTONIC_WRITES,normal,netem delay 25ms 25ms,ONE,2,cassandra3,cassandra1,2,False,True,
95,1,2,MONOTONIC_WRITES,normal,netem delay 25ms 25ms,ONE,2,cassandra3,cassandra2,2,False,True,
95,1,3,MONOTONIC_WRITES,normal,netem delay 25ms 25ms,ONE,2,cassandra3,cassandra1,2,False,True,
95,2,1,MONOTONIC_WRITES,normal,netem delay 25ms 25ms,ONE,3,cassandra2,cassandra2,3,False,True,
95,2,2,MONOTONIC_WRITES,normal,netem delay 25ms 25ms,ONE,3,cassandra2,cassandra3,3,False,True,
95,2,3,MONOTONIC_WRITES,normal,netem delay 25ms 25ms,ONE,3,cassandra2,cassandra3,3,False,True,
95,3,1,MONOTONIC_WRITES,normal,netem delay 25ms 25ms,ONE,4,cassandra3,cassandra1,4,False,True,
95,3,2,MONOTONIC_WRITES,normal,netem delay 25ms 25ms,ONE,4,cassandra3,cassandra2,4,False,True,
95,3,3,MONOTONIC_WRITES,normal,netem delay 25ms 25ms,ONE,4,cassandra3,cassandra1,4,False,True,
95,4,1,MONOTONIC_WRITES,normal,netem delay 25ms 25ms,ONE,5,cassandra3,cassandra1,4,True,True,
95,4,2,MONOTONIC_WRITES,normal,netem delay 25ms 25ms,ONE,5,cassandra3,cassandra1,5,False,True,
95,4,3,MONOTONIC_WRITES,normal,netem delay 25ms 25ms,ONE,5,cassandra3,cassandra1,5,False,True,
95,5,1,MONOTONIC_WRITES,normal,netem delay 25ms 25ms,ONE,6,cassandra2,cassandra2,6,False,True,
95,5,2,MONOTONIC_WRITES,normal,netem delay 25ms 25ms,ONE,6,cassandra2,cassandra2,6,False,True,
95,5,3,MONOTONIC_WRITES,normal,netem delay 25ms 25ms,ONE,6,cassandra2,cassandra2,6,False,True,
96,1,1,MONOTONIC_WRITES,normal,netem delay 25ms 25ms,ONE,2,cassandra1,cassandra3,2,False,True,
96,1,2,MONOTONIC_WRITES,normal,netem delay 25ms 25ms,ONE,2,cassandra1,cassandra1,2,False,True,
96,1,3,MONOTONIC_WRITES,normal,netem delay 25ms 25ms,ONE,2,cassandra1,cassandra1,2,False,True,
96,2,1,MONOTONIC_WRITES,normal,netem delay 25ms 25ms,ONE,3,cassandra1,cassandra1,3,False,True,
96,2,2,MONOTONIC_WRITES,normal,netem delay 25ms 25ms,ONE,3,cassandra1,cassandra1,3,False,True,
96,2,3,MONOTONIC_WRITES,normal,netem delay 25ms 25ms,ONE,3,cassandra1,cassandra3,3,False,True,
96,3,1,MONOTONIC_WRITES,normal,netem delay 25ms 25ms,ONE,4,cassandra3,cassandra3,4,False,True,
96,3,2,MONOTONIC_WRITES,normal,netem delay 25ms 25ms,ONE,4,cassandra3,cassandra2,3,True,True,
96,3,3,MONOTONIC_WRITES,normal,netem delay 25ms 25ms,ONE,4,cassandra3,cassandra3,4,False,True,
96,4,1,MONOTONIC_WRITES,normal,netem delay 25ms 25ms,ONE,5,cassandra3,cassandra2,5,False,True,
96,4,2,MONOTONIC_WRITES,normal,netem delay 25ms 25ms,ONE,5,cassandra3,cassandra2,5,False,True,
96,4,3,MONOTONIC_WRITES,normal,netem delay 25ms 25ms,ONE,5,cassandra3,cassandra2,5,False,True,
96,5,1,MONOTONIC_WRITES,normal,netem delay 25ms 25ms,ONE,6,cassandra3,cassandra3,6,False,True,
96,5,2,MONOTONIC_WRITES,normal,netem delay 25ms 25ms,ONE,6,cassandra3,cassandra1,6,False,True,
96,5,3,MONOTONIC_WRITES,normal,netem delay 25ms 25ms,ONE,6,cassandra3,cassandra3,6,False,True,
97,1,1,MONOTONIC_WRITES,normal,netem delay 25ms 25ms,ONE,2,cassandra3,cassandra3,2,False,True,
97,1,2,MONOTONIC_WRITES,normal,netem delay 25ms 25ms,ONE,2,cassandra3,cassandra2,2,False,True,
97,1,3,MONOTONIC_WRITES,normal,netem delay 25ms 25ms,ONE,2,cassandra3,cassandra2,2,False,True,
97,2,1,MONOTONIC_WRITES,normal,netem delay 25ms 25ms,ONE,3,cassandra1,cassandra2,3,False,True,
97,2,2,MONOTONIC_WRITES,normal,netem delay 25ms 25ms,ONE,3,cassandra1,cassandra2,3,False,True,
97,2,3,MONOTONIC_WRITES,normal,netem delay 25ms 25ms,ONE,3,cassandra1,cassandra1,3,False,True,
97,3,1,MONOTONIC_WRITES,normal,netem delay 25ms 25ms,ONE,4,cassandra1,cassandra3,4,False,True,
97,3,2,MONOTONIC_WRITES,normal,netem delay 25ms 25ms,ONE,4,cassandra1,cassandra1,4,False,True,
97,3,3,MONOTONIC_WRITES,normal,netem delay 25ms 25ms,ONE,4,cassandra1,cassandra1,4,False,True,
97,4,1,MONOTONIC_WRITES,normal,netem delay 25ms 25ms,ONE,5,cassandra3,cassandra1,5,False,True,
97,4,2,MONOTONIC_WRITES,normal,netem delay 25ms 25ms,ONE,5,cassandra3,cassandra1,5,False,True,
97,4,3,MONOTONIC_WRITES,normal,netem delay 25ms 25ms,ONE,5,cassandra3,cassandra3,5,False,True,
97,5,1,MONOTONIC_WRITES,normal,netem delay 25ms 25ms,ONE,6,cassandra3,cassandra3,6,False,True,
97,5,2,MONOTONIC_WRITES,normal,netem delay 25ms 25ms,ONE,6,cassandra3,cassandra1,6,False,True,
97,5,3,MONOTONIC_WRITES,normal,netem delay 25ms 25ms,ONE,6,cassandra3,cassandra1,6,False,True,
98,1,1,MONOTONIC_WRITES,normal,netem delay 25ms 25ms,ONE,2,cassandra1,cassandra2,2,False,True,
98,1,2,MONOTONIC_WRITES,normal,netem delay 25ms 25ms,ONE,2,cassandra1,cassandra1,2,False,True,
98,1,3,MONOTONIC_WRITES,normal,netem delay 25ms 25ms,ONE,2,cassandra1,cassandra2,2,False,True,
98,2,1,MONOTONIC_WRITES,normal,netem delay 25ms 25ms,ONE,3,cassandra3,cassandra3,3,False,True,
98,2,2,MONOTONIC_WRITES,normal,netem delay 25ms 25ms,ONE,3,cassandra3,cassandra1,3,False,True,
98,2,3,MONOTONIC_WRITES,normal,netem delay 25ms 25ms,ONE,3,cassandra3,cassandra1,3,False,True,
98,3,1,MONOTONIC_WRITES,normal,netem delay 25ms 25ms,ONE,4,cassandra3,cassandra2,4,False,True,
98,3,2,MONOTONIC_WRITES,normal,netem delay 25ms 25ms,ONE,4,cassandra3,cassandra1,4,False,True,
98,3,3,MONOTONIC_WRITES,normal,netem delay 25ms 25ms,ONE,4,cassandra3,cassandra2,4,False,True,
98,4,1,MONOTONIC_WRITES,normal,netem delay 25ms 25ms,ONE,5,cassandra1,cassandra2,5,False,True,
98,4,2,MONOTONIC_WRITES,normal,netem delay 25ms 25ms,ONE,5,cassandra1,cassandra2,5,False,True,
98,4,3,MONOTONIC_WRITES,normal,netem delay 25ms 25ms,ONE,5,cassandra1,cassandra1,5,False,True,
98,5,1,MONOTONIC_WRITES,normal,netem delay 25ms 25ms,ONE,6,cassandra2,cassandra2,6,False,True,
98,5,2,MONOTONIC_WRITES,normal,netem delay 25ms 25ms,ONE,6,cassandra2,cassandra1,6,False,True,
98,5,3,MONOTONIC_WRITES,normal,netem delay 25ms 25ms,ONE,6,cassandra2,cassandra1,6,False,True,
99,1,1,MONOTONIC_WRITES,normal,netem delay 25ms 25ms,ONE,2,cassandra3,cassandra3,2,False,True,
99,1,2,MONOTONIC_WRITES,normal,netem delay 25ms 25ms,ONE,2,cassandra3,cassandra3,2,False,True,
99,1,3,MONOTONIC_WRITES,normal,netem delay 25ms 25ms,ONE,2,cassandra3,cassandra3,2,False,True,
99,2,1,MONOTONIC_WRITES,normal,netem delay 25ms 25ms,ONE,3,cassandra3,cassandra2,3,False,True,
99,2,2,MONOTONIC_WRITES,normal,netem delay 25ms 25ms,ONE,3,cassandra3,cassandra1,3,False,True,
99,2,3,MONOTONIC_WRITES,normal,netem delay 25ms 25ms,ONE,3,cassandra3,cassandra2,3,False,True,
99,3,1,MONOTONIC_WRITES,normal,netem delay 25ms 25ms,ONE,4,cassandra3,cassandra2,4,False,True,
99,3,2,MONOTONIC_WRITES,normal,netem delay 25ms 25ms,ONE,4,cassandra3,cassandra3,4,False,True,
99,3,3,MONOTONIC_WRITES,normal,netem delay 25ms 25ms,ONE,4,cassandra3,cassandra1,4,False,True,
99,4,1,MONOTONIC_WRITES,normal,netem delay 25ms 25ms,ONE,5,cassandra2,cassandra3,5,False,True,
99,4,2,MONOTONIC_WRITES,normal,netem delay 25ms 25ms,ONE,5,cassandra2,cassandra1,5,False,True,
99,4,3,MONOTONIC_WRITES,normal,netem delay 25ms 25ms,ONE,5,cassandra2,cassandra1,5,False,True,
99,5,1,MONOTONIC_WRITES,normal,netem delay 25ms 25ms,ONE,6,cassandra2,cassandra3,5,True,True,
99,5,2,MONOTONIC_WRITES,normal,netem delay 25ms 25ms,ONE,6,cassandra2,cassandra1,6,False,True,
99,5,3,MONOTONIC_WRITES,normal,netem delay 25ms 25ms,ONE,6,cassandra2,cassandra1,6,False,True,
100,1,1,MONOTONIC_WRITES,normal,netem delay 25ms 25ms,ONE,2,cassandra2,cassandra2,2,False,True,
100,1,2,MONOTONIC_WRITES,normal,netem delay 25ms 25ms,ONE,2,cassandra2,cassandra3,2,False,True,
100,1,3,MONOTONIC_WRITES,normal,netem delay 25ms 25ms,ONE,2,cassandra2,cassandra2,2,False,True,
100,2,1,MONOTONIC_WRITES,normal,netem delay 25ms 25ms,ONE,3,cassandra2,cassandra3,3,False,True,
100,2,2,MONOTONIC_WRITES,normal,netem delay 25ms 25ms,ONE,3,cassandra2,cassandra2,3,False,True,
100,2,3,MONOTONIC_WRITES,normal,netem delay 25ms 25ms,ONE,3,cassandra2,cassandra2,3,False,True,
100,3,1,MONOTONIC_WRITES,normal,netem delay 25ms 25ms,ONE,4,cassandra1,cassandra1,4,False,True,
100,3,2,MONOTONIC_WRITES,normal,netem delay 25ms 25ms,ONE,4,cassandra1,cassandra2,4,False,True,
100,3,3,MONOTONIC_WRITES,normal,netem delay 25ms 25ms,ONE,4,cassandra1,cassandra3,4,False,True,
100,4,1,MONOTONIC_WRITES,normal,netem delay 25ms 25ms,ONE,5,cassandra2,cassandra1,5,False,True,
100,4,2,MONOTONIC_WRITES,normal,netem delay 25ms 25ms,ONE,5,cassandra2,cassandra2,5,False,True,
100,4,3,MONOTONIC_WRITES,normal,netem delay 25ms 25ms,ONE,5,cassandra2,cassandra3,5,False,True,
100,5,1,MONOTONIC_WRITES,normal,netem delay 25ms 25ms,ONE,6,cassandra1,cassandra3,6,False,True,
100,5,2,MONOTONIC_WRITES,normal,netem delay 25ms 25ms,ONE,6,cassandra1,cassandra3,6,False,True,
100,5,3,MONOTONIC_WRITES,normal,netem delay 25ms 25ms,ONE,6,cassandra1,cassandra2,6,False,True,
101,1,1,MONOTONIC_WRITES,normal,netem delay 25ms 25ms,ONE,2,cassandra3,cassandra3,2,False,True,
101,1,2,MONOTONIC_WRITES,normal,netem delay 25ms 25ms,ONE,2,cassandra3,cassandra2,2,False,True,
101,1,3,MONOTONIC_WRITES,normal,netem delay 25ms 25ms,ONE,2,cassandra3,cassandra1,2,False,True,
101,2,1,MONOTONIC_WRITES,normal,netem delay 25ms 25ms,ONE,3,cassandra2,cassandra1,3,False,True,
101,2,2,MONOTONIC_WRITES,normal,netem delay 25ms 25ms,ONE,3,cassandra2,cassandra1,3,False,True,
101,2,3,MONOTONIC_WRITES,normal,netem delay 25ms 25ms,ONE,3,cassandra2,cassandra1,3,False,True,
101,3,1,MONOTONIC_WRITES,normal,netem delay 25ms 25ms,ONE,4,cassandra1,cassandra2,4,False,True,
101,3,2,MONOTONIC_WRITES,normal,netem delay 25ms 25ms,ONE,4,cassandra1,cassandra3,4,False,True,
101,3,3,MONOTONIC_WRITES,normal,netem delay 25ms 25ms,ONE,4,cassandra1,cassandra3,4,False,True,
101,4,1,MONOTONIC_WRITES,normal,netem delay 25ms 25ms,ONE,5,cassandra2,cassandra1,5,False,True,
101,4,2,MONOTONIC_WRITES,normal,netem delay 25ms 25ms,ONE,5,cassandra2,cassandra3,5,False,True,
101,4,3,MONOTONIC_WRITES,normal,netem delay 25ms 25ms,ONE,5,cassandra2,cassandra1,5,False,True,
101,5,1,MONOTONIC_WRITES,normal,netem delay 25ms 25ms,ONE,6,cassandra2,cassandra2,6,False,True,
101,5,2,MONOTONIC_WRITES,normal,netem delay 25ms 25ms,ONE,6,cassandra2,cassandra3,6,False,True,
101,5,3,MONOTONIC_WRITES,normal,netem delay 25ms 25ms,ONE,6,cassandra2,cassandra3,6,False,True,
102,1,1,MONOTONIC_WRITES,normal,netem delay 25ms 25ms,ONE,2,cassandra3,cassandra1,1,True,True,
102,1,2,MONOTONIC_WRITES,normal,netem delay 25ms 25ms,ONE,2,cassandra3,cassandra2,2,False,True,
102,1,3,MONOTONIC_WRITES,normal,netem delay 25ms 25ms,ONE,2,cassandra3,cassandra2,2,False,True,
102,2,1,MONOTONIC_WRITES,normal,netem delay 25ms 25ms,ONE,3,cassandra1,cassandra1,3,False,True,
102,2,2,MONOTONIC_WRITES,normal,netem delay 25ms 25ms,ONE,3,cassandra1,cassandra1,3,False,True,
102,2,3,MONOTONIC_WRITES,normal,netem delay 25ms 25ms,ONE,3,cassandra1,cassandra3,3,False,True,
102,3,1,MONOTONIC_WRITES,normal,netem delay 25ms 25ms,ONE,4,cassandra2,cassandra1,3,True,True,
102,3,2,MONOTONIC_WRITES,normal,netem delay 25ms 25ms,ONE,4,cassandra2,cassandra2,4,False,True,
102,3,3,MONOTONIC_WRITES,normal,netem delay 25ms 25ms,ONE,4,cassandra2,cassandra2,4,False,True,
102,4,1,MONOTONIC_WRITES,normal,netem delay 25ms 25ms,ONE,5,cassandra1,cassandra3,5,False,True,
102,4,2,MONOTONIC_WRITES,normal,netem delay 25ms 25ms,ONE,5,cassandra1,cassandra2,5,False,True,
102,4,3,MONOTONIC_WRITES,normal,netem delay 25ms 25ms,ONE,5,cassandra1,cassandra1,5,False,True,
102,5,1,MONOTONIC_WRITES,normal,netem delay 25ms 25ms,ONE,6,cassandra2,cassandra3,5,True,True,
102,5,2,MONOTONIC_WRITES,normal,netem delay 25ms 25ms,ONE,6,cassandra2,cassandra3,6,False,True,
102,5,3,MONOTONIC_WRITES,normal,netem delay 25ms 25ms,ONE,6,cassandra2,cassandra3,6,False,True,
103,1,1,MONOTONIC_WRITES,normal,netem delay 25ms 25ms,ONE,2,cassandra2,cassandra2,2,False,True,
103,1,2,MONOTONIC_WRITES,normal,netem delay 25ms 25ms,ONE,2,cassandra2,cassandra3,2,False,True,
103,1,3,MONOTONIC_WRITES,normal,netem delay 25ms 25ms,ONE,2,cassandra2,cassandra1,2,False,True,
103,2,1,MONOTONIC_WRITES,normal,netem delay 25ms 25ms,ONE,3,cassandra3,cassandra3,3,False,True,
103,2,2,MONOTONIC_WRITES,normal,netem delay 25ms 25ms,ONE,3,cassandra3,cassandra1,3,False,True,
103,2,3,MONOTONIC_WRITES,normal,netem delay 25ms 25ms,ONE,3,cassandra3,cassandra2,3,False,True,
103,3,1,MONOTONIC_WRITES,normal,netem delay 25ms 25ms,ONE,4,cassandra2,cassandra3,4,False,True,
103,3,2,MONOTONIC_WRITES,normal,netem delay 25ms 25ms,ONE,4,cassandra2,cassandra3,4,False,True,
103,3,3,MONOTONIC_WRITES,normal,netem delay 25ms 25ms,ONE,4,cassandra2,cassandra1,4,False,True,
103,4,1,MONOTONIC_WRITES,normal,netem delay 25ms 25ms,ONE,5,cassandra2,cassandra1,5,False,True,
103,4,2,MONOTONIC_WRITES,normal,netem delay 25ms 25ms,ONE,5,cassandra2,cassandra1,5,False,True,
103,4,3,MONOTONIC_WRITES,normal,netem delay 25ms 25ms,ONE,5,cassandra2,cassandra1,5,False,True,
103,5,1,MONOTONIC_WRITES,normal,netem delay 25ms 25ms,ONE,6,cassandra3,cassandra3,6,False,True,
103,5,2,MONOTONIC_WRITES,normal,netem delay 25ms 25ms,ONE,6,cassandra3,cassandra1,6,False,True,
103,5,3,MONOTONIC_WRITES,normal,netem delay 25ms 25ms,ONE,6,cassandra3,cassandra3,6,False,True,
104,1,1,MONOTONIC_WRITES,normal,netem delay 25ms 25ms,ONE,2,cassandra2,cassandra2,2,False,True,
104,1,2,MONOTONIC_WRITES,normal,netem delay 25ms 25ms,ONE,2,cassandra2,cassandra1,2,False,True,
104,1,3,MONOTONIC_WRITES,normal,netem delay 25ms 25ms,ONE,2,cassandra2,cassandra2,2,False,True,
104,2,1,MONOTONIC_WRITES,normal,netem delay 25ms 25ms,ONE,3,cassandra2,cassandra1,3,False,True,
104,2,2,MONOTONIC_WRITES,normal,netem delay 25ms 25ms,ONE,3,cassandra2,cassandra3,3,False,True,
104,2,3,MONOTONIC_WRITES,normal,netem delay 25ms 25ms,ONE,3,cassandra2,cassandra1,3,False,True,
104,3,1,MONOTONIC_WRITES,normal,netem delay 25ms 25ms,ONE,4,cassandra3,cassandra2,4,False,True,
104,3,2,MONOTONIC_WRITES,normal,netem delay 25ms 25ms,ONE,4,cassandra3,cassandra2,4,False,True,
104,3,3,MONOTONIC_WRITES,normal,netem delay 25ms 25ms,ONE,4,cassandra3,cassandra2,4,False,True,
104,4,1,MONOTONIC_WRITES,normal,netem delay 25ms 25ms,ONE,5,cassandra2,cassandra3,5,False,True,
104,4,2,MONOTONIC_WRITES,normal,netem delay 25ms 25ms,ONE,5,cassandra2,cassandra3,5,False,True,
104,4,3,MONOTONIC_WRITES,normal,netem delay 25ms 25ms,ONE,5,cassandra2,cassandra2,5,False,True,
104,5,1,MONOTONIC_WRITES,normal,netem delay 25ms 25ms,ONE,6,cassandra3,cassandra3,6,False,True,
104,5,2,MONOTONIC_WRITES,normal,netem delay 25ms 25ms,ONE,6,cassandra3,cassandra3,6,False,True,
104,5,3,MONOTONIC_WRITES,normal,netem delay 25ms 25ms,ONE,6,cassandra3,cassandra3,6,False,True,
105,1,1,MONOTONIC_WRITES,normal,netem delay 25ms 25ms,ONE,2,cassandra2,cassandra2,2,False,True,
105,1,2,MONOTONIC_WRITES,normal,netem delay 25ms 25ms,ONE,2,cassandra2,cassandra2,2,False,True,
105,1,3,MONOTONIC_WRITES,normal,netem delay 25ms 25ms,ONE,2,cassandra2,cassandra1,2,False,True,
105,2,1,MONOTONIC_WRITES,normal,netem delay 25ms 25ms,ONE,3,cassandra2,cassandra2,3,False,True,
105,2,2,MONOTONIC_WRITES,normal,netem delay 25ms 25ms,ONE,3,cassandra2,cassandra1,3,False,True,
105,2,3,MONOTONIC_WRITES,normal,netem delay 25ms 25ms,ONE,3,cassandra2,cassandra1,3,False,True,
105,3,1,MONOTONIC_WRITES,normal,netem delay 25ms 25ms,ONE,4,cassandra2,cassandra1,3,True,True,
105,3,2,MONOTONIC_WRITES,normal,netem delay 25ms 25ms,ONE,4,cassandra2,cassandra2,4,False,True,
105,3,3,MONOTONIC_WRITES,normal,netem delay 25ms 25ms,ONE,4,cassandra2,cassandra1,4,False,True,
105,4,1,MONOTONIC_WRITES,normal,netem delay 25ms 25ms,ONE,5,cassandra2,cassandra2,5,False,True,
105,4,2,MONOTONIC_WRITES,normal,netem delay 25ms 25ms,ONE,5,cassandra2,cassandra1,5,False,True,
105,4,3,MONOTONIC_WRITES,normal,netem delay 25ms 25ms,ONE,5,cassandra2,cassandra1,5,False,True,
105,5,1,MONOTONIC_WRITES,normal,netem delay 25ms 25ms,ONE,6,cassandra1,cassandra1,6,False,True,
105,5,2,MONOTONIC_WRITES,normal,netem delay 25ms 25ms,ONE,6,cassandra1,cassandra3,6,False,True,
105,5,3,MONOTONIC_WRITES,normal,netem delay 25ms 25ms,ONE,6,cassandra1,cassandra3,6,False,True,
106,1,1,MONOTONIC_WRITES,normal,netem delay 25ms 25ms,ONE,2,cassandra3,cassandra2,2,False,True,
106,1,2,MONOTONIC_WRITES,normal,netem delay 25ms 25ms,ONE,2,cassandra3,cassandra1,2,False,True,
106,1,3,MONOTONIC_WRITES,normal,netem delay 25ms 25ms,ONE,2,cassandra3,cassandra2,2,False,True,
106,2,1,MONOTONIC_WRITES,normal,netem delay 25ms 25ms,ONE,3,cassandra1,cassandra2,3,False,True,
106,2,2,MONOTONIC_WRITES,normal,netem delay 25ms 25ms,ONE,3,cassandra1,cassandra3,3,False,True,
106,2,3,MONOTONIC_WRITES,normal,netem delay 25ms 25ms,ONE,3,cassandra1,cassandra1,3,False,True,
106,3,1,MONOTONIC_WRITES,normal,netem delay 25ms 25ms,ONE,4,cassandra1,cassandra1,4,False,True,
106,3,2,MONOTONIC_WRITES,normal,netem delay 25ms 25ms,ONE,4,cassandra1,cassandra3,4,False,True,
106,3,3,MONOTONIC_WRITES,normal,netem delay 25ms 25ms,ONE,4,cassandra1,cassandra3,4,False,True,
106,4,1,MONOTONIC_WRITES,normal,netem delay 25ms 25ms,ONE,5,cassandra1,cassandra3,4,True,True,
106,4,2,MONOTONIC_WRITES,normal,netem delay 25ms 25ms,ONE,5,cassandra1,cassandra3,5,False,True,
106,4,3,MONOTONIC_WRITES,normal,netem delay 25ms 25ms,ONE,5,cassandra1,cassandra3,5,False,True,
106,5,1,MONOTONIC_WRITES,normal,netem delay 25ms 25ms,ONE,6,cassandra1,cassandra2,6,False,True,
106,5,2,MONOTONIC_WRITES,normal,netem delay 25ms 25ms,ONE,6,cassandra1,cassandra2,6,False,True,
106,5,3,MONOTONIC_WRITES,normal,netem delay 25ms 25ms,ONE,6,cassandra1,cassandra1,6,False,True,
107,1,1,MONOTONIC_WRITES,normal,netem delay 25ms 25ms,ONE,2,cassandra2,cassandra1,2,False,True,
107,1,2,MONOTONIC_WRITES,normal,netem delay 25ms 25ms,ONE,2,cassandra2,cassandra3,2,False,True,
107,1,3,MONOTONIC_WRITES,normal,netem delay 25ms 25ms,ONE,2,cassandra2,cassandra1,2,False,True,
107,2,1,MONOTONIC_WRITES,normal,netem delay 25ms 25ms,ONE,3,cassandra1,cassandra3,3,False,True,
107,2,2,MONOTONIC_WRITES,normal,netem delay 25ms 25ms,ONE,3,cassandra1,cassandra2,3,False,True,
107,2,3,MONOTONIC_WRITES,normal,netem delay 25ms 25ms,ONE,3,cassandra1,cassandra3,3,False,True,
107,3,1,MONOTONIC_WRITES,normal,netem delay 25ms 25ms,ONE,4,cassandra3,cassandra1,3,True,True,
107,3,2,MONOTONIC_WRITES,normal,netem delay 25ms 25ms,ONE,4,cassandra3,cassandra3,4,False,True,
107,3,3,MONOTONIC_WRITES,normal,netem delay 25ms 25ms,ONE,4,cassandra3,cassandra1,4,False,True,
107,4,1,MONOTONIC_WRITES,normal,netem delay 25ms 25ms,ONE,5,cassandra1,cassandra2,4,True,True,
107,4,2,MONOTONIC_WRITES,normal,netem delay 25ms 25ms,ONE,5,cassandra1,cassandra3,5,False,True,
107,4,3,MONOTONIC_WRITES,normal,netem delay 25ms 25ms,ONE,5,cassandra1,cassandra3,5,False,True,
107,5,1,MONOTONIC_WRITES,normal,netem delay 25ms 25ms,ONE,6,cassandra3,cassandra1,6,False,True,
107,5,2,MONOTONIC_WRITES,normal,netem delay 25ms 25ms,ONE,6,cassandra3,cassandra3,6,False,True,
107,5,3,MONOTONIC_WRITES,normal,netem delay 25ms 25ms,ONE,6,cassandra3,cassandra2,6,False,True,
108,1,1,MONOTONIC_WRITES,normal,netem delay 25ms 25ms,ONE,2,cassandra3,cassandra2,2,False,True,
108,1,2,MONOTONIC_WRITES,normal,netem delay 25ms 25ms,ONE,2,cassandra3,cassandra3,2,False,True,
108,1,3,MONOTONIC_WRITES,normal,netem delay 25ms 25ms,ONE,2,cassandra3,cassandra1,2,False,True,
108,2,1,MONOTONIC_WRITES,normal,netem delay 25ms 25ms,ONE,3,cassandra3,cassandra3,3,False,True,
108,2,2,MONOTONIC_WRITES,normal,netem delay 25ms 25ms,ONE,3,cassandra3,cassandra1,3,False,True,
108,2,3,MONOTONIC_WRITES,normal,netem delay 25ms 25ms,ONE,3,cassandra3,cassandra1,3,False,True,
108,3,1,MONOTONIC_WRITES,normal,netem delay 25ms 25ms,ONE,4,cassandra1,cassandra1,4,False,True,
108,3,2,MONOTONIC_WRITES,normal,netem delay 25ms 25ms,ONE,4,cassandra1,cassandra2,4,False,True,
108,3,3,MONOTONIC_WRITES,normal,netem delay 25ms 25ms,ONE,4,cassandra1,cassandra2,4,False,True,
108,4,1,MONOTONIC_WRITES,normal,netem delay 25ms 25ms,ONE,5,cassandra3,cassandra1,5,False,True,
108,4,2,MONOTONIC_WRITES,normal,netem delay 25ms 25ms,ONE,5,cassandra3,cassandra2,5,False,True,
108,4,3,MONOTONIC_WRITES,normal,netem delay 25ms 25ms,ONE,5,cassandra3,cassandra2,5,False,True,
108,5,1,MONOTONIC_WRITES,normal,netem delay 25ms 25ms,ONE,6,cassandra1,cassandra3,6,False,True,
108,5,2,MONOTONIC_WRITES,normal,netem delay 25ms 25ms,ONE,6,cassandra1,cassandra3,6,False,True,
108,5,3,MONOTONIC_WRITES,normal,netem delay 25ms 25ms,ONE,6,cassandra1,cassandra2,6,False,True,
109,1,1,MONOTONIC_WRITES,normal,netem delay 25ms 25ms,ONE,2,cassandra3,cassandra3,2,False,True,
109,1,2,MONOTONIC_WRITES,normal,netem delay 25ms 25ms,ONE,2,cassandra3,cassandra2,2,False,True,
109,1,3,MONOTONIC_WRITES,normal,netem delay 25ms 25ms,ONE,2,cassandra3,cassandra1,2,False,True,
109,2,1,MONOTONIC_WRITES,normal,netem delay 25ms 25ms,ONE,3,cassandra3,cassandra2,3,False,True,
109,2,2,MONOTONIC_WRITES,normal,netem delay 25ms 25ms,ONE,3,cassandra3,cassandra1,3,False,True,
109,2,3,MONOTONIC_WRITES,normal,netem delay 25ms 25ms,ONE,3,cassandra3,cassandra1,3,False,True,
109,3,1,MONOTONIC_WRITES,normal,netem delay 25ms 25ms,ONE,4,cassandra1,cassandra2,4,False,True,
109,3,2,MONOTONIC_WRITES,normal,netem delay 25ms 25ms,ONE,4,cassandra1,cassandra3,4,False,True,
109,3,3,MONOTONIC_WRITES,normal,netem delay 25ms 25ms,ONE,4,cassandra1,cassandra1,4,False,True,
109,4,1,MONOTONIC_WRITES,normal,netem delay 25ms 25ms,ONE,5,cassandra3,cassandra2,5,False,True,
109,4,2,MONOTONIC_WRITES,normal,netem delay 25ms 25ms,ONE,5,cassandra3,cassandra2,5,False,True,
109,4,3,MONOTONIC_WRITES,normal,netem delay 25ms 25ms,ONE,5,cassandra3,cassandra2,5,False,True,
109,5,1,MONOTONIC_WRITES,normal,netem delay 25ms 25ms,ONE,6,cassandra1,cassandra1,6,False,True,
109,5,2,MONOTONIC_WRITES,normal,netem delay 25ms 25ms,ONE,6,cassandra1,cassandra3,6,False,True,
109,5,3,MONOTONIC_WRITES,normal,netem delay 25ms 25ms,ONE,6,cassandra1,cassandra3,6,False,True,
110,1,1,MONOTONIC_WRITES,normal,netem delay 25ms 25ms,ONE,2,cassandra1,cassandra1,2,False,True,
110,1,2,MONOTONIC_WRITES,normal,netem delay 25ms 25ms,ONE,2,cassandra1,cassandra2,2,False,True,
110,1,3,MONOTONIC_WRITES,normal,netem delay 25ms 25ms,ONE,2,cassandra1,cassandra2,2,False,True,
110,2,1,MONOTONIC_WRITES,normal,netem delay 25ms 25ms,ONE,3,cassandra3,cassandra3,3,False,True,
110,2,2,MONOTONIC_WRITES,normal,netem delay 25ms 25ms,ONE,3,cassandra3,cassandra3,3,False,True,
110,2,3,MONOTONIC_WRITES,normal,netem delay 25ms 25ms,ONE,3,cassandra3,cassandra3,3,False,True,
110,3,1,MONOTONIC_WRITES,normal,netem delay 25ms 25ms,ONE,4,cassandra3,cassandra1,3,True,True,
110,3,2,MONOTONIC_WRITES,normal,netem delay 25ms 25ms,ONE,4,cassandra3,cassandra1,4,False,True,
110,3,3,MONOTONIC_WRITES,normal,netem delay 25ms 25ms,ONE,4,cassandra3,cassandra3,4,False,True,
110,4,1,MONOTONIC_WRITES,normal,netem delay 25ms 25ms,ONE,5,cassandra2,cassandra1,5,False,True,
110,4,2,MONOTONIC_WRITES,normal,netem delay 25ms 25ms,ONE,5,cassandra2,cassandra2,5,False,True,
110,4,3,MONOTONIC_WRITES,normal,netem delay 25ms 25ms,ONE,5,cassandra2,cassandra1,5,False,True,
110,5,1,MONOTONIC_WRITES,normal,netem delay 25ms 25ms,ONE,6,cassandra2,cassandra1,5,True,True,
110,5,2,MONOTONIC_WRITES,normal,netem delay 25ms 25ms,ONE,6,cassandra2,cassandra2,6,False,True,
110,5,3,MONOTONIC_WRITES,normal,netem delay 25ms 25ms,ONE,6,cassandra2,cassandra1,6,False,True,
111,1,1,MONOTONIC_WRITES,normal,netem delay 25ms 25ms,ONE,2,cassandra1,cassandra3,2,False,True,
111,1,2,MONOTONIC_WRITES,normal,netem delay 25ms 25ms,ONE,2,cassandra1,cassandra2,2,False,True,
111,1,3,MONOTONIC_WRITES,normal,netem delay 25ms 25ms,ONE,2,cassandra1,cassandra1,2,False,True,
111,2,1,MONOTONIC_WRITES,normal,netem delay 25ms 25ms,ONE,3,cassandra3,cassandra3,3,False,True,
111,2,2,MONOTONIC_WRITES,normal,netem delay 25ms 25ms,ONE,3,cassandra3,cassandra2,3,False,True,
111,2,3,MONOTONIC_WRITES,normal,netem delay 25ms 25ms,ONE,3,cassandra3,cassandra1,3,False,True,
111,3,1,MONOTONIC_WRITES,normal,netem delay 25ms 25ms,ONE,4,cassandra1,cassandra2,3,True,True,
111,3,2,MONOTONIC_WRITES,normal,netem delay 25ms 25ms,ONE,4,cassandra1,cassandra3,4,False,True,
111,3,3,MONOTONIC_WRITES,normal,netem delay 25ms 25ms,ONE,4,cassandra1,cassandra2,4,False,True,
111,4,1,MONOTONIC_WRITES,normal,netem delay 25ms 25ms,ONE,5,cassandra2,cassandra1,4,True,True,
111,4,2,MONOTONIC_WRITES,normal,netem delay 25ms 25ms,ONE,5,cassandra2,cassandra3,5,False,True,
111,4,3,MONOTONIC_WRITES,normal,netem delay 25ms 25ms,ONE,5,cassandra2,cassandra1,5,False,True,
111,5,1,MONOTONIC_WRITES,normal,netem delay 25ms 25ms,ONE,6,cassandra2,cassandra2,6,False,True,
111,5,2,MONOTONIC_WRITES,normal,netem delay 25ms 25ms,ONE,6,cassandra2,cassandra3,6,False,True,
111,5,3,MONOTONIC_WRITES,normal,netem delay 25ms 25ms,ONE,6,cassandra2,cassandra1,6,False,True,
112,1,1,MONOTONIC_WRITES,normal,netem delay 25ms 25ms,ONE,2,cassandra3,cassandra2,2,False,True,
112,1,2,MONOTONIC_WRITES,normal,netem delay 25ms 25ms,ONE,2,cassandra3,cassandra2,2,False,True,
112,1,3,MONOTONIC_WRITES,normal,netem delay 25ms 25ms,ONE,2,cassandra3,cassandra2,2,False,True,
112,2,1,MONOTONIC_WRITES,normal,netem delay 25ms 25ms,ONE,3,cassandra1,cassandra2,3,False,True,
112,2,2,MONOTONIC_WRITES,normal,netem delay 25ms 25ms,ONE,3,cassandra1,cassandra3,3,False,True,
112,2,3,MONOTONIC_WRITES,normal,netem delay 25ms 25ms,ONE,3,cassandra1,cassandra1,3,False,True,
112,3,1,MONOTONIC_WRITES,normal,netem delay 25ms 25ms,ONE,4,cassandra1,cassandra2,3,True,True,
112,3,2,MONOTONIC_WRITES,normal,netem delay 25ms 25ms,ONE,4,cassandra1,cassandra2,4,False,True,
112,3,3,MONOTONIC_WRITES,normal,netem delay 25ms 25ms,ONE,4,cassandra1,cassandra3,4,False,True,
112,4,1,MONOTONIC_WRITES,normal,netem delay 25ms 25ms,ONE,5,cassandra3,cassandra2,5,False,True,
112,4,2,MONOTONIC_WRITES,normal,netem delay 25ms 25ms,ONE,5,cassandra3,cassandra2,5,False,True,
112,4,3,MONOTONIC_WRITES,normal,netem delay 25ms 25ms,ONE,5,cassandra3,cassandra1,5,False,True,
112,5,1,MONOTONIC_WRITES,normal,netem delay 25ms 25ms,ONE,6,cassandra1,cassandra3,6,False,True,
112,5,2,MONOTONIC_WRITES,normal,netem delay 25ms 25ms,ONE,6,cassandra1,cassandra1,6,False,True,
112,5,3,MONOTONIC_WRITES,normal,netem delay 25ms 25ms,ONE,6,cassandra1,cassandra3,6,False,True,
113,1,1,MONOTONIC_WRITES,normal,netem delay 25ms 25ms,ONE,2,cassandra3,cassandra1,2,False,True,
113,1,2,MONOTONIC_WRITES,normal,netem delay 25ms 25ms,ONE,2,cassandra3,cassandra3,2,False,True,
113,1,3,MONOTONIC_WRITES,normal,netem delay 25ms 25ms,ONE,2,cassandra3,cassandra1,2,False,True,
113,2,1,MONOTONIC_WRITES,normal,netem delay 25ms 25ms,ONE,3,cassandra3,cassandra1,2,True,True,
113,2,2,MONOTONIC_WRITES,normal,netem delay 25ms 25ms,ONE,3,cassandra3,cassandra1,3,False,True,
113,2,3,MONOTONIC_WRITES,normal,netem delay 25ms 25ms,ONE,3,cassandra3,cassandra3,3,False,True,
113,3,1,MONOTONIC_WRITES,normal,netem delay 25ms 25ms,ONE,4,cassandra1,cassandra3,4,False,True,
113,3,2,MONOTONIC_WRITES,normal,netem delay 25ms 25ms,ONE,4,cassandra1,cassandra1,4,False,True,
113,3,3,MONOTONIC_WRITES,normal,netem delay 25ms 25ms,ONE,4,cassandra1,cassandra2,4,False,True,
113,4,1,MONOTONIC_WRITES,normal,netem delay 25ms 25ms,ONE,5,cassandra1,cassandra2,5,False,True,
113,4,2,MONOTONIC_WRITES,normal,netem delay 25ms 25ms,ONE,5,cassandra1,cassandra3,5,False,True,
113,4,3,MONOTONIC_WRITES,normal,netem delay 25ms 25ms,ONE,5,cassandra1,cassandra3,5,False,True,
113,5,1,MONOTONIC_WRITES,normal,netem delay 25ms 25ms,ONE,6,cassandra1,cassandra1,6,False,True,
113,5,2,MONOTONIC_WRITES,normal,netem delay 25ms 25ms,ONE,6,cassandra1,cassandra2,6,False,True,
113,5,3,MONOTONIC_WRITES,normal,netem delay 25ms 25ms,ONE,6,cassandra1,cassandra1,6,False,True,
114,1,1,MONOTONIC_WRITES,normal,netem delay 25ms 25ms,ONE,2,cassandra1,cassandra3,2,False,True,
114,1,2,MONOTONIC_WRITES,normal,netem delay 25ms 25ms,ONE,2,cassandra1,cassandra1,2,False,True,
114,1,3,MONOTONIC_WRITES,normal,netem delay 25ms 25ms,ONE,2,cassandra1,cassandra1,2,False,True,
114,2,1,MONOTONIC_WRITES,normal,netem delay 25ms 25ms,ONE,3,cassandra1,cassandra1,3,False,True,
114,2,2,MONOTONIC_WRITES,normal,netem delay 25ms 25ms,ONE,3,cassandra1,cassandra1,3,False,True,
114,2,3,MONOTONIC_WRITES,normal,netem delay 25ms 25ms,ONE,3,cassandra1,cassandra3,3,False,True,
114,3,1,MONOTONIC_WRITES,normal,netem delay 25ms 25ms,ONE,4,cassandra3,cassandra2,4,False,True,
114,3,2,MONOTONIC_WRITES,normal,netem delay 25ms 25ms,ONE,4,cassandra3,cassandra1,4,False,True,
114,3,3,MONOTONIC_WRITES,normal,netem delay 25ms 25ms,ONE,4,cassandra3,cassandra2,4,False,True,
114,4,1,MONOTONIC_WRITES,normal,netem delay 25ms 25ms,ONE,5,cassandra1,cassandra2,4,True,True,
114,4,2,MONOTONIC_WRITES,normal,netem delay 25ms 25ms,ONE,5,cassandra1,cassandra1,5,False,True,
114,4,3,MONOTONIC_WRITES,normal,netem delay 25ms 25ms,ONE,5,cassandra1,cassandra3,5,False,True,
114,5,1,MONOTONIC_WRITES,normal,netem delay 25ms 25ms,ONE,6,cassandra3,cassandra1,6,False,True,
114,5,2,MONOTONIC_WRITES,normal,netem delay 25ms 25ms,ONE,6,cassandra3,cassandra3,6,False,True,
114,5,3,MONOTONIC_WRITES,normal,netem delay 25ms 25ms,ONE,6,cassandra3,cassandra1,6,False,True,
115,1,1,MONOTONIC_WRITES,normal,netem delay 25ms 25ms,ONE,2,cassandra1,cassandra1,2,False,True,
115,1,2,MONOTONIC_WRITES,normal,netem delay 25ms 25ms,ONE,2,cassandra1,cassandra1,2,False,True,
115,1,3,MONOTONIC_WRITES,normal,netem delay 25ms 25ms,ONE,2,cassandra1,cassandra2,2,False,True,
115,2,1,MONOTONIC_WRITES,normal,netem delay 25ms 25ms,ONE,3,cassandra1,cassandra3,3,False,True,
115,2,2,MONOTONIC_WRITES,normal,netem delay 25ms 25ms,ONE,3,cassandra1,cassandra2,3,False,True,
115,2,3,MONOTONIC_WRITES,normal,netem delay 25ms 25ms,ONE,3,cassandra1,cassandra1,3,False,True,
115,3,1,MONOTONIC_WRITES,normal,netem delay 25ms 25ms,ONE,4,cassandra3,cassandra1,4,False,True,
115,3,2,MONOTONIC_WRITES,normal,netem delay 25ms 25ms,ONE,4,cassandra3,cassandra1,4,False,True,
115,3,3,MONOTONIC_WRITES,normal,netem delay 25ms 25ms,ONE,4,cassandra3,cassandra3,4,False,True,
115,4,1,MONOTONIC_WRITES,normal,netem delay 25ms 25ms,ONE,5,cassandra1,cassandra2,5,False,True,
115,4,2,MONOTONIC_WRITES,normal,netem delay 25ms 25ms,ONE,5,cassandra1,cassandra1,5,False,True,
115,4,3,MONOTONIC_WRITES,normal,netem delay 25ms 25ms,ONE,5,cassandra1,cassandra1,5,False,True,
115,5,1,MONOTONIC_WRITES,normal,netem delay 25ms 25ms,ONE,6,cassandra1,cassandra3,6,False,True,
115,5,2,MONOTONIC_WRITES,normal,netem delay 25ms 25ms,ONE,6,cassandra1,cassandra1,6,False,True,
115,5,3,MONOTONIC_WRITES,normal,netem delay 25ms 25ms,ONE,6,cassandra1,cassandra2,6,False,True,
116,1,1,MONOTONIC_WRITES,normal,netem delay 25ms 25ms,ONE,2,cassandra1,cassandra1,2,False,True,
116,1,2,MONOTONIC_WRITES,normal,netem delay 25ms 25ms,ONE,2,cassandra1,cassandra3,2,False,True,
116,1,3,MONOTONIC_WRITES,normal,netem delay 25ms 25ms,ONE,2,cassandra1,cassandra3,2,False,True,
116,2,1,MONOTONIC_WRITES,normal,netem delay 25ms 25ms,ONE,3,cassandra2,cassandra3,3,False,True,
116,2,2,MONOTONIC_WRITES,normal,netem delay 25ms 25ms,ONE,3,cassandra2,cassandra2,3,False,True,
116,2,3,MONOTONIC_WRITES,normal,netem delay 25ms 25ms,ONE,3,cassandra2,cassandra2,3,False,True,
116,3,1,MONOTONIC_WRITES,normal,netem delay 25ms 25ms,ONE,4,cassandra3,cassandra2,3,True,True,
116,3,2,MONOTONIC_WRITES,normal,netem delay 25ms 25ms,ONE,4,cassandra3,cassandra2,3,True,True,
116,3,3,MONOTONIC_WRITES,normal,netem delay 25ms 25ms,ONE,4,cassandra3,cassandra3,4,False,True,
116,4,1,MONOTONIC_WRITES,normal,netem delay 25ms 25ms,ONE,5,cassandra1,cassandra3,5,False,True,
116,4,2,MONOTONIC_WRITES,normal,netem delay 25ms 25ms,ONE,5,cassandra1,cassandra3,5,False,True,
116,4,3,MONOTONIC_WRITES,normal,netem delay 25ms 25ms,ONE,5,cassandra1,cassandra3,5,False,True,
116,5,1,MONOTONIC_WRITES,normal,netem delay 25ms 25ms,ONE,6,cassandra1,cassandra2,6,False,True,
116,5,2,MONOTONIC_WRITES,normal,netem delay 25ms 25ms,ONE,6,cassandra1,cassandra2,6,False,True,
116,5,3,MONOTONIC_WRITES,normal,netem delay 25ms 25ms,ONE,6,cassandra1,cassandra1,6,False,True,
117,1,1,MONOTONIC_WRITES,normal,netem delay 25ms 25ms,ONE,2,cassandra1,cassandra1,2,False,True,
117,1,2,MONOTONIC_WRITES,normal,netem delay 25ms 25ms,ONE,2,cassandra1,cassandra1,2,False,True,
117,1,3,MONOTONIC_WRITES,normal,netem delay 25ms 25ms,ONE,2,cassandra1,cassandra2,2,False,True,
117,2,1,MONOTONIC_WRITES,normal,netem delay 25ms 25ms,ONE,3,cassandra1,cassandra2,3,False,True,
117,2,2,MONOTONIC_WRITES,normal,netem delay 25ms 25ms,ONE,3,cassandra1,cassandra3,3,False,True,
117,2,3,MONOTONIC_WRITES,normal,netem delay 25ms 25ms,ONE,3,cassandra1,cassandra1,3,False,True,
117,3,1,MONOTONIC_WRITES,normal,netem delay 25ms 25ms,ONE,4,cassandra3,cassandra3,4,False,True,
117,3,2,MONOTONIC_WRITES,normal,netem delay 25ms 25ms,ONE,4,cassandra3,cassandra1,4,False,True,
117,3,3,MONOTONIC_WRITES,normal,netem delay 25ms 25ms,ONE,4,cassandra3,cassandra2,4,False,True,
117,4,1,MONOTONIC_WRITES,normal,netem delay 25ms 25ms,ONE,5,cassandra2,cassandra2,5,False,True,
117,4,2,MONOTONIC_WRITES,normal,netem delay 25ms 25ms,ONE,5,cassandra2,cassandra1,5,False,True,
117,4,3,MONOTONIC_WRITES,normal,netem delay 25ms 25ms,ONE,5,cassandra2,cassandra2,5,False,True,
117,5,1,MONOTONIC_WRITES,normal,netem delay 25ms 25ms,ONE,6,cassandra3,cassandra2,6,False,True,
117,5,2,MONOTONIC_WRITES,normal,netem delay 25ms 25ms,ONE,6,cassandra3,cassandra3,6,False,True,
117,5,3,MONOTONIC_WRITES,normal,netem delay 25ms 25ms,ONE,6,cassandra3,cassandra1,6,False,True,
118,1,1,MONOTONIC_WRITES,normal,netem delay 25ms 25ms,ONE,2,cassandra3,cassandra2,2,False,True,
118,1,2,MONOTONIC_WRITES,normal,netem delay 25ms 25ms,ONE,2,cassandra3,cassandra1,2,False,True,
118,1,3,MONOTONIC_WRITES,normal,netem delay 25ms 25ms,ONE,2,cassandra3,cassandra3,2,False,True,
118,2,1,MONOTONIC_WRITES,normal,netem delay 25ms 25ms,ONE,3,cassandra2,cassandra1,3,False,True,
118,2,2,MONOTONIC_WRITES,normal,netem delay 25ms 25ms,ONE,3,cassandra2,cassandra2,3,False,True,
118,2,3,MONOTONIC_WRITES,normal,netem delay 25ms 25ms,ONE,3,cassandra2,cassandra1,3,False,True,
118,3,1,MONOTONIC_WRITES,normal,netem delay 25ms 25ms,ONE,4,cassandra3,cassandra3,4,False,True,
118,3,2,MONOTONIC_WRITES,normal,netem delay 25ms 25ms,ONE,4,cassandra3,cassandra2,4,False,True,
118,3,3,MONOTONIC_WRITES,normal,netem delay 25ms 25ms,ONE,4,cassandra3,cassandra1,4,False,True,
118,4,1,MONOTONIC_WRITES,normal,netem delay 25ms 25ms,ONE,5,cassandra1,cassandra1,5,False,True,
118,4,2,MONOTONIC_WRITES,normal,netem delay 25ms 25ms,ONE,5,cassandra1,cassandra2,5,False,True,
118,4,3,MONOTONIC_WRITES,normal,netem delay 25ms 25ms,ONE,5,cassandra1,cassandra1,5,False,True,
118,5,1,MONOTONIC_WRITES,normal,netem delay 25ms 25ms,ONE,6,cassandra2,cassandra1,6,False,True,
118,5,2,MONOTONIC_WRITES,normal,netem delay 25ms 25ms,ONE,6,cassandra2,cassandra1,6,False,True,
118,5,3,MONOTONIC_WRITES,normal,netem delay 25ms 25ms,ONE,6,cassandra2,cassandra3,6,False,True,
119,1,1,MONOTONIC_WRITES,normal,netem delay 25ms 25ms,ONE,2,cassandra2,cassandra1,2,False,True,
119,1,2,MONOTONIC_WRITES,normal,netem delay 25ms 25ms,ONE,2,cassandra2,cassandra2,2,False,True,
119,1,3,MONOTONIC_WRITES,normal,netem delay 25ms 25ms,ONE,2,cassandra2,cassandra1,2,False,True,
119,2,1,MONOTONIC_WRITES,normal,netem delay 25ms 25ms,ONE,3,cassandra2,cassandra2,3,False,True,
119,2,2,MONOTONIC_WRITES,normal,netem delay 25ms 25ms,ONE,3,cassandra2,cassandra2,3,False,True,
119,2,3,MONOTONIC_WRITES,normal,netem delay 25ms 25ms,ONE,3,cassandra2,cassandra2,3,False,True,
119,3,1,MONOTONIC_WRITES,normal,netem delay 25ms 25ms,ONE,4,cassandra3,cassandra2,3,True,True,
119,3,2,MONOTONIC_WRITES,normal,netem delay 25ms 25ms,ONE,4,cassandra3,cassandra3,4,False,True,
119,3,3,MONOTONIC_WRITES,normal,netem delay 25ms 25ms,ONE,4,cassandra3,cassandra3,4,False,True,
119,4,1,MONOTONIC_WRITES,normal,netem delay 25ms 25ms,ONE,5,cassandra3,cassandra2,4,True,True,
119,4,2,MONOTONIC_WRITES,normal,netem delay 25ms 25ms,ONE,5,cassandra3,cassandra1,5,False,True,
119,4,3,MONOTONIC_WRITES,normal,netem delay 25ms 25ms,ONE,5,cassandra3,cassandra2,5,False,True,
119,5,1,MONOTONIC_WRITES,normal,netem delay 25ms 25ms,ONE,6,cassandra2,cassandra1,5,True,True,
119,5,2,MONOTONIC_WRITES,normal,netem delay 25ms 25ms,ONE,6,cassandra2,cassandra3,5,True,True,
119,5,3,MONOTONIC_WRITES,normal,netem delay 25ms 25ms,ONE,6,cassandra2,cassandra3,6,False,True,
120,1,1,MONOTONIC_WRITES,normal,netem delay 25ms 25ms,ONE,2,cassandra2,cassandra1,2,False,True,
120,1,2,MONOTONIC_WRITES,normal,netem delay 25ms 25ms,ONE,2,cassandra2,cassandra2,2,False,True,
120,1,3,MONOTONIC_WRITES,normal,netem delay 25ms 25ms,ONE,2,cassandra2,cassandra1,2,False,True,
120,2,1,MONOTONIC_WRITES,normal,netem delay 25ms 25ms,ONE,3,cassandra1,cassandra3,2,True,True,
120,2,2,MONOTONIC_WRITES,normal,netem delay 25ms 25ms,ONE,3,cassandra1,cassandra2,3,False,True,
120,2,3,MONOTONIC_WRITES,normal,netem delay 25ms 25ms,ONE,3,cassandra1,cassandra3,3,False,True,
120,3,1,MONOTONIC_WRITES,normal,netem delay 25ms 25ms,ONE,4,cassandra1,cassandra3,3,True,True,
120,3,2,MONOTONIC_WRITES,normal,netem delay 25ms 25ms,ONE,4,cassandra1,cassandra2,4,False,True,
120,3,3,MONOTONIC_WRITES,normal,netem delay 25ms 25ms,ONE,4,cassandra1,cassandra3,4,False,True,
120,4,1,MONOTONIC_WRITES,normal,netem delay 25ms 25ms,ONE,5,cassandra3,cassandra1,4,True,True,
120,4,2,MONOTONIC_WRITES,normal,netem delay 25ms 25ms,ONE,5,cassandra3,cassandra2,5,False,True,
120,4,3,MONOTONIC_WRITES,normal,netem delay 25ms 25ms,ONE,5,cassandra3,cassandra1,5,False,True,
120,5,1,MONOTONIC_WRITES,normal,netem delay 25ms 25ms,ONE,6,cassandra1,cassandra1,6,False,True,
120,5,2,MONOTONIC_WRITES,normal,netem delay 25ms 25ms,ONE,6,cassandra1,cassandra2,6,False,True,
120,5,3,MONOTONIC_WRITES,normal,netem delay 25ms 25ms,ONE,6,cassandra1,cassandra2,6,False,True,
121,1,1,MONOTONIC_WRITES,normal,netem delay 25ms 25ms,ONE,2,cassandra3,cassandra3,2,False,True,
121,1,2,MONOTONIC_WRITES,normal,netem delay 25ms 25ms,ONE,2,cassandra3,cassandra2,2,False,True,
121,1,3,MONOTONIC_WRITES,normal,netem delay 25ms 25ms,ONE,2,cassandra3,cassandra2,2,False,True,
121,2,1,MONOTONIC_WRITES,normal,netem delay 25ms 25ms,ONE,3,cassandra2,cassandra3,3,False,True,
121,2,2,MONOTONIC_WRITES,normal,netem delay 25ms 25ms,ONE,3,cassandra2,cassandra1,3,False,True,
121,2,3,MONOTONIC_WRITES,normal,netem delay 25ms 25ms,ONE,3,cassandra2,cassandra1,3,False,True,
121,3,1,MONOTONIC_WRITES,normal,netem delay 25ms 25ms,ONE,4,cassandra1,cassandra2,4,False,True,
121,3,2,MONOTONIC_WRITES,normal,netem delay 25ms 25ms,ONE,4,cassandra1,cassandra3,4,False,True,
121,3,3,MONOTONIC_WRITES,normal,netem delay 25ms 25ms,ONE,4,cassandra1,cassandra3,4,False,True,
121,4,1,MONOTONIC_WRITES,normal,netem delay 25ms 25ms,ONE,5,cassandra3,cassandra3,5,False,True,
121,4,2,MONOTONIC_WRITES,normal,netem delay 25ms 25ms,ONE,5,cassandra3,cassandra1,5,False,True,
121,4,3,MONOTONIC_WRITES,normal,netem delay 25ms 25ms,ONE,5,cassandra3,cassandra2,5,False,True,
121,5,1,MONOTONIC_WRITES,normal,netem delay 25ms 25ms,ONE,6,cassandra2,cassandra1,6,False,True,
121,5,2,MONOTONIC_WRITES,normal,netem delay 25ms 25ms,ONE,6,cassandra2,cassandra2,6,False,True,
121,5,3,MONOTONIC_WRITES,normal,netem delay 25ms 25ms,ONE,6,cassandra2,cassandra3,6,False,True,
122,1,1,MONOTONIC_WRITES,normal,netem delay 25ms 25ms,ONE,2,cassandra3,cassandra1,2,False,True,
122,1,2,MONOTONIC_WRITES,normal,netem delay 25ms 25ms,ONE,2,cassandra3,cassandra3,2,False,True,
122,1,3,MONOTONIC_WRITES,normal,netem delay 25ms 25ms,ONE,2,cassandra3,cassandra1,2,False,True,
122,2,1,MONOTONIC_WRITES,normal,netem delay 25ms 25ms,ONE,3,cassandra2,cassandra3,3,False,True,
122,2,2,MONOTONIC_WRITES,normal,netem delay 25ms 25ms,ONE,3,cassandra2,cassandra2,3,False,True,
122,2,3,MONOTONIC_WRITES,normal,netem delay 25ms 25ms,ONE,3,cassandra2,cassandra1,3,False,True,
122,3,1,MONOTONIC_WRITES,normal,netem delay 25ms 25ms,ONE,4,cassandra1,cassandra1,4,False,True,
122,3,2,MONOTONIC_WRITES,normal,netem delay 25ms 25ms,ONE,4,cassandra1,cassandra3,4,False,True,
122,3,3,MONOTONIC_WRITES,normal,netem delay 25ms 25ms,ONE,4,cassandra1,cassandra3,4,False,True,
122,4,1,MONOTONIC_WRITES,normal,netem delay 25ms 25ms,ONE,5,cassandra3,cassandra2,5,False,True,
122,4,2,MONOTONIC_WRITES,normal,netem delay 25ms 25ms,ONE,5,cassandra3,cassandra3,5,False,True,
122,4,3,MONOTONIC_WRITES,normal,netem delay 25ms 25ms,ONE,5,cassandra3,cassandra2,5,False,True,
122,5,1,MONOTONIC_WRITES,normal,netem delay 25ms 25ms,ONE,6,cassandra2,cassandra1,6,False,True,
122,5,2,MONOTONIC_WRITES,normal,netem delay 25ms 25ms,ONE,6,cassandra2,cassandra3,6,False,True,
122,5,3,MONOTONIC_WRITES,normal,netem delay 25ms 25ms,ONE,6,cassandra2,cassandra2,6,False,True,
123,1,1,MONOTONIC_WRITES,normal,netem delay 25ms 25ms,ONE,2,cassandra1,cassandra3,2,False,True,
123,1,2,MONOTONIC_WRITES,normal,netem delay 25ms 25ms,ONE,2,cassandra1,cassandra1,2,False,True,
123,1,3,MONOTONIC_WRITES,normal,netem delay 25ms 25ms,ONE,2,cassandra1,cassandra3,2,False,True,
123,2,1,MONOTONIC_WRITES,normal,netem delay 25ms 25ms,ONE,3,cassandra3,cassandra2,2,True,True,
123,2,2,MONOTONIC_WRITES,normal,netem delay 25ms 25ms,ONE,3,cassandra3,cassandra2,2,True,True,
123,2,3,MONOTONIC_WRITES,normal,netem delay 25ms 25ms,ONE,3,cassandra3,cassandra3,3,False,True,
123,3,1,MONOTONIC_WRITES,normal,netem delay 25ms 25ms,ONE,4,cassandra1,cassandra3,3,True,True,
123,3,2,MONOTONIC_WRITES,normal,netem delay 25ms 25ms,ONE,4,cassandra1,cassandra1,4,False,True,
123,3,3,MONOTONIC_WRITES,normal,netem delay 25ms 25ms,ONE,4,cassandra1,cassandra1,4,False,True,
123,4,1,MONOTONIC_WRITES,normal,netem delay 25ms 25ms,ONE,5,cassandra2,cassandra1,5,False,True,
123,4,2,MONOTONIC_WRITES,normal,netem delay 25ms 25ms,ONE,5,cassandra2,cassandra1,5,False,True,
123,4,3,MONOTONIC_WRITES,normal,netem delay 25ms 25ms,ONE,5,cassandra2,cassandra1,5,False,True,
123,5,1,MONOTONIC_WRITES,normal,netem delay 25ms 25ms,ONE,6,cassandra2,cassandra1,5,True,True,
123,5,2,MONOTONIC_WRITES,normal,netem delay 25ms 25ms,ONE,6,cassandra2,cassandra2,6,False,True,
123,5,3,MONOTONIC_WRITES,normal,netem delay 25ms 25ms,ONE,6,cassandra2,cassandra3,6,False,True,
124,1,1,MONOTONIC_WRITES,normal,netem delay 25ms 25ms,ONE,2,cassandra2,cassandra1,1,True,True,
124,1,2,MONOTONIC_WRITES,normal,netem delay 25ms 25ms,ONE,2,cassandra2,cassandra2,2,False,True,
124,1,3,MONOTONIC_WRITES,normal,netem delay 25ms 25ms,ONE,2,cassandra2,cassandra2,2,False,True,
124,2,1,MONOTONIC_WRITES,normal,netem delay 25ms 25ms,ONE,3,cassandra1,cassandra3,2,True,True,
124,2,2,MONOTONIC_WRITES,normal,netem delay 25ms 25ms,ONE,3,cassandra1,cassandra1,3,False,True,
124,2,3,MONOTONIC_WRITES,normal,netem delay 25ms 25ms,ONE,3,cassandra1,cassandra2,3,False,True,
124,3,1,MONOTONIC_WRITES,normal,netem delay 25ms 25ms,ONE,4,cassandra1,cassandra1,4,False,True,
124,3,2,MONOTONIC_WRITES,normal,netem delay 25ms 25ms,ONE,4,cassandra1,cassandra1,4,False,True,
124,3,3,MONOTONIC_WRITES,normal,netem delay 25ms 25ms,ONE,4,cassandra1,cassandra2,4,False,True,
124,4,1,MONOTONIC_WRITES,normal,netem delay 25ms 25ms,ONE,5,cassandra3,cassandra3,5,False,True,
124,4,2,MONOTONIC_WRITES,normal,netem delay 25ms 25ms,ONE,5,cassandra3,cassandra1,5,False,True,
124,4,3,MONOTONIC_WRITES,normal,netem delay 25ms 25ms,ONE,5,cassandra3,cassandra2,5,False,True,
124,5,1,MONOTONIC_WRITES,normal,netem delay 25ms 25ms,ONE,6,cassandra2,cassandra2,6,False,True,
124,5,2,MONOTONIC_WRITES,normal,netem delay 25ms 25ms,ONE,6,cassandra2,cassandra2,6,False,True,
124,5,3,MONOTONIC_WRITES,normal,netem delay 25ms 25ms,ONE,6,cassandra2,cassandra2,6,False,True,
125,1,1,MONOTONIC_WRITES,normal,netem delay 25ms 25ms,ONE,2,cassandra3,cassandra1,2,False,True,
125,1,2,MONOTONIC_WRITES,normal,netem delay 25ms 25ms,ONE,2,cassandra3,cassandra1,2,False,True,
125,1,3,MONOTONIC_WRITES,normal,netem delay 25ms 25ms,ONE,2,cassandra3,cassandra1,2,False,True,
125,2,1,MONOTONIC_WRITES,normal,netem delay 25ms 25ms,ONE,3,cassandra2,cassandra3,2,True,True,
125,2,2,MONOTONIC_WRITES,normal,netem delay 25ms 25ms,ONE,3,cassandra2,cassandra2,3,False,True,
125,2,3,MONOTONIC_WRITES,normal,netem delay 25ms 25ms,ONE,3,cassandra2,cassandra1,3,False,True,
125,3,1,MONOTONIC_WRITES,normal,netem delay 25ms 25ms,ONE,4,cassandra3,cassandra1,3,True,True,
125,3,2,MONOTONIC_WRITES,normal,netem delay 25ms 25ms,ONE,4,cassandra3,cassandra2,4,False,True,
125,3,3,MONOTONIC_WRITES,normal,netem delay 25ms 25ms,ONE,4,cassandra3,cassandra2,4,False,True,
125,4,1,MONOTONIC_WRITES,normal,netem delay 25ms 25ms,ONE,5,cassandra3,cassandra1,4,True,True,
125,4,2,MONOTONIC_WRITES,normal,netem delay 25ms 25ms,ONE,5,cassandra3,cassandra3,5,False,True,
125,4,3,MONOTONIC_WRITES,normal,netem delay 25ms 25ms,ONE,5,cassandra3,cassandra1,5,False,True,
125,5,1,MONOTONIC_WRITES,normal,netem delay 25ms 25ms,ONE,6,cassandra3,cassandra2,6,False,True,
125,5,2,MONOTONIC_WRITES,normal,netem delay 25ms 25ms,ONE,6,cassandra3,cassandra3,6,False,True,
125,5,3,MONOTONIC_WRITES,normal,netem delay 25ms 25ms,ONE,6,cassandra3,cassandra2,6,False,True,
126,1,1,MONOTONIC_WRITES,normal,netem delay 25ms 25ms,ONE,2,cassandra1,cassandra3,2,False,True,
126,1,2,MONOTONIC_WRITES,normal,netem delay 25ms 25ms,ONE,2,cassandra1,cassandra2,2,False,True,
126,1,3,MONOTONIC_WRITES,normal,netem delay 25ms 25ms,ONE,2,cassandra1,cassandra2,2,False,True,
126,2,1,MONOTONIC_WRITES,normal,netem delay 25ms 25ms,ONE,3,cassandra1,cassandra2,3,False,True,
126,2,2,MONOTONIC_WRITES,normal,netem delay 25ms 25ms,ONE,3,cassandra1,cassandra1,3,False,True,
126,2,3,MONOTONIC_WRITES,normal,netem delay 25ms 25ms,ONE,3,cassandra1,cassandra2,3,False,True,
126,3,1,MONOTONIC_WRITES,normal,netem delay 25ms 25ms,ONE,4,cassandra1,cassandra2,3,True,True,
126,3,2,MONOTONIC_WRITES,normal,netem delay 25ms 25ms,ONE,4,cassandra1,cassandra2,4,False,True,
126,3,3,MONOTONIC_WRITES,normal,netem delay 25ms 25ms,ONE,4,cassandra1,cassandra2,4,False,True,
126,4,1,MONOTONIC_WRITES,normal,netem delay 25ms 25ms,ONE,5,cassandra2,cassandra2,5,False,True,
126,4,2,MONOTONIC_WRITES,normal,netem delay 25ms 25ms,ONE,5,cassandra2,cassandra3,5,False,True,
126,4,3,MONOTONIC_WRITES,normal,netem delay 25ms 25ms,ONE,5,cassandra2,cassandra3,5,False,True,
126,5,1,MONOTONIC_WRITES,normal,netem delay 25ms 25ms,ONE,6,cassandra3,cassandra3,6,False,True,
126,5,2,MONOTONIC_WRITES,normal,netem delay 25ms 25ms,ONE,6,cassandra3,cassandra3,6,False,True,
126,5,3,MONOTONIC_WRITES,normal,netem delay 25ms 25ms,ONE,6,cassandra3,cassandra1,6,False,True,
127,1,1,MONOTONIC_WRITES,normal,netem delay 25ms 25ms,ONE,2,cassandra2,cassandra2,2,False,True,
127,1,2,MONOTONIC_WRITES,normal,netem delay 25ms 25ms,ONE,2,cassandra2,cassandra3,2,False,True,
127,1,3,MONOTONIC_WRITES,normal,netem delay 25ms 25ms,ONE,2,cassandra2,cassandra3,2,False,True,
127,2,1,MONOTONIC_WRITES,normal,netem delay 25ms 25ms,ONE,3,cassandra3,cassandra1,3,False,True,
127,2,2,MONOTONIC_WRITES,normal,netem delay 25ms 25ms,ONE,3,cassandra3,cassandra3,3,False,True,
127,2,3,MONOTONIC_WRITES,normal,netem delay 25ms 25ms,ONE,3,cassandra3,cassandra1,3,False,True,
127,3,1,MONOTONIC_WRITES,normal,netem delay 25ms 25ms,ONE,4,cassandra1,cassandra3,3,True,True,
127,3,2,MONOTONIC_WRITES,normal,netem delay 25ms 25ms,ONE,4,cassandra1,cassandra3,4,False,True,
127,3,3,MONOTONIC_WRITES,normal,netem delay 25ms 25ms,ONE,4,cassandra1,cassandra3,4,False,True,
127,4,1,MONOTONIC_WRITES,normal,netem delay 25ms 25ms,ONE,5,cassandra3,cassandra2,5,False,True,
127,4,2,MONOTONIC_WRITES,normal,netem delay 25ms 25ms,ONE,5,cassandra3,cassandra1,5,False,True,
127,4,3,MONOTONIC_WRITES,normal,netem delay 25ms 25ms,ONE,5,cassandra3,cassandra2,5,False,True,
127,5,1,MONOTONIC_WRITES,normal,netem delay 25ms 25ms,ONE,6,cassandra2,cassandra1,6,False,True,
127,5,2,MONOTONIC_WRITES,normal,netem delay 25ms 25ms,ONE,6,cassandra2,cassandra3,6,False,True,
127,5,3,MONOTONIC_WRITES,normal,netem delay 25ms 25ms,ONE,6,cassandra2,cassandra2,6,False,True,
128,1,1,MONOTONIC_WRITES,normal,netem delay 25ms 25ms,ONE,2,cassandra2,cassandra3,1,True,True,
128,1,2,MONOTONIC_WRITES,normal,netem delay 25ms 25ms,ONE,2,cassandra2,cassandra3,2,False,True,
128,1,3,MONOTONIC_WRITES,normal,netem delay 25ms 25ms,ONE,2,cassandra2,cassandra1,2,False,True,
128,2,1,MONOTONIC_WRITES,normal,netem delay 25ms 25ms,ONE,3,cassandra3,cassandra3,3,False,True,
128,2,2,MONOTONIC_WRITES,normal,netem delay 25ms 25ms,ONE,3,cassandra3,cassandra3,3,False,True,
128,2,3,MONOTONIC_WRITES,normal,netem delay 25ms 25ms,ONE,3,cassandra3,cassandra2,3,False,True,
128,3,1,MONOTONIC_WRITES,normal,netem delay 25ms 25ms,ONE,4,cassandra1,cassandra3,4,False,True,
128,3,2,MONOTONIC_WRITES,normal,netem delay 25ms 25ms,ONE,4,cassandra1,cassandra1,4,False,True,
128,3,3,MONOTONIC_WRITES,normal,netem delay 25ms 25ms,ONE,4,cassandra1,cassandra2,4,False,True,
128,4,1,MONOTONIC_WRITES,normal,netem delay 25ms 25ms,ONE,5,cassandra2,cassandra1,5,False,True,
128,4,2,MONOTONIC_WRITES,normal,netem delay 25ms 25ms,ONE,5,cassandra2,cassandra2,5,False,True,
128,4,3,MONOTONIC_WRITES,normal,netem delay 25ms 25ms,ONE,5,cassandra2,cassandra2,5,False,True,
128,5,1,MONOTONIC_WRITES,normal,netem delay 25ms 25ms,ONE,6,cassandra3,cassandra1,6,False,True,
128,5,2,MONOTONIC_WRITES,normal,netem delay 25ms 25ms,ONE,6,cassandra3,cassandra2,6,False,True,
128,5,3,MONOTONIC_WRITES,normal,netem delay 25ms 25ms,ONE,6,cassandra3,cassandra3,6,False,True,
129,1,1,MONOTONIC_WRITES,normal,netem delay 25ms 25ms,ONE,2,cassandra3,cassandra2,2,False,True,
129,1,2,MONOTONIC_WRITES,normal,netem delay 25ms 25ms,ONE,2,cassandra3,cassandra3,2,False,True,
129,1,3,MONOTONIC_WRITES,normal,netem delay 25ms 25ms,ONE,2,cassandra3,cassandra2,2,False,True,
129,2,1,MONOTONIC_WRITES,normal,netem delay 25ms 25ms,ONE,3,cassandra1,cassandra2,3,False,True,
129,2,2,MONOTONIC_WRITES,normal,netem delay 25ms 25ms,ONE,3,cassandra1,cassandra2,3,False,True,
129,2,3,MONOTONIC_WRITES,normal,netem delay 25ms 25ms,ONE,3,cassandra1,cassandra2,3,False,True,
129,3,1,MONOTONIC_WRITES,normal,netem delay 25ms 25ms,ONE,4,cassandra1,cassandra2,4,False,True,
129,3,2,MONOTONIC_WRITES,normal,netem delay 25ms 25ms,ONE,4,cassandra1,cassandra2,4,False,True,
129,3,3,MONOTONIC_WRITES,normal,netem delay 25ms 25ms,ONE,4,cassandra1,cassandra3,4,False,True,
129,4,1,MONOTONIC_WRITES,normal,netem delay 25ms 25ms,ONE,5,cassandra1,cassandra1,5,False,True,
129,4,2,MONOTONIC_WRITES,normal,netem delay 25ms 25ms,ONE,5,cassandra1,cassandra1,5,False,True,
129,4,3,MONOTONIC_WRITES,normal,netem delay 25ms 25ms,ONE,5,cassandra1,cassandra2,5,False,True,
129,5,1,MONOTONIC_WRITES,normal,netem delay 25ms 25ms,ONE,6,cassandra2,cassandra3,6,False,True,
129,5,2,MONOTONIC_WRITES,normal,netem delay 25ms 25ms,ONE,6,cassandra2,cassandra1,6,False,True,
129,5,3,MONOTONIC_WRITES,normal,netem delay 25ms 25ms,ONE,6,cassandra2,cassandra3,6,False,True,
130,1,1,MONOTONIC_WRITES,normal,netem delay 25ms 25ms,ONE,2,cassandra1,cassandra1,2,False,True,
130,1,2,MONOTONIC_WRITES,normal,netem delay 25ms 25ms,ONE,2,cassandra1,cassandra3,2,False,True,
130,1,3,MONOTONIC_WRITES,normal,netem delay 25ms 25ms,ONE,2,cassandra1,cassandra3,2,False,True,
130,2,1,MONOTONIC_WRITES,normal,netem delay 25ms 25ms,ONE,3,cassandra3,cassandra1,3,False,True,
130,2,2,MONOTONIC_WRITES,normal,netem delay 25ms 25ms,ONE,3,cassandra3,cassandra2,3,False,True,
130,2,3,MONOTONIC_WRITES,normal,netem delay 25ms 25ms,ONE,3,cassandra3,cassandra1,3,False,True,
130,3,1,MONOTONIC_WRITES,normal,netem delay 25ms 25ms,ONE,4,cassandra2,cassandra2,4,False,True,
130,3,2,MONOTONIC_WRITES,normal,netem delay 25ms 25ms,ONE,4,cassandra2,cassandra2,4,False,True,
130,3,3,MONOTONIC_WRITES,normal,netem delay 25ms 25ms,ONE,4,cassandra2,cassandra1,4,False,True,
130,4,1,MONOTONIC_WRITES,normal,netem delay 25ms 25ms,ONE,5,cassandra2,cassandra1,4,True,True,
130,4,2,MONOTONIC_WRITES,normal,netem delay 25ms 25ms,ONE,5,cassandra2,cassandra3,5,False,True,
130,4,3,MONOTONIC_WRITES,normal,netem delay 25ms 25ms,ONE,5,cassandra2,cassandra1,5,False,True,
130,5,1,MONOTONIC_WRITES,normal,netem delay 25ms 25ms,ONE,6,cassandra3,cassandra3,6,False,True,
130,5,2,MONOTONIC_WRITES,normal,netem delay 25ms 25ms,ONE,6,cassandra3,cassandra2,6,False,True,
130,5,3,MONOTONIC_WRITES,normal,netem delay 25ms 25ms,ONE,6,cassandra3,cassandra3,6,False,True,
131,1,1,MONOTONIC_WRITES,normal,netem delay 25ms 25ms,ONE,2,cassandra3,cassandra2,2,False,True,
131,1,2,MONOTONIC_WRITES,normal,netem delay 25ms 25ms,ONE,2,cassandra3,cassandra3,2,False,True,
131,1,3,MONOTONIC_WRITES,normal,netem delay 25ms 25ms,ONE,2,cassandra3,cassandra2,2,False,True,
131,2,1,MONOTONIC_WRITES,normal,netem delay 25ms 25ms,ONE,3,cassandra3,cassandra2,3,False,True,
131,2,2,MONOTONIC_WRITES,normal,netem delay 25ms 25ms,ONE,3,cassandra3,cassandra1,3,False,True,
131,2,3,MONOTONIC_WRITES,normal,netem delay 25ms 25ms,ONE,3,cassandra3,cassandra1,3,False,True,
131,3,1,MONOTONIC_WRITES,normal,netem delay 25ms 25ms,ONE,4,cassandra1,cassandra1,4,False,True,
131,3,2,MONOTONIC_WRITES,normal,netem delay 25ms 25ms,ONE,4,cassandra1,cassandra3,4,False,True,
131,3,3,MONOTONIC_WRITES,normal,netem delay 25ms 25ms,ONE,4,cassandra1,cassandra2,4,False,True,
131,4,1,MONOTONIC_WRITES,normal,netem delay 25ms 25ms,ONE,5,cassandra1,cassandra1,5,False,True,
131,4,2,MONOTONIC_WRITES,normal,netem delay 25ms 25ms,ONE,5,cassandra1,cassandra2,5,False,True,
131,4,3,MONOTONIC_WRITES,normal,netem delay 25ms 25ms,ONE,5,cassandra1,cassandra2,5,False,True,
131,5,1,MONOTONIC_WRITES,normal,netem delay 25ms 25ms,ONE,6,cassandra1,cassandra1,6,False,True,
131,5,2,MONOTONIC_WRITES,normal,netem delay 25ms 25ms,ONE,6,cassandra1,cassandra1,6,False,True,
131,5,3,MONOTONIC_WRITES,normal,netem delay 25ms 25ms,ONE,6,cassandra1,cassandra3,6,False,True,
132,1,1,MONOTONIC_WRITES,normal,netem delay 25ms 25ms,ONE,2,cassandra2,cassandra2,2,False,True,
132,1,2,MONOTONIC_WRITES,normal,netem delay 25ms 25ms,ONE,2,cassandra2,cassandra3,2,False,True,
132,1,3,MONOTONIC_WRITES,normal,netem delay 25ms 25ms,ONE,2,cassandra2,cassandra2,2,False,True,
132,2,1,MONOTONIC_WRITES,normal,netem delay 25ms 25ms,ONE,3,cassandra2,cassandra2,3,False,True,
132,2,2,MONOTONIC_WRITES,normal,netem delay 25ms 25ms,ONE,3,cassandra2,cassandra1,3,False,True,
132,2,3,MONOTONIC_WRITES,normal,netem delay 25ms 25ms,ONE,3,cassandra2,cassandra1,3,False,True,
132,3,1,MONOTONIC_WRITES,normal,netem delay 25ms 25ms,ONE,4,cassandra2,cassandra2,4,False,True,
132,3,2,MONOTONIC_WRITES,normal,netem delay 25ms 25ms,ONE,4,cassandra2,cassandra1,4,False,True,
132,3,3,MONOTONIC_WRITES,normal,netem delay 25ms 25ms,ONE,4,cassandra2,cassandra3,4,False,True,
132,4,1,MONOTONIC_WRITES,normal,netem delay 25ms 25ms,ONE,5,cassandra3,cassandra2,5,False,True,
132,4,2,MONOTONIC_WRITES,normal,netem delay 25ms 25ms,ONE,5,cassandra3,cassandra1,5,False,True,
132,4,3,MONOTONIC_WRITES,normal,netem delay 25ms 25ms,ONE,5,cassandra3,cassandra1,5,False,True,
132,5,1,MONOTONIC_WRITES,normal,netem delay 25ms 25ms,ONE,6,cassandra1,cassandra2,5,True,True,
132,5,2,MONOTONIC_WRITES,normal,netem delay 25ms 25ms,ONE,6,cassandra1,cassandra1,6,False,True,
132,5,3,MONOTONIC_WRITES,normal,netem delay 25ms 25ms,ONE,6,cassandra1,cassandra3,6,False,True,
133,1,1,MONOTONIC_WRITES,normal,netem delay 25ms 25ms,ONE,2,cassandra1,cassandra1,2,False,True,
133,1,2,MONOTONIC_WRITES,normal,netem delay 25ms 25ms,ONE,2,cassandra1,cassandra2,2,False,True,
133,1,3,MONOTONIC_WRITES,normal,netem delay 25ms 25ms,ONE,2,cassandra1,cassandra1,2,False,True,
133,2,1,MONOTONIC_WRITES,normal,netem delay 25ms 25ms,ONE,3,cassandra1,cassandra2,3,False,True,
133,2,2,MONOTONIC_WRITES,normal,netem delay 25ms 25ms,ONE,3,cassandra1,cassandra1,3,False,True,
133,2,3,MONOTONIC_WRITES,normal,netem delay 25ms 25ms,ONE,3,cassandra1,cassandra1,3,False,True,
133,3,1,MONOTONIC_WRITES,normal,netem delay 25ms 25ms,ONE,4,cassandra3,cassandra3,4,False,True,
133,3,2,MONOTONIC_WRITES,normal,netem delay 25ms 25ms,ONE,4,cassandra3,cassandra1,4,False,True,
133,3,3,MONOTONIC_WRITES,normal,netem delay 25ms 25ms,ONE,4,cassandra3,cassandra3,4,False,True,
133,4,1,MONOTONIC_WRITES,normal,netem delay 25ms 25ms,ONE,5,cassandra3,cassandra3,5,False,True,
133,4,2,MONOTONIC_WRITES,normal,netem delay 25ms 25ms,ONE,5,cassandra3,cassandra2,5,False,True,
133,4,3,MONOTONIC_WRITES,normal,netem delay 25ms 25ms,ONE,5,cassandra3,cassandra2,5,False,True,
133,5,1,MONOTONIC_WRITES,normal,netem delay 25ms 25ms,ONE,6,cassandra3,cassandra3,6,False,True,
133,5,2,MONOTONIC_WRITES,normal,netem delay 25ms 25ms,ONE,6,cassandra3,cassandra3,6,False,True,
133,5,3,MONOTONIC_WRITES,normal,netem delay 25ms 25ms,ONE,6,cassandra3,cassandra3,6,False,True,
134,1,1,MONOTONIC_WRITES,normal,netem delay 25ms 25ms,ONE,2,cassandra2,cassandra1,2,False,True,
134,1,2,MONOTONIC_WRITES,normal,netem delay 25ms 25ms,ONE,2,cassandra2,cassandra3,2,False,True,
134,1,3,MONOTONIC_WRITES,normal,netem delay 25ms 25ms,ONE,2,cassandra2,cassandra2,2,False,True,
134,2,1,MONOTONIC_WRITES,normal,netem delay 25ms 25ms,ONE,3,cassandra1,cassandra3,3,False,True,
134,2,2,MONOTONIC_WRITES,normal,netem delay 25ms 25ms,ONE,3,cassandra1,cassandra1,3,False,True,
134,2,3,MONOTONIC_WRITES,normal,netem delay 25ms 25ms,ONE,3,cassandra1,cassandra1,3,False,True,
134,3,1,MONOTONIC_WRITES,normal,netem delay 25ms 25ms,ONE,4,cassandra1,cassandra1,4,False,True,
134,3,2,MONOTONIC_WRITES,normal,netem delay 25ms 25ms,ONE,4,cassandra1,cassandra2,4,False,True,
134,3,3,MONOTONIC_WRITES,normal,netem delay 25ms 25ms,ONE,4,cassandra1,cassandra2,4,False,True,
134,4,1,MONOTONIC_WRITES,normal,netem delay 25ms 25ms,ONE,5,cassandra3,cassandra1,5,False,True,
134,4,2,MONOTONIC_WRITES,normal,netem delay 25ms 25ms,ONE,5,cassandra3,cassandra1,5,False,True,
134,4,3,MONOTONIC_WRITES,normal,netem delay 25ms 25ms,ONE,5,cassandra3,cassandra2,5,False,True,
134,5,1,MONOTONIC_WRITES,normal,netem delay 25ms 25ms,ONE,6,cassandra1,cassandra3,6,False,True,
134,5,2,MONOTONIC_WRITES,normal,netem delay 25ms 25ms,ONE,6,cassandra1,cassandra2,6,False,True,
134,5,3,MONOTONIC_WRITES,normal,netem delay 25ms 25ms,ONE,6,cassandra1,cassandra1,6,False,True,
135,1,1,MONOTONIC_WRITES,normal,netem delay 25ms 25ms,ONE,2,cassandra1,cassandra2,1,True,True,
135,1,2,MONOTONIC_WRITES,normal,netem delay 25ms 25ms,ONE,2,cassandra1,cassandra2,2,False,True,
135,1,3,MONOTONIC_WRITES,normal,netem delay 25ms 25ms,ONE,2,cassandra1,cassandra2,2,False,True,
135,2,1,MONOTONIC_WRITES,normal,netem delay 25ms 25ms,ONE,3,cassandra1,cassandra2,3,False,True,
135,2,2,MONOTONIC_WRITES,normal,netem delay 25ms 25ms,ONE,3,cassandra1,cassandra1,3,False,True,
135,2,3,MONOTONIC_WRITES,normal,netem delay 25ms 25ms,ONE,3,cassandra1,cassandra1,3,False,True,
135,3,1,MONOTONIC_WRITES,normal,netem delay 25ms 25ms,ONE,4,cassandra3,cassandra1,4,False,True,
135,3,2,MONOTONIC_WRITES,normal,netem delay 25ms 25ms,ONE,4,cassandra3,cassandra3,4,False,True,
135,3,3,MONOTONIC_WRITES,normal,netem delay 25ms 25ms,ONE,4,cassandra3,cassandra1,4,False,True,
135,4,1,MONOTONIC_WRITES,normal,netem delay 25ms 25ms,ONE,5,cassandra3,cassandra2,5,False,True,
135,4,2,MONOTONIC_WRITES,normal,netem delay 25ms 25ms,ONE,5,cassandra3,cassandra2,5,False,True,
135,4,3,MONOTONIC_WRITES,normal,netem delay 25ms 25ms,ONE,5,cassandra3,cassandra2,5,False,True,
135,5,1,MONOTONIC_WRITES,normal,netem delay 25ms 25ms,ONE,6,cassandra3,cassandra3,6,False,True,
135,5,2,MONOTONIC_WRITES,normal,netem delay 25ms 25ms,ONE,6,cassandra3,cassandra1,6,False,True,
135,5,3,MONOTONIC_WRITES,normal,netem delay 25ms 25ms,ONE,6,cassandra3,cassandra2,6,False,True,
136,1,1,MONOTONIC_WRITES,normal,netem delay 25ms 25ms,ONE,2,cassandra2,cassandra3,2,False,True,
136,1,2,MONOTONIC_WRITES,normal,netem delay 25ms 25ms,ONE,2,cassandra2,cassandra2,2,False,True,
136,1,3,MONOTONIC_WRITES,normal,netem delay 25ms 25ms,ONE,2,cassandra2,cassandra1,2,False,True,
136,2,1,MONOTONIC_WRITES,normal,netem delay 25ms 25ms,ONE,3,cassandra1,cassandra3,3,False,True,
136,2,2,MONOTONIC_WRITES,normal,netem delay 25ms 25ms,ONE,3,cassandra1,cassandra3,3,False,True,
136,2,3,MONOTONIC_WRITES,normal,netem delay 25ms 25ms,ONE,3,cassandra1,cassandra2,3,False,True,
136,3,1,MONOTONIC_WRITES,normal,netem delay 25ms 25ms,ONE,4,cassandra2,cassandra1,4,False,True,
136,3,2,MONOTONIC_WRITES,normal,netem delay 25ms 25ms,ONE,4,cassandra2,cassandra2,4,False,True,
136,3,3,MONOTONIC_WRITES,normal,netem delay 25ms 25ms,ONE,4,cassandra2,cassandra2,4,False,True,
136,4,1,MONOTONIC_WRITES,normal,netem delay 25ms 25ms,ONE,5,cassandra1,cassandra1,5,False,True,
136,4,2,MONOTONIC_WRITES,normal,netem delay 25ms 25ms,ONE,5,cassandra1,cassandra2,5,False,True,
136,4,3,MONOTONIC_WRITES,normal,netem delay 25ms 25ms,ONE,5,cassandra1,cassandra3,5,False,True,
136,5,1,MONOTONIC_WRITES,normal,netem delay 25ms 25ms,ONE,6,cassandra2,cassandra3,6,False,True,
136,5,2,MONOTONIC_WRITES,normal,netem delay 25ms 25ms,ONE,6,cassandra2,cassandra3,6,False,True,
136,5,3,MONOTONIC_WRITES,normal,netem delay 25ms 25ms,ONE,6,cassandra2,cassandra1,6,False,True,
137,1,1,MONOTONIC_WRITES,normal,netem delay 25ms 25ms,ONE,2,cassandra1,cassandra1,2,False,True,
137,1,2,MONOTONIC_WRITES,normal,netem delay 25ms 25ms,ONE,2,cassandra1,cassandra1,2,False,True,
137,1,3,MONOTONIC_WRITES,normal,netem delay 25ms 25ms,ONE,2,cassandra1,cassandra1,2,False,True,
137,2,1,MONOTONIC_WRITES,normal,netem delay 25ms 25ms,ONE,3,cassandra3,cassandra3,3,False,True,
137,2,2,MONOTONIC_WRITES,normal,netem delay 25ms 25ms,ONE,3,cassandra3,cassandra3,3,False,True,
137,2,3,MONOTONIC_WRITES,normal,netem delay 25ms 25ms,ONE,3,cassandra3,cassandra2,3,False,True,
137,3,1,MONOTONIC_WRITES,normal,netem delay 25ms 25ms,ONE,4,cassandra2,cassandra2,4,False,True,
137,3,2,MONOTONIC_WRITES,normal,netem delay 25ms 25ms,ONE,4,cassandra2,cassandra1,4,False,True,
137,3,3,MONOTONIC_WRITES,normal,netem delay 25ms 25ms,ONE,4,cassandra2,cassandra3,4,False,True,
137,4,1,MONOTONIC_WRITES,normal,netem delay 25ms 25ms,ONE,5,cassandra2,cassandra1,5,False,True,
137,4,2,MONOTONIC_WRITES,normal,netem delay 25ms 25ms,ONE,5,cassandra2,cassandra3,5,False,True,
137,4,3,MONOTONIC_WRITES,normal,netem delay 25ms 25ms,ONE,5,cassandra2,cassandra1,5,False,True,
137,5,1,MONOTONIC_WRITES,normal,netem delay 25ms 25ms,ONE,6,cassandra2,cassandra2,6,False,True,
137,5,2,MONOTONIC_WRITES,normal,netem delay 25ms 25ms,ONE,6,cassandra2,cassandra2,6,False,True,
137,5,3,MONOTONIC_WRITES,normal,netem delay 25ms 25ms,ONE,6,cassandra2,cassandra1,6,False,True,
138,1,1,MONOTONIC_WRITES,normal,netem delay 25ms 25ms,ONE,2,cassandra3,cassandra1,2,False,True,
138,1,2,MONOTONIC_WRITES,normal,netem delay 25ms 25ms,ONE,2,cassandra3,cassandra3,2,False,True,
138,1,3,MONOTONIC_WRITES,normal,netem delay 25ms 25ms,ONE,2,cassandra3,cassandra2,2,False,True,
138,2,1,MONOTONIC_WRITES,normal,netem delay 25ms 25ms,ONE,3,cassandra2,cassandra1,3,False,True,
138,2,2,MONOTONIC_WRITES,normal,netem delay 25ms 25ms,ONE,3,cassandra2,cassandra1,3,False,True,
138,2,3,MONOTONIC_WRITES,normal,netem delay 25ms 25ms,ONE,3,cassandra2,cassandra2,3,False,True,
138,3,1,MONOTONIC_WRITES,normal,netem delay 25ms 25ms,ONE,4,cassandra2,cassandra2,4,False,True,
138,3,2,MONOTONIC_WRITES,normal,netem delay 25ms 25ms,ONE,4,cassandra2,cassandra3,4,False,True,
138,3,3,MONOTONIC_WRITES,normal,netem delay 25ms 25ms,ONE,4,cassandra2,cassandra3,4,False,True,
138,4,1,MONOTONIC_WRITES,normal,netem delay 25ms 25ms,ONE,5,cassandra2,cassandra2,5,False,True,
138,4,2,MONOTONIC_WRITES,normal,netem delay 25ms 25ms,ONE,5,cassandra2,cassandra3,5,False,True,
138,4,3,MONOTONIC_WRITES,normal,netem delay 25ms 25ms,ONE,5,cassandra2,cassandra2,5,False,True,
138,5,1,MONOTONIC_WRITES,normal,netem delay 25ms 25ms,ONE,6,cassandra3,cassandra1,5,True,True,
138,5,2,MONOTONIC_WRITES,normal,netem delay 25ms 25ms,ONE,6,cassandra3,cassandra2,6,False,True,
138,5,3,MONOTONIC_WRITES,normal,netem delay 25ms 25ms,ONE,6,cassandra3,cassandra2,6,False,True,
139,1,1,MONOTONIC_WRITES,normal,netem delay 25ms 25ms,ONE,2,cassandra3,cassandra2,2,False,True,
139,1,2,MONOTONIC_WRITES,normal,netem delay 25ms 25ms,ONE,2,cassandra3,cassandra2,2,False,True,
139,1,3,MONOTONIC_WRITES,normal,netem delay 25ms 25ms,ONE,2,cassandra3,cassandra3,2,False,True,
139,2,1,MONOTONIC_WRITES,normal,netem delay 25ms 25ms,ONE,3,cassandra1,cassandra1,3,False,True,
139,2,2,MONOTONIC_WRITES,normal,netem delay 25ms 25ms,ONE,3,cassandra1,cassandra1,3,False,True,
139,2,3,MONOTONIC_WRITES,normal,netem delay 25ms 25ms,ONE,3,cassandra1,cassandra3,3,False,True,
139,3,1,MONOTONIC_WRITES,normal,netem delay 25ms 25ms,ONE,4,cassandra3,cassandra3,4,False,True,
139,3,2,MONOTONIC_WRITES,normal,netem delay 25ms 25ms,ONE,4,cassandra3,cassandra2,4,False,True,
139,3,3,MONOTONIC_WRITES,normal,netem delay 25ms 25ms,ONE,4,cassandra3,cassandra3,4,False,True,
139,4,1,MONOTONIC_WRITES,normal,netem delay 25ms 25ms,ONE,5,cassandra3,cassandra2,5,False,True,
139,4,2,MONOTONIC_WRITES,normal,netem delay 25ms 25ms,ONE,5,cassandra3,cassandra2,5,False,True,
139,4,3,MONOTONIC_WRITES,normal,netem delay 25ms 25ms,ONE,5,cassandra3,cassandra1,5,False,True,
139,5,1,MONOTONIC_WRITES,normal,netem delay 25ms 25ms,ONE,6,cassandra3,cassandra1,5,True,True,
139,5,2,MONOTONIC_WRITES,normal,netem delay 25ms 25ms,ONE,6,cassandra3,cassandra3,6,False,True,
139,5,3,MONOTONIC_WRITES,normal,netem delay 25ms 25ms,ONE,6,cassandra3,cassandra2,6,False,True,
140,1,1,MONOTONIC_WRITES,normal,netem delay 25ms 25ms,ONE,2,cassandra2,cassandra2,2,False,True,
140,1,2,MONOTONIC_WRITES,normal,netem delay 25ms 25ms,ONE,2,cassandra2,cassandra3,2,False,True,
140,1,3,MONOTONIC_WRITES,normal,netem delay 25ms 25ms,ONE,2,cassandra2,cassandra2,2,False,True,
140,2,1,MONOTONIC_WRITES,normal,netem delay 25ms 25ms,ONE,3,cassandra1,cassandra2,2,True,True,
140,2,2,MONOTONIC_WRITES,normal,netem delay 25ms 25ms,ONE,3,cassandra1,cassandra3,3,False,True,
140,2,3,MONOTONIC_WRITES,normal,netem delay 25ms 25ms,ONE,3,cassandra1,cassandra3,3,False,True,
140,3,1,MONOTONIC_WRITES,normal,netem delay 25ms 25ms,ONE,4,cassandra3,cassandra3,4,False,True,
140,3,2,MONOTONIC_WRITES,normal,netem delay 25ms 25ms,ONE,4,cassandra3,cassandra1,4,False,True,
140,3,3,MONOTONIC_WRITES,normal,netem delay 25ms 25ms,ONE,4,cassandra3,cassandra3,4,False,True,
140,4,1,MONOTONIC_WRITES,normal,netem delay 25ms 25ms,ONE,5,cassandra3,cassandra2,5,False,True,
140,4,2,MONOTONIC_WRITES,normal,netem delay 25ms 25ms,ONE,5,cassandra3,cassandra3,5,False,True,
140,4,3,MONOTONIC_WRITES,normal,netem delay 25ms 25ms,ONE,5,cassandra3,cassandra1,5,False,True,
140,5,1,MONOTONIC_WRITES,normal,netem delay 25ms 25ms,ONE,6,cassandra1,cassandra1,6,False,True,
140,5,2,MONOTONIC_WRITES,normal,netem delay 25ms 25ms,ONE,6,cassandra1,cassandra2,6,False,True,
140,5,3,MONOTONIC_WRITES,normal,netem delay 25ms 25ms,ONE,6,cassandra1,cassandra3,6,False,True,
141,1,1,MONOTONIC_WRITES,normal,netem delay 25ms 25ms,ONE,2,cassandra3,cassandra2,2,False,True,
141,1,2,MONOTONIC_WRITES,normal,netem delay 25ms 25ms,ONE,2,cassandra3,cassandra2,2,False,True,
141,1,3,MONOTONIC_WRITES,normal,netem delay 25ms 25ms,ONE,2,cassandra3,cassandra2,2,False,True,
141,2,1,MONOTONIC_WRITES,normal,netem delay 25ms 25ms,ONE,3,cassandra1,cassandra3,2,True,True,
141,2,2,MONOTONIC_WRITES,normal,netem delay 25ms 25ms,ONE,3,cassandra1,cassandra2,3,False,True,
141,2,3,MONOTONIC_WRITES,normal,netem delay 25ms 25ms,ONE,3,cassandra1,cassandra1,3,False,True,
141,3,1,MONOTONIC_WRITES,normal,netem delay 25ms 25ms,ONE,4,cassandra3,cassandra1,4,False,True,
141,3,2,MONOTONIC_WRITES,normal,netem delay 25ms 25ms,ONE,4,cassandra3,cassandra3,4,False,True,
141,3,3,MONOTONIC_WRITES,normal,netem delay 25ms 25ms,ONE,4,cassandra3,cassandra2,4,False,True,
141,4,1,MONOTONIC_WRITES,normal,netem delay 25ms 25ms,ONE,5,cassandra3,cassandra1,5,False,True,
141,4,2,MONOTONIC_WRITES,normal,netem delay 25ms 25ms,ONE,5,cassandra3,cassandra3,5,False,True,
141,4,3,MONOTONIC_WRITES,normal,netem delay 25ms 25ms,ONE,5,cassandra3,cassandra3,5,False,True,
141,5,1,MONOTONIC_WRITES,normal,netem delay 25ms 25ms,ONE,6,cassandra3,cassandra3,6,False,True,
141,5,2,MONOTONIC_WRITES,normal,netem delay 25ms 25ms,ONE,6,cassandra3,cassandra3,6,False,True,
141,5,3,MONOTONIC_WRITES,normal,netem delay 25ms 25ms,ONE,6,cassandra3,cassandra1,6,False,True,
142,1,1,MONOTONIC_WRITES,normal,netem delay 25ms 25ms,ONE,2,cassandra2,cassandra3,2,False,True,
142,1,2,MONOTONIC_WRITES,normal,netem delay 25ms 25ms,ONE,2,cassandra2,cassandra2,2,False,True,
142,1,3,MONOTONIC_WRITES,normal,netem delay 25ms 25ms,ONE,2,cassandra2,cassandra1,2,False,True,
142,2,1,MONOTONIC_WRITES,normal,netem delay 25ms 25ms,ONE,3,cassandra3,cassandra3,3,False,True,
142,2,2,MONOTONIC_WRITES,normal,netem delay 25ms 25ms,ONE,3,cassandra3,cassandra2,3,False,True,
142,2,3,MONOTONIC_WRITES,normal,netem delay 25ms 25ms,ONE,3,cassandra3,cassandra1,3,False,True,
142,3,1,MONOTONIC_WRITES,normal,netem delay 25ms 25ms,ONE,4,cassandra1,cassandra2,4,False,True,
142,3,2,MONOTONIC_WRITES,normal,netem delay 25ms 25ms,ONE,4,cassandra1,cassandra1,4,False,True,
142,3,3,MONOTONIC_WRITES,normal,netem delay 25ms 25ms,ONE,4,cassandra1,cassandra1,4,False,True,
142,4,1,MONOTONIC_WRITES,normal,netem delay 25ms 25ms,ONE,5,cassandra3,cassandra1,4,True,True,
142,4,2,MONOTONIC_WRITES,normal,netem delay 25ms 25ms,ONE,5,cassandra3,cassandra3,5,False,True,
142,4,3,MONOTONIC_WRITES,normal,netem delay 25ms 25ms,ONE,5,cassandra3,cassandra3,5,False,True,
142,5,1,MONOTONIC_WRITES,normal,netem delay 25ms 25ms,ONE,6,cassandra3,cassandra1,5,True,True,
142,5,2,MONOTONIC_WRITES,normal,netem delay 25ms 25ms,ONE,6,cassandra3,cassandra2,6,False,True,
142,5,3,MONOTONIC_WRITES,normal,netem delay 25ms 25ms,ONE,6,cassandra3,cassandra3,6,False,True,
143,1,1,MONOTONIC_WRITES,normal,netem delay 25ms 25ms,ONE,2,cassandra3,cassandra3,2,False,True,
143,1,2,MONOTONIC_WRITES,normal,netem delay 25ms 25ms,ONE,2,cassandra3,cassandra1,2,False,True,
143,1,3,MONOTONIC_WRITES,normal,netem delay 25ms 25ms,ONE,2,cassandra3,cassandra3,2,False,True,
143,2,1,MONOTONIC_WRITES,normal,netem delay 25ms 25ms,ONE,3,cassandra2,cassandra1,3,False,True,
143,2,2,MONOTONIC_WRITES,normal,netem delay 25ms 25ms,ONE,3,cassandra2,cassandra3,3,False,True,
143,2,3,MONOTONIC_WRITES,normal,netem delay 25ms 25ms,ONE,3,cassandra2,cassandra2,3,False,True,
143,3,1,MONOTONIC_WRITES,normal,netem delay 25ms 25ms,ONE,4,cassandra2,cassandra1,4,False,True,
143,3,2,MONOTONIC_WRITES,normal,netem delay 25ms 25ms,ONE,4,cassandra2,cassandra1,4,False,True,
143,3,3,MONOTONIC_WRITES,normal,netem delay 25ms 25ms,ONE,4,cassandra2,cassandra3,4,False,True,
143,4,1,MONOTONIC_WRITES,normal,netem delay 25ms 25ms,ONE,5,cassandra1,cassandra2,4,True,True,
143,4,2,MONOTONIC_WRITES,normal,netem delay 25ms 25ms,ONE,5,cassandra1,cassandra2,5,False,True,
143,4,3,MONOTONIC_WRITES,normal,netem delay 25ms 25ms,ONE,5,cassandra1,cassandra2,5,False,True,
143,5,1,MONOTONIC_WRITES,normal,netem delay 25ms 25ms,ONE,6,cassandra1,cassandra1,6,False,True,
143,5,2,MONOTONIC_WRITES,normal,netem delay 25ms 25ms,ONE,6,cassandra1,cassandra3,6,False,True,
143,5,3,MONOTONIC_WRITES,normal,netem delay 25ms 25ms,ONE,6,cassandra1,cassandra1,6,False,True,
144,1,1,MONOTONIC_WRITES,normal,netem delay 25ms 25ms,ONE,2,cassandra2,cassandra1,2,False,True,
144,1,2,MONOTONIC_WRITES,normal,netem delay 25ms 25ms,ONE,2,cassandra2,cassandra2,2,False,True,
144,1,3,MONOTONIC_WRITES,normal,netem delay 25ms 25ms,ONE,2,cassandra2,cassandra3,2,False,True,
144,2,1,MONOTONIC_WRITES,normal,netem delay 25ms 25ms,ONE,3,cassandra1,cassandra2,3,False,True,
144,2,2,MONOTONIC_WRITES,normal,netem delay 25ms 25ms,ONE,3,cassandra1,cassandra2,3,False,True,
144,2,3,MONOTONIC_WRITES,normal,netem delay 25ms 25ms,ONE,3,cassandra1,cassandra1,3,False,True,
144,3,1,MONOTONIC_WRITES,normal,netem delay 25ms 25ms,ONE,4,cassandra1,cassandra1,4,False,True,
144,3,2,MONOTONIC_WRITES,normal,netem delay 25ms 25ms,ONE,4,cassandra1,cassandra3,4,False,True,
144,3,3,MONOTONIC_WRITES,normal,netem delay 25ms 25ms,ONE,4,cassandra1,cassandra2,4,False,True,
144,4,1,MONOTONIC_WRITES,normal,netem delay 25ms 25ms,ONE,5,cassandra2,cassandra3,5,False,True,
144,4,2,MONOTONIC_WRITES,normal,netem delay 25ms 25ms,ONE,5,cassandra2,cassandra3,5,False,True,
144,4,3,MONOTONIC_WRITES,normal,netem delay 25ms 25ms,ONE,5,cassandra2,cassandra1,5,False,True,
144,5,1,MONOTONIC_WRITES,normal,netem delay 25ms 25ms,ONE,6,cassandra2,cassandra3,5,True,True,
144,5,2,MONOTONIC_WRITES,normal,netem delay 25ms 25ms,ONE,6,cassandra2,cassandra1,6,False,True,
144,5,3,MONOTONIC_WRITES,normal,netem delay 25ms 25ms,ONE,6,cassandra2,cassandra1,6,False,True,
145,1,1,MONOTONIC_WRITES,normal,netem delay 25ms 25ms,ONE,2,cassandra3,cassandra2,1,True,True,
145,1,2,MONOTONIC_WRITES,normal,netem delay 25ms 25ms,ONE,2,cassandra3,cassandra3,2,False,True,
145,1,3,MONOTONIC_WRITES,normal,netem delay 25ms 25ms,ONE,2,cassandra3,cassandra2,2,False,True,
145,2,1,MONOTONIC_WRITES,normal,netem delay 25ms 25ms,ONE,3,cassandra1,cassandra1,3,False,True,
145,2,2,MONOTONIC_WRITES,normal,netem delay 25ms 25ms,ONE,3,cassandra1,cassandra3,3,False,True,
145,2,3,MONOTONIC_WRITES,normal,netem delay 25ms 25ms,ONE,3,cassandra1,cassandra2,3,False,True,
145,3,1,MONOTONIC_WRITES,normal,netem delay 25ms 25ms,ONE,4,cassandra2,cassandra1,4,False,True,
145,3,2,MONOTONIC_WRITES,normal,netem delay 25ms 25ms,ONE,4,cassandra2,cassandra1,4,False,True,
145,3,3,MONOTONIC_WRITES,normal,netem delay 25ms 25ms,ONE,4,cassandra2,cassandra2,4,False,True,
145,4,1,MONOTONIC_WRITES,normal,netem delay 25ms 25ms,ONE,5,cassandra1,cassandra1,5,False,True,
145,4,2,MONOTONIC_WRITES,normal,netem delay 25ms 25ms,ONE,5,cassandra1,cassandra3,4,True,True,
145,4,3,MONOTONIC_WRITES,normal,netem delay 25ms 25ms,ONE,5,cassandra1,cassandra2,5,False,True,
145,5,1,MONOTONIC_WRITES,normal,netem delay 25ms 25ms,ONE,6,cassandra2,cassandra1,6,False,True,
145,5,2,MONOTONIC_WRITES,normal,netem delay 25ms 25ms,ONE,6,cassandra2,cassandra2,6,False,True,
145,5,3,MONOTONIC_WRITES,normal,netem delay 25ms 25ms,ONE,6,cassandra2,cassandra1,6,False,True,
146,1,1,MONOTONIC_WRITES,normal,netem delay 25ms 25ms,ONE,2,cassandra2,cassandra2,2,False,True,
146,1,2,MONOTONIC_WRITES,normal,netem delay 25ms 25ms,ONE,2,cassandra2,cassandra1,2,False,True,
146,1,3,MONOTONIC_WRITES,normal,netem delay 25ms 25ms,ONE,2,cassandra2,cassandra2,2,False,True,
146,2,1,MONOTONIC_WRITES,normal,netem delay 25ms 25ms,ONE,3,cassandra1,cassandra2,3,False,True,
146,2,2,MONOTONIC_WRITES,normal,netem delay 25ms 25ms,ONE,3,cassandra1,cassandra1,3,False,True,
146,2,3,MONOTONIC_WRITES,normal,netem delay 25ms 25ms,ONE,3,cassandra1,cassandra3,3,False,True,
146,3,1,MONOTONIC_WRITES,normal,netem delay 25ms 25ms,ONE,4,cassandra1,cassandra1,4,False,True,
146,3,2,MONOTONIC_WRITES,normal,netem delay 25ms 25ms,ONE,4,cassandra1,cassandra2,4,False,True,
146,3,3,MONOTONIC_WRITES,normal,netem delay 25ms 25ms,ONE,4,cassandra1,cassandra2,4,False,True,
146,4,1,MONOTONIC_WRITES,normal,netem delay 25ms 25ms,ONE,5,cassandra3,cassandra3,5,False,True,
146,4,2,MONOTONIC_WRITES,normal,netem delay 25ms 25ms,ONE,5,cassandra3,cassandra1,5,False,True,
146,4,3,MONOTONIC_WRITES,normal,netem delay 25ms 25ms,ONE,5,cassandra3,cassandra2,5,False,True,
146,5,1,MONOTONIC_WRITES,normal,netem delay 25ms 25ms,ONE,6,cassandra2,cassandra1,6,False,True,
146,5,2,MONOTONIC_WRITES,normal,netem delay 25ms 25ms,ONE,6,cassandra2,cassandra1,6,False,True,
146,5,3,MONOTONIC_WRITES,normal,netem delay 25ms 25ms,ONE,6,cassandra2,cassandra3,6,False,True,
147,1,1,MONOTONIC_WRITES,normal,netem delay 25ms 25ms,ONE,2,cassandra3,cassandra2,2,False,True,
147,1,2,MONOTONIC_WRITES,normal,netem delay 25ms 25ms,ONE,2,cassandra3,cassandra2,2,False,True,
147,1,3,MONOTONIC_WRITES,normal,netem delay 25ms 25ms,ONE,2,cassandra3,cassandra2,2,False,True,
147,2,1,MONOTONIC_WRITES,normal,netem delay 25ms 25ms,ONE,3,cassandra1,cassandra2,2,True,True,
147,2,2,MONOTONIC_WRITES,normal,netem delay 25ms 25ms,ONE,3,cassandra1,cassandra2,3,False,True,
147,2,3,MONOTONIC_WRITES,normal,netem delay 25ms 25ms,ONE,3,cassandra1,cassandra2,3,False,True,
147,3,1,MONOTONIC_WRITES,normal,netem delay 25ms 25ms,ONE,4,cassandra1,cassandra2,3,True,True,
147,3,2,MONOTONIC_WRITES,normal,netem delay 25ms 25ms,ONE,4,cassandra1,cassandra2,4,False,True,
147,3,3,MONOTONIC_WRITES,normal,netem delay 25ms 25ms,ONE,4,cassandra1,cassandra1,4,False,True,
147,4,1,MONOTONIC_WRITES,normal,netem delay 25ms 25ms,ONE,5,cassandra1,cassandra2,5,False,True,
147,4,2,MONOTONIC_WRITES,normal,netem delay 25ms 25ms,ONE,5,cassandra1,cassandra1,5,False,True,
147,4,3,MONOTONIC_WRITES,normal,netem delay 25ms 25ms,ONE,5,cassandra1,cassandra3,5,False,True,
147,5,1,MONOTONIC_WRITES,normal,netem delay 25ms 25ms,ONE,6,cassandra1,cassandra3,6,False,True,
147,5,2,MONOTONIC_WRITES,normal,netem delay 25ms 25ms,ONE,6,cassandra1,cassandra2,6,False,True,
147,5,3,MONOTONIC_WRITES,normal,netem delay 25ms 25ms,ONE,6,cassandra1,cassandra3,6,False,True,
148,1,1,MONOTONIC_WRITES,normal,netem delay 25ms 25ms,ONE,2,cassandra2,cassandra2,2,False,True,
148,1,2,MONOTONIC_WRITES,normal,netem delay 25ms 25ms,ONE,2,cassandra2,cassandra2,2,False,True,
148,1,3,MONOTONIC_WRITES,normal,netem delay 25ms 25ms,ONE,2,cassandra2,cassandra3,2,False,True,
148,2,1,MONOTONIC_WRITES,normal,netem delay 25ms 25ms,ONE,3,cassandra2,cassandra2,3,False,True,
148,2,2,MONOTONIC_WRITES,normal,netem delay 25ms 25ms,ONE,3,cassandra2,cassandra2,3,False,True,
148,2,3,MONOTONIC_WRITES,normal,netem delay 25ms 25ms,ONE,3,cassandra2,cassandra3,3,False,True,
148,3,1,MONOTONIC_WRITES,normal,netem delay 25ms 25ms,ONE,4,cassandra1,cassandra3,3,True,True,
148,3,2,MONOTONIC_WRITES,normal,netem delay 25ms 25ms,ONE,4,cassandra1,cassandra3,4,False,True,
148,3,3,MONOTONIC_WRITES,normal,netem delay 25ms 25ms,ONE,4,cassandra1,cassandra2,4,False,True,
148,4,1,MONOTONIC_WRITES,normal,netem delay 25ms 25ms,ONE,5,cassandra3,cassandra3,5,False,True,
148,4,2,MONOTONIC_WRITES,normal,netem delay 25ms 25ms,ONE,5,cassandra3,cassandra1,5,False,True,
148,4,3,MONOTONIC_WRITES,normal,netem delay 25ms 25ms,ONE,5,cassandra3,cassandra2,5,False,True,
148,5,1,MONOTONIC_WRITES,normal,netem delay 25ms 25ms,ONE,6,cassandra3,cassandra3,6,False,True,
148,5,2,MONOTONIC_WRITES,normal,netem delay 25ms 25ms,ONE,6,cassandra3,cassandra2,6,False,True,
148,5,3,MONOTONIC_WRITES,normal,netem delay 25ms 25ms,ONE,6,cassandra3,cassandra1,6,False,True,
149,1,1,MONOTONIC_WRITES,normal,netem delay 25ms 25ms,ONE,2,cassandra2,cassandra1,2,False,True,
149,1,2,MONOTONIC_WRITES,normal,netem delay 25ms 25ms,ONE,2,cassandra2,cassandra1,2,False,True,
149,1,3,MONOTONIC_WRITES,normal,netem delay 25ms 25ms,ONE,2,cassandra2,cassandra1,2,False,True,
149,2,1,MONOTONIC_WRITES,normal,netem delay 25ms 25ms,ONE,3,cassandra3,cassandra2,3,False,True,
149,2,2,MONOTONIC_WRITES,normal,netem delay 25ms 25ms,ONE,3,cassandra3,cassandra2,3,False,True,
149,2,3,MONOTONIC_WRITES,normal,netem delay 25ms 25ms,ONE,3,cassandra3,cassandra2,3,False,True,
149,3,1,MONOTONIC_WRITES,normal,netem delay 25ms 25ms,ONE,4,cassandra1,cassandra1,4,False,True,
149,3,2,MONOTONIC_WRITES,normal,netem delay 25ms 25ms,ONE,4,cassandra1,cassandra3,4,False,True,
149,3,3,MONOTONIC_WRITES,normal,netem delay 25ms 25ms,ONE,4,cassandra1,cassandra1,4,False,True,
149,4,1,MONOTONIC_WRITES,normal,netem delay 25ms 25ms,ONE,5,cassandra2,cassandra2,5,False,True,
149,4,2,MONOTONIC_WRITES,normal,netem delay 25ms 25ms,ONE,5,cassandra2,cassandra1,5,False,True,
149,4,3,MONOTONIC_WRITES,normal,netem delay 25ms 25ms,ONE,5,cassandra2,cassandra1,5,False,True,
149,5,1,MONOTONIC_WRITES,normal,netem delay 25ms 25ms,ONE,6,cassandra2,cassandra2,6,False,True,
149,5,2,MONOTONIC_WRITES,normal,netem delay 25ms 25ms,ONE,6,cassandra2,cassandra3,6,False,True,
149,5,3,MONOTONIC_WRITES,normal,netem delay 25ms 25ms,ONE,6,cassandra2,cassandra3,6,False,True,
150,1,1,MONOTONIC_WRITES,normal,netem delay 25ms 25ms,ONE,2,cassandra1,cassandra1,2,False,True,
150,1,2,MONOTONIC_WRITES,normal,netem delay 25ms 25ms,ONE,2,cassandra1,cassandra1,2,False,True,
150,1,3,MONOTONIC_WRITES,normal,netem delay 25ms 25ms,ONE,2,cassandra1,cassandra2,2,False,True,
150,2,1,MONOTONIC_WRITES,normal,netem delay 25ms 25ms,ONE,3,cassandra1,cassandra3,2,True,True,
150,2,2,MONOTONIC_WRITES,normal,netem delay 25ms 25ms,ONE,3,cassandra1,cassandra3,3,False,True,
150,2,3,MONOTONIC_WRITES,normal,netem delay 25ms 25ms,ONE,3,cassandra1,cassandra3,3,False,True,
150,3,1,MONOTONIC_WRITES,normal,netem delay 25ms 25ms,ONE,4,cassandra1,cassandra2,4,False,True,
150,3,2,MONOTONIC_WRITES,normal,netem delay 25ms 25ms,ONE,4,cassandra1,cassandra1,4,False,True,
150,3,3,MONOTONIC_WRITES,normal,netem delay 25ms 25ms,ONE,4,cassandra1,cassandra1,4,False,True,
150,4,1,MONOTONIC_WRITES,normal,netem delay 25ms 25ms,ONE,5,cassandra3,cassandra1,5,False,True,
150,4,2,MONOTONIC_WRITES,normal,netem delay 25ms 25ms,ONE,5,cassandra3,cassandra1,5,False,True,
150,4,3,MONOTONIC_WRITES,normal,netem delay 25ms 25ms,ONE,5,cassandra3,cassandra2,5,False,True,
150,5,1,MONOTONIC_WRITES,normal,netem delay 25ms 25ms,ONE,6,cassandra3,cassandra3,6,False,True,
150,5,2,MONOTONIC_WRITES,normal,netem delay 25ms 25ms,ONE,6,cassandra3,cassandra1,6,False,True,
150,5,3,MONOTONIC_WRITES,normal,netem delay 25ms 25ms,ONE,6,cassandra3,cassandra2,6,False,True,
151,1,1,MONOTONIC_WRITES,normal,netem delay 25ms 25ms,ONE,2,cassandra1,cassandra2,2,False,True,
151,1,2,MONOTONIC_WRITES,normal,netem delay 25ms 25ms,ONE,2,cassandra1,cassandra2,2,False,True,
151,1,3,MONOTONIC_WRITES,normal,netem delay 25ms 25ms,ONE,2,cassandra1,cassandra3,2,False,True,
151,2,1,MONOTONIC_WRITES,normal,netem delay 25ms 25ms,ONE,3,cassandra3,cassandra1,2,True,True,
151,2,2,MONOTONIC_WRITES,normal,netem delay 25ms 25ms,ONE,3,cassandra3,cassandra3,3,False,True,
151,2,3,MONOTONIC_WRITES,normal,netem delay 25ms 25ms,ONE,3,cassandra3,cassandra2,3,False,True,
151,3,1,MONOTONIC_WRITES,normal,netem delay 25ms 25ms,ONE,4,cassandra2,cassandra2,4,False,True,
151,3,2,MONOTONIC_WRITES,normal,netem delay 25ms 25ms,ONE,4,cassandra2,cassandra3,4,False,True,
151,3,3,MONOTONIC_WRITES,normal,netem delay 25ms 25ms,ONE,4,cassandra2,cassandra3,4,False,True,
151,4,1,MONOTONIC_WRITES,normal,netem delay 25ms 25ms,ONE,5,cassandra2,cassandra3,5,False,True,
151,4,2,MONOTONIC_WRITES,normal,netem delay 25ms 25ms,ONE,5,cassandra2,cassandra2,5,False,True,
151,4,3,MONOTONIC_WRITES,normal,netem delay 25ms 25ms,ONE,5,cassandra2,cassandra1,5,False,True,
151,5,1,MONOTONIC_WRITES,normal,netem delay 25ms 25ms,ONE,6,cassandra2,cassandra2,6,False,True,
151,5,2,MONOTONIC_WRITES,normal,netem delay 25ms 25ms,ONE,6,cassandra2,cassandra2,6,False,True,
151,5,3,MONOTONIC_WRITES,normal,netem delay 25ms 25ms,ONE,6,cassandra2,cassandra1,6,False,True,
152,1,1,MONOTONIC_WRITES,normal,netem delay 25ms 25ms,ONE,2,cassandra3,cassandra2,1,True,True,
152,1,2,MONOTONIC_WRITES,normal,netem delay 25ms 25ms,ONE,2,cassandra3,cassandra1,2,False,True,
152,1,3,MONOTONIC_WRITES,normal,netem delay 25ms 25ms,ONE,2,cassandra3,cassandra1,2,False,True,
152,2,1,MONOTONIC_WRITES,normal,netem delay 25ms 25ms,ONE,3,cassandra3,cassandra2,3,False,True,
152,2,2,MONOTONIC_WRITES,normal,netem delay 25ms 25ms,ONE,3,cassandra3,cassandra2,3,False,True,
152,2,3,MONOTONIC_WRITES,normal,netem delay 25ms 25ms,ONE,3,cassandra3,cassandra3,3,False,True,
152,3,1,MONOTONIC_WRITES,normal,netem delay 25ms 25ms,ONE,4,cassandra3,cassandra1,4,False,True,
152,3,2,MONOTONIC_WRITES,normal,netem delay 25ms 25ms,ONE,4,cassandra3,cassandra2,4,False,True,
152,3,3,MONOTONIC_WRITES,normal,netem delay 25ms 25ms,ONE,4,cassandra3,cassandra3,4,False,True,
152,4,1,MONOTONIC_WRITES,normal,netem delay 25ms 25ms,ONE,5,cassandra1,cassandra2,5,False,True,
152,4,2,MONOTONIC_WRITES,normal,netem delay 25ms 25ms,ONE,5,cassandra1,cassandra2,5,False,True,
152,4,3,MONOTONIC_WRITES,normal,netem delay 25ms 25ms,ONE,5,cassandra1,cassandra3,5,False,True,
152,5,1,MONOTONIC_WRITES,normal,netem delay 25ms 25ms,ONE,6,cassandra3,cassandra3,6,False,True,
152,5,2,MONOTONIC_WRITES,normal,netem delay 25ms 25ms,ONE,6,cassandra3,cassandra3,6,False,True,
152,5,3,MONOTONIC_WRITES,normal,netem delay 25ms 25ms,ONE,6,cassandra3,cassandra2,6,False,True,
153,1,1,MONOTONIC_WRITES,normal,netem delay 25ms 25ms,ONE,2,cassandra2,cassandra2,2,False,True,
153,1,2,MONOTONIC_WRITES,normal,netem delay 25ms 25ms,ONE,2,cassandra2,cassandra1,2,False,True,
153,1,3,MONOTONIC_WRITES,normal,netem delay 25ms 25ms,ONE,2,cassandra2,cassandra2,2,False,True,
153,2,1,MONOTONIC_WRITES,normal,netem delay 25ms 25ms,ONE,3,cassandra2,cassandra2,3,False,True,
153,2,2,MONOTONIC_WRITES,normal,netem delay 25ms 25ms,ONE,3,cassandra2,cassandra2,3,False,True,
153,2,3,MONOTONIC_WRITES,normal,netem delay 25ms 25ms,ONE,3,cassandra2,cassandra2,3,False,True,
153,3,1,MONOTONIC_WRITES,normal,netem delay 25ms 25ms,ONE,4,cassandra2,cassandra3,4,False,True,
153,3,2,MONOTONIC_WRITES,normal,netem delay 25ms 25ms,ONE,4,cassandra2,cassandra2,4,False,True,
153,3,3,MONOTONIC_WRITES,normal,netem delay 25ms 25ms,ONE,4,cassandra2,cassandra2,4,False,True,
153,4,1,MONOTONIC_WRITES,normal,netem delay 25ms 25ms,ONE,5,cassandra2,cassandra1,4,True,True,
153,4,2,MONOTONIC_WRITES,normal,netem delay 25ms 25ms,ONE,5,cassandra2,cassandra3,5,False,True,
153,4,3,MONOTONIC_WRITES,normal,netem delay 25ms 25ms,ONE,5,cassandra2,cassandra3,5,False,True,
153,5,1,MONOTONIC_WRITES,normal,netem delay 25ms 25ms,ONE,6,cassandra2,cassandra3,6,False,True,
153,5,2,MONOTONIC_WRITES,normal,netem delay 25ms 25ms,ONE,6,cassandra2,cassandra2,6,False,True,
153,5,3,MONOTONIC_WRITES,normal,netem delay 25ms 25ms,ONE,6,cassandra2,cassandra1,6,False,True,
154,1,1,MONOTONIC_WRITES,normal,netem delay 25ms 25ms,ONE,2,cassandra2,cassandra1,1,True,True,
154,1,2,MONOTONIC_WRITES,normal,netem delay 25ms 25ms,ONE,2,cassandra2,cassandra2,2,False,True,
154,1,3,MONOTONIC_WRITES,normal,netem delay 25ms 25ms,ONE,2,cassandra2,cassandra3,2,False,True,
154,2,1,MONOTONIC_WRITES,normal,netem delay 25ms 25ms,ONE,3,cassandra3,cassandra3,3,False,True,
154,2,2,MONOTONIC_WRITES,normal,netem delay 25ms 25ms,ONE,3,cassandra3,cassandra2,3,False,True,
154,2,3,MONOTONIC_WRITES,normal,netem delay 25ms 25ms,ONE,3,cassandra3,cassandra1,3,False,True,
154,3,1,MONOTONIC_WRITES,normal,netem delay 25ms 25ms,ONE,4,cassandra1,cassandra2,4,False,True,
154,3,2,MONOTONIC_WRITES,normal,netem delay 25ms 25ms,ONE,4,cassandra1,cassandra2,4,False,True,
154,3,3,MONOTONIC_WRITES,normal,netem delay 25ms 25ms,ONE,4,cassandra1,cassandra2,4,False,True,
154,4,1,MONOTONIC_WRITES,normal,netem delay 25ms 25ms,ONE,5,cassandra1,cassandra3,4,True,True,
154,4,2,MONOTONIC_WRITES,normal,netem delay 25ms 25ms,ONE,5,cassandra1,cassandra2,5,False,True,
154,4,3,MONOTONIC_WRITES,normal,netem delay 25ms 25ms,ONE,5,cassandra1,cassandra1,5,False,True,
154,5,1,MONOTONIC_WRITES,normal,netem delay 25ms 25ms,ONE,6,cassandra2,cassandra1,6,False,True,
154,5,2,MONOTONIC_WRITES,normal,netem delay 25ms 25ms,ONE,6,cassandra2,cassandra1,6,False,True,
154,5,3,MONOTONIC_WRITES,normal,netem delay 25ms 25ms,ONE,6,cassandra2,cassandra3,6,False,True,
155,1,1,MONOTONIC_WRITES,normal,netem delay 25ms 25ms,ONE,2,cassandra1,cassandra1,2,False,True,
155,1,2,MONOTONIC_WRITES,normal,netem delay 25ms 25ms,ONE,2,cassandra1,cassandra1,2,False,True,
155,1,3,MONOTONIC_WRITES,normal,netem delay 25ms 25ms,ONE,2,cassandra1,cassandra3,2,False,True,
155,2,1,MONOTONIC_WRITES,normal,netem delay 25ms 25ms,ONE,3,cassandra1,cassandra2,3,False,True,
155,2,2,MONOTONIC_WRITES,normal,netem delay 25ms 25ms,ONE,3,cassandra1,cassandra2,3,False,True,
155,2,3,MONOTONIC_WRITES,normal,netem delay 25ms 25ms,ONE,3,cassandra1,cassandra3,3,False,True,
155,3,1,MONOTONIC_WRITES,normal,netem delay 25ms 25ms,ONE,4,cassandra2,cassandra1,4,False,True,
155,3,2,MONOTONIC_WRITES,normal,netem delay 25ms 25ms,ONE,4,cassandra2,cassandra1,4,False,True,
155,3,3,MONOTONIC_WRITES,normal,netem delay 25ms 25ms,ONE,4,cassandra2,cassandra1,4,False,True,
155,4,1,MONOTONIC_WRITES,normal,netem delay 25ms 25ms,ONE,5,cassandra3,cassandra2,5,False,True,
155,4,2,MONOTONIC_WRITES,normal,netem delay 25ms 25ms,ONE,5,cassandra3,cassandra1,5,False,True,
155,4,3,MONOTONIC_WRITES,normal,netem delay 25ms 25ms,ONE,5,cassandra3,cassandra1,5,False,True,
155,5,1,MONOTONIC_WRITES,normal,netem delay 25ms 25ms,ONE,6,cassandra2,cassandra3,5,True,True,
155,5,2,MONOTONIC_WRITES,normal,netem delay 25ms 25ms,ONE,6,cassandra2,cassandra3,6,False,True,
155,5,3,MONOTONIC_WRITES,normal,netem delay 25ms 25ms,ONE,6,cassandra2,cassandra2,6,False,True,
156,1,1,MONOTONIC_WRITES,normal,netem delay 25ms 25ms,ONE,2,cassandra1,cassandra2,2,False,True,
156,1,2,MONOTONIC_WRITES,normal,netem delay 25ms 25ms,ONE,2,cassandra1,cassandra3,2,False,True,
156,1,3,MONOTONIC_WRITES,normal,netem delay 25ms 25ms,ONE,2,cassandra1,cassandra2,2,False,True,
156,2,1,MONOTONIC_WRITES,normal,netem delay 25ms 25ms,ONE,3,cassandra3,cassandra3,3,False,True,
156,2,2,MONOTONIC_WRITES,normal,netem delay 25ms 25ms,ONE,3,cassandra3,cassandra3,3,False,True,
156,2,3,MONOTONIC_WRITES,normal,netem delay 25ms 25ms,ONE,3,cassandra3,cassandra3,3,False,True,
156,3,1,MONOTONIC_WRITES,normal,netem delay 25ms 25ms,ONE,4,cassandra3,cassandra3,4,False,True,
156,3,2,MONOTONIC_WRITES,normal,netem delay 25ms 25ms,ONE,4,cassandra3,cassandra2,4,False,True,
156,3,3,MONOTONIC_WRITES,normal,netem delay 25ms 25ms,ONE,4,cassandra3,cassandra1,4,False,True,
156,4,1,MONOTONIC_WRITES,normal,netem delay 25ms 25ms,ONE,5,cassandra3,cassandra3,5,False,True,
156,4,2,MONOTONIC_WRITES,normal,netem delay 25ms 25ms,ONE,5,cassandra3,cassandra2,5,False,True,
156,4,3,MONOTONIC_WRITES,normal,netem delay 25ms 25ms,ONE,5,cassandra3,cassandra3,5,False,True,
156,5,1,MONOTONIC_WRITES,normal,netem delay 25ms 25ms,ONE,6,cassandra2,cassandra2,6,False,True,
156,5,2,MONOTONIC_WRITES,normal,netem delay 25ms 25ms,ONE,6,cassandra2,cassandra1,6,False,True,
156,5,3,MONOTONIC_WRITES,normal,netem delay 25ms 25ms,ONE,6,cassandra2,cassandra1,6,False,True,
157,1,1,MONOTONIC_WRITES,normal,netem delay 25ms 25ms,ONE,2,cassandra2,cassandra2,2,False,True,
157,1,2,MONOTONIC_WRITES,normal,netem delay 25ms 25ms,ONE,2,cassandra2,cassandra3,2,False,True,
157,1,3,MONOTONIC_WRITES,normal,netem delay 25ms 25ms,ONE,2,cassandra2,cassandra2,2,False,True,
157,2,1,MONOTONIC_WRITES,normal,netem delay 25ms 25ms,ONE,3,cassandra2,cassandra1,2,True,True,
157,2,2,MONOTONIC_WRITES,normal,netem delay 25ms 25ms,ONE,3,cassandra2,cassandra2,3,False,True,
157,2,3,MONOTONIC_WRITES,normal,netem delay 25ms 25ms,ONE,3,cassandra2,cassandra1,3,False,True,
157,3,1,MONOTONIC_WRITES,normal,netem delay 25ms 25ms,ONE,4,cassandra1,cassandra1,4,False,True,
157,3,2,MONOTONIC_WRITES,normal,netem delay 25ms 25ms,ONE,4,cassandra1,cassandra2,4,False,True,
157,3,3,MONOTONIC_WRITES,normal,netem delay 25ms 25ms,ONE,4,cassandra1,cassandra3,4,False,True,
157,4,1,MONOTONIC_WRITES,normal,netem delay 25ms 25ms,ONE,5,cassandra2,cassandra1,5,False,True,
157,4,2,MONOTONIC_WRITES,normal,netem delay 25ms 25ms,ONE,5,cassandra2,cassandra1,5,False,True,
157,4,3,MONOTONIC_WRITES,normal,netem delay 25ms 25ms,ONE,5,cassandra2,cassandra3,5,False,True,
157,5,1,MONOTONIC_WRITES,normal,netem delay 25ms 25ms,ONE,6,cassandra3,cassandra1,6,False,True,
157,5,2,MONOTONIC_WRITES,normal,netem delay 25ms 25ms,ONE,6,cassandra3,cassandra1,6,False,True,
157,5,3,MONOTONIC_WRITES,normal,netem delay 25ms 25ms,ONE,6,cassandra3,cassandra1,6,False,True,
158,1,1,MONOTONIC_WRITES,normal,netem delay 25ms 25ms,ONE,2,cassandra3,cassandra1,2,False,True,
158,1,2,MONOTONIC_WRITES,normal,netem delay 25ms 25ms,ONE,2,cassandra3,cassandra2,2,False,True,
158,1,3,MONOTONIC_WRITES,normal,netem delay 25ms 25ms,ONE,2,cassandra3,cassandra2,2,False,True,
158,2,1,MONOTONIC_WRITES,normal,netem delay 25ms 25ms,ONE,3,cassandra1,cassandra3,2,True,True,
158,2,2,MONOTONIC_WRITES,normal,netem delay 25ms 25ms,ONE,3,cassandra1,cassandra2,3,False,True,
158,2,3,MONOTONIC_WRITES,normal,netem delay 25ms 25ms,ONE,3,cassandra1,cassandra1,3,False,True,
158,3,1,MONOTONIC_WRITES,normal,netem delay 25ms 25ms,ONE,4,cassandra3,cassandra1,3,True,True,
158,3,2,MONOTONIC_WRITES,normal,netem delay 25ms 25ms,ONE,4,cassandra3,cassandra1,4,False,True,
158,3,3,MONOTONIC_WRITES,normal,netem delay 25ms 25ms,ONE,4,cassandra3,cassandra3,4,False,True,
158,4,1,MONOTONIC_WRITES,normal,netem delay 25ms 25ms,ONE,5,cassandra1,cassandra1,5,False,True,
158,4,2,MONOTONIC_WRITES,normal,netem delay 25ms 25ms,ONE,5,cassandra1,cassandra3,5,False,True,
158,4,3,MONOTONIC_WRITES,normal,netem delay 25ms 25ms,ONE,5,cassandra1,cassandra2,5,False,True,
158,5,1,MONOTONIC_WRITES,normal,netem delay 25ms 25ms,ONE,6,cassandra3,cassandra2,5,True,True,
158,5,2,MONOTONIC_WRITES,normal,netem delay 25ms 25ms,ONE,6,cassandra3,cassandra2,6,False,True,
158,5,3,MONOTONIC_WRITES,normal,netem delay 25ms 25ms,ONE,6,cassandra3,cassandra3,6,False,True,
159,1,1,MONOTONIC_WRITES,normal,netem delay 25ms 25ms,ONE,2,cassandra2,cassandra1,2,False,True,
159,1,2,MONOTONIC_WRITES,normal,netem delay 25ms 25ms,ONE,2,cassandra2,cassandra1,2,False,True,
159,1,3,MONOTONIC_WRITES,normal,netem delay 25ms 25ms,ONE,2,cassandra2,cassandra3,2,False,True,
159,2,1,MONOTONIC_WRITES,normal,netem delay 25ms 25ms,ONE,3,cassandra3,cassandra2,3,False,True,
159,2,2,MONOTONIC_WRITES,normal,netem delay 25ms 25ms,ONE,3,cassandra3,cassandra3,3,False,True,
159,2,3,MONOTONIC_WRITES,normal,netem delay 25ms 25ms,ONE,3,cassandra3,cassandra1,3,False,True,
159,3,1,MONOTONIC_WRITES,normal,netem delay 25ms 25ms,ONE,4,cassandra1,cassandra1,4,False,True,
159,3,2,MONOTONIC_WRITES,normal,netem delay 25ms 25ms,ONE,4,cassandra1,cassandra1,4,False,True,
159,3,3,MONOTONIC_WRITES,normal,netem delay 25ms 25ms,ONE,4,cassandra1,cassandra3,4,False,True,
159,4,1,MONOTONIC_WRITES,normal,netem delay 25ms 25ms,ONE,5,cassandra2,cassandra1,4,True,True,
159,4,2,MONOTONIC_WRITES,normal,netem delay 25ms 25ms,ONE,5,cassandra2,cassandra3,5,False,True,
159,4,3,MONOTONIC_WRITES,normal,netem delay 25ms 25ms,ONE,5,cassandra2,cassandra2,5,False,True,
159,5,1,MONOTONIC_WRITES,normal,netem delay 25ms 25ms,ONE,6,cassandra2,cassandra2,6,False,True,
159,5,2,MONOTONIC_WRITES,normal,netem delay 25ms 25ms,ONE,6,cassandra2,cassandra3,6,False,True,
159,5,3,MONOTONIC_WRITES,normal,netem delay 25ms 25ms,ONE,6,cassandra2,cassandra3,6,False,True,
160,1,1,MONOTONIC_WRITES,normal,netem delay 25ms 25ms,ONE,2,cassandra3,cassandra2,2,False,True,
160,1,2,MONOTONIC_WRITES,normal,netem delay 25ms 25ms,ONE,2,cassandra3,cassandra3,2,False,True,
160,1,3,MONOTONIC_WRITES,normal,netem delay 25ms 25ms,ONE,2,cassandra3,cassandra1,2,False,True,
160,2,1,MONOTONIC_WRITES,normal,netem delay 25ms 25ms,ONE,3,cassandra2,cassandra3,3,False,True,
160,2,2,MONOTONIC_WRITES,normal,netem delay 25ms 25ms,ONE,3,cassandra2,cassandra3,3,False,True,
160,2,3,MONOTONIC_WRITES,normal,netem delay 25ms 25ms,ONE,3,cassandra2,cassandra3,3,False,True,
160,3,1,MONOTONIC_WRITES,normal,netem delay 25ms 25ms,ONE,4,cassandra2,cassandra1,3,True,True,
160,3,2,MONOTONIC_WRITES,normal,netem delay 25ms 25ms,ONE,4,cassandra2,cassandra2,4,False,True,
160,3,3,MONOTONIC_WRITES,normal,netem delay 25ms 25ms,ONE,4,cassandra2,cassandra3,4,False,True,
160,4,1,MONOTONIC_WRITES,normal,netem delay 25ms 25ms,ONE,5,cassandra1,cassandra3,5,False,True,
160,4,2,MONOTONIC_WRITES,normal,netem delay 25ms 25ms,ONE,5,cassandra1,cassandra3,5,False,True,
160,4,3,MONOTONIC_WRITES,normal,netem delay 25ms 25ms,ONE,5,cassandra1,cassandra1,5,False,True,
160,5,1,MONOTONIC_WRITES,normal,netem delay 25ms 25ms,ONE,6,cassandra3,cassandra2,5,True,True,
160,5,2,MONOTONIC_WRITES,normal,netem delay 25ms 25ms,ONE,6,cassandra3,cassandra2,6,False,True,
160,5,3,MONOTONIC_WRITES,normal,netem delay 25ms 25ms,ONE,6,cassandra3,cassandra1,6,False,True,
161,1,1,MONOTONIC_WRITES,normal,netem delay 25ms 25ms,ONE,2,cassandra3,cassandra2,2,False,True,
161,1,2,MONOTONIC_WRITES,normal,netem delay 25ms 25ms,ONE,2,cassandra3,cassandra3,2,False,True,
161,1,3,MONOTONIC_WRITES,normal,netem delay 25ms 25ms,ONE,2,cassandra3,cassandra2,2,False,True,
161,2,1,MONOTONIC_WRITES,normal,netem delay 25ms 25ms,ONE,3,cassandra1,cassandra1,3,False,True,
161,2,2,MONOTONIC_WRITES,normal,netem delay 25ms 25ms,ONE,3,cassandra1,cassandra2,3,False,True,
161,2,3,MONOTONIC_WRITES,normal,netem delay 25ms 25ms,ONE,3,cassandra1,cassandra3,3,False,True,
161,3,1,MONOTONIC_WRITES,normal,netem delay 25ms 25ms,ONE,4,cassandra1,cassandra2,4,False,True,
161,3,2,MONOTONIC_WRITES,normal,netem delay 25ms 25ms,ONE,4,cassandra1,cassandra3,4,False,True,
161,3,3,MONOTONIC_WRITES,normal,netem delay 25ms 25ms,ONE,4,cassandra1,cassandra1,4,False,True,
161,4,1,MONOTONIC_WRITES,normal,netem delay 25ms 25ms,ONE,5,cassandra3,cassandra3,5,False,True,
161,4,2,MONOTONIC_WRITES,normal,netem delay 25ms 25ms,ONE,5,cassandra3,cassandra1,5,False,True,
161,4,3,MONOTONIC_WRITES,normal,netem delay 25ms 25ms,ONE,5,cassandra3,cassandra3,5,False,True,
161,5,1,MONOTONIC_WRITES,normal,netem delay 25ms 25ms,ONE,6,cassandra3,cassandra1,6,False,True,
161,5,2,MONOTONIC_WRITES,normal,netem delay 25ms 25ms,ONE,6,cassandra3,cassandra1,6,False,True,
161,5,3,MONOTONIC_WRITES,normal,netem delay 25ms 25ms,ONE,6,cassandra3,cassandra1,6,False,True,
162,1,1,MONOTONIC_WRITES,normal,netem delay 25ms 25ms,ONE,2,cassandra3,cassandra2,2,False,True,
162,1,2,MONOTONIC_WRITES,normal,netem delay 25ms 25ms,ONE,2,cassandra3,cassandra3,2,False,True,
162,1,3,MONOTONIC_WRITES,normal,netem delay 25ms 25ms,ONE,2,cassandra3,cassandra3,2,False,True,
162,2,1,MONOTONIC_WRITES,normal,netem delay 25ms 25ms,ONE,3,cassandra2,cassandra2,3,False,True,
162,2,2,MONOTONIC_WRITES,normal,netem delay 25ms 25ms,ONE,3,cassandra2,cassandra3,3,False,True,
162,2,3,MONOTONIC_WRITES,normal,netem delay 25ms 25ms,ONE,3,cassandra2,cassandra3,3,False,True,
162,3,1,MONOTONIC_WRITES,normal,netem delay 25ms 25ms,ONE,4,cassandra1,cassandra3,3,True,True,
162,3,2,MONOTONIC_WRITES,normal,netem delay 25ms 25ms,ONE,4,cassandra1,cassandra2,4,False,True,
162,3,3,MONOTONIC_WRITES,normal,netem delay 25ms 25ms,ONE,4,cassandra1,cassandra1,4,False,True,
162,4,1,MONOTONIC_WRITES,normal,netem delay 25ms 25ms,ONE,5,cassandra3,cassandra3,5,False,True,
162,4,2,MONOTONIC_WRITES,normal,netem delay 25ms 25ms,ONE,5,cassandra3,cassandra2,5,False,True,
162,4,3,MONOTONIC_WRITES,normal,netem delay 25ms 25ms,ONE,5,cassandra3,cassandra2,5,False,True,
162,5,1,MONOTONIC_WRITES,normal,netem delay 25ms 25ms,ONE,6,cassandra2,cassandra3,6,False,True,
162,5,2,MONOTONIC_WRITES,normal,netem delay 25ms 25ms,ONE,6,cassandra2,cassandra2,6,False,True,
162,5,3,MONOTONIC_WRITES,normal,netem delay 25ms 25ms,ONE,6,cassandra2,cassandra3,6,False,True,
163,1,1,MONOTONIC_WRITES,normal,netem delay 25ms 25ms,ONE,2,cassandra1,cassandra2,2,False,True,
163,1,2,MONOTONIC_WRITES,normal,netem delay 25ms 25ms,ONE,2,cassandra1,cassandra1,2,False,True,
163,1,3,MONOTONIC_WRITES,normal,netem delay 25ms 25ms,ONE,2,cassandra1,cassandra1,2,False,True,
163,2,1,MONOTONIC_WRITES,normal,netem delay 25ms 25ms,ONE,3,cassandra3,cassandra3,3,False,True,
163,2,2,MONOTONIC_WRITES,normal,netem delay 25ms 25ms,ONE,3,cassandra3,cassandra1,3,False,True,
163,2,3,MONOTONIC_WRITES,normal,netem delay 25ms 25ms,ONE,3,cassandra3,cassandra2,3,False,True,
163,3,1,MONOTONIC_WRITES,normal,netem delay 25ms 25ms,ONE,4,cassandra3,cassandra3,4,False,True,
163,3,2,MONOTONIC_WRITES,normal,netem delay 25ms 25ms,ONE,4,cassandra3,cassandra3,4,False,True,
163,3,3,MONOTONIC_WRITES,normal,netem delay 25ms 25ms,ONE,4,cassandra3,cassandra2,4,False,True,
163,4,1,MONOTONIC_WRITES,normal,netem delay 25ms 25ms,ONE,5,cassandra3,cassandra3,5,False,True,
163,4,2,MONOTONIC_WRITES,normal,netem delay 25ms 25ms,ONE,5,cassandra3,cassandra3,5,False,True,
163,4,3,MONOTONIC_WRITES,normal,netem delay 25ms 25ms,ONE,5,cassandra3,cassandra3,5,False,True,
163,5,1,MONOTONIC_WRITES,normal,netem delay 25ms 25ms,ONE,6,cassandra1,cassandra2,5,True,True,
163,5,2,MONOTONIC_WRITES,normal,netem delay 25ms 25ms,ONE,6,cassandra1,cassandra3,6,False,True,
163,5,3,MONOTONIC_WRITES,normal,netem delay 25ms 25ms,ONE,6,cassandra1,cassandra2,6,False,True,
164,1,1,MONOTONIC_WRITES,normal,netem delay 25ms 25ms,ONE,2,cassandra2,cassandra3,1,True,True,
164,1,2,MONOTONIC_WRITES,normal,netem delay 25ms 25ms,ONE,2,cassandra2,cassandra2,2,False,True,
164,1,3,MONOTONIC_WRITES,normal,netem delay 25ms 25ms,ONE,2,cassandra2,cassandra1,2,False,True,
164,2,1,MONOTONIC_WRITES,normal,netem delay 25ms 25ms,ONE,3,cassandra2,cassandra2,3,False,True,
164,2,2,MONOTONIC_WRITES,normal,netem delay 25ms 25ms,ONE,3,cassandra2,cassandra1,3,False,True,
164,2,3,MONOTONIC_WRITES,normal,netem delay 25ms 25ms,ONE,3,cassandra2,cassandra3,3,False,True,
164,3,1,MONOTONIC_WRITES,normal,netem delay 25ms 25ms,ONE,4,cassandra1,cassandra2,3,True,True,
164,3,2,MONOTONIC_WRITES,normal,netem delay 25ms 25ms,ONE,4,cassandra1,cassandra3,3,True,True,
164,3,3,MONOTONIC_WRITES,normal,netem delay 25ms 25ms,ONE,4,cassandra1,cassandra2,4,False,True,
164,4,1,MONOTONIC_WRITES,normal,netem delay 25ms 25ms,ONE,5,cassandra2,cassandra3,5,False,True,
164,4,2,MONOTONIC_WRITES,normal,netem delay 25ms 25ms,ONE,5,cassandra2,cassandra3,5,False,True,
164,4,3,MONOTONIC_WRITES,normal,netem delay 25ms 25ms,ONE,5,cassandra2,cassandra2,5,False,True,
164,5,1,MONOTONIC_WRITES,normal,netem delay 25ms 25ms,ONE,6,cassandra1,cassandra3,5,True,True,
164,5,2,MONOTONIC_WRITES,normal,netem delay 25ms 25ms,ONE,6,cassandra1,cassandra1,6,False,True,
164,5,3,MONOTONIC_WRITES,normal,netem delay 25ms 25ms,ONE,6,cassandra1,cassandra3,6,False,True,
165,1,1,MONOTONIC_WRITES,normal,netem delay 25ms 25ms,ONE,2,cassandra2,cassandra1,2,False,True,
165,1,2,MONOTONIC_WRITES,normal,netem delay 25ms 25ms,ONE,2,cassandra2,cassandra3,2,False,True,
165,1,3,MONOTONIC_WRITES,normal,netem delay 25ms 25ms,ONE,2,cassandra2,cassandra2,2,False,True,
165,2,1,MONOTONIC_WRITES,normal,netem delay 25ms 25ms,ONE,3,cassandra2,cassandra2,3,False,True,
165,2,2,MONOTONIC_WRITES,normal,netem delay 25ms 25ms,ONE,3,cassandra2,cassandra1,3,False,True,
165,2,3,MONOTONIC_WRITES,normal,netem delay 25ms 25ms,ONE,3,cassandra2,cassandra1,3,False,True,
165,3,1,MONOTONIC_WRITES,normal,netem delay 25ms 25ms,ONE,4,cassandra1,cassandra3,3,True,True,
165,3,2,MONOTONIC_WRITES,normal,netem delay 25ms 25ms,ONE,4,cassandra1,cassandra1,4,False,True,
165,3,3,MONOTONIC_WRITES,normal,netem delay 25ms 25ms,ONE,4,cassandra1,cassandra3,4,False,True,
165,4,1,MONOTONIC_WRITES,normal,netem delay 25ms 25ms,ONE,5,cassandra1,cassandra3,5,False,True,
165,4,2,MONOTONIC_WRITES,normal,netem delay 25ms 25ms,ONE,5,cassandra1,cassandra1,5,False,True,
165,4,3,MONOTONIC_WRITES,normal,netem delay 25ms 25ms,ONE,5,cassandra1,cassandra2,5,False,True,
165,5,1,MONOTONIC_WRITES,normal,netem delay 25ms 25ms,ONE,6,cassandra1,cassandra2,6,False,True,
165,5,2,MONOTONIC_WRITES,normal,netem delay 25ms 25ms,ONE,6,cassandra1,cassandra2,6,False,True,
165,5,3,MONOTONIC_WRITES,normal,netem delay 25ms 25ms,ONE,6,cassandra1,cassandra3,6,False,True,
166,1,1,MONOTONIC_WRITES,normal,netem delay 25ms 25ms,ONE,2,cassandra2,cassandra3,2,False,True,
166,1,2,MONOTONIC_WRITES,normal,netem delay 25ms 25ms,ONE,2,cassandra2,cassandra1,2,False,True,
166,1,3,MONOTONIC_WRITES,normal,netem delay 25ms 25ms,ONE,2,cassandra2,cassandra3,2,False,True,
166,2,1,MONOTONIC_WRITES,normal,netem delay 25ms 25ms,ONE,3,cassandra3,cassandra3,3,False,True,
166,2,2,MONOTONIC_WRITES,normal,netem delay 25ms 25ms,ONE,3,cassandra3,cassandra2,3,False,True,
166,2,3,MONOTONIC_WRITES,normal,netem delay 25ms 25ms,ONE,3,cassandra3,cassandra3,3,False,True,
166,3,1,MONOTONIC_WRITES,normal,netem delay 25ms 25ms,ONE,4,cassandra2,cassandra3,4,False,True,
166,3,2,MONOTONIC_WRITES,normal,netem delay 25ms 25ms,ONE,4,cassandra2,cassandra3,4,False,True,
166,3,3,MONOTONIC_WRITES,normal,netem delay 25ms 25ms,ONE,4,cassandra2,cassandra1,4,False,True,
166,4,1,MONOTONIC_WRITES,normal,netem delay 25ms 25ms,ONE,5,cassandra1,cassandra1,5,False,True,
166,4,2,MONOTONIC_WRITES,normal,netem delay 25ms 25ms,ONE,5,cassandra1,cassandra2,5,False,True,
166,4,3,MONOTONIC_WRITES,normal,netem delay 25ms 25ms,ONE,5,cassandra1,cassandra3,5,False,True,
166,5,1,MONOTONIC_WRITES,normal,netem delay 25ms 25ms,ONE,6,cassandra2,cassandra1,6,False,True,
166,5,2,MONOTONIC_WRITES,normal,netem delay 25ms 25ms,ONE,6,cassandra2,cassandra3,6,False,True,
166,5,3,MONOTONIC_WRITES,normal,netem delay 25ms 25ms,ONE,6,cassandra2,cassandra2,6,False,True,
167,1,1,MONOTONIC_WRITES,normal,netem delay 25ms 25ms,ONE,2,cassandra3,cassandra1,2,False,True,
167,1,2,MONOTONIC_WRITES,normal,netem delay 25ms 25ms,ONE,2,cassandra3,cassandra2,2,False,True,
167,1,3,MONOTONIC_WRITES,normal,netem delay 25ms 25ms,ONE,2,cassandra3,cassandra3,2,False,True,
167,2,1,MONOTONIC_WRITES,normal,netem delay 25ms 25ms,ONE,3,cassandra1,cassandra1,3,False,True,
167,2,2,MONOTONIC_WRITES,normal,netem delay 25ms 25ms,ONE,3,cassandra1,cassandra1,3,False,True,
167,2,3,MONOTONIC_WRITES,normal,netem delay 25ms 25ms,ONE,3,cassandra1,cassandra2,3,False,True,
167,3,1,MONOTONIC_WRITES,normal,netem delay 25ms 25ms,ONE,4,cassandra3,cassandra3,4,False,True,
167,3,2,MONOTONIC_WRITES,normal,netem delay 25ms 25ms,ONE,4,cassandra3,cassandra2,4,False,True,
167,3,3,MONOTONIC_WRITES,normal,netem delay 25ms 25ms,ONE,4,cassandra3,cassandra1,4,False,True,
167,4,1,MONOTONIC_WRITES,normal,netem delay 25ms 25ms,ONE,5,cassandra3,cassandra2,4,True,True,
167,4,2,MONOTONIC_WRITES,normal,netem delay 25ms 25ms,ONE,5,cassandra3,cassandra3,5,False,True,
167,4,3,MONOTONIC_WRITES,normal,netem delay 25ms 25ms,ONE,5,cassandra3,cassandra1,5,False,True,
167,5,1,MONOTONIC_WRITES,normal,netem delay 25ms 25ms,ONE,6,cassandra1,cassandra2,5,True,True,
167,5,2,MONOTONIC_WRITES,normal,netem delay 25ms 25ms,ONE,6,cassandra1,cassandra3,6,False,True,
167,5,3,MONOTONIC_WRITES,normal,netem delay 25ms 25ms,ONE,6,cassandra1,cassandra3,6,False,True,
168,1,1,MONOTONIC_WRITES,normal,netem delay 25ms 25ms,ONE,2,cassandra2,cassandra2,2,False,True,
168,1,2,MONOTONIC_WRITES,normal,netem delay 25ms 25ms,ONE,2,cassandra2,cassandra1,2,False,True,
168,1,3,MONOTONIC_WRITES,normal,netem delay 25ms 25ms,ONE,2,cassandra2,cassandra2,2,False,True,
168,2,1,MONOTONIC_WRITES,normal,netem delay 25ms 25ms,ONE,3,cassandra1,cassandra1,3,False,True,
168,2,2,MONOTONIC_WRITES,normal,netem delay 25ms 25ms,ONE,3,cassandra1,cassandra2,3,False,True,
168,2,3,MONOTONIC_WRITES,normal,netem delay 25ms 25ms,ONE,3,cassandra1,cassandra3,3,False,True,
168,3,1,MONOTONIC_WRITES,normal,netem delay 25ms 25ms,ONE,4,cassandra3,cassandra2,4,False,True,
168,3,2,MONOTONIC_WRITES,normal,netem delay 25ms 25ms,ONE,4,cassandra3,cassandra1,4,False,True,
168,3,3,MONOTONIC_WRITES,normal,netem delay 25ms 25ms,ONE,4,cassandra3,cassandra2,4,False,True,
168,4,1,MONOTONIC_WRITES,normal,netem delay 25ms 25ms,ONE,5,cassandra1,cassandra1,5,False,True,
168,4,2,MONOTONIC_WRITES,normal,netem delay 25ms 25ms,ONE,5,cassandra1,cassandra3,5,False,True,
168,4,3,MONOTONIC_WRITES,normal,netem delay 25ms 25ms,ONE,5,cassandra1,cassandra1,5,False,True,
168,5,1,MONOTONIC_WRITES,normal,netem delay 25ms 25ms,ONE,6,cassandra2,cassandra3,6,False,True,
168,5,2,MONOTONIC_WRITES,normal,netem delay 25ms 25ms,ONE,6,cassandra2,cassandra1,6,False,True,
168,5,3,MONOTONIC_WRITES,normal,netem delay 25ms 25ms,ONE,6,cassandra2,cassandra3,6,False,True,
169,1,1,MONOTONIC_WRITES,normal,netem delay 25ms 25ms,ONE,2,cassandra3,cassandra2,2,False,True,
169,1,2,MONOTONIC_WRITES,normal,netem delay 25ms 25ms,ONE,2,cassandra3,cassandra2,2,False,True,
169,1,3,MONOTONIC_WRITES,normal,netem delay 25ms 25ms,ONE,2,cassandra3,cassandra2,2,False,True,
169,2,1,MONOTONIC_WRITES,normal,netem delay 25ms 25ms,ONE,3,cassandra1,cassandra1,3,False,True,
169,2,2,MONOTONIC_WRITES,normal,netem delay 25ms 25ms,ONE,3,cassandra1,cassandra2,3,False,True,
169,2,3,MONOTONIC_WRITES,normal,netem delay 25ms 25ms,ONE,3,cassandra1,cassandra1,3,False,True,
169,3,1,MONOTONIC_WRITES,normal,netem delay 25ms 25ms,ONE,4,cassandra3,cassandra2,4,False,True,
169,3,2,MONOTONIC_WRITES,normal,netem delay 25ms 25ms,ONE,4,cassandra3,cassandra3,4,False,True,
169,3,3,MONOTONIC_WRITES,normal,netem delay 25ms 25ms,ONE,4,cassandra3,cassandra1,4,False,True,
169,4,1,MONOTONIC_WRITES,normal,netem delay 25ms 25ms,ONE,5,cassandra2,cassandra1,5,False,True,
169,4,2,MONOTONIC_WRITES,normal,netem delay 25ms 25ms,ONE,5,cassandra2,cassandra3,5,False,True,
169,4,3,MONOTONIC_WRITES,normal,netem delay 25ms 25ms,ONE,5,cassandra2,cassandra2,5,False,True,
169,5,1,MONOTONIC_WRITES,normal,netem delay 25ms 25ms,ONE,6,cassandra1,cassandra1,6,False,True,
169,5,2,MONOTONIC_WRITES,normal,netem delay 25ms 25ms,ONE,6,cassandra1,cassandra1,6,False,True,
169,5,3,MONOTONIC_WRITES,normal,netem delay 25ms 25ms,ONE,6,cassandra1,cassandra3,6,False,True,
170,1,1,MONOTONIC_WRITES,normal,netem delay 25ms 25ms,ONE,2,cassandra2,cassandra3,2,False,True,
170,1,2,MONOTONIC_WRITES,normal,netem delay 25ms 25ms,ONE,2,cassandra2,cassandra3,2,False,True,
170,1,3,MONOTONIC_WRITES,normal,netem delay 25ms 25ms,ONE,2,cassandra2,cassandra2,2,False,True,
170,2,1,MONOTONIC_WRITES,normal,netem delay 25ms 25ms,ONE,3,cassandra2,cassandra3,3,False,True,
170,2,2,MONOTONIC_WRITES,normal,netem delay 25ms 25ms,ONE,3,cassandra2,cassandra2,3,False,True,
170,2,3,MONOTONIC_WRITES,normal,netem delay 25ms 25ms,ONE,3,cassandra2,cassandra2,3,False,True,
170,3,1,MONOTONIC_WRITES,normal,netem delay 25ms 25ms,ONE,4,cassandra2,cassandra1,4,False,True,
170,3,2,MONOTONIC_WRITES,normal,netem delay 25ms 25ms,ONE,4,cassandra2,cassandra2,4,False,True,
170,3,3,MONOTONIC_WRITES,normal,netem delay 25ms 25ms,ONE,4,cassandra2,cassandra2,4,False,True,
170,4,1,MONOTONIC_WRITES,normal,netem delay 25ms 25ms,ONE,5,cassandra1,cassandra1,5,False,True,
170,4,2,MONOTONIC_WRITES,normal,netem delay 25ms 25ms,ONE,5,cassandra1,cassandra3,5,False,True,
170,4,3,MONOTONIC_WRITES,normal,netem delay 25ms 25ms,ONE,5,cassandra1,cassandra2,5,False,True,
170,5,1,MONOTONIC_WRITES,normal,netem delay 25ms 25ms,ONE,6,cassandra1,cassandra2,6,False,True,
170,5,2,MONOTONIC_WRITES,normal,netem delay 25ms 25ms,ONE,6,cassandra1,cassandra1,6,False,True,
170,5,3,MONOTONIC_WRITES,normal,netem delay 25ms 25ms,ONE,6,cassandra1,cassandra2,6,False,True,
171,1,1,MONOTONIC_WRITES,normal,netem delay 25ms 25ms,ONE,2,cassandra3,cassandra3,2,False,True,
171,1,2,MONOTONIC_WRITES,normal,netem delay 25ms 25ms,ONE,2,cassandra3,cassandra3,2,False,True,
171,1,3,MONOTONIC_WRITES,normal,netem delay 25ms 25ms,ONE,2,cassandra3,cassandra1,2,False,True,
171,2,1,MONOTONIC_WRITES,normal,netem delay 25ms 25ms,ONE,3,cassandra2,cassandra2,3,False,True,
171,2,2,MONOTONIC_WRITES,normal,netem delay 25ms 25ms,ONE,3,cassandra2,cassandra3,3,False,True,
171,2,3,MONOTONIC_WRITES,normal,netem delay 25ms 25ms,ONE,3,cassandra2,cassandra2,3,False,True,
171,3,1,MONOTONIC_WRITES,normal,netem delay 25ms 25ms,ONE,4,cassandra1,cassandra2,3,True,True,
171,3,2,MONOTONIC_WRITES,normal,netem delay 25ms 25ms,ONE,4,cassandra1,cassandra1,4,False,True,
171,3,3,MONOTONIC_WRITES,normal,netem delay 25ms 25ms,ONE,4,cassandra1,cassandra2,4,False,True,
171,4,1,MONOTONIC_WRITES,normal,netem delay 25ms 25ms,ONE,5,cassandra1,cassandra3,5,False,True,
171,4,2,MONOTONIC_WRITES,normal,netem delay 25ms 25ms,ONE,5,cassandra1,cassandra2,5,False,True,
171,4,3,MONOTONIC_WRITES,normal,netem delay 25ms 25ms,ONE,5,cassandra1,cassandra3,5,False,True,
171,5,1,MONOTONIC_WRITES,normal,netem delay 25ms 25ms,ONE,6,cassandra3,cassandra3,6,False,True,
171,5,2,MONOTONIC_WRITES,normal,netem delay 25ms 25ms,ONE,6,cassandra3,cassandra1,6,False,True,
171,5,3,MONOTONIC_WRITES,normal,netem delay 25ms 25ms,ONE,6,cassandra3,cassandra1,6,False,True,
172,1,1,MONOTONIC_WRITES,normal,netem delay 25ms 25ms,ONE,2,cassandra1,cassandra1,2,False,True,
172,1,2,MONOTONIC_WRITES,normal,netem delay 25ms 25ms,ONE,2,cassandra1,cassandra1,2,False,True,
172,1,3,MONOTONIC_WRITES,normal,netem delay 25ms 25ms,ONE,2,cassandra1,cassandra2,2,False,True,
172,2,1,MONOTONIC_WRITES,normal,netem delay 25ms 25ms,ONE,3,cassandra1,cassandra2,3,False,True,
172,2,2,MONOTONIC_WRITES,normal,netem delay 25ms 25ms,ONE,3,cassandra1,cassandra1,3,False,True,
172,2,3,MONOTONIC_WRITES,normal,netem delay 25ms 25ms,ONE,3,cassandra1,cassandra1,3,False,True,
172,3,1,MONOTONIC_WRITES,normal,netem delay 25ms 25ms,ONE,4,cassandra3,cassandra1,3,True,True,
172,3,2,MONOTONIC_WRITES,normal,netem delay 25ms 25ms,ONE,4,cassandra3,cassandra1,4,False,True,
172,3,3,MONOTONIC_WRITES,normal,netem delay 25ms 25ms,ONE,4,cassandra3,cassandra3,4,False,True,
172,4,1,MONOTONIC_WRITES,normal,netem delay 25ms 25ms,ONE,5,cassandra3,cassandra3,5,False,True,
172,4,2,MONOTONIC_WRITES,normal,netem delay 25ms 25ms,ONE,5,cassandra3,cassandra2,5,False,True,
172,4,3,MONOTONIC_WRITES,normal,netem delay 25ms 25ms,ONE,5,cassandra3,cassandra2,5,False,True,
172,5,1,MONOTONIC_WRITES,normal,netem delay 25ms 25ms,ONE,6,cassandra2,cassandra3,5,True,True,
172,5,2,MONOTONIC_WRITES,normal,netem delay 25ms 25ms,ONE,6,cassandra2,cassandra1,6,False,True,
172,5,3,MONOTONIC_WRITES,normal,netem delay 25ms 25ms,ONE,6,cassandra2,cassandra2,6,False,True,
173,1,1,MONOTONIC_WRITES,normal,netem delay 25ms 25ms,ONE,2,cassandra3,cassandra1,2,False,True,
173,1,2,MONOTONIC_WRITES,normal,netem delay 25ms 25ms,ONE,2,cassandra3,cassandra1,2,False,True,
173,1,3,MONOTONIC_WRITES,normal,netem delay 25ms 25ms,ONE,2,cassandra3,cassandra3,2,False,True,
173,2,1,MONOTONIC_WRITES,normal,netem delay 25ms 25ms,ONE,3,cassandra3,cassandra2,3,False,True,
173,2,2,MONOTONIC_WRITES,normal,netem delay 25ms 25ms,ONE,3,cassandra3,cassandra2,3,False,True,
173,2,3,MONOTONIC_WRITES,normal,netem delay 25ms 25ms,ONE,3,cassandra3,cassandra3,3,False,True,
173,3,1,MONOTONIC_WRITES,normal,netem delay 25ms 25ms,ONE,4,cassandra2,cassandra1,4,False,True,
173,3,2,MONOTONIC_WRITES,normal,netem delay 25ms 25ms,ONE,4,cassandra2,cassandra3,4,False,True,
173,3,3,MONOTONIC_WRITES,normal,netem delay 25ms 25ms,ONE,4,cassandra2,cassandra2,4,False,True,
173,4,1,MONOTONIC_WRITES,normal,netem delay 25ms 25ms,ONE,5,cassandra3,cassandra1,5,False,True,
173,4,2,MONOTONIC_WRITES,normal,netem delay 25ms 25ms,ONE,5,cassandra3,cassandra1,5,False,True,
173,4,3,MONOTONIC_WRITES,normal,netem delay 25ms 25ms,ONE,5,cassandra3,cassandra1,5,False,True,
173,5,1,MONOTONIC_WRITES,normal,netem delay 25ms 25ms,ONE,6,cassandra3,cassandra3,6,False,True,
173,5,2,MONOTONIC_WRITES,normal,netem delay 25ms 25ms,ONE,6,cassandra3,cassandra1,6,False,True,
173,5,3,MONOTONIC_WRITES,normal,netem delay 25ms 25ms,ONE,6,cassandra3,cassandra3,6,False,True,
174,1,1,MONOTONIC_WRITES,normal,netem delay 25ms 25ms,ONE,2,cassandra1,cassandra2,2,False,True,
174,1,2,MONOTONIC_WRITES,normal,netem delay 25ms 25ms,ONE,2,cassandra1,cassandra1,2,False,True,
174,1,3,MONOTONIC_WRITES,normal,netem delay 25ms 25ms,ONE,2,cassandra1,cassandra1,2,False,True,
174,2,1,MONOTONIC_WRITES,normal,netem delay 25ms 25ms,ONE,3,cassandra1,cassandra2,3,False,True,
174,2,2,MONOTONIC_WRITES,normal,netem delay 25ms 25ms,ONE,3,cassandra1,cassandra1,3,False,True,
174,2,3,MONOTONIC_WRITES,normal,netem delay 25ms 25ms,ONE,3,cassandra1,cassandra2,3,False,True,
174,3,1,MONOTONIC_WRITES,normal,netem delay 25ms 25ms,ONE,4,cassandra2,cassandra1,4,False,True,
174,3,2,MONOTONIC_WRITES,normal,netem delay 25ms 25ms,ONE,4,cassandra2,cassandra2,4,False,True,
174,3,3,MONOTONIC_WRITES,normal,netem delay 25ms 25ms,ONE,4,cassandra2,cassandra1,4,False,True,
174,4,1,MONOTONIC_WRITES,normal,netem delay 25ms 25ms,ONE,5,cassandra3,cassandra1,5,False,True,
174,4,2,MONOTONIC_WRITES,normal,netem delay 25ms 25ms,ONE,5,cassandra3,cassandra1,5,False,True,
174,4,3,MONOTONIC_WRITES,normal,netem delay 25ms 25ms,ONE,5,cassandra3,cassandra1,5,False,True,
174,5,1,MONOTONIC_WRITES,normal,netem delay 25ms 25ms,ONE,6,cassandra3,cassandra2,5,True,True,
174,5,2,MONOTONIC_WRITES,normal,netem delay 25ms 25ms,ONE,6,cassandra3,cassandra1,6,False,True,
174,5,3,MONOTONIC_WRITES,normal,netem delay 25ms 25ms,ONE,6,cassandra3,cassandra2,6,False,True,
175,1,1,MONOTONIC_WRITES,normal,netem delay 25ms 25ms,ONE,2,cassandra2,cassandra1,2,False,True,
175,1,2,MONOTONIC_WRITES,normal,netem delay 25ms 25ms,ONE,2,cassandra2,cassandra3,2,False,True,
175,1,3,MONOTONIC_WRITES,normal,netem delay 25ms 25ms,ONE,2,cassandra2,cassandra1,2,False,True,
175,2,1,MONOTONIC_WRITES,normal,netem delay 25ms 25ms,ONE,3,cassandra1,cassandra2,3,False,True,
175,2,2,MONOTONIC_WRITES,normal,netem delay 25ms 25ms,ONE,3,cassandra1,cassandra2,3,False,True,
175,2,3,MONOTONIC_WRITES,normal,netem delay 25ms 25ms,ONE,3,cassandra1,cassandra3,3,False,True,
175,3,1,MONOTONIC_WRITES,normal,netem delay 25ms 25ms,ONE,4,cassandra1,cassandra3,4,False,True,
175,3,2,MONOTONIC_WRITES,normal,netem delay 25ms 25ms,ONE,4,cassandra1,cassandra3,4,False,True,
175,3,3,MONOTONIC_WRITES,normal,netem delay 25ms 25ms,ONE,4,cassandra1,cassandra3,4,False,True,
175,4,1,MONOTONIC_WRITES,normal,netem delay 25ms 25ms,ONE,5,cassandra1,cassandra1,5,False,True,
175,4,2,MONOTONIC_WRITES,normal,netem delay 25ms 25ms,ONE,5,cassandra1,cassandra3,5,False,True,
175,4,3,MONOTONIC_WRITES,normal,netem delay 25ms 25ms,ONE,5,cassandra1,cassandra3,5,False,True,
175,5,1,MONOTONIC_WRITES,normal,netem delay 25ms 25ms,ONE,6,cassandra3,cassandra1,6,False,True,
175,5,2,MONOTONIC_WRITES,normal,netem delay 25ms 25ms,ONE,6,cassandra3,cassandra1,6,False,True,
175,5,3,MONOTONIC_WRITES,normal,netem delay 25ms 25ms,ONE,6,cassandra3,cassandra1,6,False,True,
176,1,1,MONOTONIC_WRITES,normal,netem delay 25ms 25ms,ONE,2,cassandra2,cassandra3,1,True,True,
176,1,2,MONOTONIC_WRITES,normal,netem delay 25ms 25ms,ONE,2,cassandra2,cassandra3,2,False,True,
176,1,3,MONOTONIC_WRITES,normal,netem delay 25ms 25ms,ONE,2,cassandra2,cassandra3,2,False,True,
176,2,1,MONOTONIC_WRITES,normal,netem delay 25ms 25ms,ONE,3,cassandra2,cassandra3,3,False,True,
176,2,2,MONOTONIC_WRITES,normal,netem delay 25ms 25ms,ONE,3,cassandra2,cassandra2,3,False,True,
176,2,3,MONOTONIC_WRITES,normal,netem delay 25ms 25ms,ONE,3,cassandra2,cassandra2,3,False,True,
176,3,1,MONOTONIC_WRITES,normal,netem delay 25ms 25ms,ONE,4,cassandra3,cassandra1,4,False,True,
176,3,2,MONOTONIC_WRITES,normal,netem delay 25ms 25ms,ONE,4,cassandra3,cassandra3,4,False,True,
176,3,3,MONOTONIC_WRITES,normal,netem delay 25ms 25ms,ONE,4,cassandra3,cassandra3,4,False,True,
176,4,1,MONOTONIC_WRITES,normal,netem delay 25ms 25ms,ONE,5,cassandra3,cassandra2,4,True,True,
176,4,2,MONOTONIC_WRITES,normal,netem delay 25ms 25ms,ONE,5,cassandra3,cassandra1,5,False,True,
176,4,3,MONOTONIC_WRITES,normal,netem delay 25ms 25ms,ONE,5,cassandra3,cassandra1,5,False,True,
176,5,1,MONOTONIC_WRITES,normal,netem delay 25ms 25ms,ONE,6,cassandra3,cassandra2,6,False,True,
176,5,2,MONOTONIC_WRITES,normal,netem delay 25ms 25ms,ONE,6,cassandra3,cassandra1,6,False,True,
176,5,3,MONOTONIC_WRITES,normal,netem delay 25ms 25ms,ONE,6,cassandra3,cassandra2,6,False,True,
177,1,1,MONOTONIC_WRITES,normal,netem delay 25ms 25ms,ONE,2,cassandra2,cassandra1,2,False,True,
177,1,2,MONOTONIC_WRITES,normal,netem delay 25ms 25ms,ONE,2,cassandra2,cassandra1,2,False,True,
177,1,3,MONOTONIC_WRITES,normal,netem delay 25ms 25ms,ONE,2,cassandra2,cassandra1,2,False,True,
177,2,1,MONOTONIC_WRITES,normal,netem delay 25ms 25ms,ONE,3,cassandra1,cassandra3,3,False,True,
177,2,2,MONOTONIC_WRITES,normal,netem delay 25ms 25ms,ONE,3,cassandra1,cassandra2,3,False,True,
177,2,3,MONOTONIC_WRITES,normal,netem delay 25ms 25ms,ONE,3,cassandra1,cassandra1,3,False,True,
177,3,1,MONOTONIC_WRITES,normal,netem delay 25ms 25ms,ONE,4,cassandra1,cassandra2,3,True,True,
177,3,2,MONOTONIC_WRITES,normal,netem delay 25ms 25ms,ONE,4,cassandra1,cassandra3,4,False,True,
177,3,3,MONOTONIC_WRITES,normal,netem delay 25ms 25ms,ONE,4,cassandra1,cassandra3,4,False,True,
177,4,1,MONOTONIC_WRITES,normal,netem delay 25ms 25ms,ONE,5,cassandra1,cassandra2,5,False,True,
177,4,2,MONOTONIC_WRITES,normal,netem delay 25ms 25ms,ONE,5,cassandra1,cassandra1,5,False,True,
177,4,3,MONOTONIC_WRITES,normal,netem delay 25ms 25ms,ONE,5,cassandra1,cassandra3,5,False,True,
177,5,1,MONOTONIC_WRITES,normal,netem delay 25ms 25ms,ONE,6,cassandra3,cassandra2,6,False,True,
177,5,2,MONOTONIC_WRITES,normal,netem delay 25ms 25ms,ONE,6,cassandra3,cassandra2,6,False,True,
177,5,3,MONOTONIC_WRITES,normal,netem delay 25ms 25ms,ONE,6,cassandra3,cassandra2,6,False,True,
178,1,1,MONOTONIC_WRITES,normal,netem delay 25ms 25ms,ONE,2,cassandra1,cassandra1,2,False,True,
178,1,2,MONOTONIC_WRITES,normal,netem delay 25ms 25ms,ONE,2,cassandra1,cassandra3,2,False,True,
178,1,3,MONOTONIC_WRITES,normal,netem delay 25ms 25ms,ONE,2,cassandra1,cassandra3,2,False,True,
178,2,1,MONOTONIC_WRITES,normal,netem delay 25ms 25ms,ONE,3,cassandra2,cassandra3,2,True,True,
178,2,2,MONOTONIC_WRITES,normal,netem delay 25ms 25ms,ONE,3,cassandra2,cassandra1,3,False,True,
178,2,3,MONOTONIC_WRITES,normal,netem delay 25ms 25ms,ONE,3,cassandra2,cassandra2,3,False,True,
178,3,1,MONOTONIC_WRITES,normal,netem delay 25ms 25ms,ONE,4,cassandra2,cassandra1,4,False,True,
178,3,2,MONOTONIC_WRITES,normal,netem delay 25ms 25ms,ONE,4,cassandra2,cassandra3,3,True,True,
178,3,3,MONOTONIC_WRITES,normal,netem delay 25ms 25ms,ONE,4,cassandra2,cassandra3,4,False,True,
178,4,1,MONOTONIC_WRITES,normal,netem delay 25ms 25ms,ONE,5,cassandra2,cassandra1,5,False,True,
178,4,2,MONOTONIC_WRITES,normal,netem delay 25ms 25ms,ONE,5,cassandra2,cassandra3,5,False,True,
178,4,3,MONOTONIC_WRITES,normal,netem delay 25ms 25ms,ONE,5,cassandra2,cassandra3,5,False,True,
178,5,1,MONOTONIC_WRITES,normal,netem delay 25ms 25ms,ONE,6,cassandra2,cassandra1,5,True,True,
178,5,2,MONOTONIC_WRITES,normal,netem delay 25ms 25ms,ONE,6,cassandra2,cassandra2,6,False,True,
178,5,3,MONOTONIC_WRITES,normal,netem delay 25ms 25ms,ONE,6,cassandra2,cassandra2,6,False,True,
179,1,1,MONOTONIC_WRITES,normal,netem delay 25ms 25ms,ONE,2,cassandra3,cassandra3,2,False,True,
179,1,2,MONOTONIC_WRITES,normal,netem delay 25ms 25ms,ONE,2,cassandra3,cassandra3,2,False,True,
179,1,3,MONOTONIC_WRITES,normal,netem delay 25ms 25ms,ONE,2,cassandra3,cassandra2,2,False,True,
179,2,1,MONOTONIC_WRITES,normal,netem delay 25ms 25ms,ONE,3,cassandra2,cassandra1,3,False,True,
179,2,2,MONOTONIC_WRITES,normal,netem delay 25ms 25ms,ONE,3,cassandra2,cassandra1,3,False,True,
179,2,3,MONOTONIC_WRITES,normal,netem delay 25ms 25ms,ONE,3,cassandra2,cassandra1,3,False,True,
179,3,1,MONOTONIC_WRITES,normal,netem delay 25ms 25ms,ONE,4,cassandra3,cassandra1,4,False,True,
179,3,2,MONOTONIC_WRITES,normal,netem delay 25ms 25ms,ONE,4,cassandra3,cassandra2,4,False,True,
179,3,3,MONOTONIC_WRITES,normal,netem delay 25ms 25ms,ONE,4,cassandra3,cassandra3,4,False,True,
179,4,1,MONOTONIC_WRITES,normal,netem delay 25ms 25ms,ONE,5,cassandra2,cassandra2,5,False,True,
179,4,2,MONOTONIC_WRITES,normal,netem delay 25ms 25ms,ONE,5,cassandra2,cassandra1,5,False,True,
179,4,3,MONOTONIC_WRITES,normal,netem delay 25ms 25ms,ONE,5,cassandra2,cassandra3,5,False,True,
179,5,1,MONOTONIC_WRITES,normal,netem delay 25ms 25ms,ONE,6,cassandra1,cassandra1,6,False,True,
179,5,2,MONOTONIC_WRITES,normal,netem delay 25ms 25ms,ONE,6,cassandra1,cassandra1,6,False,True,
179,5,3,MONOTONIC_WRITES,normal,netem delay 25ms 25ms,ONE,6,cassandra1,cassandra1,6,False,True,
180,1,1,MONOTONIC_WRITES,normal,netem delay 25ms 25ms,ONE,2,cassandra3,cassandra3,2,False,True,
180,1,2,MONOTONIC_WRITES,normal,netem delay 25ms 25ms,ONE,2,cassandra3,cassandra3,2,False,True,
180,1,3,MONOTONIC_WRITES,normal,netem delay 25ms 25ms,ONE,2,cassandra3,cassandra2,2,False,True,
180,2,1,MONOTONIC_WRITES,normal,netem delay 25ms 25ms,ONE,3,cassandra1,cassandra1,3,False,True,
180,2,2,MONOTONIC_WRITES,normal,netem delay 25ms 25ms,ONE,3,cassandra1,cassandra1,3,False,True,
180,2,3,MONOTONIC_WRITES,normal,netem delay 25ms 25ms,ONE,3,cassandra1,cassandra3,3,False,True,
180,3,1,MONOTONIC_WRITES,normal,netem delay 25ms 25ms,ONE,4,cassandra2,cassandra3,4,False,True,
180,3,2,MONOTONIC_WRITES,normal,netem delay 25ms 25ms,ONE,4,cassandra2,cassandra3,4,False,True,
180,3,3,MONOTONIC_WRITES,normal,netem delay 25ms 25ms,ONE,4,cassandra2,cassandra3,4,False,True,
180,4,1,MONOTONIC_WRITES,normal,netem delay 25ms 25ms,ONE,5,cassandra1,cassandra2,5,False,True,
180,4,2,MONOTONIC_WRITES,normal,netem delay 25ms 25ms,ONE,5,cassandra1,cassandra1,5,False,True,
180,4,3,MONOTONIC_WRITES,normal,netem delay 25ms 25ms,ONE,5,cassandra1,cassandra1,5,False,True,
180,5,1,MONOTONIC_WRITES,normal,netem delay 25ms 25ms,ONE,6,cassandra3,cassandra2,6,False,True,
180,5,2,MONOTONIC_WRITES,normal,netem delay 25ms 25ms,ONE,6,cassandra3,cassandra2,6,False,True,
180,5,3,MONOTONIC_WRITES,normal,netem delay 25ms 25ms,ONE,6,cassandra3,cassandra3,6,False,True,
181,1,1,MONOTONIC_WRITES,normal,netem delay 25ms 25ms,ONE,2,cassandra3,cassandra3,2,False,True,
181,1,2,MONOTONIC_WRITES,normal,netem delay 25ms 25ms,ONE,2,cassandra3,cassandra3,2,False,True,
181,1,3,MONOTONIC_WRITES,normal,netem delay 25ms 25ms,ONE,2,cassandra3,cassandra2,2,False,True,
181,2,1,MONOTONIC_WRITES,normal,netem delay 25ms 25ms,ONE,3,cassandra2,cassandra1,3,False,True,
181,2,2,MONOTONIC_WRITES,normal,netem delay 25ms 25ms,ONE,3,cassandra2,cassandra1,3,False,True,
181,2,3,MONOTONIC_WRITES,normal,netem delay 25ms 25ms,ONE,3,cassandra2,cassandra3,3,False,True,
181,3,1,MONOTONIC_WRITES,normal,netem delay 25ms 25ms,ONE,4,cassandra1,cassandra1,4,False,True,
181,3,2,MONOTONIC_WRITES,normal,netem delay 25ms 25ms,ONE,4,cassandra1,cassandra1,4,False,True,
181,3,3,MONOTONIC_WRITES,normal,netem delay 25ms 25ms,ONE,4,cassandra1,cassandra1,4,False,True,
181,4,1,MONOTONIC_WRITES,normal,netem delay 25ms 25ms,ONE,5,cassandra2,cassandra3,5,False,True,
181,4,2,MONOTONIC_WRITES,normal,netem delay 25ms 25ms,ONE,5,cassandra2,cassandra2,5,False,True,
181,4,3,MONOTONIC_WRITES,normal,netem delay 25ms 25ms,ONE,5,cassandra2,cassandra1,5,False,True,
181,5,1,MONOTONIC_WRITES,normal,netem delay 25ms 25ms,ONE,6,cassandra1,cassandra2,5,True,True,
181,5,2,MONOTONIC_WRITES,normal,netem delay 25ms 25ms,ONE,6,cassandra1,cassandra2,6,False,True,
181,5,3,MONOTONIC_WRITES,normal,netem delay 25ms 25ms,ONE,6,cassandra1,cassandra2,6,False,True,
182,1,1,MONOTONIC_WRITES,normal,netem delay 25ms 25ms,ONE,2,cassandra3,cassandra1,2,False,True,
182,1,2,MONOTONIC_WRITES,normal,netem delay 25ms 25ms,ONE,2,cassandra3,cassandra3,2,False,True,
182,1,3,MONOTONIC_WRITES,normal,netem delay 25ms 25ms,ONE,2,cassandra3,cassandra3,2,False,True,
182,2,1,MONOTONIC_WRITES,normal,netem delay 25ms 25ms,ONE,3,cassandra3,cassandra1,3,False,True,
182,2,2,MONOTONIC_WRITES,normal,netem delay 25ms 25ms,ONE,3,cassandra3,cassandra2,3,False,True,
182,2,3,MONOTONIC_WRITES,normal,netem delay 25ms 25ms,ONE,3,cassandra3,cassandra2,3,False,True,
182,3,1,MONOTONIC_WRITES,normal,netem delay 25ms 25ms,ONE,4,cassandra3,cassandra1,4,False,True,
182,3,2,MONOTONIC_WRITES,normal,netem delay 25ms 25ms,ONE,4,cassandra3,cassandra2,4,False,True,
182,3,3,MONOTONIC_WRITES,normal,netem delay 25ms 25ms,ONE,4,cassandra3,cassandra3,4,False,True,
182,4,1,MONOTONIC_WRITES,normal,netem delay 25ms 25ms,ONE,5,cassandra1,cassandra1,5,False,True,
182,4,2,MONOTONIC_WRITES,normal,netem delay 25ms 25ms,ONE,5,cassandra1,cassandra2,5,False,True,
182,4,3,MONOTONIC_WRITES,normal,netem delay 25ms 25ms,ONE,5,cassandra1,cassandra2,5,False,True,
182,5,1,MONOTONIC_WRITES,normal,netem delay 25ms 25ms,ONE,6,cassandra2,cassandra2,6,False,True,
182,5,2,MONOTONIC_WRITES,normal,netem delay 25ms 25ms,ONE,6,cassandra2,cassandra2,6,False,True,
182,5,3,MONOTONIC_WRITES,normal,netem delay 25ms 25ms,ONE,6,cassandra2,cassandra2,6,False,True,
183,1,1,MONOTONIC_WRITES,normal,netem delay 25ms 25ms,ONE,2,cassandra3,cassandra2,2,False,True,
183,1,2,MONOTONIC_WRITES,normal,netem delay 25ms 25ms,ONE,2,cassandra3,cassandra2,2,False,True,
183,1,3,MONOTONIC_WRITES,normal,netem delay 25ms 25ms,ONE,2,cassandra3,cassandra1,2,False,True,
183,2,1,MONOTONIC_WRITES,normal,netem delay 25ms 25ms,ONE,3,cassandra1,cassandra2,3,False,True,
183,2,2,MONOTONIC_WRITES,normal,netem delay 25ms 25ms,ONE,3,cassandra1,cassandra2,3,False,True,
183,2,3,MONOTONIC_WRITES,normal,netem delay 25ms 25ms,ONE,3,cassandra1,cassandra1,3,False,True,
183,3,1,MONOTONIC_WRITES,normal,netem delay 25ms 25ms,ONE,4,cassandra3,cassandra2,3,True,True,
183,3,2,MONOTONIC_WRITES,normal,netem delay 25ms 25ms,ONE,4,cassandra3,cassandra3,4,False,True,
183,3,3,MONOTONIC_WRITES,normal,netem delay 25ms 25ms,ONE,4,cassandra3,cassandra1,4,False,True,
183,4,1,MONOTONIC_WRITES,normal,netem delay 25ms 25ms,ONE,5,cassandra2,cassandra1,5,False,True,
183,4,2,MONOTONIC_WRITES,normal,netem delay 25ms 25ms,ONE,5,cassandra2,cassandra3,5,False,True,
183,4,3,MONOTONIC_WRITES,normal,netem delay 25ms 25ms,ONE,5,cassandra2,cassandra3,5,False,True,
183,5,1,MONOTONIC_WRITES,normal,netem delay 25ms 25ms,ONE,6,cassandra3,cassandra3,6,False,True,
183,5,2,MONOTONIC_WRITES,normal,netem delay 25ms 25ms,ONE,6,cassandra3,cassandra3,6,False,True,
183,5,3,MONOTONIC_WRITES,normal,netem delay 25ms 25ms,ONE,6,cassandra3,cassandra3,6,False,True,
184,1,1,MONOTONIC_WRITES,normal,netem delay 25ms 25ms,ONE,2,cassandra3,cassandra2,2,False,True,
184,1,2,MONOTONIC_WRITES,normal,netem delay 25ms 25ms,ONE,2,cassandra3,cassandra3,2,False,True,
184,1,3,MONOTONIC_WRITES,normal,netem delay 25ms 25ms,ONE,2,cassandra3,cassandra3,2,False,True,
184,2,1,MONOTONIC_WRITES,normal,netem delay 25ms 25ms,ONE,3,cassandra1,cassandra3,3,False,True,
184,2,2,MONOTONIC_WRITES,normal,netem delay 25ms 25ms,ONE,3,cassandra1,cassandra3,3,False,True,
184,2,3,MONOTONIC_WRITES,normal,netem delay 25ms 25ms,ONE,3,cassandra1,cassandra1,3,False,True,
184,3,1,MONOTONIC_WRITES,normal,netem delay 25ms 25ms,ONE,4,cassandra2,cassandra3,3,True,True,
184,3,2,MONOTONIC_WRITES,normal,netem delay 25ms 25ms,ONE,4,cassandra2,cassandra1,4,False,True,
184,3,3,MONOTONIC_WRITES,normal,netem delay 25ms 25ms,ONE,4,cassandra2,cassandra2,4,False,True,
184,4,1,MONOTONIC_WRITES,normal,netem delay 25ms 25ms,ONE,5,cassandra1,cassandra1,5,False,True,
184,4,2,MONOTONIC_WRITES,normal,netem delay 25ms 25ms,ONE,5,cassandra1,cassandra2,5,False,True,
184,4,3,MONOTONIC_WRITES,normal,netem delay 25ms 25ms,ONE,5,cassandra1,cassandra2,5,False,True,
184,5,1,MONOTONIC_WRITES,normal,netem delay 25ms 25ms,ONE,6,cassandra2,cassandra3,6,False,True,
184,5,2,MONOTONIC_WRITES,normal,netem delay 25ms 25ms,ONE,6,cassandra2,cassandra2,6,False,True,
184,5,3,MONOTONIC_WRITES,normal,netem delay 25ms 25ms,ONE,6,cassandra2,cassandra3,6,False,True,
185,1,1,MONOTONIC_WRITES,normal,netem delay 25ms 25ms,ONE,2,cassandra2,cassandra1,1,True,True,
185,1,2,MONOTONIC_WRITES,normal,netem delay 25ms 25ms,ONE,2,cassandra2,cassandra2,2,False,True,
185,1,3,MONOTONIC_WRITES,normal,netem delay 25ms 25ms,ONE,2,cassandra2,cassandra1,2,False,True,
185,2,1,MONOTONIC_WRITES,normal,netem delay 25ms 25ms,ONE,3,cassandra1,cassandra3,3,False,True,
185,2,2,MONOTONIC_WRITES,normal,netem delay 25ms 25ms,ONE,3,cassandra1,cassandra1,3,False,True,
185,2,3,MONOTONIC_WRITES,normal,netem delay 25ms 25ms,ONE,3,cassandra1,cassandra3,3,False,True,
185,3,1,MONOTONIC_WRITES,normal,netem delay 25ms 25ms,ONE,4,cassandra1,cassandra2,3,True,True,
185,3,2,MONOTONIC_WRITES,normal,netem delay 25ms 25ms,ONE,4,cassandra1,cassandra1,4,False,True,
185,3,3,MONOTONIC_WRITES,normal,netem delay 25ms 25ms,ONE,4,cassandra1,cassandra1,4,False,True,
185,4,1,MONOTONIC_WRITES,normal,netem delay 25ms 25ms,ONE,5,cassandra1,cassandra3,5,False,True,
185,4,2,MONOTONIC_WRITES,normal,netem delay 25ms 25ms,ONE,5,cassandra1,cassandra2,5,False,True,
185,4,3,MONOTONIC_WRITES,normal,netem delay 25ms 25ms,ONE,5,cassandra1,cassandra2,5,False,True,
185,5,1,MONOTONIC_WRITES,normal,netem delay 25ms 25ms,ONE,6,cassandra2,cassandra2,6,False,True,
185,5,2,MONOTONIC_WRITES,normal,netem delay 25ms 25ms,ONE,6,cassandra2,cassandra2,6,False,True,
185,5,3,MONOTONIC_WRITES,normal,netem delay 25ms 25ms,ONE,6,cassandra2,cassandra1,6,False,True,
186,1,1,MONOTONIC_WRITES,normal,netem delay 25ms 25ms,ONE,2,cassandra2,cassandra2,2,False,True,
186,1,2,MONOTONIC_WRITES,normal,netem delay 25ms 25ms,ONE,2,cassandra2,cassandra1,1,True,True,
186,1,3,MONOTONIC_WRITES,normal,netem delay 25ms 25ms,ONE,2,cassandra2,cassandra1,2,False,True,
186,2,1,MONOTONIC_WRITES,normal,netem delay 25ms 25ms,ONE,3,cassandra3,cassandra1,2,True,True,
186,2,2,MONOTONIC_WRITES,normal,netem delay 25ms 25ms,ONE,3,cassandra3,cassandra2,3,False,True,
186,2,3,MONOTONIC_WRITES,normal,netem delay 25ms 25ms,ONE,3,cassandra3,cassandra3,3,False,True,
186,3,1,MONOTONIC_WRITES,normal,netem delay 25ms 25ms,ONE,4,cassandra3,cassandra2,4,False,True,
186,3,2,MONOTONIC_WRITES,normal,netem delay 25ms 25ms,ONE,4,cassandra3,cassandra3,4,False,True,
186,3,3,MONOTONIC_WRITES,normal,netem delay 25ms 25ms,ONE,4,cassandra3,cassandra1,4,False,True,
186,4,1,MONOTONIC_WRITES,normal,netem delay 25ms 25ms,ONE,5,cassandra2,cassandra3,5,False,True,
186,4,2,MONOTONIC_WRITES,normal,netem delay 25ms 25ms,ONE,5,cassandra2,cassandra2,5,False,True,
186,4,3,MONOTONIC_WRITES,normal,netem delay 25ms 25ms,ONE,5,cassandra2,cassandra1,5,False,True,
186,5,1,MONOTONIC_WRITES,normal,netem delay 25ms 25ms,ONE,6,cassandra1,cassandra1,6,False,True,
186,5,2,MONOTONIC_WRITES,normal,netem delay 25ms 25ms,ONE,6,cassandra1,cassandra3,6,False,True,
186,5,3,MONOTONIC_WRITES,normal,netem delay 25ms 25ms,ONE,6,cassandra1,cassandra1,6,False,True,
187,1,1,MONOTONIC_WRITES,normal,netem delay 25ms 25ms,ONE,2,cassandra1,cassandra3,1,True,True,
187,1,2,MONOTONIC_WRITES,normal,netem delay 25ms 25ms,ONE,2,cassandra1,cassandra3,2,False,True,
187,1,3,MONOTONIC_WRITES,normal,netem delay 25ms 25ms,ONE,2,cassandra1,cassandra1,2,False,True,
187,2,1,MONOTONIC_WRITES,normal,netem delay 25ms 25ms,ONE,3,cassandra2,cassandra3,3,False,True,
187,2,2,MONOTONIC_WRITES,normal,netem delay 25ms 25ms,ONE,3,cassandra2,cassandra2,3,False,True,
187,2,3,MONOTONIC_WRITES,normal,netem delay 25ms 25ms,ONE,3,cassandra2,cassandra3,3,False,True,
187,3,1,MONOTONIC_WRITES,normal,netem delay 25ms 25ms,ONE,4,cassandra2,cassandra3,4,False,True,
187,3,2,MONOTONIC_WRITES,normal,netem delay 25ms 25ms,ONE,4,cassandra2,cassandra3,4,False,True,
187,3,3,MONOTONIC_WRITES,normal,netem delay 25ms 25ms,ONE,4,cassandra2,cassandra3,4,False,True,
187,4,1,MONOTONIC_WRITES,normal,netem delay 25ms 25ms,ONE,5,cassandra2,cassandra2,5,False,True,
187,4,2,MONOTONIC_WRITES,normal,netem delay 25ms 25ms,ONE,5,cassandra2,cassandra2,5,False,True,
187,4,3,MONOTONIC_WRITES,normal,netem delay 25ms 25ms,ONE,5,cassandra2,cassandra1,5,False,True,
187,5,1,MONOTONIC_WRITES,normal,netem delay 25ms 25ms,ONE,6,cassandra2,cassandra3,6,False,True,
187,5,2,MONOTONIC_WRITES,normal,netem delay 25ms 25ms,ONE,6,cassandra2,cassandra1,6,False,True,
187,5,3,MONOTONIC_WRITES,normal,netem delay 25ms 25ms,ONE,6,cassandra2,cassandra3,6,False,True,
188,1,1,MONOTONIC_WRITES,normal,netem delay 25ms 25ms,ONE,2,cassandra1,cassandra3,1,True,True,
188,1,2,MONOTONIC_WRITES,normal,netem delay 25ms 25ms,ONE,2,cassandra1,cassandra1,2,False,True,
188,1,3,MONOTONIC_WRITES,normal,netem delay 25ms 25ms,ONE,2,cassandra1,cassandra3,2,False,True,
188,2,1,MONOTONIC_WRITES,normal,netem delay 25ms 25ms,ONE,3,cassandra1,cassandra1,3,False,True,
188,2,2,MONOTONIC_WRITES,normal,netem delay 25ms 25ms,ONE,3,cassandra1,cassandra1,3,False,True,
188,2,3,MONOTONIC_WRITES,normal,netem delay 25ms 25ms,ONE,3,cassandra1,cassandra2,3,False,True,
188,3,1,MONOTONIC_WRITES,normal,netem delay 25ms 25ms,ONE,4,cassandra3,cassandra3,4,False,True,
188,3,2,MONOTONIC_WRITES,normal,netem delay 25ms 25ms,ONE,4,cassandra3,cassandra3,4,False,True,
188,3,3,MONOTONIC_WRITES,normal,netem delay 25ms 25ms,ONE,4,cassandra3,cassandra2,4,False,True,
188,4,1,MONOTONIC_WRITES,normal,netem delay 25ms 25ms,ONE,5,cassandra3,cassandra1,5,False,True,
188,4,2,MONOTONIC_WRITES,normal,netem delay 25ms 25ms,ONE,5,cassandra3,cassandra3,5,False,True,
188,4,3,MONOTONIC_WRITES,normal,netem delay 25ms 25ms,ONE,5,cassandra3,cassandra2,5,False,True,
188,5,1,MONOTONIC_WRITES,normal,netem delay 25ms 25ms,ONE,6,cassandra3,cassandra1,6,False,True,
188,5,2,MONOTONIC_WRITES,normal,netem delay 25ms 25ms,ONE,6,cassandra3,cassandra3,6,False,True,
188,5,3,MONOTONIC_WRITES,normal,netem delay 25ms 25ms,ONE,6,cassandra3,cassandra3,6,False,True,
189,1,1,MONOTONIC_WRITES,normal,netem delay 25ms 25ms,ONE,2,cassandra1,cassandra1,2,False,True,
189,1,2,MONOTONIC_WRITES,normal,netem delay 25ms 25ms,ONE,2,cassandra1,cassandra2,2,False,True,
189,1,3,MONOTONIC_WRITES,normal,netem delay 25ms 25ms,ONE,2,cassandra1,cassandra2,2,False,True,
189,2,1,MONOTONIC_WRITES,normal,netem delay 25ms 25ms,ONE,3,cassandra3,cassandra3,3,False,True,
189,2,2,MONOTONIC_WRITES,normal,netem delay 25ms 25ms,ONE,3,cassandra3,cassandra2,3,False,True,
189,2,3,MONOTONIC_WRITES,normal,netem delay 25ms 25ms,ONE,3,cassandra3,cassandra3,3,False,True,
189,3,1,MONOTONIC_WRITES,normal,netem delay 25ms 25ms,ONE,4,cassandra1,cassandra1,4,False,True,
189,3,2,MONOTONIC_WRITES,normal,netem delay 25ms 25ms,ONE,4,cassandra1,cassandra3,4,False,True,
189,3,3,MONOTONIC_WRITES,normal,netem delay 25ms 25ms,ONE,4,cassandra1,cassandra1,4,False,True,
189,4,1,MONOTONIC_WRITES,normal,netem delay 25ms 25ms,ONE,5,cassandra2,cassandra1,4,True,True,
189,4,2,MONOTONIC_WRITES,normal,netem delay 25ms 25ms,ONE,5,cassandra2,cassandra2,5,False,True,
189,4,3,MONOTONIC_WRITES,normal,netem delay 25ms 25ms,ONE,5,cassandra2,cassandra1,5,False,True,
189,5,1,MONOTONIC_WRITES,normal,netem delay 25ms 25ms,ONE,6,cassandra2,cassandra2,6,False,True,
189,5,2,MONOTONIC_WRITES,normal,netem delay 25ms 25ms,ONE,6,cassandra2,cassandra3,6,False,True,
189,5,3,MONOTONIC_WRITES,normal,netem delay 25ms 25ms,ONE,6,cassandra2,cassandra1,6,False,True,
190,1,1,MONOTONIC_WRITES,normal,netem delay 25ms 25ms,ONE,2,cassandra1,cassandra3,2,False,True,
190,1,2,MONOTONIC_WRITES,normal,netem delay 25ms 25ms,ONE,2,cassandra1,cassandra2,1,True,True,
190,1,3,MONOTONIC_WRITES,normal,netem delay 25ms 25ms,ONE,2,cassandra1,cassandra2,2,False,True,
190,2,1,MONOTONIC_WRITES,normal,netem delay 25ms 25ms,ONE,3,cassandra3,cassandra2,3,False,True,
190,2,2,MONOTONIC_WRITES,normal,netem delay 25ms 25ms,ONE,3,cassandra3,cassandra1,3,False,True,
190,2,3,MONOTONIC_WRITES,normal,netem delay 25ms 25ms,ONE,3,cassandra3,cassandra3,3,False,True,
190,3,1,MONOTONIC_WRITES,normal,netem delay 25ms 25ms,ONE,4,cassandra1,cassandra3,4,False,True,
190,3,2,MONOTONIC_WRITES,normal,netem delay 25ms 25ms,ONE,4,cassandra1,cassandra1,4,False,True,
190,3,3,MONOTONIC_WRITES,normal,netem delay 25ms 25ms,ONE,4,cassandra1,cassandra2,4,False,True,
190,4,1,MONOTONIC_WRITES,normal,netem delay 25ms 25ms,ONE,5,cassandra2,cassandra2,5,False,True,
190,4,2,MONOTONIC_WRITES,normal,netem delay 25ms 25ms,ONE,5,cassandra2,cassandra1,5,False,True,
190,4,3,MONOTONIC_WRITES,normal,netem delay 25ms 25ms,ONE,5,cassandra2,cassandra3,5,False,True,
190,5,1,MONOTONIC_WRITES,normal,netem delay 25ms 25ms,ONE,6,cassandra3,cassandra2,6,False,True,
190,5,2,MONOTONIC_WRITES,normal,netem delay 25ms 25ms,ONE,6,cassandra3,cassandra2,6,False,True,
190,5,3,MONOTONIC_WRITES,normal,netem delay 25ms 25ms,ONE,6,cassandra3,cassandra3,6,False,True,
191,1,1,MONOTONIC_WRITES,normal,netem delay 25ms 25ms,ONE,2,cassandra3,cassandra1,2,False,True,
191,1,2,MONOTONIC_WRITES,normal,netem delay 25ms 25ms,ONE,2,cassandra3,cassandra3,2,False,True,
191,1,3,MONOTONIC_WRITES,normal,netem delay 25ms 25ms,ONE,2,cassandra3,cassandra1,2,False,True,
191,2,1,MONOTONIC_WRITES,normal,netem delay 25ms 25ms,ONE,3,cassandra2,cassandra1,3,False,True,
191,2,2,MONOTONIC_WRITES,normal,netem delay 25ms 25ms,ONE,3,cassandra2,cassandra3,3,False,True,
191,2,3,MONOTONIC_WRITES,normal,netem delay 25ms 25ms,ONE,3,cassandra2,cassandra2,3,False,True,
191,3,1,MONOTONIC_WRITES,normal,netem delay 25ms 25ms,ONE,4,cassandra2,cassandra1,4,False,True,
191,3,2,MONOTONIC_WRITES,normal,netem delay 25ms 25ms,ONE,4,cassandra2,cassandra2,4,False,True,
191,3,3,MONOTONIC_WRITES,normal,netem delay 25ms 25ms,ONE,4,cassandra2,cassandra1,4,False,True,
191,4,1,MONOTONIC_WRITES,normal,netem delay 25ms 25ms,ONE,5,cassandra1,cassandra3,5,False,True,
191,4,2,MONOTONIC_WRITES,normal,netem delay 25ms 25ms,ONE,5,cassandra1,cassandra2,5,False,True,
191,4,3,MONOTONIC_WRITES,normal,netem delay 25ms 25ms,ONE,5,cassandra1,cassandra3,5,False,True,
191,5,1,MONOTONIC_WRITES,normal,netem delay 25ms 25ms,ONE,6,cassandra3,cassandra3,6,False,True,
191,5,2,MONOTONIC_WRITES,normal,netem delay 25ms 25ms,ONE,6,cassandra3,cassandra1,6,False,True,
191,5,3,MONOTONIC_WRITES,normal,netem delay 25ms 25ms,ONE,6,cassandra3,cassandra3,6,False,True,
192,1,1,MONOTONIC_WRITES,normal,netem delay 25ms 25ms,ONE,2,cassandra1,cassandra2,1,True,True,
192,1,2,MONOTONIC_WRITES,normal,netem delay 25ms 25ms,ONE,2,cassandra1,cassandra3,2,False,True,
192,1,3,MONOTONIC_WRITES,normal,netem delay 25ms 25ms,ONE,2,cassandra1,cassandra2,2,False,True,
192,2,1,MONOTONIC_WRITES,normal,netem delay 25ms 25ms,ONE,3,cassandra3,cassandra2,3,False,True,
192,2,2,MONOTONIC_WRITES,normal,netem delay 25ms 25ms,ONE,3,cassandra3,cassandra2,3,False,True,
192,2,3,MONOTONIC_WRITES,normal,netem delay 25ms 25ms,ONE,3,cassandra3,cassandra2,3,False,True,
192,3,1,MONOTONIC_WRITES,normal,netem delay 25ms 25ms,ONE,4,cassandra2,cassandra1,4,False,True,
192,3,2,MONOTONIC_WRITES,normal,netem delay 25ms 25ms,ONE,4,cassandra2,cassandra3,4,False,True,
192,3,3,MONOTONIC_WRITES,normal,netem delay 25ms 25ms,ONE,4,cassandra2,cassandra1,4,False,True,
192,4,1,MONOTONIC_WRITES,normal,netem delay 25ms 25ms,ONE,5,cassandra1,cassandra2,5,False,True,
192,4,2,MONOTONIC_WRITES,normal,netem delay 25ms 25ms,ONE,5,cassandra1,cassandra2,5,False,True,
192,4,3,MONOTONIC_WRITES,normal,netem delay 25ms 25ms,ONE,5,cassandra1,cassandra2,5,False,True,
192,5,1,MONOTONIC_WRITES,normal,netem delay 25ms 25ms,ONE,6,cassandra3,cassandra2,5,True,True,
192,5,2,MONOTONIC_WRITES,normal,netem delay 25ms 25ms,ONE,6,cassandra3,cassandra2,6,False,True,
192,5,3,MONOTONIC_WRITES,normal,netem delay 25ms 25ms,ONE,6,cassandra3,cassandra3,6,False,True,
193,1,1,MONOTONIC_WRITES,normal,netem delay 25ms 25ms,ONE,2,cassandra1,cassandra3,1,True,True,
193,1,2,MONOTONIC_WRITES,normal,netem delay 25ms 25ms,ONE,2,cassandra1,cassandra3,2,False,True,
193,1,3,MONOTONIC_WRITES,normal,netem delay 25ms 25ms,ONE,2,cassandra1,cassandra1,2,False,True,
193,2,1,MONOTONIC_WRITES,normal,netem delay 25ms 25ms,ONE,3,cassandra3,cassandra3,3,False,True,
193,2,2,MONOTONIC_WRITES,normal,netem delay 25ms 25ms,ONE,3,cassandra3,cassandra1,3,False,True,
193,2,3,MONOTONIC_WRITES,normal,netem delay 25ms 25ms,ONE,3,cassandra3,cassandra3,3,False,True,
193,3,1,MONOTONIC_WRITES,normal,netem delay 25ms 25ms,ONE,4,cassandra1,cassandra1,4,False,True,
193,3,2,MONOTONIC_WRITES,normal,netem delay 25ms 25ms,ONE,4,cassandra1,cassandra3,4,False,True,
193,3,3,MONOTONIC_WRITES,normal,netem delay 25ms 25ms,ONE,4,cassandra1,cassandra3,4,False,True,
193,4,1,MONOTONIC_WRITES,normal,netem delay 25ms 25ms,ONE,5,cassandra3,cassandra2,5,False,True,
193,4,2,MONOTONIC_WRITES,normal,netem delay 25ms 25ms,ONE,5,cassandra3,cassandra1,5,False,True,
193,4,3,MONOTONIC_WRITES,normal,netem delay 25ms 25ms,ONE,5,cassandra3,cassandra3,5,False,True,
193,5,1,MONOTONIC_WRITES,normal,netem delay 25ms 25ms,ONE,6,cassandra2,cassandra1,5,True,True,
193,5,2,MONOTONIC_WRITES,normal,netem delay 25ms 25ms,ONE,6,cassandra2,cassandra1,6,False,True,
193,5,3,MONOTONIC_WRITES,normal,netem delay 25ms 25ms,ONE,6,cassandra2,cassandra2,6,False,True,
194,1,1,MONOTONIC_WRITES,normal,netem delay 25ms 25ms,ONE,2,cassandra2,cassandra2,2,False,True,
194,1,2,MONOTONIC_WRITES,normal,netem delay 25ms 25ms,ONE,2,cassandra2,cassandra1,2,False,True,
194,1,3,MONOTONIC_WRITES,normal,netem delay 25ms 25ms,ONE,2,cassandra2,cassandra1,2,False,True,
194,2,1,MONOTONIC_WRITES,normal,netem delay 25ms 25ms,ONE,3,cassandra3,cassandra2,3,False,True,
194,2,2,MONOTONIC_WRITES,normal,netem delay 25ms 25ms,ONE,3,cassandra3,cassandra2,3,False,True,
194,2,3,MONOTONIC_WRITES,normal,netem delay 25ms 25ms,ONE,3,cassandra3,cassandra1,3,False,True,
194,3,1,MONOTONIC_WRITES,normal,netem delay 25ms 25ms,ONE,4,cassandra1,cassandra2,4,False,True,
194,3,2,MONOTONIC_WRITES,normal,netem delay 25ms 25ms,ONE,4,cassandra1,cassandra1,4,False,True,
194,3,3,MONOTONIC_WRITES,normal,netem delay 25ms 25ms,ONE,4,cassandra1,cassandra1,4,False,True,
194,4,1,MONOTONIC_WRITES,normal,netem delay 25ms 25ms,ONE,5,cassandra1,cassandra3,4,True,True,
194,4,2,MONOTONIC_WRITES,normal,netem delay 25ms 25ms,ONE,5,cassandra1,cassandra2,5,False,True,
194,4,3,MONOTONIC_WRITES,normal,netem delay 25ms 25ms,ONE,5,cassandra1,cassandra1,5,False,True,
194,5,1,MONOTONIC_WRITES,normal,netem delay 25ms 25ms,ONE,6,cassandra3,cassandra2,6,False,True,
194,5,2,MONOTONIC_WRITES,normal,netem delay 25ms 25ms,ONE,6,cassandra3,cassandra2,6,False,True,
194,5,3,MONOTONIC_WRITES,normal,netem delay 25ms 25ms,ONE,6,cassandra3,cassandra2,6,False,True,
195,1,1,MONOTONIC_WRITES,normal,netem delay 25ms 25ms,ONE,2,cassandra1,cassandra1,2,False,True,
195,1,2,MONOTONIC_WRITES,normal,netem delay 25ms 25ms,ONE,2,cassandra1,cassandra2,2,False,True,
195,1,3,MONOTONIC_WRITES,normal,netem delay 25ms 25ms,ONE,2,cassandra1,cassandra3,2,False,True,
195,2,1,MONOTONIC_WRITES,normal,netem delay 25ms 25ms,ONE,3,cassandra2,cassandra2,3,False,True,
195,2,2,MONOTONIC_WRITES,normal,netem delay 25ms 25ms,ONE,3,cassandra2,cassandra3,3,False,True,
195,2,3,MONOTONIC_WRITES,normal,netem delay 25ms 25ms,ONE,3,cassandra2,cassandra2,3,False,True,
195,3,1,MONOTONIC_WRITES,normal,netem delay 25ms 25ms,ONE,4,cassandra3,cassandra1,4,False,True,
195,3,2,MONOTONIC_WRITES,normal,netem delay 25ms 25ms,ONE,4,cassandra3,cassandra3,4,False,True,
195,3,3,MONOTONIC_WRITES,normal,netem delay 25ms 25ms,ONE,4,cassandra3,cassandra3,4,False,True,
195,4,1,MONOTONIC_WRITES,normal,netem delay 25ms 25ms,ONE,5,cassandra2,cassandra1,4,True,True,
195,4,2,MONOTONIC_WRITES,normal,netem delay 25ms 25ms,ONE,5,cassandra2,cassandra1,5,False,True,
195,4,3,MONOTONIC_WRITES,normal,netem delay 25ms 25ms,ONE,5,cassandra2,cassandra2,5,False,True,
195,5,1,MONOTONIC_WRITES,normal,netem delay 25ms 25ms,ONE,6,cassandra2,cassandra3,5,True,True,
195,5,2,MONOTONIC_WRITES,normal,netem delay 25ms 25ms,ONE,6,cassandra2,cassandra2,6,False,True,
195,5,3,MONOTONIC_WRITES,normal,netem delay 25ms 25ms,ONE,6,cassandra2,cassandra1,6,False,True,
196,1,1,MONOTONIC_WRITES,normal,netem delay 25ms 25ms,ONE,2,cassandra2,cassandra2,2,False,True,
196,1,2,MONOTONIC_WRITES,normal,netem delay 25ms 25ms,ONE,2,cassandra2,cassandra2,2,False,True,
196,1,3,MONOTONIC_WRITES,normal,netem delay 25ms 25ms,ONE,2,cassandra2,cassandra2,2,False,True,
196,2,1,MONOTONIC_WRITES,normal,netem delay 25ms 25ms,ONE,3,cassandra3,cassandra1,2,True,True,
196,2,2,MONOTONIC_WRITES,normal,netem delay 25ms 25ms,ONE,3,cassandra3,cassandra3,3,False,True,
196,2,3,MONOTONIC_WRITES,normal,netem delay 25ms 25ms,ONE,3,cassandra3,cassandra1,3,False,True,
196,3,1,MONOTONIC_WRITES,normal,netem delay 25ms 25ms,ONE,4,cassandra2,cassandra1,4,False,True,
196,3,2,MONOTONIC_WRITES,normal,netem delay 25ms 25ms,ONE,4,cassandra2,cassandra3,4,False,True,
196,3,3,MONOTONIC_WRITES,normal,netem delay 25ms 25ms,ONE,4,cassandra2,cassandra2,4,False,True,
196,4,1,MONOTONIC_WRITES,normal,netem delay 25ms 25ms,ONE,5,cassandra3,cassandra3,5,False,True,
196,4,2,MONOTONIC_WRITES,normal,netem delay 25ms 25ms,ONE,5,cassandra3,cassandra2,5,False,True,
196,4,3,MONOTONIC_WRITES,normal,netem delay 25ms 25ms,ONE,5,cassandra3,cassandra3,5,False,True,
196,5,1,MONOTONIC_WRITES,normal,netem delay 25ms 25ms,ONE,6,cassandra3,cassandra2,6,False,True,
196,5,2,MONOTONIC_WRITES,normal,netem delay 25ms 25ms,ONE,6,cassandra3,cassandra3,6,False,True,
196,5,3,MONOTONIC_WRITES,normal,netem delay 25ms 25ms,ONE,6,cassandra3,cassandra2,6,False,True,
197,1,1,MONOTONIC_WRITES,normal,netem delay 25ms 25ms,ONE,2,cassandra1,cassandra2,1,True,True,
197,1,2,MONOTONIC_WRITES,normal,netem delay 25ms 25ms,ONE,2,cassandra1,cassandra1,2,False,True,
197,1,3,MONOTONIC_WRITES,normal,netem delay 25ms 25ms,ONE,2,cassandra1,cassandra2,2,False,True,
197,2,1,MONOTONIC_WRITES,normal,netem delay 25ms 25ms,ONE,3,cassandra1,cassandra3,3,False,True,
197,2,2,MONOTONIC_WRITES,normal,netem delay 25ms 25ms,ONE,3,cassandra1,cassandra3,3,False,True,
197,2,3,MONOTONIC_WRITES,normal,netem delay 25ms 25ms,ONE,3,cassandra1,cassandra3,3,False,True,
197,3,1,MONOTONIC_WRITES,normal,netem delay 25ms 25ms,ONE,4,cassandra3,cassandra3,4,False,True,
197,3,2,MONOTONIC_WRITES,normal,netem delay 25ms 25ms,ONE,4,cassandra3,cassandra3,4,False,True,
197,3,3,MONOTONIC_WRITES,normal,netem delay 25ms 25ms,ONE,4,cassandra3,cassandra3,4,False,True,
197,4,1,MONOTONIC_WRITES,normal,netem delay 25ms 25ms,ONE,5,cassandra2,cassandra3,5,False,True,
197,4,2,MONOTONIC_WRITES,normal,netem delay 25ms 25ms,ONE,5,cassandra2,cassandra2,5,False,True,
197,4,3,MONOTONIC_WRITES,normal,netem delay 25ms 25ms,ONE,5,cassandra2,cassandra2,5,False,True,
197,5,1,MONOTONIC_WRITES,normal,netem delay 25ms 25ms,ONE,6,cassandra2,cassandra3,5,True,True,
197,5,2,MONOTONIC_WRITES,normal,netem delay 25ms 25ms,ONE,6,cassandra2,cassandra1,6,False,True,
197,5,3,MONOTONIC_WRITES,normal,netem delay 25ms 25ms,ONE,6,cassandra2,cassandra2,6,False,True,
198,1,1,MONOTONIC_WRITES,normal,netem delay 25ms 25ms,ONE,2,cassandra3,cassandra2,2,False,True,
198,1,2,MONOTONIC_WRITES,normal,netem delay 25ms 25ms,ONE,2,cassandra3,cassandra1,2,False,True,
198,1,3,MONOTONIC_WRITES,normal,netem delay 25ms 25ms,ONE,2,cassandra3,cassandra1,2,False,True,
198,2,1,MONOTONIC_WRITES,normal,netem delay 25ms 25ms,ONE,3,cassandra2,cassandra2,3,False,True,
198,2,2,MONOTONIC_WRITES,normal,netem delay 25ms 25ms,ONE,3,cassandra2,cassandra2,3,False,True,
198,2,3,MONOTONIC_WRITES,normal,netem delay 25ms 25ms,ONE,3,cassandra2,cassandra2,3,False,True,
198,3,1,MONOTONIC_WRITES,normal,netem delay 25ms 25ms,ONE,4,cassandra3,cassandra1,4,False,True,
198,3,2,MONOTONIC_WRITES,normal,netem delay 25ms 25ms,ONE,4,cassandra3,cassandra2,4,False,True,
198,3,3,MONOTONIC_WRITES,normal,netem delay 25ms 25ms,ONE,4,cassandra3,cassandra2,4,False,True,
198,4,1,MONOTONIC_WRITES,normal,netem delay 25ms 25ms,ONE,5,cassandra3,cassandra1,5,False,True,
198,4,2,MONOTONIC_WRITES,normal,netem delay 25ms 25ms,ONE,5,cassandra3,cassandra3,5,False,True,
198,4,3,MONOTONIC_WRITES,normal,netem delay 25ms 25ms,ONE,5,cassandra3,cassandra2,5,False,True,
198,5,1,MONOTONIC_WRITES,normal,netem delay 25ms 25ms,ONE,6,cassandra3,cassandra1,6,False,True,
198,5,2,MONOTONIC_WRITES,normal,netem delay 25ms 25ms,ONE,6,cassandra3,cassandra1,6,False,True,
198,5,3,MONOTONIC_WRITES,normal,netem delay 25ms 25ms,ONE,6,cassandra3,cassandra2,6,False,True,
199,1,1,MONOTONIC_WRITES,normal,netem delay 25ms 25ms,ONE,2,cassandra1,cassandra3,2,False,True,
199,1,2,MONOTONIC_WRITES,normal,netem delay 25ms 25ms,ONE,2,cassandra1,cassandra2,2,False,True,
199,1,3,MONOTONIC_WRITES,normal,netem delay 25ms 25ms,ONE,2,cassandra1,cassandra2,2,False,True,
199,2,1,MONOTONIC_WRITES,normal,netem delay 25ms 25ms,ONE,3,cassandra2,cassandra1,3,False,True,
199,2,2,MONOTONIC_WRITES,normal,netem delay 25ms 25ms,ONE,3,cassandra2,cassandra2,3,False,True,
199,2,3,MONOTONIC_WRITES,normal,netem delay 25ms 25ms,ONE,3,cassandra2,cassandra2,3,False,True,
199,3,1,MONOTONIC_WRITES,normal,netem delay 25ms 25ms,ONE,4,cassandra2,cassandra3,4,False,True,
199,3,2,MONOTONIC_WRITES,normal,netem delay 25ms 25ms,ONE,4,cassandra2,cassandra3,4,False,True,
199,3,3,MONOTONIC_WRITES,normal,netem delay 25ms 25ms,ONE,4,cassandra2,cassandra2,4,False,True,
199,4,1,MONOTONIC_WRITES,normal,netem delay 25ms 25ms,ONE,5,cassandra1,cassandra1,5,False,True,
199,4,2,MONOTONIC_WRITES,normal,netem delay 25ms 25ms,ONE,5,cassandra1,cassandra1,5,False,True,
199,4,3,MONOTONIC_WRITES,normal,netem delay 25ms 25ms,ONE,5,cassandra1,cassandra2,5,False,True,
199,5,1,MONOTONIC_WRITES,normal,netem delay 25ms 25ms,ONE,6,cassandra1,cassandra2,6,False,True,
199,5,2,MONOTONIC_WRITES,normal,netem delay 25ms 25ms,ONE,6,cassandra1,cassandra2,6,False,True,
199,5,3,MONOTONIC_WRITES,normal,netem delay 25ms 25ms,ONE,6,cassandra1,cassandra2,6,False,True,
200,1,1,MONOTONIC_WRITES,normal,netem delay 25ms 25ms,ONE,2,cassandra2,cassandra1,2,False,True,
200,1,2,MONOTONIC_WRITES,normal,netem delay 25ms 25ms,ONE,2,cassandra2,cassandra2,2,False,True,
200,1,3,MONOTONIC_WRITES,normal,netem delay 25ms 25ms,ONE,2,cassandra2,cassandra2,2,False,True,
200,2,1,MONOTONIC_WRITES,normal,netem delay 25ms 25ms,ONE,3,cassandra3,cassandra1,2,True,True,
200,2,2,MONOTONIC_WRITES,normal,netem delay 25ms 25ms,ONE,3,cassandra3,cassandra3,3,False,True,
200,2,3,MONOTONIC_WRITES,normal,netem delay 25ms 25ms,ONE,3,cassandra3,cassandra1,3,False,True,
200,3,1,MONOTONIC_WRITES,normal,netem delay 25ms 25ms,ONE,4,cassandra1,cassandra2,4,False,True,
200,3,2,MONOTONIC_WRITES,normal,netem delay 25ms 25ms,ONE,4,cassandra1,cassandra3,4,False,True,
200,3,3,MONOTONIC_WRITES,normal,netem delay 25ms 25ms,ONE,4,cassandra1,cassandra3,4,False,True,
200,4,1,MONOTONIC_WRITES,normal,netem delay 25ms 25ms,ONE,5,cassandra1,cassandra1,5,False,True,
200,4,2,MONOTONIC_WRITES,normal,netem delay 25ms 25ms,ONE,5,cassandra1,cassandra3,5,False,True,
200,4,3,MONOTONIC_WRITES,normal,netem delay 25ms 25ms,ONE,5,cassandra1,cassandra3,5,False,True,
200,5,1,MONOTONIC_WRITES,normal,netem delay 25ms 25ms,ONE,6,cassandra2,cassandra3,6,False,True,
200,5,2,MONOTONIC_WRITES,normal,netem delay 25ms 25ms,ONE,6,cassandra2,cassandra1,6,False,True,
200,5,3,MONOTONIC_WRITES,normal,netem delay 25ms 25ms,ONE,6,cassandra2,cassandra2,6,False,True,
1,1,1,MONOTONIC_WRITES,normal,netem delay 25ms 25ms,QUORUM,2,cassandra1,cassandra3,2,False,True,
1,1,2,MONOTONIC_WRITES,normal,netem delay 25ms 25ms,QUORUM,2,cassandra1,cassandra2,2,False,True,
1,1,3,MONOTONIC_WRITES,normal,netem delay 25ms 25ms,QUORUM,2,cassandra1,cassandra1,2,False,True,
1,2,1,MONOTONIC_WRITES,normal,netem delay 25ms 25ms,QUORUM,3,cassandra2,cassandra2,3,False,True,
1,2,2,MONOTONIC_WRITES,normal,netem delay 25ms 25ms,QUORUM,3,cassandra2,cassandra1,3,False,True,
1,2,3,MONOTONIC_WRITES,normal,netem delay 25ms 25ms,QUORUM,3,cassandra2,cassandra1,3,False,True,
1,3,1,MONOTONIC_WRITES,normal,netem delay 25ms 25ms,QUORUM,4,cassandra2,cassandra2,4,False,True,
1,3,2,MONOTONIC_WRITES,normal,netem delay 25ms 25ms,QUORUM,4,cassandra2,cassandra3,4,False,True,
1,3,3,MONOTONIC_WRITES,normal,netem delay 25ms 25ms,QUORUM,4,cassandra2,cassandra2,4,False,True,
1,4,1,MONOTONIC_WRITES,normal,netem delay 25ms 25ms,QUORUM,5,cassandra2,cassandra2,5,False,True,
1,4,2,MONOTONIC_WRITES,normal,netem delay 25ms 25ms,QUORUM,5,cassandra2,cassandra2,5,False,True,
1,4,3,MONOTONIC_WRITES,normal,netem delay 25ms 25ms,QUORUM,5,cassandra2,cassandra3,5,False,True,
1,5,1,MONOTONIC_WRITES,normal,netem delay 25ms 25ms,QUORUM,6,cassandra1,cassandra3,6,False,True,
1,5,2,MONOTONIC_WRITES,normal,netem delay 25ms 25ms,QUORUM,6,cassandra1,cassandra1,6,False,True,
1,5,3,MONOTONIC_WRITES,normal,netem delay 25ms 25ms,QUORUM,6,cassandra1,cassandra3,6,False,True,
2,1,1,MONOTONIC_WRITES,normal,netem delay 25ms 25ms,QUORUM,2,cassandra3,cassandra2,2,False,True,
2,1,2,MONOTONIC_WRITES,normal,netem delay 25ms 25ms,QUORUM,2,cassandra3,cassandra3,2,False,True,
2,1,3,MONOTONIC_WRITES,normal,netem delay 25ms 25ms,QUORUM,2,cassandra3,cassandra3,2,False,True,
2,2,1,MONOTONIC_WRITES,normal,netem delay 25ms 25ms,QUORUM,3,cassandra3,cassandra1,3,False,True,
2,2,2,MONOTONIC_WRITES,normal,netem delay 25ms 25ms,QUORUM,3,cassandra3,cassandra3,3,False,True,
2,2,3,MONOTONIC_WRITES,normal,netem delay 25ms 25ms,QUORUM,3,cassandra3,cassandra1,3,False,True,
2,3,1,MONOTONIC_WRITES,normal,netem delay 25ms 25ms,QUORUM,4,cassandra2,cassandra2,4,False,True,
2,3,2,MONOTONIC_WRITES,normal,netem delay 25ms 25ms,QUORUM,4,cassandra2,cassandra2,4,False,True,
2,3,3,MONOTONIC_WRITES,normal,netem delay 25ms 25ms,QUORUM,4,cassandra2,cassandra2,4,False,True,
2,4,1,MONOTONIC_WRITES,normal,netem delay 25ms 25ms,QUORUM,5,cassandra1,cassandra1,5,False,True,
2,4,2,MONOTONIC_WRITES,normal,netem delay 25ms 25ms,QUORUM,5,cassandra1,cassandra2,5,False,True,
2,4,3,MONOTONIC_WRITES,normal,netem delay 25ms 25ms,QUORUM,5,cassandra1,cassandra1,5,False,True,
2,5,1,MONOTONIC_WRITES,normal,netem delay 25ms 25ms,QUORUM,6,cassandra3,cassandra3,6,False,True,
2,5,2,MONOTONIC_WRITES,normal,netem delay 25ms 25ms,QUORUM,6,cassandra3,cassandra2,6,False,True,
2,5,3,MONOTONIC_WRITES,normal,netem delay 25ms 25ms,QUORUM,6,cassandra3,cassandra3,6,False,True,
3,1,1,MONOTONIC_WRITES,normal,netem delay 25ms 25ms,QUORUM,2,cassandra1,cassandra3,2,False,True,
3,1,2,MONOTONIC_WRITES,normal,netem delay 25ms 25ms,QUORUM,2,cassandra1,cassandra2,2,False,True,
3,1,3,MONOTONIC_WRITES,normal,netem delay 25ms 25ms,QUORUM,2,cassandra1,cassandra3,2,False,True,
3,2,1,MONOTONIC_WRITES,normal,netem delay 25ms 25ms,QUORUM,3,cassandra1,cassandra3,3,False,True,
3,2,2,MONOTONIC_WRITES,normal,netem delay 25ms 25ms,QUORUM,3,cassandra1,cassandra1,3,False,True,
3,2,3,MONOTONIC_WRITES,normal,netem delay 25ms 25ms,QUORUM,3,cassandra1,cassandra2,3,False,True,
3,3,1,MONOTONIC_WRITES,normal,netem delay 25ms 25ms,QUORUM,4,cassandra2,cassandra1,4,False,True,
3,3,2,MONOTONIC_WRITES,normal,netem delay 25ms 25ms,QUORUM,4,cassandra2,cassandra2,4,False,True,
3,3,3,MONOTONIC_WRITES,normal,netem delay 25ms 25ms,QUORUM,4,cassandra2,cassandra1,4,False,True,
3,4,1,MONOTONIC_WRITES,normal,netem delay 25ms 25ms,QUORUM,5,cassandra1,cassandra2,5,False,True,
3,4,2,MONOTONIC_WRITES,normal,netem delay 25ms 25ms,QUORUM,5,cassandra1,cassandra2,5,False,True,
3,4,3,MONOTONIC_WRITES,normal,netem delay 25ms 25ms,QUORUM,5,cassandra1,cassandra3,5,False,True,
3,5,1,MONOTONIC_WRITES,normal,netem delay 25ms 25ms,QUORUM,6,cassandra3,cassandra3,6,False,True,
3,5,2,MONOTONIC_WRITES,normal,netem delay 25ms 25ms,QUORUM,6,cassandra3,cassandra1,6,False,True,
3,5,3,MONOTONIC_WRITES,normal,netem delay 25ms 25ms,QUORUM,6,cassandra3,cassandra1,6,False,True,
4,1,1,MONOTONIC_WRITES,normal,netem delay 25ms 25ms,QUORUM,2,cassandra2,cassandra3,2,False,True,
4,1,2,MONOTONIC_WRITES,normal,netem delay 25ms 25ms,QUORUM,2,cassandra2,cassandra2,2,False,True,
4,1,3,MONOTONIC_WRITES,normal,netem delay 25ms 25ms,QUORUM,2,cassandra2,cassandra2,2,False,True,
4,2,1,MONOTONIC_WRITES,normal,netem delay 25ms 25ms,QUORUM,3,cassandra1,cassandra1,3,False,True,
4,2,2,MONOTONIC_WRITES,normal,netem delay 25ms 25ms,QUORUM,3,cassandra1,cassandra1,3,False,True,
4,2,3,MONOTONIC_WRITES,normal,netem delay 25ms 25ms,QUORUM,3,cassandra1,cassandra3,3,False,True,
4,3,1,MONOTONIC_WRITES,normal,netem delay 25ms 25ms,QUORUM,4,cassandra2,cassandra3,4,False,True,
4,3,2,MONOTONIC_WRITES,normal,netem delay 25ms 25ms,QUORUM,4,cassandra2,cassandra2,4,False,True,
4,3,3,MONOTONIC_WRITES,normal,netem delay 25ms 25ms,QUORUM,4,cassandra2,cassandra1,4,False,True,
4,4,1,MONOTONIC_WRITES,normal,netem delay 25ms 25ms,QUORUM,5,cassandra1,cassandra1,5,False,True,
4,4,2,MONOTONIC_WRITES,normal,netem delay 25ms 25ms,QUORUM,5,cassandra1,cassandra2,5,False,True,
4,4,3,MONOTONIC_WRITES,normal,netem delay 25ms 25ms,QUORUM,5,cassandra1,cassandra2,5,False,True,
4,5,1,MONOTONIC_WRITES,normal,netem delay 25ms 25ms,QUORUM,6,cassandra1,cassandra1,6,False,True,
4,5,2,MONOTONIC_WRITES,normal,netem delay 25ms 25ms,QUORUM,6,cassandra1,cassandra1,6,False,True,
4,5,3,MONOTONIC_WRITES,normal,netem delay 25ms 25ms,QUORUM,6,cassandra1,cassandra1,6,False,True,
5,1,1,MONOTONIC_WRITES,normal,netem delay 25ms 25ms,QUORUM,2,cassandra2,cassandra1,2,False,True,
5,1,2,MONOTONIC_WRITES,normal,netem delay 25ms 25ms,QUORUM,2,cassandra2,cassandra1,2,False,True,
5,1,3,MONOTONIC_WRITES,normal,netem delay 25ms 25ms,QUORUM,2,cassandra2,cassandra2,2,False,True,
5,2,1,MONOTONIC_WRITES,normal,netem delay 25ms 25ms,QUORUM,3,cassandra3,cassandra1,3,False,True,
5,2,2,MONOTONIC_WRITES,normal,netem delay 25ms 25ms,QUORUM,3,cassandra3,cassandra1,3,False,True,
5,2,3,MONOTONIC_WRITES,normal,netem delay 25ms 25ms,QUORUM,3,cassandra3,cassandra2,3,False,True,
5,3,1,MONOTONIC_WRITES,normal,netem delay 25ms 25ms,QUORUM,4,cassandra1,cassandra1,4,False,True,
5,3,2,MONOTONIC_WRITES,normal,netem delay 25ms 25ms,QUORUM,4,cassandra1,cassandra1,4,False,True,
5,3,3,MONOTONIC_WRITES,normal,netem delay 25ms 25ms,QUORUM,4,cassandra1,cassandra3,4,False,True,
5,4,1,MONOTONIC_WRITES,normal,netem delay 25ms 25ms,QUORUM,5,cassandra1,cassandra3,5,False,True,
5,4,2,MONOTONIC_WRITES,normal,netem delay 25ms 25ms,QUORUM,5,cassandra1,cassandra1,5,False,True,
5,4,3,MONOTONIC_WRITES,normal,netem delay 25ms 25ms,QUORUM,5,cassandra1,cassandra2,5,False,True,
5,5,1,MONOTONIC_WRITES,normal,netem delay 25ms 25ms,QUORUM,6,cassandra1,cassandra3,6,False,True,
5,5,2,MONOTONIC_WRITES,normal,netem delay 25ms 25ms,QUORUM,6,cassandra1,cassandra3,6,False,True,
5,5,3,MONOTONIC_WRITES,normal,netem delay 25ms 25ms,QUORUM,6,cassandra1,cassandra2,6,False,True,
6,1,1,MONOTONIC_WRITES,normal,netem delay 25ms 25ms,QUORUM,2,cassandra2,cassandra1,2,False,True,
6,1,2,MONOTONIC_WRITES,normal,netem delay 25ms 25ms,QUORUM,2,cassandra2,cassandra1,2,False,True,
6,1,3,MONOTONIC_WRITES,normal,netem delay 25ms 25ms,QUORUM,2,cassandra2,cassandra1,2,False,True,
6,2,1,MONOTONIC_WRITES,normal,netem delay 25ms 25ms,QUORUM,3,cassandra2,cassandra1,3,False,True,
6,2,2,MONOTONIC_WRITES,normal,netem delay 25ms 25ms,QUORUM,3,cassandra2,cassandra1,3,False,True,
6,2,3,MONOTONIC_WRITES,normal,netem delay 25ms 25ms,QUORUM,3,cassandra2,cassandra3,3,False,True,
6,3,1,MONOTONIC_WRITES,normal,netem delay 25ms 25ms,QUORUM,4,cassandra2,cassandra1,4,False,True,
6,3,2,MONOTONIC_WRITES,normal,netem delay 25ms 25ms,QUORUM,4,cassandra2,cassandra2,4,False,True,
6,3,3,MONOTONIC_WRITES,normal,netem delay 25ms 25ms,QUORUM,4,cassandra2,cassandra3,4,False,True,
6,4,1,MONOTONIC_WRITES,normal,netem delay 25ms 25ms,QUORUM,5,cassandra3,cassandra1,5,False,True,
6,4,2,MONOTONIC_WRITES,normal,netem delay 25ms 25ms,QUORUM,5,cassandra3,cassandra1,5,False,True,
6,4,3,MONOTONIC_WRITES,normal,netem delay 25ms 25ms,QUORUM,5,cassandra3,cassandra1,5,False,True,
6,5,1,MONOTONIC_WRITES,normal,netem delay 25ms 25ms,QUORUM,6,cassandra3,cassandra3,6,False,True,
6,5,2,MONOTONIC_WRITES,normal,netem delay 25ms 25ms,QUORUM,6,cassandra3,cassandra3,6,False,True,
6,5,3,MONOTONIC_WRITES,normal,netem delay 25ms 25ms,QUORUM,6,cassandra3,cassandra1,6,False,True,
7,1,1,MONOTONIC_WRITES,normal,netem delay 25ms 25ms,QUORUM,2,cassandra2,cassandra2,2,False,True,
7,1,2,MONOTONIC_WRITES,normal,netem delay 25ms 25ms,QUORUM,2,cassandra2,cassandra2,2,False,True,
7,1,3,MONOTONIC_WRITES,normal,netem delay 25ms 25ms,QUORUM,2,cassandra2,cassandra3,2,False,True,
7,2,1,MONOTONIC_WRITES,normal,netem delay 25ms 25ms,QUORUM,3,cassandra2,cassandra3,3,False,True,
7,2,2,MONOTONIC_WRITES,normal,netem delay 25ms 25ms,QUORUM,3,cassandra2,cassandra1,3,False,True,
7,2,3,MONOTONIC_WRITES,normal,netem delay 25ms 25ms,QUORUM,3,cassandra2,cassandra1,3,False,True,
7,3,1,MONOTONIC_WRITES,normal,netem delay 25ms 25ms,QUORUM,4,cassandra3,cassandra1,4,False,True,
7,3,2,MONOTONIC_WRITES,normal,netem delay 25ms 25ms,QUORUM,4,cassandra3,cassandra2,4,False,True,
7,3,3,MONOTONIC_WRITES,normal,netem delay 25ms 25ms,QUORUM,4,cassandra3,cassandra2,4,False,True,
7,4,1,MONOTONIC_WRITES,normal,netem delay 25ms 25ms,QUORUM,5,cassandra1,cassandra1,5,False,True,
7,4,2,MONOTONIC_WRITES,normal,netem delay 25ms 25ms,QUORUM,5,cassandra1,cassandra2,5,False,True,
7,4,3,MONOTONIC_WRITES,normal,netem delay 25ms 25ms,QUORUM,5,cassandra1,cassandra3,5,False,True,
7,5,1,MONOTONIC_WRITES,normal,netem delay 25ms 25ms,QUORUM,6,cassandra3,cassandra1,6,False,True,
7,5,2,MONOTONIC_WRITES,normal,netem delay 25ms 25ms,QUORUM,6,cassandra3,cassandra3,6,False,True,
7,5,3,MONOTONIC_WRITES,normal,netem delay 25ms 25ms,QUORUM,6,cassandra3,cassandra3,6,False,True,
8,1,1,MONOTONIC_WRITES,normal,netem delay 25ms 25ms,QUORUM,2,cassandra1,cassandra2,2,False,True,
8,1,2,MONOTONIC_WRITES,normal,netem delay 25ms 25ms,QUORUM,2,cassandra1,cassandra1,2,False,True,
8,1,3,MONOTONIC_WRITES,normal,netem delay 25ms 25ms,QUORUM,2,cassandra1,cassandra1,2,False,True,
8,2,1,MONOTONIC_WRITES,normal,netem delay 25ms 25ms,QUORUM,3,cassandra3,cassandra3,3,False,True,
8,2,2,MONOTONIC_WRITES,normal,netem delay 25ms 25ms,QUORUM,3,cassandra3,cassandra3,3,False,True,
8,2,3,MONOTONIC_WRITES,normal,netem delay 25ms 25ms,QUORUM,3,cassandra3,cassandra3,3,False,True,
8,3,1,MONOTONIC_WRITES,normal,netem delay 25ms 25ms,QUORUM,4,cassandra1,cassandra3,4,False,True,
8,3,2,MONOTONIC_WRITES,normal,netem delay 25ms 25ms,QUORUM,4,cassandra1,cassandra1,4,False,True,
8,3,3,MONOTONIC_WRITES,normal,netem delay 25ms 25ms,QUORUM,4,cassandra1,cassandra3,4,False,True,
8,4,1,MONOTONIC_WRITES,normal,netem delay 25ms 25ms,QUORUM,5,cassandra1,cassandra1,5,False,True,
8,4,2,MONOTONIC_WRITES,normal,netem delay 25ms 25ms,QUORUM,5,cassandra1,cassandra2,5,False,True,
8,4,3,MONOTONIC_WRITES,normal,netem delay 25ms 25ms,QUORUM,5,cassandra1,cassandra2,5,False,True,
8,5,1,MONOTONIC_WRITES,normal,netem delay 25ms 25ms,QUORUM,6,cassandra1,cassandra2,6,False,True,
8,5,2,MONOTONIC_WRITES,normal,netem delay 25ms 25ms,QUORUM,6,cassandra1,cassandra1,6,False,True,
8,5,3,MONOTONIC_WRITES,normal,netem delay 25ms 25ms,QUORUM,6,cassandra1,cassandra1,6,False,True,
9,1,1,MONOTONIC_WRITES,normal,netem delay 25ms 25ms,QUORUM,2,cassandra3,cassandra2,2,False,True,
9,1,2,MONOTONIC_WRITES,normal,netem delay 25ms 25ms,QUORUM,2,cassandra3,cassandra1,2,False,True,
9,1,3,MONOTONIC_WRITES,normal,netem delay 25ms 25ms,QUORUM,2,cassandra3,cassandra3,2,False,True,
9,2,1,MONOTONIC_WRITES,normal,netem delay 25ms 25ms,QUORUM,3,cassandra2,cassandra2,3,False,True,
9,2,2,MONOTONIC_WRITES,normal,netem delay 25ms 25ms,QUORUM,3,cassandra2,cassandra3,3,False,True,
9,2,3,MONOTONIC_WRITES,normal,netem delay 25ms 25ms,QUORUM,3,cassandra2,cassandra1,3,False,True,
9,3,1,MONOTONIC_WRITES,normal,netem delay 25ms 25ms,QUORUM,4,cassandra1,cassandra2,4,False,True,
9,3,2,MONOTONIC_WRITES,normal,netem delay 25ms 25ms,QUORUM,4,cassandra1,cassandra3,4,False,True,
9,3,3,MONOTONIC_WRITES,normal,netem delay 25ms 25ms,QUORUM,4,cassandra1,cassandra3,4,False,True,
9,4,1,MONOTONIC_WRITES,normal,netem delay 25ms 25ms,QUORUM,5,cassandra3,cassandra1,5,False,True,
9,4,2,MONOTONIC_WRITES,normal,netem delay 25ms 25ms,QUORUM,5,cassandra3,cassandra1,5,False,True,
9,4,3,MONOTONIC_WRITES,normal,netem delay 25ms 25ms,QUORUM,5,cassandra3,cassandra3,5,False,True,
9,5,1,MONOTONIC_WRITES,normal,netem delay 25ms 25ms,QUORUM,6,cassandra1,cassandra3,6,False,True,
9,5,2,MONOTONIC_WRITES,normal,netem delay 25ms 25ms,QUORUM,6,cassandra1,cassandra2,6,False,True,
9,5,3,MONOTONIC_WRITES,normal,netem delay 25ms 25ms,QUORUM,6,cassandra1,cassandra3,6,False,True,
10,1,1,MONOTONIC_WRITES,normal,netem delay 25ms 25ms,QUORUM,2,cassandra1,cassandra2,2,False,True,
10,1,2,MONOTONIC_WRITES,normal,netem delay 25ms 25ms,QUORUM,2,cassandra1,cassandra2,2,False,True,
10,1,3,MONOTONIC_WRITES,normal,netem delay 25ms 25ms,QUORUM,2,cassandra1,cassandra3,2,False,True,
10,2,1,MONOTONIC_WRITES,normal,netem delay 25ms 25ms,QUORUM,3,cassandra2,cassandra3,3,False,True,
10,2,2,MONOTONIC_WRITES,normal,netem delay 25ms 25ms,QUORUM,3,cassandra2,cassandra2,3,False,True,
10,2,3,MONOTONIC_WRITES,normal,netem delay 25ms 25ms,QUORUM,3,cassandra2,cassandra2,3,False,True,
10,3,1,MONOTONIC_WRITES,normal,netem delay 25ms 25ms,QUORUM,4,cassandra2,cassandra2,4,False,True,
10,3,2,MONOTONIC_WRITES,normal,netem delay 25ms 25ms,QUORUM,4,cassandra2,cassandra1,4,False,True,
10,3,3,MONOTONIC_WRITES,normal,netem delay 25ms 25ms,QUORUM,4,cassandra2,cassandra3,4,False,True,
10,4,1,MONOTONIC_WRITES,normal,netem delay 25ms 25ms,QUORUM,5,cassandra1,cassandra3,5,False,True,
10,4,2,MONOTONIC_WRITES,normal,netem delay 25ms 25ms,QUORUM,5,cassandra1,cassandra1,5,False,True,
10,4,3,MONOTONIC_WRITES,normal,netem delay 25ms 25ms,QUORUM,5,cassandra1,cassandra3,5,False,True,
10,5,1,MONOTONIC_WRITES,normal,netem delay 25ms 25ms,QUORUM,6,cassandra2,cassandra2,6,False,True,
10,5,2,MONOTONIC_WRITES,normal,netem delay 25ms 25ms,QUORUM,6,cassandra2,cassandra1,6,False,True,
10,5,3,MONOTONIC_WRITES,normal,netem delay 25ms 25ms,QUORUM,6,cassandra2,cassandra1,6,False,True,
11,1,1,MONOTONIC_WRITES,normal,netem delay 25ms 25ms,QUORUM,2,cassandra1,cassandra2,2,False,True,
11,1,2,MONOTONIC_WRITES,normal,netem delay 25ms 25ms,QUORUM,2,cassandra1,cassandra2,2,False,True,
11,1,3,MONOTONIC_WRITES,normal,netem delay 25ms 25ms,QUORUM,2,cassandra1,cassandra3,2,False,True,
11,2,1,MONOTONIC_WRITES,normal,netem delay 25ms 25ms,QUORUM,3,cassandra3,cassandra1,3,False,True,
11,2,2,MONOTONIC_WRITES,normal,netem delay 25ms 25ms,QUORUM,3,cassandra3,cassandra2,3,False,True,
11,2,3,MONOTONIC_WRITES,normal,netem delay 25ms 25ms,QUORUM,3,cassandra3,cassandra2,3,False,True,
11,3,1,MONOTONIC_WRITES,normal,netem delay 25ms 25ms,QUORUM,4,cassandra1,cassandra1,4,False,True,
11,3,2,MONOTONIC_WRITES,normal,netem delay 25ms 25ms,QUORUM,4,cassandra1,cassandra3,4,False,True,
11,3,3,MONOTONIC_WRITES,normal,netem delay 25ms 25ms,QUORUM,4,cassandra1,cassandra1,4,False,True,
11,4,1,MONOTONIC_WRITES,normal,netem delay 25ms 25ms,QUORUM,5,cassandra2,cassandra3,5,False,True,
11,4,2,MONOTONIC_WRITES,normal,netem delay 25ms 25ms,QUORUM,5,cassandra2,cassandra3,5,False,True,
11,4,3,MONOTONIC_WRITES,normal,netem delay 25ms 25ms,QUORUM,5,cassandra2,cassandra3,5,False,True,
11,5,1,MONOTONIC_WRITES,normal,netem delay 25ms 25ms,QUORUM,6,cassandra3,cassandra2,6,False,True,
11,5,2,MONOTONIC_WRITES,normal,netem delay 25ms 25ms,QUORUM,6,cassandra3,cassandra1,6,False,True,
11,5,3,MONOTONIC_WRITES,normal,netem delay 25ms 25ms,QUORUM,6,cassandra3,cassandra3,6,False,True,
12,1,1,MONOTONIC_WRITES,normal,netem delay 25ms 25ms,QUORUM,2,cassandra2,cassandra1,2,False,True,
12,1,2,MONOTONIC_WRITES,normal,netem delay 25ms 25ms,QUORUM,2,cassandra2,cassandra1,2,False,True,
12,1,3,MONOTONIC_WRITES,normal,netem delay 25ms 25ms,QUORUM,2,cassandra2,cassandra1,2,False,True,
12,2,1,MONOTONIC_WRITES,normal,netem delay 25ms 25ms,QUORUM,3,cassandra3,cassandra3,3,False,True,
12,2,2,MONOTONIC_WRITES,normal,netem delay 25ms 25ms,QUORUM,3,cassandra3,cassandra1,3,False,True,
12,2,3,MONOTONIC_WRITES,normal,netem delay 25ms 25ms,QUORUM,3,cassandra3,cassandra2,3,False,True,
12,3,1,MONOTONIC_WRITES,normal,netem delay 25ms 25ms,QUORUM,4,cassandra3,cassandra2,4,False,True,
12,3,2,MONOTONIC_WRITES,normal,netem delay 25ms 25ms,QUORUM,4,cassandra3,cassandra1,4,False,True,
12,3,3,MONOTONIC_WRITES,normal,netem delay 25ms 25ms,QUORUM,4,cassandra3,cassandra2,4,False,True,
12,4,1,MONOTONIC_WRITES,normal,netem delay 25ms 25ms,QUORUM,5,cassandra3,cassandra2,5,False,True,
12,4,2,MONOTONIC_WRITES,normal,netem delay 25ms 25ms,QUORUM,5,cassandra3,cassandra2,5,False,True,
12,4,3,MONOTONIC_WRITES,normal,netem delay 25ms 25ms,QUORUM,5,cassandra3,cassandra2,5,False,True,
12,5,1,MONOTONIC_WRITES,normal,netem delay 25ms 25ms,QUORUM,6,cassandra3,cassandra3,6,False,True,
12,5,2,MONOTONIC_WRITES,normal,netem delay 25ms 25ms,QUORUM,6,cassandra3,cassandra3,6,False,True,
12,5,3,MONOTONIC_WRITES,normal,netem delay 25ms 25ms,QUORUM,6,cassandra3,cassandra3,6,False,True,
13,1,1,MONOTONIC_WRITES,normal,netem delay 25ms 25ms,QUORUM,2,cassandra1,cassandra2,2,False,True,
13,1,2,MONOTONIC_WRITES,normal,netem delay 25ms 25ms,QUORUM,2,cassandra1,cassandra1,2,False,True,
13,1,3,MONOTONIC_WRITES,normal,netem delay 25ms 25ms,QUORUM,2,cassandra1,cassandra2,2,False,True,
13,2,1,MONOTONIC_WRITES,normal,netem delay 25ms 25ms,QUORUM,3,cassandra2,cassandra1,3,False,True,
13,2,2,MONOTONIC_WRITES,normal,netem delay 25ms 25ms,QUORUM,3,cassandra2,cassandra3,3,False,True,
13,2,3,MONOTONIC_WRITES,normal,netem delay 25ms 25ms,QUORUM,3,cassandra2,cassandra3,3,False,True,
13,3,1,MONOTONIC_WRITES,normal,netem delay 25ms 25ms,QUORUM,4,cassandra1,cassandra2,4,False,True,
13,3,2,MONOTONIC_WRITES,normal,netem delay 25ms 25ms,QUORUM,4,cassandra1,cassandra3,4,False,True,
13,3,3,MONOTONIC_WRITES,normal,netem delay 25ms 25ms,QUORUM,4,cassandra1,cassandra2,4,False,True,
13,4,1,MONOTONIC_WRITES,normal,netem delay 25ms 25ms,QUORUM,5,cassandra3,cassandra1,5,False,True,
13,4,2,MONOTONIC_WRITES,normal,netem delay 25ms 25ms,QUORUM,5,cassandra3,cassandra3,5,False,True,
13,4,3,MONOTONIC_WRITES,normal,netem delay 25ms 25ms,QUORUM,5,cassandra3,cassandra2,5,False,True,
13,5,1,MONOTONIC_WRITES,normal,netem delay 25ms 25ms,QUORUM,6,cassandra3,cassandra2,6,False,True,
13,5,2,MONOTONIC_WRITES,normal,netem delay 25ms 25ms,QUORUM,6,cassandra3,cassandra1,6,False,True,
13,5,3,MONOTONIC_WRITES,normal,netem delay 25ms 25ms,QUORUM,6,cassandra3,cassandra1,6,False,True,
14,1,1,MONOTONIC_WRITES,normal,netem delay 25ms 25ms,QUORUM,2,cassandra2,cassandra3,2,False,True,
14,1,2,MONOTONIC_WRITES,normal,netem delay 25ms 25ms,QUORUM,2,cassandra2,cassandra1,2,False,True,
14,1,3,MONOTONIC_WRITES,normal,netem delay 25ms 25ms,QUORUM,2,cassandra2,cassandra2,2,False,True,
14,2,1,MONOTONIC_WRITES,normal,netem delay 25ms 25ms,QUORUM,3,cassandra1,cassandra3,3,False,True,
14,2,2,MONOTONIC_WRITES,normal,netem delay 25ms 25ms,QUORUM,3,cassandra1,cassandra2,3,False,True,
14,2,3,MONOTONIC_WRITES,normal,netem delay 25ms 25ms,QUORUM,3,cassandra1,cassandra1,3,False,True,
14,3,1,MONOTONIC_WRITES,normal,netem delay 25ms 25ms,QUORUM,4,cassandra1,cassandra3,4,False,True,
14,3,2,MONOTONIC_WRITES,normal,netem delay 25ms 25ms,QUORUM,4,cassandra1,cassandra1,4,False,True,
14,3,3,MONOTONIC_WRITES,normal,netem delay 25ms 25ms,QUORUM,4,cassandra1,cassandra2,4,False,True,
14,4,1,MONOTONIC_WRITES,normal,netem delay 25ms 25ms,QUORUM,5,cassandra3,cassandra3,5,False,True,
14,4,2,MONOTONIC_WRITES,normal,netem delay 25ms 25ms,QUORUM,5,cassandra3,cassandra2,5,False,True,
14,4,3,MONOTONIC_WRITES,normal,netem delay 25ms 25ms,QUORUM,5,cassandra3,cassandra2,5,False,True,
14,5,1,MONOTONIC_WRITES,normal,netem delay 25ms 25ms,QUORUM,6,cassandra1,cassandra2,6,False,True,
14,5,2,MONOTONIC_WRITES,normal,netem delay 25ms 25ms,QUORUM,6,cassandra1,cassandra1,6,False,True,
14,5,3,MONOTONIC_WRITES,normal,netem delay 25ms 25ms,QUORUM,6,cassandra1,cassandra1,6,False,True,
15,1,1,MONOTONIC_WRITES,normal,netem delay 25ms 25ms,QUORUM,2,cassandra2,cassandra1,2,False,True,
15,1,2,MONOTONIC_WRITES,normal,netem delay 25ms 25ms,QUORUM,2,cassandra2,cassandra1,2,False,True,
15,1,3,MONOTONIC_WRITES,normal,netem delay 25ms 25ms,QUORUM,2,cassandra2,cassandra1,2,False,True,
15,2,1,MONOTONIC_WRITES,normal,netem delay 25ms 25ms,QUORUM,3,cassandra1,cassandra2,3,False,True,
15,2,2,MONOTONIC_WRITES,normal,netem delay 25ms 25ms,QUORUM,3,cassandra1,cassandra1,3,False,True,
15,2,3,MONOTONIC_WRITES,normal,netem delay 25ms 25ms,QUORUM,3,cassandra1,cassandra1,3,False,True,
15,3,1,MONOTONIC_WRITES,normal,netem delay 25ms 25ms,QUORUM,4,cassandra3,cassandra3,4,False,True,
15,3,2,MONOTONIC_WRITES,normal,netem delay 25ms 25ms,QUORUM,4,cassandra3,cassandra2,4,False,True,
15,3,3,MONOTONIC_WRITES,normal,netem delay 25ms 25ms,QUORUM,4,cassandra3,cassandra2,4,False,True,
15,4,1,MONOTONIC_WRITES,normal,netem delay 25ms 25ms,QUORUM,5,cassandra3,cassandra1,5,False,True,
15,4,2,MONOTONIC_WRITES,normal,netem delay 25ms 25ms,QUORUM,5,cassandra3,cassandra2,5,False,True,
15,4,3,MONOTONIC_WRITES,normal,netem delay 25ms 25ms,QUORUM,5,cassandra3,cassandra3,5,False,True,
15,5,1,MONOTONIC_WRITES,normal,netem delay 25ms 25ms,QUORUM,6,cassandra3,cassandra3,6,False,True,
15,5,2,MONOTONIC_WRITES,normal,netem delay 25ms 25ms,QUORUM,6,cassandra3,cassandra1,6,False,True,
15,5,3,MONOTONIC_WRITES,normal,netem delay 25ms 25ms,QUORUM,6,cassandra3,cassandra2,6,False,True,
16,1,1,MONOTONIC_WRITES,normal,netem delay 25ms 25ms,QUORUM,2,cassandra1,cassandra3,2,False,True,
16,1,2,MONOTONIC_WRITES,normal,netem delay 25ms 25ms,QUORUM,2,cassandra1,cassandra1,2,False,True,
16,1,3,MONOTONIC_WRITES,normal,netem delay 25ms 25ms,QUORUM,2,cassandra1,cassandra3,2,False,True,
16,2,1,MONOTONIC_WRITES,normal,netem delay 25ms 25ms,QUORUM,3,cassandra1,cassandra2,3,False,True,
16,2,2,MONOTONIC_WRITES,normal,netem delay 25ms 25ms,QUORUM,3,cassandra1,cassandra3,3,False,True,
16,2,3,MONOTONIC_WRITES,normal,netem delay 25ms 25ms,QUORUM,3,cassandra1,cassandra1,3,False,True,
16,3,1,MONOTONIC_WRITES,normal,netem delay 25ms 25ms,QUORUM,4,cassandra3,cassandra2,4,False,True,
16,3,2,MONOTONIC_WRITES,normal,netem delay 25ms 25ms,QUORUM,4,cassandra3,cassandra2,4,False,True,
16,3,3,MONOTONIC_WRITES,normal,netem delay 25ms 25ms,QUORUM,4,cassandra3,cassandra1,4,False,True,
16,4,1,MONOTONIC_WRITES,normal,netem delay 25ms 25ms,QUORUM,5,cassandra1,cassandra3,5,False,True,
16,4,2,MONOTONIC_WRITES,normal,netem delay 25ms 25ms,QUORUM,5,cassandra1,cassandra2,5,False,True,
16,4,3,MONOTONIC_WRITES,normal,netem delay 25ms 25ms,QUORUM,5,cassandra1,cassandra2,5,False,True,
16,5,1,MONOTONIC_WRITES,normal,netem delay 25ms 25ms,QUORUM,6,cassandra3,cassandra2,6,False,True,
16,5,2,MONOTONIC_WRITES,normal,netem delay 25ms 25ms,QUORUM,6,cassandra3,cassandra1,6,False,True,
16,5,3,MONOTONIC_WRITES,normal,netem delay 25ms 25ms,QUORUM,6,cassandra3,cassandra1,6,False,True,
17,1,1,MONOTONIC_WRITES,normal,netem delay 25ms 25ms,QUORUM,2,cassandra3,cassandra3,2,False,True,
17,1,2,MONOTONIC_WRITES,normal,netem delay 25ms 25ms,QUORUM,2,cassandra3,cassandra2,2,False,True,
17,1,3,MONOTONIC_WRITES,normal,netem delay 25ms 25ms,QUORUM,2,cassandra3,cassandra3,2,False,True,
17,2,1,MONOTONIC_WRITES,normal,netem delay 25ms 25ms,QUORUM,3,cassandra3,cassandra3,3,False,True,
17,2,2,MONOTONIC_WRITES,normal,netem delay 25ms 25ms,QUORUM,3,cassandra3,cassandra2,3,False,True,
17,2,3,MONOTONIC_WRITES,normal,netem delay 25ms 25ms,QUORUM,3,cassandra3,cassandra1,3,False,True,
17,3,1,MONOTONIC_WRITES,normal,netem delay 25ms 25ms,QUORUM,4,cassandra2,cassandra1,4,False,True,
17,3,2,MONOTONIC_WRITES,normal,netem delay 25ms 25ms,QUORUM,4,cassandra2,cassandra2,4,False,True,
17,3,3,MONOTONIC_WRITES,normal,netem delay 25ms 25ms,QUORUM,4,cassandra2,cassandra2,4,False,True,
17,4,1,MONOTONIC_WRITES,normal,netem delay 25ms 25ms,QUORUM,5,cassandra3,cassandra2,5,False,True,
17,4,2,MONOTONIC_WRITES,normal,netem delay 25ms 25ms,QUORUM,5,cassandra3,cassandra3,5,False,True,
17,4,3,MONOTONIC_WRITES,normal,netem delay 25ms 25ms,QUORUM,5,cassandra3,cassandra2,5,False,True,
17,5,1,MONOTONIC_WRITES,normal,netem delay 25ms 25ms,QUORUM,6,cassandra2,cassandra1,6,False,True,
17,5,2,MONOTONIC_WRITES,normal,netem delay 25ms 25ms,QUORUM,6,cassandra2,cassandra2,6,False,True,
17,5,3,MONOTONIC_WRITES,normal,netem delay 25ms 25ms,QUORUM,6,cassandra2,cassandra1,6,False,True,
18,1,1,MONOTONIC_WRITES,normal,netem delay 25ms 25ms,QUORUM,2,cassandra3,cassandra3,2,False,True,
18,1,2,MONOTONIC_WRITES,normal,netem delay 25ms 25ms,QUORUM,2,cassandra3,cassandra3,2,False,True,
18,1,3,MONOTONIC_WRITES,normal,netem delay 25ms 25ms,QUORUM,2,cassandra3,cassandra3,2,False,True,
18,2,1,MONOTONIC_WRITES,normal,netem delay 25ms 25ms,QUORUM,3,cassandra1,cassandra3,3,False,True,
18,2,2,MONOTONIC_WRITES,normal,netem delay 25ms 25ms,QUORUM,3,cassandra1,cassandra2,3,False,True,
18,2,3,MONOTONIC_WRITES,normal,netem delay 25ms 25ms,QUORUM,3,cassandra1,cassandra3,3,False,True,
18,3,1,MONOTONIC_WRITES,normal,netem delay 25ms 25ms,QUORUM,4,cassandra1,cassandra2,4,False,True,
18,3,2,MONOTONIC_WRITES,normal,netem delay 25ms 25ms,QUORUM,4,cassandra1,cassandra1,4,False,True,
18,3,3,MONOTONIC_WRITES,normal,netem delay 25ms 25ms,QUORUM,4,cassandra1,cassandra1,4,False,True,
18,4,1,MONOTONIC_WRITES,normal,netem delay 25ms 25ms,QUORUM,5,cassandra2,cassandra1,5,False,True,
18,4,2,MONOTONIC_WRITES,normal,netem delay 25ms 25ms,QUORUM,5,cassandra2,cassandra1,5,False,True,
18,4,3,MONOTONIC_WRITES,normal,netem delay 25ms 25ms,QUORUM,5,cassandra2,cassandra2,5,False,True,
18,5,1,MONOTONIC_WRITES,normal,netem delay 25ms 25ms,QUORUM,6,cassandra3,cassandra3,6,False,True,
18,5,2,MONOTONIC_WRITES,normal,netem delay 25ms 25ms,QUORUM,6,cassandra3,cassandra3,6,False,True,
18,5,3,MONOTONIC_WRITES,normal,netem delay 25ms 25ms,QUORUM,6,cassandra3,cassandra2,6,False,True,
19,1,1,MONOTONIC_WRITES,normal,netem delay 25ms 25ms,QUORUM,2,cassandra2,cassandra3,2,False,True,
19,1,2,MONOTONIC_WRITES,normal,netem delay 25ms 25ms,QUORUM,2,cassandra2,cassandra3,2,False,True,
19,1,3,MONOTONIC_WRITES,normal,netem delay 25ms 25ms,QUORUM,2,cassandra2,cassandra3,2,False,True,
19,2,1,MONOTONIC_WRITES,normal,netem delay 25ms 25ms,QUORUM,3,cassandra3,cassandra2,3,False,True,
19,2,2,MONOTONIC_WRITES,normal,netem delay 25ms 25ms,QUORUM,3,cassandra3,cassandra3,3,False,True,
19,2,3,MONOTONIC_WRITES,normal,netem delay 25ms 25ms,QUORUM,3,cassandra3,cassandra3,3,False,True,
19,3,1,MONOTONIC_WRITES,normal,netem delay 25ms 25ms,QUORUM,4,cassandra3,cassandra1,4,False,True,
19,3,2,MONOTONIC_WRITES,normal,netem delay 25ms 25ms,QUORUM,4,cassandra3,cassandra2,4,False,True,
19,3,3,MONOTONIC_WRITES,normal,netem delay 25ms 25ms,QUORUM,4,cassandra3,cassandra3,4,False,True,
19,4,1,MONOTONIC_WRITES,normal,netem delay 25ms 25ms,QUORUM,5,cassandra2,cassandra1,5,False,True,
19,4,2,MONOTONIC_WRITES,normal,netem delay 25ms 25ms,QUORUM,5,cassandra2,cassandra2,5,False,True,
19,4,3,MONOTONIC_WRITES,normal,netem delay 25ms 25ms,QUORUM,5,cassandra2,cassandra2,5,False,True,
19,5,1,MONOTONIC_WRITES,normal,netem delay 25ms 25ms,QUORUM,6,cassandra2,cassandra1,6,False,True,
19,5,2,MONOTONIC_WRITES,normal,netem delay 25ms 25ms,QUORUM,6,cassandra2,cassandra2,6,False,True,
19,5,3,MONOTONIC_WRITES,normal,netem delay 25ms 25ms,QUORUM,6,cassandra2,cassandra2,6,False,True,
20,1,1,MONOTONIC_WRITES,normal,netem delay 25ms 25ms,QUORUM,2,cassandra2,cassandra3,2,False,True,
20,1,2,MONOTONIC_WRITES,normal,netem delay 25ms 25ms,QUORUM,2,cassandra2,cassandra1,2,False,True,
20,1,3,MONOTONIC_WRITES,normal,netem delay 25ms 25ms,QUORUM,2,cassandra2,cassandra2,2,False,True,
20,2,1,MONOTONIC_WRITES,normal,netem delay 25ms 25ms,QUORUM,3,cassandra1,cassandra2,3,False,True,
20,2,2,MONOTONIC_WRITES,normal,netem delay 25ms 25ms,QUORUM,3,cassandra1,cassandra1,3,False,True,
20,2,3,MONOTONIC_WRITES,normal,netem delay 25ms 25ms,QUORUM,3,cassandra1,cassandra3,3,False,True,
20,3,1,MONOTONIC_WRITES,normal,netem delay 25ms 25ms,QUORUM,4,cassandra3,cassandra2,4,False,True,
20,3,2,MONOTONIC_WRITES,normal,netem delay 25ms 25ms,QUORUM,4,cassandra3,cassandra3,4,False,True,
20,3,3,MONOTONIC_WRITES,normal,netem delay 25ms 25ms,QUORUM,4,cassandra3,cassandra1,4,False,True,
20,4,1,MONOTONIC_WRITES,normal,netem delay 25ms 25ms,QUORUM,5,cassandra1,cassandra3,5,False,True,
20,4,2,MONOTONIC_WRITES,normal,netem delay 25ms 25ms,QUORUM,5,cassandra1,cassandra2,5,False,True,
20,4,3,MONOTONIC_WRITES,normal,netem delay 25ms 25ms,QUORUM,5,cassandra1,cassandra1,5,False,True,
20,5,1,MONOTONIC_WRITES,normal,netem delay 25ms 25ms,QUORUM,6,cassandra3,cassandra1,6,False,True,
20,5,2,MONOTONIC_WRITES,normal,netem delay 25ms 25ms,QUORUM,6,cassandra3,cassandra3,6,False,True,
20,5,3,MONOTONIC_WRITES,normal,netem delay 25ms 25ms,QUORUM,6,cassandra3,cassandra1,6,False,True,
21,1,1,MONOTONIC_WRITES,normal,netem delay 25ms 25ms,QUORUM,2,cassandra1,cassandra3,2,False,True,
21,1,2,MONOTONIC_WRITES,normal,netem delay 25ms 25ms,QUORUM,2,cassandra1,cassandra2,2,False,True,
21,1,3,MONOTONIC_WRITES,normal,netem delay 25ms 25ms,QUORUM,2,cassandra1,cassandra1,2,False,True,
21,2,1,MONOTONIC_WRITES,normal,netem delay 25ms 25ms,QUORUM,3,cassandra3,cassandra3,3,False,True,
21,2,2,MONOTONIC_WRITES,normal,netem delay 25ms 25ms,QUORUM,3,cassandra3,cassandra3,3,False,True,
21,2,3,MONOTONIC_WRITES,normal,netem delay 25ms 25ms,QUORUM,3,cassandra3,cassandra1,3,False,True,
21,3,1,MONOTONIC_WRITES,normal,netem delay 25ms 25ms,QUORUM,4,cassandra3,cassandra3,4,False,True,
21,3,2,MONOTONIC_WRITES,normal,netem delay 25ms 25ms,QUORUM,4,cassandra3,cassandra3,4,False,True,
21,3,3,MONOTONIC_WRITES,normal,netem delay 25ms 25ms,QUORUM,4,cassandra3,cassandra2,4,False,True,
21,4,1,MONOTONIC_WRITES,normal,netem delay 25ms 25ms,QUORUM,5,cassandra2,cassandra2,5,False,True,
21,4,2,MONOTONIC_WRITES,normal,netem delay 25ms 25ms,QUORUM,5,cassandra2,cassandra3,5,False,True,
21,4,3,MONOTONIC_WRITES,normal,netem delay 25ms 25ms,QUORUM,5,cassandra2,cassandra2,5,False,True,
21,5,1,MONOTONIC_WRITES,normal,netem delay 25ms 25ms,QUORUM,6,cassandra1,cassandra2,6,False,True,
21,5,2,MONOTONIC_WRITES,normal,netem delay 25ms 25ms,QUORUM,6,cassandra1,cassandra2,6,False,True,
21,5,3,MONOTONIC_WRITES,normal,netem delay 25ms 25ms,QUORUM,6,cassandra1,cassandra2,6,False,True,
22,1,1,MONOTONIC_WRITES,normal,netem delay 25ms 25ms,QUORUM,2,cassandra2,cassandra1,2,False,True,
22,1,2,MONOTONIC_WRITES,normal,netem delay 25ms 25ms,QUORUM,2,cassandra2,cassandra1,2,False,True,
22,1,3,MONOTONIC_WRITES,normal,netem delay 25ms 25ms,QUORUM,2,cassandra2,cassandra2,2,False,True,
22,2,1,MONOTONIC_WRITES,normal,netem delay 25ms 25ms,QUORUM,3,cassandra1,cassandra2,3,False,True,
22,2,2,MONOTONIC_WRITES,normal,netem delay 25ms 25ms,QUORUM,3,cassandra1,cassandra2,3,False,True,
22,2,3,MONOTONIC_WRITES,normal,netem delay 25ms 25ms,QUORUM,3,cassandra1,cassandra2,3,False,True,
22,3,1,MONOTONIC_WRITES,normal,netem delay 25ms 25ms,QUORUM,4,cassandra1,cassandra3,4,False,True,
22,3,2,MONOTONIC_WRITES,normal,netem delay 25ms 25ms,QUORUM,4,cassandra1,cassandra1,4,False,True,
22,3,3,MONOTONIC_WRITES,normal,netem delay 25ms 25ms,QUORUM,4,cassandra1,cassandra1,4,False,True,
22,4,1,MONOTONIC_WRITES,normal,netem delay 25ms 25ms,QUORUM,5,cassandra3,cassandra1,5,False,True,
22,4,2,MONOTONIC_WRITES,normal,netem delay 25ms 25ms,QUORUM,5,cassandra3,cassandra3,5,False,True,
22,4,3,MONOTONIC_WRITES,normal,netem delay 25ms 25ms,QUORUM,5,cassandra3,cassandra3,5,False,True,
22,5,1,MONOTONIC_WRITES,normal,netem delay 25ms 25ms,QUORUM,6,cassandra3,cassandra2,6,False,True,
22,5,2,MONOTONIC_WRITES,normal,netem delay 25ms 25ms,QUORUM,6,cassandra3,cassandra3,6,False,True,
22,5,3,MONOTONIC_WRITES,normal,netem delay 25ms 25ms,QUORUM,6,cassandra3,cassandra1,6,False,True,
23,1,1,MONOTONIC_WRITES,normal,netem delay 25ms 25ms,QUORUM,2,cassandra1,cassandra2,2,False,True,
23,1,2,MONOTONIC_WRITES,normal,netem delay 25ms 25ms,QUORUM,2,cassandra1,cassandra2,2,False,True,
23,1,3,MONOTONIC_WRITES,normal,netem delay 25ms 25ms,QUORUM,2,cassandra1,cassandra3,2,False,True,
23,2,1,MONOTONIC_WRITES,normal,netem delay 25ms 25ms,QUORUM,3,cassandra3,cassandra1,3,False,True,
23,2,2,MONOTONIC_WRITES,normal,netem delay 25ms 25ms,QUORUM,3,cassandra3,cassandra2,3,False,True,
23,2,3,MONOTONIC_WRITES,normal,netem delay 25ms 25ms,QUORUM,3,cassandra3,cassandra2,3,False,True,
23,3,1,MONOTONIC_WRITES,normal,netem delay 25ms 25ms,QUORUM,4,cassandra3,cassandra2,4,False,True,
23,3,2,MONOTONIC_WRITES,normal,netem delay 25ms 25ms,QUORUM,4,cassandra3,cassandra1,4,False,True,
23,3,3,MONOTONIC_WRITES,normal,netem delay 25ms 25ms,QUORUM,4,cassandra3,cassandra2,4,False,True,
23,4,1,MONOTONIC_WRITES,normal,netem delay 25ms 25ms,QUORUM,5,cassandra1,cassandra1,5,False,True,
23,4,2,MONOTONIC_WRITES,normal,netem delay 25ms 25ms,QUORUM,5,cassandra1,cassandra1,5,False,True,
23,4,3,MONOTONIC_WRITES,normal,netem delay 25ms 25ms,QUORUM,5,cassandra1,cassandra3,5,False,True,
23,5,1,MONOTONIC_WRITES,normal,netem delay 25ms 25ms,QUORUM,6,cassandra2,cassandra3,6,False,True,
23,5,2,MONOTONIC_WRITES,normal,netem delay 25ms 25ms,QUORUM,6,cassandra2,cassandra2,6,False,True,
23,5,3,MONOTONIC_WRITES,normal,netem delay 25ms 25ms,QUORUM,6,cassandra2,cassandra2,6,False,True,
24,1,1,MONOTONIC_WRITES,normal,netem delay 25ms 25ms,QUORUM,2,cassandra1,cassandra3,2,False,True,
24,1,2,MONOTONIC_WRITES,normal,netem delay 25ms 25ms,QUORUM,2,cassandra1,cassandra2,2,False,True,
24,1,3,MONOTONIC_WRITES,normal,netem delay 25ms 25ms,QUORUM,2,cassandra1,cassandra2,2,False,True,
24,2,1,MONOTONIC_WRITES,normal,netem delay 25ms 25ms,QUORUM,3,cassandra3,cassandra1,3,False,True,
24,2,2,MONOTONIC_WRITES,normal,netem delay 25ms 25ms,QUORUM,3,cassandra3,cassandra1,3,False,True,
24,2,3,MONOTONIC_WRITES,normal,netem delay 25ms 25ms,QUORUM,3,cassandra3,cassandra1,3,False,True,
24,3,1,MONOTONIC_WRITES,normal,netem delay 25ms 25ms,QUORUM,4,cassandra2,cassandra3,4,False,True,
24,3,2,MONOTONIC_WRITES,normal,netem delay 25ms 25ms,QUORUM,4,cassandra2,cassandra1,4,False,True,
24,3,3,MONOTONIC_WRITES,normal,netem delay 25ms 25ms,QUORUM,4,cassandra2,cassandra1,4,False,True,
24,4,1,MONOTONIC_WRITES,normal,netem delay 25ms 25ms,QUORUM,5,cassandra3,cassandra1,5,False,True,
24,4,2,MONOTONIC_WRITES,normal,netem delay 25ms 25ms,QUORUM,5,cassandra3,cassandra1,5,False,True,
24,4,3,MONOTONIC_WRITES,normal,netem delay 25ms 25ms,QUORUM,5,cassandra3,cassandra1,5,False,True,
24,5,1,MONOTONIC_WRITES,normal,netem delay 25ms 25ms,QUORUM,6,cassandra2,cassandra1,6,False,True,
24,5,2,MONOTONIC_WRITES,normal,netem delay 25ms 25ms,QUORUM,6,cassandra2,cassandra2,6,False,True,
24,5,3,MONOTONIC_WRITES,normal,netem delay 25ms 25ms,QUORUM,6,cassandra2,cassandra1,6,False,True,
25,1,1,MONOTONIC_WRITES,normal,netem delay 25ms 25ms,QUORUM,2,cassandra1,cassandra3,2,False,True,
25,1,2,MONOTONIC_WRITES,normal,netem delay 25ms 25ms,QUORUM,2,cassandra1,cassandra1,2,False,True,
25,1,3,MONOTONIC_WRITES,normal,netem delay 25ms 25ms,QUORUM,2,cassandra1,cassandra3,2,False,True,
25,2,1,MONOTONIC_WRITES,normal,netem delay 25ms 25ms,QUORUM,3,cassandra2,cassandra2,3,False,True,
25,2,2,MONOTONIC_WRITES,normal,netem delay 25ms 25ms,QUORUM,3,cassandra2,cassandra1,3,False,True,
25,2,3,MONOTONIC_WRITES,normal,netem delay 25ms 25ms,QUORUM,3,cassandra2,cassandra2,3,False,True,
25,3,1,MONOTONIC_WRITES,normal,netem delay 25ms 25ms,QUORUM,4,cassandra3,cassandra2,4,False,True,
25,3,2,MONOTONIC_WRITES,normal,netem delay 25ms 25ms,QUORUM,4,cassandra3,cassandra2,4,False,True,
25,3,3,MONOTONIC_WRITES,normal,netem delay 25ms 25ms,QUORUM,4,cassandra3,cassandra2,4,False,True,
25,4,1,MONOTONIC_WRITES,normal,netem delay 25ms 25ms,QUORUM,5,cassandra2,cassandra1,5,False,True,
25,4,2,MONOTONIC_WRITES,normal,netem delay 25ms 25ms,QUORUM,5,cassandra2,cassandra2,5,False,True,
25,4,3,MONOTONIC_WRITES,normal,netem delay 25ms 25ms,QUORUM,5,cassandra2,cassandra3,5,False,True,
25,5,1,MONOTONIC_WRITES,normal,netem delay 25ms 25ms,QUORUM,6,cassandra1,cassandra1,6,False,True,
25,5,2,MONOTONIC_WRITES,normal,netem delay 25ms 25ms,QUORUM,6,cassandra1,cassandra3,6,False,True,
25,5,3,MONOTONIC_WRITES,normal,netem delay 25ms 25ms,QUORUM,6,cassandra1,cassandra3,6,False,True,
26,1,1,MONOTONIC_WRITES,normal,netem delay 25ms 25ms,QUORUM,2,cassandra2,cassandra1,2,False,True,
26,1,2,MONOTONIC_WRITES,normal,netem delay 25ms 25ms,QUORUM,2,cassandra2,cassandra3,2,False,True,
26,1,3,MONOTONIC_WRITES,normal,netem delay 25ms 25ms,QUORUM,2,cassandra2,cassandra1,2,False,True,
26,2,1,MONOTONIC_WRITES,normal,netem delay 25ms 25ms,QUORUM,3,cassandra3,cassandra2,3,False,True,
26,2,2,MONOTONIC_WRITES,normal,netem delay 25ms 25ms,QUORUM,3,cassandra3,cassandra1,3,False,True,
26,2,3,MONOTONIC_WRITES,normal,netem delay 25ms 25ms,QUORUM,3,cassandra3,cassandra3,3,False,True,
26,3,1,MONOTONIC_WRITES,normal,netem delay 25ms 25ms,QUORUM,4,cassandra3,cassandra1,4,False,True,
26,3,2,MONOTONIC_WRITES,normal,netem delay 25ms 25ms,QUORUM,4,cassandra3,cassandra3,4,False,True,
26,3,3,MONOTONIC_WRITES,normal,netem delay 25ms 25ms,QUORUM,4,cassandra3,cassandra3,4,False,True,
26,4,1,MONOTONIC_WRITES,normal,netem delay 25ms 25ms,QUORUM,5,cassandra1,cassandra1,5,False,True,
26,4,2,MONOTONIC_WRITES,normal,netem delay 25ms 25ms,QUORUM,5,cassandra1,cassandra3,5,False,True,
26,4,3,MONOTONIC_WRITES,normal,netem delay 25ms 25ms,QUORUM,5,cassandra1,cassandra2,5,False,True,
26,5,1,MONOTONIC_WRITES,normal,netem delay 25ms 25ms,QUORUM,6,cassandra3,cassandra2,6,False,True,
26,5,2,MONOTONIC_WRITES,normal,netem delay 25ms 25ms,QUORUM,6,cassandra3,cassandra3,6,False,True,
26,5,3,MONOTONIC_WRITES,normal,netem delay 25ms 25ms,QUORUM,6,cassandra3,cassandra2,6,False,True,
27,1,1,MONOTONIC_WRITES,normal,netem delay 25ms 25ms,QUORUM,2,cassandra2,cassandra1,2,False,True,
27,1,2,MONOTONIC_WRITES,normal,netem delay 25ms 25ms,QUORUM,2,cassandra2,cassandra2,2,False,True,
27,1,3,MONOTONIC_WRITES,normal,netem delay 25ms 25ms,QUORUM,2,cassandra2,cassandra1,2,False,True,
27,2,1,MONOTONIC_WRITES,normal,netem delay 25ms 25ms,QUORUM,3,cassandra2,cassandra3,3,False,True,
27,2,2,MONOTONIC_WRITES,normal,netem delay 25ms 25ms,QUORUM,3,cassandra2,cassandra1,3,False,True,
27,2,3,MONOTONIC_WRITES,normal,netem delay 25ms 25ms,QUORUM,3,cassandra2,cassandra3,3,False,True,
27,3,1,MONOTONIC_WRITES,normal,netem delay 25ms 25ms,QUORUM,4,cassandra2,cassandra3,4,False,True,
27,3,2,MONOTONIC_WRITES,normal,netem delay 25ms 25ms,QUORUM,4,cassandra2,cassandra1,4,False,True,
27,3,3,MONOTONIC_WRITES,normal,netem delay 25ms 25ms,QUORUM,4,cassandra2,cassandra2,4,False,True,
27,4,1,MONOTONIC_WRITES,normal,netem delay 25ms 25ms,QUORUM,5,cassandra2,cassandra1,5,False,True,
27,4,2,MONOTONIC_WRITES,normal,netem delay 25ms 25ms,QUORUM,5,cassandra2,cassandra3,5,False,True,
27,4,3,MONOTONIC_WRITES,normal,netem delay 25ms 25ms,QUORUM,5,cassandra2,cassandra1,5,False,True,
27,5,1,MONOTONIC_WRITES,normal,netem delay 25ms 25ms,QUORUM,6,cassandra2,cassandra1,6,False,True,
27,5,2,MONOTONIC_WRITES,normal,netem delay 25ms 25ms,QUORUM,6,cassandra2,cassandra2,6,False,True,
27,5,3,MONOTONIC_WRITES,normal,netem delay 25ms 25ms,QUORUM,6,cassandra2,cassandra2,6,False,True,
28,1,1,MONOTONIC_WRITES,normal,netem delay 25ms 25ms,QUORUM,2,cassandra1,cassandra3,2,False,True,
28,1,2,MONOTONIC_WRITES,normal,netem delay 25ms 25ms,QUORUM,2,cassandra1,cassandra1,2,False,True,
28,1,3,MONOTONIC_WRITES,normal,netem delay 25ms 25ms,QUORUM,2,cassandra1,cassandra2,2,False,True,
28,2,1,MONOTONIC_WRITES,normal,netem delay 25ms 25ms,QUORUM,3,cassandra2,cassandra3,3,False,True,
28,2,2,MONOTONIC_WRITES,normal,netem delay 25ms 25ms,QUORUM,3,cassandra2,cassandra2,3,False,True,
28,2,3,MONOTONIC_WRITES,normal,netem delay 25ms 25ms,QUORUM,3,cassandra2,cassandra3,3,False,True,
28,3,1,MONOTONIC_WRITES,normal,netem delay 25ms 25ms,QUORUM,4,cassandra2,cassandra3,4,False,True,
28,3,2,MONOTONIC_WRITES,normal,netem delay 25ms 25ms,QUORUM,4,cassandra2,cassandra3,4,False,True,
28,3,3,MONOTONIC_WRITES,normal,netem delay 25ms 25ms,QUORUM,4,cassandra2,cassandra3,4,False,True,
28,4,1,MONOTONIC_WRITES,normal,netem delay 25ms 25ms,QUORUM,5,cassandra3,cassandra3,5,False,True,
28,4,2,MONOTONIC_WRITES,normal,netem delay 25ms 25ms,QUORUM,5,cassandra3,cassandra1,5,False,True,
28,4,3,MONOTONIC_WRITES,normal,netem delay 25ms 25ms,QUORUM,5,cassandra3,cassandra2,5,False,True,
28,5,1,MONOTONIC_WRITES,normal,netem delay 25ms 25ms,QUORUM,6,cassandra1,cassandra1,6,False,True,
28,5,2,MONOTONIC_WRITES,normal,netem delay 25ms 25ms,QUORUM,6,cassandra1,cassandra1,6,False,True,
28,5,3,MONOTONIC_WRITES,normal,netem delay 25ms 25ms,QUORUM,6,cassandra1,cassandra3,6,False,True,
29,1,1,MONOTONIC_WRITES,normal,netem delay 25ms 25ms,QUORUM,2,cassandra3,cassandra3,2,False,True,
29,1,2,MONOTONIC_WRITES,normal,netem delay 25ms 25ms,QUORUM,2,cassandra3,cassandra3,2,False,True,
29,1,3,MONOTONIC_WRITES,normal,netem delay 25ms 25ms,QUORUM,2,cassandra3,cassandra2,2,False,True,
29,2,1,MONOTONIC_WRITES,normal,netem delay 25ms 25ms,QUORUM,3,cassandra2,cassandra2,3,False,True,
29,2,2,MONOTONIC_WRITES,normal,netem delay 25ms 25ms,QUORUM,3,cassandra2,cassandra3,3,False,True,
29,2,3,MONOTONIC_WRITES,normal,netem delay 25ms 25ms,QUORUM,3,cassandra2,cassandra1,3,False,True,
29,3,1,MONOTONIC_WRITES,normal,netem delay 25ms 25ms,QUORUM,4,cassandra1,cassandra2,4,False,True,
29,3,2,MONOTONIC_WRITES,normal,netem delay 25ms 25ms,QUORUM,4,cassandra1,cassandra3,4,False,True,
29,3,3,MONOTONIC_WRITES,normal,netem delay 25ms 25ms,QUORUM,4,cassandra1,cassandra3,4,False,True,
29,4,1,MONOTONIC_WRITES,normal,netem delay 25ms 25ms,QUORUM,5,cassandra2,cassandra3,5,False,True,
29,4,2,MONOTONIC_WRITES,normal,netem delay 25ms 25ms,QUORUM,5,cassandra2,cassandra1,5,False,True,
29,4,3,MONOTONIC_WRITES,normal,netem delay 25ms 25ms,QUORUM,5,cassandra2,cassandra1,5,False,True,
29,5,1,MONOTONIC_WRITES,normal,netem delay 25ms 25ms,QUORUM,6,cassandra2,cassandra1,6,False,True,
29,5,2,MONOTONIC_WRITES,normal,netem delay 25ms 25ms,QUORUM,6,cassandra2,cassandra1,6,False,True,
29,5,3,MONOTONIC_WRITES,normal,netem delay 25ms 25ms,QUORUM,6,cassandra2,cassandra2,6,False,True,
30,1,1,MONOTONIC_WRITES,normal,netem delay 25ms 25ms,QUORUM,2,cassandra1,cassandra2,2,False,True,
30,1,2,MONOTONIC_WRITES,normal,netem delay 25ms 25ms,QUORUM,2,cassandra1,cassandra3,2,False,True,
30,1,3,MONOTONIC_WRITES,normal,netem delay 25ms 25ms,QUORUM,2,cassandra1,cassandra3,2,False,True,
30,2,1,MONOTONIC_WRITES,normal,netem delay 25ms 25ms,QUORUM,3,cassandra1,cassandra3,3,False,True,
30,2,2,MONOTONIC_WRITES,normal,netem delay 25ms 25ms,QUORUM,3,cassandra1,cassandra1,3,False,True,
30,2,3,MONOTONIC_WRITES,normal,netem delay 25ms 25ms,QUORUM,3,cassandra1,cassandra1,3,False,True,
30,3,1,MONOTONIC_WRITES,normal,netem delay 25ms 25ms,QUORUM,4,cassandra1,cassandra3,4,False,True,
30,3,2,MONOTONIC_WRITES,normal,netem delay 25ms 25ms,QUORUM,4,cassandra1,cassandra3,4,False,True,
30,3,3,MONOTONIC_WRITES,normal,netem delay 25ms 25ms,QUORUM,4,cassandra1,cassandra1,4,False,True,
30,4,1,MONOTONIC_WRITES,normal,netem delay 25ms 25ms,QUORUM,5,cassandra2,cassandra1,5,False,True,
30,4,2,MONOTONIC_WRITES,normal,netem delay 25ms 25ms,QUORUM,5,cassandra2,cassandra2,5,False,True,
30,4,3,MONOTONIC_WRITES,normal,netem delay 25ms 25ms,QUORUM,5,cassandra2,cassandra2,5,False,True,
30,5,1,MONOTONIC_WRITES,normal,netem delay 25ms 25ms,QUORUM,6,cassandra1,cassandra3,6,False,True,
30,5,2,MONOTONIC_WRITES,normal,netem delay 25ms 25ms,QUORUM,6,cassandra1,cassandra1,6,False,True,
30,5,3,MONOTONIC_WRITES,normal,netem delay 25ms 25ms,QUORUM,6,cassandra1,cassandra1,6,False,True,
31,1,1,MONOTONIC_WRITES,normal,netem delay 25ms 25ms,QUORUM,2,cassandra1,cassandra1,2,False,True,
31,1,2,MONOTONIC_WRITES,normal,netem delay 25ms 25ms,QUORUM,2,cassandra1,cassandra2,2,False,True,
31,1,3,MONOTONIC_WRITES,normal,netem delay 25ms 25ms,QUORUM,2,cassandra1,cassandra2,2,False,True,
31,2,1,MONOTONIC_WRITES,normal,netem delay 25ms 25ms,QUORUM,3,cassandra3,cassandra2,3,False,True,
31,2,2,MONOTONIC_WRITES,normal,netem delay 25ms 25ms,QUORUM,3,cassandra3,cassandra3,3,False,True,
31,2,3,MONOTONIC_WRITES,normal,netem delay 25ms 25ms,QUORUM,3,cassandra3,cassandra3,3,False,True,
31,3,1,MONOTONIC_WRITES,normal,netem delay 25ms 25ms,QUORUM,4,cassandra2,cassandra2,4,False,True,
31,3,2,MONOTONIC_WRITES,normal,netem delay 25ms 25ms,QUORUM,4,cassandra2,cassandra1,4,False,True,
31,3,3,MONOTONIC_WRITES,normal,netem delay 25ms 25ms,QUORUM,4,cassandra2,cassandra2,4,False,True,
31,4,1,MONOTONIC_WRITES,normal,netem delay 25ms 25ms,QUORUM,5,cassandra3,cassandra1,5,False,True,
31,4,2,MONOTONIC_WRITES,normal,netem delay 25ms 25ms,QUORUM,5,cassandra3,cassandra1,5,False,True,
31,4,3,MONOTONIC_WRITES,normal,netem delay 25ms 25ms,QUORUM,5,cassandra3,cassandra1,5,False,True,
31,5,1,MONOTONIC_WRITES,normal,netem delay 25ms 25ms,QUORUM,6,cassandra3,cassandra2,6,False,True,
31,5,2,MONOTONIC_WRITES,normal,netem delay 25ms 25ms,QUORUM,6,cassandra3,cassandra3,6,False,True,
31,5,3,MONOTONIC_WRITES,normal,netem delay 25ms 25ms,QUORUM,6,cassandra3,cassandra3,6,False,True,
32,1,1,MONOTONIC_WRITES,normal,netem delay 25ms 25ms,QUORUM,2,cassandra2,cassandra1,2,False,True,
32,1,2,MONOTONIC_WRITES,normal,netem delay 25ms 25ms,QUORUM,2,cassandra2,cassandra1,2,False,True,
32,1,3,MONOTONIC_WRITES,normal,netem delay 25ms 25ms,QUORUM,2,cassandra2,cassandra2,2,False,True,
32,2,1,MONOTONIC_WRITES,normal,netem delay 25ms 25ms,QUORUM,3,cassandra3,cassandra1,3,False,True,
32,2,2,MONOTONIC_WRITES,normal,netem delay 25ms 25ms,QUORUM,3,cassandra3,cassandra2,3,False,True,
32,2,3,MONOTONIC_WRITES,normal,netem delay 25ms 25ms,QUORUM,3,cassandra3,cassandra3,3,False,True,
32,3,1,MONOTONIC_WRITES,normal,netem delay 25ms 25ms,QUORUM,4,cassandra3,cassandra2,4,False,True,
32,3,2,MONOTONIC_WRITES,normal,netem delay 25ms 25ms,QUORUM,4,cassandra3,cassandra1,4,False,True,
32,3,3,MONOTONIC_WRITES,normal,netem delay 25ms 25ms,QUORUM,4,cassandra3,cassandra1,4,False,True,
32,4,1,MONOTONIC_WRITES,normal,netem delay 25ms 25ms,QUORUM,5,cassandra3,cassandra1,5,False,True,
32,4,2,MONOTONIC_WRITES,normal,netem delay 25ms 25ms,QUORUM,5,cassandra3,cassandra2,5,False,True,
32,4,3,MONOTONIC_WRITES,normal,netem delay 25ms 25ms,QUORUM,5,cassandra3,cassandra1,5,False,True,
32,5,1,MONOTONIC_WRITES,normal,netem delay 25ms 25ms,QUORUM,6,cassandra3,cassandra1,6,False,True,
32,5,2,MONOTONIC_WRITES,normal,netem delay 25ms 25ms,QUORUM,6,cassandra3,cassandra1,6,False,True,
32,5,3,MONOTONIC_WRITES,normal,netem delay 25ms 25ms,QUORUM,6,cassandra3,cassandra3,6,False,True,
33,1,1,MONOTONIC_WRITES,normal,netem delay 25ms 25ms,QUORUM,2,cassandra2,cassandra1,2,False,True,
33,1,2,MONOTONIC_WRITES,normal,netem delay 25ms 25ms,QUORUM,2,cassandra2,cassandra2,2,False,True,
33,1,3,MONOTONIC_WRITES,normal,netem delay 25ms 25ms,QUORUM,2,cassandra2,cassandra2,2,False,True,
33,2,1,MONOTONIC_WRITES,normal,netem delay 25ms 25ms,QUORUM,3,cassandra2,cassandra3,3,False,True,
33,2,2,MONOTONIC_WRITES,normal,netem delay 25ms 25ms,QUORUM,3,cassandra2,cassandra3,3,False,True,
33,2,3,MONOTONIC_WRITES,normal,netem delay 25ms 25ms,QUORUM,3,cassandra2,cassandra3,3,False,True,
33,3,1,MONOTONIC_WRITES,normal,netem delay 25ms 25ms,QUORUM,4,cassandra3,cassandra1,4,False,True,
33,3,2,MONOTONIC_WRITES,normal,netem delay 25ms 25ms,QUORUM,4,cassandra3,cassandra2,4,False,True,
33,3,3,MONOTONIC_WRITES,normal,netem delay 25ms 25ms,QUORUM,4,cassandra3,cassandra1,4,False,True,
33,4,1,MONOTONIC_WRITES,normal,netem delay 25ms 25ms,QUORUM,5,cassandra1,cassandra1,5,False,True,
33,4,2,MONOTONIC_WRITES,normal,netem delay 25ms 25ms,QUORUM,5,cassandra1,cassandra1,5,False,True,
33,4,3,MONOTONIC_WRITES,normal,netem delay 25ms 25ms,QUORUM,5,cassandra1,cassandra1,5,False,True,
33,5,1,MONOTONIC_WRITES,normal,netem delay 25ms 25ms,QUORUM,6,cassandra2,cassandra1,6,False,True,
33,5,2,MONOTONIC_WRITES,normal,netem delay 25ms 25ms,QUORUM,6,cassandra2,cassandra1,6,False,True,
33,5,3,MONOTONIC_WRITES,normal,netem delay 25ms 25ms,QUORUM,6,cassandra2,cassandra1,6,False,True,
34,1,1,MONOTONIC_WRITES,normal,netem delay 25ms 25ms,QUORUM,2,cassandra3,cassandra3,2,False,True,
34,1,2,MONOTONIC_WRITES,normal,netem delay 25ms 25ms,QUORUM,2,cassandra3,cassandra1,2,False,True,
34,1,3,MONOTONIC_WRITES,normal,netem delay 25ms 25ms,QUORUM,2,cassandra3,cassandra2,2,False,True,
34,2,1,MONOTONIC_WRITES,normal,netem delay 25ms 25ms,QUORUM,3,cassandra1,cassandra1,3,False,True,
34,2,2,MONOTONIC_WRITES,normal,netem delay 25ms 25ms,QUORUM,3,cassandra1,cassandra3,3,False,True,
34,2,3,MONOTONIC_WRITES,normal,netem delay 25ms 25ms,QUORUM,3,cassandra1,cassandra1,3,False,True,
34,3,1,MONOTONIC_WRITES,normal,netem delay 25ms 25ms,QUORUM,4,cassandra1,cassandra2,4,False,True,
34,3,2,MONOTONIC_WRITES,normal,netem delay 25ms 25ms,QUORUM,4,cassandra1,cassandra1,4,False,True,
34,3,3,MONOTONIC_WRITES,normal,netem delay 25ms 25ms,QUORUM,4,cassandra1,cassandra3,4,False,True,
34,4,1,MONOTONIC_WRITES,normal,netem delay 25ms 25ms,QUORUM,5,cassandra2,cassandra3,5,False,True,
34,4,2,MONOTONIC_WRITES,normal,netem delay 25ms 25ms,QUORUM,5,cassandra2,cassandra3,5,False,True,
34,4,3,MONOTONIC_WRITES,normal,netem delay 25ms 25ms,QUORUM,5,cassandra2,cassandra3,5,False,True,
34,5,1,MONOTONIC_WRITES,normal,netem delay 25ms 25ms,QUORUM,6,cassandra2,cassandra3,6,False,True,
34,5,2,MONOTONIC_WRITES,normal,netem delay 25ms 25ms,QUORUM,6,cassandra2,cassandra1,6,False,True,
34,5,3,MONOTONIC_WRITES,normal,netem delay 25ms 25ms,QUORUM,6,cassandra2,cassandra2,6,False,True,
35,1,1,MONOTONIC_WRITES,normal,netem delay 25ms 25ms,QUORUM,2,cassandra1,cassandra2,2,False,True,
35,1,2,MONOTONIC_WRITES,normal,netem delay 25ms 25ms,QUORUM,2,cassandra1,cassandra3,2,False,True,
35,1,3,MONOTONIC_WRITES,normal,netem delay 25ms 25ms,QUORUM,2,cassandra1,cassandra3,2,False,True,
35,2,1,MONOTONIC_WRITES,normal,netem delay 25ms 25ms,QUORUM,3,cassandra2,cassandra3,3,False,True,
35,2,2,MONOTONIC_WRITES,normal,netem delay 25ms 25ms,QUORUM,3,cassandra2,cassandra3,3,False,True,
35,2,3,MONOTONIC_WRITES,normal,netem delay 25ms 25ms,QUORUM,3,cassandra2,cassandra3,3,False,True,
35,3,1,MONOTONIC_WRITES,normal,netem delay 25ms 25ms,QUORUM,4,cassandra2,cassandra1,4,False,True,
35,3,2,MONOTONIC_WRITES,normal,netem delay 25ms 25ms,QUORUM,4,cassandra2,cassandra3,4,False,True,
35,3,3,MONOTONIC_WRITES,normal,netem delay 25ms 25ms,QUORUM,4,cassandra2,cassandra3,4,False,True,
35,4,1,MONOTONIC_WRITES,normal,netem delay 25ms 25ms,QUORUM,5,cassandra2,cassandra1,5,False,True,
35,4,2,MONOTONIC_WRITES,normal,netem delay 25ms 25ms,QUORUM,5,cassandra2,cassandra2,5,False,True,
35,4,3,MONOTONIC_WRITES,normal,netem delay 25ms 25ms,QUORUM,5,cassandra2,cassandra1,5,False,True,
35,5,1,MONOTONIC_WRITES,normal,netem delay 25ms 25ms,QUORUM,6,cassandra3,cassandra1,6,False,True,
35,5,2,MONOTONIC_WRITES,normal,netem delay 25ms 25ms,QUORUM,6,cassandra3,cassandra1,6,False,True,
35,5,3,MONOTONIC_WRITES,normal,netem delay 25ms 25ms,QUORUM,6,cassandra3,cassandra2,6,False,True,
36,1,1,MONOTONIC_WRITES,normal,netem delay 25ms 25ms,QUORUM,2,cassandra2,cassandra1,2,False,True,
36,1,2,MONOTONIC_WRITES,normal,netem delay 25ms 25ms,QUORUM,2,cassandra2,cassandra1,2,False,True,
36,1,3,MONOTONIC_WRITES,normal,netem delay 25ms 25ms,QUORUM,2,cassandra2,cassandra1,2,False,True,
36,2,1,MONOTONIC_WRITES,normal,netem delay 25ms 25ms,QUORUM,3,cassandra1,cassandra1,3,False,True,
36,2,2,MONOTONIC_WRITES,normal,netem delay 25ms 25ms,QUORUM,3,cassandra1,cassandra2,3,False,True,
36,2,3,MONOTONIC_WRITES,normal,netem delay 25ms 25ms,QUORUM,3,cassandra1,cassandra3,3,False,True,
36,3,1,MONOTONIC_WRITES,normal,netem delay 25ms 25ms,QUORUM,4,cassandra1,cassandra2,4,False,True,
36,3,2,MONOTONIC_WRITES,normal,netem delay 25ms 25ms,QUORUM,4,cassandra1,cassandra2,4,False,True,
36,3,3,MONOTONIC_WRITES,normal,netem delay 25ms 25ms,QUORUM,4,cassandra1,cassandra1,4,False,True,
36,4,1,MONOTONIC_WRITES,normal,netem delay 25ms 25ms,QUORUM,5,cassandra2,cassandra1,5,False,True,
36,4,2,MONOTONIC_WRITES,normal,netem delay 25ms 25ms,QUORUM,5,cassandra2,cassandra3,5,False,True,
36,4,3,MONOTONIC_WRITES,normal,netem delay 25ms 25ms,QUORUM,5,cassandra2,cassandra3,5,False,True,
36,5,1,MONOTONIC_WRITES,normal,netem delay 25ms 25ms,QUORUM,6,cassandra3,cassandra2,6,False,True,
36,5,2,MONOTONIC_WRITES,normal,netem delay 25ms 25ms,QUORUM,6,cassandra3,cassandra2,6,False,True,
36,5,3,MONOTONIC_WRITES,normal,netem delay 25ms 25ms,QUORUM,6,cassandra3,cassandra2,6,False,True,
37,1,1,MONOTONIC_WRITES,normal,netem delay 25ms 25ms,QUORUM,2,cassandra2,cassandra3,2,False,True,
37,1,2,MONOTONIC_WRITES,normal,netem delay 25ms 25ms,QUORUM,2,cassandra2,cassandra3,2,False,True,
37,1,3,MONOTONIC_WRITES,normal,netem delay 25ms 25ms,QUORUM,2,cassandra2,cassandra3,2,False,True,
37,2,1,MONOTONIC_WRITES,normal,netem delay 25ms 25ms,QUORUM,3,cassandra2,cassandra1,3,False,True,
37,2,2,MONOTONIC_WRITES,normal,netem delay 25ms 25ms,QUORUM,3,cassandra2,cassandra1,3,False,True,
37,2,3,MONOTONIC_WRITES,normal,netem delay 25ms 25ms,QUORUM,3,cassandra2,cassandra3,3,False,True,
37,3,1,MONOTONIC_WRITES,normal,netem delay 25ms 25ms,QUORUM,4,cassandra3,cassandra1,4,False,True,
37,3,2,MONOTONIC_WRITES,normal,netem delay 25ms 25ms,QUORUM,4,cassandra3,cassandra2,4,False,True,
37,3,3,MONOTONIC_WRITES,normal,netem delay 25ms 25ms,QUORUM,4,cassandra3,cassandra3,4,False,True,
37,4,1,MONOTONIC_WRITES,normal,netem delay 25ms 25ms,QUORUM,5,cassandra1,cassandra1,5,False,True,
37,4,2,MONOTONIC_WRITES,normal,netem delay 25ms 25ms,QUORUM,5,cassandra1,cassandra1,5,False,True,
37,4,3,MONOTONIC_WRITES,normal,netem delay 25ms 25ms,QUORUM,5,cassandra1,cassandra3,5,False,True,
37,5,1,MONOTONIC_WRITES,normal,netem delay 25ms 25ms,QUORUM,6,cassandra3,cassandra3,6,False,True,
37,5,2,MONOTONIC_WRITES,normal,netem delay 25ms 25ms,QUORUM,6,cassandra3,cassandra3,6,False,True,
37,5,3,MONOTONIC_WRITES,normal,netem delay 25ms 25ms,QUORUM,6,cassandra3,cassandra1,6,False,True,
38,1,1,MONOTONIC_WRITES,normal,netem delay 25ms 25ms,QUORUM,2,cassandra1,cassandra2,2,False,True,
38,1,2,MONOTONIC_WRITES,normal,netem delay 25ms 25ms,QUORUM,2,cassandra1,cassandra2,2,False,True,
38,1,3,MONOTONIC_WRITES,normal,netem delay 25ms 25ms,QUORUM,2,cassandra1,cassandra2,2,False,True,
38,2,1,MONOTONIC_WRITES,normal,netem delay 25ms 25ms,QUORUM,3,cassandra2,cassandra1,3,False,True,
38,2,2,MONOTONIC_WRITES,normal,netem delay 25ms 25ms,QUORUM,3,cassandra2,cassandra3,3,False,True,
38,2,3,MONOTONIC_WRITES,normal,netem delay 25ms 25ms,QUORUM,3,cassandra2,cassandra1,3,False,True,
38,3,1,MONOTONIC_WRITES,normal,netem delay 25ms 25ms,QUORUM,4,cassandra1,cassandra2,4,False,True,
38,3,2,MONOTONIC_WRITES,normal,netem delay 25ms 25ms,QUORUM,4,cassandra1,cassandra1,4,False,True,
38,3,3,MONOTONIC_WRITES,normal,netem delay 25ms 25ms,QUORUM,4,cassandra1,cassandra1,4,False,True,
38,4,1,MONOTONIC_WRITES,normal,netem delay 25ms 25ms,QUORUM,5,cassandra3,cassandra2,5,False,True,
38,4,2,MONOTONIC_WRITES,normal,netem delay 25ms 25ms,QUORUM,5,cassandra3,cassandra2,5,False,True,
38,4,3,MONOTONIC_WRITES,normal,netem delay 25ms 25ms,QUORUM,5,cassandra3,cassandra1,5,False,True,
38,5,1,MONOTONIC_WRITES,normal,netem delay 25ms 25ms,QUORUM,6,cassandra1,cassandra2,6,False,True,
38,5,2,MONOTONIC_WRITES,normal,netem delay 25ms 25ms,QUORUM,6,cassandra1,cassandra3,6,False,True,
38,5,3,MONOTONIC_WRITES,normal,netem delay 25ms 25ms,QUORUM,6,cassandra1,cassandra3,6,False,True,
39,1,1,MONOTONIC_WRITES,normal,netem delay 25ms 25ms,QUORUM,2,cassandra3,cassandra3,2,False,True,
39,1,2,MONOTONIC_WRITES,normal,netem delay 25ms 25ms,QUORUM,2,cassandra3,cassandra1,2,False,True,
39,1,3,MONOTONIC_WRITES,normal,netem delay 25ms 25ms,QUORUM,2,cassandra3,cassandra3,2,False,True,
39,2,1,MONOTONIC_WRITES,normal,netem delay 25ms 25ms,QUORUM,3,cassandra1,cassandra2,3,False,True,
39,2,2,MONOTONIC_WRITES,normal,netem delay 25ms 25ms,QUORUM,3,cassandra1,cassandra2,3,False,True,
39,2,3,MONOTONIC_WRITES,normal,netem delay 25ms 25ms,QUORUM,3,cassandra1,cassandra1,3,False,True,
39,3,1,MONOTONIC_WRITES,normal,netem delay 25ms 25ms,QUORUM,4,cassandra3,cassandra2,4,False,True,
39,3,2,MONOTONIC_WRITES,normal,netem delay 25ms 25ms,QUORUM,4,cassandra3,cassandra2,4,False,True,
39,3,3,MONOTONIC_WRITES,normal,netem delay 25ms 25ms,QUORUM,4,cassandra3,cassandra1,4,False,True,
39,4,1,MONOTONIC_WRITES,normal,netem delay 25ms 25ms,QUORUM,5,cassandra2,cassandra2,5,False,True,
39,4,2,MONOTONIC_WRITES,normal,netem delay 25ms 25ms,QUORUM,5,cassandra2,cassandra2,5,False,True,
39,4,3,MONOTONIC_WRITES,normal,netem delay 25ms 25ms,QUORUM,5,cassandra2,cassandra1,5,False,True,
39,5,1,MONOTONIC_WRITES,normal,netem delay 25ms 25ms,QUORUM,6,cassandra1,cassandra3,6,False,True,
39,5,2,MONOTONIC_WRITES,normal,netem delay 25ms 25ms,QUORUM,6,cassandra1,cassandra3,6,False,True,
39,5,3,MONOTONIC_WRITES,normal,netem delay 25ms 25ms,QUORUM,6,cassandra1,cassandra1,6,False,True,
40,1,1,MONOTONIC_WRITES,normal,netem delay 25ms 25ms,QUORUM,2,cassandra2,cassandra3,2,False,True,
40,1,2,MONOTONIC_WRITES,normal,netem delay 25ms 25ms,QUORUM,2,cassandra2,cassandra3,2,False,True,
40,1,3,MONOTONIC_WRITES,normal,netem delay 25ms 25ms,QUORUM,2,cassandra2,cassandra2,2,False,True,
40,2,1,MONOTONIC_WRITES,normal,netem delay 25ms 25ms,QUORUM,3,cassandra1,cassandra3,3,False,True,
40,2,2,MONOTONIC_WRITES,normal,netem delay 25ms 25ms,QUORUM,3,cassandra1,cassandra1,3,False,True,
40,2,3,MONOTONIC_WRITES,normal,netem delay 25ms 25ms,QUORUM,3,cassandra1,cassandra1,3,False,True,
40,3,1,MONOTONIC_WRITES,normal,netem delay 25ms 25ms,QUORUM,4,cassandra1,cassandra3,4,False,True,
40,3,2,MONOTONIC_WRITES,normal,netem delay 25ms 25ms,QUORUM,4,cassandra1,cassandra1,4,False,True,
40,3,3,MONOTONIC_WRITES,normal,netem delay 25ms 25ms,QUORUM,4,cassandra1,cassandra2,4,False,True,
40,4,1,MONOTONIC_WRITES,normal,netem delay 25ms 25ms,QUORUM,5,cassandra2,cassandra3,5,False,True,
40,4,2,MONOTONIC_WRITES,normal,netem delay 25ms 25ms,QUORUM,5,cassandra2,cassandra2,5,False,True,
40,4,3,MONOTONIC_WRITES,normal,netem delay 25ms 25ms,QUORUM,5,cassandra2,cassandra3,5,False,True,
40,5,1,MONOTONIC_WRITES,normal,netem delay 25ms 25ms,QUORUM,6,cassandra3,cassandra3,6,False,True,
40,5,2,MONOTONIC_WRITES,normal,netem delay 25ms 25ms,QUORUM,6,cassandra3,cassandra3,6,False,True,
40,5,3,MONOTONIC_WRITES,normal,netem delay 25ms 25ms,QUORUM,6,cassandra3,cassandra2,6,False,True,
41,1,1,MONOTONIC_WRITES,normal,netem delay 25ms 25ms,QUORUM,2,cassandra1,cassandra1,2,False,True,
41,1,2,MONOTONIC_WRITES,normal,netem delay 25ms 25ms,QUORUM,2,cassandra1,cassandra3,2,False,True,
41,1,3,MONOTONIC_WRITES,normal,netem delay 25ms 25ms,QUORUM,2,cassandra1,cassandra1,2,False,True,
41,2,1,MONOTONIC_WRITES,normal,netem delay 25ms 25ms,QUORUM,3,cassandra3,cassandra1,3,False,True,
41,2,2,MONOTONIC_WRITES,normal,netem delay 25ms 25ms,QUORUM,3,cassandra3,cassandra1,3,False,True,
41,2,3,MONOTONIC_WRITES,normal,netem delay 25ms 25ms,QUORUM,3,cassandra3,cassandra3,3,False,True,
41,3,1,MONOTONIC_WRITES,normal,netem delay 25ms 25ms,QUORUM,4,cassandra1,cassandra1,4,False,True,
41,3,2,MONOTONIC_WRITES,normal,netem delay 25ms 25ms,QUORUM,4,cassandra1,cassandra1,4,False,True,
41,3,3,MONOTONIC_WRITES,normal,netem delay 25ms 25ms,QUORUM,4,cassandra1,cassandra2,4,False,True,
41,4,1,MONOTONIC_WRITES,normal,netem delay 25ms 25ms,QUORUM,5,cassandra1,cassandra2,5,False,True,
41,4,2,MONOTONIC_WRITES,normal,netem delay 25ms 25ms,QUORUM,5,cassandra1,cassandra3,5,False,True,
41,4,3,MONOTONIC_WRITES,normal,netem delay 25ms 25ms,QUORUM,5,cassandra1,cassandra2,5,False,True,
41,5,1,MONOTONIC_WRITES,normal,netem delay 25ms 25ms,QUORUM,6,cassandra2,cassandra1,6,False,True,
41,5,2,MONOTONIC_WRITES,normal,netem delay 25ms 25ms,QUORUM,6,cassandra2,cassandra2,6,False,True,
41,5,3,MONOTONIC_WRITES,normal,netem delay 25ms 25ms,QUORUM,6,cassandra2,cassandra1,6,False,True,
42,1,1,MONOTONIC_WRITES,normal,netem delay 25ms 25ms,QUORUM,2,cassandra3,cassandra2,2,False,True,
42,1,2,MONOTONIC_WRITES,normal,netem delay 25ms 25ms,QUORUM,2,cassandra3,cassandra3,2,False,True,
42,1,3,MONOTONIC_WRITES,normal,netem delay 25ms 25ms,QUORUM,2,cassandra3,cassandra1,2,False,True,
42,2,1,MONOTONIC_WRITES,normal,netem delay 25ms 25ms,QUORUM,3,cassandra3,cassandra1,3,False,True,
42,2,2,MONOTONIC_WRITES,normal,netem delay 25ms 25ms,QUORUM,3,cassandra3,cassandra3,3,False,True,
42,2,3,MONOTONIC_WRITES,normal,netem delay 25ms 25ms,QUORUM,3,cassandra3,cassandra3,3,False,True,
42,3,1,MONOTONIC_WRITES,normal,netem delay 25ms 25ms,QUORUM,4,cassandra3,cassandra1,4,False,True,
42,3,2,MONOTONIC_WRITES,normal,netem delay 25ms 25ms,QUORUM,4,cassandra3,cassandra2,4,False,True,
42,3,3,MONOTONIC_WRITES,normal,netem delay 25ms 25ms,QUORUM,4,cassandra3,cassandra3,4,False,True,
42,4,1,MONOTONIC_WRITES,normal,netem delay 25ms 25ms,QUORUM,5,cassandra2,cassandra3,5,False,True,
42,4,2,MONOTONIC_WRITES,normal,netem delay 25ms 25ms,QUORUM,5,cassandra2,cassandra2,5,False,True,
42,4,3,MONOTONIC_WRITES,normal,netem delay 25ms 25ms,QUORUM,5,cassandra2,cassandra3,5,False,True,
42,5,1,MONOTONIC_WRITES,normal,netem delay 25ms 25ms,QUORUM,6,cassandra1,cassandra2,6,False,True,
42,5,2,MONOTONIC_WRITES,normal,netem delay 25ms 25ms,QUORUM,6,cassandra1,cassandra1,6,False,True,
42,5,3,MONOTONIC_WRITES,normal,netem delay 25ms 25ms,QUORUM,6,cassandra1,cassandra2,6,False,True,
43,1,1,MONOTONIC_WRITES,normal,netem delay 25ms 25ms,QUORUM,2,cassandra1,cassandra3,2,False,True,
43,1,2,MONOTONIC_WRITES,normal,netem delay 25ms 25ms,QUORUM,2,cassandra1,cassandra3,2,False,True,
43,1,3,MONOTONIC_WRITES,normal,netem delay 25ms 25ms,QUORUM,2,cassandra1,cassandra3,2,False,True,
43,2,1,MONOTONIC_WRITES,normal,netem delay 25ms 25ms,QUORUM,3,cassandra1,cassandra1,3,False,True,
43,2,2,MONOTONIC_WRITES,normal,netem delay 25ms 25ms,QUORUM,3,cassandra1,cassandra3,3,False,True,
43,2,3,MONOTONIC_WRITES,normal,netem delay 25ms 25ms,QUORUM,3,cassandra1,cassandra1,3,False,True,
43,3,1,MONOTONIC_WRITES,normal,netem delay 25ms 25ms,QUORUM,4,cassandra3,cassandra1,4,False,True,
43,3,2,MONOTONIC_WRITES,normal,netem delay 25ms 25ms,QUORUM,4,cassandra3,cassandra1,4,False,True,
43,3,3,MONOTONIC_WRITES,normal,netem delay 25ms 25ms,QUORUM,4,cassandra3,cassandra1,4,False,True,
43,4,1,MONOTONIC_WRITES,normal,netem delay 25ms 25ms,QUORUM,5,cassandra3,cassandra2,5,False,True,
43,4,2,MONOTONIC_WRITES,normal,netem delay 25ms 25ms,QUORUM,5,cassandra3,cassandra1,5,False,True,
43,4,3,MONOTONIC_WRITES,normal,netem delay 25ms 25ms,QUORUM,5,cassandra3,cassandra2,5,False,True,
43,5,1,MONOTONIC_WRITES,normal,netem delay 25ms 25ms,QUORUM,6,cassandra2,cassandra1,6,False,True,
43,5,2,MONOTONIC_WRITES,normal,netem delay 25ms 25ms,QUORUM,6,cassandra2,cassandra1,6,False,True,
43,5,3,MONOTONIC_WRITES,normal,netem delay 25ms 25ms,QUORUM,6,cassandra2,cassandra2,6,False,True,
44,1,1,MONOTONIC_WRITES,normal,netem delay 25ms 25ms,QUORUM,2,cassandra2,cassandra3,2,False,True,
44,1,2,MONOTONIC_WRITES,normal,netem delay 25ms 25ms,QUORUM,2,cassandra2,cassandra3,2,False,True,
44,1,3,MONOTONIC_WRITES,normal,netem delay 25ms 25ms,QUORUM,2,cassandra2,cassandra2,2,False,True,
44,2,1,MONOTONIC_WRITES,normal,netem delay 25ms 25ms,QUORUM,3,cassandra2,cassandra2,3,False,True,
44,2,2,MONOTONIC_WRITES,normal,netem delay 25ms 25ms,QUORUM,3,cassandra2,cassandra2,3,False,True,
44,2,3,MONOTONIC_WRITES,normal,netem delay 25ms 25ms,QUORUM,3,cassandra2,cassandra2,3,False,True,
44,3,1,MONOTONIC_WRITES,normal,netem delay 25ms 25ms,QUORUM,4,cassandra2,cassandra2,4,False,True,
44,3,2,MONOTONIC_WRITES,normal,netem delay 25ms 25ms,QUORUM,4,cassandra2,cassandra1,4,False,True,
44,3,3,MONOTONIC_WRITES,normal,netem delay 25ms 25ms,QUORUM,4,cassandra2,cassandra1,4,False,True,
44,4,1,MONOTONIC_WRITES,normal,netem delay 25ms 25ms,QUORUM,5,cassandra2,cassandra1,5,False,True,
44,4,2,MONOTONIC_WRITES,normal,netem delay 25ms 25ms,QUORUM,5,cassandra2,cassandra2,5,False,True,
44,4,3,MONOTONIC_WRITES,normal,netem delay 25ms 25ms,QUORUM,5,cassandra2,cassandra2,5,False,True,
44,5,1,MONOTONIC_WRITES,normal,netem delay 25ms 25ms,QUORUM,6,cassandra2,cassandra3,6,False,True,
44,5,2,MONOTONIC_WRITES,normal,netem delay 25ms 25ms,QUORUM,6,cassandra2,cassandra3,6,False,True,
44,5,3,MONOTONIC_WRITES,normal,netem delay 25ms 25ms,QUORUM,6,cassandra2,cassandra1,6,False,True,
45,1,1,MONOTONIC_WRITES,normal,netem delay 25ms 25ms,QUORUM,2,cassandra2,cassandra2,2,False,True,
45,1,2,MONOTONIC_WRITES,normal,netem delay 25ms 25ms,QUORUM,2,cassandra2,cassandra1,2,False,True,
45,1,3,MONOTONIC_WRITES,normal,netem delay 25ms 25ms,QUORUM,2,cassandra2,cassandra3,2,False,True,
45,2,1,MONOTONIC_WRITES,normal,netem delay 25ms 25ms,QUORUM,3,cassandra1,cassandra1,3,False,True,
45,2,2,MONOTONIC_WRITES,normal,netem delay 25ms 25ms,QUORUM,3,cassandra1,cassandra2,3,False,True,
45,2,3,MONOTONIC_WRITES,normal,netem delay 25ms 25ms,QUORUM,3,cassandra1,cassandra1,3,False,True,
45,3,1,MONOTONIC_WRITES,normal,netem delay 25ms 25ms,QUORUM,4,cassandra1,cassandra2,4,False,True,
45,3,2,MONOTONIC_WRITES,normal,netem delay 25ms 25ms,QUORUM,4,cassandra1,cassandra1,4,False,True,
45,3,3,MONOTONIC_WRITES,normal,netem delay 25ms 25ms,QUORUM,4,cassandra1,cassandra2,4,False,True,
45,4,1,MONOTONIC_WRITES,normal,netem delay 25ms 25ms,QUORUM,5,cassandra3,cassandra1,5,False,True,
45,4,2,MONOTONIC_WRITES,normal,netem delay 25ms 25ms,QUORUM,5,cassandra3,cassandra3,5,False,True,
45,4,3,MONOTONIC_WRITES,normal,netem delay 25ms 25ms,QUORUM,5,cassandra3,cassandra2,5,False,True,
45,5,1,MONOTONIC_WRITES,normal,netem delay 25ms 25ms,QUORUM,6,cassandra1,cassandra1,6,False,True,
45,5,2,MONOTONIC_WRITES,normal,netem delay 25ms 25ms,QUORUM,6,cassandra1,cassandra1,6,False,True,
45,5,3,MONOTONIC_WRITES,normal,netem delay 25ms 25ms,QUORUM,6,cassandra1,cassandra3,6,False,True,
46,1,1,MONOTONIC_WRITES,normal,netem delay 25ms 25ms,QUORUM,2,cassandra3,cassandra2,2,False,True,
46,1,2,MONOTONIC_WRITES,normal,netem delay 25ms 25ms,QUORUM,2,cassandra3,cassandra1,2,False,True,
46,1,3,MONOTONIC_WRITES,normal,netem delay 25ms 25ms,QUORUM,2,cassandra3,cassandra1,2,False,True,
46,2,1,MONOTONIC_WRITES,normal,netem delay 25ms 25ms,QUORUM,3,cassandra1,cassandra2,3,False,True,
46,2,2,MONOTONIC_WRITES,normal,netem delay 25ms 25ms,QUORUM,3,cassandra1,cassandra2,3,False,True,
46,2,3,MONOTONIC_WRITES,normal,netem delay 25ms 25ms,QUORUM,3,cassandra1,cassandra1,3,False,True,
46,3,1,MONOTONIC_WRITES,normal,netem delay 25ms 25ms,QUORUM,4,cassandra3,cassandra3,4,False,True,
46,3,2,MONOTONIC_WRITES,normal,netem delay 25ms 25ms,QUORUM,4,cassandra3,cassandra1,4,False,True,
46,3,3,MONOTONIC_WRITES,normal,netem delay 25ms 25ms,QUORUM,4,cassandra3,cassandra2,4,False,True,
46,4,1,MONOTONIC_WRITES,normal,netem delay 25ms 25ms,QUORUM,5,cassandra2,cassandra2,5,False,True,
46,4,2,MONOTONIC_WRITES,normal,netem delay 25ms 25ms,QUORUM,5,cassandra2,cassandra3,5,False,True,
46,4,3,MONOTONIC_WRITES,normal,netem delay 25ms 25ms,QUORUM,5,cassandra2,cassandra3,5,False,True,
46,5,1,MONOTONIC_WRITES,normal,netem delay 25ms 25ms,QUORUM,6,cassandra3,cassandra2,6,False,True,
46,5,2,MONOTONIC_WRITES,normal,netem delay 25ms 25ms,QUORUM,6,cassandra3,cassandra1,6,False,True,
46,5,3,MONOTONIC_WRITES,normal,netem delay 25ms 25ms,QUORUM,6,cassandra3,cassandra2,6,False,True,
47,1,1,MONOTONIC_WRITES,normal,netem delay 25ms 25ms,QUORUM,2,cassandra3,cassandra1,2,False,True,
47,1,2,MONOTONIC_WRITES,normal,netem delay 25ms 25ms,QUORUM,2,cassandra3,cassandra1,2,False,True,
47,1,3,MONOTONIC_WRITES,normal,netem delay 25ms 25ms,QUORUM,2,cassandra3,cassandra3,2,False,True,
47,2,1,MONOTONIC_WRITES,normal,netem delay 25ms 25ms,QUORUM,3,cassandra1,cassandra3,3,False,True,
47,2,2,MONOTONIC_WRITES,normal,netem delay 25ms 25ms,QUORUM,3,cassandra1,cassandra3,3,False,True,
47,2,3,MONOTONIC_WRITES,normal,netem delay 25ms 25ms,QUORUM,3,cassandra1,cassandra1,3,False,True,
47,3,1,MONOTONIC_WRITES,normal,netem delay 25ms 25ms,QUORUM,4,cassandra1,cassandra2,4,False,True,
47,3,2,MONOTONIC_WRITES,normal,netem delay 25ms 25ms,QUORUM,4,cassandra1,cassandra1,4,False,True,
47,3,3,MONOTONIC_WRITES,normal,netem delay 25ms 25ms,QUORUM,4,cassandra1,cassandra3,4,False,True,
47,4,1,MONOTONIC_WRITES,normal,netem delay 25ms 25ms,QUORUM,5,cassandra1,cassandra3,5,False,True,
47,4,2,MONOTONIC_WRITES,normal,netem delay 25ms 25ms,QUORUM,5,cassandra1,cassandra3,5,False,True,
47,4,3,MONOTONIC_WRITES,normal,netem delay 25ms 25ms,QUORUM,5,cassandra1,cassandra3,5,False,True,
47,5,1,MONOTONIC_WRITES,normal,netem delay 25ms 25ms,QUORUM,6,cassandra1,cassandra2,6,False,True,
47,5,2,MONOTONIC_WRITES,normal,netem delay 25ms 25ms,QUORUM,6,cassandra1,cassandra2,6,False,True,
47,5,3,MONOTONIC_WRITES,normal,netem delay 25ms 25ms,QUORUM,6,cassandra1,cassandra1,6,False,True,
48,1,1,MONOTONIC_WRITES,normal,netem delay 25ms 25ms,QUORUM,2,cassandra1,cassandra1,2,False,True,
48,1,2,MONOTONIC_WRITES,normal,netem delay 25ms 25ms,QUORUM,2,cassandra1,cassandra1,2,False,True,
48,1,3,MONOTONIC_WRITES,normal,netem delay 25ms 25ms,QUORUM,2,cassandra1,cassandra3,2,False,True,
48,2,1,MONOTONIC_WRITES,normal,netem delay 25ms 25ms,QUORUM,3,cassandra3,cassandra1,3,False,True,
48,2,2,MONOTONIC_WRITES,normal,netem delay 25ms 25ms,QUORUM,3,cassandra3,cassandra3,3,False,True,
48,2,3,MONOTONIC_WRITES,normal,netem delay 25ms 25ms,QUORUM,3,cassandra3,cassandra1,3,False,True,
48,3,1,MONOTONIC_WRITES,normal,netem delay 25ms 25ms,QUORUM,4,cassandra3,cassandra2,4,False,True,
48,3,2,MONOTONIC_WRITES,normal,netem delay 25ms 25ms,QUORUM,4,cassandra3,cassandra1,4,False,True,
48,3,3,MONOTONIC_WRITES,normal,netem delay 25ms 25ms,QUORUM,4,cassandra3,cassandra2,4,False,True,
48,4,1,MONOTONIC_WRITES,normal,netem delay 25ms 25ms,QUORUM,5,cassandra2,cassandra2,5,False,True,
48,4,2,MONOTONIC_WRITES,normal,netem delay 25ms 25ms,QUORUM,5,cassandra2,cassandra2,5,False,True,
48,4,3,MONOTONIC_WRITES,normal,netem delay 25ms 25ms,QUORUM,5,cassandra2,cassandra2,5,False,True,
48,5,1,MONOTONIC_WRITES,normal,netem delay 25ms 25ms,QUORUM,6,cassandra3,cassandra1,6,False,True,
48,5,2,MONOTONIC_WRITES,normal,netem delay 25ms 25ms,QUORUM,6,cassandra3,cassandra1,6,False,True,
48,5,3,MONOTONIC_WRITES,normal,netem delay 25ms 25ms,QUORUM,6,cassandra3,cassandra3,6,False,True,
49,1,1,MONOTONIC_WRITES,normal,netem delay 25ms 25ms,QUORUM,2,cassandra3,cassandra2,2,False,True,
49,1,2,MONOTONIC_WRITES,normal,netem delay 25ms 25ms,QUORUM,2,cassandra3,cassandra3,2,False,True,
49,1,3,MONOTONIC_WRITES,normal,netem delay 25ms 25ms,QUORUM,2,cassandra3,cassandra2,2,False,True,
49,2,1,MONOTONIC_WRITES,normal,netem delay 25ms 25ms,QUORUM,3,cassandra2,cassandra3,3,False,True,
49,2,2,MONOTONIC_WRITES,normal,netem delay 25ms 25ms,QUORUM,3,cassandra2,cassandra1,3,False,True,
49,2,3,MONOTONIC_WRITES,normal,netem delay 25ms 25ms,QUORUM,3,cassandra2,cassandra3,3,False,True,
49,3,1,MONOTONIC_WRITES,normal,netem delay 25ms 25ms,QUORUM,4,cassandra1,cassandra3,4,False,True,
49,3,2,MONOTONIC_WRITES,normal,netem delay 25ms 25ms,QUORUM,4,cassandra1,cassandra1,4,False,True,
49,3,3,MONOTONIC_WRITES,normal,netem delay 25ms 25ms,QUORUM,4,cassandra1,cassandra2,4,False,True,
49,4,1,MONOTONIC_WRITES,normal,netem delay 25ms 25ms,QUORUM,5,cassandra3,cassandra3,5,False,True,
49,4,2,MONOTONIC_WRITES,normal,netem delay 25ms 25ms,QUORUM,5,cassandra3,cassandra1,5,False,True,
49,4,3,MONOTONIC_WRITES,normal,netem delay 25ms 25ms,QUORUM,5,cassandra3,cassandra3,5,False,True,
49,5,1,MONOTONIC_WRITES,normal,netem delay 25ms 25ms,QUORUM,6,cassandra2,cassandra2,6,False,True,
49,5,2,MONOTONIC_WRITES,normal,netem delay 25ms 25ms,QUORUM,6,cassandra2,cassandra1,6,False,True,
49,5,3,MONOTONIC_WRITES,normal,netem delay 25ms 25ms,QUORUM,6,cassandra2,cassandra2,6,False,True,
50,1,1,MONOTONIC_WRITES,normal,netem delay 25ms 25ms,QUORUM,2,cassandra1,cassandra2,2,False,True,
50,1,2,MONOTONIC_WRITES,normal,netem delay 25ms 25ms,QUORUM,2,cassandra1,cassandra3,2,False,True,
50,1,3,MONOTONIC_WRITES,normal,netem delay 25ms 25ms,QUORUM,2,cassandra1,cassandra3,2,False,True,
50,2,1,MONOTONIC_WRITES,normal,netem delay 25ms 25ms,QUORUM,3,cassandra1,cassandra3,3,False,True,
50,2,2,MONOTONIC_WRITES,normal,netem delay 25ms 25ms,QUORUM,3,cassandra1,cassandra3,3,False,True,
50,2,3,MONOTONIC_WRITES,normal,netem delay 25ms 25ms,QUORUM,3,cassandra1,cassandra1,3,False,True,
50,3,1,MONOTONIC_WRITES,normal,netem delay 25ms 25ms,QUORUM,4,cassandra2,cassandra3,4,False,True,
50,3,2,MONOTONIC_WRITES,normal,netem delay 25ms 25ms,QUORUM,4,cassandra2,cassandra3,4,False,True,
50,3,3,MONOTONIC_WRITES,normal,netem delay 25ms 25ms,QUORUM,4,cassandra2,cassandra1,4,False,True,
50,4,1,MONOTONIC_WRITES,normal,netem delay 25ms 25ms,QUORUM,5,cassandra3,cassandra3,5,False,True,
50,4,2,MONOTONIC_WRITES,normal,netem delay 25ms 25ms,QUORUM,5,cassandra3,cassandra1,5,False,True,
50,4,3,MONOTONIC_WRITES,normal,netem delay 25ms 25ms,QUORUM,5,cassandra3,cassandra2,5,False,True,
50,5,1,MONOTONIC_WRITES,normal,netem delay 25ms 25ms,QUORUM,6,cassandra1,cassandra3,6,False,True,
50,5,2,MONOTONIC_WRITES,normal,netem delay 25ms 25ms,QUORUM,6,cassandra1,cassandra2,6,False,True,
50,5,3,MONOTONIC_WRITES,normal,netem delay 25ms 25ms,QUORUM,6,cassandra1,cassandra2,6,False,True,
51,1,1,MONOTONIC_WRITES,normal,netem delay 25ms 25ms,QUORUM,2,cassandra2,cassandra2,2,False,True,
51,1,2,MONOTONIC_WRITES,normal,netem delay 25ms 25ms,QUORUM,2,cassandra2,cassandra1,2,False,True,
51,1,3,MONOTONIC_WRITES,normal,netem delay 25ms 25ms,QUORUM,2,cassandra2,cassandra3,2,False,True,
51,2,1,MONOTONIC_WRITES,normal,netem delay 25ms 25ms,QUORUM,3,cassandra2,cassandra2,3,False,True,
51,2,2,MONOTONIC_WRITES,normal,netem delay 25ms 25ms,QUORUM,3,cassandra2,cassandra1,3,False,True,
51,2,3,MONOTONIC_WRITES,normal,netem delay 25ms 25ms,QUORUM,3,cassandra2,cassandra1,3,False,True,
51,3,1,MONOTONIC_WRITES,normal,netem delay 25ms 25ms,QUORUM,4,cassandra2,cassandra1,4,False,True,
51,3,2,MONOTONIC_WRITES,normal,netem delay 25ms 25ms,QUORUM,4,cassandra2,cassandra3,4,False,True,
51,3,3,MONOTONIC_WRITES,normal,netem delay 25ms 25ms,QUORUM,4,cassandra2,cassandra1,4,False,True,
51,4,1,MONOTONIC_WRITES,normal,netem delay 25ms 25ms,QUORUM,5,cassandra1,cassandra3,5,False,True,
51,4,2,MONOTONIC_WRITES,normal,netem delay 25ms 25ms,QUORUM,5,cassandra1,cassandra3,5,False,True,
51,4,3,MONOTONIC_WRITES,normal,netem delay 25ms 25ms,QUORUM,5,cassandra1,cassandra3,5,False,True,
51,5,1,MONOTONIC_WRITES,normal,netem delay 25ms 25ms,QUORUM,6,cassandra2,cassandra3,6,False,True,
51,5,2,MONOTONIC_WRITES,normal,netem delay 25ms 25ms,QUORUM,6,cassandra2,cassandra1,6,False,True,
51,5,3,MONOTONIC_WRITES,normal,netem delay 25ms 25ms,QUORUM,6,cassandra2,cassandra2,6,False,True,
52,1,1,MONOTONIC_WRITES,normal,netem delay 25ms 25ms,QUORUM,2,cassandra3,cassandra1,2,False,True,
52,1,2,MONOTONIC_WRITES,normal,netem delay 25ms 25ms,QUORUM,2,cassandra3,cassandra1,2,False,True,
52,1,3,MONOTONIC_WRITES,normal,netem delay 25ms 25ms,QUORUM,2,cassandra3,cassandra2,2,False,True,
52,2,1,MONOTONIC_WRITES,normal,netem delay 25ms 25ms,QUORUM,3,cassandra1,cassandra3,3,False,True,
52,2,2,MONOTONIC_WRITES,normal,netem delay 25ms 25ms,QUORUM,3,cassandra1,cassandra3,3,False,True,
52,2,3,MONOTONIC_WRITES,normal,netem delay 25ms 25ms,QUORUM,3,cassandra1,cassandra2,3,False,True,
52,3,1,MONOTONIC_WRITES,normal,netem delay 25ms 25ms,QUORUM,4,cassandra3,cassandra2,4,False,True,
52,3,2,MONOTONIC_WRITES,normal,netem delay 25ms 25ms,QUORUM,4,cassandra3,cassandra3,4,False,True,
52,3,3,MONOTONIC_WRITES,normal,netem delay 25ms 25ms,QUORUM,4,cassandra3,cassandra1,4,False,True,
52,4,1,MONOTONIC_WRITES,normal,netem delay 25ms 25ms,QUORUM,5,cassandra3,cassandra2,5,False,True,
52,4,2,MONOTONIC_WRITES,normal,netem delay 25ms 25ms,QUORUM,5,cassandra3,cassandra3,5,False,True,
52,4,3,MONOTONIC_WRITES,normal,netem delay 25ms 25ms,QUORUM,5,cassandra3,cassandra3,5,False,True,
52,5,1,MONOTONIC_WRITES,normal,netem delay 25ms 25ms,QUORUM,6,cassandra3,cassandra1,6,False,True,
52,5,2,MONOTONIC_WRITES,normal,netem delay 25ms 25ms,QUORUM,6,cassandra3,cassandra2,6,False,True,
52,5,3,MONOTONIC_WRITES,normal,netem delay 25ms 25ms,QUORUM,6,cassandra3,cassandra3,6,False,True,
53,1,1,MONOTONIC_WRITES,normal,netem delay 25ms 25ms,QUORUM,2,cassandra1,cassandra3,2,False,True,
53,1,2,MONOTONIC_WRITES,normal,netem delay 25ms 25ms,QUORUM,2,cassandra1,cassandra3,2,False,True,
53,1,3,MONOTONIC_WRITES,normal,netem delay 25ms 25ms,QUORUM,2,cassandra1,cassandra2,2,False,True,
53,2,1,MONOTONIC_WRITES,normal,netem delay 25ms 25ms,QUORUM,3,cassandra2,cassandra1,3,False,True,
53,2,2,MONOTONIC_WRITES,normal,netem delay 25ms 25ms,QUORUM,3,cassandra2,cassandra3,3,False,True,
53,2,3,MONOTONIC_WRITES,normal,netem delay 25ms 25ms,QUORUM,3,cassandra2,cassandra2,3,False,True,
53,3,1,MONOTONIC_WRITES,normal,netem delay 25ms 25ms,QUORUM,4,cassandra3,cassandra2,4,False,True,
53,3,2,MONOTONIC_WRITES,normal,netem delay 25ms 25ms,QUORUM,4,cassandra3,cassandra2,4,False,True,
53,3,3,MONOTONIC_WRITES,normal,netem delay 25ms 25ms,QUORUM,4,cassandra3,cassandra2,4,False,True,
53,4,1,MONOTONIC_WRITES,normal,netem delay 25ms 25ms,QUORUM,5,cassandra3,cassandra3,5,False,True,
53,4,2,MONOTONIC_WRITES,normal,netem delay 25ms 25ms,QUORUM,5,cassandra3,cassandra1,5,False,True,
53,4,3,MONOTONIC_WRITES,normal,netem delay 25ms 25ms,QUORUM,5,cassandra3,cassandra3,5,False,True,
53,5,1,MONOTONIC_WRITES,normal,netem delay 25ms 25ms,QUORUM,6,cassandra3,cassandra3,6,False,True,
53,5,2,MONOTONIC_WRITES,normal,netem delay 25ms 25ms,QUORUM,6,cassandra3,cassandra3,6,False,True,
53,5,3,MONOTONIC_WRITES,normal,netem delay 25ms 25ms,QUORUM,6,cassandra3,cassandra2,6,False,True,
54,1,1,MONOTONIC_WRITES,normal,netem delay 25ms 25ms,QUORUM,2,cassandra3,cassandra1,2,False,True,
54,1,2,MONOTONIC_WRITES,normal,netem delay 25ms 25ms,QUORUM,2,cassandra3,cassandra3,2,False,True,
54,1,3,MONOTONIC_WRITES,normal,netem delay 25ms 25ms,QUORUM,2,cassandra3,cassandra1,2,False,True,
54,2,1,MONOTONIC_WRITES,normal,netem delay 25ms 25ms,QUORUM,3,cassandra1,cassandra2,3,False,True,
54,2,2,MONOTONIC_WRITES,normal,netem delay 25ms 25ms,QUORUM,3,cassandra1,cassandra3,3,False,True,
54,2,3,MONOTONIC_WRITES,normal,netem delay 25ms 25ms,QUORUM,3,cassandra1,cassandra3,3,False,True,
54,3,1,MONOTONIC_WRITES,normal,netem delay 25ms 25ms,QUORUM,4,cassandra2,cassandra1,4,False,True,
54,3,2,MONOTONIC_WRITES,normal,netem delay 25ms 25ms,QUORUM,4,cassandra2,cassandra1,4,False,True,
54,3,3,MONOTONIC_WRITES,normal,netem delay 25ms 25ms,QUORUM,4,cassandra2,cassandra1,4,False,True,
54,4,1,MONOTONIC_WRITES,normal,netem delay 25ms 25ms,QUORUM,5,cassandra1,cassandra2,5,False,True,
54,4,2,MONOTONIC_WRITES,normal,netem delay 25ms 25ms,QUORUM,5,cassandra1,cassandra2,5,False,True,
54,4,3,MONOTONIC_WRITES,normal,netem delay 25ms 25ms,QUORUM,5,cassandra1,cassandra2,5,False,True,
54,5,1,MONOTONIC_WRITES,normal,netem delay 25ms 25ms,QUORUM,6,cassandra2,cassandra2,6,False,True,
54,5,2,MONOTONIC_WRITES,normal,netem delay 25ms 25ms,QUORUM,6,cassandra2,cassandra3,6,False,True,
54,5,3,MONOTONIC_WRITES,normal,netem delay 25ms 25ms,QUORUM,6,cassandra2,cassandra3,6,False,True,
55,1,1,MONOTONIC_WRITES,normal,netem delay 25ms 25ms,QUORUM,2,cassandra3,cassandra1,2,False,True,
55,1,2,MONOTONIC_WRITES,normal,netem delay 25ms 25ms,QUORUM,2,cassandra3,cassandra3,2,False,True,
55,1,3,MONOTONIC_WRITES,normal,netem delay 25ms 25ms,QUORUM,2,cassandra3,cassandra2,2,False,True,
55,2,1,MONOTONIC_WRITES,normal,netem delay 25ms 25ms,QUORUM,3,cassandra2,cassandra2,3,False,True,
55,2,2,MONOTONIC_WRITES,normal,netem delay 25ms 25ms,QUORUM,3,cassandra2,cassandra1,3,False,True,
55,2,3,MONOTONIC_WRITES,normal,netem delay 25ms 25ms,QUORUM,3,cassandra2,cassandra2,3,False,True,
55,3,1,MONOTONIC_WRITES,normal,netem delay 25ms 25ms,QUORUM,4,cassandra3,cassandra2,4,False,True,
55,3,2,MONOTONIC_WRITES,normal,netem delay 25ms 25ms,QUORUM,4,cassandra3,cassandra1,4,False,True,
55,3,3,MONOTONIC_WRITES,normal,netem delay 25ms 25ms,QUORUM,4,cassandra3,cassandra1,4,False,True,
55,4,1,MONOTONIC_WRITES,normal,netem delay 25ms 25ms,QUORUM,5,cassandra1,cassandra1,5,False,True,
55,4,2,MONOTONIC_WRITES,normal,netem delay 25ms 25ms,QUORUM,5,cassandra1,cassandra2,5,False,True,
55,4,3,MONOTONIC_WRITES,normal,netem delay 25ms 25ms,QUORUM,5,cassandra1,cassandra2,5,False,True,
55,5,1,MONOTONIC_WRITES,normal,netem delay 25ms 25ms,QUORUM,6,cassandra1,cassandra3,6,False,True,
55,5,2,MONOTONIC_WRITES,normal,netem delay 25ms 25ms,QUORUM,6,cassandra1,cassandra3,6,False,True,
55,5,3,MONOTONIC_WRITES,normal,netem delay 25ms 25ms,QUORUM,6,cassandra1,cassandra1,6,False,True,
56,1,1,MONOTONIC_WRITES,normal,netem delay 25ms 25ms,QUORUM,2,cassandra1,cassandra2,2,False,True,
56,1,2,MONOTONIC_WRITES,normal,netem delay 25ms 25ms,QUORUM,2,cassandra1,cassandra1,2,False,True,
56,1,3,MONOTONIC_WRITES,normal,netem delay 25ms 25ms,QUORUM,2,cassandra1,cassandra3,2,False,True,
56,2,1,MONOTONIC_WRITES,normal,netem delay 25ms 25ms,QUORUM,3,cassandra3,cassandra2,3,False,True,
56,2,2,MONOTONIC_WRITES,normal,netem delay 25ms 25ms,QUORUM,3,cassandra3,cassandra1,3,False,True,
56,2,3,MONOTONIC_WRITES,normal,netem delay 25ms 25ms,QUORUM,3,cassandra3,cassandra3,3,False,True,
56,3,1,MONOTONIC_WRITES,normal,netem delay 25ms 25ms,QUORUM,4,cassandra2,cassandra3,4,False,True,
56,3,2,MONOTONIC_WRITES,normal,netem delay 25ms 25ms,QUORUM,4,cassandra2,cassandra3,4,False,True,
56,3,3,MONOTONIC_WRITES,normal,netem delay 25ms 25ms,QUORUM,4,cassandra2,cassandra2,4,False,True,
56,4,1,MONOTONIC_WRITES,normal,netem delay 25ms 25ms,QUORUM,5,cassandra1,cassandra3,5,False,True,
56,4,2,MONOTONIC_WRITES,normal,netem delay 25ms 25ms,QUORUM,5,cassandra1,cassandra1,5,False,True,
56,4,3,MONOTONIC_WRITES,normal,netem delay 25ms 25ms,QUORUM,5,cassandra1,cassandra1,5,False,True,
56,5,1,MONOTONIC_WRITES,normal,netem delay 25ms 25ms,QUORUM,6,cassandra3,cassandra2,6,False,True,
56,5,2,MONOTONIC_WRITES,normal,netem delay 25ms 25ms,QUORUM,6,cassandra3,cassandra3,6,False,True,
56,5,3,MONOTONIC_WRITES,normal,netem delay 25ms 25ms,QUORUM,6,cassandra3,cassandra2,6,False,True,
57,1,1,MONOTONIC_WRITES,normal,netem delay 25ms 25ms,QUORUM,2,cassandra3,cassandra2,2,False,True,
57,1,2,MONOTONIC_WRITES,normal,netem delay 25ms 25ms,QUORUM,2,cassandra3,cassandra1,2,False,True,
57,1,3,MONOTONIC_WRITES,normal,netem delay 25ms 25ms,QUORUM,2,cassandra3,cassandra3,2,False,True,
57,2,1,MONOTONIC_WRITES,normal,netem delay 25ms 25ms,QUORUM,3,cassandra2,cassandra3,3,False,True,
57,2,2,MONOTONIC_WRITES,normal,netem delay 25ms 25ms,QUORUM,3,cassandra2,cassandra2,3,False,True,
57,2,3,MONOTONIC_WRITES,normal,netem delay 25ms 25ms,QUORUM,3,cassandra2,cassandra1,3,False,True,
57,3,1,MONOTONIC_WRITES,normal,netem delay 25ms 25ms,QUORUM,4,cassandra2,cassandra2,4,False,True,
57,3,2,MONOTONIC_WRITES,normal,netem delay 25ms 25ms,QUORUM,4,cassandra2,cassandra1,4,False,True,
57,3,3,MONOTONIC_WRITES,normal,netem delay 25ms 25ms,QUORUM,4,cassandra2,cassandra3,4,False,True,
57,4,1,MONOTONIC_WRITES,normal,netem delay 25ms 25ms,QUORUM,5,cassandra2,cassandra2,5,False,True,
57,4,2,MONOTONIC_WRITES,normal,netem delay 25ms 25ms,QUORUM,5,cassandra2,cassandra2,5,False,True,
57,4,3,MONOTONIC_WRITES,normal,netem delay 25ms 25ms,QUORUM,5,cassandra2,cassandra2,5,False,True,
57,5,1,MONOTONIC_WRITES,normal,netem delay 25ms 25ms,QUORUM,6,cassandra2,cassandra2,6,False,True,
57,5,2,MONOTONIC_WRITES,normal,netem delay 25ms 25ms,QUORUM,6,cassandra2,cassandra1,6,False,True,
57,5,3,MONOTONIC_WRITES,normal,netem delay 25ms 25ms,QUORUM,6,cassandra2,cassandra3,6,False,True,
58,1,1,MONOTONIC_WRITES,normal,netem delay 25ms 25ms,QUORUM,2,cassandra3,cassandra1,2,False,True,
58,1,2,MONOTONIC_WRITES,normal,netem delay 25ms 25ms,QUORUM,2,cassandra3,cassandra1,2,False,True,
58,1,3,MONOTONIC_WRITES,normal,netem delay 25ms 25ms,QUORUM,2,cassandra3,cassandra3,2,False,True,
58,2,1,MONOTONIC_WRITES,normal,netem delay 25ms 25ms,QUORUM,3,cassandra1,cassandra1,3,False,True,
58,2,2,MONOTONIC_WRITES,normal,netem delay 25ms 25ms,QUORUM,3,cassandra1,cassandra1,3,False,True,
58,2,3,MONOTONIC_WRITES,normal,netem delay 25ms 25ms,QUORUM,3,cassandra1,cassandra3,3,False,True,
58,3,1,MONOTONIC_WRITES,normal,netem delay 25ms 25ms,QUORUM,4,cassandra3,cassandra2,4,False,True,
58,3,2,MONOTONIC_WRITES,normal,netem delay 25ms 25ms,QUORUM,4,cassandra3,cassandra1,4,False,True,
58,3,3,MONOTONIC_WRITES,normal,netem delay 25ms 25ms,QUORUM,4,cassandra3,cassandra3,4,False,True,
58,4,1,MONOTONIC_WRITES,normal,netem delay 25ms 25ms,QUORUM,5,cassandra2,cassandra2,5,False,True,
58,4,2,MONOTONIC_WRITES,normal,netem delay 25ms 25ms,QUORUM,5,cassandra2,cassandra2,5,False,True,
58,4,3,MONOTONIC_WRITES,normal,netem delay 25ms 25ms,QUORUM,5,cassandra2,cassandra1,5,False,True,
58,5,1,MONOTONIC_WRITES,normal,netem delay 25ms 25ms,QUORUM,6,cassandra2,cassandra1,6,False,True,
58,5,2,MONOTONIC_WRITES,normal,netem delay 25ms 25ms,QUORUM,6,cassandra2,cassandra2,6,False,True,
58,5,3,MONOTONIC_WRITES,normal,netem delay 25ms 25ms,QUORUM,6,cassandra2,cassandra3,6,False,True,
59,1,1,MONOTONIC_WRITES,normal,netem delay 25ms 25ms,QUORUM,2,cassandra1,cassandra1,2,False,True,
59,1,2,MONOTONIC_WRITES,normal,netem delay 25ms 25ms,QUORUM,2,cassandra1,cassandra3,2,False,True,
59,1,3,MONOTONIC_WRITES,normal,netem delay 25ms 25ms,QUORUM,2,cassandra1,cassandra3,2,False,True,
59,2,1,MONOTONIC_WRITES,normal,netem delay 25ms 25ms,QUORUM,3,cassandra3,cassandra3,3,False,True,
59,2,2,MONOTONIC_WRITES,normal,netem delay 25ms 25ms,QUORUM,3,cassandra3,cassandra3,3,False,True,
59,2,3,MONOTONIC_WRITES,normal,netem delay 25ms 25ms,QUORUM,3,cassandra3,cassandra3,3,False,True,
59,3,1,MONOTONIC_WRITES,normal,netem delay 25ms 25ms,QUORUM,4,cassandra3,cassandra1,4,False,True,
59,3,2,MONOTONIC_WRITES,normal,netem delay 25ms 25ms,QUORUM,4,cassandra3,cassandra1,4,False,True,
59,3,3,MONOTONIC_WRITES,normal,netem delay 25ms 25ms,QUORUM,4,cassandra3,cassandra1,4,False,True,
59,4,1,MONOTONIC_WRITES,normal,netem delay 25ms 25ms,QUORUM,5,cassandra3,cassandra3,5,False,True,
59,4,2,MONOTONIC_WRITES,normal,netem delay 25ms 25ms,QUORUM,5,cassandra3,cassandra2,5,False,True,
59,4,3,MONOTONIC_WRITES,normal,netem delay 25ms 25ms,QUORUM,5,cassandra3,cassandra1,5,False,True,
59,5,1,MONOTONIC_WRITES,normal,netem delay 25ms 25ms,QUORUM,6,cassandra1,cassandra1,6,False,True,
59,5,2,MONOTONIC_WRITES,normal,netem delay 25ms 25ms,QUORUM,6,cassandra1,cassandra1,6,False,True,
59,5,3,MONOTONIC_WRITES,normal,netem delay 25ms 25ms,QUORUM,6,cassandra1,cassandra3,6,False,True,
60,1,1,MONOTONIC_WRITES,normal,netem delay 25ms 25ms,QUORUM,2,cassandra2,cassandra1,2,False,True,
60,1,2,MONOTONIC_WRITES,normal,netem delay 25ms 25ms,QUORUM,2,cassandra2,cassandra2,2,False,True,
60,1,3,MONOTONIC_WRITES,normal,netem delay 25ms 25ms,QUORUM,2,cassandra2,cassandra1,2,False,True,
60,2,1,MONOTONIC_WRITES,normal,netem delay 25ms 25ms,QUORUM,3,cassandra1,cassandra3,3,False,True,
60,2,2,MONOTONIC_WRITES,normal,netem delay 25ms 25ms,QUORUM,3,cassandra1,cassandra3,3,False,True,
60,2,3,MONOTONIC_WRITES,normal,netem delay 25ms 25ms,QUORUM,3,cassandra1,cassandra2,3,False,True,
60,3,1,MONOTONIC_WRITES,normal,netem delay 25ms 25ms,QUORUM,4,cassandra1,cassandra1,4,False,True,
60,3,2,MONOTONIC_WRITES,normal,netem delay 25ms 25ms,QUORUM,4,cassandra1,cassandra2,4,False,True,
60,3,3,MONOTONIC_WRITES,normal,netem delay 25ms 25ms,QUORUM,4,cassandra1,cassandra3,4,False,True,
60,4,1,MONOTONIC_WRITES,normal,netem delay 25ms 25ms,QUORUM,5,cassandra2,cassandra3,5,False,True,
60,4,2,MONOTONIC_WRITES,normal,netem delay 25ms 25ms,QUORUM,5,cassandra2,cassandra2,5,False,True,
60,4,3,MONOTONIC_WRITES,normal,netem delay 25ms 25ms,QUORUM,5,cassandra2,cassandra1,5,False,True,
60,5,1,MONOTONIC_WRITES,normal,netem delay 25ms 25ms,QUORUM,6,cassandra2,cassandra1,6,False,True,
60,5,2,MONOTONIC_WRITES,normal,netem delay 25ms 25ms,QUORUM,6,cassandra2,cassandra2,6,False,True,
60,5,3,MONOTONIC_WRITES,normal,netem delay 25ms 25ms,QUORUM,6,cassandra2,cassandra3,6,False,True,
61,1,1,MONOTONIC_WRITES,normal,netem delay 25ms 25ms,QUORUM,2,cassandra1,cassandra3,2,False,True,
61,1,2,MONOTONIC_WRITES,normal,netem delay 25ms 25ms,QUORUM,2,cassandra1,cassandra2,2,False,True,
61,1,3,MONOTONIC_WRITES,normal,netem delay 25ms 25ms,QUORUM,2,cassandra1,cassandra2,2,False,True,
61,2,1,MONOTONIC_WRITES,normal,netem delay 25ms 25ms,QUORUM,3,cassandra3,cassandra3,3,False,True,
61,2,2,MONOTONIC_WRITES,normal,netem delay 25ms 25ms,QUORUM,3,cassandra3,cassandra2,3,False,True,
61,2,3,MONOTONIC_WRITES,normal,netem delay 25ms 25ms,QUORUM,3,cassandra3,cassandra2,3,False,True,
61,3,1,MONOTONIC_WRITES,normal,netem delay 25ms 25ms,QUORUM,4,cassandra2,cassandra3,4,False,True,
61,3,2,MONOTONIC_WRITES,normal,netem delay 25ms 25ms,QUORUM,4,cassandra2,cassandra2,4,False,True,
61,3,3,MONOTONIC_WRITES,normal,netem delay 25ms 25ms,QUORUM,4,cassandra2,cassandra2,4,False,True,
61,4,1,MONOTONIC_WRITES,normal,netem delay 25ms 25ms,QUORUM,5,cassandra2,cassandra3,5,False,True,
61,4,2,MONOTONIC_WRITES,normal,netem delay 25ms 25ms,QUORUM,5,cassandra2,cassandra3,5,False,True,
61,4,3,MONOTONIC_WRITES,normal,netem delay 25ms 25ms,QUORUM,5,cassandra2,cassandra3,5,False,True,
61,5,1,MONOTONIC_WRITES,normal,netem delay 25ms 25ms,QUORUM,6,cassandra1,cassandra1,6,False,True,
61,5,2,MONOTONIC_WRITES,normal,netem delay 25ms 25ms,QUORUM,6,cassandra1,cassandra3,6,False,True,
61,5,3,MONOTONIC_WRITES,normal,netem delay 25ms 25ms,QUORUM,6,cassandra1,cassandra3,6,False,True,
62,1,1,MONOTONIC_WRITES,normal,netem delay 25ms 25ms,QUORUM,2,cassandra2,cassandra2,2,False,True,
62,1,2,MONOTONIC_WRITES,normal,netem delay 25ms 25ms,QUORUM,2,cassandra2,cassandra1,2,False,True,
62,1,3,MONOTONIC_WRITES,normal,netem delay 25ms 25ms,QUORUM,2,cassandra2,cassandra3,2,False,True,
62,2,1,MONOTONIC_WRITES,normal,netem delay 25ms 25ms,QUORUM,3,cassandra1,cassandra2,3,False,True,
62,2,2,MONOTONIC_WRITES,normal,netem delay 25ms 25ms,QUORUM,3,cassandra1,cassandra3,3,False,True,
62,2,3,MONOTONIC_WRITES,normal,netem delay 25ms 25ms,QUORUM,3,cassandra1,cassandra1,3,False,True,
62,3,1,MONOTONIC_WRITES,normal,netem delay 25ms 25ms,QUORUM,4,cassandra1,cassandra2,4,False,True,
62,3,2,MONOTONIC_WRITES,normal,netem delay 25ms 25ms,QUORUM,4,cassandra1,cassandra2,4,False,True,
62,3,3,MONOTONIC_WRITES,normal,netem delay 25ms 25ms,QUORUM,4,cassandra1,cassandra1,4,False,True,
62,4,1,MONOTONIC_WRITES,normal,netem delay 25ms 25ms,QUORUM,5,cassandra2,cassandra3,5,False,True,
62,4,2,MONOTONIC_WRITES,normal,netem delay 25ms 25ms,QUORUM,5,cassandra2,cassandra1,5,False,True,
62,4,3,MONOTONIC_WRITES,normal,netem delay 25ms 25ms,QUORUM,5,cassandra2,cassandra2,5,False,True,
62,5,1,MONOTONIC_WRITES,normal,netem delay 25ms 25ms,QUORUM,6,cassandra2,cassandra2,6,False,True,
62,5,2,MONOTONIC_WRITES,normal,netem delay 25ms 25ms,QUORUM,6,cassandra2,cassandra3,6,False,True,
62,5,3,MONOTONIC_WRITES,normal,netem delay 25ms 25ms,QUORUM,6,cassandra2,cassandra2,6,False,True,
63,1,1,MONOTONIC_WRITES,normal,netem delay 25ms 25ms,QUORUM,2,cassandra1,cassandra3,2,False,True,
63,1,2,MONOTONIC_WRITES,normal,netem delay 25ms 25ms,QUORUM,2,cassandra1,cassandra2,2,False,True,
63,1,3,MONOTONIC_WRITES,normal,netem delay 25ms 25ms,QUORUM,2,cassandra1,cassandra3,2,False,True,
63,2,1,MONOTONIC_WRITES,normal,netem delay 25ms 25ms,QUORUM,3,cassandra1,cassandra3,3,False,True,
63,2,2,MONOTONIC_WRITES,normal,netem delay 25ms 25ms,QUORUM,3,cassandra1,cassandra2,3,False,True,
63,2,3,MONOTONIC_WRITES,normal,netem delay 25ms 25ms,QUORUM,3,cassandra1,cassandra1,3,False,True,
63,3,1,MONOTONIC_WRITES,normal,netem delay 25ms 25ms,QUORUM,4,cassandra2,cassandra2,4,False,True,
63,3,2,MONOTONIC_WRITES,normal,netem delay 25ms 25ms,QUORUM,4,cassandra2,cassandra2,4,False,True,
63,3,3,MONOTONIC_WRITES,normal,netem delay 25ms 25ms,QUORUM,4,cassandra2,cassandra1,4,False,True,
63,4,1,MONOTONIC_WRITES,normal,netem delay 25ms 25ms,QUORUM,5,cassandra3,cassandra1,5,False,True,
63,4,2,MONOTONIC_WRITES,normal,netem delay 25ms 25ms,QUORUM,5,cassandra3,cassandra1,5,False,True,
63,4,3,MONOTONIC_WRITES,normal,netem delay 25ms 25ms,QUORUM,5,cassandra3,cassandra3,5,False,True,
63,5,1,MONOTONIC_WRITES,normal,netem delay 25ms 25ms,QUORUM,6,cassandra1,cassandra3,6,False,True,
63,5,2,MONOTONIC_WRITES,normal,netem delay 25ms 25ms,QUORUM,6,cassandra1,cassandra2,6,False,True,
63,5,3,MONOTONIC_WRITES,normal,netem delay 25ms 25ms,QUORUM,6,cassandra1,cassandra3,6,False,True,
64,1,1,MONOTONIC_WRITES,normal,netem delay 25ms 25ms,QUORUM,2,cassandra2,cassandra2,2,False,True,
64,1,2,MONOTONIC_WRITES,normal,netem delay 25ms 25ms,QUORUM,2,cassandra2,cassandra3,2,False,True,
64,1,3,MONOTONIC_WRITES,normal,netem delay 25ms 25ms,QUORUM,2,cassandra2,cassandra3,2,False,True,
64,2,1,MONOTONIC_WRITES,normal,netem delay 25ms 25ms,QUORUM,3,cassandra1,cassandra2,3,False,True,
64,2,2,MONOTONIC_WRITES,normal,netem delay 25ms 25ms,QUORUM,3,cassandra1,cassandra3,3,False,True,
64,2,3,MONOTONIC_WRITES,normal,netem delay 25ms 25ms,QUORUM,3,cassandra1,cassandra1,3,False,True,
64,3,1,MONOTONIC_WRITES,normal,netem delay 25ms 25ms,QUORUM,4,cassandra2,cassandra2,4,False,True,
64,3,2,MONOTONIC_WRITES,normal,netem delay 25ms 25ms,QUORUM,4,cassandra2,cassandra2,4,False,True,
64,3,3,MONOTONIC_WRITES,normal,netem delay 25ms 25ms,QUORUM,4,cassandra2,cassandra1,4,False,True,
64,4,1,MONOTONIC_WRITES,normal,netem delay 25ms 25ms,QUORUM,5,cassandra1,cassandra3,5,False,True,
64,4,2,MONOTONIC_WRITES,normal,netem delay 25ms 25ms,QUORUM,5,cassandra1,cassandra3,5,False,True,
64,4,3,MONOTONIC_WRITES,normal,netem delay 25ms 25ms,QUORUM,5,cassandra1,cassandra3,5,False,True,
64,5,1,MONOTONIC_WRITES,normal,netem delay 25ms 25ms,QUORUM,6,cassandra2,cassandra1,6,False,True,
64,5,2,MONOTONIC_WRITES,normal,netem delay 25ms 25ms,QUORUM,6,cassandra2,cassandra3,6,False,True,
64,5,3,MONOTONIC_WRITES,normal,netem delay 25ms 25ms,QUORUM,6,cassandra2,cassandra3,6,False,True,
65,1,1,MONOTONIC_WRITES,normal,netem delay 25ms 25ms,QUORUM,2,cassandra1,cassandra2,2,False,True,
65,1,2,MONOTONIC_WRITES,normal,netem delay 25ms 25ms,QUORUM,2,cassandra1,cassandra3,2,False,True,
65,1,3,MONOTONIC_WRITES,normal,netem delay 25ms 25ms,QUORUM,2,cassandra1,cassandra1,2,False,True,
65,2,1,MONOTONIC_WRITES,normal,netem delay 25ms 25ms,QUORUM,3,cassandra2,cassandra2,3,False,True,
65,2,2,MONOTONIC_WRITES,normal,netem delay 25ms 25ms,QUORUM,3,cassandra2,cassandra2,3,False,True,
65,2,3,MONOTONIC_WRITES,normal,netem delay 25ms 25ms,QUORUM,3,cassandra2,cassandra3,3,False,True,
65,3,1,MONOTONIC_WRITES,normal,netem delay 25ms 25ms,QUORUM,4,cassandra3,cassandra2,4,False,True,
65,3,2,MONOTONIC_WRITES,normal,netem delay 25ms 25ms,QUORUM,4,cassandra3,cassandra1,4,False,True,
65,3,3,MONOTONIC_WRITES,normal,netem delay 25ms 25ms,QUORUM,4,cassandra3,cassandra2,4,False,True,
65,4,1,MONOTONIC_WRITES,normal,netem delay 25ms 25ms,QUORUM,5,cassandra1,cassandra1,5,False,True,
65,4,2,MONOTONIC_WRITES,normal,netem delay 25ms 25ms,QUORUM,5,cassandra1,cassandra1,5,False,True,
65,4,3,MONOTONIC_WRITES,normal,netem delay 25ms 25ms,QUORUM,5,cassandra1,cassandra2,5,False,True,
65,5,1,MONOTONIC_WRITES,normal,netem delay 25ms 25ms,QUORUM,6,cassandra2,cassandra2,6,False,True,
65,5,2,MONOTONIC_WRITES,normal,netem delay 25ms 25ms,QUORUM,6,cassandra2,cassandra1,6,False,True,
65,5,3,MONOTONIC_WRITES,normal,netem delay 25ms 25ms,QUORUM,6,cassandra2,cassandra2,6,False,True,
66,1,1,MONOTONIC_WRITES,normal,netem delay 25ms 25ms,QUORUM,2,cassandra2,cassandra3,2,False,True,
66,1,2,MONOTONIC_WRITES,normal,netem delay 25ms 25ms,QUORUM,2,cassandra2,cassandra3,2,False,True,
66,1,3,MONOTONIC_WRITES,normal,netem delay 25ms 25ms,QUORUM,2,cassandra2,cassandra2,2,False,True,
66,2,1,MONOTONIC_WRITES,normal,netem delay 25ms 25ms,QUORUM,3,cassandra2,cassandra2,3,False,True,
66,2,2,MONOTONIC_WRITES,normal,netem delay 25ms 25ms,QUORUM,3,cassandra2,cassandra2,3,False,True,
66,2,3,MONOTONIC_WRITES,normal,netem delay 25ms 25ms,QUORUM,3,cassandra2,cassandra1,3,False,True,
66,3,1,MONOTONIC_WRITES,normal,netem delay 25ms 25ms,QUORUM,4,cassandra1,cassandra3,4,False,True,
66,3,2,MONOTONIC_WRITES,normal,netem delay 25ms 25ms,QUORUM,4,cassandra1,cassandra2,4,False,True,
66,3,3,MONOTONIC_WRITES,normal,netem delay 25ms 25ms,QUORUM,4,cassandra1,cassandra2,4,False,True,
66,4,1,MONOTONIC_WRITES,normal,netem delay 25ms 25ms,QUORUM,5,cassandra2,cassandra3,5,False,True,
66,4,2,MONOTONIC_WRITES,normal,netem delay 25ms 25ms,QUORUM,5,cassandra2,cassandra2,5,False,True,
66,4,3,MONOTONIC_WRITES,normal,netem delay 25ms 25ms,QUORUM,5,cassandra2,cassandra2,5,False,True,
66,5,1,MONOTONIC_WRITES,normal,netem delay 25ms 25ms,QUORUM,6,cassandra3,cassandra3,6,False,True,
66,5,2,MONOTONIC_WRITES,normal,netem delay 25ms 25ms,QUORUM,6,cassandra3,cassandra1,6,False,True,
66,5,3,MONOTONIC_WRITES,normal,netem delay 25ms 25ms,QUORUM,6,cassandra3,cassandra3,6,False,True,
67,1,1,MONOTONIC_WRITES,normal,netem delay 25ms 25ms,QUORUM,2,cassandra1,cassandra3,2,False,True,
67,1,2,MONOTONIC_WRITES,normal,netem delay 25ms 25ms,QUORUM,2,cassandra1,cassandra1,2,False,True,
67,1,3,MONOTONIC_WRITES,normal,netem delay 25ms 25ms,QUORUM,2,cassandra1,cassandra2,2,False,True,
67,2,1,MONOTONIC_WRITES,normal,netem delay 25ms 25ms,QUORUM,3,cassandra3,cassandra2,3,False,True,
67,2,2,MONOTONIC_WRITES,normal,netem delay 25ms 25ms,QUORUM,3,cassandra3,cassandra1,3,False,True,
67,2,3,MONOTONIC_WRITES,normal,netem delay 25ms 25ms,QUORUM,3,cassandra3,cassandra2,3,False,True,
67,3,1,MONOTONIC_WRITES,normal,netem delay 25ms 25ms,QUORUM,4,cassandra2,cassandra2,4,False,True,
67,3,2,MONOTONIC_WRITES,normal,netem delay 25ms 25ms,QUORUM,4,cassandra2,cassandra1,4,False,True,
67,3,3,MONOTONIC_WRITES,normal,netem delay 25ms 25ms,QUORUM,4,cassandra2,cassandra2,4,False,True,
67,4,1,MONOTONIC_WRITES,normal,netem delay 25ms 25ms,QUORUM,5,cassandra1,cassandra2,5,False,True,
67,4,2,MONOTONIC_WRITES,normal,netem delay 25ms 25ms,QUORUM,5,cassandra1,cassandra2,5,False,True,
67,4,3,MONOTONIC_WRITES,normal,netem delay 25ms 25ms,QUORUM,5,cassandra1,cassandra3,5,False,True,
67,5,1,MONOTONIC_WRITES,normal,netem delay 25ms 25ms,QUORUM,6,cassandra2,cassandra1,6,False,True,
67,5,2,MONOTONIC_WRITES,normal,netem delay 25ms 25ms,QUORUM,6,cassandra2,cassandra3,6,False,True,
67,5,3,MONOTONIC_WRITES,normal,netem delay 25ms 25ms,QUORUM,6,cassandra2,cassandra3,6,False,True,
68,1,1,MONOTONIC_WRITES,normal,netem delay 25ms 25ms,QUORUM,2,cassandra2,cassandra2,2,False,True,
68,1,2,MONOTONIC_WRITES,normal,netem delay 25ms 25ms,QUORUM,2,cassandra2,cassandra1,2,False,True,
68,1,3,MONOTONIC_WRITES,normal,netem delay 25ms 25ms,QUORUM,2,cassandra2,cassandra3,2,False,True,
68,2,1,MONOTONIC_WRITES,normal,netem delay 25ms 25ms,QUORUM,3,cassandra3,cassandra1,3,False,True,
68,2,2,MONOTONIC_WRITES,normal,netem delay 25ms 25ms,QUORUM,3,cassandra3,cassandra1,3,False,True,
68,2,3,MONOTONIC_WRITES,normal,netem delay 25ms 25ms,QUORUM,3,cassandra3,cassandra1,3,False,True,
68,3,1,MONOTONIC_WRITES,normal,netem delay 25ms 25ms,QUORUM,4,cassandra3,cassandra2,4,False,True,
68,3,2,MONOTONIC_WRITES,normal,netem delay 25ms 25ms,QUORUM,4,cassandra3,cassandra1,4,False,True,
68,3,3,MONOTONIC_WRITES,normal,netem delay 25ms 25ms,QUORUM,4,cassandra3,cassandra1,4,False,True,
68,4,1,MONOTONIC_WRITES,normal,netem delay 25ms 25ms,QUORUM,5,cassandra2,cassandra2,5,False,True,
68,4,2,MONOTONIC_WRITES,normal,netem delay 25ms 25ms,QUORUM,5,cassandra2,cassandra2,5,False,True,
68,4,3,MONOTONIC_WRITES,normal,netem delay 25ms 25ms,QUORUM,5,cassandra2,cassandra3,5,False,True,
68,5,1,MONOTONIC_WRITES,normal,netem delay 25ms 25ms,QUORUM,6,cassandra1,cassandra1,6,False,True,
68,5,2,MONOTONIC_WRITES,normal,netem delay 25ms 25ms,QUORUM,6,cassandra1,cassandra3,6,False,True,
68,5,3,MONOTONIC_WRITES,normal,netem delay 25ms 25ms,QUORUM,6,cassandra1,cassandra2,6,False,True,
69,1,1,MONOTONIC_WRITES,normal,netem delay 25ms 25ms,QUORUM,2,cassandra2,cassandra1,2,False,True,
69,1,2,MONOTONIC_WRITES,normal,netem delay 25ms 25ms,QUORUM,2,cassandra2,cassandra3,2,False,True,
69,1,3,MONOTONIC_WRITES,normal,netem delay 25ms 25ms,QUORUM,2,cassandra2,cassandra1,2,False,True,
69,2,1,MONOTONIC_WRITES,normal,netem delay 25ms 25ms,QUORUM,3,cassandra3,cassandra1,3,False,True,
69,2,2,MONOTONIC_WRITES,normal,netem delay 25ms 25ms,QUORUM,3,cassandra3,cassandra3,3,False,True,
69,2,3,MONOTONIC_WRITES,normal,netem delay 25ms 25ms,QUORUM,3,cassandra3,cassandra2,3,False,True,
69,3,1,MONOTONIC_WRITES,normal,netem delay 25ms 25ms,QUORUM,4,cassandra2,cassandra2,4,False,True,
69,3,2,MONOTONIC_WRITES,normal,netem delay 25ms 25ms,QUORUM,4,cassandra2,cassandra2,4,False,True,
69,3,3,MONOTONIC_WRITES,normal,netem delay 25ms 25ms,QUORUM,4,cassandra2,cassandra1,4,False,True,
69,4,1,MONOTONIC_WRITES,normal,netem delay 25ms 25ms,QUORUM,5,cassandra3,cassandra1,5,False,True,
69,4,2,MONOTONIC_WRITES,normal,netem delay 25ms 25ms,QUORUM,5,cassandra3,cassandra1,5,False,True,
69,4,3,MONOTONIC_WRITES,normal,netem delay 25ms 25ms,QUORUM,5,cassandra3,cassandra2,5,False,True,
69,5,1,MONOTONIC_WRITES,normal,netem delay 25ms 25ms,QUORUM,6,cassandra1,cassandra2,6,False,True,
69,5,2,MONOTONIC_WRITES,normal,netem delay 25ms 25ms,QUORUM,6,cassandra1,cassandra3,6,False,True,
69,5,3,MONOTONIC_WRITES,normal,netem delay 25ms 25ms,QUORUM,6,cassandra1,cassandra2,6,False,True,
70,1,1,MONOTONIC_WRITES,normal,netem delay 25ms 25ms,QUORUM,2,cassandra1,cassandra1,2,False,True,
70,1,2,MONOTONIC_WRITES,normal,netem delay 25ms 25ms,QUORUM,2,cassandra1,cassandra1,2,False,True,
70,1,3,MONOTONIC_WRITES,normal,netem delay 25ms 25ms,QUORUM,2,cassandra1,cassandra1,2,False,True,
70,2,1,MONOTONIC_WRITES,normal,netem delay 25ms 25ms,QUORUM,3,cassandra3,cassandra1,3,False,True,
70,2,2,MONOTONIC_WRITES,normal,netem delay 25ms 25ms,QUORUM,3,cassandra3,cassandra1,3,False,True,
70,2,3,MONOTONIC_WRITES,normal,netem delay 25ms 25ms,QUORUM,3,cassandra3,cassandra3,3,False,True,
70,3,1,MONOTONIC_WRITES,normal,netem delay 25ms 25ms,QUORUM,4,cassandra3,cassandra2,4,False,True,
70,3,2,MONOTONIC_WRITES,normal,netem delay 25ms 25ms,QUORUM,4,cassandra3,cassandra2,4,False,True,
70,3,3,MONOTONIC_WRITES,normal,netem delay 25ms 25ms,QUORUM,4,cassandra3,cassandra2,4,False,True,
70,4,1,MONOTONIC_WRITES,normal,netem delay 25ms 25ms,QUORUM,5,cassandra2,cassandra1,5,False,True,
70,4,2,MONOTONIC_WRITES,normal,netem delay 25ms 25ms,QUORUM,5,cassandra2,cassandra2,5,False,True,
70,4,3,MONOTONIC_WRITES,normal,netem delay 25ms 25ms,QUORUM,5,cassandra2,cassandra1,5,False,True,
70,5,1,MONOTONIC_WRITES,normal,netem delay 25ms 25ms,QUORUM,6,cassandra1,cassandra2,6,False,True,
70,5,2,MONOTONIC_WRITES,normal,netem delay 25ms 25ms,QUORUM,6,cassandra1,cassandra3,6,False,True,
70,5,3,MONOTONIC_WRITES,normal,netem delay 25ms 25ms,QUORUM,6,cassandra1,cassandra1,6,False,True,
71,1,1,MONOTONIC_WRITES,normal,netem delay 25ms 25ms,QUORUM,2,cassandra2,cassandra1,2,False,True,
71,1,2,MONOTONIC_WRITES,normal,netem delay 25ms 25ms,QUORUM,2,cassandra2,cassandra2,2,False,True,
71,1,3,MONOTONIC_WRITES,normal,netem delay 25ms 25ms,QUORUM,2,cassandra2,cassandra1,2,False,True,
71,2,1,MONOTONIC_WRITES,normal,netem delay 25ms 25ms,QUORUM,3,cassandra3,cassandra3,3,False,True,
71,2,2,MONOTONIC_WRITES,normal,netem delay 25ms 25ms,QUORUM,3,cassandra3,cassandra2,3,False,True,
71,2,3,MONOTONIC_WRITES,normal,netem delay 25ms 25ms,QUORUM,3,cassandra3,cassandra1,3,False,True,
71,3,1,MONOTONIC_WRITES,normal,netem delay 25ms 25ms,QUORUM,4,cassandra2,cassandra2,4,False,True,
71,3,2,MONOTONIC_WRITES,normal,netem delay 25ms 25ms,QUORUM,4,cassandra2,cassandra2,4,False,True,
71,3,3,MONOTONIC_WRITES,normal,netem delay 25ms 25ms,QUORUM,4,cassandra2,cassandra2,4,False,True,
71,4,1,MONOTONIC_WRITES,normal,netem delay 25ms 25ms,QUORUM,5,cassandra2,cassandra2,5,False,True,
71,4,2,MONOTONIC_WRITES,normal,netem delay 25ms 25ms,QUORUM,5,cassandra2,cassandra1,5,False,True,
71,4,3,MONOTONIC_WRITES,normal,netem delay 25ms 25ms,QUORUM,5,cassandra2,cassandra3,5,False,True,
71,5,1,MONOTONIC_WRITES,normal,netem delay 25ms 25ms,QUORUM,6,cassandra3,cassandra3,6,False,True,
71,5,2,MONOTONIC_WRITES,normal,netem delay 25ms 25ms,QUORUM,6,cassandra3,cassandra3,6,False,True,
71,5,3,MONOTONIC_WRITES,normal,netem delay 25ms 25ms,QUORUM,6,cassandra3,cassandra2,6,False,True,
72,1,1,MONOTONIC_WRITES,normal,netem delay 25ms 25ms,QUORUM,2,cassandra3,cassandra3,2,False,True,
72,1,2,MONOTONIC_WRITES,normal,netem delay 25ms 25ms,QUORUM,2,cassandra3,cassandra3,2,False,True,
72,1,3,MONOTONIC_WRITES,normal,netem delay 25ms 25ms,QUORUM,2,cassandra3,cassandra1,2,False,True,
72,2,1,MONOTONIC_WRITES,normal,netem delay 25ms 25ms,QUORUM,3,cassandra1,cassandra2,3,False,True,
72,2,2,MONOTONIC_WRITES,normal,netem delay 25ms 25ms,QUORUM,3,cassandra1,cassandra3,3,False,True,
72,2,3,MONOTONIC_WRITES,normal,netem delay 25ms 25ms,QUORUM,3,cassandra1,cassandra2,3,False,True,
72,3,1,MONOTONIC_WRITES,normal,netem delay 25ms 25ms,QUORUM,4,cassandra1,cassandra2,4,False,True,
72,3,2,MONOTONIC_WRITES,normal,netem delay 25ms 25ms,QUORUM,4,cassandra1,cassandra3,4,False,True,
72,3,3,MONOTONIC_WRITES,normal,netem delay 25ms 25ms,QUORUM,4,cassandra1,cassandra2,4,False,True,
72,4,1,MONOTONIC_WRITES,normal,netem delay 25ms 25ms,QUORUM,5,cassandra2,cassandra1,5,False,True,
72,4,2,MONOTONIC_WRITES,normal,netem delay 25ms 25ms,QUORUM,5,cassandra2,cassandra1,5,False,True,
72,4,3,MONOTONIC_WRITES,normal,netem delay 25ms 25ms,QUORUM,5,cassandra2,cassandra2,5,False,True,
72,5,1,MONOTONIC_WRITES,normal,netem delay 25ms 25ms,QUORUM,6,cassandra3,cassandra2,6,False,True,
72,5,2,MONOTONIC_WRITES,normal,netem delay 25ms 25ms,QUORUM,6,cassandra3,cassandra2,6,False,True,
72,5,3,MONOTONIC_WRITES,normal,netem delay 25ms 25ms,QUORUM,6,cassandra3,cassandra1,6,False,True,
73,1,1,MONOTONIC_WRITES,normal,netem delay 25ms 25ms,QUORUM,2,cassandra3,cassandra3,2,False,True,
73,1,2,MONOTONIC_WRITES,normal,netem delay 25ms 25ms,QUORUM,2,cassandra3,cassandra2,2,False,True,
73,1,3,MONOTONIC_WRITES,normal,netem delay 25ms 25ms,QUORUM,2,cassandra3,cassandra2,2,False,True,
73,2,1,MONOTONIC_WRITES,normal,netem delay 25ms 25ms,QUORUM,3,cassandra1,cassandra3,3,False,True,
73,2,2,MONOTONIC_WRITES,normal,netem delay 25ms 25ms,QUORUM,3,cassandra1,cassandra1,3,False,True,
73,2,3,MONOTONIC_WRITES,normal,netem delay 25ms 25ms,QUORUM,3,cassandra1,cassandra2,3,False,True,
73,3,1,MONOTONIC_WRITES,normal,netem delay 25ms 25ms,QUORUM,4,cassandra3,cassandra1,4,False,True,
73,3,2,MONOTONIC_WRITES,normal,netem delay 25ms 25ms,QUORUM,4,cassandra3,cassandra1,4,False,True,
73,3,3,MONOTONIC_WRITES,normal,netem delay 25ms 25ms,QUORUM,4,cassandra3,cassandra2,4,False,True,
73,4,1,MONOTONIC_WRITES,normal,netem delay 25ms 25ms,QUORUM,5,cassandra1,cassandra2,5,False,True,
73,4,2,MONOTONIC_WRITES,normal,netem delay 25ms 25ms,QUORUM,5,cassandra1,cassandra1,5,False,True,
73,4,3,MONOTONIC_WRITES,normal,netem delay 25ms 25ms,QUORUM,5,cassandra1,cassandra1,5,False,True,
73,5,1,MONOTONIC_WRITES,normal,netem delay 25ms 25ms,QUORUM,6,cassandra3,cassandra1,6,False,True,
73,5,2,MONOTONIC_WRITES,normal,netem delay 25ms 25ms,QUORUM,6,cassandra3,cassandra3,6,False,True,
73,5,3,MONOTONIC_WRITES,normal,netem delay 25ms 25ms,QUORUM,6,cassandra3,cassandra1,6,False,True,
74,1,1,MONOTONIC_WRITES,normal,netem delay 25ms 25ms,QUORUM,2,cassandra2,cassandra1,2,False,True,
74,1,2,MONOTONIC_WRITES,normal,netem delay 25ms 25ms,QUORUM,2,cassandra2,cassandra3,2,False,True,
74,1,3,MONOTONIC_WRITES,normal,netem delay 25ms 25ms,QUORUM,2,cassandra2,cassandra1,2,False,True,
74,2,1,MONOTONIC_WRITES,normal,netem delay 25ms 25ms,QUORUM,3,cassandra2,cassandra2,3,False,True,
74,2,2,MONOTONIC_WRITES,normal,netem delay 25ms 25ms,QUORUM,3,cassandra2,cassandra1,3,False,True,
74,2,3,MONOTONIC_WRITES,normal,netem delay 25ms 25ms,QUORUM,3,cassandra2,cassandra1,3,False,True,
74,3,1,MONOTONIC_WRITES,normal,netem delay 25ms 25ms,QUORUM,4,cassandra1,cassandra1,4,False,True,
74,3,2,MONOTONIC_WRITES,normal,netem delay 25ms 25ms,QUORUM,4,cassandra1,cassandra3,4,False,True,
74,3,3,MONOTONIC_WRITES,normal,netem delay 25ms 25ms,QUORUM,4,cassandra1,cassandra3,4,False,True,
74,4,1,MONOTONIC_WRITES,normal,netem delay 25ms 25ms,QUORUM,5,cassandra1,cassandra3,5,False,True,
74,4,2,MONOTONIC_WRITES,normal,netem delay 25ms 25ms,QUORUM,5,cassandra1,cassandra2,5,False,True,
74,4,3,MONOTONIC_WRITES,normal,netem delay 25ms 25ms,QUORUM,5,cassandra1,cassandra3,5,False,True,
74,5,1,MONOTONIC_WRITES,normal,netem delay 25ms 25ms,QUORUM,6,cassandra2,cassandra3,6,False,True,
74,5,2,MONOTONIC_WRITES,normal,netem delay 25ms 25ms,QUORUM,6,cassandra2,cassandra2,6,False,True,
74,5,3,MONOTONIC_WRITES,normal,netem delay 25ms 25ms,QUORUM,6,cassandra2,cassandra2,6,False,True,
75,1,1,MONOTONIC_WRITES,normal,netem delay 25ms 25ms,QUORUM,2,cassandra2,cassandra3,2,False,True,
75,1,2,MONOTONIC_WRITES,normal,netem delay 25ms 25ms,QUORUM,2,cassandra2,cassandra3,2,False,True,
75,1,3,MONOTONIC_WRITES,normal,netem delay 25ms 25ms,QUORUM,2,cassandra2,cassandra2,2,False,True,
75,2,1,MONOTONIC_WRITES,normal,netem delay 25ms 25ms,QUORUM,3,cassandra1,cassandra3,3,False,True,
75,2,2,MONOTONIC_WRITES,normal,netem delay 25ms 25ms,QUORUM,3,cassandra1,cassandra2,3,False,True,
75,2,3,MONOTONIC_WRITES,normal,netem delay 25ms 25ms,QUORUM,3,cassandra1,cassandra3,3,False,True,
75,3,1,MONOTONIC_WRITES,normal,netem delay 25ms 25ms,QUORUM,4,cassandra1,cassandra1,4,False,True,
75,3,2,MONOTONIC_WRITES,normal,netem delay 25ms 25ms,QUORUM,4,cassandra1,cassandra3,4,False,True,
75,3,3,MONOTONIC_WRITES,normal,netem delay 25ms 25ms,QUORUM,4,cassandra1,cassandra3,4,False,True,
75,4,1,MONOTONIC_WRITES,normal,netem delay 25ms 25ms,QUORUM,5,cassandra1,cassandra1,5,False,True,
75,4,2,MONOTONIC_WRITES,normal,netem delay 25ms 25ms,QUORUM,5,cassandra1,cassandra1,5,False,True,
75,4,3,MONOTONIC_WRITES,normal,netem delay 25ms 25ms,QUORUM,5,cassandra1,cassandra3,5,False,True,
75,5,1,MONOTONIC_WRITES,normal,netem delay 25ms 25ms,QUORUM,6,cassandra1,cassandra2,6,False,True,
75,5,2,MONOTONIC_WRITES,normal,netem delay 25ms 25ms,QUORUM,6,cassandra1,cassandra3,6,False,True,
75,5,3,MONOTONIC_WRITES,normal,netem delay 25ms 25ms,QUORUM,6,cassandra1,cassandra3,6,False,True,
76,1,1,MONOTONIC_WRITES,normal,netem delay 25ms 25ms,QUORUM,2,cassandra3,cassandra3,2,False,True,
76,1,2,MONOTONIC_WRITES,normal,netem delay 25ms 25ms,QUORUM,2,cassandra3,cassandra2,2,False,True,
76,1,3,MONOTONIC_WRITES,normal,netem delay 25ms 25ms,QUORUM,2,cassandra3,cassandra1,2,False,True,
76,2,1,MONOTONIC_WRITES,normal,netem delay 25ms 25ms,QUORUM,3,cassandra3,cassandra1,3,False,True,
76,2,2,MONOTONIC_WRITES,normal,netem delay 25ms 25ms,QUORUM,3,cassandra3,cassandra1,3,False,True,
76,2,3,MONOTONIC_WRITES,normal,netem delay 25ms 25ms,QUORUM,3,cassandra3,cassandra2,3,False,True,
76,3,1,MONOTONIC_WRITES,normal,netem delay 25ms 25ms,QUORUM,4,cassandra3,cassandra2,4,False,True,
76,3,2,MONOTONIC_WRITES,normal,netem delay 25ms 25ms,QUORUM,4,cassandra3,cassandra2,4,False,True,
76,3,3,MONOTONIC_WRITES,normal,netem delay 25ms 25ms,QUORUM,4,cassandra3,cassandra3,4,False,True,
76,4,1,MONOTONIC_WRITES,normal,netem delay 25ms 25ms,QUORUM,5,cassandra2,cassandra2,5,False,True,
76,4,2,MONOTONIC_WRITES,normal,netem delay 25ms 25ms,QUORUM,5,cassandra2,cassandra1,5,False,True,
76,4,3,MONOTONIC_WRITES,normal,netem delay 25ms 25ms,QUORUM,5,cassandra2,cassandra1,5,False,True,
76,5,1,MONOTONIC_WRITES,normal,netem delay 25ms 25ms,QUORUM,6,cassandra1,cassandra1,6,False,True,
76,5,2,MONOTONIC_WRITES,normal,netem delay 25ms 25ms,QUORUM,6,cassandra1,cassandra3,6,False,True,
76,5,3,MONOTONIC_WRITES,normal,netem delay 25ms 25ms,QUORUM,6,cassandra1,cassandra3,6,False,True,
77,1,1,MONOTONIC_WRITES,normal,netem delay 25ms 25ms,QUORUM,2,cassandra3,cassandra2,2,False,True,
77,1,2,MONOTONIC_WRITES,normal,netem delay 25ms 25ms,QUORUM,2,cassandra3,cassandra3,2,False,True,
77,1,3,MONOTONIC_WRITES,normal,netem delay 25ms 25ms,QUORUM,2,cassandra3,cassandra3,2,False,True,
77,2,1,MONOTONIC_WRITES,normal,netem delay 25ms 25ms,QUORUM,3,cassandra3,cassandra3,3,False,True,
77,2,2,MONOTONIC_WRITES,normal,netem delay 25ms 25ms,QUORUM,3,cassandra3,cassandra1,3,False,True,
77,2,3,MONOTONIC_WRITES,normal,netem delay 25ms 25ms,QUORUM,3,cassandra3,cassandra3,3,False,True,
77,3,1,MONOTONIC_WRITES,normal,netem delay 25ms 25ms,QUORUM,4,cassandra3,cassandra1,4,False,True,
77,3,2,MONOTONIC_WRITES,normal,netem delay 25ms 25ms,QUORUM,4,cassandra3,cassandra3,4,False,True,
77,3,3,MONOTONIC_WRITES,normal,netem delay 25ms 25ms,QUORUM,4,cassandra3,cassandra2,4,False,True,
77,4,1,MONOTONIC_WRITES,normal,netem delay 25ms 25ms,QUORUM,5,cassandra1,cassandra2,5,False,True,
77,4,2,MONOTONIC_WRITES,normal,netem delay 25ms 25ms,QUORUM,5,cassandra1,cassandra1,5,False,True,
77,4,3,MONOTONIC_WRITES,normal,netem delay 25ms 25ms,QUORUM,5,cassandra1,cassandra1,5,False,True,
77,5,1,MONOTONIC_WRITES,normal,netem delay 25ms 25ms,QUORUM,6,cassandra3,cassandra1,6,False,True,
77,5,2,MONOTONIC_WRITES,normal,netem delay 25ms 25ms,QUORUM,6,cassandra3,cassandra2,6,False,True,
77,5,3,MONOTONIC_WRITES,normal,netem delay 25ms 25ms,QUORUM,6,cassandra3,cassandra2,6,False,True,
78,1,1,MONOTONIC_WRITES,normal,netem delay 25ms 25ms,QUORUM,2,cassandra3,cassandra2,2,False,True,
78,1,2,MONOTONIC_WRITES,normal,netem delay 25ms 25ms,QUORUM,2,cassandra3,cassandra3,2,False,True,
78,1,3,MONOTONIC_WRITES,normal,netem delay 25ms 25ms,QUORUM,2,cassandra3,cassandra1,2,False,True,
78,2,1,MONOTONIC_WRITES,normal,netem delay 25ms 25ms,QUORUM,3,cassandra3,cassandra2,3,False,True,
78,2,2,MONOTONIC_WRITES,normal,netem delay 25ms 25ms,QUORUM,3,cassandra3,cassandra2,3,False,True,
78,2,3,MONOTONIC_WRITES,normal,netem delay 25ms 25ms,QUORUM,3,cassandra3,cassandra3,3,False,True,
78,3,1,MONOTONIC_WRITES,normal,netem delay 25ms 25ms,QUORUM,4,cassandra3,cassandra2,4,False,True,
78,3,2,MONOTONIC_WRITES,normal,netem delay 25ms 25ms,QUORUM,4,cassandra3,cassandra3,4,False,True,
78,3,3,MONOTONIC_WRITES,normal,netem delay 25ms 25ms,QUORUM,4,cassandra3,cassandra2,4,False,True,
78,4,1,MONOTONIC_WRITES,normal,netem delay 25ms 25ms,QUORUM,5,cassandra1,cassandra2,5,False,True,
78,4,2,MONOTONIC_WRITES,normal,netem delay 25ms 25ms,QUORUM,5,cassandra1,cassandra3,5,False,True,
78,4,3,MONOTONIC_WRITES,normal,netem delay 25ms 25ms,QUORUM,5,cassandra1,cassandra3,5,False,True,
78,5,1,MONOTONIC_WRITES,normal,netem delay 25ms 25ms,QUORUM,6,cassandra1,cassandra2,6,False,True,
78,5,2,MONOTONIC_WRITES,normal,netem delay 25ms 25ms,QUORUM,6,cassandra1,cassandra1,6,False,True,
78,5,3,MONOTONIC_WRITES,normal,netem delay 25ms 25ms,QUORUM,6,cassandra1,cassandra1,6,False,True,
79,1,1,MONOTONIC_WRITES,normal,netem delay 25ms 25ms,QUORUM,2,cassandra2,cassandra3,2,False,True,
79,1,2,MONOTONIC_WRITES,normal,netem delay 25ms 25ms,QUORUM,2,cassandra2,cassandra1,2,False,True,
79,1,3,MONOTONIC_WRITES,normal,netem delay 25ms 25ms,QUORUM,2,cassandra2,cassandra2,2,False,True,
79,2,1,MONOTONIC_WRITES,normal,netem delay 25ms 25ms,QUORUM,3,cassandra2,cassandra3,3,False,True,
79,2,2,MONOTONIC_WRITES,normal,netem delay 25ms 25ms,QUORUM,3,cassandra2,cassandra1,3,False,True,
79,2,3,MONOTONIC_WRITES,normal,netem delay 25ms 25ms,QUORUM,3,cassandra2,cassandra1,3,False,True,
79,3,1,MONOTONIC_WRITES,normal,netem delay 25ms 25ms,QUORUM,4,cassandra3,cassandra1,4,False,True,
79,3,2,MONOTONIC_WRITES,normal,netem delay 25ms 25ms,QUORUM,4,cassandra3,cassandra1,4,False,True,
79,3,3,MONOTONIC_WRITES,normal,netem delay 25ms 25ms,QUORUM,4,cassandra3,cassandra1,4,False,True,
79,4,1,MONOTONIC_WRITES,normal,netem delay 25ms 25ms,QUORUM,5,cassandra3,cassandra3,5,False,True,
79,4,2,MONOTONIC_WRITES,normal,netem delay 25ms 25ms,QUORUM,5,cassandra3,cassandra2,5,False,True,
79,4,3,MONOTONIC_WRITES,normal,netem delay 25ms 25ms,QUORUM,5,cassandra3,cassandra1,5,False,True,
79,5,1,MONOTONIC_WRITES,normal,netem delay 25ms 25ms,QUORUM,6,cassandra3,cassandra2,6,False,True,
79,5,2,MONOTONIC_WRITES,normal,netem delay 25ms 25ms,QUORUM,6,cassandra3,cassandra2,6,False,True,
79,5,3,MONOTONIC_WRITES,normal,netem delay 25ms 25ms,QUORUM,6,cassandra3,cassandra2,6,False,True,
80,1,1,MONOTONIC_WRITES,normal,netem delay 25ms 25ms,QUORUM,2,cassandra3,cassandra2,2,False,True,
80,1,2,MONOTONIC_WRITES,normal,netem delay 25ms 25ms,QUORUM,2,cassandra3,cassandra3,2,False,True,
80,1,3,MONOTONIC_WRITES,normal,netem delay 25ms 25ms,QUORUM,2,cassandra3,cassandra3,2,False,True,
80,2,1,MONOTONIC_WRITES,normal,netem delay 25ms 25ms,QUORUM,3,cassandra2,cassandra3,3,False,True,
80,2,2,MONOTONIC_WRITES,normal,netem delay 25ms 25ms,QUORUM,3,cassandra2,cassandra2,3,False,True,
80,2,3,MONOTONIC_WRITES,normal,netem delay 25ms 25ms,QUORUM,3,cassandra2,cassandra2,3,False,True,
80,3,1,MONOTONIC_WRITES,normal,netem delay 25ms 25ms,QUORUM,4,cassandra2,cassandra2,4,False,True,
80,3,2,MONOTONIC_WRITES,normal,netem delay 25ms 25ms,QUORUM,4,cassandra2,cassandra2,4,False,True,
80,3,3,MONOTONIC_WRITES,normal,netem delay 25ms 25ms,QUORUM,4,cassandra2,cassandra2,4,False,True,
80,4,1,MONOTONIC_WRITES,normal,netem delay 25ms 25ms,QUORUM,5,cassandra1,cassandra3,5,False,True,
80,4,2,MONOTONIC_WRITES,normal,netem delay 25ms 25ms,QUORUM,5,cassandra1,cassandra2,5,False,True,
80,4,3,MONOTONIC_WRITES,normal,netem delay 25ms 25ms,QUORUM,5,cassandra1,cassandra3,5,False,True,
80,5,1,MONOTONIC_WRITES,normal,netem delay 25ms 25ms,QUORUM,6,cassandra2,cassandra2,6,False,True,
80,5,2,MONOTONIC_WRITES,normal,netem delay 25ms 25ms,QUORUM,6,cassandra2,cassandra3,6,False,True,
80,5,3,MONOTONIC_WRITES,normal,netem delay 25ms 25ms,QUORUM,6,cassandra2,cassandra1,6,False,True,
81,1,1,MONOTONIC_WRITES,normal,netem delay 25ms 25ms,QUORUM,2,cassandra1,cassandra3,2,False,True,
81,1,2,MONOTONIC_WRITES,normal,netem delay 25ms 25ms,QUORUM,2,cassandra1,cassandra2,2,False,True,
81,1,3,MONOTONIC_WRITES,normal,netem delay 25ms 25ms,QUORUM,2,cassandra1,cassandra3,2,False,True,
81,2,1,MONOTONIC_WRITES,normal,netem delay 25ms 25ms,QUORUM,3,cassandra1,cassandra2,3,False,True,
81,2,2,MONOTONIC_WRITES,normal,netem delay 25ms 25ms,QUORUM,3,cassandra1,cassandra3,3,False,True,
81,2,3,MONOTONIC_WRITES,normal,netem delay 25ms 25ms,QUORUM,3,cassandra1,cassandra3,3,False,True,
81,3,1,MONOTONIC_WRITES,normal,netem delay 25ms 25ms,QUORUM,4,cassandra3,cassandra1,4,False,True,
81,3,2,MONOTONIC_WRITES,normal,netem delay 25ms 25ms,QUORUM,4,cassandra3,cassandra1,4,False,True,
81,3,3,MONOTONIC_WRITES,normal,netem delay 25ms 25ms,QUORUM,4,cassandra3,cassandra3,4,False,True,
81,4,1,MONOTONIC_WRITES,normal,netem delay 25ms 25ms,QUORUM,5,cassandra1,cassandra2,5,False,True,
81,4,2,MONOTONIC_WRITES,normal,netem delay 25ms 25ms,QUORUM,5,cassandra1,cassandra2,5,False,True,
81,4,3,MONOTONIC_WRITES,normal,netem delay 25ms 25ms,QUORUM,5,cassandra1,cassandra1,5,False,True,
81,5,1,MONOTONIC_WRITES,normal,netem delay 25ms 25ms,QUORUM,6,cassandra1,cassandra2,6,False,True,
81,5,2,MONOTONIC_WRITES,normal,netem delay 25ms 25ms,QUORUM,6,cassandra1,cassandra1,6,False,True,
81,5,3,MONOTONIC_WRITES,normal,netem delay 25ms 25ms,QUORUM,6,cassandra1,cassandra1,6,False,True,
82,1,1,MONOTONIC_WRITES,normal,netem delay 25ms 25ms,QUORUM,2,cassandra2,cassandra2,2,False,True,
82,1,2,MONOTONIC_WRITES,normal,netem delay 25ms 25ms,QUORUM,2,cassandra2,cassandra3,2,False,True,
82,1,3,MONOTONIC_WRITES,normal,netem delay 25ms 25ms,QUORUM,2,cassandra2,cassandra2,2,False,True,
82,2,1,MONOTONIC_WRITES,normal,netem delay 25ms 25ms,QUORUM,3,cassandra3,cassandra2,3,False,True,
82,2,2,MONOTONIC_WRITES,normal,netem delay 25ms 25ms,QUORUM,3,cassandra3,cassandra3,3,False,True,
82,2,3,MONOTONIC_WRITES,normal,netem delay 25ms 25ms,QUORUM,3,cassandra3,cassandra3,3,False,True,
82,3,1,MONOTONIC_WRITES,normal,netem delay 25ms 25ms,QUORUM,4,cassandra1,cassandra2,4,False,True,
82,3,2,MONOTONIC_WRITES,normal,netem delay 25ms 25ms,QUORUM,4,cassandra1,cassandra2,4,False,True,
82,3,3,MONOTONIC_WRITES,normal,netem delay 25ms 25ms,QUORUM,4,cassandra1,cassandra1,4,False,True,
82,4,1,MONOTONIC_WRITES,normal,netem delay 25ms 25ms,QUORUM,5,cassandra1,cassandra3,5,False,True,
82,4,2,MONOTONIC_WRITES,normal,netem delay 25ms 25ms,QUORUM,5,cassandra1,cassandra1,5,False,True,
82,4,3,MONOTONIC_WRITES,normal,netem delay 25ms 25ms,QUORUM,5,cassandra1,cassandra3,5,False,True,
82,5,1,MONOTONIC_WRITES,normal,netem delay 25ms 25ms,QUORUM,6,cassandra3,cassandra1,6,False,True,
82,5,2,MONOTONIC_WRITES,normal,netem delay 25ms 25ms,QUORUM,6,cassandra3,cassandra1,6,False,True,
82,5,3,MONOTONIC_WRITES,normal,netem delay 25ms 25ms,QUORUM,6,cassandra3,cassandra2,6,False,True,
83,1,1,MONOTONIC_WRITES,normal,netem delay 25ms 25ms,QUORUM,2,cassandra1,cassandra3,2,False,True,
83,1,2,MONOTONIC_WRITES,normal,netem delay 25ms 25ms,QUORUM,2,cassandra1,cassandra1,2,False,True,
83,1,3,MONOTONIC_WRITES,normal,netem delay 25ms 25ms,QUORUM,2,cassandra1,cassandra1,2,False,True,
83,2,1,MONOTONIC_WRITES,normal,netem delay 25ms 25ms,QUORUM,3,cassandra1,cassandra3,3,False,True,
83,2,2,MONOTONIC_WRITES,normal,netem delay 25ms 25ms,QUORUM,3,cassandra1,cassandra2,3,False,True,
83,2,3,MONOTONIC_WRITES,normal,netem delay 25ms 25ms,QUORUM,3,cassandra1,cassandra2,3,False,True,
83,3,1,MONOTONIC_WRITES,normal,netem delay 25ms 25ms,QUORUM,4,cassandra2,cassandra1,4,False,True,
83,3,2,MONOTONIC_WRITES,normal,netem delay 25ms 25ms,QUORUM,4,cassandra2,cassandra1,4,False,True,
83,3,3,MONOTONIC_WRITES,normal,netem delay 25ms 25ms,QUORUM,4,cassandra2,cassandra3,4,False,True,
83,4,1,MONOTONIC_WRITES,normal,netem delay 25ms 25ms,QUORUM,5,cassandra2,cassandra3,5,False,True,
83,4,2,MONOTONIC_WRITES,normal,netem delay 25ms 25ms,QUORUM,5,cassandra2,cassandra1,5,False,True,
83,4,3,MONOTONIC_WRITES,normal,netem delay 25ms 25ms,QUORUM,5,cassandra2,cassandra3,5,False,True,
83,5,1,MONOTONIC_WRITES,normal,netem delay 25ms 25ms,QUORUM,6,cassandra1,cassandra2,6,False,True,
83,5,2,MONOTONIC_WRITES,normal,netem delay 25ms 25ms,QUORUM,6,cassandra1,cassandra2,6,False,True,
83,5,3,MONOTONIC_WRITES,normal,netem delay 25ms 25ms,QUORUM,6,cassandra1,cassandra3,6,False,True,
84,1,1,MONOTONIC_WRITES,normal,netem delay 25ms 25ms,QUORUM,2,cassandra2,cassandra3,2,False,True,
84,1,2,MONOTONIC_WRITES,normal,netem delay 25ms 25ms,QUORUM,2,cassandra2,cassandra2,2,False,True,
84,1,3,MONOTONIC_WRITES,normal,netem delay 25ms 25ms,QUORUM,2,cassandra2,cassandra3,2,False,True,
84,2,1,MONOTONIC_WRITES,normal,netem delay 25ms 25ms,QUORUM,3,cassandra3,cassandra2,3,False,True,
84,2,2,MONOTONIC_WRITES,normal,netem delay 25ms 25ms,QUORUM,3,cassandra3,cassandra2,3,False,True,
84,2,3,MONOTONIC_WRITES,normal,netem delay 25ms 25ms,QUORUM,3,cassandra3,cassandra1,3,False,True,
84,3,1,MONOTONIC_WRITES,normal,netem delay 25ms 25ms,QUORUM,4,cassandra2,cassandra1,4,False,True,
84,3,2,MONOTONIC_WRITES,normal,netem delay 25ms 25ms,QUORUM,4,cassandra2,cassandra3,4,False,True,
84,3,3,MONOTONIC_WRITES,normal,netem delay 25ms 25ms,QUORUM,4,cassandra2,cassandra2,4,False,True,
84,4,1,MONOTONIC_WRITES,normal,netem delay 25ms 25ms,QUORUM,5,cassandra2,cassandra1,5,False,True,
84,4,2,MONOTONIC_WRITES,normal,netem delay 25ms 25ms,QUORUM,5,cassandra2,cassandra3,5,False,True,
84,4,3,MONOTONIC_WRITES,normal,netem delay 25ms 25ms,QUORUM,5,cassandra2,cassandra2,5,False,True,
84,5,1,MONOTONIC_WRITES,normal,netem delay 25ms 25ms,QUORUM,6,cassandra3,cassandra2,6,False,True,
84,5,2,MONOTONIC_WRITES,normal,netem delay 25ms 25ms,QUORUM,6,cassandra3,cassandra1,6,False,True,
84,5,3,MONOTONIC_WRITES,normal,netem delay 25ms 25ms,QUORUM,6,cassandra3,cassandra3,6,False,True,
85,1,1,MONOTONIC_WRITES,normal,netem delay 25ms 25ms,QUORUM,2,cassandra1,cassandra1,2,False,True,
85,1,2,MONOTONIC_WRITES,normal,netem delay 25ms 25ms,QUORUM,2,cassandra1,cassandra1,2,False,True,
85,1,3,MONOTONIC_WRITES,normal,netem delay 25ms 25ms,QUORUM,2,cassandra1,cassandra2,2,False,True,
85,2,1,MONOTONIC_WRITES,normal,netem delay 25ms 25ms,QUORUM,3,cassandra1,cassandra3,3,False,True,
85,2,2,MONOTONIC_WRITES,normal,netem delay 25ms 25ms,QUORUM,3,cassandra1,cassandra2,3,False,True,
85,2,3,MONOTONIC_WRITES,normal,netem delay 25ms 25ms,QUORUM,3,cassandra1,cassandra1,3,False,True,
85,3,1,MONOTONIC_WRITES,normal,netem delay 25ms 25ms,QUORUM,4,cassandra2,cassandra3,4,False,True,
85,3,2,MONOTONIC_WRITES,normal,netem delay 25ms 25ms,QUORUM,4,cassandra2,cassandra3,4,False,True,
85,3,3,MONOTONIC_WRITES,normal,netem delay 25ms 25ms,QUORUM,4,cassandra2,cassandra1,4,False,True,
85,4,1,MONOTONIC_WRITES,normal,netem delay 25ms 25ms,QUORUM,5,cassandra1,cassandra2,5,False,True,
85,4,2,MONOTONIC_WRITES,normal,netem delay 25ms 25ms,QUORUM,5,cassandra1,cassandra2,5,False,True,
85,4,3,MONOTONIC_WRITES,normal,netem delay 25ms 25ms,QUORUM,5,cassandra1,cassandra1,5,False,True,
85,5,1,MONOTONIC_WRITES,normal,netem delay 25ms 25ms,QUORUM,6,cassandra1,cassandra1,6,False,True,
85,5,2,MONOTONIC_WRITES,normal,netem delay 25ms 25ms,QUORUM,6,cassandra1,cassandra1,6,False,True,
85,5,3,MONOTONIC_WRITES,normal,netem delay 25ms 25ms,QUORUM,6,cassandra1,cassandra3,6,False,True,
86,1,1,MONOTONIC_WRITES,normal,netem delay 25ms 25ms,QUORUM,2,cassandra1,cassandra1,2,False,True,
86,1,2,MONOTONIC_WRITES,normal,netem delay 25ms 25ms,QUORUM,2,cassandra1,cassandra3,2,False,True,
86,1,3,MONOTONIC_WRITES,normal,netem delay 25ms 25ms,QUORUM,2,cassandra1,cassandra3,2,False,True,
86,2,1,MONOTONIC_WRITES,normal,netem delay 25ms 25ms,QUORUM,3,cassandra2,cassandra3,3,False,True,
86,2,2,MONOTONIC_WRITES,normal,netem delay 25ms 25ms,QUORUM,3,cassandra2,cassandra3,3,False,True,
86,2,3,MONOTONIC_WRITES,normal,netem delay 25ms 25ms,QUORUM,3,cassandra2,cassandra1,3,False,True,
86,3,1,MONOTONIC_WRITES,normal,netem delay 25ms 25ms,QUORUM,4,cassandra3,cassandra2,4,False,True,
86,3,2,MONOTONIC_WRITES,normal,netem delay 25ms 25ms,QUORUM,4,cassandra3,cassandra3,4,False,True,
86,3,3,MONOTONIC_WRITES,normal,netem delay 25ms 25ms,QUORUM,4,cassandra3,cassandra3,4,False,True,
86,4,1,MONOTONIC_WRITES,normal,netem delay 25ms 25ms,QUORUM,5,cassandra3,cassandra3,5,False,True,
86,4,2,MONOTONIC_WRITES,normal,netem delay 25ms 25ms,QUORUM,5,cassandra3,cassandra3,5,False,True,
86,4,3,MONOTONIC_WRITES,normal,netem delay 25ms 25ms,QUORUM,5,cassandra3,cassandra2,5,False,True,
86,5,1,MONOTONIC_WRITES,normal,netem delay 25ms 25ms,QUORUM,6,cassandra3,cassandra2,6,False,True,
86,5,2,MONOTONIC_WRITES,normal,netem delay 25ms 25ms,QUORUM,6,cassandra3,cassandra1,6,False,True,
86,5,3,MONOTONIC_WRITES,normal,netem delay 25ms 25ms,QUORUM,6,cassandra3,cassandra3,6,False,True,
87,1,1,MONOTONIC_WRITES,normal,netem delay 25ms 25ms,QUORUM,2,cassandra1,cassandra2,2,False,True,
87,1,2,MONOTONIC_WRITES,normal,netem delay 25ms 25ms,QUORUM,2,cassandra1,cassandra3,2,False,True,
87,1,3,MONOTONIC_WRITES,normal,netem delay 25ms 25ms,QUORUM,2,cassandra1,cassandra1,2,False,True,
87,2,1,MONOTONIC_WRITES,normal,netem delay 25ms 25ms,QUORUM,3,cassandra3,cassandra2,3,False,True,
87,2,2,MONOTONIC_WRITES,normal,netem delay 25ms 25ms,QUORUM,3,cassandra3,cassandra1,3,False,True,
87,2,3,MONOTONIC_WRITES,normal,netem delay 25ms 25ms,QUORUM,3,cassandra3,cassandra3,3,False,True,
87,3,1,MONOTONIC_WRITES,normal,netem delay 25ms 25ms,QUORUM,4,cassandra2,cassandra3,4,False,True,
87,3,2,MONOTONIC_WRITES,normal,netem delay 25ms 25ms,QUORUM,4,cassandra2,cassandra2,4,False,True,
87,3,3,MONOTONIC_WRITES,normal,netem delay 25ms 25ms,QUORUM,4,cassandra2,cassandra2,4,False,True,
87,4,1,MONOTONIC_WRITES,normal,netem delay 25ms 25ms,QUORUM,5,cassandra3,cassandra2,5,False,True,
87,4,2,MONOTONIC_WRITES,normal,netem delay 25ms 25ms,QUORUM,5,cassandra3,cassandra2,5,False,True,
87,4,3,MONOTONIC_WRITES,normal,netem delay 25ms 25ms,QUORUM,5,cassandra3,cassandra1,5,False,True,
87,5,1,MONOTONIC_WRITES,normal,netem delay 25ms 25ms,QUORUM,6,cassandra1,cassandra1,6,False,True,
87,5,2,MONOTONIC_WRITES,normal,netem delay 25ms 25ms,QUORUM,6,cassandra1,cassandra2,6,False,True,
87,5,3,MONOTONIC_WRITES,normal,netem delay 25ms 25ms,QUORUM,6,cassandra1,cassandra2,6,False,True,
88,1,1,MONOTONIC_WRITES,normal,netem delay 25ms 25ms,QUORUM,2,cassandra3,cassandra2,2,False,True,
88,1,2,MONOTONIC_WRITES,normal,netem delay 25ms 25ms,QUORUM,2,cassandra3,cassandra2,2,False,True,
88,1,3,MONOTONIC_WRITES,normal,netem delay 25ms 25ms,QUORUM,2,cassandra3,cassandra1,2,False,True,
88,2,1,MONOTONIC_WRITES,normal,netem delay 25ms 25ms,QUORUM,3,cassandra3,cassandra3,3,False,True,
88,2,2,MONOTONIC_WRITES,normal,netem delay 25ms 25ms,QUORUM,3,cassandra3,cassandra3,3,False,True,
88,2,3,MONOTONIC_WRITES,normal,netem delay 25ms 25ms,QUORUM,3,cassandra3,cassandra2,3,False,True,
88,3,1,MONOTONIC_WRITES,normal,netem delay 25ms 25ms,QUORUM,4,cassandra3,cassandra3,4,False,True,
88,3,2,MONOTONIC_WRITES,normal,netem delay 25ms 25ms,QUORUM,4,cassandra3,cassandra3,4,False,True,
88,3,3,MONOTONIC_WRITES,normal,netem delay 25ms 25ms,QUORUM,4,cassandra3,cassandra3,4,False,True,
88,4,1,MONOTONIC_WRITES,normal,netem delay 25ms 25ms,QUORUM,5,cassandra3,cassandra2,5,False,True,
88,4,2,MONOTONIC_WRITES,normal,netem delay 25ms 25ms,QUORUM,5,cassandra3,cassandra2,5,False,True,
88,4,3,MONOTONIC_WRITES,normal,netem delay 25ms 25ms,QUORUM,5,cassandra3,cassandra1,5,False,True,
88,5,1,MONOTONIC_WRITES,normal,netem delay 25ms 25ms,QUORUM,6,cassandra3,cassandra1,6,False,True,
88,5,2,MONOTONIC_WRITES,normal,netem delay 25ms 25ms,QUORUM,6,cassandra3,cassandra1,6,False,True,
88,5,3,MONOTONIC_WRITES,normal,netem delay 25ms 25ms,QUORUM,6,cassandra3,cassandra3,6,False,True,
89,1,1,MONOTONIC_WRITES,normal,netem delay 25ms 25ms,QUORUM,2,cassandra2,cassandra2,2,False,True,
89,1,2,MONOTONIC_WRITES,normal,netem delay 25ms 25ms,QUORUM,2,cassandra2,cassandra3,2,False,True,
89,1,3,MONOTONIC_WRITES,normal,netem delay 25ms 25ms,QUORUM,2,cassandra2,cassandra2,2,False,True,
89,2,1,MONOTONIC_WRITES,normal,netem delay 25ms 25ms,QUORUM,3,cassandra3,cassandra1,3,False,True,
89,2,2,MONOTONIC_WRITES,normal,netem delay 25ms 25ms,QUORUM,3,cassandra3,cassandra1,3,False,True,
89,2,3,MONOTONIC_WRITES,normal,netem delay 25ms 25ms,QUORUM,3,cassandra3,cassandra1,3,False,True,
89,3,1,MONOTONIC_WRITES,normal,netem delay 25ms 25ms,QUORUM,4,cassandra3,cassandra3,4,False,True,
89,3,2,MONOTONIC_WRITES,normal,netem delay 25ms 25ms,QUORUM,4,cassandra3,cassandra2,4,False,True,
89,3,3,MONOTONIC_WRITES,normal,netem delay 25ms 25ms,QUORUM,4,cassandra3,cassandra3,4,False,True,
89,4,1,MONOTONIC_WRITES,normal,netem delay 25ms 25ms,QUORUM,5,cassandra1,cassandra2,5,False,True,
89,4,2,MONOTONIC_WRITES,normal,netem delay 25ms 25ms,QUORUM,5,cassandra1,cassandra3,5,False,True,
89,4,3,MONOTONIC_WRITES,normal,netem delay 25ms 25ms,QUORUM,5,cassandra1,cassandra2,5,False,True,
89,5,1,MONOTONIC_WRITES,normal,netem delay 25ms 25ms,QUORUM,6,cassandra1,cassandra2,6,False,True,
89,5,2,MONOTONIC_WRITES,normal,netem delay 25ms 25ms,QUORUM,6,cassandra1,cassandra1,6,False,True,
89,5,3,MONOTONIC_WRITES,normal,netem delay 25ms 25ms,QUORUM,6,cassandra1,cassandra1,6,False,True,
90,1,1,MONOTONIC_WRITES,normal,netem delay 25ms 25ms,QUORUM,2,cassandra3,cassandra3,2,False,True,
90,1,2,MONOTONIC_WRITES,normal,netem delay 25ms 25ms,QUORUM,2,cassandra3,cassandra2,2,False,True,
90,1,3,MONOTONIC_WRITES,normal,netem delay 25ms 25ms,QUORUM,2,cassandra3,cassandra3,2,False,True,
90,2,1,MONOTONIC_WRITES,normal,netem delay 25ms 25ms,QUORUM,3,cassandra2,cassandra3,3,False,True,
90,2,2,MONOTONIC_WRITES,normal,netem delay 25ms 25ms,QUORUM,3,cassandra2,cassandra3,3,False,True,
90,2,3,MONOTONIC_WRITES,normal,netem delay 25ms 25ms,QUORUM,3,cassandra2,cassandra3,3,False,True,
90,3,1,MONOTONIC_WRITES,normal,netem delay 25ms 25ms,QUORUM,4,cassandra3,cassandra3,4,False,True,
90,3,2,MONOTONIC_WRITES,normal,netem delay 25ms 25ms,QUORUM,4,cassandra3,cassandra1,4,False,True,
90,3,3,MONOTONIC_WRITES,normal,netem delay 25ms 25ms,QUORUM,4,cassandra3,cassandra1,4,False,True,
90,4,1,MONOTONIC_WRITES,normal,netem delay 25ms 25ms,QUORUM,5,cassandra2,cassandra2,5,False,True,
90,4,2,MONOTONIC_WRITES,normal,netem delay 25ms 25ms,QUORUM,5,cassandra2,cassandra3,5,False,True,
90,4,3,MONOTONIC_WRITES,normal,netem delay 25ms 25ms,QUORUM,5,cassandra2,cassandra3,5,False,True,
90,5,1,MONOTONIC_WRITES,normal,netem delay 25ms 25ms,QUORUM,6,cassandra1,cassandra2,6,False,True,
90,5,2,MONOTONIC_WRITES,normal,netem delay 25ms 25ms,QUORUM,6,cassandra1,cassandra1,6,False,True,
90,5,3,MONOTONIC_WRITES,normal,netem delay 25ms 25ms,QUORUM,6,cassandra1,cassandra3,6,False,True,
91,1,1,MONOTONIC_WRITES,normal,netem delay 25ms 25ms,QUORUM,2,cassandra3,cassandra2,2,False,True,
91,1,2,MONOTONIC_WRITES,normal,netem delay 25ms 25ms,QUORUM,2,cassandra3,cassandra2,2,False,True,
91,1,3,MONOTONIC_WRITES,normal,netem delay 25ms 25ms,QUORUM,2,cassandra3,cassandra2,2,False,True,
91,2,1,MONOTONIC_WRITES,normal,netem delay 25ms 25ms,QUORUM,3,cassandra2,cassandra3,3,False,True,
91,2,2,MONOTONIC_WRITES,normal,netem delay 25ms 25ms,QUORUM,3,cassandra2,cassandra3,3,False,True,
91,2,3,MONOTONIC_WRITES,normal,netem delay 25ms 25ms,QUORUM,3,cassandra2,cassandra2,3,False,True,
91,3,1,MONOTONIC_WRITES,normal,netem delay 25ms 25ms,QUORUM,4,cassandra2,cassandra1,4,False,True,
91,3,2,MONOTONIC_WRITES,normal,netem delay 25ms 25ms,QUORUM,4,cassandra2,cassandra1,4,False,True,
91,3,3,MONOTONIC_WRITES,normal,netem delay 25ms 25ms,QUORUM,4,cassandra2,cassandra1,4,False,True,
91,4,1,MONOTONIC_WRITES,normal,netem delay 25ms 25ms,QUORUM,5,cassandra1,cassandra2,5,False,True,
91,4,2,MONOTONIC_WRITES,normal,netem delay 25ms 25ms,QUORUM,5,cassandra1,cassandra1,5,False,True,
91,4,3,MONOTONIC_WRITES,normal,netem delay 25ms 25ms,QUORUM,5,cassandra1,cassandra1,5,False,True,
91,5,1,MONOTONIC_WRITES,normal,netem delay 25ms 25ms,QUORUM,6,cassandra2,cassandra2,6,False,True,
91,5,2,MONOTONIC_WRITES,normal,netem delay 25ms 25ms,QUORUM,6,cassandra2,cassandra2,6,False,True,
91,5,3,MONOTONIC_WRITES,normal,netem delay 25ms 25ms,QUORUM,6,cassandra2,cassandra3,6,False,True,
92,1,1,MONOTONIC_WRITES,normal,netem delay 25ms 25ms,QUORUM,2,cassandra1,cassandra2,2,False,True,
92,1,2,MONOTONIC_WRITES,normal,netem delay 25ms 25ms,QUORUM,2,cassandra1,cassandra3,2,False,True,
92,1,3,MONOTONIC_WRITES,normal,netem delay 25ms 25ms,QUORUM,2,cassandra1,cassandra1,2,False,True,
92,2,1,MONOTONIC_WRITES,normal,netem delay 25ms 25ms,QUORUM,3,cassandra3,cassandra3,3,False,True,
92,2,2,MONOTONIC_WRITES,normal,netem delay 25ms 25ms,QUORUM,3,cassandra3,cassandra1,3,False,True,
92,2,3,MONOTONIC_WRITES,normal,netem delay 25ms 25ms,QUORUM,3,cassandra3,cassandra1,3,False,True,
92,3,1,MONOTONIC_WRITES,normal,netem delay 25ms 25ms,QUORUM,4,cassandra3,cassandra1,4,False,True,
92,3,2,MONOTONIC_WRITES,normal,netem delay 25ms 25ms,QUORUM,4,cassandra3,cassandra2,4,False,True,
92,3,3,MONOTONIC_WRITES,normal,netem delay 25ms 25ms,QUORUM,4,cassandra3,cassandra1,4,False,True,
92,4,1,MONOTONIC_WRITES,normal,netem delay 25ms 25ms,QUORUM,5,cassandra2,cassandra3,5,False,True,
92,4,2,MONOTONIC_WRITES,normal,netem delay 25ms 25ms,QUORUM,5,cassandra2,cassandra3,5,False,True,
92,4,3,MONOTONIC_WRITES,normal,netem delay 25ms 25ms,QUORUM,5,cassandra2,cassandra3,5,False,True,
92,5,1,MONOTONIC_WRITES,normal,netem delay 25ms 25ms,QUORUM,6,cassandra3,cassandra2,6,False,True,
92,5,2,MONOTONIC_WRITES,normal,netem delay 25ms 25ms,QUORUM,6,cassandra3,cassandra1,6,False,True,
92,5,3,MONOTONIC_WRITES,normal,netem delay 25ms 25ms,QUORUM,6,cassandra3,cassandra1,6,False,True,
93,1,1,MONOTONIC_WRITES,normal,netem delay 25ms 25ms,QUORUM,2,cassandra2,cassandra3,2,False,True,
93,1,2,MONOTONIC_WRITES,normal,netem delay 25ms 25ms,QUORUM,2,cassandra2,cassandra1,2,False,True,
93,1,3,MONOTONIC_WRITES,normal,netem delay 25ms 25ms,QUORUM,2,cassandra2,cassandra3,2,False,True,
93,2,1,MONOTONIC_WRITES,normal,netem delay 25ms 25ms,QUORUM,3,cassandra3,cassandra3,3,False,True,
93,2,2,MONOTONIC_WRITES,normal,netem delay 25ms 25ms,QUORUM,3,cassandra3,cassandra3,3,False,True,
93,2,3,MONOTONIC_WRITES,normal,netem delay 25ms 25ms,QUORUM,3,cassandra3,cassandra1,3,False,True,
93,3,1,MONOTONIC_WRITES,normal,netem delay 25ms 25ms,QUORUM,4,cassandra3,cassandra3,4,False,True,
93,3,2,MONOTONIC_WRITES,normal,netem delay 25ms 25ms,QUORUM,4,cassandra3,cassandra2,4,False,True,
93,3,3,MONOTONIC_WRITES,normal,netem delay 25ms 25ms,QUORUM,4,cassandra3,cassandra2,4,False,True,
93,4,1,MONOTONIC_WRITES,normal,netem delay 25ms 25ms,QUORUM,5,cassandra1,cassandra1,5,False,True,
93,4,2,MONOTONIC_WRITES,normal,netem delay 25ms 25ms,QUORUM,5,cassandra1,cassandra3,5,False,True,
93,4,3,MONOTONIC_WRITES,normal,netem delay 25ms 25ms,QUORUM,5,cassandra1,cassandra3,5,False,True,
93,5,1,MONOTONIC_WRITES,normal,netem delay 25ms 25ms,QUORUM,6,cassandra2,cassandra1,6,False,True,
93,5,2,MONOTONIC_WRITES,normal,netem delay 25ms 25ms,QUORUM,6,cassandra2,cassandra1,6,False,True,
93,5,3,MONOTONIC_WRITES,normal,netem delay 25ms 25ms,QUORUM,6,cassandra2,cassandra2,6,False,True,
94,1,1,MONOTONIC_WRITES,normal,netem delay 25ms 25ms,QUORUM,2,cassandra3,cassandra1,2,False,True,
94,1,2,MONOTONIC_WRITES,normal,netem delay 25ms 25ms,QUORUM,2,cassandra3,cassandra2,2,False,True,
94,1,3,MONOTONIC_WRITES,normal,netem delay 25ms 25ms,QUORUM,2,cassandra3,cassandra1,2,False,True,
94,2,1,MONOTONIC_WRITES,normal,netem delay 25ms 25ms,QUORUM,3,cassandra1,cassandra1,3,False,True,
94,2,2,MONOTONIC_WRITES,normal,netem delay 25ms 25ms,QUORUM,3,cassandra1,cassandra3,3,False,True,
94,2,3,MONOTONIC_WRITES,normal,netem delay 25ms 25ms,QUORUM,3,cassandra1,cassandra1,3,False,True,
94,3,1,MONOTONIC_WRITES,normal,netem delay 25ms 25ms,QUORUM,4,cassandra2,cassandra3,4,False,True,
94,3,2,MONOTONIC_WRITES,normal,netem delay 25ms 25ms,QUORUM,4,cassandra2,cassandra1,4,False,True,
94,3,3,MONOTONIC_WRITES,normal,netem delay 25ms 25ms,QUORUM,4,cassandra2,cassandra3,4,False,True,
94,4,1,MONOTONIC_WRITES,normal,netem delay 25ms 25ms,QUORUM,5,cassandra2,cassandra1,5,False,True,
94,4,2,MONOTONIC_WRITES,normal,netem delay 25ms 25ms,QUORUM,5,cassandra2,cassandra3,5,False,True,
94,4,3,MONOTONIC_WRITES,normal,netem delay 25ms 25ms,QUORUM,5,cassandra2,cassandra2,5,False,True,
94,5,1,MONOTONIC_WRITES,normal,netem delay 25ms 25ms,QUORUM,6,cassandra3,cassandra2,6,False,True,
94,5,2,MONOTONIC_WRITES,normal,netem delay 25ms 25ms,QUORUM,6,cassandra3,cassandra3,6,False,True,
94,5,3,MONOTONIC_WRITES,normal,netem delay 25ms 25ms,QUORUM,6,cassandra3,cassandra3,6,False,True,
95,1,1,MONOTONIC_WRITES,normal,netem delay 25ms 25ms,QUORUM,2,cassandra1,cassandra2,2,False,True,
95,1,2,MONOTONIC_WRITES,normal,netem delay 25ms 25ms,QUORUM,2,cassandra1,cassandra2,2,False,True,
95,1,3,MONOTONIC_WRITES,normal,netem delay 25ms 25ms,QUORUM,2,cassandra1,cassandra2,2,False,True,
95,2,1,MONOTONIC_WRITES,normal,netem delay 25ms 25ms,QUORUM,3,cassandra3,cassandra3,3,False,True,
95,2,2,MONOTONIC_WRITES,normal,netem delay 25ms 25ms,QUORUM,3,cassandra3,cassandra2,3,False,True,
95,2,3,MONOTONIC_WRITES,normal,netem delay 25ms 25ms,QUORUM,3,cassandra3,cassandra1,3,False,True,
95,3,1,MONOTONIC_WRITES,normal,netem delay 25ms 25ms,QUORUM,4,cassandra2,cassandra3,4,False,True,
95,3,2,MONOTONIC_WRITES,normal,netem delay 25ms 25ms,QUORUM,4,cassandra2,cassandra3,4,False,True,
95,3,3,MONOTONIC_WRITES,normal,netem delay 25ms 25ms,QUORUM,4,cassandra2,cassandra1,4,False,True,
95,4,1,MONOTONIC_WRITES,normal,netem delay 25ms 25ms,QUORUM,5,cassandra2,cassandra2,5,False,True,
95,4,2,MONOTONIC_WRITES,normal,netem delay 25ms 25ms,QUORUM,5,cassandra2,cassandra1,5,False,True,
95,4,3,MONOTONIC_WRITES,normal,netem delay 25ms 25ms,QUORUM,5,cassandra2,cassandra2,5,False,True,
95,5,1,MONOTONIC_WRITES,normal,netem delay 25ms 25ms,QUORUM,6,cassandra3,cassandra1,6,False,True,
95,5,2,MONOTONIC_WRITES,normal,netem delay 25ms 25ms,QUORUM,6,cassandra3,cassandra2,6,False,True,
95,5,3,MONOTONIC_WRITES,normal,netem delay 25ms 25ms,QUORUM,6,cassandra3,cassandra1,6,False,True,
96,1,1,MONOTONIC_WRITES,normal,netem delay 25ms 25ms,QUORUM,2,cassandra3,cassandra1,2,False,True,
96,1,2,MONOTONIC_WRITES,normal,netem delay 25ms 25ms,QUORUM,2,cassandra3,cassandra2,2,False,True,
96,1,3,MONOTONIC_WRITES,normal,netem delay 25ms 25ms,QUORUM,2,cassandra3,cassandra2,2,False,True,
96,2,1,MONOTONIC_WRITES,normal,netem delay 25ms 25ms,QUORUM,3,cassandra2,cassandra1,3,False,True,
96,2,2,MONOTONIC_WRITES,normal,netem delay 25ms 25ms,QUORUM,3,cassandra2,cassandra3,3,False,True,
96,2,3,MONOTONIC_WRITES,normal,netem delay 25ms 25ms,QUORUM,3,cassandra2,cassandra2,3,False,True,
96,3,1,MONOTONIC_WRITES,normal,netem delay 25ms 25ms,QUORUM,4,cassandra2,cassandra2,4,False,True,
96,3,2,MONOTONIC_WRITES,normal,netem delay 25ms 25ms,QUORUM,4,cassandra2,cassandra3,4,False,True,
96,3,3,MONOTONIC_WRITES,normal,netem delay 25ms 25ms,QUORUM,4,cassandra2,cassandra1,4,False,True,
96,4,1,MONOTONIC_WRITES,normal,netem delay 25ms 25ms,QUORUM,5,cassandra2,cassandra3,5,False,True,
96,4,2,MONOTONIC_WRITES,normal,netem delay 25ms 25ms,QUORUM,5,cassandra2,cassandra2,5,False,True,
96,4,3,MONOTONIC_WRITES,normal,netem delay 25ms 25ms,QUORUM,5,cassandra2,cassandra1,5,False,True,
96,5,1,MONOTONIC_WRITES,normal,netem delay 25ms 25ms,QUORUM,6,cassandra2,cassandra1,6,False,True,
96,5,2,MONOTONIC_WRITES,normal,netem delay 25ms 25ms,QUORUM,6,cassandra2,cassandra1,6,False,True,
96,5,3,MONOTONIC_WRITES,normal,netem delay 25ms 25ms,QUORUM,6,cassandra2,cassandra1,6,False,True,
97,1,1,MONOTONIC_WRITES,normal,netem delay 25ms 25ms,QUORUM,2,cassandra1,cassandra1,2,False,True,
97,1,2,MONOTONIC_WRITES,normal,netem delay 25ms 25ms,QUORUM,2,cassandra1,cassandra2,2,False,True,
97,1,3,MONOTONIC_WRITES,normal,netem delay 25ms 25ms,QUORUM,2,cassandra1,cassandra1,2,False,True,
97,2,1,MONOTONIC_WRITES,normal,netem delay 25ms 25ms,QUORUM,3,cassandra2,cassandra2,3,False,True,
97,2,2,MONOTONIC_WRITES,normal,netem delay 25ms 25ms,QUORUM,3,cassandra2,cassandra2,3,False,True,
97,2,3,MONOTONIC_WRITES,normal,netem delay 25ms 25ms,QUORUM,3,cassandra2,cassandra1,3,False,True,
97,3,1,MONOTONIC_WRITES,normal,netem delay 25ms 25ms,QUORUM,4,cassandra2,cassandra1,4,False,True,
97,3,2,MONOTONIC_WRITES,normal,netem delay 25ms 25ms,QUORUM,4,cassandra2,cassandra3,4,False,True,
97,3,3,MONOTONIC_WRITES,normal,netem delay 25ms 25ms,QUORUM,4,cassandra2,cassandra3,4,False,True,
97,4,1,MONOTONIC_WRITES,normal,netem delay 25ms 25ms,QUORUM,5,cassandra2,cassandra2,5,False,True,
97,4,2,MONOTONIC_WRITES,normal,netem delay 25ms 25ms,QUORUM,5,cassandra2,cassandra2,5,False,True,
97,4,3,MONOTONIC_WRITES,normal,netem delay 25ms 25ms,QUORUM,5,cassandra2,cassandra1,5,False,True,
97,5,1,MONOTONIC_WRITES,normal,netem delay 25ms 25ms,QUORUM,6,cassandra3,cassandra2,6,False,True,
97,5,2,MONOTONIC_WRITES,normal,netem delay 25ms 25ms,QUORUM,6,cassandra3,cassandra3,6,False,True,
97,5,3,MONOTONIC_WRITES,normal,netem delay 25ms 25ms,QUORUM,6,cassandra3,cassandra3,6,False,True,
98,1,1,MONOTONIC_WRITES,normal,netem delay 25ms 25ms,QUORUM,2,cassandra3,cassandra2,2,False,True,
98,1,2,MONOTONIC_WRITES,normal,netem delay 25ms 25ms,QUORUM,2,cassandra3,cassandra1,2,False,True,
98,1,3,MONOTONIC_WRITES,normal,netem delay 25ms 25ms,QUORUM,2,cassandra3,cassandra1,2,False,True,
98,2,1,MONOTONIC_WRITES,normal,netem delay 25ms 25ms,QUORUM,3,cassandra1,cassandra3,3,False,True,
98,2,2,MONOTONIC_WRITES,normal,netem delay 25ms 25ms,QUORUM,3,cassandra1,cassandra1,3,False,True,
98,2,3,MONOTONIC_WRITES,normal,netem delay 25ms 25ms,QUORUM,3,cassandra1,cassandra3,3,False,True,
98,3,1,MONOTONIC_WRITES,normal,netem delay 25ms 25ms,QUORUM,4,cassandra3,cassandra2,4,False,True,
98,3,2,MONOTONIC_WRITES,normal,netem delay 25ms 25ms,QUORUM,4,cassandra3,cassandra2,4,False,True,
98,3,3,MONOTONIC_WRITES,normal,netem delay 25ms 25ms,QUORUM,4,cassandra3,cassandra2,4,False,True,
98,4,1,MONOTONIC_WRITES,normal,netem delay 25ms 25ms,QUORUM,5,cassandra3,cassandra2,5,False,True,
98,4,2,MONOTONIC_WRITES,normal,netem delay 25ms 25ms,QUORUM,5,cassandra3,cassandra2,5,False,True,
98,4,3,MONOTONIC_WRITES,normal,netem delay 25ms 25ms,QUORUM,5,cassandra3,cassandra1,5,False,True,
98,5,1,MONOTONIC_WRITES,normal,netem delay 25ms 25ms,QUORUM,6,cassandra3,cassandra1,6,False,True,
98,5,2,MONOTONIC_WRITES,normal,netem delay 25ms 25ms,QUORUM,6,cassandra3,cassandra2,6,False,True,
98,5,3,MONOTONIC_WRITES,normal,netem delay 25ms 25ms,QUORUM,6,cassandra3,cassandra2,6,False,True,
99,1,1,MONOTONIC_WRITES,normal,netem delay 25ms 25ms,QUORUM,2,cassandra2,cassandra3,2,False,True,
99,1,2,MONOTONIC_WRITES,normal,netem delay 25ms 25ms,QUORUM,2,cassandra2,cassandra2,2,False,True,
99,1,3,MONOTONIC_WRITES,normal,netem delay 25ms 25ms,QUORUM,2,cassandra2,cassandra1,2,False,True,
99,2,1,MONOTONIC_WRITES,normal,netem delay 25ms 25ms,QUORUM,3,cassandra2,cassandra2,3,False,True,
99,2,2,MONOTONIC_WRITES,normal,netem delay 25ms 25ms,QUORUM,3,cassandra2,cassandra1,3,False,True,
99,2,3,MONOTONIC_WRITES,normal,netem delay 25ms 25ms,QUORUM,3,cassandra2,cassandra3,3,False,True,
99,3,1,MONOTONIC_WRITES,normal,netem delay 25ms 25ms,QUORUM,4,cassandra2,cassandra3,4,False,True,
99,3,2,MONOTONIC_WRITES,normal,netem delay 25ms 25ms,QUORUM,4,cassandra2,cassandra3,4,False,True,
99,3,3,MONOTONIC_WRITES,normal,netem delay 25ms 25ms,QUORUM,4,cassandra2,cassandra2,4,False,True,
99,4,1,MONOTONIC_WRITES,normal,netem delay 25ms 25ms,QUORUM,5,cassandra3,cassandra1,5,False,True,
99,4,2,MONOTONIC_WRITES,normal,netem delay 25ms 25ms,QUORUM,5,cassandra3,cassandra3,5,False,True,
99,4,3,MONOTONIC_WRITES,normal,netem delay 25ms 25ms,QUORUM,5,cassandra3,cassandra2,5,False,True,
99,5,1,MONOTONIC_WRITES,normal,netem delay 25ms 25ms,QUORUM,6,cassandra3,cassandra2,6,False,True,
99,5,2,MONOTONIC_WRITES,normal,netem delay 25ms 25ms,QUORUM,6,cassandra3,cassandra1,6,False,True,
99,5,3,MONOTONIC_WRITES,normal,netem delay 25ms 25ms,QUORUM,6,cassandra3,cassandra1,6,False,True,
100,1,1,MONOTONIC_WRITES,normal,netem delay 25ms 25ms,QUORUM,2,cassandra2,cassandra3,2,False,True,
100,1,2,MONOTONIC_WRITES,normal,netem delay 25ms 25ms,QUORUM,2,cassandra2,cassandra3,2,False,True,
100,1,3,MONOTONIC_WRITES,normal,netem delay 25ms 25ms,QUORUM,2,cassandra2,cassandra2,2,False,True,
100,2,1,MONOTONIC_WRITES,normal,netem delay 25ms 25ms,QUORUM,3,cassandra3,cassandra2,3,False,True,
100,2,2,MONOTONIC_WRITES,normal,netem delay 25ms 25ms,QUORUM,3,cassandra3,cassandra2,3,False,True,
100,2,3,MONOTONIC_WRITES,normal,netem delay 25ms 25ms,QUORUM,3,cassandra3,cassandra2,3,False,True,
100,3,1,MONOTONIC_WRITES,normal,netem delay 25ms 25ms,QUORUM,4,cassandra1,cassandra3,4,False,True,
100,3,2,MONOTONIC_WRITES,normal,netem delay 25ms 25ms,QUORUM,4,cassandra1,cassandra2,4,False,True,
100,3,3,MONOTONIC_WRITES,normal,netem delay 25ms 25ms,QUORUM,4,cassandra1,cassandra1,4,False,True,
100,4,1,MONOTONIC_WRITES,normal,netem delay 25ms 25ms,QUORUM,5,cassandra1,cassandra3,5,False,True,
100,4,2,MONOTONIC_WRITES,normal,netem delay 25ms 25ms,QUORUM,5,cassandra1,cassandra1,5,False,True,
100,4,3,MONOTONIC_WRITES,normal,netem delay 25ms 25ms,QUORUM,5,cassandra1,cassandra2,5,False,True,
100,5,1,MONOTONIC_WRITES,normal,netem delay 25ms 25ms,QUORUM,6,cassandra3,cassandra1,6,False,True,
100,5,2,MONOTONIC_WRITES,normal,netem delay 25ms 25ms,QUORUM,6,cassandra3,cassandra2,6,False,True,
100,5,3,MONOTONIC_WRITES,normal,netem delay 25ms 25ms,QUORUM,6,cassandra3,cassandra2,6,False,True,
101,1,1,MONOTONIC_WRITES,normal,netem delay 25ms 25ms,QUORUM,2,cassandra2,cassandra1,2,False,True,
101,1,2,MONOTONIC_WRITES,normal,netem delay 25ms 25ms,QUORUM,2,cassandra2,cassandra2,2,False,True,
101,1,3,MONOTONIC_WRITES,normal,netem delay 25ms 25ms,QUORUM,2,cassandra2,cassandra3,2,False,True,
101,2,1,MONOTONIC_WRITES,normal,netem delay 25ms 25ms,QUORUM,3,cassandra1,cassandra1,3,False,True,
101,2,2,MONOTONIC_WRITES,normal,netem delay 25ms 25ms,QUORUM,3,cassandra1,cassandra3,3,False,True,
101,2,3,MONOTONIC_WRITES,normal,netem delay 25ms 25ms,QUORUM,3,cassandra1,cassandra2,3,False,True,
101,3,1,MONOTONIC_WRITES,normal,netem delay 25ms 25ms,QUORUM,4,cassandra1,cassandra3,4,False,True,
101,3,2,MONOTONIC_WRITES,normal,netem delay 25ms 25ms,QUORUM,4,cassandra1,cassandra2,4,False,True,
101,3,3,MONOTONIC_WRITES,normal,netem delay 25ms 25ms,QUORUM,4,cassandra1,cassandra3,4,False,True,
101,4,1,MONOTONIC_WRITES,normal,netem delay 25ms 25ms,QUORUM,5,cassandra3,cassandra2,5,False,True,
101,4,2,MONOTONIC_WRITES,normal,netem delay 25ms 25ms,QUORUM,5,cassandra3,cassandra2,5,False,True,
101,4,3,MONOTONIC_WRITES,normal,netem delay 25ms 25ms,QUORUM,5,cassandra3,cassandra3,5,False,True,
101,5,1,MONOTONIC_WRITES,normal,netem delay 25ms 25ms,QUORUM,6,cassandra1,cassandra2,6,False,True,
101,5,2,MONOTONIC_WRITES,normal,netem delay 25ms 25ms,QUORUM,6,cassandra1,cassandra3,6,False,True,
101,5,3,MONOTONIC_WRITES,normal,netem delay 25ms 25ms,QUORUM,6,cassandra1,cassandra2,6,False,True,
102,1,1,MONOTONIC_WRITES,normal,netem delay 25ms 25ms,QUORUM,2,cassandra1,cassandra3,2,False,True,
102,1,2,MONOTONIC_WRITES,normal,netem delay 25ms 25ms,QUORUM,2,cassandra1,cassandra2,2,False,True,
102,1,3,MONOTONIC_WRITES,normal,netem delay 25ms 25ms,QUORUM,2,cassandra1,cassandra2,2,False,True,
102,2,1,MONOTONIC_WRITES,normal,netem delay 25ms 25ms,QUORUM,3,cassandra1,cassandra3,3,False,True,
102,2,2,MONOTONIC_WRITES,normal,netem delay 25ms 25ms,QUORUM,3,cassandra1,cassandra1,3,False,True,
102,2,3,MONOTONIC_WRITES,normal,netem delay 25ms 25ms,QUORUM,3,cassandra1,cassandra1,3,False,True,
102,3,1,MONOTONIC_WRITES,normal,netem delay 25ms 25ms,QUORUM,4,cassandra2,cassandra1,4,False,True,
102,3,2,MONOTONIC_WRITES,normal,netem delay 25ms 25ms,QUORUM,4,cassandra2,cassandra1,4,False,True,
102,3,3,MONOTONIC_WRITES,normal,netem delay 25ms 25ms,QUORUM,4,cassandra2,cassandra2,4,False,True,
102,4,1,MONOTONIC_WRITES,normal,netem delay 25ms 25ms,QUORUM,5,cassandra3,cassandra3,5,False,True,
102,4,2,MONOTONIC_WRITES,normal,netem delay 25ms 25ms,QUORUM,5,cassandra3,cassandra1,5,False,True,
102,4,3,MONOTONIC_WRITES,normal,netem delay 25ms 25ms,QUORUM,5,cassandra3,cassandra3,5,False,True,
102,5,1,MONOTONIC_WRITES,normal,netem delay 25ms 25ms,QUORUM,6,cassandra2,cassandra2,6,False,True,
102,5,2,MONOTONIC_WRITES,normal,netem delay 25ms 25ms,QUORUM,6,cassandra2,cassandra2,6,False,True,
102,5,3,MONOTONIC_WRITES,normal,netem delay 25ms 25ms,QUORUM,6,cassandra2,cassandra3,6,False,True,
103,1,1,MONOTONIC_WRITES,normal,netem delay 25ms 25ms,QUORUM,2,cassandra1,cassandra1,2,False,True,
103,1,2,MONOTONIC_WRITES,normal,netem delay 25ms 25ms,QUORUM,2,cassandra1,cassandra1,2,False,True,
103,1,3,MONOTONIC_WRITES,normal,netem delay 25ms 25ms,QUORUM,2,cassandra1,cassandra2,2,False,True,
103,2,1,MONOTONIC_WRITES,normal,netem delay 25ms 25ms,QUORUM,3,cassandra3,cassandra2,3,False,True,
103,2,2,MONOTONIC_WRITES,normal,netem delay 25ms 25ms,QUORUM,3,cassandra3,cassandra2,3,False,True,
103,2,3,MONOTONIC_WRITES,normal,netem delay 25ms 25ms,QUORUM,3,cassandra3,cassandra3,3,False,True,
103,3,1,MONOTONIC_WRITES,normal,netem delay 25ms 25ms,QUORUM,4,cassandra2,cassandra3,4,False,True,
103,3,2,MONOTONIC_WRITES,normal,netem delay 25ms 25ms,QUORUM,4,cassandra2,cassandra2,4,False,True,
103,3,3,MONOTONIC_WRITES,normal,netem delay 25ms 25ms,QUORUM,4,cassandra2,cassandra2,4,False,True,
103,4,1,MONOTONIC_WRITES,normal,netem delay 25ms 25ms,QUORUM,5,cassandra1,cassandra1,5,False,True,
103,4,2,MONOTONIC_WRITES,normal,netem delay 25ms 25ms,QUORUM,5,cassandra1,cassandra1,5,False,True,
103,4,3,MONOTONIC_WRITES,normal,netem delay 25ms 25ms,QUORUM,5,cassandra1,cassandra2,5,False,True,
103,5,1,MONOTONIC_WRITES,normal,netem delay 25ms 25ms,QUORUM,6,cassandra3,cassandra2,6,False,True,
103,5,2,MONOTONIC_WRITES,normal,netem delay 25ms 25ms,QUORUM,6,cassandra3,cassandra1,6,False,True,
103,5,3,MONOTONIC_WRITES,normal,netem delay 25ms 25ms,QUORUM,6,cassandra3,cassandra3,6,False,True,
104,1,1,MONOTONIC_WRITES,normal,netem delay 25ms 25ms,QUORUM,2,cassandra2,cassandra2,2,False,True,
104,1,2,MONOTONIC_WRITES,normal,netem delay 25ms 25ms,QUORUM,2,cassandra2,cassandra3,2,False,True,
104,1,3,MONOTONIC_WRITES,normal,netem delay 25ms 25ms,QUORUM,2,cassandra2,cassandra3,2,False,True,
104,2,1,MONOTONIC_WRITES,normal,netem delay 25ms 25ms,QUORUM,3,cassandra1,cassandra3,3,False,True,
104,2,2,MONOTONIC_WRITES,normal,netem delay 25ms 25ms,QUORUM,3,cassandra1,cassandra3,3,False,True,
104,2,3,MONOTONIC_WRITES,normal,netem delay 25ms 25ms,QUORUM,3,cassandra1,cassandra3,3,False,True,
104,3,1,MONOTONIC_WRITES,normal,netem delay 25ms 25ms,QUORUM,4,cassandra3,cassandra1,4,False,True,
104,3,2,MONOTONIC_WRITES,normal,netem delay 25ms 25ms,QUORUM,4,cassandra3,cassandra3,4,False,True,
104,3,3,MONOTONIC_WRITES,normal,netem delay 25ms 25ms,QUORUM,4,cassandra3,cassandra3,4,False,True,
104,4,1,MONOTONIC_WRITES,normal,netem delay 25ms 25ms,QUORUM,5,cassandra1,cassandra3,5,False,True,
104,4,2,MONOTONIC_WRITES,normal,netem delay 25ms 25ms,QUORUM,5,cassandra1,cassandra2,5,False,True,
104,4,3,MONOTONIC_WRITES,normal,netem delay 25ms 25ms,QUORUM,5,cassandra1,cassandra2,5,False,True,
104,5,1,MONOTONIC_WRITES,normal,netem delay 25ms 25ms,QUORUM,6,cassandra2,cassandra1,6,False,True,
104,5,2,MONOTONIC_WRITES,normal,netem delay 25ms 25ms,QUORUM,6,cassandra2,cassandra2,6,False,True,
104,5,3,MONOTONIC_WRITES,normal,netem delay 25ms 25ms,QUORUM,6,cassandra2,cassandra2,6,False,True,
105,1,1,MONOTONIC_WRITES,normal,netem delay 25ms 25ms,QUORUM,2,cassandra3,cassandra3,2,False,True,
105,1,2,MONOTONIC_WRITES,normal,netem delay 25ms 25ms,QUORUM,2,cassandra3,cassandra3,2,False,True,
105,1,3,MONOTONIC_WRITES,normal,netem delay 25ms 25ms,QUORUM,2,cassandra3,cassandra3,2,False,True,
105,2,1,MONOTONIC_WRITES,normal,netem delay 25ms 25ms,QUORUM,3,cassandra3,cassandra2,3,False,True,
105,2,2,MONOTONIC_WRITES,normal,netem delay 25ms 25ms,QUORUM,3,cassandra3,cassandra3,3,False,True,
105,2,3,MONOTONIC_WRITES,normal,netem delay 25ms 25ms,QUORUM,3,cassandra3,cassandra1,3,False,True,
105,3,1,MONOTONIC_WRITES,normal,netem delay 25ms 25ms,QUORUM,4,cassandra1,cassandra2,4,False,True,
105,3,2,MONOTONIC_WRITES,normal,netem delay 25ms 25ms,QUORUM,4,cassandra1,cassandra2,4,False,True,
105,3,3,MONOTONIC_WRITES,normal,netem delay 25ms 25ms,QUORUM,4,cassandra1,cassandra3,4,False,True,
105,4,1,MONOTONIC_WRITES,normal,netem delay 25ms 25ms,QUORUM,5,cassandra1,cassandra3,5,False,True,
105,4,2,MONOTONIC_WRITES,normal,netem delay 25ms 25ms,QUORUM,5,cassandra1,cassandra3,5,False,True,
105,4,3,MONOTONIC_WRITES,normal,netem delay 25ms 25ms,QUORUM,5,cassandra1,cassandra2,5,False,True,
105,5,1,MONOTONIC_WRITES,normal,netem delay 25ms 25ms,QUORUM,6,cassandra1,cassandra1,6,False,True,
105,5,2,MONOTONIC_WRITES,normal,netem delay 25ms 25ms,QUORUM,6,cassandra1,cassandra3,6,False,True,
105,5,3,MONOTONIC_WRITES,normal,netem delay 25ms 25ms,QUORUM,6,cassandra1,cassandra3,6,False,True,
106,1,1,MONOTONIC_WRITES,normal,netem delay 25ms 25ms,QUORUM,2,cassandra2,cassandra1,2,False,True,
106,1,2,MONOTONIC_WRITES,normal,netem delay 25ms 25ms,QUORUM,2,cassandra2,cassandra2,2,False,True,
106,1,3,MONOTONIC_WRITES,normal,netem delay 25ms 25ms,QUORUM,2,cassandra2,cassandra3,2,False,True,
106,2,1,MONOTONIC_WRITES,normal,netem delay 25ms 25ms,QUORUM,3,cassandra2,cassandra2,3,False,True,
106,2,2,MONOTONIC_WRITES,normal,netem delay 25ms 25ms,QUORUM,3,cassandra2,cassandra3,3,False,True,
106,2,3,MONOTONIC_WRITES,normal,netem delay 25ms 25ms,QUORUM,3,cassandra2,cassandra2,3,False,True,
106,3,1,MONOTONIC_WRITES,normal,netem delay 25ms 25ms,QUORUM,4,cassandra1,cassandra2,4,False,True,
106,3,2,MONOTONIC_WRITES,normal,netem delay 25ms 25ms,QUORUM,4,cassandra1,cassandra3,4,False,True,
106,3,3,MONOTONIC_WRITES,normal,netem delay 25ms 25ms,QUORUM,4,cassandra1,cassandra1,4,False,True,
106,4,1,MONOTONIC_WRITES,normal,netem delay 25ms 25ms,QUORUM,5,cassandra3,cassandra3,5,False,True,
106,4,2,MONOTONIC_WRITES,normal,netem delay 25ms 25ms,QUORUM,5,cassandra3,cassandra2,5,False,True,
106,4,3,MONOTONIC_WRITES,normal,netem delay 25ms 25ms,QUORUM,5,cassandra3,cassandra3,5,False,True,
106,5,1,MONOTONIC_WRITES,normal,netem delay 25ms 25ms,QUORUM,6,cassandra1,cassandra2,6,False,True,
106,5,2,MONOTONIC_WRITES,normal,netem delay 25ms 25ms,QUORUM,6,cassandra1,cassandra3,6,False,True,
106,5,3,MONOTONIC_WRITES,normal,netem delay 25ms 25ms,QUORUM,6,cassandra1,cassandra2,6,False,True,
107,1,1,MONOTONIC_WRITES,normal,netem delay 25ms 25ms,QUORUM,2,cassandra2,cassandra3,2,False,True,
107,1,2,MONOTONIC_WRITES,normal,netem delay 25ms 25ms,QUORUM,2,cassandra2,cassandra3,2,False,True,
107,1,3,MONOTONIC_WRITES,normal,netem delay 25ms 25ms,QUORUM,2,cassandra2,cassandra1,2,False,True,
107,2,1,MONOTONIC_WRITES,normal,netem delay 25ms 25ms,QUORUM,3,cassandra1,cassandra3,3,False,True,
107,2,2,MONOTONIC_WRITES,normal,netem delay 25ms 25ms,QUORUM,3,cassandra1,cassandra3,3,False,True,
107,2,3,MONOTONIC_WRITES,normal,netem delay 25ms 25ms,QUORUM,3,cassandra1,cassandra3,3,False,True,
107,3,1,MONOTONIC_WRITES,normal,netem delay 25ms 25ms,QUORUM,4,cassandra3,cassandra2,4,False,True,
107,3,2,MONOTONIC_WRITES,normal,netem delay 25ms 25ms,QUORUM,4,cassandra3,cassandra1,4,False,True,
107,3,3,MONOTONIC_WRITES,normal,netem delay 25ms 25ms,QUORUM,4,cassandra3,cassandra2,4,False,True,
107,4,1,MONOTONIC_WRITES,normal,netem delay 25ms 25ms,QUORUM,5,cassandra1,cassandra1,5,False,True,
107,4,2,MONOTONIC_WRITES,normal,netem delay 25ms 25ms,QUORUM,5,cassandra1,cassandra3,5,False,True,
107,4,3,MONOTONIC_WRITES,normal,netem delay 25ms 25ms,QUORUM,5,cassandra1,cassandra2,5,False,True,
107,5,1,MONOTONIC_WRITES,normal,netem delay 25ms 25ms,QUORUM,6,cassandra1,cassandra3,6,False,True,
107,5,2,MONOTONIC_WRITES,normal,netem delay 25ms 25ms,QUORUM,6,cassandra1,cassandra2,6,False,True,
107,5,3,MONOTONIC_WRITES,normal,netem delay 25ms 25ms,QUORUM,6,cassandra1,cassandra2,6,False,True,
108,1,1,MONOTONIC_WRITES,normal,netem delay 25ms 25ms,QUORUM,2,cassandra3,cassandra3,2,False,True,
108,1,2,MONOTONIC_WRITES,normal,netem delay 25ms 25ms,QUORUM,2,cassandra3,cassandra1,2,False,True,
108,1,3,MONOTONIC_WRITES,normal,netem delay 25ms 25ms,QUORUM,2,cassandra3,cassandra3,2,False,True,
108,2,1,MONOTONIC_WRITES,normal,netem delay 25ms 25ms,QUORUM,3,cassandra2,cassandra3,3,False,True,
108,2,2,MONOTONIC_WRITES,normal,netem delay 25ms 25ms,QUORUM,3,cassandra2,cassandra2,3,False,True,
108,2,3,MONOTONIC_WRITES,normal,netem delay 25ms 25ms,QUORUM,3,cassandra2,cassandra2,3,False,True,
108,3,1,MONOTONIC_WRITES,normal,netem delay 25ms 25ms,QUORUM,4,cassandra2,cassandra3,4,False,True,
108,3,2,MONOTONIC_WRITES,normal,netem delay 25ms 25ms,QUORUM,4,cassandra2,cassandra1,4,False,True,
108,3,3,MONOTONIC_WRITES,normal,netem delay 25ms 25ms,QUORUM,4,cassandra2,cassandra2,4,False,True,
108,4,1,MONOTONIC_WRITES,normal,netem delay 25ms 25ms,QUORUM,5,cassandra3,cassandra1,5,False,True,
108,4,2,MONOTONIC_WRITES,normal,netem delay 25ms 25ms,QUORUM,5,cassandra3,cassandra1,5,False,True,
108,4,3,MONOTONIC_WRITES,normal,netem delay 25ms 25ms,QUORUM,5,cassandra3,cassandra2,5,False,True,
108,5,1,MONOTONIC_WRITES,normal,netem delay 25ms 25ms,QUORUM,6,cassandra2,cassandra3,6,False,True,
108,5,2,MONOTONIC_WRITES,normal,netem delay 25ms 25ms,QUORUM,6,cassandra2,cassandra1,6,False,True,
108,5,3,MONOTONIC_WRITES,normal,netem delay 25ms 25ms,QUORUM,6,cassandra2,cassandra1,6,False,True,
109,1,1,MONOTONIC_WRITES,normal,netem delay 25ms 25ms,QUORUM,2,cassandra1,cassandra1,2,False,True,
109,1,2,MONOTONIC_WRITES,normal,netem delay 25ms 25ms,QUORUM,2,cassandra1,cassandra2,2,False,True,
109,1,3,MONOTONIC_WRITES,normal,netem delay 25ms 25ms,QUORUM,2,cassandra1,cassandra1,2,False,True,
109,2,1,MONOTONIC_WRITES,normal,netem delay 25ms 25ms,QUORUM,3,cassandra3,cassandra1,3,False,True,
109,2,2,MONOTONIC_WRITES,normal,netem delay 25ms 25ms,QUORUM,3,cassandra3,cassandra3,3,False,True,
109,2,3,MONOTONIC_WRITES,normal,netem delay 25ms 25ms,QUORUM,3,cassandra3,cassandra2,3,False,True,
109,3,1,MONOTONIC_WRITES,normal,netem delay 25ms 25ms,QUORUM,4,cassandra2,cassandra3,4,False,True,
109,3,2,MONOTONIC_WRITES,normal,netem delay 25ms 25ms,QUORUM,4,cassandra2,cassandra3,4,False,True,
109,3,3,MONOTONIC_WRITES,normal,netem delay 25ms 25ms,QUORUM,4,cassandra2,cassandra1,4,False,True,
109,4,1,MONOTONIC_WRITES,normal,netem delay 25ms 25ms,QUORUM,5,cassandra1,cassandra1,5,False,True,
109,4,2,MONOTONIC_WRITES,normal,netem delay 25ms 25ms,QUORUM,5,cassandra1,cassandra1,5,False,True,
109,4,3,MONOTONIC_WRITES,normal,netem delay 25ms 25ms,QUORUM,5,cassandra1,cassandra2,5,False,True,
109,5,1,MONOTONIC_WRITES,normal,netem delay 25ms 25ms,QUORUM,6,cassandra3,cassandra3,6,False,True,
109,5,2,MONOTONIC_WRITES,normal,netem delay 25ms 25ms,QUORUM,6,cassandra3,cassandra3,6,False,True,
109,5,3,MONOTONIC_WRITES,normal,netem delay 25ms 25ms,QUORUM,6,cassandra3,cassandra3,6,False,True,
110,1,1,MONOTONIC_WRITES,normal,netem delay 25ms 25ms,QUORUM,2,cassandra2,cassandra1,2,False,True,
110,1,2,MONOTONIC_WRITES,normal,netem delay 25ms 25ms,QUORUM,2,cassandra2,cassandra2,2,False,True,
110,1,3,MONOTONIC_WRITES,normal,netem delay 25ms 25ms,QUORUM,2,cassandra2,cassandra3,2,False,True,
110,2,1,MONOTONIC_WRITES,normal,netem delay 25ms 25ms,QUORUM,3,cassandra1,cassandra1,3,False,True,
110,2,2,MONOTONIC_WRITES,normal,netem delay 25ms 25ms,QUORUM,3,cassandra1,cassandra3,3,False,True,
110,2,3,MONOTONIC_WRITES,normal,netem delay 25ms 25ms,QUORUM,3,cassandra1,cassandra3,3,False,True,
110,3,1,MONOTONIC_WRITES,normal,netem delay 25ms 25ms,QUORUM,4,cassandra1,cassandra3,4,False,True,
110,3,2,MONOTONIC_WRITES,normal,netem delay 25ms 25ms,QUORUM,4,cassandra1,cassandra2,4,False,True,
110,3,3,MONOTONIC_WRITES,normal,netem delay 25ms 25ms,QUORUM,4,cassandra1,cassandra3,4,False,True,
110,4,1,MONOTONIC_WRITES,normal,netem delay 25ms 25ms,QUORUM,5,cassandra2,cassandra3,5,False,True,
110,4,2,MONOTONIC_WRITES,normal,netem delay 25ms 25ms,QUORUM,5,cassandra2,cassandra3,5,False,True,
110,4,3,MONOTONIC_WRITES,normal,netem delay 25ms 25ms,QUORUM,5,cassandra2,cassandra3,5,False,True,
110,5,1,MONOTONIC_WRITES,normal,netem delay 25ms 25ms,QUORUM,6,cassandra1,cassandra1,6,False,True,
110,5,2,MONOTONIC_WRITES,normal,netem delay 25ms 25ms,QUORUM,6,cassandra1,cassandra1,6,False,True,
110,5,3,MONOTONIC_WRITES,normal,netem delay 25ms 25ms,QUORUM,6,cassandra1,cassandra3,6,False,True,
111,1,1,MONOTONIC_WRITES,normal,netem delay 25ms 25ms,QUORUM,2,cassandra1,cassandra1,2,False,True,
111,1,2,MONOTONIC_WRITES,normal,netem delay 25ms 25ms,QUORUM,2,cassandra1,cassandra1,2,False,True,
111,1,3,MONOTONIC_WRITES,normal,netem delay 25ms 25ms,QUORUM,2,cassandra1,cassandra3,2,False,True,
111,2,1,MONOTONIC_WRITES,normal,netem delay 25ms 25ms,QUORUM,3,cassandra1,cassandra2,3,False,True,
111,2,2,MONOTONIC_WRITES,normal,netem delay 25ms 25ms,QUORUM,3,cassandra1,cassandra3,3,False,True,
111,2,3,MONOTONIC_WRITES,normal,netem delay 25ms 25ms,QUORUM,3,cassandra1,cassandra3,3,False,True,
111,3,1,MONOTONIC_WRITES,normal,netem delay 25ms 25ms,QUORUM,4,cassandra1,cassandra3,4,False,True,
111,3,2,MONOTONIC_WRITES,normal,netem delay 25ms 25ms,QUORUM,4,cassandra1,cassandra3,4,False,True,
111,3,3,MONOTONIC_WRITES,normal,netem delay 25ms 25ms,QUORUM,4,cassandra1,cassandra1,4,False,True,
111,4,1,MONOTONIC_WRITES,normal,netem delay 25ms 25ms,QUORUM,5,cassandra2,cassandra2,5,False,True,
111,4,2,MONOTONIC_WRITES,normal,netem delay 25ms 25ms,QUORUM,5,cassandra2,cassandra3,5,False,True,
111,4,3,MONOTONIC_WRITES,normal,netem delay 25ms 25ms,QUORUM,5,cassandra2,cassandra3,5,False,True,
111,5,1,MONOTONIC_WRITES,normal,netem delay 25ms 25ms,QUORUM,6,cassandra1,cassandra3,6,False,True,
111,5,2,MONOTONIC_WRITES,normal,netem delay 25ms 25ms,QUORUM,6,cassandra1,cassandra2,6,False,True,
111,5,3,MONOTONIC_WRITES,normal,netem delay 25ms 25ms,QUORUM,6,cassandra1,cassandra3,6,False,True,
112,1,1,MONOTONIC_WRITES,normal,netem delay 25ms 25ms,QUORUM,2,cassandra2,cassandra3,2,False,True,
112,1,2,MONOTONIC_WRITES,normal,netem delay 25ms 25ms,QUORUM,2,cassandra2,cassandra1,2,False,True,
112,1,3,MONOTONIC_WRITES,normal,netem delay 25ms 25ms,QUORUM,2,cassandra2,cassandra1,2,False,True,
112,2,1,MONOTONIC_WRITES,normal,netem delay 25ms 25ms,QUORUM,3,cassandra2,cassandra1,3,False,True,
112,2,2,MONOTONIC_WRITES,normal,netem delay 25ms 25ms,QUORUM,3,cassandra2,cassandra3,3,False,True,
112,2,3,MONOTONIC_WRITES,normal,netem delay 25ms 25ms,QUORUM,3,cassandra2,cassandra2,3,False,True,
112,3,1,MONOTONIC_WRITES,normal,netem delay 25ms 25ms,QUORUM,4,cassandra1,cassandra2,4,False,True,
112,3,2,MONOTONIC_WRITES,normal,netem delay 25ms 25ms,QUORUM,4,cassandra1,cassandra2,4,False,True,
112,3,3,MONOTONIC_WRITES,normal,netem delay 25ms 25ms,QUORUM,4,cassandra1,cassandra1,4,False,True,
112,4,1,MONOTONIC_WRITES,normal,netem delay 25ms 25ms,QUORUM,5,cassandra2,cassandra3,5,False,True,
112,4,2,MONOTONIC_WRITES,normal,netem delay 25ms 25ms,QUORUM,5,cassandra2,cassandra3,5,False,True,
112,4,3,MONOTONIC_WRITES,normal,netem delay 25ms 25ms,QUORUM,5,cassandra2,cassandra3,5,False,True,
112,5,1,MONOTONIC_WRITES,normal,netem delay 25ms 25ms,QUORUM,6,cassandra1,cassandra3,6,False,True,
112,5,2,MONOTONIC_WRITES,normal,netem delay 25ms 25ms,QUORUM,6,cassandra1,cassandra3,6,False,True,
112,5,3,MONOTONIC_WRITES,normal,netem delay 25ms 25ms,QUORUM,6,cassandra1,cassandra2,6,False,True,
113,1,1,MONOTONIC_WRITES,normal,netem delay 25ms 25ms,QUORUM,2,cassandra2,cassandra1,2,False,True,
113,1,2,MONOTONIC_WRITES,normal,netem delay 25ms 25ms,QUORUM,2,cassandra2,cassandra2,2,False,True,
113,1,3,MONOTONIC_WRITES,normal,netem delay 25ms 25ms,QUORUM,2,cassandra2,cassandra3,2,False,True,
113,2,1,MONOTONIC_WRITES,normal,netem delay 25ms 25ms,QUORUM,3,cassandra3,cassandra1,3,False,True,
113,2,2,MONOTONIC_WRITES,normal,netem delay 25ms 25ms,QUORUM,3,cassandra3,cassandra2,3,False,True,
113,2,3,MONOTONIC_WRITES,normal,netem delay 25ms 25ms,QUORUM,3,cassandra3,cassandra1,3,False,True,
113,3,1,MONOTONIC_WRITES,normal,netem delay 25ms 25ms,QUORUM,4,cassandra1,cassandra3,4,False,True,
113,3,2,MONOTONIC_WRITES,normal,netem delay 25ms 25ms,QUORUM,4,cassandra1,cassandra1,4,False,True,
113,3,3,MONOTONIC_WRITES,normal,netem delay 25ms 25ms,QUORUM,4,cassandra1,cassandra3,4,False,True,
113,4,1,MONOTONIC_WRITES,normal,netem delay 25ms 25ms,QUORUM,5,cassandra3,cassandra3,5,False,True,
113,4,2,MONOTONIC_WRITES,normal,netem delay 25ms 25ms,QUORUM,5,cassandra3,cassandra2,5,False,True,
113,4,3,MONOTONIC_WRITES,normal,netem delay 25ms 25ms,QUORUM,5,cassandra3,cassandra2,5,False,True,
113,5,1,MONOTONIC_WRITES,normal,netem delay 25ms 25ms,QUORUM,6,cassandra2,cassandra1,6,False,True,
113,5,2,MONOTONIC_WRITES,normal,netem delay 25ms 25ms,QUORUM,6,cassandra2,cassandra1,6,False,True,
113,5,3,MONOTONIC_WRITES,normal,netem delay 25ms 25ms,QUORUM,6,cassandra2,cassandra3,6,False,True,
114,1,1,MONOTONIC_WRITES,normal,netem delay 25ms 25ms,QUORUM,2,cassandra2,cassandra2,2,False,True,
114,1,2,MONOTONIC_WRITES,normal,netem delay 25ms 25ms,QUORUM,2,cassandra2,cassandra2,2,False,True,
114,1,3,MONOTONIC_WRITES,normal,netem delay 25ms 25ms,QUORUM,2,cassandra2,cassandra2,2,False,True,
114,2,1,MONOTONIC_WRITES,normal,netem delay 25ms 25ms,QUORUM,3,cassandra1,cassandra3,3,False,True,
114,2,2,MONOTONIC_WRITES,normal,netem delay 25ms 25ms,QUORUM,3,cassandra1,cassandra2,3,False,True,
114,2,3,MONOTONIC_WRITES,normal,netem delay 25ms 25ms,QUORUM,3,cassandra1,cassandra3,3,False,True,
114,3,1,MONOTONIC_WRITES,normal,netem delay 25ms 25ms,QUORUM,4,cassandra2,cassandra3,4,False,True,
114,3,2,MONOTONIC_WRITES,normal,netem delay 25ms 25ms,QUORUM,4,cassandra2,cassandra3,4,False,True,
114,3,3,MONOTONIC_WRITES,normal,netem delay 25ms 25ms,QUORUM,4,cassandra2,cassandra2,4,False,True,
114,4,1,MONOTONIC_WRITES,normal,netem delay 25ms 25ms,QUORUM,5,cassandra1,cassandra1,5,False,True,
114,4,2,MONOTONIC_WRITES,normal,netem delay 25ms 25ms,QUORUM,5,cassandra1,cassandra3,5,False,True,
114,4,3,MONOTONIC_WRITES,normal,netem delay 25ms 25ms,QUORUM,5,cassandra1,cassandra1,5,False,True,
114,5,1,MONOTONIC_WRITES,normal,netem delay 25ms 25ms,QUORUM,6,cassandra1,cassandra1,6,False,True,
114,5,2,MONOTONIC_WRITES,normal,netem delay 25ms 25ms,QUORUM,6,cassandra1,cassandra1,6,False,True,
114,5,3,MONOTONIC_WRITES,normal,netem delay 25ms 25ms,QUORUM,6,cassandra1,cassandra3,6,False,True,
115,1,1,MONOTONIC_WRITES,normal,netem delay 25ms 25ms,QUORUM,2,cassandra1,cassandra1,2,False,True,
115,1,2,MONOTONIC_WRITES,normal,netem delay 25ms 25ms,QUORUM,2,cassandra1,cassandra1,2,False,True,
115,1,3,MONOTONIC_WRITES,normal,netem delay 25ms 25ms,QUORUM,2,cassandra1,cassandra3,2,False,True,
115,2,1,MONOTONIC_WRITES,normal,netem delay 25ms 25ms,QUORUM,3,cassandra1,cassandra3,3,False,True,
115,2,2,MONOTONIC_WRITES,normal,netem delay 25ms 25ms,QUORUM,3,cassandra1,cassandra2,3,False,True,
115,2,3,MONOTONIC_WRITES,normal,netem delay 25ms 25ms,QUORUM,3,cassandra1,cassandra2,3,False,True,
115,3,1,MONOTONIC_WRITES,normal,netem delay 25ms 25ms,QUORUM,4,cassandra2,cassandra1,4,False,True,
115,3,2,MONOTONIC_WRITES,normal,netem delay 25ms 25ms,QUORUM,4,cassandra2,cassandra2,4,False,True,
115,3,3,MONOTONIC_WRITES,normal,netem delay 25ms 25ms,QUORUM,4,cassandra2,cassandra2,4,False,True,
115,4,1,MONOTONIC_WRITES,normal,netem delay 25ms 25ms,QUORUM,5,cassandra2,cassandra3,5,False,True,
115,4,2,MONOTONIC_WRITES,normal,netem delay 25ms 25ms,QUORUM,5,cassandra2,cassandra1,5,False,True,
115,4,3,MONOTONIC_WRITES,normal,netem delay 25ms 25ms,QUORUM,5,cassandra2,cassandra3,5,False,True,
115,5,1,MONOTONIC_WRITES,normal,netem delay 25ms 25ms,QUORUM,6,cassandra2,cassandra1,6,False,True,
115,5,2,MONOTONIC_WRITES,normal,netem delay 25ms 25ms,QUORUM,6,cassandra2,cassandra2,6,False,True,
115,5,3,MONOTONIC_WRITES,normal,netem delay 25ms 25ms,QUORUM,6,cassandra2,cassandra2,6,False,True,
116,1,1,MONOTONIC_WRITES,normal,netem delay 25ms 25ms,QUORUM,2,cassandra2,cassandra2,2,False,True,
116,1,2,MONOTONIC_WRITES,normal,netem delay 25ms 25ms,QUORUM,2,cassandra2,cassandra1,2,False,True,
116,1,3,MONOTONIC_WRITES,normal,netem delay 25ms 25ms,QUORUM,2,cassandra2,cassandra1,2,False,True,
116,2,1,MONOTONIC_WRITES,normal,netem delay 25ms 25ms,QUORUM,3,cassandra1,cassandra3,3,False,True,
116,2,2,MONOTONIC_WRITES,normal,netem delay 25ms 25ms,QUORUM,3,cassandra1,cassandra1,3,False,True,
116,2,3,MONOTONIC_WRITES,normal,netem delay 25ms 25ms,QUORUM,3,cassandra1,cassandra3,3,False,True,
116,3,1,MONOTONIC_WRITES,normal,netem delay 25ms 25ms,QUORUM,4,cassandra2,cassandra1,4,False,True,
116,3,2,MONOTONIC_WRITES,normal,netem delay 25ms 25ms,QUORUM,4,cassandra2,cassandra1,4,False,True,
116,3,3,MONOTONIC_WRITES,normal,netem delay 25ms 25ms,QUORUM,4,cassandra2,cassandra2,4,False,True,
116,4,1,MONOTONIC_WRITES,normal,netem delay 25ms 25ms,QUORUM,5,cassandra2,cassandra3,5,False,True,
116,4,2,MONOTONIC_WRITES,normal,netem delay 25ms 25ms,QUORUM,5,cassandra2,cassandra1,5,False,True,
116,4,3,MONOTONIC_WRITES,normal,netem delay 25ms 25ms,QUORUM,5,cassandra2,cassandra2,5,False,True,
116,5,1,MONOTONIC_WRITES,normal,netem delay 25ms 25ms,QUORUM,6,cassandra3,cassandra3,6,False,True,
116,5,2,MONOTONIC_WRITES,normal,netem delay 25ms 25ms,QUORUM,6,cassandra3,cassandra3,6,False,True,
116,5,3,MONOTONIC_WRITES,normal,netem delay 25ms 25ms,QUORUM,6,cassandra3,cassandra3,6,False,True,
117,1,1,MONOTONIC_WRITES,normal,netem delay 25ms 25ms,QUORUM,2,cassandra1,cassandra2,2,False,True,
117,1,2,MONOTONIC_WRITES,normal,netem delay 25ms 25ms,QUORUM,2,cassandra1,cassandra2,2,False,True,
117,1,3,MONOTONIC_WRITES,normal,netem delay 25ms 25ms,QUORUM,2,cassandra1,cassandra3,2,False,True,
117,2,1,MONOTONIC_WRITES,normal,netem delay 25ms 25ms,QUORUM,3,cassandra3,cassandra3,3,False,True,
117,2,2,MONOTONIC_WRITES,normal,netem delay 25ms 25ms,QUORUM,3,cassandra3,cassandra1,3,False,True,
117,2,3,MONOTONIC_WRITES,normal,netem delay 25ms 25ms,QUORUM,3,cassandra3,cassandra3,3,False,True,
117,3,1,MONOTONIC_WRITES,normal,netem delay 25ms 25ms,QUORUM,4,cassandra1,cassandra3,4,False,True,
117,3,2,MONOTONIC_WRITES,normal,netem delay 25ms 25ms,QUORUM,4,cassandra1,cassandra1,4,False,True,
117,3,3,MONOTONIC_WRITES,normal,netem delay 25ms 25ms,QUORUM,4,cassandra1,cassandra3,4,False,True,
117,4,1,MONOTONIC_WRITES,normal,netem delay 25ms 25ms,QUORUM,5,cassandra3,cassandra2,5,False,True,
117,4,2,MONOTONIC_WRITES,normal,netem delay 25ms 25ms,QUORUM,5,cassandra3,cassandra2,5,False,True,
117,4,3,MONOTONIC_WRITES,normal,netem delay 25ms 25ms,QUORUM,5,cassandra3,cassandra1,5,False,True,
117,5,1,MONOTONIC_WRITES,normal,netem delay 25ms 25ms,QUORUM,6,cassandra3,cassandra3,6,False,True,
117,5,2,MONOTONIC_WRITES,normal,netem delay 25ms 25ms,QUORUM,6,cassandra3,cassandra2,6,False,True,
117,5,3,MONOTONIC_WRITES,normal,netem delay 25ms 25ms,QUORUM,6,cassandra3,cassandra3,6,False,True,
118,1,1,MONOTONIC_WRITES,normal,netem delay 25ms 25ms,QUORUM,2,cassandra1,cassandra1,2,False,True,
118,1,2,MONOTONIC_WRITES,normal,netem delay 25ms 25ms,QUORUM,2,cassandra1,cassandra1,2,False,True,
118,1,3,MONOTONIC_WRITES,normal,netem delay 25ms 25ms,QUORUM,2,cassandra1,cassandra3,2,False,True,
118,2,1,MONOTONIC_WRITES,normal,netem delay 25ms 25ms,QUORUM,3,cassandra3,cassandra1,3,False,True,
118,2,2,MONOTONIC_WRITES,normal,netem delay 25ms 25ms,QUORUM,3,cassandra3,cassandra1,3,False,True,
118,2,3,MONOTONIC_WRITES,normal,netem delay 25ms 25ms,QUORUM,3,cassandra3,cassandra2,3,False,True,
118,3,1,MONOTONIC_WRITES,normal,netem delay 25ms 25ms,QUORUM,4,cassandra3,cassandra2,4,False,True,
118,3,2,MONOTONIC_WRITES,normal,netem delay 25ms 25ms,QUORUM,4,cassandra3,cassandra2,4,False,True,
118,3,3,MONOTONIC_WRITES,normal,netem delay 25ms 25ms,QUORUM,4,cassandra3,cassandra1,4,False,True,
118,4,1,MONOTONIC_WRITES,normal,netem delay 25ms 25ms,QUORUM,5,cassandra3,cassandra2,5,False,True,
118,4,2,MONOTONIC_WRITES,normal,netem delay 25ms 25ms,QUORUM,5,cassandra3,cassandra2,5,False,True,
118,4,3,MONOTONIC_WRITES,normal,netem delay 25ms 25ms,QUORUM,5,cassandra3,cassandra2,5,False,True,
118,5,1,MONOTONIC_WRITES,normal,netem delay 25ms 25ms,QUORUM,6,cassandra3,cassandra3,6,False,True,
118,5,2,MONOTONIC_WRITES,normal,netem delay 25ms 25ms,QUORUM,6,cassandra3,cassandra2,6,False,True,
118,5,3,MONOTONIC_WRITES,normal,netem delay 25ms 25ms,QUORUM,6,cassandra3,cassandra1,6,False,True,
119,1,1,MONOTONIC_WRITES,normal,netem delay 25ms 25ms,QUORUM,2,cassandra2,cassandra1,2,False,True,
119,1,2,MONOTONIC_WRITES,normal,netem delay 25ms 25ms,QUORUM,2,cassandra2,cassandra1,2,False,True,
119,1,3,MONOTONIC_WRITES,normal,netem delay 25ms 25ms,QUORUM,2,cassandra2,cassandra1,2,False,True,
119,2,1,MONOTONIC_WRITES,normal,netem delay 25ms 25ms,QUORUM,3,cassandra3,cassandra1,3,False,True,
119,2,2,MONOTONIC_WRITES,normal,netem delay 25ms 25ms,QUORUM,3,cassandra3,cassandra2,3,False,True,
119,2,3,MONOTONIC_WRITES,normal,netem delay 25ms 25ms,QUORUM,3,cassandra3,cassandra3,3,False,True,
119,3,1,MONOTONIC_WRITES,normal,netem delay 25ms 25ms,QUORUM,4,cassandra1,cassandra2,4,False,True,
119,3,2,MONOTONIC_WRITES,normal,netem delay 25ms 25ms,QUORUM,4,cassandra1,cassandra1,4,False,True,
119,3,3,MONOTONIC_WRITES,normal,netem delay 25ms 25ms,QUORUM,4,cassandra1,cassandra3,4,False,True,
119,4,1,MONOTONIC_WRITES,normal,netem delay 25ms 25ms,QUORUM,5,cassandra1,cassandra2,5,False,True,
119,4,2,MONOTONIC_WRITES,normal,netem delay 25ms 25ms,QUORUM,5,cassandra1,cassandra2,5,False,True,
119,4,3,MONOTONIC_WRITES,normal,netem delay 25ms 25ms,QUORUM,5,cassandra1,cassandra1,5,False,True,
119,5,1,MONOTONIC_WRITES,normal,netem delay 25ms 25ms,QUORUM,6,cassandra1,cassandra1,6,False,True,
119,5,2,MONOTONIC_WRITES,normal,netem delay 25ms 25ms,QUORUM,6,cassandra1,cassandra3,6,False,True,
119,5,3,MONOTONIC_WRITES,normal,netem delay 25ms 25ms,QUORUM,6,cassandra1,cassandra1,6,False,True,
120,1,1,MONOTONIC_WRITES,normal,netem delay 25ms 25ms,QUORUM,2,cassandra1,cassandra3,2,False,True,
120,1,2,MONOTONIC_WRITES,normal,netem delay 25ms 25ms,QUORUM,2,cassandra1,cassandra2,2,False,True,
120,1,3,MONOTONIC_WRITES,normal,netem delay 25ms 25ms,QUORUM,2,cassandra1,cassandra1,2,False,True,
120,2,1,MONOTONIC_WRITES,normal,netem delay 25ms 25ms,QUORUM,3,cassandra3,cassandra3,3,False,True,
120,2,2,MONOTONIC_WRITES,normal,netem delay 25ms 25ms,QUORUM,3,cassandra3,cassandra1,3,False,True,
120,2,3,MONOTONIC_WRITES,normal,netem delay 25ms 25ms,QUORUM,3,cassandra3,cassandra1,3,False,True,
120,3,1,MONOTONIC_WRITES,normal,netem delay 25ms 25ms,QUORUM,4,cassandra3,cassandra2,4,False,True,
120,3,2,MONOTONIC_WRITES,normal,netem delay 25ms 25ms,QUORUM,4,cassandra3,cassandra2,4,False,True,
120,3,3,MONOTONIC_WRITES,normal,netem delay 25ms 25ms,QUORUM,4,cassandra3,cassandra2,4,False,True,
120,4,1,MONOTONIC_WRITES,normal,netem delay 25ms 25ms,QUORUM,5,cassandra3,cassandra1,5,False,True,
120,4,2,MONOTONIC_WRITES,normal,netem delay 25ms 25ms,QUORUM,5,cassandra3,cassandra1,5,False,True,
120,4,3,MONOTONIC_WRITES,normal,netem delay 25ms 25ms,QUORUM,5,cassandra3,cassandra3,5,False,True,
120,5,1,MONOTONIC_WRITES,normal,netem delay 25ms 25ms,QUORUM,6,cassandra3,cassandra2,6,False,True,
120,5,2,MONOTONIC_WRITES,normal,netem delay 25ms 25ms,QUORUM,6,cassandra3,cassandra2,6,False,True,
120,5,3,MONOTONIC_WRITES,normal,netem delay 25ms 25ms,QUORUM,6,cassandra3,cassandra3,6,False,True,
121,1,1,MONOTONIC_WRITES,normal,netem delay 25ms 25ms,QUORUM,2,cassandra2,cassandra2,2,False,True,
121,1,2,MONOTONIC_WRITES,normal,netem delay 25ms 25ms,QUORUM,2,cassandra2,cassandra2,2,False,True,
121,1,3,MONOTONIC_WRITES,normal,netem delay 25ms 25ms,QUORUM,2,cassandra2,cassandra3,2,False,True,
121,2,1,MONOTONIC_WRITES,normal,netem delay 25ms 25ms,QUORUM,3,cassandra1,cassandra3,3,False,True,
121,2,2,MONOTONIC_WRITES,normal,netem delay 25ms 25ms,QUORUM,3,cassandra1,cassandra3,3,False,True,
121,2,3,MONOTONIC_WRITES,normal,netem delay 25ms 25ms,QUORUM,3,cassandra1,cassandra1,3,False,True,
121,3,1,MONOTONIC_WRITES,normal,netem delay 25ms 25ms,QUORUM,4,cassandra3,cassandra1,4,False,True,
121,3,2,MONOTONIC_WRITES,normal,netem delay 25ms 25ms,QUORUM,4,cassandra3,cassandra3,4,False,True,
121,3,3,MONOTONIC_WRITES,normal,netem delay 25ms 25ms,QUORUM,4,cassandra3,cassandra2,4,False,True,
121,4,1,MONOTONIC_WRITES,normal,netem delay 25ms 25ms,QUORUM,5,cassandra3,cassandra3,5,False,True,
121,4,2,MONOTONIC_WRITES,normal,netem delay 25ms 25ms,QUORUM,5,cassandra3,cassandra2,5,False,True,
121,4,3,MONOTONIC_WRITES,normal,netem delay 25ms 25ms,QUORUM,5,cassandra3,cassandra1,5,False,True,
121,5,1,MONOTONIC_WRITES,normal,netem delay 25ms 25ms,QUORUM,6,cassandra3,cassandra2,6,False,True,
121,5,2,MONOTONIC_WRITES,normal,netem delay 25ms 25ms,QUORUM,6,cassandra3,cassandra3,6,False,True,
121,5,3,MONOTONIC_WRITES,normal,netem delay 25ms 25ms,QUORUM,6,cassandra3,cassandra3,6,False,True,
122,1,1,MONOTONIC_WRITES,normal,netem delay 25ms 25ms,QUORUM,2,cassandra3,cassandra2,2,False,True,
122,1,2,MONOTONIC_WRITES,normal,netem delay 25ms 25ms,QUORUM,2,cassandra3,cassandra1,2,False,True,
122,1,3,MONOTONIC_WRITES,normal,netem delay 25ms 25ms,QUORUM,2,cassandra3,cassandra1,2,False,True,
122,2,1,MONOTONIC_WRITES,normal,netem delay 25ms 25ms,QUORUM,3,cassandra1,cassandra1,3,False,True,
122,2,2,MONOTONIC_WRITES,normal,netem delay 25ms 25ms,QUORUM,3,cassandra1,cassandra1,3,False,True,
122,2,3,MONOTONIC_WRITES,normal,netem delay 25ms 25ms,QUORUM,3,cassandra1,cassandra2,3,False,True,
122,3,1,MONOTONIC_WRITES,normal,netem delay 25ms 25ms,QUORUM,4,cassandra1,cassandra3,4,False,True,
122,3,2,MONOTONIC_WRITES,normal,netem delay 25ms 25ms,QUORUM,4,cassandra1,cassandra1,4,False,True,
122,3,3,MONOTONIC_WRITES,normal,netem delay 25ms 25ms,QUORUM,4,cassandra1,cassandra3,4,False,True,
122,4,1,MONOTONIC_WRITES,normal,netem delay 25ms 25ms,QUORUM,5,cassandra1,cassandra3,5,False,True,
122,4,2,MONOTONIC_WRITES,normal,netem delay 25ms 25ms,QUORUM,5,cassandra1,cassandra3,5,False,True,
122,4,3,MONOTONIC_WRITES,normal,netem delay 25ms 25ms,QUORUM,5,cassandra1,cassandra3,5,False,True,
122,5,1,MONOTONIC_WRITES,normal,netem delay 25ms 25ms,QUORUM,6,cassandra1,cassandra2,6,False,True,
122,5,2,MONOTONIC_WRITES,normal,netem delay 25ms 25ms,QUORUM,6,cassandra1,cassandra2,6,False,True,
122,5,3,MONOTONIC_WRITES,normal,netem delay 25ms 25ms,QUORUM,6,cassandra1,cassandra3,6,False,True,
123,1,1,MONOTONIC_WRITES,normal,netem delay 25ms 25ms,QUORUM,2,cassandra2,cassandra2,2,False,True,
123,1,2,MONOTONIC_WRITES,normal,netem delay 25ms 25ms,QUORUM,2,cassandra2,cassandra3,2,False,True,
123,1,3,MONOTONIC_WRITES,normal,netem delay 25ms 25ms,QUORUM,2,cassandra2,cassandra3,2,False,True,
123,2,1,MONOTONIC_WRITES,normal,netem delay 25ms 25ms,QUORUM,3,cassandra1,cassandra3,3,False,True,
123,2,2,MONOTONIC_WRITES,normal,netem delay 25ms 25ms,QUORUM,3,cassandra1,cassandra3,3,False,True,
123,2,3,MONOTONIC_WRITES,normal,netem delay 25ms 25ms,QUORUM,3,cassandra1,cassandra1,3,False,True,
123,3,1,MONOTONIC_WRITES,normal,netem delay 25ms 25ms,QUORUM,4,cassandra2,cassandra2,4,False,True,
123,3,2,MONOTONIC_WRITES,normal,netem delay 25ms 25ms,QUORUM,4,cassandra2,cassandra2,4,False,True,
123,3,3,MONOTONIC_WRITES,normal,netem delay 25ms 25ms,QUORUM,4,cassandra2,cassandra2,4,False,True,
123,4,1,MONOTONIC_WRITES,normal,netem delay 25ms 25ms,QUORUM,5,cassandra1,cassandra2,5,False,True,
123,4,2,MONOTONIC_WRITES,normal,netem delay 25ms 25ms,QUORUM,5,cassandra1,cassandra1,5,False,True,
123,4,3,MONOTONIC_WRITES,normal,netem delay 25ms 25ms,QUORUM,5,cassandra1,cassandra3,5,False,True,
123,5,1,MONOTONIC_WRITES,normal,netem delay 25ms 25ms,QUORUM,6,cassandra2,cassandra3,6,False,True,
123,5,2,MONOTONIC_WRITES,normal,netem delay 25ms 25ms,QUORUM,6,cassandra2,cassandra1,6,False,True,
123,5,3,MONOTONIC_WRITES,normal,netem delay 25ms 25ms,QUORUM,6,cassandra2,cassandra1,6,False,True,
124,1,1,MONOTONIC_WRITES,normal,netem delay 25ms 25ms,QUORUM,2,cassandra1,cassandra2,2,False,True,
124,1,2,MONOTONIC_WRITES,normal,netem delay 25ms 25ms,QUORUM,2,cassandra1,cassandra2,2,False,True,
124,1,3,MONOTONIC_WRITES,normal,netem delay 25ms 25ms,QUORUM,2,cassandra1,cassandra3,2,False,True,
124,2,1,MONOTONIC_WRITES,normal,netem delay 25ms 25ms,QUORUM,3,cassandra1,cassandra3,3,False,True,
124,2,2,MONOTONIC_WRITES,normal,netem delay 25ms 25ms,QUORUM,3,cassandra1,cassandra1,3,False,True,
124,2,3,MONOTONIC_WRITES,normal,netem delay 25ms 25ms,QUORUM,3,cassandra1,cassandra3,3,False,True,
124,3,1,MONOTONIC_WRITES,normal,netem delay 25ms 25ms,QUORUM,4,cassandra1,cassandra1,4,False,True,
124,3,2,MONOTONIC_WRITES,normal,netem delay 25ms 25ms,QUORUM,4,cassandra1,cassandra3,4,False,True,
124,3,3,MONOTONIC_WRITES,normal,netem delay 25ms 25ms,QUORUM,4,cassandra1,cassandra3,4,False,True,
124,4,1,MONOTONIC_WRITES,normal,netem delay 25ms 25ms,QUORUM,5,cassandra3,cassandra1,5,False,True,
124,4,2,MONOTONIC_WRITES,normal,netem delay 25ms 25ms,QUORUM,5,cassandra3,cassandra2,5,False,True,
124,4,3,MONOTONIC_WRITES,normal,netem delay 25ms 25ms,QUORUM,5,cassandra3,cassandra3,5,False,True,
124,5,1,MONOTONIC_WRITES,normal,netem delay 25ms 25ms,QUORUM,6,cassandra2,cassandra1,6,False,True,
124,5,2,MONOTONIC_WRITES,normal,netem delay 25ms 25ms,QUORUM,6,cassandra2,cassandra1,6,False,True,
124,5,3,MONOTONIC_WRITES,normal,netem delay 25ms 25ms,QUORUM,6,cassandra2,cassandra1,6,False,True,
125,1,1,MONOTONIC_WRITES,normal,netem delay 25ms 25ms,QUORUM,2,cassandra3,cassandra3,2,False,True,
125,1,2,MONOTONIC_WRITES,normal,netem delay 25ms 25ms,QUORUM,2,cassandra3,cassandra1,2,False,True,
125,1,3,MONOTONIC_WRITES,normal,netem delay 25ms 25ms,QUORUM,2,cassandra3,cassandra1,2,False,True,
125,2,1,MONOTONIC_WRITES,normal,netem delay 25ms 25ms,QUORUM,3,cassandra2,cassandra2,3,False,True,
125,2,2,MONOTONIC_WRITES,normal,netem delay 25ms 25ms,QUORUM,3,cassandra2,cassandra1,3,False,True,
125,2,3,MONOTONIC_WRITES,normal,netem delay 25ms 25ms,QUORUM,3,cassandra2,cassandra3,3,False,True,
125,3,1,MONOTONIC_WRITES,normal,netem delay 25ms 25ms,QUORUM,4,cassandra2,cassandra2,4,False,True,
125,3,2,MONOTONIC_WRITES,normal,netem delay 25ms 25ms,QUORUM,4,cassandra2,cassandra2,4,False,True,
125,3,3,MONOTONIC_WRITES,normal,netem delay 25ms 25ms,QUORUM,4,cassandra2,cassandra2,4,False,True,
125,4,1,MONOTONIC_WRITES,normal,netem delay 25ms 25ms,QUORUM,5,cassandra2,cassandra1,5,False,True,
125,4,2,MONOTONIC_WRITES,normal,netem delay 25ms 25ms,QUORUM,5,cassandra2,cassandra3,5,False,True,
125,4,3,MONOTONIC_WRITES,normal,netem delay 25ms 25ms,QUORUM,5,cassandra2,cassandra2,5,False,True,
125,5,1,MONOTONIC_WRITES,normal,netem delay 25ms 25ms,QUORUM,6,cassandra1,cassandra1,6,False,True,
125,5,2,MONOTONIC_WRITES,normal,netem delay 25ms 25ms,QUORUM,6,cassandra1,cassandra2,6,False,True,
125,5,3,MONOTONIC_WRITES,normal,netem delay 25ms 25ms,QUORUM,6,cassandra1,cassandra3,6,False,True,
126,1,1,MONOTONIC_WRITES,normal,netem delay 25ms 25ms,QUORUM,2,cassandra2,cassandra1,2,False,True,
126,1,2,MONOTONIC_WRITES,normal,netem delay 25ms 25ms,QUORUM,2,cassandra2,cassandra1,2,False,True,
126,1,3,MONOTONIC_WRITES,normal,netem delay 25ms 25ms,QUORUM,2,cassandra2,cassandra1,2,False,True,
126,2,1,MONOTONIC_WRITES,normal,netem delay 25ms 25ms,QUORUM,3,cassandra1,cassandra3,3,False,True,
126,2,2,MONOTONIC_WRITES,normal,netem delay 25ms 25ms,QUORUM,3,cassandra1,cassandra1,3,False,True,
126,2,3,MONOTONIC_WRITES,normal,netem delay 25ms 25ms,QUORUM,3,cassandra1,cassandra1,3,False,True,
126,3,1,MONOTONIC_WRITES,normal,netem delay 25ms 25ms,QUORUM,4,cassandra3,cassandra1,4,False,True,
126,3,2,MONOTONIC_WRITES,normal,netem delay 25ms 25ms,QUORUM,4,cassandra3,cassandra2,4,False,True,
126,3,3,MONOTONIC_WRITES,normal,netem delay 25ms 25ms,QUORUM,4,cassandra3,cassandra1,4,False,True,
126,4,1,MONOTONIC_WRITES,normal,netem delay 25ms 25ms,QUORUM,5,cassandra2,cassandra2,5,False,True,
126,4,2,MONOTONIC_WRITES,normal,netem delay 25ms 25ms,QUORUM,5,cassandra2,cassandra1,5,False,True,
126,4,3,MONOTONIC_WRITES,normal,netem delay 25ms 25ms,QUORUM,5,cassandra2,cassandra1,5,False,True,
126,5,1,MONOTONIC_WRITES,normal,netem delay 25ms 25ms,QUORUM,6,cassandra1,cassandra3,6,False,True,
126,5,2,MONOTONIC_WRITES,normal,netem delay 25ms 25ms,QUORUM,6,cassandra1,cassandra1,6,False,True,
126,5,3,MONOTONIC_WRITES,normal,netem delay 25ms 25ms,QUORUM,6,cassandra1,cassandra2,6,False,True,
127,1,1,MONOTONIC_WRITES,normal,netem delay 25ms 25ms,QUORUM,2,cassandra1,cassandra2,2,False,True,
127,1,2,MONOTONIC_WRITES,normal,netem delay 25ms 25ms,QUORUM,2,cassandra1,cassandra3,2,False,True,
127,1,3,MONOTONIC_WRITES,normal,netem delay 25ms 25ms,QUORUM,2,cassandra1,cassandra3,2,False,True,
127,2,1,MONOTONIC_WRITES,normal,netem delay 25ms 25ms,QUORUM,3,cassandra2,cassandra1,3,False,True,
127,2,2,MONOTONIC_WRITES,normal,netem delay 25ms 25ms,QUORUM,3,cassandra2,cassandra3,3,False,True,
127,2,3,MONOTONIC_WRITES,normal,netem delay 25ms 25ms,QUORUM,3,cassandra2,cassandra2,3,False,True,
127,3,1,MONOTONIC_WRITES,normal,netem delay 25ms 25ms,QUORUM,4,cassandra1,cassandra1,4,False,True,
127,3,2,MONOTONIC_WRITES,normal,netem delay 25ms 25ms,QUORUM,4,cassandra1,cassandra2,4,False,True,
127,3,3,MONOTONIC_WRITES,normal,netem delay 25ms 25ms,QUORUM,4,cassandra1,cassandra2,4,False,True,
127,4,1,MONOTONIC_WRITES,normal,netem delay 25ms 25ms,QUORUM,5,cassandra2,cassandra2,5,False,True,
127,4,2,MONOTONIC_WRITES,normal,netem delay 25ms 25ms,QUORUM,5,cassandra2,cassandra2,5,False,True,
127,4,3,MONOTONIC_WRITES,normal,netem delay 25ms 25ms,QUORUM,5,cassandra2,cassandra2,5,False,True,
127,5,1,MONOTONIC_WRITES,normal,netem delay 25ms 25ms,QUORUM,6,cassandra1,cassandra1,6,False,True,
127,5,2,MONOTONIC_WRITES,normal,netem delay 25ms 25ms,QUORUM,6,cassandra1,cassandra2,6,False,True,
127,5,3,MONOTONIC_WRITES,normal,netem delay 25ms 25ms,QUORUM,6,cassandra1,cassandra1,6,False,True,
128,1,1,MONOTONIC_WRITES,normal,netem delay 25ms 25ms,QUORUM,2,cassandra2,cassandra3,2,False,True,
128,1,2,MONOTONIC_WRITES,normal,netem delay 25ms 25ms,QUORUM,2,cassandra2,cassandra1,2,False,True,
128,1,3,MONOTONIC_WRITES,normal,netem delay 25ms 25ms,QUORUM,2,cassandra2,cassandra1,2,False,True,
128,2,1,MONOTONIC_WRITES,normal,netem delay 25ms 25ms,QUORUM,3,cassandra2,cassandra1,3,False,True,
128,2,2,MONOTONIC_WRITES,normal,netem delay 25ms 25ms,QUORUM,3,cassandra2,cassandra2,3,False,True,
128,2,3,MONOTONIC_WRITES,normal,netem delay 25ms 25ms,QUORUM,3,cassandra2,cassandra3,3,False,True,
128,3,1,MONOTONIC_WRITES,normal,netem delay 25ms 25ms,QUORUM,4,cassandra2,cassandra2,4,False,True,
128,3,2,MONOTONIC_WRITES,normal,netem delay 25ms 25ms,QUORUM,4,cassandra2,cassandra1,4,False,True,
128,3,3,MONOTONIC_WRITES,normal,netem delay 25ms 25ms,QUORUM,4,cassandra2,cassandra2,4,False,True,
128,4,1,MONOTONIC_WRITES,normal,netem delay 25ms 25ms,QUORUM,5,cassandra3,cassandra3,5,False,True,
128,4,2,MONOTONIC_WRITES,normal,netem delay 25ms 25ms,QUORUM,5,cassandra3,cassandra1,5,False,True,
128,4,3,MONOTONIC_WRITES,normal,netem delay 25ms 25ms,QUORUM,5,cassandra3,cassandra2,5,False,True,
128,5,1,MONOTONIC_WRITES,normal,netem delay 25ms 25ms,QUORUM,6,cassandra1,cassandra2,6,False,True,
128,5,2,MONOTONIC_WRITES,normal,netem delay 25ms 25ms,QUORUM,6,cassandra1,cassandra1,6,False,True,
128,5,3,MONOTONIC_WRITES,normal,netem delay 25ms 25ms,QUORUM,6,cassandra1,cassandra2,6,False,True,
129,1,1,MONOTONIC_WRITES,normal,netem delay 25ms 25ms,QUORUM,2,cassandra2,cassandra3,2,False,True,
129,1,2,MONOTONIC_WRITES,normal,netem delay 25ms 25ms,QUORUM,2,cassandra2,cassandra3,2,False,True,
129,1,3,MONOTONIC_WRITES,normal,netem delay 25ms 25ms,QUORUM,2,cassandra2,cassandra3,2,False,True,
129,2,1,MONOTONIC_WRITES,normal,netem delay 25ms 25ms,QUORUM,3,cassandra3,cassandra1,3,False,True,
129,2,2,MONOTONIC_WRITES,normal,netem delay 25ms 25ms,QUORUM,3,cassandra3,cassandra1,3,False,True,
129,2,3,MONOTONIC_WRITES,normal,netem delay 25ms 25ms,QUORUM,3,cassandra3,cassandra2,3,False,True,
129,3,1,MONOTONIC_WRITES,normal,netem delay 25ms 25ms,QUORUM,4,cassandra1,cassandra2,4,False,True,
129,3,2,MONOTONIC_WRITES,normal,netem delay 25ms 25ms,QUORUM,4,cassandra1,cassandra1,4,False,True,
129,3,3,MONOTONIC_WRITES,normal,netem delay 25ms 25ms,QUORUM,4,cassandra1,cassandra2,4,False,True,
129,4,1,MONOTONIC_WRITES,normal,netem delay 25ms 25ms,QUORUM,5,cassandra3,cassandra2,5,False,True,
129,4,2,MONOTONIC_WRITES,normal,netem delay 25ms 25ms,QUORUM,5,cassandra3,cassandra2,5,False,True,
129,4,3,MONOTONIC_WRITES,normal,netem delay 25ms 25ms,QUORUM,5,cassandra3,cassandra2,5,False,True,
129,5,1,MONOTONIC_WRITES,normal,netem delay 25ms 25ms,QUORUM,6,cassandra1,cassandra1,6,False,True,
129,5,2,MONOTONIC_WRITES,normal,netem delay 25ms 25ms,QUORUM,6,cassandra1,cassandra1,6,False,True,
129,5,3,MONOTONIC_WRITES,normal,netem delay 25ms 25ms,QUORUM,6,cassandra1,cassandra1,6,False,True,
130,1,1,MONOTONIC_WRITES,normal,netem delay 25ms 25ms,QUORUM,2,cassandra2,cassandra1,2,False,True,
130,1,2,MONOTONIC_WRITES,normal,netem delay 25ms 25ms,QUORUM,2,cassandra2,cassandra2,2,False,True,
130,1,3,MONOTONIC_WRITES,normal,netem delay 25ms 25ms,QUORUM,2,cassandra2,cassandra1,2,False,True,
130,2,1,MONOTONIC_WRITES,normal,netem delay 25ms 25ms,QUORUM,3,cassandra2,cassandra1,3,False,True,
130,2,2,MONOTONIC_WRITES,normal,netem delay 25ms 25ms,QUORUM,3,cassandra2,cassandra1,3,False,True,
130,2,3,MONOTONIC_WRITES,normal,netem delay 25ms 25ms,QUORUM,3,cassandra2,cassandra2,3,False,True,
130,3,1,MONOTONIC_WRITES,normal,netem delay 25ms 25ms,QUORUM,4,cassandra2,cassandra2,4,False,True,
130,3,2,MONOTONIC_WRITES,normal,netem delay 25ms 25ms,QUORUM,4,cassandra2,cassandra3,4,False,True,
130,3,3,MONOTONIC_WRITES,normal,netem delay 25ms 25ms,QUORUM,4,cassandra2,cassandra2,4,False,True,
130,4,1,MONOTONIC_WRITES,normal,netem delay 25ms 25ms,QUORUM,5,cassandra1,cassandra1,5,False,True,
130,4,2,MONOTONIC_WRITES,normal,netem delay 25ms 25ms,QUORUM,5,cassandra1,cassandra1,5,False,True,
130,4,3,MONOTONIC_WRITES,normal,netem delay 25ms 25ms,QUORUM,5,cassandra1,cassandra3,5,False,True,
130,5,1,MONOTONIC_WRITES,normal,netem delay 25ms 25ms,QUORUM,6,cassandra2,cassandra1,6,False,True,
130,5,2,MONOTONIC_WRITES,normal,netem delay 25ms 25ms,QUORUM,6,cassandra2,cassandra2,6,False,True,
130,5,3,MONOTONIC_WRITES,normal,netem delay 25ms 25ms,QUORUM,6,cassandra2,cassandra2,6,False,True,
131,1,1,MONOTONIC_WRITES,normal,netem delay 25ms 25ms,QUORUM,2,cassandra3,cassandra1,2,False,True,
131,1,2,MONOTONIC_WRITES,normal,netem delay 25ms 25ms,QUORUM,2,cassandra3,cassandra3,2,False,True,
131,1,3,MONOTONIC_WRITES,normal,netem delay 25ms 25ms,QUORUM,2,cassandra3,cassandra3,2,False,True,
131,2,1,MONOTONIC_WRITES,normal,netem delay 25ms 25ms,QUORUM,3,cassandra2,cassandra2,3,False,True,
131,2,2,MONOTONIC_WRITES,normal,netem delay 25ms 25ms,QUORUM,3,cassandra2,cassandra2,3,False,True,
131,2,3,MONOTONIC_WRITES,normal,netem delay 25ms 25ms,QUORUM,3,cassandra2,cassandra2,3,False,True,
131,3,1,MONOTONIC_WRITES,normal,netem delay 25ms 25ms,QUORUM,4,cassandra2,cassandra2,4,False,True,
131,3,2,MONOTONIC_WRITES,normal,netem delay 25ms 25ms,QUORUM,4,cassandra2,cassandra3,4,False,True,
131,3,3,MONOTONIC_WRITES,normal,netem delay 25ms 25ms,QUORUM,4,cassandra2,cassandra2,4,False,True,
131,4,1,MONOTONIC_WRITES,normal,netem delay 25ms 25ms,QUORUM,5,cassandra2,cassandra2,5,False,True,
131,4,2,MONOTONIC_WRITES,normal,netem delay 25ms 25ms,QUORUM,5,cassandra2,cassandra3,5,False,True,
131,4,3,MONOTONIC_WRITES,normal,netem delay 25ms 25ms,QUORUM,5,cassandra2,cassandra2,5,False,True,
131,5,1,MONOTONIC_WRITES,normal,netem delay 25ms 25ms,QUORUM,6,cassandra1,cassandra2,6,False,True,
131,5,2,MONOTONIC_WRITES,normal,netem delay 25ms 25ms,QUORUM,6,cassandra1,cassandra3,6,False,True,
131,5,3,MONOTONIC_WRITES,normal,netem delay 25ms 25ms,QUORUM,6,cassandra1,cassandra2,6,False,True,
132,1,1,MONOTONIC_WRITES,normal,netem delay 25ms 25ms,QUORUM,2,cassandra1,cassandra1,2,False,True,
132,1,2,MONOTONIC_WRITES,normal,netem delay 25ms 25ms,QUORUM,2,cassandra1,cassandra2,2,False,True,
132,1,3,MONOTONIC_WRITES,normal,netem delay 25ms 25ms,QUORUM,2,cassandra1,cassandra3,2,False,True,
132,2,1,MONOTONIC_WRITES,normal,netem delay 25ms 25ms,QUORUM,3,cassandra3,cassandra2,3,False,True,
132,2,2,MONOTONIC_WRITES,normal,netem delay 25ms 25ms,QUORUM,3,cassandra3,cassandra1,3,False,True,
132,2,3,MONOTONIC_WRITES,normal,netem delay 25ms 25ms,QUORUM,3,cassandra3,cassandra3,3,False,True,
132,3,1,MONOTONIC_WRITES,normal,netem delay 25ms 25ms,QUORUM,4,cassandra1,cassandra3,4,False,True,
132,3,2,MONOTONIC_WRITES,normal,netem delay 25ms 25ms,QUORUM,4,cassandra1,cassandra3,4,False,True,
132,3,3,MONOTONIC_WRITES,normal,netem delay 25ms 25ms,QUORUM,4,cassandra1,cassandra3,4,False,True,
132,4,1,MONOTONIC_WRITES,normal,netem delay 25ms 25ms,QUORUM,5,cassandra1,cassandra3,5,False,True,
132,4,2,MONOTONIC_WRITES,normal,netem delay 25ms 25ms,QUORUM,5,cassandra1,cassandra1,5,False,True,
132,4,3,MONOTONIC_WRITES,normal,netem delay 25ms 25ms,QUORUM,5,cassandra1,cassandra2,5,False,True,
132,5,1,MONOTONIC_WRITES,normal,netem delay 25ms 25ms,QUORUM,6,cassandra3,cassandra2,6,False,True,
132,5,2,MONOTONIC_WRITES,normal,netem delay 25ms 25ms,QUORUM,6,cassandra3,cassandra1,6,False,True,
132,5,3,MONOTONIC_WRITES,normal,netem delay 25ms 25ms,QUORUM,6,cassandra3,cassandra2,6,False,True,
133,1,1,MONOTONIC_WRITES,normal,netem delay 25ms 25ms,QUORUM,2,cassandra2,cassandra1,2,False,True,
133,1,2,MONOTONIC_WRITES,normal,netem delay 25ms 25ms,QUORUM,2,cassandra2,cassandra1,2,False,True,
133,1,3,MONOTONIC_WRITES,normal,netem delay 25ms 25ms,QUORUM,2,cassandra2,cassandra3,2,False,True,
133,2,1,MONOTONIC_WRITES,normal,netem delay 25ms 25ms,QUORUM,3,cassandra2,cassandra2,3,False,True,
133,2,2,MONOTONIC_WRITES,normal,netem delay 25ms 25ms,QUORUM,3,cassandra2,cassandra1,3,False,True,
133,2,3,MONOTONIC_WRITES,normal,netem delay 25ms 25ms,QUORUM,3,cassandra2,cassandra2,3,False,True,
133,3,1,MONOTONIC_WRITES,normal,netem delay 25ms 25ms,QUORUM,4,cassandra2,cassandra1,4,False,True,
133,3,2,MONOTONIC_WRITES,normal,netem delay 25ms 25ms,QUORUM,4,cassandra2,cassandra2,4,False,True,
133,3,3,MONOTONIC_WRITES,normal,netem delay 25ms 25ms,QUORUM,4,cassandra2,cassandra1,4,False,True,
133,4,1,MONOTONIC_WRITES,normal,netem delay 25ms 25ms,QUORUM,5,cassandra3,cassandra3,5,False,True,
133,4,2,MONOTONIC_WRITES,normal,netem delay 25ms 25ms,QUORUM,5,cassandra3,cassandra1,5,False,True,
133,4,3,MONOTONIC_WRITES,normal,netem delay 25ms 25ms,QUORUM,5,cassandra3,cassandra2,5,False,True,
133,5,1,MONOTONIC_WRITES,normal,netem delay 25ms 25ms,QUORUM,6,cassandra1,cassandra1,6,False,True,
133,5,2,MONOTONIC_WRITES,normal,netem delay 25ms 25ms,QUORUM,6,cassandra1,cassandra2,6,False,True,
133,5,3,MONOTONIC_WRITES,normal,netem delay 25ms 25ms,QUORUM,6,cassandra1,cassandra2,6,False,True,
134,1,1,MONOTONIC_WRITES,normal,netem delay 25ms 25ms,QUORUM,2,cassandra3,cassandra2,2,False,True,
134,1,2,MONOTONIC_WRITES,normal,netem delay 25ms 25ms,QUORUM,2,cassandra3,cassandra2,2,False,True,
134,1,3,MONOTONIC_WRITES,normal,netem delay 25ms 25ms,QUORUM,2,cassandra3,cassandra2,2,False,True,
134,2,1,MONOTONIC_WRITES,normal,netem delay 25ms 25ms,QUORUM,3,cassandra3,cassandra1,3,False,True,
134,2,2,MONOTONIC_WRITES,normal,netem delay 25ms 25ms,QUORUM,3,cassandra3,cassandra3,3,False,True,
134,2,3,MONOTONIC_WRITES,normal,netem delay 25ms 25ms,QUORUM,3,cassandra3,cassandra2,3,False,True,
134,3,1,MONOTONIC_WRITES,normal,netem delay 25ms 25ms,QUORUM,4,cassandra1,cassandra2,4,False,True,
134,3,2,MONOTONIC_WRITES,normal,netem delay 25ms 25ms,QUORUM,4,cassandra1,cassandra1,4,False,True,
134,3,3,MONOTONIC_WRITES,normal,netem delay 25ms 25ms,QUORUM,4,cassandra1,cassandra2,4,False,True,
134,4,1,MONOTONIC_WRITES,normal,netem delay 25ms 25ms,QUORUM,5,cassandra3,cassandra1,5,False,True,
134,4,2,MONOTONIC_WRITES,normal,netem delay 25ms 25ms,QUORUM,5,cassandra3,cassandra2,5,False,True,
134,4,3,MONOTONIC_WRITES,normal,netem delay 25ms 25ms,QUORUM,5,cassandra3,cassandra3,5,False,True,
134,5,1,MONOTONIC_WRITES,normal,netem delay 25ms 25ms,QUORUM,6,cassandra3,cassandra2,6,False,True,
134,5,2,MONOTONIC_WRITES,normal,netem delay 25ms 25ms,QUORUM,6,cassandra3,cassandra3,6,False,True,
134,5,3,MONOTONIC_WRITES,normal,netem delay 25ms 25ms,QUORUM,6,cassandra3,cassandra2,6,False,True,
135,1,1,MONOTONIC_WRITES,normal,netem delay 25ms 25ms,QUORUM,2,cassandra3,cassandra3,2,False,True,
135,1,2,MONOTONIC_WRITES,normal,netem delay 25ms 25ms,QUORUM,2,cassandra3,cassandra1,2,False,True,
135,1,3,MONOTONIC_WRITES,normal,netem delay 25ms 25ms,QUORUM,2,cassandra3,cassandra1,2,False,True,
135,2,1,MONOTONIC_WRITES,normal,netem delay 25ms 25ms,QUORUM,3,cassandra2,cassandra3,3,False,True,
135,2,2,MONOTONIC_WRITES,normal,netem delay 25ms 25ms,QUORUM,3,cassandra2,cassandra3,3,False,True,
135,2,3,MONOTONIC_WRITES,normal,netem delay 25ms 25ms,QUORUM,3,cassandra2,cassandra1,3,False,True,
135,3,1,MONOTONIC_WRITES,normal,netem delay 25ms 25ms,QUORUM,4,cassandra2,cassandra1,4,False,True,
135,3,2,MONOTONIC_WRITES,normal,netem delay 25ms 25ms,QUORUM,4,cassandra2,cassandra1,4,False,True,
135,3,3,MONOTONIC_WRITES,normal,netem delay 25ms 25ms,QUORUM,4,cassandra2,cassandra1,4,False,True,
135,4,1,MONOTONIC_WRITES,normal,netem delay 25ms 25ms,QUORUM,5,cassandra2,cassandra2,5,False,True,
135,4,2,MONOTONIC_WRITES,normal,netem delay 25ms 25ms,QUORUM,5,cassandra2,cassandra3,5,False,True,
135,4,3,MONOTONIC_WRITES,normal,netem delay 25ms 25ms,QUORUM,5,cassandra2,cassandra2,5,False,True,
135,5,1,MONOTONIC_WRITES,normal,netem delay 25ms 25ms,QUORUM,6,cassandra2,cassandra2,6,False,True,
135,5,2,MONOTONIC_WRITES,normal,netem delay 25ms 25ms,QUORUM,6,cassandra2,cassandra1,6,False,True,
135,5,3,MONOTONIC_WRITES,normal,netem delay 25ms 25ms,QUORUM,6,cassandra2,cassandra2,6,False,True,
136,1,1,MONOTONIC_WRITES,normal,netem delay 25ms 25ms,QUORUM,2,cassandra1,cassandra3,2,False,True,
136,1,2,MONOTONIC_WRITES,normal,netem delay 25ms 25ms,QUORUM,2,cassandra1,cassandra1,2,False,True,
136,1,3,MONOTONIC_WRITES,normal,netem delay 25ms 25ms,QUORUM,2,cassandra1,cassandra2,2,False,True,
136,2,1,MONOTONIC_WRITES,normal,netem delay 25ms 25ms,QUORUM,3,cassandra2,cassandra3,3,False,True,
136,2,2,MONOTONIC_WRITES,normal,netem delay 25ms 25ms,QUORUM,3,cassandra2,cassandra2,3,False,True,
136,2,3,MONOTONIC_WRITES,normal,netem delay 25ms 25ms,QUORUM,3,cassandra2,cassandra2,3,False,True,
136,3,1,MONOTONIC_WRITES,normal,netem delay 25ms 25ms,QUORUM,4,cassandra2,cassandra1,4,False,True,
136,3,2,MONOTONIC_WRITES,normal,netem delay 25ms 25ms,QUORUM,4,cassandra2,cassandra1,4,False,True,
136,3,3,MONOTONIC_WRITES,normal,netem delay 25ms 25ms,QUORUM,4,cassandra2,cassandra2,4,False,True,
136,4,1,MONOTONIC_WRITES,normal,netem delay 25ms 25ms,QUORUM,5,cassandra1,cassandra3,5,False,True,
136,4,2,MONOTONIC_WRITES,normal,netem delay 25ms 25ms,QUORUM,5,cassandra1,cassandra3,5,False,True,
136,4,3,MONOTONIC_WRITES,normal,netem delay 25ms 25ms,QUORUM,5,cassandra1,cassandra3,5,False,True,
136,5,1,MONOTONIC_WRITES,normal,netem delay 25ms 25ms,QUORUM,6,cassandra3,cassandra3,6,False,True,
136,5,2,MONOTONIC_WRITES,normal,netem delay 25ms 25ms,QUORUM,6,cassandra3,cassandra2,6,False,True,
136,5,3,MONOTONIC_WRITES,normal,netem delay 25ms 25ms,QUORUM,6,cassandra3,cassandra3,6,False,True,
137,1,1,MONOTONIC_WRITES,normal,netem delay 25ms 25ms,QUORUM,2,cassandra2,cassandra2,2,False,True,
137,1,2,MONOTONIC_WRITES,normal,netem delay 25ms 25ms,QUORUM,2,cassandra2,cassandra3,2,False,True,
137,1,3,MONOTONIC_WRITES,normal,netem delay 25ms 25ms,QUORUM,2,cassandra2,cassandra1,2,False,True,
137,2,1,MONOTONIC_WRITES,normal,netem delay 25ms 25ms,QUORUM,3,cassandra3,cassandra3,3,False,True,
137,2,2,MONOTONIC_WRITES,normal,netem delay 25ms 25ms,QUORUM,3,cassandra3,cassandra1,3,False,True,
137,2,3,MONOTONIC_WRITES,normal,netem delay 25ms 25ms,QUORUM,3,cassandra3,cassandra3,3,False,True,
137,3,1,MONOTONIC_WRITES,normal,netem delay 25ms 25ms,QUORUM,4,cassandra3,cassandra3,4,False,True,
137,3,2,MONOTONIC_WRITES,normal,netem delay 25ms 25ms,QUORUM,4,cassandra3,cassandra2,4,False,True,
137,3,3,MONOTONIC_WRITES,normal,netem delay 25ms 25ms,QUORUM,4,cassandra3,cassandra3,4,False,True,
137,4,1,MONOTONIC_WRITES,normal,netem delay 25ms 25ms,QUORUM,5,cassandra3,cassandra1,5,False,True,
137,4,2,MONOTONIC_WRITES,normal,netem delay 25ms 25ms,QUORUM,5,cassandra3,cassandra2,5,False,True,
137,4,3,MONOTONIC_WRITES,normal,netem delay 25ms 25ms,QUORUM,5,cassandra3,cassandra3,5,False,True,
137,5,1,MONOTONIC_WRITES,normal,netem delay 25ms 25ms,QUORUM,6,cassandra1,cassandra3,6,False,True,
137,5,2,MONOTONIC_WRITES,normal,netem delay 25ms 25ms,QUORUM,6,cassandra1,cassandra2,6,False,True,
137,5,3,MONOTONIC_WRITES,normal,netem delay 25ms 25ms,QUORUM,6,cassandra1,cassandra3,6,False,True,
138,1,1,MONOTONIC_WRITES,normal,netem delay 25ms 25ms,QUORUM,2,cassandra3,cassandra3,2,False,True,
138,1,2,MONOTONIC_WRITES,normal,netem delay 25ms 25ms,QUORUM,2,cassandra3,cassandra3,2,False,True,
138,1,3,MONOTONIC_WRITES,normal,netem delay 25ms 25ms,QUORUM,2,cassandra3,cassandra1,2,False,True,
138,2,1,MONOTONIC_WRITES,normal,netem delay 25ms 25ms,QUORUM,3,cassandra3,cassandra1,3,False,True,
138,2,2,MONOTONIC_WRITES,normal,netem delay 25ms 25ms,QUORUM,3,cassandra3,cassandra1,3,False,True,
138,2,3,MONOTONIC_WRITES,normal,netem delay 25ms 25ms,QUORUM,3,cassandra3,cassandra1,3,False,True,
138,3,1,MONOTONIC_WRITES,normal,netem delay 25ms 25ms,QUORUM,4,cassandra3,cassandra3,4,False,True,
138,3,2,MONOTONIC_WRITES,normal,netem delay 25ms 25ms,QUORUM,4,cassandra3,cassandra2,4,False,True,
138,3,3,MONOTONIC_WRITES,normal,netem delay 25ms 25ms,QUORUM,4,cassandra3,cassandra1,4,False,True,
138,4,1,MONOTONIC_WRITES,normal,netem delay 25ms 25ms,QUORUM,5,cassandra1,cassandra2,5,False,True,
138,4,2,MONOTONIC_WRITES,normal,netem delay 25ms 25ms,QUORUM,5,cassandra1,cassandra1,5,False,True,
138,4,3,MONOTONIC_WRITES,normal,netem delay 25ms 25ms,QUORUM,5,cassandra1,cassandra1,5,False,True,
138,5,1,MONOTONIC_WRITES,normal,netem delay 25ms 25ms,QUORUM,6,cassandra3,cassandra3,6,False,True,
138,5,2,MONOTONIC_WRITES,normal,netem delay 25ms 25ms,QUORUM,6,cassandra3,cassandra3,6,False,True,
138,5,3,MONOTONIC_WRITES,normal,netem delay 25ms 25ms,QUORUM,6,cassandra3,cassandra1,6,False,True,
139,1,1,MONOTONIC_WRITES,normal,netem delay 25ms 25ms,QUORUM,2,cassandra2,cassandra2,2,False,True,
139,1,2,MONOTONIC_WRITES,normal,netem delay 25ms 25ms,QUORUM,2,cassandra2,cassandra3,2,False,True,
139,1,3,MONOTONIC_WRITES,normal,netem delay 25ms 25ms,QUORUM,2,cassandra2,cassandra1,2,False,True,
139,2,1,MONOTONIC_WRITES,normal,netem delay 25ms 25ms,QUORUM,3,cassandra2,cassandra2,3,False,True,
139,2,2,MONOTONIC_WRITES,normal,netem delay 25ms 25ms,QUORUM,3,cassandra2,cassandra2,3,False,True,
139,2,3,MONOTONIC_WRITES,normal,netem delay 25ms 25ms,QUORUM,3,cassandra2,cassandra3,3,False,True,
139,3,1,MONOTONIC_WRITES,normal,netem delay 25ms 25ms,QUORUM,4,cassandra3,cassandra3,4,False,True,
139,3,2,MONOTONIC_WRITES,normal,netem delay 25ms 25ms,QUORUM,4,cassandra3,cassandra1,4,False,True,
139,3,3,MONOTONIC_WRITES,normal,netem delay 25ms 25ms,QUORUM,4,cassandra3,cassandra2,4,False,True,
139,4,1,MONOTONIC_WRITES,normal,netem delay 25ms 25ms,QUORUM,5,cassandra2,cassandra2,5,False,True,
139,4,2,MONOTONIC_WRITES,normal,netem delay 25ms 25ms,QUORUM,5,cassandra2,cassandra3,5,False,True,
139,4,3,MONOTONIC_WRITES,normal,netem delay 25ms 25ms,QUORUM,5,cassandra2,cassandra3,5,False,True,
139,5,1,MONOTONIC_WRITES,normal,netem delay 25ms 25ms,QUORUM,6,cassandra2,cassandra3,6,False,True,
139,5,2,MONOTONIC_WRITES,normal,netem delay 25ms 25ms,QUORUM,6,cassandra2,cassandra3,6,False,True,
139,5,3,MONOTONIC_WRITES,normal,netem delay 25ms 25ms,QUORUM,6,cassandra2,cassandra2,6,False,True,
140,1,1,MONOTONIC_WRITES,normal,netem delay 25ms 25ms,QUORUM,2,cassandra3,cassandra2,2,False,True,
140,1,2,MONOTONIC_WRITES,normal,netem delay 25ms 25ms,QUORUM,2,cassandra3,cassandra2,2,False,True,
140,1,3,MONOTONIC_WRITES,normal,netem delay 25ms 25ms,QUORUM,2,cassandra3,cassandra1,2,False,True,
140,2,1,MONOTONIC_WRITES,normal,netem delay 25ms 25ms,QUORUM,3,cassandra3,cassandra3,3,False,True,
140,2,2,MONOTONIC_WRITES,normal,netem delay 25ms 25ms,QUORUM,3,cassandra3,cassandra3,3,False,True,
140,2,3,MONOTONIC_WRITES,normal,netem delay 25ms 25ms,QUORUM,3,cassandra3,cassandra1,3,False,True,
140,3,1,MONOTONIC_WRITES,normal,netem delay 25ms 25ms,QUORUM,4,cassandra1,cassandra3,4,False,True,
140,3,2,MONOTONIC_WRITES,normal,netem delay 25ms 25ms,QUORUM,4,cassandra1,cassandra3,4,False,True,
140,3,3,MONOTONIC_WRITES,normal,netem delay 25ms 25ms,QUORUM,4,cassandra1,cassandra3,4,False,True,
140,4,1,MONOTONIC_WRITES,normal,netem delay 25ms 25ms,QUORUM,5,cassandra3,cassandra2,5,False,True,
140,4,2,MONOTONIC_WRITES,normal,netem delay 25ms 25ms,QUORUM,5,cassandra3,cassandra1,5,False,True,
140,4,3,MONOTONIC_WRITES,normal,netem delay 25ms 25ms,QUORUM,5,cassandra3,cassandra1,5,False,True,
140,5,1,MONOTONIC_WRITES,normal,netem delay 25ms 25ms,QUORUM,6,cassandra1,cassandra1,6,False,True,
140,5,2,MONOTONIC_WRITES,normal,netem delay 25ms 25ms,QUORUM,6,cassandra1,cassandra2,6,False,True,
140,5,3,MONOTONIC_WRITES,normal,netem delay 25ms 25ms,QUORUM,6,cassandra1,cassandra2,6,False,True,
141,1,1,MONOTONIC_WRITES,normal,netem delay 25ms 25ms,QUORUM,2,cassandra1,cassandra2,2,False,True,
141,1,2,MONOTONIC_WRITES,normal,netem delay 25ms 25ms,QUORUM,2,cassandra1,cassandra1,2,False,True,
141,1,3,MONOTONIC_WRITES,normal,netem delay 25ms 25ms,QUORUM,2,cassandra1,cassandra1,2,False,True,
141,2,1,MONOTONIC_WRITES,normal,netem delay 25ms 25ms,QUORUM,3,cassandra1,cassandra1,3,False,True,
141,2,2,MONOTONIC_WRITES,normal,netem delay 25ms 25ms,QUORUM,3,cassandra1,cassandra3,3,False,True,
141,2,3,MONOTONIC_WRITES,normal,netem delay 25ms 25ms,QUORUM,3,cassandra1,cassandra1,3,False,True,
141,3,1,MONOTONIC_WRITES,normal,netem delay 25ms 25ms,QUORUM,4,cassandra3,cassandra1,4,False,True,
141,3,2,MONOTONIC_WRITES,normal,netem delay 25ms 25ms,QUORUM,4,cassandra3,cassandra3,4,False,True,
141,3,3,MONOTONIC_WRITES,normal,netem delay 25ms 25ms,QUORUM,4,cassandra3,cassandra3,4,False,True,
141,4,1,MONOTONIC_WRITES,normal,netem delay 25ms 25ms,QUORUM,5,cassandra2,cassandra2,5,False,True,
141,4,2,MONOTONIC_WRITES,normal,netem delay 25ms 25ms,QUORUM,5,cassandra2,cassandra3,5,False,True,
141,4,3,MONOTONIC_WRITES,normal,netem delay 25ms 25ms,QUORUM,5,cassandra2,cassandra2,5,False,True,
141,5,1,MONOTONIC_WRITES,normal,netem delay 25ms 25ms,QUORUM,6,cassandra2,cassandra2,6,False,True,
141,5,2,MONOTONIC_WRITES,normal,netem delay 25ms 25ms,QUORUM,6,cassandra2,cassandra1,6,False,True,
141,5,3,MONOTONIC_WRITES,normal,netem delay 25ms 25ms,QUORUM,6,cassandra2,cassandra2,6,False,True,
142,1,1,MONOTONIC_WRITES,normal,netem delay 25ms 25ms,QUORUM,2,cassandra2,cassandra2,2,False,True,
142,1,2,MONOTONIC_WRITES,normal,netem delay 25ms 25ms,QUORUM,2,cassandra2,cassandra1,2,False,True,
142,1,3,MONOTONIC_WRITES,normal,netem delay 25ms 25ms,QUORUM,2,cassandra2,cassandra1,2,False,True,
142,2,1,MONOTONIC_WRITES,normal,netem delay 25ms 25ms,QUORUM,3,cassandra2,cassandra3,3,False,True,
142,2,2,MONOTONIC_WRITES,normal,netem delay 25ms 25ms,QUORUM,3,cassandra2,cassandra3,3,False,True,
142,2,3,MONOTONIC_WRITES,normal,netem delay 25ms 25ms,QUORUM,3,cassandra2,cassandra3,3,False,True,
142,3,1,MONOTONIC_WRITES,normal,netem delay 25ms 25ms,QUORUM,4,cassandra3,cassandra1,4,False,True,
142,3,2,MONOTONIC_WRITES,normal,netem delay 25ms 25ms,QUORUM,4,cassandra3,cassandra3,4,False,True,
142,3,3,MONOTONIC_WRITES,normal,netem delay 25ms 25ms,QUORUM,4,cassandra3,cassandra3,4,False,True,
142,4,1,MONOTONIC_WRITES,normal,netem delay 25ms 25ms,QUORUM,5,cassandra1,cassandra3,5,False,True,
142,4,2,MONOTONIC_WRITES,normal,netem delay 25ms 25ms,QUORUM,5,cassandra1,cassandra1,5,False,True,
142,4,3,MONOTONIC_WRITES,normal,netem delay 25ms 25ms,QUORUM,5,cassandra1,cassandra2,5,False,True,
142,5,1,MONOTONIC_WRITES,normal,netem delay 25ms 25ms,QUORUM,6,cassandra1,cassandra3,6,False,True,
142,5,2,MONOTONIC_WRITES,normal,netem delay 25ms 25ms,QUORUM,6,cassandra1,cassandra1,6,False,True,
142,5,3,MONOTONIC_WRITES,normal,netem delay 25ms 25ms,QUORUM,6,cassandra1,cassandra3,6,False,True,
143,1,1,MONOTONIC_WRITES,normal,netem delay 25ms 25ms,QUORUM,2,cassandra2,cassandra3,2,False,True,
143,1,2,MONOTONIC_WRITES,normal,netem delay 25ms 25ms,QUORUM,2,cassandra2,cassandra1,2,False,True,
143,1,3,MONOTONIC_WRITES,normal,netem delay 25ms 25ms,QUORUM,2,cassandra2,cassandra1,2,False,True,
143,2,1,MONOTONIC_WRITES,normal,netem delay 25ms 25ms,QUORUM,3,cassandra3,cassandra1,3,False,True,
143,2,2,MONOTONIC_WRITES,normal,netem delay 25ms 25ms,QUORUM,3,cassandra3,cassandra1,3,False,True,
143,2,3,MONOTONIC_WRITES,normal,netem delay 25ms 25ms,QUORUM,3,cassandra3,cassandra1,3,False,True,
143,3,1,MONOTONIC_WRITES,normal,netem delay 25ms 25ms,QUORUM,4,cassandra3,cassandra3,4,False,True,
143,3,2,MONOTONIC_WRITES,normal,netem delay 25ms 25ms,QUORUM,4,cassandra3,cassandra1,4,False,True,
143,3,3,MONOTONIC_WRITES,normal,netem delay 25ms 25ms,QUORUM,4,cassandra3,cassandra3,4,False,True,
143,4,1,MONOTONIC_WRITES,normal,netem delay 25ms 25ms,QUORUM,5,cassandra1,cassandra1,5,False,True,
143,4,2,MONOTONIC_WRITES,normal,netem delay 25ms 25ms,QUORUM,5,cassandra1,cassandra2,5,False,True,
143,4,3,MONOTONIC_WRITES,normal,netem delay 25ms 25ms,QUORUM,5,cassandra1,cassandra3,5,False,True,
143,5,1,MONOTONIC_WRITES,normal,netem delay 25ms 25ms,QUORUM,6,cassandra2,cassandra3,6,False,True,
143,5,2,MONOTONIC_WRITES,normal,netem delay 25ms 25ms,QUORUM,6,cassandra2,cassandra1,6,False,True,
143,5,3,MONOTONIC_WRITES,normal,netem delay 25ms 25ms,QUORUM,6,cassandra2,cassandra3,6,False,True,
144,1,1,MONOTONIC_WRITES,normal,netem delay 25ms 25ms,QUORUM,2,cassandra3,cassandra1,2,False,True,
144,1,2,MONOTONIC_WRITES,normal,netem delay 25ms 25ms,QUORUM,2,cassandra3,cassandra2,2,False,True,
144,1,3,MONOTONIC_WRITES,normal,netem delay 25ms 25ms,QUORUM,2,cassandra3,cassandra2,2,False,True,
144,2,1,MONOTONIC_WRITES,normal,netem delay 25ms 25ms,QUORUM,3,cassandra3,cassandra2,3,False,True,
144,2,2,MONOTONIC_WRITES,normal,netem delay 25ms 25ms,QUORUM,3,cassandra3,cassandra2,3,False,True,
144,2,3,MONOTONIC_WRITES,normal,netem delay 25ms 25ms,QUORUM,3,cassandra3,cassandra2,3,False,True,
144,3,1,MONOTONIC_WRITES,normal,netem delay 25ms 25ms,QUORUM,4,cassandra3,cassandra3,4,False,True,
144,3,2,MONOTONIC_WRITES,normal,netem delay 25ms 25ms,QUORUM,4,cassandra3,cassandra2,4,False,True,
144,3,3,MONOTONIC_WRITES,normal,netem delay 25ms 25ms,QUORUM,4,cassandra3,cassandra2,4,False,True,
144,4,1,MONOTONIC_WRITES,normal,netem delay 25ms 25ms,QUORUM,5,cassandra1,cassandra2,5,False,True,
144,4,2,MONOTONIC_WRITES,normal,netem delay 25ms 25ms,QUORUM,5,cassandra1,cassandra3,5,False,True,
144,4,3,MONOTONIC_WRITES,normal,netem delay 25ms 25ms,QUORUM,5,cassandra1,cassandra2,5,False,True,
144,5,1,MONOTONIC_WRITES,normal,netem delay 25ms 25ms,QUORUM,6,cassandra2,cassandra1,6,False,True,
144,5,2,MONOTONIC_WRITES,normal,netem delay 25ms 25ms,QUORUM,6,cassandra2,cassandra1,6,False,True,
144,5,3,MONOTONIC_WRITES,normal,netem delay 25ms 25ms,QUORUM,6,cassandra2,cassandra1,6,False,True,
145,1,1,MONOTONIC_WRITES,normal,netem delay 25ms 25ms,QUORUM,2,cassandra1,cassandra2,2,False,True,
145,1,2,MONOTONIC_WRITES,normal,netem delay 25ms 25ms,QUORUM,2,cassandra1,cassandra1,2,False,True,
145,1,3,MONOTONIC_WRITES,normal,netem delay 25ms 25ms,QUORUM,2,cassandra1,cassandra2,2,False,True,
145,2,1,MONOTONIC_WRITES,normal,netem delay 25ms 25ms,QUORUM,3,cassandra1,cassandra3,3,False,True,
145,2,2,MONOTONIC_WRITES,normal,netem delay 25ms 25ms,QUORUM,3,cassandra1,cassandra3,3,False,True,
145,2,3,MONOTONIC_WRITES,normal,netem delay 25ms 25ms,QUORUM,3,cassandra1,cassandra3,3,False,True,
145,3,1,MONOTONIC_WRITES,normal,netem delay 25ms 25ms,QUORUM,4,cassandra1,cassandra2,4,False,True,
145,3,2,MONOTONIC_WRITES,normal,netem delay 25ms 25ms,QUORUM,4,cassandra1,cassandra2,4,False,True,
145,3,3,MONOTONIC_WRITES,normal,netem delay 25ms 25ms,QUORUM,4,cassandra1,cassandra3,4,False,True,
145,4,1,MONOTONIC_WRITES,normal,netem delay 25ms 25ms,QUORUM,5,cassandra2,cassandra1,5,False,True,
145,4,2,MONOTONIC_WRITES,normal,netem delay 25ms 25ms,QUORUM,5,cassandra2,cassandra1,5,False,True,
145,4,3,MONOTONIC_WRITES,normal,netem delay 25ms 25ms,QUORUM,5,cassandra2,cassandra3,5,False,True,
145,5,1,MONOTONIC_WRITES,normal,netem delay 25ms 25ms,QUORUM,6,cassandra2,cassandra2,6,False,True,
145,5,2,MONOTONIC_WRITES,normal,netem delay 25ms 25ms,QUORUM,6,cassandra2,cassandra2,6,False,True,
145,5,3,MONOTONIC_WRITES,normal,netem delay 25ms 25ms,QUORUM,6,cassandra2,cassandra1,6,False,True,
146,1,1,MONOTONIC_WRITES,normal,netem delay 25ms 25ms,QUORUM,2,cassandra2,cassandra2,2,False,True,
146,1,2,MONOTONIC_WRITES,normal,netem delay 25ms 25ms,QUORUM,2,cassandra2,cassandra2,2,False,True,
146,1,3,MONOTONIC_WRITES,normal,netem delay 25ms 25ms,QUORUM,2,cassandra2,cassandra1,2,False,True,
146,2,1,MONOTONIC_WRITES,normal,netem delay 25ms 25ms,QUORUM,3,cassandra1,cassandra1,3,False,True,
146,2,2,MONOTONIC_WRITES,normal,netem delay 25ms 25ms,QUORUM,3,cassandra1,cassandra2,3,False,True,
146,2,3,MONOTONIC_WRITES,normal,netem delay 25ms 25ms,QUORUM,3,cassandra1,cassandra2,3,False,True,
146,3,1,MONOTONIC_WRITES,normal,netem delay 25ms 25ms,QUORUM,4,cassandra1,cassandra1,4,False,True,
146,3,2,MONOTONIC_WRITES,normal,netem delay 25ms 25ms,QUORUM,4,cassandra1,cassandra2,4,False,True,
146,3,3,MONOTONIC_WRITES,normal,netem delay 25ms 25ms,QUORUM,4,cassandra1,cassandra2,4,False,True,
146,4,1,MONOTONIC_WRITES,normal,netem delay 25ms 25ms,QUORUM,5,cassandra1,cassandra2,5,False,True,
146,4,2,MONOTONIC_WRITES,normal,netem delay 25ms 25ms,QUORUM,5,cassandra1,cassandra3,5,False,True,
146,4,3,MONOTONIC_WRITES,normal,netem delay 25ms 25ms,QUORUM,5,cassandra1,cassandra2,5,False,True,
146,5,1,MONOTONIC_WRITES,normal,netem delay 25ms 25ms,QUORUM,6,cassandra3,cassandra3,6,False,True,
146,5,2,MONOTONIC_WRITES,normal,netem delay 25ms 25ms,QUORUM,6,cassandra3,cassandra3,6,False,True,
146,5,3,MONOTONIC_WRITES,normal,netem delay 25ms 25ms,QUORUM,6,cassandra3,cassandra1,6,False,True,
147,1,1,MONOTONIC_WRITES,normal,netem delay 25ms 25ms,QUORUM,2,cassandra3,cassandra2,2,False,True,
147,1,2,MONOTONIC_WRITES,normal,netem delay 25ms 25ms,QUORUM,2,cassandra3,cassandra3,2,False,True,
147,1,3,MONOTONIC_WRITES,normal,netem delay 25ms 25ms,QUORUM,2,cassandra3,cassandra3,2,False,True,
147,2,1,MONOTONIC_WRITES,normal,netem delay 25ms 25ms,QUORUM,3,cassandra1,cassandra2,3,False,True,
147,2,2,MONOTONIC_WRITES,normal,netem delay 25ms 25ms,QUORUM,3,cassandra1,cassandra2,3,False,True,
147,2,3,MONOTONIC_WRITES,normal,netem delay 25ms 25ms,QUORUM,3,cassandra1,cassandra1,3,False,True,
147,3,1,MONOTONIC_WRITES,normal,netem delay 25ms 25ms,QUORUM,4,cassandra1,cassandra2,4,False,True,
147,3,2,MONOTONIC_WRITES,normal,netem delay 25ms 25ms,QUORUM,4,cassandra1,cassandra3,4,False,True,
147,3,3,MONOTONIC_WRITES,normal,netem delay 25ms 25ms,QUORUM,4,cassandra1,cassandra1,4,False,True,
147,4,1,MONOTONIC_WRITES,normal,netem delay 25ms 25ms,QUORUM,5,cassandra2,cassandra1,5,False,True,
147,4,2,MONOTONIC_WRITES,normal,netem delay 25ms 25ms,QUORUM,5,cassandra2,cassandra2,5,False,True,
147,4,3,MONOTONIC_WRITES,normal,netem delay 25ms 25ms,QUORUM,5,cassandra2,cassandra2,5,False,True,
147,5,1,MONOTONIC_WRITES,normal,netem delay 25ms 25ms,QUORUM,6,cassandra1,cassandra3,6,False,True,
147,5,2,MONOTONIC_WRITES,normal,netem delay 25ms 25ms,QUORUM,6,cassandra1,cassandra2,6,False,True,
147,5,3,MONOTONIC_WRITES,normal,netem delay 25ms 25ms,QUORUM,6,cassandra1,cassandra1,6,False,True,
148,1,1,MONOTONIC_WRITES,normal,netem delay 25ms 25ms,QUORUM,2,cassandra2,cassandra1,2,False,True,
148,1,2,MONOTONIC_WRITES,normal,netem delay 25ms 25ms,QUORUM,2,cassandra2,cassandra3,2,False,True,
148,1,3,MONOTONIC_WRITES,normal,netem delay 25ms 25ms,QUORUM,2,cassandra2,cassandra3,2,False,True,
148,2,1,MONOTONIC_WRITES,normal,netem delay 25ms 25ms,QUORUM,3,cassandra1,cassandra2,3,False,True,
148,2,2,MONOTONIC_WRITES,normal,netem delay 25ms 25ms,QUORUM,3,cassandra1,cassandra3,3,False,True,
148,2,3,MONOTONIC_WRITES,normal,netem delay 25ms 25ms,QUORUM,3,cassandra1,cassandra3,3,False,True,
148,3,1,MONOTONIC_WRITES,normal,netem delay 25ms 25ms,QUORUM,4,cassandra2,cassandra3,4,False,True,
148,3,2,MONOTONIC_WRITES,normal,netem delay 25ms 25ms,QUORUM,4,cassandra2,cassandra1,4,False,True,
148,3,3,MONOTONIC_WRITES,normal,netem delay 25ms 25ms,QUORUM,4,cassandra2,cassandra3,4,False,True,
148,4,1,MONOTONIC_WRITES,normal,netem delay 25ms 25ms,QUORUM,5,cassandra1,cassandra2,5,False,True,
148,4,2,MONOTONIC_WRITES,normal,netem delay 25ms 25ms,QUORUM,5,cassandra1,cassandra1,5,False,True,
148,4,3,MONOTONIC_WRITES,normal,netem delay 25ms 25ms,QUORUM,5,cassandra1,cassandra3,5,False,True,
148,5,1,MONOTONIC_WRITES,normal,netem delay 25ms 25ms,QUORUM,6,cassandra2,cassandra1,6,False,True,
148,5,2,MONOTONIC_WRITES,normal,netem delay 25ms 25ms,QUORUM,6,cassandra2,cassandra3,6,False,True,
148,5,3,MONOTONIC_WRITES,normal,netem delay 25ms 25ms,QUORUM,6,cassandra2,cassandra2,6,False,True,
149,1,1,MONOTONIC_WRITES,normal,netem delay 25ms 25ms,QUORUM,2,cassandra3,cassandra3,2,False,True,
149,1,2,MONOTONIC_WRITES,normal,netem delay 25ms 25ms,QUORUM,2,cassandra3,cassandra3,2,False,True,
149,1,3,MONOTONIC_WRITES,normal,netem delay 25ms 25ms,QUORUM,2,cassandra3,cassandra2,2,False,True,
149,2,1,MONOTONIC_WRITES,normal,netem delay 25ms 25ms,QUORUM,3,cassandra1,cassandra3,3,False,True,
149,2,2,MONOTONIC_WRITES,normal,netem delay 25ms 25ms,QUORUM,3,cassandra1,cassandra1,3,False,True,
149,2,3,MONOTONIC_WRITES,normal,netem delay 25ms 25ms,QUORUM,3,cassandra1,cassandra3,3,False,True,
149,3,1,MONOTONIC_WRITES,normal,netem delay 25ms 25ms,QUORUM,4,cassandra3,cassandra2,4,False,True,
149,3,2,MONOTONIC_WRITES,normal,netem delay 25ms 25ms,QUORUM,4,cassandra3,cassandra1,4,False,True,
149,3,3,MONOTONIC_WRITES,normal,netem delay 25ms 25ms,QUORUM,4,cassandra3,cassandra1,4,False,True,
149,4,1,MONOTONIC_WRITES,normal,netem delay 25ms 25ms,QUORUM,5,cassandra3,cassandra3,5,False,True,
149,4,2,MONOTONIC_WRITES,normal,netem delay 25ms 25ms,QUORUM,5,cassandra3,cassandra3,5,False,True,
149,4,3,MONOTONIC_WRITES,normal,netem delay 25ms 25ms,QUORUM,5,cassandra3,cassandra1,5,False,True,
149,5,1,MONOTONIC_WRITES,normal,netem delay 25ms 25ms,QUORUM,6,cassandra2,cassandra1,6,False,True,
149,5,2,MONOTONIC_WRITES,normal,netem delay 25ms 25ms,QUORUM,6,cassandra2,cassandra3,6,False,True,
149,5,3,MONOTONIC_WRITES,normal,netem delay 25ms 25ms,QUORUM,6,cassandra2,cassandra3,6,False,True,
150,1,1,MONOTONIC_WRITES,normal,netem delay 25ms 25ms,QUORUM,2,cassandra1,cassandra1,2,False,True,
150,1,2,MONOTONIC_WRITES,normal,netem delay 25ms 25ms,QUORUM,2,cassandra1,cassandra1,2,False,True,
150,1,3,MONOTONIC_WRITES,normal,netem delay 25ms 25ms,QUORUM,2,cassandra1,cassandra1,2,False,True,
150,2,1,MONOTONIC_WRITES,normal,netem delay 25ms 25ms,QUORUM,3,cassandra1,cassandra2,3,False,True,
150,2,2,MONOTONIC_WRITES,normal,netem delay 25ms 25ms,QUORUM,3,cassandra1,cassandra2,3,False,True,
150,2,3,MONOTONIC_WRITES,normal,netem delay 25ms 25ms,QUORUM,3,cassandra1,cassandra1,3,False,True,
150,3,1,MONOTONIC_WRITES,normal,netem delay 25ms 25ms,QUORUM,4,cassandra3,cassandra3,4,False,True,
150,3,2,MONOTONIC_WRITES,normal,netem delay 25ms 25ms,QUORUM,4,cassandra3,cassandra2,4,False,True,
150,3,3,MONOTONIC_WRITES,normal,netem delay 25ms 25ms,QUORUM,4,cassandra3,cassandra1,4,False,True,
150,4,1,MONOTONIC_WRITES,normal,netem delay 25ms 25ms,QUORUM,5,cassandra1,cassandra3,5,False,True,
150,4,2,MONOTONIC_WRITES,normal,netem delay 25ms 25ms,QUORUM,5,cassandra1,cassandra3,5,False,True,
150,4,3,MONOTONIC_WRITES,normal,netem delay 25ms 25ms,QUORUM,5,cassandra1,cassandra1,5,False,True,
150,5,1,MONOTONIC_WRITES,normal,netem delay 25ms 25ms,QUORUM,6,cassandra2,cassandra1,6,False,True,
150,5,2,MONOTONIC_WRITES,normal,netem delay 25ms 25ms,QUORUM,6,cassandra2,cassandra3,6,False,True,
150,5,3,MONOTONIC_WRITES,normal,netem delay 25ms 25ms,QUORUM,6,cassandra2,cassandra1,6,False,True,
151,1,1,MONOTONIC_WRITES,normal,netem delay 25ms 25ms,QUORUM,2,cassandra2,cassandra1,2,False,True,
151,1,2,MONOTONIC_WRITES,normal,netem delay 25ms 25ms,QUORUM,2,cassandra2,cassandra1,2,False,True,
151,1,3,MONOTONIC_WRITES,normal,netem delay 25ms 25ms,QUORUM,2,cassandra2,cassandra2,2,False,True,
151,2,1,MONOTONIC_WRITES,normal,netem delay 25ms 25ms,QUORUM,3,cassandra3,cassandra1,3,False,True,
151,2,2,MONOTONIC_WRITES,normal,netem delay 25ms 25ms,QUORUM,3,cassandra3,cassandra3,3,False,True,
151,2,3,MONOTONIC_WRITES,normal,netem delay 25ms 25ms,QUORUM,3,cassandra3,cassandra1,3,False,True,
151,3,1,MONOTONIC_WRITES,normal,netem delay 25ms 25ms,QUORUM,4,cassandra3,cassandra1,4,False,True,
151,3,2,MONOTONIC_WRITES,normal,netem delay 25ms 25ms,QUORUM,4,cassandra3,cassandra2,4,False,True,
151,3,3,MONOTONIC_WRITES,normal,netem delay 25ms 25ms,QUORUM,4,cassandra3,cassandra3,4,False,True,
151,4,1,MONOTONIC_WRITES,normal,netem delay 25ms 25ms,QUORUM,5,cassandra3,cassandra3,5,False,True,
151,4,2,MONOTONIC_WRITES,normal,netem delay 25ms 25ms,QUORUM,5,cassandra3,cassandra2,5,False,True,
151,4,3,MONOTONIC_WRITES,normal,netem delay 25ms 25ms,QUORUM,5,cassandra3,cassandra1,5,False,True,
151,5,1,MONOTONIC_WRITES,normal,netem delay 25ms 25ms,QUORUM,6,cassandra3,cassandra1,6,False,True,
151,5,2,MONOTONIC_WRITES,normal,netem delay 25ms 25ms,QUORUM,6,cassandra3,cassandra1,6,False,True,
151,5,3,MONOTONIC_WRITES,normal,netem delay 25ms 25ms,QUORUM,6,cassandra3,cassandra1,6,False,True,
152,1,1,MONOTONIC_WRITES,normal,netem delay 25ms 25ms,QUORUM,2,cassandra2,cassandra2,2,False,True,
152,1,2,MONOTONIC_WRITES,normal,netem delay 25ms 25ms,QUORUM,2,cassandra2,cassandra1,2,False,True,
152,1,3,MONOTONIC_WRITES,normal,netem delay 25ms 25ms,QUORUM,2,cassandra2,cassandra1,2,False,True,
152,2,1,MONOTONIC_WRITES,normal,netem delay 25ms 25ms,QUORUM,3,cassandra3,cassandra2,3,False,True,
152,2,2,MONOTONIC_WRITES,normal,netem delay 25ms 25ms,QUORUM,3,cassandra3,cassandra3,3,False,True,
152,2,3,MONOTONIC_WRITES,normal,netem delay 25ms 25ms,QUORUM,3,cassandra3,cassandra3,3,False,True,
152,3,1,MONOTONIC_WRITES,normal,netem delay 25ms 25ms,QUORUM,4,cassandra1,cassandra2,4,False,True,
152,3,2,MONOTONIC_WRITES,normal,netem delay 25ms 25ms,QUORUM,4,cassandra1,cassandra3,4,False,True,
152,3,3,MONOTONIC_WRITES,normal,netem delay 25ms 25ms,QUORUM,4,cassandra1,cassandra2,4,False,True,
152,4,1,MONOTONIC_WRITES,normal,netem delay 25ms 25ms,QUORUM,5,cassandra3,cassandra2,5,False,True,
152,4,2,MONOTONIC_WRITES,normal,netem delay 25ms 25ms,QUORUM,5,cassandra3,cassandra1,5,False,True,
152,4,3,MONOTONIC_WRITES,normal,netem delay 25ms 25ms,QUORUM,5,cassandra3,cassandra3,5,False,True,
152,5,1,MONOTONIC_WRITES,normal,netem delay 25ms 25ms,QUORUM,6,cassandra1,cassandra1,6,False,True,
152,5,2,MONOTONIC_WRITES,normal,netem delay 25ms 25ms,QUORUM,6,cassandra1,cassandra1,6,False,True,
152,5,3,MONOTONIC_WRITES,normal,netem delay 25ms 25ms,QUORUM,6,cassandra1,cassandra2,6,False,True,
153,1,1,MONOTONIC_WRITES,normal,netem delay 25ms 25ms,QUORUM,2,cassandra3,cassandra1,2,False,True,
153,1,2,MONOTONIC_WRITES,normal,netem delay 25ms 25ms,QUORUM,2,cassandra3,cassandra1,2,False,True,
153,1,3,MONOTONIC_WRITES,normal,netem delay 25ms 25ms,QUORUM,2,cassandra3,cassandra3,2,False,True,
153,2,1,MONOTONIC_WRITES,normal,netem delay 25ms 25ms,QUORUM,3,cassandra3,cassandra3,3,False,True,
153,2,2,MONOTONIC_WRITES,normal,netem delay 25ms 25ms,QUORUM,3,cassandra3,cassandra3,3,False,True,
153,2,3,MONOTONIC_WRITES,normal,netem delay 25ms 25ms,QUORUM,3,cassandra3,cassandra1,3,False,True,
153,3,1,MONOTONIC_WRITES,normal,netem delay 25ms 25ms,QUORUM,4,cassandra3,cassandra2,4,False,True,
153,3,2,MONOTONIC_WRITES,normal,netem delay 25ms 25ms,QUORUM,4,cassandra3,cassandra1,4,False,True,
153,3,3,MONOTONIC_WRITES,normal,netem delay 25ms 25ms,QUORUM,4,cassandra3,cassandra3,4,False,True,
153,4,1,MONOTONIC_WRITES,normal,netem delay 25ms 25ms,QUORUM,5,cassandra1,cassandra2,5,False,True,
153,4,2,MONOTONIC_WRITES,normal,netem delay 25ms 25ms,QUORUM,5,cassandra1,cassandra3,5,False,True,
153,4,3,MONOTONIC_WRITES,normal,netem delay 25ms 25ms,QUORUM,5,cassandra1,cassandra2,5,False,True,
153,5,1,MONOTONIC_WRITES,normal,netem delay 25ms 25ms,QUORUM,6,cassandra1,cassandra3,6,False,True,
153,5,2,MONOTONIC_WRITES,normal,netem delay 25ms 25ms,QUORUM,6,cassandra1,cassandra1,6,False,True,
153,5,3,MONOTONIC_WRITES,normal,netem delay 25ms 25ms,QUORUM,6,cassandra1,cassandra2,6,False,True,
154,1,1,MONOTONIC_WRITES,normal,netem delay 25ms 25ms,QUORUM,2,cassandra3,cassandra2,2,False,True,
154,1,2,MONOTONIC_WRITES,normal,netem delay 25ms 25ms,QUORUM,2,cassandra3,cassandra2,2,False,True,
154,1,3,MONOTONIC_WRITES,normal,netem delay 25ms 25ms,QUORUM,2,cassandra3,cassandra1,2,False,True,
154,2,1,MONOTONIC_WRITES,normal,netem delay 25ms 25ms,QUORUM,3,cassandra3,cassandra1,3,False,True,
154,2,2,MONOTONIC_WRITES,normal,netem delay 25ms 25ms,QUORUM,3,cassandra3,cassandra2,3,False,True,
154,2,3,MONOTONIC_WRITES,normal,netem delay 25ms 25ms,QUORUM,3,cassandra3,cassandra2,3,False,True,
154,3,1,MONOTONIC_WRITES,normal,netem delay 25ms 25ms,QUORUM,4,cassandra3,cassandra1,4,False,True,
154,3,2,MONOTONIC_WRITES,normal,netem delay 25ms 25ms,QUORUM,4,cassandra3,cassandra2,4,False,True,
154,3,3,MONOTONIC_WRITES,normal,netem delay 25ms 25ms,QUORUM,4,cassandra3,cassandra1,4,False,True,
154,4,1,MONOTONIC_WRITES,normal,netem delay 25ms 25ms,QUORUM,5,cassandra3,cassandra2,5,False,True,
154,4,2,MONOTONIC_WRITES,normal,netem delay 25ms 25ms,QUORUM,5,cassandra3,cassandra2,5,False,True,
154,4,3,MONOTONIC_WRITES,normal,netem delay 25ms 25ms,QUORUM,5,cassandra3,cassandra3,5,False,True,
154,5,1,MONOTONIC_WRITES,normal,netem delay 25ms 25ms,QUORUM,6,cassandra2,cassandra1,6,False,True,
154,5,2,MONOTONIC_WRITES,normal,netem delay 25ms 25ms,QUORUM,6,cassandra2,cassandra1,6,False,True,
154,5,3,MONOTONIC_WRITES,normal,netem delay 25ms 25ms,QUORUM,6,cassandra2,cassandra1,6,False,True,
155,1,1,MONOTONIC_WRITES,normal,netem delay 25ms 25ms,QUORUM,2,cassandra2,cassandra1,2,False,True,
155,1,2,MONOTONIC_WRITES,normal,netem delay 25ms 25ms,QUORUM,2,cassandra2,cassandra1,2,False,True,
155,1,3,MONOTONIC_WRITES,normal,netem delay 25ms 25ms,QUORUM,2,cassandra2,cassandra1,2,False,True,
155,2,1,MONOTONIC_WRITES,normal,netem delay 25ms 25ms,QUORUM,3,cassandra2,cassandra1,3,False,True,
155,2,2,MONOTONIC_WRITES,normal,netem delay 25ms 25ms,QUORUM,3,cassandra2,cassandra2,3,False,True,
155,2,3,MONOTONIC_WRITES,normal,netem delay 25ms 25ms,QUORUM,3,cassandra2,cassandra2,3,False,True,
155,3,1,MONOTONIC_WRITES,normal,netem delay 25ms 25ms,QUORUM,4,cassandra2,cassandra3,4,False,True,
155,3,2,MONOTONIC_WRITES,normal,netem delay 25ms 25ms,QUORUM,4,cassandra2,cassandra2,4,False,True,
155,3,3,MONOTONIC_WRITES,normal,netem delay 25ms 25ms,QUORUM,4,cassandra2,cassandra2,4,False,True,
155,4,1,MONOTONIC_WRITES,normal,netem delay 25ms 25ms,QUORUM,5,cassandra3,cassandra3,5,False,True,
155,4,2,MONOTONIC_WRITES,normal,netem delay 25ms 25ms,QUORUM,5,cassandra3,cassandra3,5,False,True,
155,4,3,MONOTONIC_WRITES,normal,netem delay 25ms 25ms,QUORUM,5,cassandra3,cassandra1,5,False,True,
155,5,1,MONOTONIC_WRITES,normal,netem delay 25ms 25ms,QUORUM,6,cassandra2,cassandra1,6,False,True,
155,5,2,MONOTONIC_WRITES,normal,netem delay 25ms 25ms,QUORUM,6,cassandra2,cassandra1,6,False,True,
155,5,3,MONOTONIC_WRITES,normal,netem delay 25ms 25ms,QUORUM,6,cassandra2,cassandra2,6,False,True,
156,1,1,MONOTONIC_WRITES,normal,netem delay 25ms 25ms,QUORUM,2,cassandra2,cassandra3,2,False,True,
156,1,2,MONOTONIC_WRITES,normal,netem delay 25ms 25ms,QUORUM,2,cassandra2,cassandra1,2,False,True,
156,1,3,MONOTONIC_WRITES,normal,netem delay 25ms 25ms,QUORUM,2,cassandra2,cassandra1,2,False,True,
156,2,1,MONOTONIC_WRITES,normal,netem delay 25ms 25ms,QUORUM,3,cassandra2,cassandra3,3,False,True,
156,2,2,MONOTONIC_WRITES,normal,netem delay 25ms 25ms,QUORUM,3,cassandra2,cassandra2,3,False,True,
156,2,3,MONOTONIC_WRITES,normal,netem delay 25ms 25ms,QUORUM,3,cassandra2,cassandra1,3,False,True,
156,3,1,MONOTONIC_WRITES,normal,netem delay 25ms 25ms,QUORUM,4,cassandra1,cassandra1,4,False,True,
156,3,2,MONOTONIC_WRITES,normal,netem delay 25ms 25ms,QUORUM,4,cassandra1,cassandra2,4,False,True,
156,3,3,MONOTONIC_WRITES,normal,netem delay 25ms 25ms,QUORUM,4,cassandra1,cassandra3,4,False,True,
156,4,1,MONOTONIC_WRITES,normal,netem delay 25ms 25ms,QUORUM,5,cassandra2,cassandra2,5,False,True,
156,4,2,MONOTONIC_WRITES,normal,netem delay 25ms 25ms,QUORUM,5,cassandra2,cassandra1,5,False,True,
156,4,3,MONOTONIC_WRITES,normal,netem delay 25ms 25ms,QUORUM,5,cassandra2,cassandra3,5,False,True,
156,5,1,MONOTONIC_WRITES,normal,netem delay 25ms 25ms,QUORUM,6,cassandra2,cassandra2,6,False,True,
156,5,2,MONOTONIC_WRITES,normal,netem delay 25ms 25ms,QUORUM,6,cassandra2,cassandra2,6,False,True,
156,5,3,MONOTONIC_WRITES,normal,netem delay 25ms 25ms,QUORUM,6,cassandra2,cassandra1,6,False,True,
157,1,1,MONOTONIC_WRITES,normal,netem delay 25ms 25ms,QUORUM,2,cassandra2,cassandra3,2,False,True,
157,1,2,MONOTONIC_WRITES,normal,netem delay 25ms 25ms,QUORUM,2,cassandra2,cassandra2,2,False,True,
157,1,3,MONOTONIC_WRITES,normal,netem delay 25ms 25ms,QUORUM,2,cassandra2,cassandra2,2,False,True,
157,2,1,MONOTONIC_WRITES,normal,netem delay 25ms 25ms,QUORUM,3,cassandra2,cassandra2,3,False,True,
157,2,2,MONOTONIC_WRITES,normal,netem delay 25ms 25ms,QUORUM,3,cassandra2,cassandra1,3,False,True,
157,2,3,MONOTONIC_WRITES,normal,netem delay 25ms 25ms,QUORUM,3,cassandra2,cassandra2,3,False,True,
157,3,1,MONOTONIC_WRITES,normal,netem delay 25ms 25ms,QUORUM,4,cassandra2,cassandra3,4,False,True,
157,3,2,MONOTONIC_WRITES,normal,netem delay 25ms 25ms,QUORUM,4,cassandra2,cassandra3,4,False,True,
157,3,3,MONOTONIC_WRITES,normal,netem delay 25ms 25ms,QUORUM,4,cassandra2,cassandra3,4,False,True,
157,4,1,MONOTONIC_WRITES,normal,netem delay 25ms 25ms,QUORUM,5,cassandra3,cassandra1,5,False,True,
157,4,2,MONOTONIC_WRITES,normal,netem delay 25ms 25ms,QUORUM,5,cassandra3,cassandra2,5,False,True,
157,4,3,MONOTONIC_WRITES,normal,netem delay 25ms 25ms,QUORUM,5,cassandra3,cassandra3,5,False,True,
157,5,1,MONOTONIC_WRITES,normal,netem delay 25ms 25ms,QUORUM,6,cassandra3,cassandra1,6,False,True,
157,5,2,MONOTONIC_WRITES,normal,netem delay 25ms 25ms,QUORUM,6,cassandra3,cassandra3,6,False,True,
157,5,3,MONOTONIC_WRITES,normal,netem delay 25ms 25ms,QUORUM,6,cassandra3,cassandra3,6,False,True,
158,1,1,MONOTONIC_WRITES,normal,netem delay 25ms 25ms,QUORUM,2,cassandra3,cassandra2,2,False,True,
158,1,2,MONOTONIC_WRITES,normal,netem delay 25ms 25ms,QUORUM,2,cassandra3,cassandra1,2,False,True,
158,1,3,MONOTONIC_WRITES,normal,netem delay 25ms 25ms,QUORUM,2,cassandra3,cassandra1,2,False,True,
158,2,1,MONOTONIC_WRITES,normal,netem delay 25ms 25ms,QUORUM,3,cassandra1,cassandra3,3,False,True,
158,2,2,MONOTONIC_WRITES,normal,netem delay 25ms 25ms,QUORUM,3,cassandra1,cassandra2,3,False,True,
158,2,3,MONOTONIC_WRITES,normal,netem delay 25ms 25ms,QUORUM,3,cassandra1,cassandra1,3,False,True,
158,3,1,MONOTONIC_WRITES,normal,netem delay 25ms 25ms,QUORUM,4,cassandra2,cassandra2,4,False,True,
158,3,2,MONOTONIC_WRITES,normal,netem delay 25ms 25ms,QUORUM,4,cassandra2,cassandra1,4,False,True,
158,3,3,MONOTONIC_WRITES,normal,netem delay 25ms 25ms,QUORUM,4,cassandra2,cassandra3,4,False,True,
158,4,1,MONOTONIC_WRITES,normal,netem delay 25ms 25ms,QUORUM,5,cassandra3,cassandra3,5,False,True,
158,4,2,MONOTONIC_WRITES,normal,netem delay 25ms 25ms,QUORUM,5,cassandra3,cassandra2,5,False,True,
158,4,3,MONOTONIC_WRITES,normal,netem delay 25ms 25ms,QUORUM,5,cassandra3,cassandra3,5,False,True,
158,5,1,MONOTONIC_WRITES,normal,netem delay 25ms 25ms,QUORUM,6,cassandra2,cassandra2,6,False,True,
158,5,2,MONOTONIC_WRITES,normal,netem delay 25ms 25ms,QUORUM,6,cassandra2,cassandra2,6,False,True,
158,5,3,MONOTONIC_WRITES,normal,netem delay 25ms 25ms,QUORUM,6,cassandra2,cassandra2,6,False,True,
159,1,1,MONOTONIC_WRITES,normal,netem delay 25ms 25ms,QUORUM,2,cassandra1,cassandra2,2,False,True,
159,1,2,MONOTONIC_WRITES,normal,netem delay 25ms 25ms,QUORUM,2,cassandra1,cassandra1,2,False,True,
159,1,3,MONOTONIC_WRITES,normal,netem delay 25ms 25ms,QUORUM,2,cassandra1,cassandra2,2,False,True,
159,2,1,MONOTONIC_WRITES,normal,netem delay 25ms 25ms,QUORUM,3,cassandra2,cassandra3,3,False,True,
159,2,2,MONOTONIC_WRITES,normal,netem delay 25ms 25ms,QUORUM,3,cassandra2,cassandra3,3,False,True,
159,2,3,MONOTONIC_WRITES,normal,netem delay 25ms 25ms,QUORUM,3,cassandra2,cassandra3,3,False,True,
159,3,1,MONOTONIC_WRITES,normal,netem delay 25ms 25ms,QUORUM,4,cassandra1,cassandra1,4,False,True,
159,3,2,MONOTONIC_WRITES,normal,netem delay 25ms 25ms,QUORUM,4,cassandra1,cassandra2,4,False,True,
159,3,3,MONOTONIC_WRITES,normal,netem delay 25ms 25ms,QUORUM,4,cassandra1,cassandra1,4,False,True,
159,4,1,MONOTONIC_WRITES,normal,netem delay 25ms 25ms,QUORUM,5,cassandra1,cassandra2,5,False,True,
159,4,2,MONOTONIC_WRITES,normal,netem delay 25ms 25ms,QUORUM,5,cassandra1,cassandra2,5,False,True,
159,4,3,MONOTONIC_WRITES,normal,netem delay 25ms 25ms,QUORUM,5,cassandra1,cassandra3,5,False,True,
159,5,1,MONOTONIC_WRITES,normal,netem delay 25ms 25ms,QUORUM,6,cassandra1,cassandra3,6,False,True,
159,5,2,MONOTONIC_WRITES,normal,netem delay 25ms 25ms,QUORUM,6,cassandra1,cassandra1,6,False,True,
159,5,3,MONOTONIC_WRITES,normal,netem delay 25ms 25ms,QUORUM,6,cassandra1,cassandra1,6,False,True,
160,1,1,MONOTONIC_WRITES,normal,netem delay 25ms 25ms,QUORUM,2,cassandra1,cassandra1,2,False,True,
160,1,2,MONOTONIC_WRITES,normal,netem delay 25ms 25ms,QUORUM,2,cassandra1,cassandra1,2,False,True,
160,1,3,MONOTONIC_WRITES,normal,netem delay 25ms 25ms,QUORUM,2,cassandra1,cassandra2,2,False,True,
160,2,1,MONOTONIC_WRITES,normal,netem delay 25ms 25ms,QUORUM,3,cassandra2,cassandra1,3,False,True,
160,2,2,MONOTONIC_WRITES,normal,netem delay 25ms 25ms,QUORUM,3,cassandra2,cassandra1,3,False,True,
160,2,3,MONOTONIC_WRITES,normal,netem delay 25ms 25ms,QUORUM,3,cassandra2,cassandra3,3,False,True,
160,3,1,MONOTONIC_WRITES,normal,netem delay 25ms 25ms,QUORUM,4,cassandra3,cassandra1,4,False,True,
160,3,2,MONOTONIC_WRITES,normal,netem delay 25ms 25ms,QUORUM,4,cassandra3,cassandra2,4,False,True,
160,3,3,MONOTONIC_WRITES,normal,netem delay 25ms 25ms,QUORUM,4,cassandra3,cassandra1,4,False,True,
160,4,1,MONOTONIC_WRITES,normal,netem delay 25ms 25ms,QUORUM,5,cassandra2,cassandra3,5,False,True,
160,4,2,MONOTONIC_WRITES,normal,netem delay 25ms 25ms,QUORUM,5,cassandra2,cassandra3,5,False,True,
160,4,3,MONOTONIC_WRITES,normal,netem delay 25ms 25ms,QUORUM,5,cassandra2,cassandra1,5,False,True,
160,5,1,MONOTONIC_WRITES,normal,netem delay 25ms 25ms,QUORUM,6,cassandra1,cassandra1,6,False,True,
160,5,2,MONOTONIC_WRITES,normal,netem delay 25ms 25ms,QUORUM,6,cassandra1,cassandra3,6,False,True,
160,5,3,MONOTONIC_WRITES,normal,netem delay 25ms 25ms,QUORUM,6,cassandra1,cassandra2,6,False,True,
161,1,1,MONOTONIC_WRITES,normal,netem delay 25ms 25ms,QUORUM,2,cassandra2,cassandra3,2,False,True,
161,1,2,MONOTONIC_WRITES,normal,netem delay 25ms 25ms,QUORUM,2,cassandra2,cassandra2,2,False,True,
161,1,3,MONOTONIC_WRITES,normal,netem delay 25ms 25ms,QUORUM,2,cassandra2,cassandra2,2,False,True,
161,2,1,MONOTONIC_WRITES,normal,netem delay 25ms 25ms,QUORUM,3,cassandra2,cassandra3,3,False,True,
161,2,2,MONOTONIC_WRITES,normal,netem delay 25ms 25ms,QUORUM,3,cassandra2,cassandra3,3,False,True,
161,2,3,MONOTONIC_WRITES,normal,netem delay 25ms 25ms,QUORUM,3,cassandra2,cassandra2,3,False,True,
161,3,1,MONOTONIC_WRITES,normal,netem delay 25ms 25ms,QUORUM,4,cassandra1,cassandra2,4,False,True,
161,3,2,MONOTONIC_WRITES,normal,netem delay 25ms 25ms,QUORUM,4,cassandra1,cassandra3,4,False,True,
161,3,3,MONOTONIC_WRITES,normal,netem delay 25ms 25ms,QUORUM,4,cassandra1,cassandra1,4,False,True,
161,4,1,MONOTONIC_WRITES,normal,netem delay 25ms 25ms,QUORUM,5,cassandra2,cassandra3,5,False,True,
161,4,2,MONOTONIC_WRITES,normal,netem delay 25ms 25ms,QUORUM,5,cassandra2,cassandra1,5,False,True,
161,4,3,MONOTONIC_WRITES,normal,netem delay 25ms 25ms,QUORUM,5,cassandra2,cassandra3,5,False,True,
161,5,1,MONOTONIC_WRITES,normal,netem delay 25ms 25ms,QUORUM,6,cassandra2,cassandra2,6,False,True,
161,5,2,MONOTONIC_WRITES,normal,netem delay 25ms 25ms,QUORUM,6,cassandra2,cassandra2,6,False,True,
161,5,3,MONOTONIC_WRITES,normal,netem delay 25ms 25ms,QUORUM,6,cassandra2,cassandra2,6,False,True,
162,1,1,MONOTONIC_WRITES,normal,netem delay 25ms 25ms,QUORUM,2,cassandra2,cassandra1,2,False,True,
162,1,2,MONOTONIC_WRITES,normal,netem delay 25ms 25ms,QUORUM,2,cassandra2,cassandra1,2,False,True,
162,1,3,MONOTONIC_WRITES,normal,netem delay 25ms 25ms,QUORUM,2,cassandra2,cassandra2,2,False,True,
162,2,1,MONOTONIC_WRITES,normal,netem delay 25ms 25ms,QUORUM,3,cassandra3,cassandra3,3,False,True,
162,2,2,MONOTONIC_WRITES,normal,netem delay 25ms 25ms,QUORUM,3,cassandra3,cassandra1,3,False,True,
162,2,3,MONOTONIC_WRITES,normal,netem delay 25ms 25ms,QUORUM,3,cassandra3,cassandra2,3,False,True,
162,3,1,MONOTONIC_WRITES,normal,netem delay 25ms 25ms,QUORUM,4,cassandra3,cassandra2,4,False,True,
162,3,2,MONOTONIC_WRITES,normal,netem delay 25ms 25ms,QUORUM,4,cassandra3,cassandra3,4,False,True,
162,3,3,MONOTONIC_WRITES,normal,netem delay 25ms 25ms,QUORUM,4,cassandra3,cassandra1,4,False,True,
162,4,1,MONOTONIC_WRITES,normal,netem delay 25ms 25ms,QUORUM,5,cassandra3,cassandra3,5,False,True,
162,4,2,MONOTONIC_WRITES,normal,netem delay 25ms 25ms,QUORUM,5,cassandra3,cassandra3,5,False,True,
162,4,3,MONOTONIC_WRITES,normal,netem delay 25ms 25ms,QUORUM,5,cassandra3,cassandra3,5,False,True,
162,5,1,MONOTONIC_WRITES,normal,netem delay 25ms 25ms,QUORUM,6,cassandra2,cassandra2,6,False,True,
162,5,2,MONOTONIC_WRITES,normal,netem delay 25ms 25ms,QUORUM,6,cassandra2,cassandra2,6,False,True,
162,5,3,MONOTONIC_WRITES,normal,netem delay 25ms 25ms,QUORUM,6,cassandra2,cassandra2,6,False,True,
163,1,1,MONOTONIC_WRITES,normal,netem delay 25ms 25ms,QUORUM,2,cassandra1,cassandra3,2,False,True,
163,1,2,MONOTONIC_WRITES,normal,netem delay 25ms 25ms,QUORUM,2,cassandra1,cassandra3,2,False,True,
163,1,3,MONOTONIC_WRITES,normal,netem delay 25ms 25ms,QUORUM,2,cassandra1,cassandra3,2,False,True,
163,2,1,MONOTONIC_WRITES,normal,netem delay 25ms 25ms,QUORUM,3,cassandra2,cassandra1,3,False,True,
163,2,2,MONOTONIC_WRITES,normal,netem delay 25ms 25ms,QUORUM,3,cassandra2,cassandra3,3,False,True,
163,2,3,MONOTONIC_WRITES,normal,netem delay 25ms 25ms,QUORUM,3,cassandra2,cassandra2,3,False,True,
163,3,1,MONOTONIC_WRITES,normal,netem delay 25ms 25ms,QUORUM,4,cassandra3,cassandra2,4,False,True,
163,3,2,MONOTONIC_WRITES,normal,netem delay 25ms 25ms,QUORUM,4,cassandra3,cassandra3,4,False,True,
163,3,3,MONOTONIC_WRITES,normal,netem delay 25ms 25ms,QUORUM,4,cassandra3,cassandra3,4,False,True,
163,4,1,MONOTONIC_WRITES,normal,netem delay 25ms 25ms,QUORUM,5,cassandra1,cassandra2,5,False,True,
163,4,2,MONOTONIC_WRITES,normal,netem delay 25ms 25ms,QUORUM,5,cassandra1,cassandra2,5,False,True,
163,4,3,MONOTONIC_WRITES,normal,netem delay 25ms 25ms,QUORUM,5,cassandra1,cassandra1,5,False,True,
163,5,1,MONOTONIC_WRITES,normal,netem delay 25ms 25ms,QUORUM,6,cassandra3,cassandra1,6,False,True,
163,5,2,MONOTONIC_WRITES,normal,netem delay 25ms 25ms,QUORUM,6,cassandra3,cassandra1,6,False,True,
163,5,3,MONOTONIC_WRITES,normal,netem delay 25ms 25ms,QUORUM,6,cassandra3,cassandra3,6,False,True,
164,1,1,MONOTONIC_WRITES,normal,netem delay 25ms 25ms,QUORUM,2,cassandra2,cassandra3,2,False,True,
164,1,2,MONOTONIC_WRITES,normal,netem delay 25ms 25ms,QUORUM,2,cassandra2,cassandra2,2,False,True,
164,1,3,MONOTONIC_WRITES,normal,netem delay 25ms 25ms,QUORUM,2,cassandra2,cassandra3,2,False,True,
164,2,1,MONOTONIC_WRITES,normal,netem delay 25ms 25ms,QUORUM,3,cassandra1,cassandra2,3,False,True,
164,2,2,MONOTONIC_WRITES,normal,netem delay 25ms 25ms,QUORUM,3,cassandra1,cassandra3,3,False,True,
164,2,3,MONOTONIC_WRITES,normal,netem delay 25ms 25ms,QUORUM,3,cassandra1,cassandra3,3,False,True,
164,3,1,MONOTONIC_WRITES,normal,netem delay 25ms 25ms,QUORUM,4,cassandra3,cassandra1,4,False,True,
164,3,2,MONOTONIC_WRITES,normal,netem delay 25ms 25ms,QUORUM,4,cassandra3,cassandra1,4,False,True,
164,3,3,MONOTONIC_WRITES,normal,netem delay 25ms 25ms,QUORUM,4,cassandra3,cassandra3,4,False,True,
164,4,1,MONOTONIC_WRITES,normal,netem delay 25ms 25ms,QUORUM,5,cassandra3,cassandra1,5,False,True,
164,4,2,MONOTONIC_WRITES,normal,netem delay 25ms 25ms,QUORUM,5,cassandra3,cassandra1,5,False,True,
164,4,3,MONOTONIC_WRITES,normal,netem delay 25ms 25ms,QUORUM,5,cassandra3,cassandra3,5,False,True,
164,5,1,MONOTONIC_WRITES,normal,netem delay 25ms 25ms,QUORUM,6,cassandra2,cassandra1,6,False,True,
164,5,2,MONOTONIC_WRITES,normal,netem delay 25ms 25ms,QUORUM,6,cassandra2,cassandra1,6,False,True,
164,5,3,MONOTONIC_WRITES,normal,netem delay 25ms 25ms,QUORUM,6,cassandra2,cassandra3,6,False,True,
165,1,1,MONOTONIC_WRITES,normal,netem delay 25ms 25ms,QUORUM,2,cassandra1,cassandra1,2,False,True,
165,1,2,MONOTONIC_WRITES,normal,netem delay 25ms 25ms,QUORUM,2,cassandra1,cassandra1,2,False,True,
165,1,3,MONOTONIC_WRITES,normal,netem delay 25ms 25ms,QUORUM,2,cassandra1,cassandra2,2,False,True,
165,2,1,MONOTONIC_WRITES,normal,netem delay 25ms 25ms,QUORUM,3,cassandra3,cassandra1,3,False,True,
165,2,2,MONOTONIC_WRITES,normal,netem delay 25ms 25ms,QUORUM,3,cassandra3,cassandra1,3,False,True,
165,2,3,MONOTONIC_WRITES,normal,netem delay 25ms 25ms,QUORUM,3,cassandra3,cassandra2,3,False,True,
165,3,1,MONOTONIC_WRITES,normal,netem delay 25ms 25ms,QUORUM,4,cassandra1,cassandra2,4,False,True,
165,3,2,MONOTONIC_WRITES,normal,netem delay 25ms 25ms,QUORUM,4,cassandra1,cassandra3,4,False,True,
165,3,3,MONOTONIC_WRITES,normal,netem delay 25ms 25ms,QUORUM,4,cassandra1,cassandra2,4,False,True,
165,4,1,MONOTONIC_WRITES,normal,netem delay 25ms 25ms,QUORUM,5,cassandra1,cassandra1,5,False,True,
165,4,2,MONOTONIC_WRITES,normal,netem delay 25ms 25ms,QUORUM,5,cassandra1,cassandra2,5,False,True,
165,4,3,MONOTONIC_WRITES,normal,netem delay 25ms 25ms,QUORUM,5,cassandra1,cassandra2,5,False,True,
165,5,1,MONOTONIC_WRITES,normal,netem delay 25ms 25ms,QUORUM,6,cassandra2,cassandra2,6,False,True,
165,5,2,MONOTONIC_WRITES,normal,netem delay 25ms 25ms,QUORUM,6,cassandra2,cassandra3,6,False,True,
165,5,3,MONOTONIC_WRITES,normal,netem delay 25ms 25ms,QUORUM,6,cassandra2,cassandra2,6,False,True,
166,1,1,MONOTONIC_WRITES,normal,netem delay 25ms 25ms,QUORUM,2,cassandra2,cassandra1,2,False,True,
166,1,2,MONOTONIC_WRITES,normal,netem delay 25ms 25ms,QUORUM,2,cassandra2,cassandra2,2,False,True,
166,1,3,MONOTONIC_WRITES,normal,netem delay 25ms 25ms,QUORUM,2,cassandra2,cassandra1,2,False,True,
166,2,1,MONOTONIC_WRITES,normal,netem delay 25ms 25ms,QUORUM,3,cassandra2,cassandra2,3,False,True,
166,2,2,MONOTONIC_WRITES,normal,netem delay 25ms 25ms,QUORUM,3,cassandra2,cassandra2,3,False,True,
166,2,3,MONOTONIC_WRITES,normal,netem delay 25ms 25ms,QUORUM,3,cassandra2,cassandra1,3,False,True,
166,3,1,MONOTONIC_WRITES,normal,netem delay 25ms 25ms,QUORUM,4,cassandra2,cassandra3,4,False,True,
166,3,2,MONOTONIC_WRITES,normal,netem delay 25ms 25ms,QUORUM,4,cassandra2,cassandra3,4,False,True,
166,3,3,MONOTONIC_WRITES,normal,netem delay 25ms 25ms,QUORUM,4,cassandra2,cassandra3,4,False,True,
166,4,1,MONOTONIC_WRITES,normal,netem delay 25ms 25ms,QUORUM,5,cassandra3,cassandra3,5,False,True,
166,4,2,MONOTONIC_WRITES,normal,netem delay 25ms 25ms,QUORUM,5,cassandra3,cassandra2,5,False,True,
166,4,3,MONOTONIC_WRITES,normal,netem delay 25ms 25ms,QUORUM,5,cassandra3,cassandra1,5,False,True,
166,5,1,MONOTONIC_WRITES,normal,netem delay 25ms 25ms,QUORUM,6,cassandra1,cassandra2,6,False,True,
166,5,2,MONOTONIC_WRITES,normal,netem delay 25ms 25ms,QUORUM,6,cassandra1,cassandra3,6,False,True,
166,5,3,MONOTONIC_WRITES,normal,netem delay 25ms 25ms,QUORUM,6,cassandra1,cassandra1,6,False,True,
167,1,1,MONOTONIC_WRITES,normal,netem delay 25ms 25ms,QUORUM,2,cassandra1,cassandra1,2,False,True,
167,1,2,MONOTONIC_WRITES,normal,netem delay 25ms 25ms,QUORUM,2,cassandra1,cassandra1,2,False,True,
167,1,3,MONOTONIC_WRITES,normal,netem delay 25ms 25ms,QUORUM,2,cassandra1,cassandra2,2,False,True,
167,2,1,MONOTONIC_WRITES,normal,netem delay 25ms 25ms,QUORUM,3,cassandra3,cassandra1,3,False,True,
167,2,2,MONOTONIC_WRITES,normal,netem delay 25ms 25ms,QUORUM,3,cassandra3,cassandra1,3,False,True,
167,2,3,MONOTONIC_WRITES,normal,netem delay 25ms 25ms,QUORUM,3,cassandra3,cassandra1,3,False,True,
167,3,1,MONOTONIC_WRITES,normal,netem delay 25ms 25ms,QUORUM,4,cassandra3,cassandra1,4,False,True,
167,3,2,MONOTONIC_WRITES,normal,netem delay 25ms 25ms,QUORUM,4,cassandra3,cassandra3,4,False,True,
167,3,3,MONOTONIC_WRITES,normal,netem delay 25ms 25ms,QUORUM,4,cassandra3,cassandra3,4,False,True,
167,4,1,MONOTONIC_WRITES,normal,netem delay 25ms 25ms,QUORUM,5,cassandra3,cassandra3,5,False,True,
167,4,2,MONOTONIC_WRITES,normal,netem delay 25ms 25ms,QUORUM,5,cassandra3,cassandra3,5,False,True,
167,4,3,MONOTONIC_WRITES,normal,netem delay 25ms 25ms,QUORUM,5,cassandra3,cassandra3,5,False,True,
167,5,1,MONOTONIC_WRITES,normal,netem delay 25ms 25ms,QUORUM,6,cassandra3,cassandra2,6,False,True,
167,5,2,MONOTONIC_WRITES,normal,netem delay 25ms 25ms,QUORUM,6,cassandra3,cassandra1,6,False,True,
167,5,3,MONOTONIC_WRITES,normal,netem delay 25ms 25ms,QUORUM,6,cassandra3,cassandra2,6,False,True,
168,1,1,MONOTONIC_WRITES,normal,netem delay 25ms 25ms,QUORUM,2,cassandra1,cassandra2,2,False,True,
168,1,2,MONOTONIC_WRITES,normal,netem delay 25ms 25ms,QUORUM,2,cassandra1,cassandra3,2,False,True,
168,1,3,MONOTONIC_WRITES,normal,netem delay 25ms 25ms,QUORUM,2,cassandra1,cassandra2,2,False,True,
168,2,1,MONOTONIC_WRITES,normal,netem delay 25ms 25ms,QUORUM,3,cassandra2,cassandra3,3,False,True,
168,2,2,MONOTONIC_WRITES,normal,netem delay 25ms 25ms,QUORUM,3,cassandra2,cassandra3,3,False,True,
168,2,3,MONOTONIC_WRITES,normal,netem delay 25ms 25ms,QUORUM,3,cassandra2,cassandra2,3,False,True,
168,3,1,MONOTONIC_WRITES,normal,netem delay 25ms 25ms,QUORUM,4,cassandra2,cassandra2,4,False,True,
168,3,2,MONOTONIC_WRITES,normal,netem delay 25ms 25ms,QUORUM,4,cassandra2,cassandra3,4,False,True,
168,3,3,MONOTONIC_WRITES,normal,netem delay 25ms 25ms,QUORUM,4,cassandra2,cassandra3,4,False,True,
168,4,1,MONOTONIC_WRITES,normal,netem delay 25ms 25ms,QUORUM,5,cassandra3,cassandra3,5,False,True,
168,4,2,MONOTONIC_WRITES,normal,netem delay 25ms 25ms,QUORUM,5,cassandra3,cassandra2,5,False,True,
168,4,3,MONOTONIC_WRITES,normal,netem delay 25ms 25ms,QUORUM,5,cassandra3,cassandra2,5,False,True,
168,5,1,MONOTONIC_WRITES,normal,netem delay 25ms 25ms,QUORUM,6,cassandra2,cassandra2,6,False,True,
168,5,2,MONOTONIC_WRITES,normal,netem delay 25ms 25ms,QUORUM,6,cassandra2,cassandra2,6,False,True,
168,5,3,MONOTONIC_WRITES,normal,netem delay 25ms 25ms,QUORUM,6,cassandra2,cassandra1,6,False,True,
169,1,1,MONOTONIC_WRITES,normal,netem delay 25ms 25ms,QUORUM,2,cassandra2,cassandra1,2,False,True,
169,1,2,MONOTONIC_WRITES,normal,netem delay 25ms 25ms,QUORUM,2,cassandra2,cassandra3,2,False,True,
169,1,3,MONOTONIC_WRITES,normal,netem delay 25ms 25ms,QUORUM,2,cassandra2,cassandra1,2,False,True,
169,2,1,MONOTONIC_WRITES,normal,netem delay 25ms 25ms,QUORUM,3,cassandra2,cassandra1,3,False,True,
169,2,2,MONOTONIC_WRITES,normal,netem delay 25ms 25ms,QUORUM,3,cassandra2,cassandra2,3,False,True,
169,2,3,MONOTONIC_WRITES,normal,netem delay 25ms 25ms,QUORUM,3,cassandra2,cassandra1,3,False,True,
169,3,1,MONOTONIC_WRITES,normal,netem delay 25ms 25ms,QUORUM,4,cassandra3,cassandra3,4,False,True,
169,3,2,MONOTONIC_WRITES,normal,netem delay 25ms 25ms,QUORUM,4,cassandra3,cassandra2,4,False,True,
169,3,3,MONOTONIC_WRITES,normal,netem delay 25ms 25ms,QUORUM,4,cassandra3,cassandra3,4,False,True,
169,4,1,MONOTONIC_WRITES,normal,netem delay 25ms 25ms,QUORUM,5,cassandra1,cassandra1,5,False,True,
169,4,2,MONOTONIC_WRITES,normal,netem delay 25ms 25ms,QUORUM,5,cassandra1,cassandra2,5,False,True,
169,4,3,MONOTONIC_WRITES,normal,netem delay 25ms 25ms,QUORUM,5,cassandra1,cassandra2,5,False,True,
169,5,1,MONOTONIC_WRITES,normal,netem delay 25ms 25ms,QUORUM,6,cassandra1,cassandra3,5,True,True,
169,5,2,MONOTONIC_WRITES,normal,netem delay 25ms 25ms,QUORUM,6,cassandra1,cassandra1,6,False,True,
169,5,3,MONOTONIC_WRITES,normal,netem delay 25ms 25ms,QUORUM,6,cassandra1,cassandra3,6,False,True,
170,1,1,MONOTONIC_WRITES,normal,netem delay 25ms 25ms,QUORUM,2,cassandra3,cassandra2,2,False,True,
170,1,2,MONOTONIC_WRITES,normal,netem delay 25ms 25ms,QUORUM,2,cassandra3,cassandra1,2,False,True,
170,1,3,MONOTONIC_WRITES,normal,netem delay 25ms 25ms,QUORUM,2,cassandra3,cassandra2,2,False,True,
170,2,1,MONOTONIC_WRITES,normal,netem delay 25ms 25ms,QUORUM,3,cassandra2,cassandra2,3,False,True,
170,2,2,MONOTONIC_WRITES,normal,netem delay 25ms 25ms,QUORUM,3,cassandra2,cassandra3,3,False,True,
170,2,3,MONOTONIC_WRITES,normal,netem delay 25ms 25ms,QUORUM,3,cassandra2,cassandra1,3,False,True,
170,3,1,MONOTONIC_WRITES,normal,netem delay 25ms 25ms,QUORUM,4,cassandra1,cassandra2,4,False,True,
170,3,2,MONOTONIC_WRITES,normal,netem delay 25ms 25ms,QUORUM,4,cassandra1,cassandra1,4,False,True,
170,3,3,MONOTONIC_WRITES,normal,netem delay 25ms 25ms,QUORUM,4,cassandra1,cassandra2,4,False,True,
170,4,1,MONOTONIC_WRITES,normal,netem delay 25ms 25ms,QUORUM,5,cassandra2,cassandra1,5,False,True,
170,4,2,MONOTONIC_WRITES,normal,netem delay 25ms 25ms,QUORUM,5,cassandra2,cassandra3,5,False,True,
170,4,3,MONOTONIC_WRITES,normal,netem delay 25ms 25ms,QUORUM,5,cassandra2,cassandra2,5,False,True,
170,5,1,MONOTONIC_WRITES,normal,netem delay 25ms 25ms,QUORUM,6,cassandra3,cassandra1,6,False,True,
170,5,2,MONOTONIC_WRITES,normal,netem delay 25ms 25ms,QUORUM,6,cassandra3,cassandra2,6,False,True,
170,5,3,MONOTONIC_WRITES,normal,netem delay 25ms 25ms,QUORUM,6,cassandra3,cassandra2,6,False,True,
171,1,1,MONOTONIC_WRITES,normal,netem delay 25ms 25ms,QUORUM,2,cassandra2,cassandra2,2,False,True,
171,1,2,MONOTONIC_WRITES,normal,netem delay 25ms 25ms,QUORUM,2,cassandra2,cassandra1,2,False,True,
171,1,3,MONOTONIC_WRITES,normal,netem delay 25ms 25ms,QUORUM,2,cassandra2,cassandra3,2,False,True,
171,2,1,MONOTONIC_WRITES,normal,netem delay 25ms 25ms,QUORUM,3,cassandra2,cassandra3,3,False,True,
171,2,2,MONOTONIC_WRITES,normal,netem delay 25ms 25ms,QUORUM,3,cassandra2,cassandra2,3,False,True,
171,2,3,MONOTONIC_WRITES,normal,netem delay 25ms 25ms,QUORUM,3,cassandra2,cassandra3,3,False,True,
171,3,1,MONOTONIC_WRITES,normal,netem delay 25ms 25ms,QUORUM,4,cassandra1,cassandra1,4,False,True,
171,3,2,MONOTONIC_WRITES,normal,netem delay 25ms 25ms,QUORUM,4,cassandra1,cassandra3,4,False,True,
171,3,3,MONOTONIC_WRITES,normal,netem delay 25ms 25ms,QUORUM,4,cassandra1,cassandra2,4,False,True,
171,4,1,MONOTONIC_WRITES,normal,netem delay 25ms 25ms,QUORUM,5,cassandra3,cassandra3,5,False,True,
171,4,2,MONOTONIC_WRITES,normal,netem delay 25ms 25ms,QUORUM,5,cassandra3,cassandra2,5,False,True,
171,4,3,MONOTONIC_WRITES,normal,netem delay 25ms 25ms,QUORUM,5,cassandra3,cassandra1,5,False,True,
171,5,1,MONOTONIC_WRITES,normal,netem delay 25ms 25ms,QUORUM,6,cassandra2,cassandra3,6,False,True,
171,5,2,MONOTONIC_WRITES,normal,netem delay 25ms 25ms,QUORUM,6,cassandra2,cassandra3,6,False,True,
171,5,3,MONOTONIC_WRITES,normal,netem delay 25ms 25ms,QUORUM,6,cassandra2,cassandra3,6,False,True,
172,1,1,MONOTONIC_WRITES,normal,netem delay 25ms 25ms,QUORUM,2,cassandra1,cassandra2,2,False,True,
172,1,2,MONOTONIC_WRITES,normal,netem delay 25ms 25ms,QUORUM,2,cassandra1,cassandra3,2,False,True,
172,1,3,MONOTONIC_WRITES,normal,netem delay 25ms 25ms,QUORUM,2,cassandra1,cassandra2,2,False,True,
172,2,1,MONOTONIC_WRITES,normal,netem delay 25ms 25ms,QUORUM,3,cassandra1,cassandra2,3,False,True,
172,2,2,MONOTONIC_WRITES,normal,netem delay 25ms 25ms,QUORUM,3,cassandra1,cassandra2,3,False,True,
172,2,3,MONOTONIC_WRITES,normal,netem delay 25ms 25ms,QUORUM,3,cassandra1,cassandra3,3,False,True,
172,3,1,MONOTONIC_WRITES,normal,netem delay 25ms 25ms,QUORUM,4,cassandra3,cassandra1,4,False,True,
172,3,2,MONOTONIC_WRITES,normal,netem delay 25ms 25ms,QUORUM,4,cassandra3,cassandra3,4,False,True,
172,3,3,MONOTONIC_WRITES,normal,netem delay 25ms 25ms,QUORUM,4,cassandra3,cassandra2,4,False,True,
172,4,1,MONOTONIC_WRITES,normal,netem delay 25ms 25ms,QUORUM,5,cassandra2,cassandra3,5,False,True,
172,4,2,MONOTONIC_WRITES,normal,netem delay 25ms 25ms,QUORUM,5,cassandra2,cassandra2,5,False,True,
172,4,3,MONOTONIC_WRITES,normal,netem delay 25ms 25ms,QUORUM,5,cassandra2,cassandra3,5,False,True,
172,5,1,MONOTONIC_WRITES,normal,netem delay 25ms 25ms,QUORUM,6,cassandra1,cassandra1,6,False,True,
172,5,2,MONOTONIC_WRITES,normal,netem delay 25ms 25ms,QUORUM,6,cassandra1,cassandra3,6,False,True,
172,5,3,MONOTONIC_WRITES,normal,netem delay 25ms 25ms,QUORUM,6,cassandra1,cassandra3,6,False,True,
173,1,1,MONOTONIC_WRITES,normal,netem delay 25ms 25ms,QUORUM,2,cassandra3,cassandra1,2,False,True,
173,1,2,MONOTONIC_WRITES,normal,netem delay 25ms 25ms,QUORUM,2,cassandra3,cassandra3,2,False,True,
173,1,3,MONOTONIC_WRITES,normal,netem delay 25ms 25ms,QUORUM,2,cassandra3,cassandra1,2,False,True,
173,2,1,MONOTONIC_WRITES,normal,netem delay 25ms 25ms,QUORUM,3,cassandra3,cassandra3,3,False,True,
173,2,2,MONOTONIC_WRITES,normal,netem delay 25ms 25ms,QUORUM,3,cassandra3,cassandra3,3,False,True,
173,2,3,MONOTONIC_WRITES,normal,netem delay 25ms 25ms,QUORUM,3,cassandra3,cassandra1,3,False,True,
173,3,1,MONOTONIC_WRITES,normal,netem delay 25ms 25ms,QUORUM,4,cassandra3,cassandra3,4,False,True,
173,3,2,MONOTONIC_WRITES,normal,netem delay 25ms 25ms,QUORUM,4,cassandra3,cassandra1,4,False,True,
173,3,3,MONOTONIC_WRITES,normal,netem delay 25ms 25ms,QUORUM,4,cassandra3,cassandra3,4,False,True,
173,4,1,MONOTONIC_WRITES,normal,netem delay 25ms 25ms,QUORUM,5,cassandra3,cassandra1,5,False,True,
173,4,2,MONOTONIC_WRITES,normal,netem delay 25ms 25ms,QUORUM,5,cassandra3,cassandra2,5,False,True,
173,4,3,MONOTONIC_WRITES,normal,netem delay 25ms 25ms,QUORUM,5,cassandra3,cassandra1,5,False,True,
173,5,1,MONOTONIC_WRITES,normal,netem delay 25ms 25ms,QUORUM,6,cassandra3,cassandra1,6,False,True,
173,5,2,MONOTONIC_WRITES,normal,netem delay 25ms 25ms,QUORUM,6,cassandra3,cassandra2,6,False,True,
173,5,3,MONOTONIC_WRITES,normal,netem delay 25ms 25ms,QUORUM,6,cassandra3,cassandra1,6,False,True,
174,1,1,MONOTONIC_WRITES,normal,netem delay 25ms 25ms,QUORUM,2,cassandra2,cassandra1,2,False,True,
174,1,2,MONOTONIC_WRITES,normal,netem delay 25ms 25ms,QUORUM,2,cassandra2,cassandra2,2,False,True,
174,1,3,MONOTONIC_WRITES,normal,netem delay 25ms 25ms,QUORUM,2,cassandra2,cassandra2,2,False,True,
174,2,1,MONOTONIC_WRITES,normal,netem delay 25ms 25ms,QUORUM,3,cassandra3,cassandra2,3,False,True,
174,2,2,MONOTONIC_WRITES,normal,netem delay 25ms 25ms,QUORUM,3,cassandra3,cassandra2,3,False,True,
174,2,3,MONOTONIC_WRITES,normal,netem delay 25ms 25ms,QUORUM,3,cassandra3,cassandra1,3,False,True,
174,3,1,MONOTONIC_WRITES,normal,netem delay 25ms 25ms,QUORUM,4,cassandra1,cassandra3,4,False,True,
174,3,2,MONOTONIC_WRITES,normal,netem delay 25ms 25ms,QUORUM,4,cassandra1,cassandra3,4,False,True,
174,3,3,MONOTONIC_WRITES,normal,netem delay 25ms 25ms,QUORUM,4,cassandra1,cassandra3,4,False,True,
174,4,1,MONOTONIC_WRITES,normal,netem delay 25ms 25ms,QUORUM,5,cassandra3,cassandra1,5,False,True,
174,4,2,MONOTONIC_WRITES,normal,netem delay 25ms 25ms,QUORUM,5,cassandra3,cassandra2,5,False,True,
174,4,3,MONOTONIC_WRITES,normal,netem delay 25ms 25ms,QUORUM,5,cassandra3,cassandra2,5,False,True,
174,5,1,MONOTONIC_WRITES,normal,netem delay 25ms 25ms,QUORUM,6,cassandra1,cassandra1,6,False,True,
174,5,2,MONOTONIC_WRITES,normal,netem delay 25ms 25ms,QUORUM,6,cassandra1,cassandra2,6,False,True,
174,5,3,MONOTONIC_WRITES,normal,netem delay 25ms 25ms,QUORUM,6,cassandra1,cassandra3,6,False,True,
175,1,1,MONOTONIC_WRITES,normal,netem delay 25ms 25ms,QUORUM,2,cassandra2,cassandra3,2,False,True,
175,1,2,MONOTONIC_WRITES,normal,netem delay 25ms 25ms,QUORUM,2,cassandra2,cassandra1,2,False,True,
175,1,3,MONOTONIC_WRITES,normal,netem delay 25ms 25ms,QUORUM,2,cassandra2,cassandra1,2,False,True,
175,2,1,MONOTONIC_WRITES,normal,netem delay 25ms 25ms,QUORUM,3,cassandra3,cassandra2,3,False,True,
175,2,2,MONOTONIC_WRITES,normal,netem delay 25ms 25ms,QUORUM,3,cassandra3,cassandra2,3,False,True,
175,2,3,MONOTONIC_WRITES,normal,netem delay 25ms 25ms,QUORUM,3,cassandra3,cassandra2,3,False,True,
175,3,1,MONOTONIC_WRITES,normal,netem delay 25ms 25ms,QUORUM,4,cassandra1,cassandra1,4,False,True,
175,3,2,MONOTONIC_WRITES,normal,netem delay 25ms 25ms,QUORUM,4,cassandra1,cassandra1,4,False,True,
175,3,3,MONOTONIC_WRITES,normal,netem delay 25ms 25ms,QUORUM,4,cassandra1,cassandra3,4,False,True,
175,4,1,MONOTONIC_WRITES,normal,netem delay 25ms 25ms,QUORUM,5,cassandra2,cassandra1,5,False,True,
175,4,2,MONOTONIC_WRITES,normal,netem delay 25ms 25ms,QUORUM,5,cassandra2,cassandra2,5,False,True,
175,4,3,MONOTONIC_WRITES,normal,netem delay 25ms 25ms,QUORUM,5,cassandra2,cassandra1,5,False,True,
175,5,1,MONOTONIC_WRITES,normal,netem delay 25ms 25ms,QUORUM,6,cassandra1,cassandra3,6,False,True,
175,5,2,MONOTONIC_WRITES,normal,netem delay 25ms 25ms,QUORUM,6,cassandra1,cassandra3,6,False,True,
175,5,3,MONOTONIC_WRITES,normal,netem delay 25ms 25ms,QUORUM,6,cassandra1,cassandra3,6,False,True,
176,1,1,MONOTONIC_WRITES,normal,netem delay 25ms 25ms,QUORUM,2,cassandra2,cassandra2,2,False,True,
176,1,2,MONOTONIC_WRITES,normal,netem delay 25ms 25ms,QUORUM,2,cassandra2,cassandra2,2,False,True,
176,1,3,MONOTONIC_WRITES,normal,netem delay 25ms 25ms,QUORUM,2,cassandra2,cassandra3,2,False,True,
176,2,1,MONOTONIC_WRITES,normal,netem delay 25ms 25ms,QUORUM,3,cassandra3,cassandra2,3,False,True,
176,2,2,MONOTONIC_WRITES,normal,netem delay 25ms 25ms,QUORUM,3,cassandra3,cassandra1,3,False,True,
176,2,3,MONOTONIC_WRITES,normal,netem delay 25ms 25ms,QUORUM,3,cassandra3,cassandra1,3,False,True,
176,3,1,MONOTONIC_WRITES,normal,netem delay 25ms 25ms,QUORUM,4,cassandra3,cassandra1,4,False,True,
176,3,2,MONOTONIC_WRITES,normal,netem delay 25ms 25ms,QUORUM,4,cassandra3,cassandra2,4,False,True,
176,3,3,MONOTONIC_WRITES,normal,netem delay 25ms 25ms,QUORUM,4,cassandra3,cassandra2,4,False,True,
176,4,1,MONOTONIC_WRITES,normal,netem delay 25ms 25ms,QUORUM,5,cassandra3,cassandra3,5,False,True,
176,4,2,MONOTONIC_WRITES,normal,netem delay 25ms 25ms,QUORUM,5,cassandra3,cassandra3,5,False,True,
176,4,3,MONOTONIC_WRITES,normal,netem delay 25ms 25ms,QUORUM,5,cassandra3,cassandra2,5,False,True,
176,5,1,MONOTONIC_WRITES,normal,netem delay 25ms 25ms,QUORUM,6,cassandra3,cassandra2,6,False,True,
176,5,2,MONOTONIC_WRITES,normal,netem delay 25ms 25ms,QUORUM,6,cassandra3,cassandra3,6,False,True,
176,5,3,MONOTONIC_WRITES,normal,netem delay 25ms 25ms,QUORUM,6,cassandra3,cassandra1,6,False,True,
177,1,1,MONOTONIC_WRITES,normal,netem delay 25ms 25ms,QUORUM,2,cassandra2,cassandra1,2,False,True,
177,1,2,MONOTONIC_WRITES,normal,netem delay 25ms 25ms,QUORUM,2,cassandra2,cassandra3,2,False,True,
177,1,3,MONOTONIC_WRITES,normal,netem delay 25ms 25ms,QUORUM,2,cassandra2,cassandra2,2,False,True,
177,2,1,MONOTONIC_WRITES,normal,netem delay 25ms 25ms,QUORUM,3,cassandra1,cassandra3,3,False,True,
177,2,2,MONOTONIC_WRITES,normal,netem delay 25ms 25ms,QUORUM,3,cassandra1,cassandra2,3,False,True,
177,2,3,MONOTONIC_WRITES,normal,netem delay 25ms 25ms,QUORUM,3,cassandra1,cassandra2,3,False,True,
177,3,1,MONOTONIC_WRITES,normal,netem delay 25ms 25ms,QUORUM,4,cassandra3,cassandra3,4,False,True,
177,3,2,MONOTONIC_WRITES,normal,netem delay 25ms 25ms,QUORUM,4,cassandra3,cassandra2,4,False,True,
177,3,3,MONOTONIC_WRITES,normal,netem delay 25ms 25ms,QUORUM,4,cassandra3,cassandra2,4,False,True,
177,4,1,MONOTONIC_WRITES,normal,netem delay 25ms 25ms,QUORUM,5,cassandra3,cassandra3,5,False,True,
177,4,2,MONOTONIC_WRITES,normal,netem delay 25ms 25ms,QUORUM,5,cassandra3,cassandra3,5,False,True,
177,4,3,MONOTONIC_WRITES,normal,netem delay 25ms 25ms,QUORUM,5,cassandra3,cassandra3,5,False,True,
177,5,1,MONOTONIC_WRITES,normal,netem delay 25ms 25ms,QUORUM,6,cassandra3,cassandra1,6,False,True,
177,5,2,MONOTONIC_WRITES,normal,netem delay 25ms 25ms,QUORUM,6,cassandra3,cassandra2,6,False,True,
177,5,3,MONOTONIC_WRITES,normal,netem delay 25ms 25ms,QUORUM,6,cassandra3,cassandra3,6,False,True,
178,1,1,MONOTONIC_WRITES,normal,netem delay 25ms 25ms,QUORUM,2,cassandra2,cassandra3,2,False,True,
178,1,2,MONOTONIC_WRITES,normal,netem delay 25ms 25ms,QUORUM,2,cassandra2,cassandra3,2,False,True,
178,1,3,MONOTONIC_WRITES,normal,netem delay 25ms 25ms,QUORUM,2,cassandra2,cassandra1,2,False,True,
178,2,1,MONOTONIC_WRITES,normal,netem delay 25ms 25ms,QUORUM,3,cassandra3,cassandra1,3,False,True,
178,2,2,MONOTONIC_WRITES,normal,netem delay 25ms 25ms,QUORUM,3,cassandra3,cassandra1,3,False,True,
178,2,3,MONOTONIC_WRITES,normal,netem delay 25ms 25ms,QUORUM,3,cassandra3,cassandra2,3,False,True,
178,3,1,MONOTONIC_WRITES,normal,netem delay 25ms 25ms,QUORUM,4,cassandra3,cassandra3,4,False,True,
178,3,2,MONOTONIC_WRITES,normal,netem delay 25ms 25ms,QUORUM,4,cassandra3,cassandra1,4,False,True,
178,3,3,MONOTONIC_WRITES,normal,netem delay 25ms 25ms,QUORUM,4,cassandra3,cassandra2,4,False,True,
178,4,1,MONOTONIC_WRITES,normal,netem delay 25ms 25ms,QUORUM,5,cassandra1,cassandra3,5,False,True,
178,4,2,MONOTONIC_WRITES,normal,netem delay 25ms 25ms,QUORUM,5,cassandra1,cassandra3,5,False,True,
178,4,3,MONOTONIC_WRITES,normal,netem delay 25ms 25ms,QUORUM,5,cassandra1,cassandra2,5,False,True,
178,5,1,MONOTONIC_WRITES,normal,netem delay 25ms 25ms,QUORUM,6,cassandra1,cassandra3,6,False,True,
178,5,2,MONOTONIC_WRITES,normal,netem delay 25ms 25ms,QUORUM,6,cassandra1,cassandra1,6,False,True,
178,5,3,MONOTONIC_WRITES,normal,netem delay 25ms 25ms,QUORUM,6,cassandra1,cassandra3,6,False,True,
179,1,1,MONOTONIC_WRITES,normal,netem delay 25ms 25ms,QUORUM,2,cassandra3,cassandra2,2,False,True,
179,1,2,MONOTONIC_WRITES,normal,netem delay 25ms 25ms,QUORUM,2,cassandra3,cassandra3,2,False,True,
179,1,3,MONOTONIC_WRITES,normal,netem delay 25ms 25ms,QUORUM,2,cassandra3,cassandra3,2,False,True,
179,2,1,MONOTONIC_WRITES,normal,netem delay 25ms 25ms,QUORUM,3,cassandra3,cassandra3,3,False,True,
179,2,2,MONOTONIC_WRITES,normal,netem delay 25ms 25ms,QUORUM,3,cassandra3,cassandra2,3,False,True,
179,2,3,MONOTONIC_WRITES,normal,netem delay 25ms 25ms,QUORUM,3,cassandra3,cassandra3,3,False,True,
179,3,1,MONOTONIC_WRITES,normal,netem delay 25ms 25ms,QUORUM,4,cassandra2,cassandra2,4,False,True,
179,3,2,MONOTONIC_WRITES,normal,netem delay 25ms 25ms,QUORUM,4,cassandra2,cassandra3,4,False,True,
179,3,3,MONOTONIC_WRITES,normal,netem delay 25ms 25ms,QUORUM,4,cassandra2,cassandra1,4,False,True,
179,4,1,MONOTONIC_WRITES,normal,netem delay 25ms 25ms,QUORUM,5,cassandra2,cassandra3,5,False,True,
179,4,2,MONOTONIC_WRITES,normal,netem delay 25ms 25ms,QUORUM,5,cassandra2,cassandra2,5,False,True,
179,4,3,MONOTONIC_WRITES,normal,netem delay 25ms 25ms,QUORUM,5,cassandra2,cassandra1,5,False,True,
179,5,1,MONOTONIC_WRITES,normal,netem delay 25ms 25ms,QUORUM,6,cassandra1,cassandra2,6,False,True,
179,5,2,MONOTONIC_WRITES,normal,netem delay 25ms 25ms,QUORUM,6,cassandra1,cassandra2,6,False,True,
179,5,3,MONOTONIC_WRITES,normal,netem delay 25ms 25ms,QUORUM,6,cassandra1,cassandra1,6,False,True,
180,1,1,MONOTONIC_WRITES,normal,netem delay 25ms 25ms,QUORUM,2,cassandra1,cassandra1,2,False,True,
180,1,2,MONOTONIC_WRITES,normal,netem delay 25ms 25ms,QUORUM,2,cassandra1,cassandra1,2,False,True,
180,1,3,MONOTONIC_WRITES,normal,netem delay 25ms 25ms,QUORUM,2,cassandra1,cassandra1,2,False,True,
180,2,1,MONOTONIC_WRITES,normal,netem delay 25ms 25ms,QUORUM,3,cassandra3,cassandra1,3,False,True,
180,2,2,MONOTONIC_WRITES,normal,netem delay 25ms 25ms,QUORUM,3,cassandra3,cassandra1,3,False,True,
180,2,3,MONOTONIC_WRITES,normal,netem delay 25ms 25ms,QUORUM,3,cassandra3,cassandra2,3,False,True,
180,3,1,MONOTONIC_WRITES,normal,netem delay 25ms 25ms,QUORUM,4,cassandra3,cassandra3,4,False,True,
180,3,2,MONOTONIC_WRITES,normal,netem delay 25ms 25ms,QUORUM,4,cassandra3,cassandra3,4,False,True,
180,3,3,MONOTONIC_WRITES,normal,netem delay 25ms 25ms,QUORUM,4,cassandra3,cassandra3,4,False,True,
180,4,1,MONOTONIC_WRITES,normal,netem delay 25ms 25ms,QUORUM,5,cassandra3,cassandra3,5,False,True,
180,4,2,MONOTONIC_WRITES,normal,netem delay 25ms 25ms,QUORUM,5,cassandra3,cassandra2,5,False,True,
180,4,3,MONOTONIC_WRITES,normal,netem delay 25ms 25ms,QUORUM,5,cassandra3,cassandra1,5,False,True,
180,5,1,MONOTONIC_WRITES,normal,netem delay 25ms 25ms,QUORUM,6,cassandra1,cassandra2,6,False,True,
180,5,2,MONOTONIC_WRITES,normal,netem delay 25ms 25ms,QUORUM,6,cassandra1,cassandra3,6,False,True,
180,5,3,MONOTONIC_WRITES,normal,netem delay 25ms 25ms,QUORUM,6,cassandra1,cassandra1,6,False,True,
181,1,1,MONOTONIC_WRITES,normal,netem delay 25ms 25ms,QUORUM,2,cassandra2,cassandra1,2,False,True,
181,1,2,MONOTONIC_WRITES,normal,netem delay 25ms 25ms,QUORUM,2,cassandra2,cassandra1,2,False,True,
181,1,3,MONOTONIC_WRITES,normal,netem delay 25ms 25ms,QUORUM,2,cassandra2,cassandra3,2,False,True,
181,2,1,MONOTONIC_WRITES,normal,netem delay 25ms 25ms,QUORUM,3,cassandra2,cassandra1,3,False,True,
181,2,2,MONOTONIC_WRITES,normal,netem delay 25ms 25ms,QUORUM,3,cassandra2,cassandra1,3,False,True,
181,2,3,MONOTONIC_WRITES,normal,netem delay 25ms 25ms,QUORUM,3,cassandra2,cassandra1,3,False,True,
181,3,1,MONOTONIC_WRITES,normal,netem delay 25ms 25ms,QUORUM,4,cassandra3,cassandra1,4,False,True,
181,3,2,MONOTONIC_WRITES,normal,netem delay 25ms 25ms,QUORUM,4,cassandra3,cassandra3,4,False,True,
181,3,3,MONOTONIC_WRITES,normal,netem delay 25ms 25ms,QUORUM,4,cassandra3,cassandra3,4,False,True,
181,4,1,MONOTONIC_WRITES,normal,netem delay 25ms 25ms,QUORUM,5,cassandra3,cassandra1,5,False,True,
181,4,2,MONOTONIC_WRITES,normal,netem delay 25ms 25ms,QUORUM,5,cassandra3,cassandra1,5,False,True,
181,4,3,MONOTONIC_WRITES,normal,netem delay 25ms 25ms,QUORUM,5,cassandra3,cassandra3,5,False,True,
181,5,1,MONOTONIC_WRITES,normal,netem delay 25ms 25ms,QUORUM,6,cassandra1,cassandra1,6,False,True,
181,5,2,MONOTONIC_WRITES,normal,netem delay 25ms 25ms,QUORUM,6,cassandra1,cassandra1,6,False,True,
181,5,3,MONOTONIC_WRITES,normal,netem delay 25ms 25ms,QUORUM,6,cassandra1,cassandra1,6,False,True,
182,1,1,MONOTONIC_WRITES,normal,netem delay 25ms 25ms,QUORUM,2,cassandra2,cassandra1,2,False,True,
182,1,2,MONOTONIC_WRITES,normal,netem delay 25ms 25ms,QUORUM,2,cassandra2,cassandra1,2,False,True,
182,1,3,MONOTONIC_WRITES,normal,netem delay 25ms 25ms,QUORUM,2,cassandra2,cassandra1,2,False,True,
182,2,1,MONOTONIC_WRITES,normal,netem delay 25ms 25ms,QUORUM,3,cassandra2,cassandra2,3,False,True,
182,2,2,MONOTONIC_WRITES,normal,netem delay 25ms 25ms,QUORUM,3,cassandra2,cassandra2,3,False,True,
182,2,3,MONOTONIC_WRITES,normal,netem delay 25ms 25ms,QUORUM,3,cassandra2,cassandra2,3,False,True,
182,3,1,MONOTONIC_WRITES,normal,netem delay 25ms 25ms,QUORUM,4,cassandra2,cassandra1,4,False,True,
182,3,2,MONOTONIC_WRITES,normal,netem delay 25ms 25ms,QUORUM,4,cassandra2,cassandra2,4,False,True,
182,3,3,MONOTONIC_WRITES,normal,netem delay 25ms 25ms,QUORUM,4,cassandra2,cassandra1,4,False,True,
182,4,1,MONOTONIC_WRITES,normal,netem delay 25ms 25ms,QUORUM,5,cassandra1,cassandra1,5,False,True,
182,4,2,MONOTONIC_WRITES,normal,netem delay 25ms 25ms,QUORUM,5,cassandra1,cassandra3,5,False,True,
182,4,3,MONOTONIC_WRITES,normal,netem delay 25ms 25ms,QUORUM,5,cassandra1,cassandra1,5,False,True,
182,5,1,MONOTONIC_WRITES,normal,netem delay 25ms 25ms,QUORUM,6,cassandra3,cassandra3,6,False,True,
182,5,2,MONOTONIC_WRITES,normal,netem delay 25ms 25ms,QUORUM,6,cassandra3,cassandra1,6,False,True,
182,5,3,MONOTONIC_WRITES,normal,netem delay 25ms 25ms,QUORUM,6,cassandra3,cassandra1,6,False,True,
183,1,1,MONOTONIC_WRITES,normal,netem delay 25ms 25ms,QUORUM,2,cassandra3,cassandra3,2,False,True,
183,1,2,MONOTONIC_WRITES,normal,netem delay 25ms 25ms,QUORUM,2,cassandra3,cassandra2,2,False,True,
183,1,3,MONOTONIC_WRITES,normal,netem delay 25ms 25ms,QUORUM,2,cassandra3,cassandra1,2,False,True,
183,2,1,MONOTONIC_WRITES,normal,netem delay 25ms 25ms,QUORUM,3,cassandra2,cassandra3,3,False,True,
183,2,2,MONOTONIC_WRITES,normal,netem delay 25ms 25ms,QUORUM,3,cassandra2,cassandra2,3,False,True,
183,2,3,MONOTONIC_WRITES,normal,netem delay 25ms 25ms,QUORUM,3,cassandra2,cassandra1,3,False,True,
183,3,1,MONOTONIC_WRITES,normal,netem delay 25ms 25ms,QUORUM,4,cassandra1,cassandra1,4,False,True,
183,3,2,MONOTONIC_WRITES,normal,netem delay 25ms 25ms,QUORUM,4,cassandra1,cassandra1,4,False,True,
183,3,3,MONOTONIC_WRITES,normal,netem delay 25ms 25ms,QUORUM,4,cassandra1,cassandra2,4,False,True,
183,4,1,MONOTONIC_WRITES,normal,netem delay 25ms 25ms,QUORUM,5,cassandra2,cassandra1,5,False,True,
183,4,2,MONOTONIC_WRITES,normal,netem delay 25ms 25ms,QUORUM,5,cassandra2,cassandra3,5,False,True,
183,4,3,MONOTONIC_WRITES,normal,netem delay 25ms 25ms,QUORUM,5,cassandra2,cassandra2,5,False,True,
183,5,1,MONOTONIC_WRITES,normal,netem delay 25ms 25ms,QUORUM,6,cassandra1,cassandra2,6,False,True,
183,5,2,MONOTONIC_WRITES,normal,netem delay 25ms 25ms,QUORUM,6,cassandra1,cassandra1,6,False,True,
183,5,3,MONOTONIC_WRITES,normal,netem delay 25ms 25ms,QUORUM,6,cassandra1,cassandra3,6,False,True,
184,1,1,MONOTONIC_WRITES,normal,netem delay 25ms 25ms,QUORUM,2,cassandra2,cassandra3,2,False,True,
184,1,2,MONOTONIC_WRITES,normal,netem delay 25ms 25ms,QUORUM,2,cassandra2,cassandra2,2,False,True,
184,1,3,MONOTONIC_WRITES,normal,netem delay 25ms 25ms,QUORUM,2,cassandra2,cassandra2,2,False,True,
184,2,1,MONOTONIC_WRITES,normal,netem delay 25ms 25ms,QUORUM,3,cassandra2,cassandra2,3,False,True,
184,2,2,MONOTONIC_WRITES,normal,netem delay 25ms 25ms,QUORUM,3,cassandra2,cassandra2,3,False,True,
184,2,3,MONOTONIC_WRITES,normal,netem delay 25ms 25ms,QUORUM,3,cassandra2,cassandra3,3,False,True,
184,3,1,MONOTONIC_WRITES,normal,netem delay 25ms 25ms,QUORUM,4,cassandra1,cassandra2,4,False,True,
184,3,2,MONOTONIC_WRITES,normal,netem delay 25ms 25ms,QUORUM,4,cassandra1,cassandra3,4,False,True,
184,3,3,MONOTONIC_WRITES,normal,netem delay 25ms 25ms,QUORUM,4,cassandra1,cassandra3,4,False,True,
184,4,1,MONOTONIC_WRITES,normal,netem delay 25ms 25ms,QUORUM,5,cassandra3,cassandra2,5,False,True,
184,4,2,MONOTONIC_WRITES,normal,netem delay 25ms 25ms,QUORUM,5,cassandra3,cassandra1,5,False,True,
184,4,3,MONOTONIC_WRITES,normal,netem delay 25ms 25ms,QUORUM,5,cassandra3,cassandra3,5,False,True,
184,5,1,MONOTONIC_WRITES,normal,netem delay 25ms 25ms,QUORUM,6,cassandra1,cassandra3,6,False,True,
184,5,2,MONOTONIC_WRITES,normal,netem delay 25ms 25ms,QUORUM,6,cassandra1,cassandra1,6,False,True,
184,5,3,MONOTONIC_WRITES,normal,netem delay 25ms 25ms,QUORUM,6,cassandra1,cassandra2,6,False,True,
185,1,1,MONOTONIC_WRITES,normal,netem delay 25ms 25ms,QUORUM,2,cassandra2,cassandra3,2,False,True,
185,1,2,MONOTONIC_WRITES,normal,netem delay 25ms 25ms,QUORUM,2,cassandra2,cassandra1,2,False,True,
185,1,3,MONOTONIC_WRITES,normal,netem delay 25ms 25ms,QUORUM,2,cassandra2,cassandra3,2,False,True,
185,2,1,MONOTONIC_WRITES,normal,netem delay 25ms 25ms,QUORUM,3,cassandra3,cassandra3,3,False,True,
185,2,2,MONOTONIC_WRITES,normal,netem delay 25ms 25ms,QUORUM,3,cassandra3,cassandra1,3,False,True,
185,2,3,MONOTONIC_WRITES,normal,netem delay 25ms 25ms,QUORUM,3,cassandra3,cassandra2,3,False,True,
185,3,1,MONOTONIC_WRITES,normal,netem delay 25ms 25ms,QUORUM,4,cassandra1,cassandra1,4,False,True,
185,3,2,MONOTONIC_WRITES,normal,netem delay 25ms 25ms,QUORUM,4,cassandra1,cassandra1,4,False,True,
185,3,3,MONOTONIC_WRITES,normal,netem delay 25ms 25ms,QUORUM,4,cassandra1,cassandra1,4,False,True,
185,4,1,MONOTONIC_WRITES,normal,netem delay 25ms 25ms,QUORUM,5,cassandra3,cassandra1,5,False,True,
185,4,2,MONOTONIC_WRITES,normal,netem delay 25ms 25ms,QUORUM,5,cassandra3,cassandra1,5,False,True,
185,4,3,MONOTONIC_WRITES,normal,netem delay 25ms 25ms,QUORUM,5,cassandra3,cassandra1,5,False,True,
185,5,1,MONOTONIC_WRITES,normal,netem delay 25ms 25ms,QUORUM,6,cassandra3,cassandra1,6,False,True,
185,5,2,MONOTONIC_WRITES,normal,netem delay 25ms 25ms,QUORUM,6,cassandra3,cassandra3,6,False,True,
185,5,3,MONOTONIC_WRITES,normal,netem delay 25ms 25ms,QUORUM,6,cassandra3,cassandra1,6,False,True,
186,1,1,MONOTONIC_WRITES,normal,netem delay 25ms 25ms,QUORUM,2,cassandra1,cassandra2,2,False,True,
186,1,2,MONOTONIC_WRITES,normal,netem delay 25ms 25ms,QUORUM,2,cassandra1,cassandra3,2,False,True,
186,1,3,MONOTONIC_WRITES,normal,netem delay 25ms 25ms,QUORUM,2,cassandra1,cassandra1,2,False,True,
186,2,1,MONOTONIC_WRITES,normal,netem delay 25ms 25ms,QUORUM,3,cassandra3,cassandra1,3,False,True,
186,2,2,MONOTONIC_WRITES,normal,netem delay 25ms 25ms,QUORUM,3,cassandra3,cassandra1,3,False,True,
186,2,3,MONOTONIC_WRITES,normal,netem delay 25ms 25ms,QUORUM,3,cassandra3,cassandra2,3,False,True,
186,3,1,MONOTONIC_WRITES,normal,netem delay 25ms 25ms,QUORUM,4,cassandra3,cassandra3,4,False,True,
186,3,2,MONOTONIC_WRITES,normal,netem delay 25ms 25ms,QUORUM,4,cassandra3,cassandra1,4,False,True,
186,3,3,MONOTONIC_WRITES,normal,netem delay 25ms 25ms,QUORUM,4,cassandra3,cassandra1,4,False,True,
186,4,1,MONOTONIC_WRITES,normal,netem delay 25ms 25ms,QUORUM,5,cassandra3,cassandra2,5,False,True,
186,4,2,MONOTONIC_WRITES,normal,netem delay 25ms 25ms,QUORUM,5,cassandra3,cassandra1,5,False,True,
186,4,3,MONOTONIC_WRITES,normal,netem delay 25ms 25ms,QUORUM,5,cassandra3,cassandra3,5,False,True,
186,5,1,MONOTONIC_WRITES,normal,netem delay 25ms 25ms,QUORUM,6,cassandra2,cassandra2,6,False,True,
186,5,2,MONOTONIC_WRITES,normal,netem delay 25ms 25ms,QUORUM,6,cassandra2,cassandra1,6,False,True,
186,5,3,MONOTONIC_WRITES,normal,netem delay 25ms 25ms,QUORUM,6,cassandra2,cassandra2,6,False,True,
187,1,1,MONOTONIC_WRITES,normal,netem delay 25ms 25ms,QUORUM,2,cassandra1,cassandra3,2,False,True,
187,1,2,MONOTONIC_WRITES,normal,netem delay 25ms 25ms,QUORUM,2,cassandra1,cassandra1,2,False,True,
187,1,3,MONOTONIC_WRITES,normal,netem delay 25ms 25ms,QUORUM,2,cassandra1,cassandra3,2,False,True,
187,2,1,MONOTONIC_WRITES,normal,netem delay 25ms 25ms,QUORUM,3,cassandra3,cassandra2,3,False,True,
187,2,2,MONOTONIC_WRITES,normal,netem delay 25ms 25ms,QUORUM,3,cassandra3,cassandra2,3,False,True,
187,2,3,MONOTONIC_WRITES,normal,netem delay 25ms 25ms,QUORUM,3,cassandra3,cassandra2,3,False,True,
187,3,1,MONOTONIC_WRITES,normal,netem delay 25ms 25ms,QUORUM,4,cassandra3,cassandra2,4,False,True,
187,3,2,MONOTONIC_WRITES,normal,netem delay 25ms 25ms,QUORUM,4,cassandra3,cassandra3,4,False,True,
187,3,3,MONOTONIC_WRITES,normal,netem delay 25ms 25ms,QUORUM,4,cassandra3,cassandra3,4,False,True,
187,4,1,MONOTONIC_WRITES,normal,netem delay 25ms 25ms,QUORUM,5,cassandra3,cassandra1,5,False,True,
187,4,2,MONOTONIC_WRITES,normal,netem delay 25ms 25ms,QUORUM,5,cassandra3,cassandra3,5,False,True,
187,4,3,MONOTONIC_WRITES,normal,netem delay 25ms 25ms,QUORUM,5,cassandra3,cassandra3,5,False,True,
187,5,1,MONOTONIC_WRITES,normal,netem delay 25ms 25ms,QUORUM,6,cassandra3,cassandra2,6,False,True,
187,5,2,MONOTONIC_WRITES,normal,netem delay 25ms 25ms,QUORUM,6,cassandra3,cassandra2,6,False,True,
187,5,3,MONOTONIC_WRITES,normal,netem delay 25ms 25ms,QUORUM,6,cassandra3,cassandra2,6,False,True,
188,1,1,MONOTONIC_WRITES,normal,netem delay 25ms 25ms,QUORUM,2,cassandra1,cassandra2,2,False,True,
188,1,2,MONOTONIC_WRITES,normal,netem delay 25ms 25ms,QUORUM,2,cassandra1,cassandra2,2,False,True,
188,1,3,MONOTONIC_WRITES,normal,netem delay 25ms 25ms,QUORUM,2,cassandra1,cassandra3,2,False,True,
188,2,1,MONOTONIC_WRITES,normal,netem delay 25ms 25ms,QUORUM,3,cassandra2,cassandra1,3,False,True,
188,2,2,MONOTONIC_WRITES,normal,netem delay 25ms 25ms,QUORUM,3,cassandra2,cassandra2,3,False,True,
188,2,3,MONOTONIC_WRITES,normal,netem delay 25ms 25ms,QUORUM,3,cassandra2,cassandra1,3,False,True,
188,3,1,MONOTONIC_WRITES,normal,netem delay 25ms 25ms,QUORUM,4,cassandra2,cassandra3,4,False,True,
188,3,2,MONOTONIC_WRITES,normal,netem delay 25ms 25ms,QUORUM,4,cassandra2,cassandra1,4,False,True,
188,3,3,MONOTONIC_WRITES,normal,netem delay 25ms 25ms,QUORUM,4,cassandra2,cassandra3,4,False,True,
188,4,1,MONOTONIC_WRITES,normal,netem delay 25ms 25ms,QUORUM,5,cassandra3,cassandra1,5,False,True,
188,4,2,MONOTONIC_WRITES,normal,netem delay 25ms 25ms,QUORUM,5,cassandra3,cassandra2,5,False,True,
188,4,3,MONOTONIC_WRITES,normal,netem delay 25ms 25ms,QUORUM,5,cassandra3,cassandra1,5,False,True,
188,5,1,MONOTONIC_WRITES,normal,netem delay 25ms 25ms,QUORUM,6,cassandra2,cassandra1,6,False,True,
188,5,2,MONOTONIC_WRITES,normal,netem delay 25ms 25ms,QUORUM,6,cassandra2,cassandra3,6,False,True,
188,5,3,MONOTONIC_WRITES,normal,netem delay 25ms 25ms,QUORUM,6,cassandra2,cassandra1,6,False,True,
189,1,1,MONOTONIC_WRITES,normal,netem delay 25ms 25ms,QUORUM,2,cassandra1,cassandra3,2,False,True,
189,1,2,MONOTONIC_WRITES,normal,netem delay 25ms 25ms,QUORUM,2,cassandra1,cassandra2,2,False,True,
189,1,3,MONOTONIC_WRITES,normal,netem delay 25ms 25ms,QUORUM,2,cassandra1,cassandra3,2,False,True,
189,2,1,MONOTONIC_WRITES,normal,netem delay 25ms 25ms,QUORUM,3,cassandra2,cassandra2,3,False,True,
189,2,2,MONOTONIC_WRITES,normal,netem delay 25ms 25ms,QUORUM,3,cassandra2,cassandra3,3,False,True,
189,2,3,MONOTONIC_WRITES,normal,netem delay 25ms 25ms,QUORUM,3,cassandra2,cassandra2,3,False,True,
189,3,1,MONOTONIC_WRITES,normal,netem delay 25ms 25ms,QUORUM,4,cassandra2,cassandra3,4,False,True,
189,3,2,MONOTONIC_WRITES,normal,netem delay 25ms 25ms,QUORUM,4,cassandra2,cassandra2,4,False,True,
189,3,3,MONOTONIC_WRITES,normal,netem delay 25ms 25ms,QUORUM,4,cassandra2,cassandra1,4,False,True,
189,4,1,MONOTONIC_WRITES,normal,netem delay 25ms 25ms,QUORUM,5,cassandra2,cassandra2,5,False,True,
189,4,2,MONOTONIC_WRITES,normal,netem delay 25ms 25ms,QUORUM,5,cassandra2,cassandra3,5,False,True,
189,4,3,MONOTONIC_WRITES,normal,netem delay 25ms 25ms,QUORUM,5,cassandra2,cassandra2,5,False,True,
189,5,1,MONOTONIC_WRITES,normal,netem delay 25ms 25ms,QUORUM,6,cassandra3,cassandra1,6,False,True,
189,5,2,MONOTONIC_WRITES,normal,netem delay 25ms 25ms,QUORUM,6,cassandra3,cassandra2,6,False,True,
189,5,3,MONOTONIC_WRITES,normal,netem delay 25ms 25ms,QUORUM,6,cassandra3,cassandra3,6,False,True,
190,1,1,MONOTONIC_WRITES,normal,netem delay 25ms 25ms,QUORUM,2,cassandra3,cassandra2,2,False,True,
190,1,2,MONOTONIC_WRITES,normal,netem delay 25ms 25ms,QUORUM,2,cassandra3,cassandra2,2,False,True,
190,1,3,MONOTONIC_WRITES,normal,netem delay 25ms 25ms,QUORUM,2,cassandra3,cassandra3,2,False,True,
190,2,1,MONOTONIC_WRITES,normal,netem delay 25ms 25ms,QUORUM,3,cassandra2,cassandra1,3,False,True,
190,2,2,MONOTONIC_WRITES,normal,netem delay 25ms 25ms,QUORUM,3,cassandra2,cassandra1,3,False,True,
190,2,3,MONOTONIC_WRITES,normal,netem delay 25ms 25ms,QUORUM,3,cassandra2,cassandra3,3,False,True,
190,3,1,MONOTONIC_WRITES,normal,netem delay 25ms 25ms,QUORUM,4,cassandra3,cassandra1,4,False,True,
190,3,2,MONOTONIC_WRITES,normal,netem delay 25ms 25ms,QUORUM,4,cassandra3,cassandra3,4,False,True,
190,3,3,MONOTONIC_WRITES,normal,netem delay 25ms 25ms,QUORUM,4,cassandra3,cassandra1,4,False,True,
190,4,1,MONOTONIC_WRITES,normal,netem delay 25ms 25ms,QUORUM,5,cassandra3,cassandra1,5,False,True,
190,4,2,MONOTONIC_WRITES,normal,netem delay 25ms 25ms,QUORUM,5,cassandra3,cassandra3,5,False,True,
190,4,3,MONOTONIC_WRITES,normal,netem delay 25ms 25ms,QUORUM,5,cassandra3,cassandra3,5,False,True,
190,5,1,MONOTONIC_WRITES,normal,netem delay 25ms 25ms,QUORUM,6,cassandra2,cassandra3,6,False,True,
190,5,2,MONOTONIC_WRITES,normal,netem delay 25ms 25ms,QUORUM,6,cassandra2,cassandra1,6,False,True,
190,5,3,MONOTONIC_WRITES,normal,netem delay 25ms 25ms,QUORUM,6,cassandra2,cassandra3,6,False,True,
191,1,1,MONOTONIC_WRITES,normal,netem delay 25ms 25ms,QUORUM,2,cassandra3,cassandra1,2,False,True,
191,1,2,MONOTONIC_WRITES,normal,netem delay 25ms 25ms,QUORUM,2,cassandra3,cassandra1,2,False,True,
191,1,3,MONOTONIC_WRITES,normal,netem delay 25ms 25ms,QUORUM,2,cassandra3,cassandra3,2,False,True,
191,2,1,MONOTONIC_WRITES,normal,netem delay 25ms 25ms,QUORUM,3,cassandra2,cassandra2,3,False,True,
191,2,2,MONOTONIC_WRITES,normal,netem delay 25ms 25ms,QUORUM,3,cassandra2,cassandra1,3,False,True,
191,2,3,MONOTONIC_WRITES,normal,netem delay 25ms 25ms,QUORUM,3,cassandra2,cassandra3,3,False,True,
191,3,1,MONOTONIC_WRITES,normal,netem delay 25ms 25ms,QUORUM,4,cassandra3,cassandra1,4,False,True,
191,3,2,MONOTONIC_WRITES,normal,netem delay 25ms 25ms,QUORUM,4,cassandra3,cassandra2,4,False,True,
191,3,3,MONOTONIC_WRITES,normal,netem delay 25ms 25ms,QUORUM,4,cassandra3,cassandra3,4,False,True,
191,4,1,MONOTONIC_WRITES,normal,netem delay 25ms 25ms,QUORUM,5,cassandra2,cassandra1,5,False,True,
191,4,2,MONOTONIC_WRITES,normal,netem delay 25ms 25ms,QUORUM,5,cassandra2,cassandra2,5,False,True,
191,4,3,MONOTONIC_WRITES,normal,netem delay 25ms 25ms,QUORUM,5,cassandra2,cassandra2,5,False,True,
191,5,1,MONOTONIC_WRITES,normal,netem delay 25ms 25ms,QUORUM,6,cassandra1,cassandra1,6,False,True,
191,5,2,MONOTONIC_WRITES,normal,netem delay 25ms 25ms,QUORUM,6,cassandra1,cassandra1,6,False,True,
191,5,3,MONOTONIC_WRITES,normal,netem delay 25ms 25ms,QUORUM,6,cassandra1,cassandra1,6,False,True,
192,1,1,MONOTONIC_WRITES,normal,netem delay 25ms 25ms,QUORUM,2,cassandra2,cassandra1,2,False,True,
192,1,2,MONOTONIC_WRITES,normal,netem delay 25ms 25ms,QUORUM,2,cassandra2,cassandra1,2,False,True,
192,1,3,MONOTONIC_WRITES,normal,netem delay 25ms 25ms,QUORUM,2,cassandra2,cassandra3,2,False,True,
192,2,1,MONOTONIC_WRITES,normal,netem delay 25ms 25ms,QUORUM,3,cassandra3,cassandra3,3,False,True,
192,2,2,MONOTONIC_WRITES,normal,netem delay 25ms 25ms,QUORUM,3,cassandra3,cassandra1,3,False,True,
192,2,3,MONOTONIC_WRITES,normal,netem delay 25ms 25ms,QUORUM,3,cassandra3,cassandra3,3,False,True,
192,3,1,MONOTONIC_WRITES,normal,netem delay 25ms 25ms,QUORUM,4,cassandra3,cassandra3,4,False,True,
192,3,2,MONOTONIC_WRITES,normal,netem delay 25ms 25ms,QUORUM,4,cassandra3,cassandra3,4,False,True,
192,3,3,MONOTONIC_WRITES,normal,netem delay 25ms 25ms,QUORUM,4,cassandra3,cassandra2,4,False,True,
192,4,1,MONOTONIC_WRITES,normal,netem delay 25ms 25ms,QUORUM,5,cassandra3,cassandra3,5,False,True,
192,4,2,MONOTONIC_WRITES,normal,netem delay 25ms 25ms,QUORUM,5,cassandra3,cassandra2,5,False,True,
192,4,3,MONOTONIC_WRITES,normal,netem delay 25ms 25ms,QUORUM,5,cassandra3,cassandra1,5,False,True,
192,5,1,MONOTONIC_WRITES,normal,netem delay 25ms 25ms,QUORUM,6,cassandra1,cassandra2,5,True,True,
192,5,2,MONOTONIC_WRITES,normal,netem delay 25ms 25ms,QUORUM,6,cassandra1,cassandra2,6,False,True,
192,5,3,MONOTONIC_WRITES,normal,netem delay 25ms 25ms,QUORUM,6,cassandra1,cassandra2,6,False,True,
193,1,1,MONOTONIC_WRITES,normal,netem delay 25ms 25ms,QUORUM,2,cassandra2,cassandra3,2,False,True,
193,1,2,MONOTONIC_WRITES,normal,netem delay 25ms 25ms,QUORUM,2,cassandra2,cassandra2,2,False,True,
193,1,3,MONOTONIC_WRITES,normal,netem delay 25ms 25ms,QUORUM,2,cassandra2,cassandra1,2,False,True,
193,2,1,MONOTONIC_WRITES,normal,netem delay 25ms 25ms,QUORUM,3,cassandra3,cassandra3,3,False,True,
193,2,2,MONOTONIC_WRITES,normal,netem delay 25ms 25ms,QUORUM,3,cassandra3,cassandra3,3,False,True,
193,2,3,MONOTONIC_WRITES,normal,netem delay 25ms 25ms,QUORUM,3,cassandra3,cassandra3,3,False,True,
193,3,1,MONOTONIC_WRITES,normal,netem delay 25ms 25ms,QUORUM,4,cassandra3,cassandra2,4,False,True,
193,3,2,MONOTONIC_WRITES,normal,netem delay 25ms 25ms,QUORUM,4,cassandra3,cassandra2,4,False,True,
193,3,3,MONOTONIC_WRITES,normal,netem delay 25ms 25ms,QUORUM,4,cassandra3,cassandra2,4,False,True,
193,4,1,MONOTONIC_WRITES,normal,netem delay 25ms 25ms,QUORUM,5,cassandra3,cassandra2,5,False,True,
193,4,2,MONOTONIC_WRITES,normal,netem delay 25ms 25ms,QUORUM,5,cassandra3,cassandra1,5,False,True,
193,4,3,MONOTONIC_WRITES,normal,netem delay 25ms 25ms,QUORUM,5,cassandra3,cassandra2,5,False,True,
193,5,1,MONOTONIC_WRITES,normal,netem delay 25ms 25ms,QUORUM,6,cassandra3,cassandra2,6,False,True,
193,5,2,MONOTONIC_WRITES,normal,netem delay 25ms 25ms,QUORUM,6,cassandra3,cassandra2,6,False,True,
193,5,3,MONOTONIC_WRITES,normal,netem delay 25ms 25ms,QUORUM,6,cassandra3,cassandra1,6,False,True,
194,1,1,MONOTONIC_WRITES,normal,netem delay 25ms 25ms,QUORUM,2,cassandra2,cassandra1,2,False,True,
194,1,2,MONOTONIC_WRITES,normal,netem delay 25ms 25ms,QUORUM,2,cassandra2,cassandra1,2,False,True,
194,1,3,MONOTONIC_WRITES,normal,netem delay 25ms 25ms,QUORUM,2,cassandra2,cassandra3,2,False,True,
194,2,1,MONOTONIC_WRITES,normal,netem delay 25ms 25ms,QUORUM,3,cassandra3,cassandra1,3,False,True,
194,2,2,MONOTONIC_WRITES,normal,netem delay 25ms 25ms,QUORUM,3,cassandra3,cassandra3,3,False,True,
194,2,3,MONOTONIC_WRITES,normal,netem delay 25ms 25ms,QUORUM,3,cassandra3,cassandra2,3,False,True,
194,3,1,MONOTONIC_WRITES,normal,netem delay 25ms 25ms,QUORUM,4,cassandra1,cassandra1,4,False,True,
194,3,2,MONOTONIC_WRITES,normal,netem delay 25ms 25ms,QUORUM,4,cassandra1,cassandra2,4,False,True,
194,3,3,MONOTONIC_WRITES,normal,netem delay 25ms 25ms,QUORUM,4,cassandra1,cassandra2,4,False,True,
194,4,1,MONOTONIC_WRITES,normal,netem delay 25ms 25ms,QUORUM,5,cassandra2,cassandra2,5,False,True,
194,4,2,MONOTONIC_WRITES,normal,netem delay 25ms 25ms,QUORUM,5,cassandra2,cassandra2,5,False,True,
194,4,3,MONOTONIC_WRITES,normal,netem delay 25ms 25ms,QUORUM,5,cassandra2,cassandra3,5,False,True,
194,5,1,MONOTONIC_WRITES,normal,netem delay 25ms 25ms,QUORUM,6,cassandra3,cassandra1,6,False,True,
194,5,2,MONOTONIC_WRITES,normal,netem delay 25ms 25ms,QUORUM,6,cassandra3,cassandra3,6,False,True,
194,5,3,MONOTONIC_WRITES,normal,netem delay 25ms 25ms,QUORUM,6,cassandra3,cassandra3,6,False,True,
195,1,1,MONOTONIC_WRITES,normal,netem delay 25ms 25ms,QUORUM,2,cassandra1,cassandra3,2,False,True,
195,1,2,MONOTONIC_WRITES,normal,netem delay 25ms 25ms,QUORUM,2,cassandra1,cassandra2,2,False,True,
195,1,3,MONOTONIC_WRITES,normal,netem delay 25ms 25ms,QUORUM,2,cassandra1,cassandra3,2,False,True,
195,2,1,MONOTONIC_WRITES,normal,netem delay 25ms 25ms,QUORUM,3,cassandra2,cassandra1,3,False,True,
195,2,2,MONOTONIC_WRITES,normal,netem delay 25ms 25ms,QUORUM,3,cassandra2,cassandra2,3,False,True,
195,2,3,MONOTONIC_WRITES,normal,netem delay 25ms 25ms,QUORUM,3,cassandra2,cassandra1,3,False,True,
195,3,1,MONOTONIC_WRITES,normal,netem delay 25ms 25ms,QUORUM,4,cassandra3,cassandra1,4,False,True,
195,3,2,MONOTONIC_WRITES,normal,netem delay 25ms 25ms,QUORUM,4,cassandra3,cassandra2,4,False,True,
195,3,3,MONOTONIC_WRITES,normal,netem delay 25ms 25ms,QUORUM,4,cassandra3,cassandra1,4,False,True,
195,4,1,MONOTONIC_WRITES,normal,netem delay 25ms 25ms,QUORUM,5,cassandra3,cassandra2,5,False,True,
195,4,2,MONOTONIC_WRITES,normal,netem delay 25ms 25ms,QUORUM,5,cassandra3,cassandra2,5,False,True,
195,4,3,MONOTONIC_WRITES,normal,netem delay 25ms 25ms,QUORUM,5,cassandra3,cassandra2,5,False,True,
195,5,1,MONOTONIC_WRITES,normal,netem delay 25ms 25ms,QUORUM,6,cassandra1,cassandra2,6,False,True,
195,5,2,MONOTONIC_WRITES,normal,netem delay 25ms 25ms,QUORUM,6,cassandra1,cassandra1,6,False,True,
195,5,3,MONOTONIC_WRITES,normal,netem delay 25ms 25ms,QUORUM,6,cassandra1,cassandra2,6,False,True,
196,1,1,MONOTONIC_WRITES,normal,netem delay 25ms 25ms,QUORUM,2,cassandra3,cassandra1,2,False,True,
196,1,2,MONOTONIC_WRITES,normal,netem delay 25ms 25ms,QUORUM,2,cassandra3,cassandra1,2,False,True,
196,1,3,MONOTONIC_WRITES,normal,netem delay 25ms 25ms,QUORUM,2,cassandra3,cassandra2,2,False,True,
196,2,1,MONOTONIC_WRITES,normal,netem delay 25ms 25ms,QUORUM,3,cassandra1,cassandra1,3,False,True,
196,2,2,MONOTONIC_WRITES,normal,netem delay 25ms 25ms,QUORUM,3,cassandra1,cassandra3,3,False,True,
196,2,3,MONOTONIC_WRITES,normal,netem delay 25ms 25ms,QUORUM,3,cassandra1,cassandra1,3,False,True,
196,3,1,MONOTONIC_WRITES,normal,netem delay 25ms 25ms,QUORUM,4,cassandra2,cassandra1,4,False,True,
196,3,2,MONOTONIC_WRITES,normal,netem delay 25ms 25ms,QUORUM,4,cassandra2,cassandra2,4,False,True,
196,3,3,MONOTONIC_WRITES,normal,netem delay 25ms 25ms,QUORUM,4,cassandra2,cassandra1,4,False,True,
196,4,1,MONOTONIC_WRITES,normal,netem delay 25ms 25ms,QUORUM,5,cassandra2,cassandra2,5,False,True,
196,4,2,MONOTONIC_WRITES,normal,netem delay 25ms 25ms,QUORUM,5,cassandra2,cassandra2,5,False,True,
196,4,3,MONOTONIC_WRITES,normal,netem delay 25ms 25ms,QUORUM,5,cassandra2,cassandra3,5,False,True,
196,5,1,MONOTONIC_WRITES,normal,netem delay 25ms 25ms,QUORUM,6,cassandra1,cassandra1,6,False,True,
196,5,2,MONOTONIC_WRITES,normal,netem delay 25ms 25ms,QUORUM,6,cassandra1,cassandra2,6,False,True,
196,5,3,MONOTONIC_WRITES,normal,netem delay 25ms 25ms,QUORUM,6,cassandra1,cassandra1,6,False,True,
197,1,1,MONOTONIC_WRITES,normal,netem delay 25ms 25ms,QUORUM,2,cassandra2,cassandra3,2,False,True,
197,1,2,MONOTONIC_WRITES,normal,netem delay 25ms 25ms,QUORUM,2,cassandra2,cassandra2,2,False,True,
197,1,3,MONOTONIC_WRITES,normal,netem delay 25ms 25ms,QUORUM,2,cassandra2,cassandra1,2,False,True,
197,2,1,MONOTONIC_WRITES,normal,netem delay 25ms 25ms,QUORUM,3,cassandra3,cassandra2,3,False,True,
197,2,2,MONOTONIC_WRITES,normal,netem delay 25ms 25ms,QUORUM,3,cassandra3,cassandra3,3,False,True,
197,2,3,MONOTONIC_WRITES,normal,netem delay 25ms 25ms,QUORUM,3,cassandra3,cassandra1,3,False,True,
197,3,1,MONOTONIC_WRITES,normal,netem delay 25ms 25ms,QUORUM,4,cassandra3,cassandra1,4,False,True,
197,3,2,MONOTONIC_WRITES,normal,netem delay 25ms 25ms,QUORUM,4,cassandra3,cassandra3,4,False,True,
197,3,3,MONOTONIC_WRITES,normal,netem delay 25ms 25ms,QUORUM,4,cassandra3,cassandra1,4,False,True,
197,4,1,MONOTONIC_WRITES,normal,netem delay 25ms 25ms,QUORUM,5,cassandra1,cassandra3,5,False,True,
197,4,2,MONOTONIC_WRITES,normal,netem delay 25ms 25ms,QUORUM,5,cassandra1,cassandra1,5,False,True,
197,4,3,MONOTONIC_WRITES,normal,netem delay 25ms 25ms,QUORUM,5,cassandra1,cassandra1,5,False,True,
197,5,1,MONOTONIC_WRITES,normal,netem delay 25ms 25ms,QUORUM,6,cassandra3,cassandra2,6,False,True,
197,5,2,MONOTONIC_WRITES,normal,netem delay 25ms 25ms,QUORUM,6,cassandra3,cassandra1,6,False,True,
197,5,3,MONOTONIC_WRITES,normal,netem delay 25ms 25ms,QUORUM,6,cassandra3,cassandra2,6,False,True,
198,1,1,MONOTONIC_WRITES,normal,netem delay 25ms 25ms,QUORUM,2,cassandra1,cassandra1,2,False,True,
198,1,2,MONOTONIC_WRITES,normal,netem delay 25ms 25ms,QUORUM,2,cassandra1,cassandra3,2,False,True,
198,1,3,MONOTONIC_WRITES,normal,netem delay 25ms 25ms,QUORUM,2,cassandra1,cassandra1,2,False,True,
198,2,1,MONOTONIC_WRITES,normal,netem delay 25ms 25ms,QUORUM,3,cassandra2,cassandra2,3,False,True,
198,2,2,MONOTONIC_WRITES,normal,netem delay 25ms 25ms,QUORUM,3,cassandra2,cassandra2,3,False,True,
198,2,3,MONOTONIC_WRITES,normal,netem delay 25ms 25ms,QUORUM,3,cassandra2,cassandra2,3,False,True,
198,3,1,MONOTONIC_WRITES,normal,netem delay 25ms 25ms,QUORUM,4,cassandra3,cassandra2,3,True,True,
198,3,2,MONOTONIC_WRITES,normal,netem delay 25ms 25ms,QUORUM,4,cassandra3,cassandra1,4,False,True,
198,3,3,MONOTONIC_WRITES,normal,netem delay 25ms 25ms,QUORUM,4,cassandra3,cassandra2,4,False,True,
198,4,1,MONOTONIC_WRITES,normal,netem delay 25ms 25ms,QUORUM,5,cassandra2,cassandra2,5,False,True,
198,4,2,MONOTONIC_WRITES,normal,netem delay 25ms 25ms,QUORUM,5,cassandra2,cassandra2,5,False,True,
198,4,3,MONOTONIC_WRITES,normal,netem delay 25ms 25ms,QUORUM,5,cassandra2,cassandra2,5,False,True,
198,5,1,MONOTONIC_WRITES,normal,netem delay 25ms 25ms,QUORUM,6,cassandra2,cassandra2,6,False,True,
198,5,2,MONOTONIC_WRITES,normal,netem delay 25ms 25ms,QUORUM,6,cassandra2,cassandra2,6,False,True,
198,5,3,MONOTONIC_WRITES,normal,netem delay 25ms 25ms,QUORUM,6,cassandra2,cassandra2,6,False,True,
199,1,1,MONOTONIC_WRITES,normal,netem delay 25ms 25ms,QUORUM,2,cassandra2,cassandra1,2,False,True,
199,1,2,MONOTONIC_WRITES,normal,netem delay 25ms 25ms,QUORUM,2,cassandra2,cassandra2,2,False,True,
199,1,3,MONOTONIC_WRITES,normal,netem delay 25ms 25ms,QUORUM,2,cassandra2,cassandra2,2,False,True,
199,2,1,MONOTONIC_WRITES,normal,netem delay 25ms 25ms,QUORUM,3,cassandra1,cassandra3,3,False,True,
199,2,2,MONOTONIC_WRITES,normal,netem delay 25ms 25ms,QUORUM,3,cassandra1,cassandra1,3,False,True,
199,2,3,MONOTONIC_WRITES,normal,netem delay 25ms 25ms,QUORUM,3,cassandra1,cassandra1,3,False,True,
199,3,1,MONOTONIC_WRITES,normal,netem delay 25ms 25ms,QUORUM,4,cassandra1,cassandra1,4,False,True,
199,3,2,MONOTONIC_WRITES,normal,netem delay 25ms 25ms,QUORUM,4,cassandra1,cassandra1,4,False,True,
199,3,3,MONOTONIC_WRITES,normal,netem delay 25ms 25ms,QUORUM,4,cassandra1,cassandra3,4,False,True,
199,4,1,MONOTONIC_WRITES,normal,netem delay 25ms 25ms,QUORUM,5,cassandra2,cassandra3,5,False,True,
199,4,2,MONOTONIC_WRITES,normal,netem delay 25ms 25ms,QUORUM,5,cassandra2,cassandra2,5,False,True,
199,4,3,MONOTONIC_WRITES,normal,netem delay 25ms 25ms,QUORUM,5,cassandra2,cassandra1,5,False,True,
199,5,1,MONOTONIC_WRITES,normal,netem delay 25ms 25ms,QUORUM,6,cassandra3,cassandra2,6,False,True,
199,5,2,MONOTONIC_WRITES,normal,netem delay 25ms 25ms,QUORUM,6,cassandra3,cassandra2,6,False,True,
199,5,3,MONOTONIC_WRITES,normal,netem delay 25ms 25ms,QUORUM,6,cassandra3,cassandra1,6,False,True,
200,1,1,MONOTONIC_WRITES,normal,netem delay 25ms 25ms,QUORUM,2,cassandra2,cassandra2,2,False,True,
200,1,2,MONOTONIC_WRITES,normal,netem delay 25ms 25ms,QUORUM,2,cassandra2,cassandra1,2,False,True,
200,1,3,MONOTONIC_WRITES,normal,netem delay 25ms 25ms,QUORUM,2,cassandra2,cassandra3,2,False,True,
200,2,1,MONOTONIC_WRITES,normal,netem delay 25ms 25ms,QUORUM,3,cassandra2,cassandra1,3,False,True,
200,2,2,MONOTONIC_WRITES,normal,netem delay 25ms 25ms,QUORUM,3,cassandra2,cassandra2,3,False,True,
200,2,3,MONOTONIC_WRITES,normal,netem delay 25ms 25ms,QUORUM,3,cassandra2,cassandra2,3,False,True,
200,3,1,MONOTONIC_WRITES,normal,netem delay 25ms 25ms,QUORUM,4,cassandra2,cassandra1,4,False,True,
200,3,2,MONOTONIC_WRITES,normal,netem delay 25ms 25ms,QUORUM,4,cassandra2,cassandra1,4,False,True,
200,3,3,MONOTONIC_WRITES,normal,netem delay 25ms 25ms,QUORUM,4,cassandra2,cassandra3,4,False,True,
200,4,1,MONOTONIC_WRITES,normal,netem delay 25ms 25ms,QUORUM,5,cassandra3,cassandra2,5,False,True,
200,4,2,MONOTONIC_WRITES,normal,netem delay 25ms 25ms,QUORUM,5,cassandra3,cassandra3,5,False,True,
200,4,3,MONOTONIC_WRITES,normal,netem delay 25ms 25ms,QUORUM,5,cassandra3,cassandra1,5,False,True,
200,5,1,MONOTONIC_WRITES,normal,netem delay 25ms 25ms,QUORUM,6,cassandra3,cassandra1,6,False,True,
200,5,2,MONOTONIC_WRITES,normal,netem delay 25ms 25ms,QUORUM,6,cassandra3,cassandra3,6,False,True,
200,5,3,MONOTONIC_WRITES,normal,netem delay 25ms 25ms,QUORUM,6,cassandra3,cassandra2,6,False,True,
1,1,1,MONOTONIC_WRITES,normal,netem delay 25ms 25ms,ALL,2,cassandra2,cassandra2,2,False,True,
1,1,2,MONOTONIC_WRITES,normal,netem delay 25ms 25ms,ALL,2,cassandra2,cassandra1,2,False,True,
1,1,3,MONOTONIC_WRITES,normal,netem delay 25ms 25ms,ALL,2,cassandra2,cassandra1,2,False,True,
1,2,1,MONOTONIC_WRITES,normal,netem delay 25ms 25ms,ALL,3,cassandra2,cassandra2,3,False,True,
1,2,2,MONOTONIC_WRITES,normal,netem delay 25ms 25ms,ALL,3,cassandra2,cassandra3,3,False,True,
1,2,3,MONOTONIC_WRITES,normal,netem delay 25ms 25ms,ALL,3,cassandra2,cassandra2,3,False,True,
1,3,1,MONOTONIC_WRITES,normal,netem delay 25ms 25ms,ALL,4,cassandra2,cassandra2,4,False,True,
1,3,2,MONOTONIC_WRITES,normal,netem delay 25ms 25ms,ALL,4,cassandra2,cassandra1,4,False,True,
1,3,3,MONOTONIC_WRITES,normal,netem delay 25ms 25ms,ALL,4,cassandra2,cassandra1,4,False,True,
1,4,1,MONOTONIC_WRITES,normal,netem delay 25ms 25ms,ALL,5,cassandra2,cassandra3,5,False,True,
1,4,2,MONOTONIC_WRITES,normal,netem delay 25ms 25ms,ALL,5,cassandra2,cassandra2,5,False,True,
1,4,3,MONOTONIC_WRITES,normal,netem delay 25ms 25ms,ALL,5,cassandra2,cassandra1,5,False,True,
1,5,1,MONOTONIC_WRITES,normal,netem delay 25ms 25ms,ALL,6,cassandra3,cassandra1,6,False,True,
1,5,2,MONOTONIC_WRITES,normal,netem delay 25ms 25ms,ALL,6,cassandra3,cassandra1,6,False,True,
1,5,3,MONOTONIC_WRITES,normal,netem delay 25ms 25ms,ALL,6,cassandra3,cassandra2,6,False,True,
2,1,1,MONOTONIC_WRITES,normal,netem delay 25ms 25ms,ALL,2,cassandra3,cassandra2,2,False,True,
2,1,2,MONOTONIC_WRITES,normal,netem delay 25ms 25ms,ALL,2,cassandra3,cassandra2,2,False,True,
2,1,3,MONOTONIC_WRITES,normal,netem delay 25ms 25ms,ALL,2,cassandra3,cassandra2,2,False,True,
2,2,1,MONOTONIC_WRITES,normal,netem delay 25ms 25ms,ALL,3,cassandra1,cassandra3,3,False,True,
2,2,2,MONOTONIC_WRITES,normal,netem delay 25ms 25ms,ALL,3,cassandra1,cassandra3,3,False,True,
2,2,3,MONOTONIC_WRITES,normal,netem delay 25ms 25ms,ALL,3,cassandra1,cassandra1,3,False,True,
2,3,1,MONOTONIC_WRITES,normal,netem delay 25ms 25ms,ALL,4,cassandra1,cassandra3,4,False,True,
2,3,2,MONOTONIC_WRITES,normal,netem delay 25ms 25ms,ALL,4,cassandra1,cassandra2,4,False,True,
2,3,3,MONOTONIC_WRITES,normal,netem delay 25ms 25ms,ALL,4,cassandra1,cassandra2,4,False,True,
2,4,1,MONOTONIC_WRITES,normal,netem delay 25ms 25ms,ALL,5,cassandra2,cassandra3,5,False,True,
2,4,2,MONOTONIC_WRITES,normal,netem delay 25ms 25ms,ALL,5,cassandra2,cassandra2,5,False,True,
2,4,3,MONOTONIC_WRITES,normal,netem delay 25ms 25ms,ALL,5,cassandra2,cassandra3,5,False,True,
2,5,1,MONOTONIC_WRITES,normal,netem delay 25ms 25ms,ALL,6,cassandra2,cassandra1,6,False,True,
2,5,2,MONOTONIC_WRITES,normal,netem delay 25ms 25ms,ALL,6,cassandra2,cassandra3,6,False,True,
2,5,3,MONOTONIC_WRITES,normal,netem delay 25ms 25ms,ALL,6,cassandra2,cassandra3,6,False,True,
3,1,1,MONOTONIC_WRITES,normal,netem delay 25ms 25ms,ALL,2,cassandra3,cassandra1,2,False,True,
3,1,2,MONOTONIC_WRITES,normal,netem delay 25ms 25ms,ALL,2,cassandra3,cassandra1,2,False,True,
3,1,3,MONOTONIC_WRITES,normal,netem delay 25ms 25ms,ALL,2,cassandra3,cassandra3,2,False,True,
3,2,1,MONOTONIC_WRITES,normal,netem delay 25ms 25ms,ALL,3,cassandra1,cassandra1,3,False,True,
3,2,2,MONOTONIC_WRITES,normal,netem delay 25ms 25ms,ALL,3,cassandra1,cassandra3,3,False,True,
3,2,3,MONOTONIC_WRITES,normal,netem delay 25ms 25ms,ALL,3,cassandra1,cassandra3,3,False,True,
3,3,1,MONOTONIC_WRITES,normal,netem delay 25ms 25ms,ALL,4,cassandra2,cassandra2,4,False,True,
3,3,2,MONOTONIC_WRITES,normal,netem delay 25ms 25ms,ALL,4,cassandra2,cassandra1,4,False,True,
3,3,3,MONOTONIC_WRITES,normal,netem delay 25ms 25ms,ALL,4,cassandra2,cassandra1,4,False,True,
3,4,1,MONOTONIC_WRITES,normal,netem delay 25ms 25ms,ALL,5,cassandra2,cassandra3,5,False,True,
3,4,2,MONOTONIC_WRITES,normal,netem delay 25ms 25ms,ALL,5,cassandra2,cassandra1,5,False,True,
3,4,3,MONOTONIC_WRITES,normal,netem delay 25ms 25ms,ALL,5,cassandra2,cassandra3,5,False,True,
3,5,1,MONOTONIC_WRITES,normal,netem delay 25ms 25ms,ALL,6,cassandra3,cassandra3,6,False,True,
3,5,2,MONOTONIC_WRITES,normal,netem delay 25ms 25ms,ALL,6,cassandra3,cassandra3,6,False,True,
3,5,3,MONOTONIC_WRITES,normal,netem delay 25ms 25ms,ALL,6,cassandra3,cassandra3,6,False,True,
4,1,1,MONOTONIC_WRITES,normal,netem delay 25ms 25ms,ALL,2,cassandra1,cassandra2,2,False,True,
4,1,2,MONOTONIC_WRITES,normal,netem delay 25ms 25ms,ALL,2,cassandra1,cassandra1,2,False,True,
4,1,3,MONOTONIC_WRITES,normal,netem delay 25ms 25ms,ALL,2,cassandra1,cassandra3,2,False,True,
4,2,1,MONOTONIC_WRITES,normal,netem delay 25ms 25ms,ALL,3,cassandra2,cassandra3,3,False,True,
4,2,2,MONOTONIC_WRITES,normal,netem delay 25ms 25ms,ALL,3,cassandra2,cassandra3,3,False,True,
4,2,3,MONOTONIC_WRITES,normal,netem delay 25ms 25ms,ALL,3,cassandra2,cassandra3,3,False,True,
4,3,1,MONOTONIC_WRITES,normal,netem delay 25ms 25ms,ALL,4,cassandra2,cassandra1,4,False,True,
4,3,2,MONOTONIC_WRITES,normal,netem delay 25ms 25ms,ALL,4,cassandra2,cassandra2,4,False,True,
4,3,3,MONOTONIC_WRITES,normal,netem delay 25ms 25ms,ALL,4,cassandra2,cassandra2,4,False,True,
4,4,1,MONOTONIC_WRITES,normal,netem delay 25ms 25ms,ALL,5,cassandra3,cassandra2,5,False,True,
4,4,2,MONOTONIC_WRITES,normal,netem delay 25ms 25ms,ALL,5,cassandra3,cassandra2,5,False,True,
4,4,3,MONOTONIC_WRITES,normal,netem delay 25ms 25ms,ALL,5,cassandra3,cassandra2,5,False,True,
4,5,1,MONOTONIC_WRITES,normal,netem delay 25ms 25ms,ALL,6,cassandra1,cassandra1,6,False,True,
4,5,2,MONOTONIC_WRITES,normal,netem delay 25ms 25ms,ALL,6,cassandra1,cassandra1,6,False,True,
4,5,3,MONOTONIC_WRITES,normal,netem delay 25ms 25ms,ALL,6,cassandra1,cassandra2,6,False,True,
5,1,1,MONOTONIC_WRITES,normal,netem delay 25ms 25ms,ALL,2,cassandra3,cassandra1,2,False,True,
5,1,2,MONOTONIC_WRITES,normal,netem delay 25ms 25ms,ALL,2,cassandra3,cassandra1,2,False,True,
5,1,3,MONOTONIC_WRITES,normal,netem delay 25ms 25ms,ALL,2,cassandra3,cassandra3,2,False,True,
5,2,1,MONOTONIC_WRITES,normal,netem delay 25ms 25ms,ALL,3,cassandra2,cassandra1,3,False,True,
5,2,2,MONOTONIC_WRITES,normal,netem delay 25ms 25ms,ALL,3,cassandra2,cassandra3,3,False,True,
5,2,3,MONOTONIC_WRITES,normal,netem delay 25ms 25ms,ALL,3,cassandra2,cassandra1,3,False,True,
5,3,1,MONOTONIC_WRITES,normal,netem delay 25ms 25ms,ALL,4,cassandra2,cassandra2,4,False,True,
5,3,2,MONOTONIC_WRITES,normal,netem delay 25ms 25ms,ALL,4,cassandra2,cassandra3,4,False,True,
5,3,3,MONOTONIC_WRITES,normal,netem delay 25ms 25ms,ALL,4,cassandra2,cassandra3,4,False,True,
5,4,1,MONOTONIC_WRITES,normal,netem delay 25ms 25ms,ALL,5,cassandra1,cassandra1,5,False,True,
5,4,2,MONOTONIC_WRITES,normal,netem delay 25ms 25ms,ALL,5,cassandra1,cassandra3,5,False,True,
5,4,3,MONOTONIC_WRITES,normal,netem delay 25ms 25ms,ALL,5,cassandra1,cassandra2,5,False,True,
5,5,1,MONOTONIC_WRITES,normal,netem delay 25ms 25ms,ALL,6,cassandra1,cassandra3,6,False,True,
5,5,2,MONOTONIC_WRITES,normal,netem delay 25ms 25ms,ALL,6,cassandra1,cassandra3,6,False,True,
5,5,3,MONOTONIC_WRITES,normal,netem delay 25ms 25ms,ALL,6,cassandra1,cassandra2,6,False,True,
6,1,1,MONOTONIC_WRITES,normal,netem delay 25ms 25ms,ALL,2,cassandra3,cassandra3,2,False,True,
6,1,2,MONOTONIC_WRITES,normal,netem delay 25ms 25ms,ALL,2,cassandra3,cassandra3,2,False,True,
6,1,3,MONOTONIC_WRITES,normal,netem delay 25ms 25ms,ALL,2,cassandra3,cassandra2,2,False,True,
6,2,1,MONOTONIC_WRITES,normal,netem delay 25ms 25ms,ALL,3,cassandra2,cassandra3,3,False,True,
6,2,2,MONOTONIC_WRITES,normal,netem delay 25ms 25ms,ALL,3,cassandra2,cassandra3,3,False,True,
6,2,3,MONOTONIC_WRITES,normal,netem delay 25ms 25ms,ALL,3,cassandra2,cassandra1,3,False,True,
6,3,1,MONOTONIC_WRITES,normal,netem delay 25ms 25ms,ALL,4,cassandra3,cassandra2,4,False,True,
6,3,2,MONOTONIC_WRITES,normal,netem delay 25ms 25ms,ALL,4,cassandra3,cassandra2,4,False,True,
6,3,3,MONOTONIC_WRITES,normal,netem delay 25ms 25ms,ALL,4,cassandra3,cassandra1,4,False,True,
6,4,1,MONOTONIC_WRITES,normal,netem delay 25ms 25ms,ALL,5,cassandra3,cassandra1,5,False,True,
6,4,2,MONOTONIC_WRITES,normal,netem delay 25ms 25ms,ALL,5,cassandra3,cassandra3,5,False,True,
6,4,3,MONOTONIC_WRITES,normal,netem delay 25ms 25ms,ALL,5,cassandra3,cassandra1,5,False,True,
6,5,1,MONOTONIC_WRITES,normal,netem delay 25ms 25ms,ALL,6,cassandra2,cassandra2,6,False,True,
6,5,2,MONOTONIC_WRITES,normal,netem delay 25ms 25ms,ALL,6,cassandra2,cassandra3,6,False,True,
6,5,3,MONOTONIC_WRITES,normal,netem delay 25ms 25ms,ALL,6,cassandra2,cassandra1,6,False,True,
7,1,1,MONOTONIC_WRITES,normal,netem delay 25ms 25ms,ALL,2,cassandra2,cassandra1,2,False,True,
7,1,2,MONOTONIC_WRITES,normal,netem delay 25ms 25ms,ALL,2,cassandra2,cassandra1,2,False,True,
7,1,3,MONOTONIC_WRITES,normal,netem delay 25ms 25ms,ALL,2,cassandra2,cassandra1,2,False,True,
7,2,1,MONOTONIC_WRITES,normal,netem delay 25ms 25ms,ALL,3,cassandra2,cassandra2,3,False,True,
7,2,2,MONOTONIC_WRITES,normal,netem delay 25ms 25ms,ALL,3,cassandra2,cassandra1,3,False,True,
7,2,3,MONOTONIC_WRITES,normal,netem delay 25ms 25ms,ALL,3,cassandra2,cassandra1,3,False,True,
7,3,1,MONOTONIC_WRITES,normal,netem delay 25ms 25ms,ALL,4,cassandra1,cassandra3,4,False,True,
7,3,2,MONOTONIC_WRITES,normal,netem delay 25ms 25ms,ALL,4,cassandra1,cassandra3,4,False,True,
7,3,3,MONOTONIC_WRITES,normal,netem delay 25ms 25ms,ALL,4,cassandra1,cassandra2,4,False,True,
7,4,1,MONOTONIC_WRITES,normal,netem delay 25ms 25ms,ALL,5,cassandra1,cassandra1,5,False,True,
7,4,2,MONOTONIC_WRITES,normal,netem delay 25ms 25ms,ALL,5,cassandra1,cassandra1,5,False,True,
7,4,3,MONOTONIC_WRITES,normal,netem delay 25ms 25ms,ALL,5,cassandra1,cassandra1,5,False,True,
7,5,1,MONOTONIC_WRITES,normal,netem delay 25ms 25ms,ALL,6,cassandra1,cassandra1,6,False,True,
7,5,2,MONOTONIC_WRITES,normal,netem delay 25ms 25ms,ALL,6,cassandra1,cassandra2,6,False,True,
7,5,3,MONOTONIC_WRITES,normal,netem delay 25ms 25ms,ALL,6,cassandra1,cassandra3,6,False,True,
8,1,1,MONOTONIC_WRITES,normal,netem delay 25ms 25ms,ALL,2,cassandra2,cassandra3,2,False,True,
8,1,2,MONOTONIC_WRITES,normal,netem delay 25ms 25ms,ALL,2,cassandra2,cassandra3,2,False,True,
8,1,3,MONOTONIC_WRITES,normal,netem delay 25ms 25ms,ALL,2,cassandra2,cassandra3,2,False,True,
8,2,1,MONOTONIC_WRITES,normal,netem delay 25ms 25ms,ALL,3,cassandra3,cassandra1,3,False,True,
8,2,2,MONOTONIC_WRITES,normal,netem delay 25ms 25ms,ALL,3,cassandra3,cassandra1,3,False,True,
8,2,3,MONOTONIC_WRITES,normal,netem delay 25ms 25ms,ALL,3,cassandra3,cassandra2,3,False,True,
8,3,1,MONOTONIC_WRITES,normal,netem delay 25ms 25ms,ALL,4,cassandra3,cassandra3,4,False,True,
8,3,2,MONOTONIC_WRITES,normal,netem delay 25ms 25ms,ALL,4,cassandra3,cassandra1,4,False,True,
8,3,3,MONOTONIC_WRITES,normal,netem delay 25ms 25ms,ALL,4,cassandra3,cassandra2,4,False,True,
8,4,1,MONOTONIC_WRITES,normal,netem delay 25ms 25ms,ALL,5,cassandra3,cassandra2,5,False,True,
8,4,2,MONOTONIC_WRITES,normal,netem delay 25ms 25ms,ALL,5,cassandra3,cassandra1,5,False,True,
8,4,3,MONOTONIC_WRITES,normal,netem delay 25ms 25ms,ALL,5,cassandra3,cassandra2,5,False,True,
8,5,1,MONOTONIC_WRITES,normal,netem delay 25ms 25ms,ALL,6,cassandra3,cassandra1,6,False,True,
8,5,2,MONOTONIC_WRITES,normal,netem delay 25ms 25ms,ALL,6,cassandra3,cassandra2,6,False,True,
8,5,3,MONOTONIC_WRITES,normal,netem delay 25ms 25ms,ALL,6,cassandra3,cassandra2,6,False,True,
9,1,1,MONOTONIC_WRITES,normal,netem delay 25ms 25ms,ALL,2,cassandra2,cassandra2,2,False,True,
9,1,2,MONOTONIC_WRITES,normal,netem delay 25ms 25ms,ALL,2,cassandra2,cassandra1,2,False,True,
9,1,3,MONOTONIC_WRITES,normal,netem delay 25ms 25ms,ALL,2,cassandra2,cassandra2,2,False,True,
9,2,1,MONOTONIC_WRITES,normal,netem delay 25ms 25ms,ALL,3,cassandra1,cassandra2,3,False,True,
9,2,2,MONOTONIC_WRITES,normal,netem delay 25ms 25ms,ALL,3,cassandra1,cassandra1,3,False,True,
9,2,3,MONOTONIC_WRITES,normal,netem delay 25ms 25ms,ALL,3,cassandra1,cassandra3,3,False,True,
9,3,1,MONOTONIC_WRITES,normal,netem delay 25ms 25ms,ALL,4,cassandra2,cassandra2,4,False,True,
9,3,2,MONOTONIC_WRITES,normal,netem delay 25ms 25ms,ALL,4,cassandra2,cassandra1,4,False,True,
9,3,3,MONOTONIC_WRITES,normal,netem delay 25ms 25ms,ALL,4,cassandra2,cassandra2,4,False,True,
9,4,1,MONOTONIC_WRITES,normal,netem delay 25ms 25ms,ALL,5,cassandra1,cassandra3,5,False,True,
9,4,2,MONOTONIC_WRITES,normal,netem delay 25ms 25ms,ALL,5,cassandra1,cassandra2,5,False,True,
9,4,3,MONOTONIC_WRITES,normal,netem delay 25ms 25ms,ALL,5,cassandra1,cassandra3,5,False,True,
9,5,1,MONOTONIC_WRITES,normal,netem delay 25ms 25ms,ALL,6,cassandra1,cassandra1,6,False,True,
9,5,2,MONOTONIC_WRITES,normal,netem delay 25ms 25ms,ALL,6,cassandra1,cassandra1,6,False,True,
9,5,3,MONOTONIC_WRITES,normal,netem delay 25ms 25ms,ALL,6,cassandra1,cassandra3,6,False,True,
10,1,1,MONOTONIC_WRITES,normal,netem delay 25ms 25ms,ALL,2,cassandra2,cassandra1,2,False,True,
10,1,2,MONOTONIC_WRITES,normal,netem delay 25ms 25ms,ALL,2,cassandra2,cassandra2,2,False,True,
10,1,3,MONOTONIC_WRITES,normal,netem delay 25ms 25ms,ALL,2,cassandra2,cassandra3,2,False,True,
10,2,1,MONOTONIC_WRITES,normal,netem delay 25ms 25ms,ALL,3,cassandra1,cassandra1,3,False,True,
10,2,2,MONOTONIC_WRITES,normal,netem delay 25ms 25ms,ALL,3,cassandra1,cassandra3,3,False,True,
10,2,3,MONOTONIC_WRITES,normal,netem delay 25ms 25ms,ALL,3,cassandra1,cassandra3,3,False,True,
10,3,1,MONOTONIC_WRITES,normal,netem delay 25ms 25ms,ALL,4,cassandra1,cassandra2,4,False,True,
10,3,2,MONOTONIC_WRITES,normal,netem delay 25ms 25ms,ALL,4,cassandra1,cassandra3,4,False,True,
10,3,3,MONOTONIC_WRITES,normal,netem delay 25ms 25ms,ALL,4,cassandra1,cassandra3,4,False,True,
10,4,1,MONOTONIC_WRITES,normal,netem delay 25ms 25ms,ALL,5,cassandra2,cassandra1,5,False,True,
10,4,2,MONOTONIC_WRITES,normal,netem delay 25ms 25ms,ALL,5,cassandra2,cassandra2,5,False,True,
10,4,3,MONOTONIC_WRITES,normal,netem delay 25ms 25ms,ALL,5,cassandra2,cassandra3,5,False,True,
10,5,1,MONOTONIC_WRITES,normal,netem delay 25ms 25ms,ALL,6,cassandra2,cassandra3,6,False,True,
10,5,2,MONOTONIC_WRITES,normal,netem delay 25ms 25ms,ALL,6,cassandra2,cassandra1,6,False,True,
10,5,3,MONOTONIC_WRITES,normal,netem delay 25ms 25ms,ALL,6,cassandra2,cassandra3,6,False,True,
11,1,1,MONOTONIC_WRITES,normal,netem delay 25ms 25ms,ALL,2,cassandra3,cassandra2,2,False,True,
11,1,2,MONOTONIC_WRITES,normal,netem delay 25ms 25ms,ALL,2,cassandra3,cassandra1,2,False,True,
11,1,3,MONOTONIC_WRITES,normal,netem delay 25ms 25ms,ALL,2,cassandra3,cassandra1,2,False,True,
11,2,1,MONOTONIC_WRITES,normal,netem delay 25ms 25ms,ALL,3,cassandra2,cassandra1,3,False,True,
11,2,2,MONOTONIC_WRITES,normal,netem delay 25ms 25ms,ALL,3,cassandra2,cassandra3,3,False,True,
11,2,3,MONOTONIC_WRITES,normal,netem delay 25ms 25ms,ALL,3,cassandra2,cassandra2,3,False,True,
11,3,1,MONOTONIC_WRITES,normal,netem delay 25ms 25ms,ALL,4,cassandra3,cassandra3,4,False,True,
11,3,2,MONOTONIC_WRITES,normal,netem delay 25ms 25ms,ALL,4,cassandra3,cassandra2,4,False,True,
11,3,3,MONOTONIC_WRITES,normal,netem delay 25ms 25ms,ALL,4,cassandra3,cassandra1,4,False,True,
11,4,1,MONOTONIC_WRITES,normal,netem delay 25ms 25ms,ALL,5,cassandra1,cassandra2,5,False,True,
11,4,2,MONOTONIC_WRITES,normal,netem delay 25ms 25ms,ALL,5,cassandra1,cassandra3,5,False,True,
11,4,3,MONOTONIC_WRITES,normal,netem delay 25ms 25ms,ALL,5,cassandra1,cassandra3,5,False,True,
11,5,1,MONOTONIC_WRITES,normal,netem delay 25ms 25ms,ALL,6,cassandra1,cassandra1,6,False,True,
11,5,2,MONOTONIC_WRITES,normal,netem delay 25ms 25ms,ALL,6,cassandra1,cassandra1,6,False,True,
11,5,3,MONOTONIC_WRITES,normal,netem delay 25ms 25ms,ALL,6,cassandra1,cassandra1,6,False,True,
12,1,1,MONOTONIC_WRITES,normal,netem delay 25ms 25ms,ALL,2,cassandra1,cassandra2,2,False,True,
12,1,2,MONOTONIC_WRITES,normal,netem delay 25ms 25ms,ALL,2,cassandra1,cassandra3,2,False,True,
12,1,3,MONOTONIC_WRITES,normal,netem delay 25ms 25ms,ALL,2,cassandra1,cassandra3,2,False,True,
12,2,1,MONOTONIC_WRITES,normal,netem delay 25ms 25ms,ALL,3,cassandra2,cassandra1,3,False,True,
12,2,2,MONOTONIC_WRITES,normal,netem delay 25ms 25ms,ALL,3,cassandra2,cassandra3,3,False,True,
12,2,3,MONOTONIC_WRITES,normal,netem delay 25ms 25ms,ALL,3,cassandra2,cassandra1,3,False,True,
12,3,1,MONOTONIC_WRITES,normal,netem delay 25ms 25ms,ALL,4,cassandra1,cassandra2,4,False,True,
12,3,2,MONOTONIC_WRITES,normal,netem delay 25ms 25ms,ALL,4,cassandra1,cassandra2,4,False,True,
12,3,3,MONOTONIC_WRITES,normal,netem delay 25ms 25ms,ALL,4,cassandra1,cassandra3,4,False,True,
12,4,1,MONOTONIC_WRITES,normal,netem delay 25ms 25ms,ALL,5,cassandra3,cassandra2,5,False,True,
12,4,2,MONOTONIC_WRITES,normal,netem delay 25ms 25ms,ALL,5,cassandra3,cassandra1,5,False,True,
12,4,3,MONOTONIC_WRITES,normal,netem delay 25ms 25ms,ALL,5,cassandra3,cassandra3,5,False,True,
12,5,1,MONOTONIC_WRITES,normal,netem delay 25ms 25ms,ALL,6,cassandra1,cassandra1,6,False,True,
12,5,2,MONOTONIC_WRITES,normal,netem delay 25ms 25ms,ALL,6,cassandra1,cassandra2,6,False,True,
12,5,3,MONOTONIC_WRITES,normal,netem delay 25ms 25ms,ALL,6,cassandra1,cassandra3,6,False,True,
13,1,1,MONOTONIC_WRITES,normal,netem delay 25ms 25ms,ALL,2,cassandra3,cassandra2,2,False,True,
13,1,2,MONOTONIC_WRITES,normal,netem delay 25ms 25ms,ALL,2,cassandra3,cassandra1,2,False,True,
13,1,3,MONOTONIC_WRITES,normal,netem delay 25ms 25ms,ALL,2,cassandra3,cassandra3,2,False,True,
13,2,1,MONOTONIC_WRITES,normal,netem delay 25ms 25ms,ALL,3,cassandra3,cassandra2,3,False,True,
13,2,2,MONOTONIC_WRITES,normal,netem delay 25ms 25ms,ALL,3,cassandra3,cassandra3,3,False,True,
13,2,3,MONOTONIC_WRITES,normal,netem delay 25ms 25ms,ALL,3,cassandra3,cassandra2,3,False,True,
13,3,1,MONOTONIC_WRITES,normal,netem delay 25ms 25ms,ALL,4,cassandra3,cassandra2,4,False,True,
13,3,2,MONOTONIC_WRITES,normal,netem delay 25ms 25ms,ALL,4,cassandra3,cassandra2,4,False,True,
13,3,3,MONOTONIC_WRITES,normal,netem delay 25ms 25ms,ALL,4,cassandra3,cassandra3,4,False,True,
13,4,1,MONOTONIC_WRITES,normal,netem delay 25ms 25ms,ALL,5,cassandra2,cassandra3,5,False,True,
13,4,2,MONOTONIC_WRITES,normal,netem delay 25ms 25ms,ALL,5,cassandra2,cassandra2,5,False,True,
13,4,3,MONOTONIC_WRITES,normal,netem delay 25ms 25ms,ALL,5,cassandra2,cassandra2,5,False,True,
13,5,1,MONOTONIC_WRITES,normal,netem delay 25ms 25ms,ALL,6,cassandra2,cassandra3,6,False,True,
13,5,2,MONOTONIC_WRITES,normal,netem delay 25ms 25ms,ALL,6,cassandra2,cassandra3,6,False,True,
13,5,3,MONOTONIC_WRITES,normal,netem delay 25ms 25ms,ALL,6,cassandra2,cassandra3,6,False,True,
14,1,1,MONOTONIC_WRITES,normal,netem delay 25ms 25ms,ALL,2,cassandra3,cassandra1,2,False,True,
14,1,2,MONOTONIC_WRITES,normal,netem delay 25ms 25ms,ALL,2,cassandra3,cassandra1,2,False,True,
14,1,3,MONOTONIC_WRITES,normal,netem delay 25ms 25ms,ALL,2,cassandra3,cassandra1,2,False,True,
14,2,1,MONOTONIC_WRITES,normal,netem delay 25ms 25ms,ALL,3,cassandra3,cassandra2,3,False,True,
14,2,2,MONOTONIC_WRITES,normal,netem delay 25ms 25ms,ALL,3,cassandra3,cassandra1,3,False,True,
14,2,3,MONOTONIC_WRITES,normal,netem delay 25ms 25ms,ALL,3,cassandra3,cassandra3,3,False,True,
14,3,1,MONOTONIC_WRITES,normal,netem delay 25ms 25ms,ALL,4,cassandra3,cassandra3,4,False,True,
14,3,2,MONOTONIC_WRITES,normal,netem delay 25ms 25ms,ALL,4,cassandra3,cassandra1,4,False,True,
14,3,3,MONOTONIC_WRITES,normal,netem delay 25ms 25ms,ALL,4,cassandra3,cassandra1,4,False,True,
14,4,1,MONOTONIC_WRITES,normal,netem delay 25ms 25ms,ALL,5,cassandra2,cassandra3,5,False,True,
14,4,2,MONOTONIC_WRITES,normal,netem delay 25ms 25ms,ALL,5,cassandra2,cassandra1,5,False,True,
14,4,3,MONOTONIC_WRITES,normal,netem delay 25ms 25ms,ALL,5,cassandra2,cassandra3,5,False,True,
14,5,1,MONOTONIC_WRITES,normal,netem delay 25ms 25ms,ALL,6,cassandra3,cassandra2,6,False,True,
14,5,2,MONOTONIC_WRITES,normal,netem delay 25ms 25ms,ALL,6,cassandra3,cassandra2,6,False,True,
14,5,3,MONOTONIC_WRITES,normal,netem delay 25ms 25ms,ALL,6,cassandra3,cassandra2,6,False,True,
15,1,1,MONOTONIC_WRITES,normal,netem delay 25ms 25ms,ALL,2,cassandra2,cassandra2,2,False,True,
15,1,2,MONOTONIC_WRITES,normal,netem delay 25ms 25ms,ALL,2,cassandra2,cassandra3,2,False,True,
15,1,3,MONOTONIC_WRITES,normal,netem delay 25ms 25ms,ALL,2,cassandra2,cassandra2,2,False,True,
15,2,1,MONOTONIC_WRITES,normal,netem delay 25ms 25ms,ALL,3,cassandra1,cassandra2,3,False,True,
15,2,2,MONOTONIC_WRITES,normal,netem delay 25ms 25ms,ALL,3,cassandra1,cassandra1,3,False,True,
15,2,3,MONOTONIC_WRITES,normal,netem delay 25ms 25ms,ALL,3,cassandra1,cassandra1,3,False,True,
15,3,1,MONOTONIC_WRITES,normal,netem delay 25ms 25ms,ALL,4,cassandra1,cassandra2,4,False,True,
15,3,2,MONOTONIC_WRITES,normal,netem delay 25ms 25ms,ALL,4,cassandra1,cassandra2,4,False,True,
15,3,3,MONOTONIC_WRITES,normal,netem delay 25ms 25ms,ALL,4,cassandra1,cassandra2,4,False,True,
15,4,1,MONOTONIC_WRITES,normal,netem delay 25ms 25ms,ALL,5,cassandra3,cassandra2,5,False,True,
15,4,2,MONOTONIC_WRITES,normal,netem delay 25ms 25ms,ALL,5,cassandra3,cassandra2,5,False,True,
15,4,3,MONOTONIC_WRITES,normal,netem delay 25ms 25ms,ALL,5,cassandra3,cassandra1,5,False,True,
15,5,1,MONOTONIC_WRITES,normal,netem delay 25ms 25ms,ALL,6,cassandra3,cassandra1,6,False,True,
15,5,2,MONOTONIC_WRITES,normal,netem delay 25ms 25ms,ALL,6,cassandra3,cassandra2,6,False,True,
15,5,3,MONOTONIC_WRITES,normal,netem delay 25ms 25ms,ALL,6,cassandra3,cassandra2,6,False,True,
16,1,1,MONOTONIC_WRITES,normal,netem delay 25ms 25ms,ALL,2,cassandra2,cassandra3,2,False,True,
16,1,2,MONOTONIC_WRITES,normal,netem delay 25ms 25ms,ALL,2,cassandra2,cassandra1,2,False,True,
16,1,3,MONOTONIC_WRITES,normal,netem delay 25ms 25ms,ALL,2,cassandra2,cassandra1,2,False,True,
16,2,1,MONOTONIC_WRITES,normal,netem delay 25ms 25ms,ALL,3,cassandra1,cassandra3,3,False,True,
16,2,2,MONOTONIC_WRITES,normal,netem delay 25ms 25ms,ALL,3,cassandra1,cassandra3,3,False,True,
16,2,3,MONOTONIC_WRITES,normal,netem delay 25ms 25ms,ALL,3,cassandra1,cassandra1,3,False,True,
16,3,1,MONOTONIC_WRITES,normal,netem delay 25ms 25ms,ALL,4,cassandra2,cassandra1,4,False,True,
16,3,2,MONOTONIC_WRITES,normal,netem delay 25ms 25ms,ALL,4,cassandra2,cassandra3,4,False,True,
16,3,3,MONOTONIC_WRITES,normal,netem delay 25ms 25ms,ALL,4,cassandra2,cassandra3,4,False,True,
16,4,1,MONOTONIC_WRITES,normal,netem delay 25ms 25ms,ALL,5,cassandra3,cassandra1,5,False,True,
16,4,2,MONOTONIC_WRITES,normal,netem delay 25ms 25ms,ALL,5,cassandra3,cassandra3,5,False,True,
16,4,3,MONOTONIC_WRITES,normal,netem delay 25ms 25ms,ALL,5,cassandra3,cassandra2,5,False,True,
16,5,1,MONOTONIC_WRITES,normal,netem delay 25ms 25ms,ALL,6,cassandra2,cassandra1,6,False,True,
16,5,2,MONOTONIC_WRITES,normal,netem delay 25ms 25ms,ALL,6,cassandra2,cassandra1,6,False,True,
16,5,3,MONOTONIC_WRITES,normal,netem delay 25ms 25ms,ALL,6,cassandra2,cassandra1,6,False,True,
17,1,1,MONOTONIC_WRITES,normal,netem delay 25ms 25ms,ALL,2,cassandra2,cassandra3,2,False,True,
17,1,2,MONOTONIC_WRITES,normal,netem delay 25ms 25ms,ALL,2,cassandra2,cassandra2,2,False,True,
17,1,3,MONOTONIC_WRITES,normal,netem delay 25ms 25ms,ALL,2,cassandra2,cassandra1,2,False,True,
17,2,1,MONOTONIC_WRITES,normal,netem delay 25ms 25ms,ALL,3,cassandra3,cassandra1,3,False,True,
17,2,2,MONOTONIC_WRITES,normal,netem delay 25ms 25ms,ALL,3,cassandra3,cassandra3,3,False,True,
17,2,3,MONOTONIC_WRITES,normal,netem delay 25ms 25ms,ALL,3,cassandra3,cassandra3,3,False,True,
17,3,1,MONOTONIC_WRITES,normal,netem delay 25ms 25ms,ALL,4,cassandra1,cassandra2,4,False,True,
17,3,2,MONOTONIC_WRITES,normal,netem delay 25ms 25ms,ALL,4,cassandra1,cassandra2,4,False,True,
17,3,3,MONOTONIC_WRITES,normal,netem delay 25ms 25ms,ALL,4,cassandra1,cassandra3,4,False,True,
17,4,1,MONOTONIC_WRITES,normal,netem delay 25ms 25ms,ALL,5,cassandra1,cassandra2,5,False,True,
17,4,2,MONOTONIC_WRITES,normal,netem delay 25ms 25ms,ALL,5,cassandra1,cassandra2,5,False,True,
17,4,3,MONOTONIC_WRITES,normal,netem delay 25ms 25ms,ALL,5,cassandra1,cassandra2,5,False,True,
17,5,1,MONOTONIC_WRITES,normal,netem delay 25ms 25ms,ALL,6,cassandra1,cassandra2,6,False,True,
17,5,2,MONOTONIC_WRITES,normal,netem delay 25ms 25ms,ALL,6,cassandra1,cassandra3,6,False,True,
17,5,3,MONOTONIC_WRITES,normal,netem delay 25ms 25ms,ALL,6,cassandra1,cassandra2,6,False,True,
18,1,1,MONOTONIC_WRITES,normal,netem delay 25ms 25ms,ALL,2,cassandra3,cassandra3,2,False,True,
18,1,2,MONOTONIC_WRITES,normal,netem delay 25ms 25ms,ALL,2,cassandra3,cassandra1,2,False,True,
18,1,3,MONOTONIC_WRITES,normal,netem delay 25ms 25ms,ALL,2,cassandra3,cassandra1,2,False,True,
18,2,1,MONOTONIC_WRITES,normal,netem delay 25ms 25ms,ALL,3,cassandra2,cassandra2,3,False,True,
18,2,2,MONOTONIC_WRITES,normal,netem delay 25ms 25ms,ALL,3,cassandra2,cassandra2,3,False,True,
18,2,3,MONOTONIC_WRITES,normal,netem delay 25ms 25ms,ALL,3,cassandra2,cassandra3,3,False,True,
18,3,1,MONOTONIC_WRITES,normal,netem delay 25ms 25ms,ALL,4,cassandra2,cassandra3,4,False,True,
18,3,2,MONOTONIC_WRITES,normal,netem delay 25ms 25ms,ALL,4,cassandra2,cassandra1,4,False,True,
18,3,3,MONOTONIC_WRITES,normal,netem delay 25ms 25ms,ALL,4,cassandra2,cassandra2,4,False,True,
18,4,1,MONOTONIC_WRITES,normal,netem delay 25ms 25ms,ALL,5,cassandra3,cassandra2,5,False,True,
18,4,2,MONOTONIC_WRITES,normal,netem delay 25ms 25ms,ALL,5,cassandra3,cassandra1,5,False,True,
18,4,3,MONOTONIC_WRITES,normal,netem delay 25ms 25ms,ALL,5,cassandra3,cassandra2,5,False,True,
18,5,1,MONOTONIC_WRITES,normal,netem delay 25ms 25ms,ALL,6,cassandra1,cassandra1,6,False,True,
18,5,2,MONOTONIC_WRITES,normal,netem delay 25ms 25ms,ALL,6,cassandra1,cassandra3,6,False,True,
18,5,3,MONOTONIC_WRITES,normal,netem delay 25ms 25ms,ALL,6,cassandra1,cassandra3,6,False,True,
19,1,1,MONOTONIC_WRITES,normal,netem delay 25ms 25ms,ALL,2,cassandra1,cassandra2,2,False,True,
19,1,2,MONOTONIC_WRITES,normal,netem delay 25ms 25ms,ALL,2,cassandra1,cassandra2,2,False,True,
19,1,3,MONOTONIC_WRITES,normal,netem delay 25ms 25ms,ALL,2,cassandra1,cassandra3,2,False,True,
19,2,1,MONOTONIC_WRITES,normal,netem delay 25ms 25ms,ALL,3,cassandra1,cassandra2,3,False,True,
19,2,2,MONOTONIC_WRITES,normal,netem delay 25ms 25ms,ALL,3,cassandra1,cassandra3,3,False,True,
19,2,3,MONOTONIC_WRITES,normal,netem delay 25ms 25ms,ALL,3,cassandra1,cassandra3,3,False,True,
19,3,1,MONOTONIC_WRITES,normal,netem delay 25ms 25ms,ALL,4,cassandra3,cassandra2,4,False,True,
19,3,2,MONOTONIC_WRITES,normal,netem delay 25ms 25ms,ALL,4,cassandra3,cassandra2,4,False,True,
19,3,3,MONOTONIC_WRITES,normal,netem delay 25ms 25ms,ALL,4,cassandra3,cassandra2,4,False,True,
19,4,1,MONOTONIC_WRITES,normal,netem delay 25ms 25ms,ALL,5,cassandra1,cassandra1,5,False,True,
19,4,2,MONOTONIC_WRITES,normal,netem delay 25ms 25ms,ALL,5,cassandra1,cassandra2,5,False,True,
19,4,3,MONOTONIC_WRITES,normal,netem delay 25ms 25ms,ALL,5,cassandra1,cassandra1,5,False,True,
19,5,1,MONOTONIC_WRITES,normal,netem delay 25ms 25ms,ALL,6,cassandra2,cassandra2,6,False,True,
19,5,2,MONOTONIC_WRITES,normal,netem delay 25ms 25ms,ALL,6,cassandra2,cassandra1,6,False,True,
19,5,3,MONOTONIC_WRITES,normal,netem delay 25ms 25ms,ALL,6,cassandra2,cassandra1,6,False,True,
20,1,1,MONOTONIC_WRITES,normal,netem delay 25ms 25ms,ALL,2,cassandra3,cassandra3,2,False,True,
20,1,2,MONOTONIC_WRITES,normal,netem delay 25ms 25ms,ALL,2,cassandra3,cassandra1,2,False,True,
20,1,3,MONOTONIC_WRITES,normal,netem delay 25ms 25ms,ALL,2,cassandra3,cassandra2,2,False,True,
20,2,1,MONOTONIC_WRITES,normal,netem delay 25ms 25ms,ALL,3,cassandra1,cassandra3,3,False,True,
20,2,2,MONOTONIC_WRITES,normal,netem delay 25ms 25ms,ALL,3,cassandra1,cassandra1,3,False,True,
20,2,3,MONOTONIC_WRITES,normal,netem delay 25ms 25ms,ALL,3,cassandra1,cassandra2,3,False,True,
20,3,1,MONOTONIC_WRITES,normal,netem delay 25ms 25ms,ALL,4,cassandra3,cassandra1,4,False,True,
20,3,2,MONOTONIC_WRITES,normal,netem delay 25ms 25ms,ALL,4,cassandra3,cassandra2,4,False,True,
20,3,3,MONOTONIC_WRITES,normal,netem delay 25ms 25ms,ALL,4,cassandra3,cassandra1,4,False,True,
20,4,1,MONOTONIC_WRITES,normal,netem delay 25ms 25ms,ALL,5,cassandra1,cassandra2,5,False,True,
20,4,2,MONOTONIC_WRITES,normal,netem delay 25ms 25ms,ALL,5,cassandra1,cassandra3,5,False,True,
20,4,3,MONOTONIC_WRITES,normal,netem delay 25ms 25ms,ALL,5,cassandra1,cassandra1,5,False,True,
20,5,1,MONOTONIC_WRITES,normal,netem delay 25ms 25ms,ALL,6,cassandra3,cassandra2,6,False,True,
20,5,2,MONOTONIC_WRITES,normal,netem delay 25ms 25ms,ALL,6,cassandra3,cassandra2,6,False,True,
20,5,3,MONOTONIC_WRITES,normal,netem delay 25ms 25ms,ALL,6,cassandra3,cassandra2,6,False,True,
21,1,1,MONOTONIC_WRITES,normal,netem delay 25ms 25ms,ALL,2,cassandra3,cassandra1,2,False,True,
21,1,2,MONOTONIC_WRITES,normal,netem delay 25ms 25ms,ALL,2,cassandra3,cassandra3,2,False,True,
21,1,3,MONOTONIC_WRITES,normal,netem delay 25ms 25ms,ALL,2,cassandra3,cassandra2,2,False,True,
21,2,1,MONOTONIC_WRITES,normal,netem delay 25ms 25ms,ALL,3,cassandra2,cassandra2,3,False,True,
21,2,2,MONOTONIC_WRITES,normal,netem delay 25ms 25ms,ALL,3,cassandra2,cassandra3,3,False,True,
21,2,3,MONOTONIC_WRITES,normal,netem delay 25ms 25ms,ALL,3,cassandra2,cassandra3,3,False,True,
21,3,1,MONOTONIC_WRITES,normal,netem delay 25ms 25ms,ALL,4,cassandra1,cassandra2,4,False,True,
21,3,2,MONOTONIC_WRITES,normal,netem delay 25ms 25ms,ALL,4,cassandra1,cassandra3,4,False,True,
21,3,3,MONOTONIC_WRITES,normal,netem delay 25ms 25ms,ALL,4,cassandra1,cassandra1,4,False,True,
21,4,1,MONOTONIC_WRITES,normal,netem delay 25ms 25ms,ALL,5,cassandra2,cassandra2,5,False,True,
21,4,2,MONOTONIC_WRITES,normal,netem delay 25ms 25ms,ALL,5,cassandra2,cassandra2,5,False,True,
21,4,3,MONOTONIC_WRITES,normal,netem delay 25ms 25ms,ALL,5,cassandra2,cassandra1,5,False,True,
21,5,1,MONOTONIC_WRITES,normal,netem delay 25ms 25ms,ALL,6,cassandra1,cassandra3,6,False,True,
21,5,2,MONOTONIC_WRITES,normal,netem delay 25ms 25ms,ALL,6,cassandra1,cassandra1,6,False,True,
21,5,3,MONOTONIC_WRITES,normal,netem delay 25ms 25ms,ALL,6,cassandra1,cassandra3,6,False,True,
22,1,1,MONOTONIC_WRITES,normal,netem delay 25ms 25ms,ALL,2,cassandra1,cassandra1,2,False,True,
22,1,2,MONOTONIC_WRITES,normal,netem delay 25ms 25ms,ALL,2,cassandra1,cassandra2,2,False,True,
22,1,3,MONOTONIC_WRITES,normal,netem delay 25ms 25ms,ALL,2,cassandra1,cassandra2,2,False,True,
22,2,1,MONOTONIC_WRITES,normal,netem delay 25ms 25ms,ALL,3,cassandra3,cassandra3,3,False,True,
22,2,2,MONOTONIC_WRITES,normal,netem delay 25ms 25ms,ALL,3,cassandra3,cassandra1,3,False,True,
22,2,3,MONOTONIC_WRITES,normal,netem delay 25ms 25ms,ALL,3,cassandra3,cassandra3,3,False,True,
22,3,1,MONOTONIC_WRITES,normal,netem delay 25ms 25ms,ALL,4,cassandra3,cassandra1,4,False,True,
22,3,2,MONOTONIC_WRITES,normal,netem delay 25ms 25ms,ALL,4,cassandra3,cassandra1,4,False,True,
22,3,3,MONOTONIC_WRITES,normal,netem delay 25ms 25ms,ALL,4,cassandra3,cassandra3,4,False,True,
22,4,1,MONOTONIC_WRITES,normal,netem delay 25ms 25ms,ALL,5,cassandra3,cassandra2,5,False,True,
22,4,2,MONOTONIC_WRITES,normal,netem delay 25ms 25ms,ALL,5,cassandra3,cassandra3,5,False,True,
22,4,3,MONOTONIC_WRITES,normal,netem delay 25ms 25ms,ALL,5,cassandra3,cassandra3,5,False,True,
22,5,1,MONOTONIC_WRITES,normal,netem delay 25ms 25ms,ALL,6,cassandra3,cassandra3,6,False,True,
22,5,2,MONOTONIC_WRITES,normal,netem delay 25ms 25ms,ALL,6,cassandra3,cassandra2,6,False,True,
22,5,3,MONOTONIC_WRITES,normal,netem delay 25ms 25ms,ALL,6,cassandra3,cassandra2,6,False,True,
23,1,1,MONOTONIC_WRITES,normal,netem delay 25ms 25ms,ALL,2,cassandra1,cassandra3,2,False,True,
23,1,2,MONOTONIC_WRITES,normal,netem delay 25ms 25ms,ALL,2,cassandra1,cassandra2,2,False,True,
23,1,3,MONOTONIC_WRITES,normal,netem delay 25ms 25ms,ALL,2,cassandra1,cassandra3,2,False,True,
23,2,1,MONOTONIC_WRITES,normal,netem delay 25ms 25ms,ALL,3,cassandra3,cassandra3,3,False,True,
23,2,2,MONOTONIC_WRITES,normal,netem delay 25ms 25ms,ALL,3,cassandra3,cassandra1,3,False,True,
23,2,3,MONOTONIC_WRITES,normal,netem delay 25ms 25ms,ALL,3,cassandra3,cassandra3,3,False,True,
23,3,1,MONOTONIC_WRITES,normal,netem delay 25ms 25ms,ALL,4,cassandra3,cassandra1,4,False,True,
23,3,2,MONOTONIC_WRITES,normal,netem delay 25ms 25ms,ALL,4,cassandra3,cassandra3,4,False,True,
23,3,3,MONOTONIC_WRITES,normal,netem delay 25ms 25ms,ALL,4,cassandra3,cassandra1,4,False,True,
23,4,1,MONOTONIC_WRITES,normal,netem delay 25ms 25ms,ALL,5,cassandra3,cassandra2,5,False,True,
23,4,2,MONOTONIC_WRITES,normal,netem delay 25ms 25ms,ALL,5,cassandra3,cassandra1,5,False,True,
23,4,3,MONOTONIC_WRITES,normal,netem delay 25ms 25ms,ALL,5,cassandra3,cassandra2,5,False,True,
23,5,1,MONOTONIC_WRITES,normal,netem delay 25ms 25ms,ALL,6,cassandra2,cassandra1,6,False,True,
23,5,2,MONOTONIC_WRITES,normal,netem delay 25ms 25ms,ALL,6,cassandra2,cassandra1,6,False,True,
23,5,3,MONOTONIC_WRITES,normal,netem delay 25ms 25ms,ALL,6,cassandra2,cassandra3,6,False,True,
24,1,1,MONOTONIC_WRITES,normal,netem delay 25ms 25ms,ALL,2,cassandra1,cassandra2,2,False,True,
24,1,2,MONOTONIC_WRITES,normal,netem delay 25ms 25ms,ALL,2,cassandra1,cassandra2,2,False,True,
24,1,3,MONOTONIC_WRITES,normal,netem delay 25ms 25ms,ALL,2,cassandra1,cassandra3,2,False,True,
24,2,1,MONOTONIC_WRITES,normal,netem delay 25ms 25ms,ALL,3,cassandra3,cassandra1,3,False,True,
24,2,2,MONOTONIC_WRITES,normal,netem delay 25ms 25ms,ALL,3,cassandra3,cassandra3,3,False,True,
24,2,3,MONOTONIC_WRITES,normal,netem delay 25ms 25ms,ALL,3,cassandra3,cassandra2,3,False,True,
24,3,1,MONOTONIC_WRITES,normal,netem delay 25ms 25ms,ALL,4,cassandra3,cassandra3,4,False,True,
24,3,2,MONOTONIC_WRITES,normal,netem delay 25ms 25ms,ALL,4,cassandra3,cassandra1,4,False,True,
24,3,3,MONOTONIC_WRITES,normal,netem delay 25ms 25ms,ALL,4,cassandra3,cassandra2,4,False,True,
24,4,1,MONOTONIC_WRITES,normal,netem delay 25ms 25ms,ALL,5,cassandra2,cassandra2,5,False,True,
24,4,2,MONOTONIC_WRITES,normal,netem delay 25ms 25ms,ALL,5,cassandra2,cassandra1,5,False,True,
24,4,3,MONOTONIC_WRITES,normal,netem delay 25ms 25ms,ALL,5,cassandra2,cassandra3,5,False,True,
24,5,1,MONOTONIC_WRITES,normal,netem delay 25ms 25ms,ALL,6,cassandra2,cassandra3,6,False,True,
24,5,2,MONOTONIC_WRITES,normal,netem delay 25ms 25ms,ALL,6,cassandra2,cassandra3,6,False,True,
24,5,3,MONOTONIC_WRITES,normal,netem delay 25ms 25ms,ALL,6,cassandra2,cassandra2,6,False,True,
25,1,1,MONOTONIC_WRITES,normal,netem delay 25ms 25ms,ALL,2,cassandra1,cassandra3,2,False,True,
25,1,2,MONOTONIC_WRITES,normal,netem delay 25ms 25ms,ALL,2,cassandra1,cassandra3,2,False,True,
25,1,3,MONOTONIC_WRITES,normal,netem delay 25ms 25ms,ALL,2,cassandra1,cassandra3,2,False,True,
25,2,1,MONOTONIC_WRITES,normal,netem delay 25ms 25ms,ALL,3,cassandra2,cassandra3,3,False,True,
25,2,2,MONOTONIC_WRITES,normal,netem delay 25ms 25ms,ALL,3,cassandra2,cassandra3,3,False,True,
25,2,3,MONOTONIC_WRITES,normal,netem delay 25ms 25ms,ALL,3,cassandra2,cassandra2,3,False,True,
25,3,1,MONOTONIC_WRITES,normal,netem delay 25ms 25ms,ALL,4,cassandra1,cassandra3,4,False,True,
25,3,2,MONOTONIC_WRITES,normal,netem delay 25ms 25ms,ALL,4,cassandra1,cassandra3,4,False,True,
25,3,3,MONOTONIC_WRITES,normal,netem delay 25ms 25ms,ALL,4,cassandra1,cassandra1,4,False,True,
25,4,1,MONOTONIC_WRITES,normal,netem delay 25ms 25ms,ALL,5,cassandra3,cassandra3,5,False,True,
25,4,2,MONOTONIC_WRITES,normal,netem delay 25ms 25ms,ALL,5,cassandra3,cassandra1,5,False,True,
25,4,3,MONOTONIC_WRITES,normal,netem delay 25ms 25ms,ALL,5,cassandra3,cassandra2,5,False,True,
25,5,1,MONOTONIC_WRITES,normal,netem delay 25ms 25ms,ALL,6,cassandra3,cassandra1,6,False,True,
25,5,2,MONOTONIC_WRITES,normal,netem delay 25ms 25ms,ALL,6,cassandra3,cassandra1,6,False,True,
25,5,3,MONOTONIC_WRITES,normal,netem delay 25ms 25ms,ALL,6,cassandra3,cassandra1,6,False,True,
26,1,1,MONOTONIC_WRITES,normal,netem delay 25ms 25ms,ALL,2,cassandra3,cassandra1,2,False,True,
26,1,2,MONOTONIC_WRITES,normal,netem delay 25ms 25ms,ALL,2,cassandra3,cassandra3,2,False,True,
26,1,3,MONOTONIC_WRITES,normal,netem delay 25ms 25ms,ALL,2,cassandra3,cassandra2,2,False,True,
26,2,1,MONOTONIC_WRITES,normal,netem delay 25ms 25ms,ALL,3,cassandra1,cassandra1,3,False,True,
26,2,2,MONOTONIC_WRITES,normal,netem delay 25ms 25ms,ALL,3,cassandra1,cassandra3,3,False,True,
26,2,3,MONOTONIC_WRITES,normal,netem delay 25ms 25ms,ALL,3,cassandra1,cassandra3,3,False,True,
26,3,1,MONOTONIC_WRITES,normal,netem delay 25ms 25ms,ALL,4,cassandra1,cassandra3,4,False,True,
26,3,2,MONOTONIC_WRITES,normal,netem delay 25ms 25ms,ALL,4,cassandra1,cassandra1,4,False,True,
26,3,3,MONOTONIC_WRITES,normal,netem delay 25ms 25ms,ALL,4,cassandra1,cassandra3,4,False,True,
26,4,1,MONOTONIC_WRITES,normal,netem delay 25ms 25ms,ALL,5,cassandra2,cassandra3,5,False,True,
26,4,2,MONOTONIC_WRITES,normal,netem delay 25ms 25ms,ALL,5,cassandra2,cassandra2,5,False,True,
26,4,3,MONOTONIC_WRITES,normal,netem delay 25ms 25ms,ALL,5,cassandra2,cassandra3,5,False,True,
26,5,1,MONOTONIC_WRITES,normal,netem delay 25ms 25ms,ALL,6,cassandra2,cassandra1,6,False,True,
26,5,2,MONOTONIC_WRITES,normal,netem delay 25ms 25ms,ALL,6,cassandra2,cassandra1,6,False,True,
26,5,3,MONOTONIC_WRITES,normal,netem delay 25ms 25ms,ALL,6,cassandra2,cassandra2,6,False,True,
27,1,1,MONOTONIC_WRITES,normal,netem delay 25ms 25ms,ALL,2,cassandra3,cassandra2,2,False,True,
27,1,2,MONOTONIC_WRITES,normal,netem delay 25ms 25ms,ALL,2,cassandra3,cassandra3,2,False,True,
27,1,3,MONOTONIC_WRITES,normal,netem delay 25ms 25ms,ALL,2,cassandra3,cassandra3,2,False,True,
27,2,1,MONOTONIC_WRITES,normal,netem delay 25ms 25ms,ALL,3,cassandra2,cassandra3,3,False,True,
27,2,2,MONOTONIC_WRITES,normal,netem delay 25ms 25ms,ALL,3,cassandra2,cassandra2,3,False,True,
27,2,3,MONOTONIC_WRITES,normal,netem delay 25ms 25ms,ALL,3,cassandra2,cassandra2,3,False,True,
27,3,1,MONOTONIC_WRITES,normal,netem delay 25ms 25ms,ALL,4,cassandra2,cassandra1,4,False,True,
27,3,2,MONOTONIC_WRITES,normal,netem delay 25ms 25ms,ALL,4,cassandra2,cassandra1,4,False,True,
27,3,3,MONOTONIC_WRITES,normal,netem delay 25ms 25ms,ALL,4,cassandra2,cassandra2,4,False,True,
27,4,1,MONOTONIC_WRITES,normal,netem delay 25ms 25ms,ALL,5,cassandra2,cassandra3,5,False,True,
27,4,2,MONOTONIC_WRITES,normal,netem delay 25ms 25ms,ALL,5,cassandra2,cassandra2,5,False,True,
27,4,3,MONOTONIC_WRITES,normal,netem delay 25ms 25ms,ALL,5,cassandra2,cassandra3,5,False,True,
27,5,1,MONOTONIC_WRITES,normal,netem delay 25ms 25ms,ALL,6,cassandra2,cassandra1,6,False,True,
27,5,2,MONOTONIC_WRITES,normal,netem delay 25ms 25ms,ALL,6,cassandra2,cassandra1,6,False,True,
27,5,3,MONOTONIC_WRITES,normal,netem delay 25ms 25ms,ALL,6,cassandra2,cassandra2,6,False,True,
28,1,1,MONOTONIC_WRITES,normal,netem delay 25ms 25ms,ALL,2,cassandra3,cassandra2,2,False,True,
28,1,2,MONOTONIC_WRITES,normal,netem delay 25ms 25ms,ALL,2,cassandra3,cassandra1,2,False,True,
28,1,3,MONOTONIC_WRITES,normal,netem delay 25ms 25ms,ALL,2,cassandra3,cassandra1,2,False,True,
28,2,1,MONOTONIC_WRITES,normal,netem delay 25ms 25ms,ALL,3,cassandra3,cassandra2,3,False,True,
28,2,2,MONOTONIC_WRITES,normal,netem delay 25ms 25ms,ALL,3,cassandra3,cassandra2,3,False,True,
28,2,3,MONOTONIC_WRITES,normal,netem delay 25ms 25ms,ALL,3,cassandra3,cassandra2,3,False,True,
28,3,1,MONOTONIC_WRITES,normal,netem delay 25ms 25ms,ALL,4,cassandra2,cassandra3,4,False,True,
28,3,2,MONOTONIC_WRITES,normal,netem delay 25ms 25ms,ALL,4,cassandra2,cassandra2,4,False,True,
28,3,3,MONOTONIC_WRITES,normal,netem delay 25ms 25ms,ALL,4,cassandra2,cassandra3,4,False,True,
28,4,1,MONOTONIC_WRITES,normal,netem delay 25ms 25ms,ALL,5,cassandra3,cassandra2,5,False,True,
28,4,2,MONOTONIC_WRITES,normal,netem delay 25ms 25ms,ALL,5,cassandra3,cassandra3,5,False,True,
28,4,3,MONOTONIC_WRITES,normal,netem delay 25ms 25ms,ALL,5,cassandra3,cassandra2,5,False,True,
28,5,1,MONOTONIC_WRITES,normal,netem delay 25ms 25ms,ALL,6,cassandra3,cassandra3,6,False,True,
28,5,2,MONOTONIC_WRITES,normal,netem delay 25ms 25ms,ALL,6,cassandra3,cassandra3,6,False,True,
28,5,3,MONOTONIC_WRITES,normal,netem delay 25ms 25ms,ALL,6,cassandra3,cassandra3,6,False,True,
29,1,1,MONOTONIC_WRITES,normal,netem delay 25ms 25ms,ALL,2,cassandra2,cassandra1,2,False,True,
29,1,2,MONOTONIC_WRITES,normal,netem delay 25ms 25ms,ALL,2,cassandra2,cassandra2,2,False,True,
29,1,3,MONOTONIC_WRITES,normal,netem delay 25ms 25ms,ALL,2,cassandra2,cassandra1,2,False,True,
29,2,1,MONOTONIC_WRITES,normal,netem delay 25ms 25ms,ALL,3,cassandra2,cassandra3,3,False,True,
29,2,2,MONOTONIC_WRITES,normal,netem delay 25ms 25ms,ALL,3,cassandra2,cassandra2,3,False,True,
29,2,3,MONOTONIC_WRITES,normal,netem delay 25ms 25ms,ALL,3,cassandra2,cassandra2,3,False,True,
29,3,1,MONOTONIC_WRITES,normal,netem delay 25ms 25ms,ALL,4,cassandra2,cassandra3,4,False,True,
29,3,2,MONOTONIC_WRITES,normal,netem delay 25ms 25ms,ALL,4,cassandra2,cassandra2,4,False,True,
29,3,3,MONOTONIC_WRITES,normal,netem delay 25ms 25ms,ALL,4,cassandra2,cassandra3,4,False,True,
29,4,1,MONOTONIC_WRITES,normal,netem delay 25ms 25ms,ALL,5,cassandra1,cassandra1,5,False,True,
29,4,2,MONOTONIC_WRITES,normal,netem delay 25ms 25ms,ALL,5,cassandra1,cassandra1,5,False,True,
29,4,3,MONOTONIC_WRITES,normal,netem delay 25ms 25ms,ALL,5,cassandra1,cassandra1,5,False,True,
29,5,1,MONOTONIC_WRITES,normal,netem delay 25ms 25ms,ALL,6,cassandra1,cassandra2,6,False,True,
29,5,2,MONOTONIC_WRITES,normal,netem delay 25ms 25ms,ALL,6,cassandra1,cassandra3,6,False,True,
29,5,3,MONOTONIC_WRITES,normal,netem delay 25ms 25ms,ALL,6,cassandra1,cassandra1,6,False,True,
30,1,1,MONOTONIC_WRITES,normal,netem delay 25ms 25ms,ALL,2,cassandra1,cassandra1,2,False,True,
30,1,2,MONOTONIC_WRITES,normal,netem delay 25ms 25ms,ALL,2,cassandra1,cassandra1,2,False,True,
30,1,3,MONOTONIC_WRITES,normal,netem delay 25ms 25ms,ALL,2,cassandra1,cassandra1,2,False,True,
30,2,1,MONOTONIC_WRITES,normal,netem delay 25ms 25ms,ALL,3,cassandra3,cassandra1,3,False,True,
30,2,2,MONOTONIC_WRITES,normal,netem delay 25ms 25ms,ALL,3,cassandra3,cassandra2,3,False,True,
30,2,3,MONOTONIC_WRITES,normal,netem delay 25ms 25ms,ALL,3,cassandra3,cassandra3,3,False,True,
30,3,1,MONOTONIC_WRITES,normal,netem delay 25ms 25ms,ALL,4,cassandra3,cassandra3,4,False,True,
30,3,2,MONOTONIC_WRITES,normal,netem delay 25ms 25ms,ALL,4,cassandra3,cassandra1,4,False,True,
30,3,3,MONOTONIC_WRITES,normal,netem delay 25ms 25ms,ALL,4,cassandra3,cassandra2,4,False,True,
30,4,1,MONOTONIC_WRITES,normal,netem delay 25ms 25ms,ALL,5,cassandra3,cassandra1,5,False,True,
30,4,2,MONOTONIC_WRITES,normal,netem delay 25ms 25ms,ALL,5,cassandra3,cassandra1,5,False,True,
30,4,3,MONOTONIC_WRITES,normal,netem delay 25ms 25ms,ALL,5,cassandra3,cassandra3,5,False,True,
30,5,1,MONOTONIC_WRITES,normal,netem delay 25ms 25ms,ALL,6,cassandra1,cassandra1,6,False,True,
30,5,2,MONOTONIC_WRITES,normal,netem delay 25ms 25ms,ALL,6,cassandra1,cassandra1,6,False,True,
30,5,3,MONOTONIC_WRITES,normal,netem delay 25ms 25ms,ALL,6,cassandra1,cassandra1,6,False,True,
31,1,1,MONOTONIC_WRITES,normal,netem delay 25ms 25ms,ALL,2,cassandra1,cassandra3,2,False,True,
31,1,2,MONOTONIC_WRITES,normal,netem delay 25ms 25ms,ALL,2,cassandra1,cassandra2,2,False,True,
31,1,3,MONOTONIC_WRITES,normal,netem delay 25ms 25ms,ALL,2,cassandra1,cassandra3,2,False,True,
31,2,1,MONOTONIC_WRITES,normal,netem delay 25ms 25ms,ALL,3,cassandra2,cassandra3,3,False,True,
31,2,2,MONOTONIC_WRITES,normal,netem delay 25ms 25ms,ALL,3,cassandra2,cassandra2,3,False,True,
31,2,3,MONOTONIC_WRITES,normal,netem delay 25ms 25ms,ALL,3,cassandra2,cassandra3,3,False,True,
31,3,1,MONOTONIC_WRITES,normal,netem delay 25ms 25ms,ALL,4,cassandra3,cassandra3,4,False,True,
31,3,2,MONOTONIC_WRITES,normal,netem delay 25ms 25ms,ALL,4,cassandra3,cassandra2,4,False,True,
31,3,3,MONOTONIC_WRITES,normal,netem delay 25ms 25ms,ALL,4,cassandra3,cassandra2,4,False,True,
31,4,1,MONOTONIC_WRITES,normal,netem delay 25ms 25ms,ALL,5,cassandra1,cassandra2,5,False,True,
31,4,2,MONOTONIC_WRITES,normal,netem delay 25ms 25ms,ALL,5,cassandra1,cassandra3,5,False,True,
31,4,3,MONOTONIC_WRITES,normal,netem delay 25ms 25ms,ALL,5,cassandra1,cassandra2,5,False,True,
31,5,1,MONOTONIC_WRITES,normal,netem delay 25ms 25ms,ALL,6,cassandra2,cassandra3,6,False,True,
31,5,2,MONOTONIC_WRITES,normal,netem delay 25ms 25ms,ALL,6,cassandra2,cassandra1,6,False,True,
31,5,3,MONOTONIC_WRITES,normal,netem delay 25ms 25ms,ALL,6,cassandra2,cassandra3,6,False,True,
32,1,1,MONOTONIC_WRITES,normal,netem delay 25ms 25ms,ALL,2,cassandra3,cassandra2,2,False,True,
32,1,2,MONOTONIC_WRITES,normal,netem delay 25ms 25ms,ALL,2,cassandra3,cassandra3,2,False,True,
32,1,3,MONOTONIC_WRITES,normal,netem delay 25ms 25ms,ALL,2,cassandra3,cassandra2,2,False,True,
32,2,1,MONOTONIC_WRITES,normal,netem delay 25ms 25ms,ALL,3,cassandra3,cassandra2,3,False,True,
32,2,2,MONOTONIC_WRITES,normal,netem delay 25ms 25ms,ALL,3,cassandra3,cassandra3,3,False,True,
32,2,3,MONOTONIC_WRITES,normal,netem delay 25ms 25ms,ALL,3,cassandra3,cassandra1,3,False,True,
32,3,1,MONOTONIC_WRITES,normal,netem delay 25ms 25ms,ALL,4,cassandra2,cassandra1,4,False,True,
32,3,2,MONOTONIC_WRITES,normal,netem delay 25ms 25ms,ALL,4,cassandra2,cassandra1,4,False,True,
32,3,3,MONOTONIC_WRITES,normal,netem delay 25ms 25ms,ALL,4,cassandra2,cassandra2,4,False,True,
32,4,1,MONOTONIC_WRITES,normal,netem delay 25ms 25ms,ALL,5,cassandra3,cassandra3,5,False,True,
32,4,2,MONOTONIC_WRITES,normal,netem delay 25ms 25ms,ALL,5,cassandra3,cassandra1,5,False,True,
32,4,3,MONOTONIC_WRITES,normal,netem delay 25ms 25ms,ALL,5,cassandra3,cassandra1,5,False,True,
32,5,1,MONOTONIC_WRITES,normal,netem delay 25ms 25ms,ALL,6,cassandra1,cassandra1,6,False,True,
32,5,2,MONOTONIC_WRITES,normal,netem delay 25ms 25ms,ALL,6,cassandra1,cassandra1,6,False,True,
32,5,3,MONOTONIC_WRITES,normal,netem delay 25ms 25ms,ALL,6,cassandra1,cassandra3,6,False,True,
33,1,1,MONOTONIC_WRITES,normal,netem delay 25ms 25ms,ALL,2,cassandra3,cassandra2,2,False,True,
33,1,2,MONOTONIC_WRITES,normal,netem delay 25ms 25ms,ALL,2,cassandra3,cassandra1,2,False,True,
33,1,3,MONOTONIC_WRITES,normal,netem delay 25ms 25ms,ALL,2,cassandra3,cassandra2,2,False,True,
33,2,1,MONOTONIC_WRITES,normal,netem delay 25ms 25ms,ALL,3,cassandra3,cassandra1,3,False,True,
33,2,2,MONOTONIC_WRITES,normal,netem delay 25ms 25ms,ALL,3,cassandra3,cassandra3,3,False,True,
33,2,3,MONOTONIC_WRITES,normal,netem delay 25ms 25ms,ALL,3,cassandra3,cassandra3,3,False,True,
33,3,1,MONOTONIC_WRITES,normal,netem delay 25ms 25ms,ALL,4,cassandra3,cassandra1,4,False,True,
33,3,2,MONOTONIC_WRITES,normal,netem delay 25ms 25ms,ALL,4,cassandra3,cassandra3,4,False,True,
33,3,3,MONOTONIC_WRITES,normal,netem delay 25ms 25ms,ALL,4,cassandra3,cassandra1,4,False,True,
33,4,1,MONOTONIC_WRITES,normal,netem delay 25ms 25ms,ALL,5,cassandra2,cassandra1,5,False,True,
33,4,2,MONOTONIC_WRITES,normal,netem delay 25ms 25ms,ALL,5,cassandra2,cassandra3,5,False,True,
33,4,3,MONOTONIC_WRITES,normal,netem delay 25ms 25ms,ALL,5,cassandra2,cassandra1,5,False,True,
33,5,1,MONOTONIC_WRITES,normal,netem delay 25ms 25ms,ALL,6,cassandra2,cassandra2,6,False,True,
33,5,2,MONOTONIC_WRITES,normal,netem delay 25ms 25ms,ALL,6,cassandra2,cassandra3,6,False,True,
33,5,3,MONOTONIC_WRITES,normal,netem delay 25ms 25ms,ALL,6,cassandra2,cassandra2,6,False,True,
34,1,1,MONOTONIC_WRITES,normal,netem delay 25ms 25ms,ALL,2,cassandra1,cassandra2,2,False,True,
34,1,2,MONOTONIC_WRITES,normal,netem delay 25ms 25ms,ALL,2,cassandra1,cassandra2,2,False,True,
34,1,3,MONOTONIC_WRITES,normal,netem delay 25ms 25ms,ALL,2,cassandra1,cassandra3,2,False,True,
34,2,1,MONOTONIC_WRITES,normal,netem delay 25ms 25ms,ALL,3,cassandra3,cassandra1,3,False,True,
34,2,2,MONOTONIC_WRITES,normal,netem delay 25ms 25ms,ALL,3,cassandra3,cassandra1,3,False,True,
34,2,3,MONOTONIC_WRITES,normal,netem delay 25ms 25ms,ALL,3,cassandra3,cassandra3,3,False,True,
34,3,1,MONOTONIC_WRITES,normal,netem delay 25ms 25ms,ALL,4,cassandra3,cassandra1,4,False,True,
34,3,2,MONOTONIC_WRITES,normal,netem delay 25ms 25ms,ALL,4,cassandra3,cassandra2,4,False,True,
34,3,3,MONOTONIC_WRITES,normal,netem delay 25ms 25ms,ALL,4,cassandra3,cassandra3,4,False,True,
34,4,1,MONOTONIC_WRITES,normal,netem delay 25ms 25ms,ALL,5,cassandra2,cassandra1,5,False,True,
34,4,2,MONOTONIC_WRITES,normal,netem delay 25ms 25ms,ALL,5,cassandra2,cassandra1,5,False,True,
34,4,3,MONOTONIC_WRITES,normal,netem delay 25ms 25ms,ALL,5,cassandra2,cassandra1,5,False,True,
34,5,1,MONOTONIC_WRITES,normal,netem delay 25ms 25ms,ALL,6,cassandra2,cassandra1,6,False,True,
34,5,2,MONOTONIC_WRITES,normal,netem delay 25ms 25ms,ALL,6,cassandra2,cassandra2,6,False,True,
34,5,3,MONOTONIC_WRITES,normal,netem delay 25ms 25ms,ALL,6,cassandra2,cassandra1,6,False,True,
35,1,1,MONOTONIC_WRITES,normal,netem delay 25ms 25ms,ALL,2,cassandra1,cassandra1,2,False,True,
35,1,2,MONOTONIC_WRITES,normal,netem delay 25ms 25ms,ALL,2,cassandra1,cassandra1,2,False,True,
35,1,3,MONOTONIC_WRITES,normal,netem delay 25ms 25ms,ALL,2,cassandra1,cassandra1,2,False,True,
35,2,1,MONOTONIC_WRITES,normal,netem delay 25ms 25ms,ALL,3,cassandra2,cassandra3,3,False,True,
35,2,2,MONOTONIC_WRITES,normal,netem delay 25ms 25ms,ALL,3,cassandra2,cassandra2,3,False,True,
35,2,3,MONOTONIC_WRITES,normal,netem delay 25ms 25ms,ALL,3,cassandra2,cassandra1,3,False,True,
35,3,1,MONOTONIC_WRITES,normal,netem delay 25ms 25ms,ALL,4,cassandra1,cassandra1,4,False,True,
35,3,2,MONOTONIC_WRITES,normal,netem delay 25ms 25ms,ALL,4,cassandra1,cassandra2,4,False,True,
35,3,3,MONOTONIC_WRITES,normal,netem delay 25ms 25ms,ALL,4,cassandra1,cassandra2,4,False,True,
35,4,1,MONOTONIC_WRITES,normal,netem delay 25ms 25ms,ALL,5,cassandra1,cassandra3,5,False,True,
35,4,2,MONOTONIC_WRITES,normal,netem delay 25ms 25ms,ALL,5,cassandra1,cassandra1,5,False,True,
35,4,3,MONOTONIC_WRITES,normal,netem delay 25ms 25ms,ALL,5,cassandra1,cassandra1,5,False,True,
35,5,1,MONOTONIC_WRITES,normal,netem delay 25ms 25ms,ALL,6,cassandra2,cassandra3,6,False,True,
35,5,2,MONOTONIC_WRITES,normal,netem delay 25ms 25ms,ALL,6,cassandra2,cassandra3,6,False,True,
35,5,3,MONOTONIC_WRITES,normal,netem delay 25ms 25ms,ALL,6,cassandra2,cassandra3,6,False,True,
36,1,1,MONOTONIC_WRITES,normal,netem delay 25ms 25ms,ALL,2,cassandra1,cassandra3,2,False,True,
36,1,2,MONOTONIC_WRITES,normal,netem delay 25ms 25ms,ALL,2,cassandra1,cassandra2,2,False,True,
36,1,3,MONOTONIC_WRITES,normal,netem delay 25ms 25ms,ALL,2,cassandra1,cassandra2,2,False,True,
36,2,1,MONOTONIC_WRITES,normal,netem delay 25ms 25ms,ALL,3,cassandra3,cassandra1,3,False,True,
36,2,2,MONOTONIC_WRITES,normal,netem delay 25ms 25ms,ALL,3,cassandra3,cassandra2,3,False,True,
36,2,3,MONOTONIC_WRITES,normal,netem delay 25ms 25ms,ALL,3,cassandra3,cassandra2,3,False,True,
36,3,1,MONOTONIC_WRITES,normal,netem delay 25ms 25ms,ALL,4,cassandra2,cassandra1,4,False,True,
36,3,2,MONOTONIC_WRITES,normal,netem delay 25ms 25ms,ALL,4,cassandra2,cassandra3,4,False,True,
36,3,3,MONOTONIC_WRITES,normal,netem delay 25ms 25ms,ALL,4,cassandra2,cassandra2,4,False,True,
36,4,1,MONOTONIC_WRITES,normal,netem delay 25ms 25ms,ALL,5,cassandra1,cassandra1,5,False,True,
36,4,2,MONOTONIC_WRITES,normal,netem delay 25ms 25ms,ALL,5,cassandra1,cassandra2,5,False,True,
36,4,3,MONOTONIC_WRITES,normal,netem delay 25ms 25ms,ALL,5,cassandra1,cassandra3,5,False,True,
36,5,1,MONOTONIC_WRITES,normal,netem delay 25ms 25ms,ALL,6,cassandra3,cassandra1,6,False,True,
36,5,2,MONOTONIC_WRITES,normal,netem delay 25ms 25ms,ALL,6,cassandra3,cassandra1,6,False,True,
36,5,3,MONOTONIC_WRITES,normal,netem delay 25ms 25ms,ALL,6,cassandra3,cassandra1,6,False,True,
37,1,1,MONOTONIC_WRITES,normal,netem delay 25ms 25ms,ALL,2,cassandra2,cassandra3,2,False,True,
37,1,2,MONOTONIC_WRITES,normal,netem delay 25ms 25ms,ALL,2,cassandra2,cassandra1,2,False,True,
37,1,3,MONOTONIC_WRITES,normal,netem delay 25ms 25ms,ALL,2,cassandra2,cassandra3,2,False,True,
37,2,1,MONOTONIC_WRITES,normal,netem delay 25ms 25ms,ALL,3,cassandra1,cassandra2,3,False,True,
37,2,2,MONOTONIC_WRITES,normal,netem delay 25ms 25ms,ALL,3,cassandra1,cassandra1,3,False,True,
37,2,3,MONOTONIC_WRITES,normal,netem delay 25ms 25ms,ALL,3,cassandra1,cassandra1,3,False,True,
37,3,1,MONOTONIC_WRITES,normal,netem delay 25ms 25ms,ALL,4,cassandra1,cassandra3,4,False,True,
37,3,2,MONOTONIC_WRITES,normal,netem delay 25ms 25ms,ALL,4,cassandra1,cassandra1,4,False,True,
37,3,3,MONOTONIC_WRITES,normal,netem delay 25ms 25ms,ALL,4,cassandra1,cassandra1,4,False,True,
37,4,1,MONOTONIC_WRITES,normal,netem delay 25ms 25ms,ALL,5,cassandra1,cassandra1,5,False,True,
37,4,2,MONOTONIC_WRITES,normal,netem delay 25ms 25ms,ALL,5,cassandra1,cassandra2,5,False,True,
37,4,3,MONOTONIC_WRITES,normal,netem delay 25ms 25ms,ALL,5,cassandra1,cassandra1,5,False,True,
37,5,1,MONOTONIC_WRITES,normal,netem delay 25ms 25ms,ALL,6,cassandra2,cassandra1,6,False,True,
37,5,2,MONOTONIC_WRITES,normal,netem delay 25ms 25ms,ALL,6,cassandra2,cassandra2,6,False,True,
37,5,3,MONOTONIC_WRITES,normal,netem delay 25ms 25ms,ALL,6,cassandra2,cassandra2,6,False,True,
38,1,1,MONOTONIC_WRITES,normal,netem delay 25ms 25ms,ALL,2,cassandra2,cassandra1,2,False,True,
38,1,2,MONOTONIC_WRITES,normal,netem delay 25ms 25ms,ALL,2,cassandra2,cassandra2,2,False,True,
38,1,3,MONOTONIC_WRITES,normal,netem delay 25ms 25ms,ALL,2,cassandra2,cassandra3,2,False,True,
38,2,1,MONOTONIC_WRITES,normal,netem delay 25ms 25ms,ALL,3,cassandra2,cassandra2,3,False,True,
38,2,2,MONOTONIC_WRITES,normal,netem delay 25ms 25ms,ALL,3,cassandra2,cassandra2,3,False,True,
38,2,3,MONOTONIC_WRITES,normal,netem delay 25ms 25ms,ALL,3,cassandra2,cassandra2,3,False,True,
38,3,1,MONOTONIC_WRITES,normal,netem delay 25ms 25ms,ALL,4,cassandra1,cassandra1,4,False,True,
38,3,2,MONOTONIC_WRITES,normal,netem delay 25ms 25ms,ALL,4,cassandra1,cassandra2,4,False,True,
38,3,3,MONOTONIC_WRITES,normal,netem delay 25ms 25ms,ALL,4,cassandra1,cassandra2,4,False,True,
38,4,1,MONOTONIC_WRITES,normal,netem delay 25ms 25ms,ALL,5,cassandra3,cassandra1,5,False,True,
38,4,2,MONOTONIC_WRITES,normal,netem delay 25ms 25ms,ALL,5,cassandra3,cassandra1,5,False,True,
38,4,3,MONOTONIC_WRITES,normal,netem delay 25ms 25ms,ALL,5,cassandra3,cassandra3,5,False,True,
38,5,1,MONOTONIC_WRITES,normal,netem delay 25ms 25ms,ALL,6,cassandra2,cassandra2,6,False,True,
38,5,2,MONOTONIC_WRITES,normal,netem delay 25ms 25ms,ALL,6,cassandra2,cassandra2,6,False,True,
38,5,3,MONOTONIC_WRITES,normal,netem delay 25ms 25ms,ALL,6,cassandra2,cassandra2,6,False,True,
39,1,1,MONOTONIC_WRITES,normal,netem delay 25ms 25ms,ALL,2,cassandra1,cassandra3,2,False,True,
39,1,2,MONOTONIC_WRITES,normal,netem delay 25ms 25ms,ALL,2,cassandra1,cassandra1,2,False,True,
39,1,3,MONOTONIC_WRITES,normal,netem delay 25ms 25ms,ALL,2,cassandra1,cassandra3,2,False,True,
39,2,1,MONOTONIC_WRITES,normal,netem delay 25ms 25ms,ALL,3,cassandra1,cassandra3,3,False,True,
39,2,2,MONOTONIC_WRITES,normal,netem delay 25ms 25ms,ALL,3,cassandra1,cassandra1,3,False,True,
39,2,3,MONOTONIC_WRITES,normal,netem delay 25ms 25ms,ALL,3,cassandra1,cassandra3,3,False,True,
39,3,1,MONOTONIC_WRITES,normal,netem delay 25ms 25ms,ALL,4,cassandra1,cassandra1,4,False,True,
39,3,2,MONOTONIC_WRITES,normal,netem delay 25ms 25ms,ALL,4,cassandra1,cassandra1,4,False,True,
39,3,3,MONOTONIC_WRITES,normal,netem delay 25ms 25ms,ALL,4,cassandra1,cassandra2,4,False,True,
39,4,1,MONOTONIC_WRITES,normal,netem delay 25ms 25ms,ALL,5,cassandra1,cassandra2,5,False,True,
39,4,2,MONOTONIC_WRITES,normal,netem delay 25ms 25ms,ALL,5,cassandra1,cassandra3,5,False,True,
39,4,3,MONOTONIC_WRITES,normal,netem delay 25ms 25ms,ALL,5,cassandra1,cassandra2,5,False,True,
39,5,1,MONOTONIC_WRITES,normal,netem delay 25ms 25ms,ALL,6,cassandra2,cassandra3,6,False,True,
39,5,2,MONOTONIC_WRITES,normal,netem delay 25ms 25ms,ALL,6,cassandra2,cassandra3,6,False,True,
39,5,3,MONOTONIC_WRITES,normal,netem delay 25ms 25ms,ALL,6,cassandra2,cassandra1,6,False,True,
40,1,1,MONOTONIC_WRITES,normal,netem delay 25ms 25ms,ALL,2,cassandra3,cassandra1,2,False,True,
40,1,2,MONOTONIC_WRITES,normal,netem delay 25ms 25ms,ALL,2,cassandra3,cassandra3,2,False,True,
40,1,3,MONOTONIC_WRITES,normal,netem delay 25ms 25ms,ALL,2,cassandra3,cassandra3,2,False,True,
40,2,1,MONOTONIC_WRITES,normal,netem delay 25ms 25ms,ALL,3,cassandra1,cassandra3,3,False,True,
40,2,2,MONOTONIC_WRITES,normal,netem delay 25ms 25ms,ALL,3,cassandra1,cassandra2,3,False,True,
40,2,3,MONOTONIC_WRITES,normal,netem delay 25ms 25ms,ALL,3,cassandra1,cassandra1,3,False,True,
40,3,1,MONOTONIC_WRITES,normal,netem delay 25ms 25ms,ALL,4,cassandra1,cassandra2,4,False,True,
40,3,2,MONOTONIC_WRITES,normal,netem delay 25ms 25ms,ALL,4,cassandra1,cassandra2,4,False,True,
40,3,3,MONOTONIC_WRITES,normal,netem delay 25ms 25ms,ALL,4,cassandra1,cassandra2,4,False,True,
40,4,1,MONOTONIC_WRITES,normal,netem delay 25ms 25ms,ALL,5,cassandra2,cassandra3,5,False,True,
40,4,2,MONOTONIC_WRITES,normal,netem delay 25ms 25ms,ALL,5,cassandra2,cassandra2,5,False,True,
40,4,3,MONOTONIC_WRITES,normal,netem delay 25ms 25ms,ALL,5,cassandra2,cassandra2,5,False,True,
40,5,1,MONOTONIC_WRITES,normal,netem delay 25ms 25ms,ALL,6,cassandra1,cassandra1,6,False,True,
40,5,2,MONOTONIC_WRITES,normal,netem delay 25ms 25ms,ALL,6,cassandra1,cassandra1,6,False,True,
40,5,3,MONOTONIC_WRITES,normal,netem delay 25ms 25ms,ALL,6,cassandra1,cassandra2,6,False,True,
41,1,1,MONOTONIC_WRITES,normal,netem delay 25ms 25ms,ALL,2,cassandra2,cassandra1,2,False,True,
41,1,2,MONOTONIC_WRITES,normal,netem delay 25ms 25ms,ALL,2,cassandra2,cassandra1,2,False,True,
41,1,3,MONOTONIC_WRITES,normal,netem delay 25ms 25ms,ALL,2,cassandra2,cassandra1,2,False,True,
41,2,1,MONOTONIC_WRITES,normal,netem delay 25ms 25ms,ALL,3,cassandra1,cassandra1,3,False,True,
41,2,2,MONOTONIC_WRITES,normal,netem delay 25ms 25ms,ALL,3,cassandra1,cassandra1,3,False,True,
41,2,3,MONOTONIC_WRITES,normal,netem delay 25ms 25ms,ALL,3,cassandra1,cassandra3,3,False,True,
41,3,1,MONOTONIC_WRITES,normal,netem delay 25ms 25ms,ALL,4,cassandra1,cassandra2,4,False,True,
41,3,2,MONOTONIC_WRITES,normal,netem delay 25ms 25ms,ALL,4,cassandra1,cassandra1,4,False,True,
41,3,3,MONOTONIC_WRITES,normal,netem delay 25ms 25ms,ALL,4,cassandra1,cassandra3,4,False,True,
41,4,1,MONOTONIC_WRITES,normal,netem delay 25ms 25ms,ALL,5,cassandra1,cassandra3,5,False,True,
41,4,2,MONOTONIC_WRITES,normal,netem delay 25ms 25ms,ALL,5,cassandra1,cassandra1,5,False,True,
41,4,3,MONOTONIC_WRITES,normal,netem delay 25ms 25ms,ALL,5,cassandra1,cassandra2,5,False,True,
41,5,1,MONOTONIC_WRITES,normal,netem delay 25ms 25ms,ALL,6,cassandra1,cassandra3,6,False,True,
41,5,2,MONOTONIC_WRITES,normal,netem delay 25ms 25ms,ALL,6,cassandra1,cassandra3,6,False,True,
41,5,3,MONOTONIC_WRITES,normal,netem delay 25ms 25ms,ALL,6,cassandra1,cassandra2,6,False,True,
42,1,1,MONOTONIC_WRITES,normal,netem delay 25ms 25ms,ALL,2,cassandra2,cassandra3,2,False,True,
42,1,2,MONOTONIC_WRITES,normal,netem delay 25ms 25ms,ALL,2,cassandra2,cassandra3,2,False,True,
42,1,3,MONOTONIC_WRITES,normal,netem delay 25ms 25ms,ALL,2,cassandra2,cassandra3,2,False,True,
42,2,1,MONOTONIC_WRITES,normal,netem delay 25ms 25ms,ALL,3,cassandra3,cassandra3,3,False,True,
42,2,2,MONOTONIC_WRITES,normal,netem delay 25ms 25ms,ALL,3,cassandra3,cassandra2,3,False,True,
42,2,3,MONOTONIC_WRITES,normal,netem delay 25ms 25ms,ALL,3,cassandra3,cassandra3,3,False,True,
42,3,1,MONOTONIC_WRITES,normal,netem delay 25ms 25ms,ALL,4,cassandra3,cassandra1,4,False,True,
42,3,2,MONOTONIC_WRITES,normal,netem delay 25ms 25ms,ALL,4,cassandra3,cassandra3,4,False,True,
42,3,3,MONOTONIC_WRITES,normal,netem delay 25ms 25ms,ALL,4,cassandra3,cassandra3,4,False,True,
42,4,1,MONOTONIC_WRITES,normal,netem delay 25ms 25ms,ALL,5,cassandra3,cassandra1,5,False,True,
42,4,2,MONOTONIC_WRITES,normal,netem delay 25ms 25ms,ALL,5,cassandra3,cassandra3,5,False,True,
42,4,3,MONOTONIC_WRITES,normal,netem delay 25ms 25ms,ALL,5,cassandra3,cassandra3,5,False,True,
42,5,1,MONOTONIC_WRITES,normal,netem delay 25ms 25ms,ALL,6,cassandra2,cassandra1,6,False,True,
42,5,2,MONOTONIC_WRITES,normal,netem delay 25ms 25ms,ALL,6,cassandra2,cassandra1,6,False,True,
42,5,3,MONOTONIC_WRITES,normal,netem delay 25ms 25ms,ALL,6,cassandra2,cassandra3,6,False,True,
43,1,1,MONOTONIC_WRITES,normal,netem delay 25ms 25ms,ALL,2,cassandra3,cassandra3,2,False,True,
43,1,2,MONOTONIC_WRITES,normal,netem delay 25ms 25ms,ALL,2,cassandra3,cassandra2,2,False,True,
43,1,3,MONOTONIC_WRITES,normal,netem delay 25ms 25ms,ALL,2,cassandra3,cassandra2,2,False,True,
43,2,1,MONOTONIC_WRITES,normal,netem delay 25ms 25ms,ALL,3,cassandra3,cassandra2,3,False,True,
43,2,2,MONOTONIC_WRITES,normal,netem delay 25ms 25ms,ALL,3,cassandra3,cassandra3,3,False,True,
43,2,3,MONOTONIC_WRITES,normal,netem delay 25ms 25ms,ALL,3,cassandra3,cassandra1,3,False,True,
43,3,1,MONOTONIC_WRITES,normal,netem delay 25ms 25ms,ALL,4,cassandra2,cassandra1,4,False,True,
43,3,2,MONOTONIC_WRITES,normal,netem delay 25ms 25ms,ALL,4,cassandra2,cassandra2,4,False,True,
43,3,3,MONOTONIC_WRITES,normal,netem delay 25ms 25ms,ALL,4,cassandra2,cassandra2,4,False,True,
43,4,1,MONOTONIC_WRITES,normal,netem delay 25ms 25ms,ALL,5,cassandra2,cassandra3,5,False,True,
43,4,2,MONOTONIC_WRITES,normal,netem delay 25ms 25ms,ALL,5,cassandra2,cassandra1,5,False,True,
43,4,3,MONOTONIC_WRITES,normal,netem delay 25ms 25ms,ALL,5,cassandra2,cassandra1,5,False,True,
43,5,1,MONOTONIC_WRITES,normal,netem delay 25ms 25ms,ALL,6,cassandra2,cassandra2,6,False,True,
43,5,2,MONOTONIC_WRITES,normal,netem delay 25ms 25ms,ALL,6,cassandra2,cassandra2,6,False,True,
43,5,3,MONOTONIC_WRITES,normal,netem delay 25ms 25ms,ALL,6,cassandra2,cassandra1,6,False,True,
44,1,1,MONOTONIC_WRITES,normal,netem delay 25ms 25ms,ALL,2,cassandra3,cassandra2,2,False,True,
44,1,2,MONOTONIC_WRITES,normal,netem delay 25ms 25ms,ALL,2,cassandra3,cassandra3,2,False,True,
44,1,3,MONOTONIC_WRITES,normal,netem delay 25ms 25ms,ALL,2,cassandra3,cassandra1,2,False,True,
44,2,1,MONOTONIC_WRITES,normal,netem delay 25ms 25ms,ALL,3,cassandra1,cassandra2,3,False,True,
44,2,2,MONOTONIC_WRITES,normal,netem delay 25ms 25ms,ALL,3,cassandra1,cassandra1,3,False,True,
44,2,3,MONOTONIC_WRITES,normal,netem delay 25ms 25ms,ALL,3,cassandra1,cassandra1,3,False,True,
44,3,1,MONOTONIC_WRITES,normal,netem delay 25ms 25ms,ALL,4,cassandra1,cassandra2,4,False,True,
44,3,2,MONOTONIC_WRITES,normal,netem delay 25ms 25ms,ALL,4,cassandra1,cassandra2,4,False,True,
44,3,3,MONOTONIC_WRITES,normal,netem delay 25ms 25ms,ALL,4,cassandra1,cassandra3,4,False,True,
44,4,1,MONOTONIC_WRITES,normal,netem delay 25ms 25ms,ALL,5,cassandra2,cassandra3,5,False,True,
44,4,2,MONOTONIC_WRITES,normal,netem delay 25ms 25ms,ALL,5,cassandra2,cassandra2,5,False,True,
44,4,3,MONOTONIC_WRITES,normal,netem delay 25ms 25ms,ALL,5,cassandra2,cassandra3,5,False,True,
44,5,1,MONOTONIC_WRITES,normal,netem delay 25ms 25ms,ALL,6,cassandra2,cassandra1,6,False,True,
44,5,2,MONOTONIC_WRITES,normal,netem delay 25ms 25ms,ALL,6,cassandra2,cassandra2,6,False,True,
44,5,3,MONOTONIC_WRITES,normal,netem delay 25ms 25ms,ALL,6,cassandra2,cassandra1,6,False,True,
45,1,1,MONOTONIC_WRITES,normal,netem delay 25ms 25ms,ALL,2,cassandra3,cassandra2,2,False,True,
45,1,2,MONOTONIC_WRITES,normal,netem delay 25ms 25ms,ALL,2,cassandra3,cassandra2,2,False,True,
45,1,3,MONOTONIC_WRITES,normal,netem delay 25ms 25ms,ALL,2,cassandra3,cassandra1,2,False,True,
45,2,1,MONOTONIC_WRITES,normal,netem delay 25ms 25ms,ALL,3,cassandra2,cassandra2,3,False,True,
45,2,2,MONOTONIC_WRITES,normal,netem delay 25ms 25ms,ALL,3,cassandra2,cassandra2,3,False,True,
45,2,3,MONOTONIC_WRITES,normal,netem delay 25ms 25ms,ALL,3,cassandra2,cassandra3,3,False,True,
45,3,1,MONOTONIC_WRITES,normal,netem delay 25ms 25ms,ALL,4,cassandra3,cassandra2,4,False,True,
45,3,2,MONOTONIC_WRITES,normal,netem delay 25ms 25ms,ALL,4,cassandra3,cassandra3,4,False,True,
45,3,3,MONOTONIC_WRITES,normal,netem delay 25ms 25ms,ALL,4,cassandra3,cassandra2,4,False,True,
45,4,1,MONOTONIC_WRITES,normal,netem delay 25ms 25ms,ALL,5,cassandra1,cassandra1,5,False,True,
45,4,2,MONOTONIC_WRITES,normal,netem delay 25ms 25ms,ALL,5,cassandra1,cassandra2,5,False,True,
45,4,3,MONOTONIC_WRITES,normal,netem delay 25ms 25ms,ALL,5,cassandra1,cassandra1,5,False,True,
45,5,1,MONOTONIC_WRITES,normal,netem delay 25ms 25ms,ALL,6,cassandra1,cassandra3,6,False,True,
45,5,2,MONOTONIC_WRITES,normal,netem delay 25ms 25ms,ALL,6,cassandra1,cassandra1,6,False,True,
45,5,3,MONOTONIC_WRITES,normal,netem delay 25ms 25ms,ALL,6,cassandra1,cassandra3,6,False,True,
46,1,1,MONOTONIC_WRITES,normal,netem delay 25ms 25ms,ALL,2,cassandra2,cassandra2,2,False,True,
46,1,2,MONOTONIC_WRITES,normal,netem delay 25ms 25ms,ALL,2,cassandra2,cassandra3,2,False,True,
46,1,3,MONOTONIC_WRITES,normal,netem delay 25ms 25ms,ALL,2,cassandra2,cassandra3,2,False,True,
46,2,1,MONOTONIC_WRITES,normal,netem delay 25ms 25ms,ALL,3,cassandra3,cassandra3,3,False,True,
46,2,2,MONOTONIC_WRITES,normal,netem delay 25ms 25ms,ALL,3,cassandra3,cassandra1,3,False,True,
46,2,3,MONOTONIC_WRITES,normal,netem delay 25ms 25ms,ALL,3,cassandra3,cassandra3,3,False,True,
46,3,1,MONOTONIC_WRITES,normal,netem delay 25ms 25ms,ALL,4,cassandra1,cassandra3,4,False,True,
46,3,2,MONOTONIC_WRITES,normal,netem delay 25ms 25ms,ALL,4,cassandra1,cassandra2,4,False,True,
46,3,3,MONOTONIC_WRITES,normal,netem delay 25ms 25ms,ALL,4,cassandra1,cassandra1,4,False,True,
46,4,1,MONOTONIC_WRITES,normal,netem delay 25ms 25ms,ALL,5,cassandra2,cassandra1,5,False,True,
46,4,2,MONOTONIC_WRITES,normal,netem delay 25ms 25ms,ALL,5,cassandra2,cassandra3,5,False,True,
46,4,3,MONOTONIC_WRITES,normal,netem delay 25ms 25ms,ALL,5,cassandra2,cassandra3,5,False,True,
46,5,1,MONOTONIC_WRITES,normal,netem delay 25ms 25ms,ALL,6,cassandra2,cassandra2,6,False,True,
46,5,2,MONOTONIC_WRITES,normal,netem delay 25ms 25ms,ALL,6,cassandra2,cassandra3,6,False,True,
46,5,3,MONOTONIC_WRITES,normal,netem delay 25ms 25ms,ALL,6,cassandra2,cassandra3,6,False,True,
47,1,1,MONOTONIC_WRITES,normal,netem delay 25ms 25ms,ALL,2,cassandra3,cassandra2,2,False,True,
47,1,2,MONOTONIC_WRITES,normal,netem delay 25ms 25ms,ALL,2,cassandra3,cassandra1,2,False,True,
47,1,3,MONOTONIC_WRITES,normal,netem delay 25ms 25ms,ALL,2,cassandra3,cassandra1,2,False,True,
47,2,1,MONOTONIC_WRITES,normal,netem delay 25ms 25ms,ALL,3,cassandra2,cassandra2,3,False,True,
47,2,2,MONOTONIC_WRITES,normal,netem delay 25ms 25ms,ALL,3,cassandra2,cassandra3,3,False,True,
47,2,3,MONOTONIC_WRITES,normal,netem delay 25ms 25ms,ALL,3,cassandra2,cassandra2,3,False,True,
47,3,1,MONOTONIC_WRITES,normal,netem delay 25ms 25ms,ALL,4,cassandra1,cassandra1,4,False,True,
47,3,2,MONOTONIC_WRITES,normal,netem delay 25ms 25ms,ALL,4,cassandra1,cassandra2,4,False,True,
47,3,3,MONOTONIC_WRITES,normal,netem delay 25ms 25ms,ALL,4,cassandra1,cassandra2,4,False,True,
47,4,1,MONOTONIC_WRITES,normal,netem delay 25ms 25ms,ALL,5,cassandra2,cassandra3,5,False,True,
47,4,2,MONOTONIC_WRITES,normal,netem delay 25ms 25ms,ALL,5,cassandra2,cassandra2,5,False,True,
47,4,3,MONOTONIC_WRITES,normal,netem delay 25ms 25ms,ALL,5,cassandra2,cassandra3,5,False,True,
47,5,1,MONOTONIC_WRITES,normal,netem delay 25ms 25ms,ALL,6,cassandra1,cassandra2,6,False,True,
47,5,2,MONOTONIC_WRITES,normal,netem delay 25ms 25ms,ALL,6,cassandra1,cassandra2,6,False,True,
47,5,3,MONOTONIC_WRITES,normal,netem delay 25ms 25ms,ALL,6,cassandra1,cassandra2,6,False,True,
48,1,1,MONOTONIC_WRITES,normal,netem delay 25ms 25ms,ALL,2,cassandra3,cassandra1,2,False,True,
48,1,2,MONOTONIC_WRITES,normal,netem delay 25ms 25ms,ALL,2,cassandra3,cassandra1,2,False,True,
48,1,3,MONOTONIC_WRITES,normal,netem delay 25ms 25ms,ALL,2,cassandra3,cassandra1,2,False,True,
48,2,1,MONOTONIC_WRITES,normal,netem delay 25ms 25ms,ALL,3,cassandra1,cassandra3,3,False,True,
48,2,2,MONOTONIC_WRITES,normal,netem delay 25ms 25ms,ALL,3,cassandra1,cassandra1,3,False,True,
48,2,3,MONOTONIC_WRITES,normal,netem delay 25ms 25ms,ALL,3,cassandra1,cassandra3,3,False,True,
48,3,1,MONOTONIC_WRITES,normal,netem delay 25ms 25ms,ALL,4,cassandra3,cassandra1,4,False,True,
48,3,2,MONOTONIC_WRITES,normal,netem delay 25ms 25ms,ALL,4,cassandra3,cassandra3,4,False,True,
48,3,3,MONOTONIC_WRITES,normal,netem delay 25ms 25ms,ALL,4,cassandra3,cassandra1,4,False,True,
48,4,1,MONOTONIC_WRITES,normal,netem delay 25ms 25ms,ALL,5,cassandra1,cassandra1,5,False,True,
48,4,2,MONOTONIC_WRITES,normal,netem delay 25ms 25ms,ALL,5,cassandra1,cassandra1,5,False,True,
48,4,3,MONOTONIC_WRITES,normal,netem delay 25ms 25ms,ALL,5,cassandra1,cassandra3,5,False,True,
48,5,1,MONOTONIC_WRITES,normal,netem delay 25ms 25ms,ALL,6,cassandra3,cassandra3,6,False,True,
48,5,2,MONOTONIC_WRITES,normal,netem delay 25ms 25ms,ALL,6,cassandra3,cassandra1,6,False,True,
48,5,3,MONOTONIC_WRITES,normal,netem delay 25ms 25ms,ALL,6,cassandra3,cassandra3,6,False,True,
49,1,1,MONOTONIC_WRITES,normal,netem delay 25ms 25ms,ALL,2,cassandra3,cassandra3,2,False,True,
49,1,2,MONOTONIC_WRITES,normal,netem delay 25ms 25ms,ALL,2,cassandra3,cassandra1,2,False,True,
49,1,3,MONOTONIC_WRITES,normal,netem delay 25ms 25ms,ALL,2,cassandra3,cassandra2,2,False,True,
49,2,1,MONOTONIC_WRITES,normal,netem delay 25ms 25ms,ALL,3,cassandra1,cassandra3,3,False,True,
49,2,2,MONOTONIC_WRITES,normal,netem delay 25ms 25ms,ALL,3,cassandra1,cassandra1,3,False,True,
49,2,3,MONOTONIC_WRITES,normal,netem delay 25ms 25ms,ALL,3,cassandra1,cassandra1,3,False,True,
49,3,1,MONOTONIC_WRITES,normal,netem delay 25ms 25ms,ALL,4,cassandra3,cassandra3,4,False,True,
49,3,2,MONOTONIC_WRITES,normal,netem delay 25ms 25ms,ALL,4,cassandra3,cassandra1,4,False,True,
49,3,3,MONOTONIC_WRITES,normal,netem delay 25ms 25ms,ALL,4,cassandra3,cassandra3,4,False,True,
49,4,1,MONOTONIC_WRITES,normal,netem delay 25ms 25ms,ALL,5,cassandra3,cassandra2,5,False,True,
49,4,2,MONOTONIC_WRITES,normal,netem delay 25ms 25ms,ALL,5,cassandra3,cassandra1,5,False,True,
49,4,3,MONOTONIC_WRITES,normal,netem delay 25ms 25ms,ALL,5,cassandra3,cassandra1,5,False,True,
49,5,1,MONOTONIC_WRITES,normal,netem delay 25ms 25ms,ALL,6,cassandra1,cassandra3,6,False,True,
49,5,2,MONOTONIC_WRITES,normal,netem delay 25ms 25ms,ALL,6,cassandra1,cassandra2,6,False,True,
49,5,3,MONOTONIC_WRITES,normal,netem delay 25ms 25ms,ALL,6,cassandra1,cassandra1,6,False,True,
50,1,1,MONOTONIC_WRITES,normal,netem delay 25ms 25ms,ALL,2,cassandra3,cassandra2,2,False,True,
50,1,2,MONOTONIC_WRITES,normal,netem delay 25ms 25ms,ALL,2,cassandra3,cassandra3,2,False,True,
50,1,3,MONOTONIC_WRITES,normal,netem delay 25ms 25ms,ALL,2,cassandra3,cassandra1,2,False,True,
50,2,1,MONOTONIC_WRITES,normal,netem delay 25ms 25ms,ALL,3,cassandra3,cassandra2,3,False,True,
50,2,2,MONOTONIC_WRITES,normal,netem delay 25ms 25ms,ALL,3,cassandra3,cassandra2,3,False,True,
50,2,3,MONOTONIC_WRITES,normal,netem delay 25ms 25ms,ALL,3,cassandra3,cassandra2,3,False,True,
50,3,1,MONOTONIC_WRITES,normal,netem delay 25ms 25ms,ALL,4,cassandra2,cassandra1,4,False,True,
50,3,2,MONOTONIC_WRITES,normal,netem delay 25ms 25ms,ALL,4,cassandra2,cassandra2,4,False,True,
50,3,3,MONOTONIC_WRITES,normal,netem delay 25ms 25ms,ALL,4,cassandra2,cassandra2,4,False,True,
50,4,1,MONOTONIC_WRITES,normal,netem delay 25ms 25ms,ALL,5,cassandra2,cassandra3,5,False,True,
50,4,2,MONOTONIC_WRITES,normal,netem delay 25ms 25ms,ALL,5,cassandra2,cassandra1,5,False,True,
50,4,3,MONOTONIC_WRITES,normal,netem delay 25ms 25ms,ALL,5,cassandra2,cassandra2,5,False,True,
50,5,1,MONOTONIC_WRITES,normal,netem delay 25ms 25ms,ALL,6,cassandra1,cassandra2,6,False,True,
50,5,2,MONOTONIC_WRITES,normal,netem delay 25ms 25ms,ALL,6,cassandra1,cassandra2,6,False,True,
50,5,3,MONOTONIC_WRITES,normal,netem delay 25ms 25ms,ALL,6,cassandra1,cassandra2,6,False,True,
51,1,1,MONOTONIC_WRITES,normal,netem delay 25ms 25ms,ALL,2,cassandra2,cassandra2,2,False,True,
51,1,2,MONOTONIC_WRITES,normal,netem delay 25ms 25ms,ALL,2,cassandra2,cassandra1,2,False,True,
51,1,3,MONOTONIC_WRITES,normal,netem delay 25ms 25ms,ALL,2,cassandra2,cassandra3,2,False,True,
51,2,1,MONOTONIC_WRITES,normal,netem delay 25ms 25ms,ALL,3,cassandra2,cassandra2,3,False,True,
51,2,2,MONOTONIC_WRITES,normal,netem delay 25ms 25ms,ALL,3,cassandra2,cassandra2,3,False,True,
51,2,3,MONOTONIC_WRITES,normal,netem delay 25ms 25ms,ALL,3,cassandra2,cassandra2,3,False,True,
51,3,1,MONOTONIC_WRITES,normal,netem delay 25ms 25ms,ALL,4,cassandra1,cassandra2,4,False,True,
51,3,2,MONOTONIC_WRITES,normal,netem delay 25ms 25ms,ALL,4,cassandra1,cassandra3,4,False,True,
51,3,3,MONOTONIC_WRITES,normal,netem delay 25ms 25ms,ALL,4,cassandra1,cassandra2,4,False,True,
51,4,1,MONOTONIC_WRITES,normal,netem delay 25ms 25ms,ALL,5,cassandra3,cassandra3,5,False,True,
51,4,2,MONOTONIC_WRITES,normal,netem delay 25ms 25ms,ALL,5,cassandra3,cassandra2,5,False,True,
51,4,3,MONOTONIC_WRITES,normal,netem delay 25ms 25ms,ALL,5,cassandra3,cassandra1,5,False,True,
51,5,1,MONOTONIC_WRITES,normal,netem delay 25ms 25ms,ALL,6,cassandra2,cassandra1,6,False,True,
51,5,2,MONOTONIC_WRITES,normal,netem delay 25ms 25ms,ALL,6,cassandra2,cassandra2,6,False,True,
51,5,3,MONOTONIC_WRITES,normal,netem delay 25ms 25ms,ALL,6,cassandra2,cassandra1,6,False,True,
52,1,1,MONOTONIC_WRITES,normal,netem delay 25ms 25ms,ALL,2,cassandra2,cassandra1,2,False,True,
52,1,2,MONOTONIC_WRITES,normal,netem delay 25ms 25ms,ALL,2,cassandra2,cassandra2,2,False,True,
52,1,3,MONOTONIC_WRITES,normal,netem delay 25ms 25ms,ALL,2,cassandra2,cassandra2,2,False,True,
52,2,1,MONOTONIC_WRITES,normal,netem delay 25ms 25ms,ALL,3,cassandra1,cassandra2,3,False,True,
52,2,2,MONOTONIC_WRITES,normal,netem delay 25ms 25ms,ALL,3,cassandra1,cassandra3,3,False,True,
52,2,3,MONOTONIC_WRITES,normal,netem delay 25ms 25ms,ALL,3,cassandra1,cassandra3,3,False,True,
52,3,1,MONOTONIC_WRITES,normal,netem delay 25ms 25ms,ALL,4,cassandra2,cassandra2,4,False,True,
52,3,2,MONOTONIC_WRITES,normal,netem delay 25ms 25ms,ALL,4,cassandra2,cassandra2,4,False,True,
52,3,3,MONOTONIC_WRITES,normal,netem delay 25ms 25ms,ALL,4,cassandra2,cassandra3,4,False,True,
52,4,1,MONOTONIC_WRITES,normal,netem delay 25ms 25ms,ALL,5,cassandra3,cassandra2,5,False,True,
52,4,2,MONOTONIC_WRITES,normal,netem delay 25ms 25ms,ALL,5,cassandra3,cassandra3,5,False,True,
52,4,3,MONOTONIC_WRITES,normal,netem delay 25ms 25ms,ALL,5,cassandra3,cassandra3,5,False,True,
52,5,1,MONOTONIC_WRITES,normal,netem delay 25ms 25ms,ALL,6,cassandra3,cassandra2,6,False,True,
52,5,2,MONOTONIC_WRITES,normal,netem delay 25ms 25ms,ALL,6,cassandra3,cassandra3,6,False,True,
52,5,3,MONOTONIC_WRITES,normal,netem delay 25ms 25ms,ALL,6,cassandra3,cassandra3,6,False,True,
53,1,1,MONOTONIC_WRITES,normal,netem delay 25ms 25ms,ALL,2,cassandra1,cassandra1,2,False,True,
53,1,2,MONOTONIC_WRITES,normal,netem delay 25ms 25ms,ALL,2,cassandra1,cassandra1,2,False,True,
53,1,3,MONOTONIC_WRITES,normal,netem delay 25ms 25ms,ALL,2,cassandra1,cassandra2,2,False,True,
53,2,1,MONOTONIC_WRITES,normal,netem delay 25ms 25ms,ALL,3,cassandra2,cassandra1,3,False,True,
53,2,2,MONOTONIC_WRITES,normal,netem delay 25ms 25ms,ALL,3,cassandra2,cassandra1,3,False,True,
53,2,3,MONOTONIC_WRITES,normal,netem delay 25ms 25ms,ALL,3,cassandra2,cassandra1,3,False,True,
53,3,1,MONOTONIC_WRITES,normal,netem delay 25ms 25ms,ALL,4,cassandra1,cassandra3,4,False,True,
53,3,2,MONOTONIC_WRITES,normal,netem delay 25ms 25ms,ALL,4,cassandra1,cassandra3,4,False,True,
53,3,3,MONOTONIC_WRITES,normal,netem delay 25ms 25ms,ALL,4,cassandra1,cassandra2,4,False,True,
53,4,1,MONOTONIC_WRITES,normal,netem delay 25ms 25ms,ALL,5,cassandra3,cassandra2,5,False,True,
53,4,2,MONOTONIC_WRITES,normal,netem delay 25ms 25ms,ALL,5,cassandra3,cassandra2,5,False,True,
53,4,3,MONOTONIC_WRITES,normal,netem delay 25ms 25ms,ALL,5,cassandra3,cassandra3,5,False,True,
53,5,1,MONOTONIC_WRITES,normal,netem delay 25ms 25ms,ALL,6,cassandra1,cassandra1,6,False,True,
53,5,2,MONOTONIC_WRITES,normal,netem delay 25ms 25ms,ALL,6,cassandra1,cassandra2,6,False,True,
53,5,3,MONOTONIC_WRITES,normal,netem delay 25ms 25ms,ALL,6,cassandra1,cassandra1,6,False,True,
54,1,1,MONOTONIC_WRITES,normal,netem delay 25ms 25ms,ALL,2,cassandra2,cassandra3,2,False,True,
54,1,2,MONOTONIC_WRITES,normal,netem delay 25ms 25ms,ALL,2,cassandra2,cassandra1,2,False,True,
54,1,3,MONOTONIC_WRITES,normal,netem delay 25ms 25ms,ALL,2,cassandra2,cassandra3,2,False,True,
54,2,1,MONOTONIC_WRITES,normal,netem delay 25ms 25ms,ALL,3,cassandra2,cassandra3,3,False,True,
54,2,2,MONOTONIC_WRITES,normal,netem delay 25ms 25ms,ALL,3,cassandra2,cassandra3,3,False,True,
54,2,3,MONOTONIC_WRITES,normal,netem delay 25ms 25ms,ALL,3,cassandra2,cassandra2,3,False,True,
54,3,1,MONOTONIC_WRITES,normal,netem delay 25ms 25ms,ALL,4,cassandra2,cassandra3,4,False,True,
54,3,2,MONOTONIC_WRITES,normal,netem delay 25ms 25ms,ALL,4,cassandra2,cassandra2,4,False,True,
54,3,3,MONOTONIC_WRITES,normal,netem delay 25ms 25ms,ALL,4,cassandra2,cassandra3,4,False,True,
54,4,1,MONOTONIC_WRITES,normal,netem delay 25ms 25ms,ALL,5,cassandra3,cassandra2,5,False,True,
54,4,2,MONOTONIC_WRITES,normal,netem delay 25ms 25ms,ALL,5,cassandra3,cassandra1,5,False,True,
54,4,3,MONOTONIC_WRITES,normal,netem delay 25ms 25ms,ALL,5,cassandra3,cassandra1,5,False,True,
54,5,1,MONOTONIC_WRITES,normal,netem delay 25ms 25ms,ALL,6,cassandra2,cassandra1,6,False,True,
54,5,2,MONOTONIC_WRITES,normal,netem delay 25ms 25ms,ALL,6,cassandra2,cassandra1,6,False,True,
54,5,3,MONOTONIC_WRITES,normal,netem delay 25ms 25ms,ALL,6,cassandra2,cassandra1,6,False,True,
55,1,1,MONOTONIC_WRITES,normal,netem delay 25ms 25ms,ALL,2,cassandra2,cassandra1,2,False,True,
55,1,2,MONOTONIC_WRITES,normal,netem delay 25ms 25ms,ALL,2,cassandra2,cassandra1,2,False,True,
55,1,3,MONOTONIC_WRITES,normal,netem delay 25ms 25ms,ALL,2,cassandra2,cassandra1,2,False,True,
55,2,1,MONOTONIC_WRITES,normal,netem delay 25ms 25ms,ALL,3,cassandra3,cassandra3,3,False,True,
55,2,2,MONOTONIC_WRITES,normal,netem delay 25ms 25ms,ALL,3,cassandra3,cassandra1,3,False,True,
55,2,3,MONOTONIC_WRITES,normal,netem delay 25ms 25ms,ALL,3,cassandra3,cassandra2,3,False,True,
55,3,1,MONOTONIC_WRITES,normal,netem delay 25ms 25ms,ALL,4,cassandra2,cassandra1,4,False,True,
55,3,2,MONOTONIC_WRITES,normal,netem delay 25ms 25ms,ALL,4,cassandra2,cassandra3,4,False,True,
55,3,3,MONOTONIC_WRITES,normal,netem delay 25ms 25ms,ALL,4,cassandra2,cassandra1,4,False,True,
55,4,1,MONOTONIC_WRITES,normal,netem delay 25ms 25ms,ALL,5,cassandra3,cassandra2,5,False,True,
55,4,2,MONOTONIC_WRITES,normal,netem delay 25ms 25ms,ALL,5,cassandra3,cassandra1,5,False,True,
55,4,3,MONOTONIC_WRITES,normal,netem delay 25ms 25ms,ALL,5,cassandra3,cassandra2,5,False,True,
55,5,1,MONOTONIC_WRITES,normal,netem delay 25ms 25ms,ALL,6,cassandra2,cassandra1,6,False,True,
55,5,2,MONOTONIC_WRITES,normal,netem delay 25ms 25ms,ALL,6,cassandra2,cassandra1,6,False,True,
55,5,3,MONOTONIC_WRITES,normal,netem delay 25ms 25ms,ALL,6,cassandra2,cassandra1,6,False,True,
56,1,1,MONOTONIC_WRITES,normal,netem delay 25ms 25ms,ALL,2,cassandra3,cassandra3,2,False,True,
56,1,2,MONOTONIC_WRITES,normal,netem delay 25ms 25ms,ALL,2,cassandra3,cassandra2,2,False,True,
56,1,3,MONOTONIC_WRITES,normal,netem delay 25ms 25ms,ALL,2,cassandra3,cassandra1,2,False,True,
56,2,1,MONOTONIC_WRITES,normal,netem delay 25ms 25ms,ALL,3,cassandra3,cassandra3,3,False,True,
56,2,2,MONOTONIC_WRITES,normal,netem delay 25ms 25ms,ALL,3,cassandra3,cassandra2,3,False,True,
56,2,3,MONOTONIC_WRITES,normal,netem delay 25ms 25ms,ALL,3,cassandra3,cassandra1,3,False,True,
56,3,1,MONOTONIC_WRITES,normal,netem delay 25ms 25ms,ALL,4,cassandra3,cassandra1,4,False,True,
56,3,2,MONOTONIC_WRITES,normal,netem delay 25ms 25ms,ALL,4,cassandra3,cassandra2,4,False,True,
56,3,3,MONOTONIC_WRITES,normal,netem delay 25ms 25ms,ALL,4,cassandra3,cassandra3,4,False,True,
56,4,1,MONOTONIC_WRITES,normal,netem delay 25ms 25ms,ALL,5,cassandra3,cassandra1,5,False,True,
56,4,2,MONOTONIC_WRITES,normal,netem delay 25ms 25ms,ALL,5,cassandra3,cassandra2,5,False,True,
56,4,3,MONOTONIC_WRITES,normal,netem delay 25ms 25ms,ALL,5,cassandra3,cassandra3,5,False,True,
56,5,1,MONOTONIC_WRITES,normal,netem delay 25ms 25ms,ALL,6,cassandra2,cassandra1,6,False,True,
56,5,2,MONOTONIC_WRITES,normal,netem delay 25ms 25ms,ALL,6,cassandra2,cassandra2,6,False,True,
56,5,3,MONOTONIC_WRITES,normal,netem delay 25ms 25ms,ALL,6,cassandra2,cassandra2,6,False,True,
57,1,1,MONOTONIC_WRITES,normal,netem delay 25ms 25ms,ALL,2,cassandra1,cassandra1,2,False,True,
57,1,2,MONOTONIC_WRITES,normal,netem delay 25ms 25ms,ALL,2,cassandra1,cassandra2,2,False,True,
57,1,3,MONOTONIC_WRITES,normal,netem delay 25ms 25ms,ALL,2,cassandra1,cassandra1,2,False,True,
57,2,1,MONOTONIC_WRITES,normal,netem delay 25ms 25ms,ALL,3,cassandra2,cassandra3,3,False,True,
57,2,2,MONOTONIC_WRITES,normal,netem delay 25ms 25ms,ALL,3,cassandra2,cassandra2,3,False,True,
57,2,3,MONOTONIC_WRITES,normal,netem delay 25ms 25ms,ALL,3,cassandra2,cassandra3,3,False,True,
57,3,1,MONOTONIC_WRITES,normal,netem delay 25ms 25ms,ALL,4,cassandra1,cassandra3,4,False,True,
57,3,2,MONOTONIC_WRITES,normal,netem delay 25ms 25ms,ALL,4,cassandra1,cassandra2,4,False,True,
57,3,3,MONOTONIC_WRITES,normal,netem delay 25ms 25ms,ALL,4,cassandra1,cassandra3,4,False,True,
57,4,1,MONOTONIC_WRITES,normal,netem delay 25ms 25ms,ALL,5,cassandra2,cassandra1,5,False,True,
57,4,2,MONOTONIC_WRITES,normal,netem delay 25ms 25ms,ALL,5,cassandra2,cassandra3,5,False,True,
57,4,3,MONOTONIC_WRITES,normal,netem delay 25ms 25ms,ALL,5,cassandra2,cassandra2,5,False,True,
57,5,1,MONOTONIC_WRITES,normal,netem delay 25ms 25ms,ALL,6,cassandra1,cassandra3,6,False,True,
57,5,2,MONOTONIC_WRITES,normal,netem delay 25ms 25ms,ALL,6,cassandra1,cassandra2,6,False,True,
57,5,3,MONOTONIC_WRITES,normal,netem delay 25ms 25ms,ALL,6,cassandra1,cassandra1,6,False,True,
58,1,1,MONOTONIC_WRITES,normal,netem delay 25ms 25ms,ALL,2,cassandra1,cassandra1,2,False,True,
58,1,2,MONOTONIC_WRITES,normal,netem delay 25ms 25ms,ALL,2,cassandra1,cassandra2,2,False,True,
58,1,3,MONOTONIC_WRITES,normal,netem delay 25ms 25ms,ALL,2,cassandra1,cassandra2,2,False,True,
58,2,1,MONOTONIC_WRITES,normal,netem delay 25ms 25ms,ALL,3,cassandra3,cassandra3,3,False,True,
58,2,2,MONOTONIC_WRITES,normal,netem delay 25ms 25ms,ALL,3,cassandra3,cassandra1,3,False,True,
58,2,3,MONOTONIC_WRITES,normal,netem delay 25ms 25ms,ALL,3,cassandra3,cassandra1,3,False,True,
58,3,1,MONOTONIC_WRITES,normal,netem delay 25ms 25ms,ALL,4,cassandra3,cassandra1,4,False,True,
58,3,2,MONOTONIC_WRITES,normal,netem delay 25ms 25ms,ALL,4,cassandra3,cassandra1,4,False,True,
58,3,3,MONOTONIC_WRITES,normal,netem delay 25ms 25ms,ALL,4,cassandra3,cassandra1,4,False,True,
58,4,1,MONOTONIC_WRITES,normal,netem delay 25ms 25ms,ALL,5,cassandra3,cassandra1,5,False,True,
58,4,2,MONOTONIC_WRITES,normal,netem delay 25ms 25ms,ALL,5,cassandra3,cassandra2,5,False,True,
58,4,3,MONOTONIC_WRITES,normal,netem delay 25ms 25ms,ALL,5,cassandra3,cassandra3,5,False,True,
58,5,1,MONOTONIC_WRITES,normal,netem delay 25ms 25ms,ALL,6,cassandra3,cassandra2,6,False,True,
58,5,2,MONOTONIC_WRITES,normal,netem delay 25ms 25ms,ALL,6,cassandra3,cassandra1,6,False,True,
58,5,3,MONOTONIC_WRITES,normal,netem delay 25ms 25ms,ALL,6,cassandra3,cassandra2,6,False,True,
59,1,1,MONOTONIC_WRITES,normal,netem delay 25ms 25ms,ALL,2,cassandra3,cassandra2,2,False,True,
59,1,2,MONOTONIC_WRITES,normal,netem delay 25ms 25ms,ALL,2,cassandra3,cassandra1,2,False,True,
59,1,3,MONOTONIC_WRITES,normal,netem delay 25ms 25ms,ALL,2,cassandra3,cassandra1,2,False,True,
59,2,1,MONOTONIC_WRITES,normal,netem delay 25ms 25ms,ALL,3,cassandra3,cassandra2,3,False,True,
59,2,2,MONOTONIC_WRITES,normal,netem delay 25ms 25ms,ALL,3,cassandra3,cassandra2,3,False,True,
59,2,3,MONOTONIC_WRITES,normal,netem delay 25ms 25ms,ALL,3,cassandra3,cassandra1,3,False,True,
59,3,1,MONOTONIC_WRITES,normal,netem delay 25ms 25ms,ALL,4,cassandra2,cassandra1,4,False,True,
59,3,2,MONOTONIC_WRITES,normal,netem delay 25ms 25ms,ALL,4,cassandra2,cassandra2,4,False,True,
59,3,3,MONOTONIC_WRITES,normal,netem delay 25ms 25ms,ALL,4,cassandra2,cassandra3,4,False,True,
59,4,1,MONOTONIC_WRITES,normal,netem delay 25ms 25ms,ALL,5,cassandra1,cassandra1,5,False,True,
59,4,2,MONOTONIC_WRITES,normal,netem delay 25ms 25ms,ALL,5,cassandra1,cassandra1,5,False,True,
59,4,3,MONOTONIC_WRITES,normal,netem delay 25ms 25ms,ALL,5,cassandra1,cassandra2,5,False,True,
59,5,1,MONOTONIC_WRITES,normal,netem delay 25ms 25ms,ALL,6,cassandra3,cassandra1,6,False,True,
59,5,2,MONOTONIC_WRITES,normal,netem delay 25ms 25ms,ALL,6,cassandra3,cassandra2,6,False,True,
59,5,3,MONOTONIC_WRITES,normal,netem delay 25ms 25ms,ALL,6,cassandra3,cassandra2,6,False,True,
60,1,1,MONOTONIC_WRITES,normal,netem delay 25ms 25ms,ALL,2,cassandra3,cassandra1,2,False,True,
60,1,2,MONOTONIC_WRITES,normal,netem delay 25ms 25ms,ALL,2,cassandra3,cassandra3,2,False,True,
60,1,3,MONOTONIC_WRITES,normal,netem delay 25ms 25ms,ALL,2,cassandra3,cassandra1,2,False,True,
60,2,1,MONOTONIC_WRITES,normal,netem delay 25ms 25ms,ALL,3,cassandra3,cassandra3,3,False,True,
60,2,2,MONOTONIC_WRITES,normal,netem delay 25ms 25ms,ALL,3,cassandra3,cassandra1,3,False,True,
60,2,3,MONOTONIC_WRITES,normal,netem delay 25ms 25ms,ALL,3,cassandra3,cassandra3,3,False,True,
60,3,1,MONOTONIC_WRITES,normal,netem delay 25ms 25ms,ALL,4,cassandra1,cassandra1,4,False,True,
60,3,2,MONOTONIC_WRITES,normal,netem delay 25ms 25ms,ALL,4,cassandra1,cassandra2,4,False,True,
60,3,3,MONOTONIC_WRITES,normal,netem delay 25ms 25ms,ALL,4,cassandra1,cassandra1,4,False,True,
60,4,1,MONOTONIC_WRITES,normal,netem delay 25ms 25ms,ALL,5,cassandra3,cassandra1,5,False,True,
60,4,2,MONOTONIC_WRITES,normal,netem delay 25ms 25ms,ALL,5,cassandra3,cassandra1,5,False,True,
60,4,3,MONOTONIC_WRITES,normal,netem delay 25ms 25ms,ALL,5,cassandra3,cassandra2,5,False,True,
60,5,1,MONOTONIC_WRITES,normal,netem delay 25ms 25ms,ALL,6,cassandra1,cassandra1,6,False,True,
60,5,2,MONOTONIC_WRITES,normal,netem delay 25ms 25ms,ALL,6,cassandra1,cassandra1,6,False,True,
60,5,3,MONOTONIC_WRITES,normal,netem delay 25ms 25ms,ALL,6,cassandra1,cassandra1,6,False,True,
61,1,1,MONOTONIC_WRITES,normal,netem delay 25ms 25ms,ALL,2,cassandra2,cassandra2,2,False,True,
61,1,2,MONOTONIC_WRITES,normal,netem delay 25ms 25ms,ALL,2,cassandra2,cassandra2,2,False,True,
61,1,3,MONOTONIC_WRITES,normal,netem delay 25ms 25ms,ALL,2,cassandra2,cassandra1,2,False,True,
61,2,1,MONOTONIC_WRITES,normal,netem delay 25ms 25ms,ALL,3,cassandra1,cassandra1,3,False,True,
61,2,2,MONOTONIC_WRITES,normal,netem delay 25ms 25ms,ALL,3,cassandra1,cassandra2,3,False,True,
61,2,3,MONOTONIC_WRITES,normal,netem delay 25ms 25ms,ALL,3,cassandra1,cassandra2,3,False,True,
61,3,1,MONOTONIC_WRITES,normal,netem delay 25ms 25ms,ALL,4,cassandra2,cassandra3,4,False,True,
61,3,2,MONOTONIC_WRITES,normal,netem delay 25ms 25ms,ALL,4,cassandra2,cassandra3,4,False,True,
61,3,3,MONOTONIC_WRITES,normal,netem delay 25ms 25ms,ALL,4,cassandra2,cassandra3,4,False,True,
61,4,1,MONOTONIC_WRITES,normal,netem delay 25ms 25ms,ALL,5,cassandra1,cassandra1,5,False,True,
61,4,2,MONOTONIC_WRITES,normal,netem delay 25ms 25ms,ALL,5,cassandra1,cassandra3,5,False,True,
61,4,3,MONOTONIC_WRITES,normal,netem delay 25ms 25ms,ALL,5,cassandra1,cassandra2,5,False,True,
61,5,1,MONOTONIC_WRITES,normal,netem delay 25ms 25ms,ALL,6,cassandra1,cassandra2,6,False,True,
61,5,2,MONOTONIC_WRITES,normal,netem delay 25ms 25ms,ALL,6,cassandra1,cassandra1,6,False,True,
61,5,3,MONOTONIC_WRITES,normal,netem delay 25ms 25ms,ALL,6,cassandra1,cassandra2,6,False,True,
62,1,1,MONOTONIC_WRITES,normal,netem delay 25ms 25ms,ALL,2,cassandra2,cassandra3,2,False,True,
62,1,2,MONOTONIC_WRITES,normal,netem delay 25ms 25ms,ALL,2,cassandra2,cassandra2,2,False,True,
62,1,3,MONOTONIC_WRITES,normal,netem delay 25ms 25ms,ALL,2,cassandra2,cassandra1,2,False,True,
62,2,1,MONOTONIC_WRITES,normal,netem delay 25ms 25ms,ALL,3,cassandra1,cassandra3,3,False,True,
62,2,2,MONOTONIC_WRITES,normal,netem delay 25ms 25ms,ALL,3,cassandra1,cassandra2,3,False,True,
62,2,3,MONOTONIC_WRITES,normal,netem delay 25ms 25ms,ALL,3,cassandra1,cassandra2,3,False,True,
62,3,1,MONOTONIC_WRITES,normal,netem delay 25ms 25ms,ALL,4,cassandra1,cassandra2,4,False,True,
62,3,2,MONOTONIC_WRITES,normal,netem delay 25ms 25ms,ALL,4,cassandra1,cassandra1,4,False,True,
62,3,3,MONOTONIC_WRITES,normal,netem delay 25ms 25ms,ALL,4,cassandra1,cassandra3,4,False,True,
62,4,1,MONOTONIC_WRITES,normal,netem delay 25ms 25ms,ALL,5,cassandra3,cassandra2,5,False,True,
62,4,2,MONOTONIC_WRITES,normal,netem delay 25ms 25ms,ALL,5,cassandra3,cassandra1,5,False,True,
62,4,3,MONOTONIC_WRITES,normal,netem delay 25ms 25ms,ALL,5,cassandra3,cassandra3,5,False,True,
62,5,1,MONOTONIC_WRITES,normal,netem delay 25ms 25ms,ALL,6,cassandra3,cassandra3,6,False,True,
62,5,2,MONOTONIC_WRITES,normal,netem delay 25ms 25ms,ALL,6,cassandra3,cassandra2,6,False,True,
62,5,3,MONOTONIC_WRITES,normal,netem delay 25ms 25ms,ALL,6,cassandra3,cassandra1,6,False,True,
63,1,1,MONOTONIC_WRITES,normal,netem delay 25ms 25ms,ALL,2,cassandra2,cassandra2,2,False,True,
63,1,2,MONOTONIC_WRITES,normal,netem delay 25ms 25ms,ALL,2,cassandra2,cassandra3,2,False,True,
63,1,3,MONOTONIC_WRITES,normal,netem delay 25ms 25ms,ALL,2,cassandra2,cassandra3,2,False,True,
63,2,1,MONOTONIC_WRITES,normal,netem delay 25ms 25ms,ALL,3,cassandra2,cassandra2,3,False,True,
63,2,2,MONOTONIC_WRITES,normal,netem delay 25ms 25ms,ALL,3,cassandra2,cassandra3,3,False,True,
63,2,3,MONOTONIC_WRITES,normal,netem delay 25ms 25ms,ALL,3,cassandra2,cassandra1,3,False,True,
63,3,1,MONOTONIC_WRITES,normal,netem delay 25ms 25ms,ALL,4,cassandra3,cassandra1,4,False,True,
63,3,2,MONOTONIC_WRITES,normal,netem delay 25ms 25ms,ALL,4,cassandra3,cassandra2,4,False,True,
63,3,3,MONOTONIC_WRITES,normal,netem delay 25ms 25ms,ALL,4,cassandra3,cassandra2,4,False,True,
63,4,1,MONOTONIC_WRITES,normal,netem delay 25ms 25ms,ALL,5,cassandra1,cassandra2,5,False,True,
63,4,2,MONOTONIC_WRITES,normal,netem delay 25ms 25ms,ALL,5,cassandra1,cassandra2,5,False,True,
63,4,3,MONOTONIC_WRITES,normal,netem delay 25ms 25ms,ALL,5,cassandra1,cassandra3,5,False,True,
63,5,1,MONOTONIC_WRITES,normal,netem delay 25ms 25ms,ALL,6,cassandra1,cassandra1,6,False,True,
63,5,2,MONOTONIC_WRITES,normal,netem delay 25ms 25ms,ALL,6,cassandra1,cassandra3,6,False,True,
63,5,3,MONOTONIC_WRITES,normal,netem delay 25ms 25ms,ALL,6,cassandra1,cassandra2,6,False,True,
64,1,1,MONOTONIC_WRITES,normal,netem delay 25ms 25ms,ALL,2,cassandra3,cassandra1,2,False,True,
64,1,2,MONOTONIC_WRITES,normal,netem delay 25ms 25ms,ALL,2,cassandra3,cassandra3,2,False,True,
64,1,3,MONOTONIC_WRITES,normal,netem delay 25ms 25ms,ALL,2,cassandra3,cassandra1,2,False,True,
64,2,1,MONOTONIC_WRITES,normal,netem delay 25ms 25ms,ALL,3,cassandra2,cassandra1,3,False,True,
64,2,2,MONOTONIC_WRITES,normal,netem delay 25ms 25ms,ALL,3,cassandra2,cassandra2,3,False,True,
64,2,3,MONOTONIC_WRITES,normal,netem delay 25ms 25ms,ALL,3,cassandra2,cassandra1,3,False,True,
64,3,1,MONOTONIC_WRITES,normal,netem delay 25ms 25ms,ALL,4,cassandra2,cassandra1,4,False,True,
64,3,2,MONOTONIC_WRITES,normal,netem delay 25ms 25ms,ALL,4,cassandra2,cassandra1,4,False,True,
64,3,3,MONOTONIC_WRITES,normal,netem delay 25ms 25ms,ALL,4,cassandra2,cassandra1,4,False,True,
64,4,1,MONOTONIC_WRITES,normal,netem delay 25ms 25ms,ALL,5,cassandra1,cassandra2,5,False,True,
64,4,2,MONOTONIC_WRITES,normal,netem delay 25ms 25ms,ALL,5,cassandra1,cassandra2,5,False,True,
64,4,3,MONOTONIC_WRITES,normal,netem delay 25ms 25ms,ALL,5,cassandra1,cassandra1,5,False,True,
64,5,1,MONOTONIC_WRITES,normal,netem delay 25ms 25ms,ALL,6,cassandra1,cassandra1,6,False,True,
64,5,2,MONOTONIC_WRITES,normal,netem delay 25ms 25ms,ALL,6,cassandra1,cassandra1,6,False,True,
64,5,3,MONOTONIC_WRITES,normal,netem delay 25ms 25ms,ALL,6,cassandra1,cassandra1,6,False,True,
65,1,1,MONOTONIC_WRITES,normal,netem delay 25ms 25ms,ALL,2,cassandra1,cassandra1,2,False,True,
65,1,2,MONOTONIC_WRITES,normal,netem delay 25ms 25ms,ALL,2,cassandra1,cassandra2,2,False,True,
65,1,3,MONOTONIC_WRITES,normal,netem delay 25ms 25ms,ALL,2,cassandra1,cassandra3,2,False,True,
65,2,1,MONOTONIC_WRITES,normal,netem delay 25ms 25ms,ALL,3,cassandra1,cassandra3,3,False,True,
65,2,2,MONOTONIC_WRITES,normal,netem delay 25ms 25ms,ALL,3,cassandra1,cassandra3,3,False,True,
65,2,3,MONOTONIC_WRITES,normal,netem delay 25ms 25ms,ALL,3,cassandra1,cassandra3,3,False,True,
65,3,1,MONOTONIC_WRITES,normal,netem delay 25ms 25ms,ALL,4,cassandra2,cassandra3,4,False,True,
65,3,2,MONOTONIC_WRITES,normal,netem delay 25ms 25ms,ALL,4,cassandra2,cassandra1,4,False,True,
65,3,3,MONOTONIC_WRITES,normal,netem delay 25ms 25ms,ALL,4,cassandra2,cassandra3,4,False,True,
65,4,1,MONOTONIC_WRITES,normal,netem delay 25ms 25ms,ALL,5,cassandra1,cassandra1,5,False,True,
65,4,2,MONOTONIC_WRITES,normal,netem delay 25ms 25ms,ALL,5,cassandra1,cassandra3,5,False,True,
65,4,3,MONOTONIC_WRITES,normal,netem delay 25ms 25ms,ALL,5,cassandra1,cassandra3,5,False,True,
65,5,1,MONOTONIC_WRITES,normal,netem delay 25ms 25ms,ALL,6,cassandra3,cassandra1,6,False,True,
65,5,2,MONOTONIC_WRITES,normal,netem delay 25ms 25ms,ALL,6,cassandra3,cassandra2,6,False,True,
65,5,3,MONOTONIC_WRITES,normal,netem delay 25ms 25ms,ALL,6,cassandra3,cassandra3,6,False,True,
66,1,1,MONOTONIC_WRITES,normal,netem delay 25ms 25ms,ALL,2,cassandra2,cassandra2,2,False,True,
66,1,2,MONOTONIC_WRITES,normal,netem delay 25ms 25ms,ALL,2,cassandra2,cassandra2,2,False,True,
66,1,3,MONOTONIC_WRITES,normal,netem delay 25ms 25ms,ALL,2,cassandra2,cassandra2,2,False,True,
66,2,1,MONOTONIC_WRITES,normal,netem delay 25ms 25ms,ALL,3,cassandra2,cassandra2,3,False,True,
66,2,2,MONOTONIC_WRITES,normal,netem delay 25ms 25ms,ALL,3,cassandra2,cassandra3,3,False,True,
66,2,3,MONOTONIC_WRITES,normal,netem delay 25ms 25ms,ALL,3,cassandra2,cassandra2,3,False,True,
66,3,1,MONOTONIC_WRITES,normal,netem delay 25ms 25ms,ALL,4,cassandra3,cassandra1,4,False,True,
66,3,2,MONOTONIC_WRITES,normal,netem delay 25ms 25ms,ALL,4,cassandra3,cassandra2,4,False,True,
66,3,3,MONOTONIC_WRITES,normal,netem delay 25ms 25ms,ALL,4,cassandra3,cassandra2,4,False,True,
66,4,1,MONOTONIC_WRITES,normal,netem delay 25ms 25ms,ALL,5,cassandra3,cassandra1,5,False,True,
66,4,2,MONOTONIC_WRITES,normal,netem delay 25ms 25ms,ALL,5,cassandra3,cassandra3,5,False,True,
66,4,3,MONOTONIC_WRITES,normal,netem delay 25ms 25ms,ALL,5,cassandra3,cassandra2,5,False,True,
66,5,1,MONOTONIC_WRITES,normal,netem delay 25ms 25ms,ALL,6,cassandra1,cassandra1,6,False,True,
66,5,2,MONOTONIC_WRITES,normal,netem delay 25ms 25ms,ALL,6,cassandra1,cassandra2,6,False,True,
66,5,3,MONOTONIC_WRITES,normal,netem delay 25ms 25ms,ALL,6,cassandra1,cassandra3,6,False,True,
67,1,1,MONOTONIC_WRITES,normal,netem delay 25ms 25ms,ALL,2,cassandra1,cassandra1,2,False,True,
67,1,2,MONOTONIC_WRITES,normal,netem delay 25ms 25ms,ALL,2,cassandra1,cassandra3,2,False,True,
67,1,3,MONOTONIC_WRITES,normal,netem delay 25ms 25ms,ALL,2,cassandra1,cassandra3,2,False,True,
67,2,1,MONOTONIC_WRITES,normal,netem delay 25ms 25ms,ALL,3,cassandra3,cassandra1,3,False,True,
67,2,2,MONOTONIC_WRITES,normal,netem delay 25ms 25ms,ALL,3,cassandra3,cassandra2,3,False,True,
67,2,3,MONOTONIC_WRITES,normal,netem delay 25ms 25ms,ALL,3,cassandra3,cassandra2,3,False,True,
67,3,1,MONOTONIC_WRITES,normal,netem delay 25ms 25ms,ALL,4,cassandra2,cassandra3,4,False,True,
67,3,2,MONOTONIC_WRITES,normal,netem delay 25ms 25ms,ALL,4,cassandra2,cassandra2,4,False,True,
67,3,3,MONOTONIC_WRITES,normal,netem delay 25ms 25ms,ALL,4,cassandra2,cassandra2,4,False,True,
67,4,1,MONOTONIC_WRITES,normal,netem delay 25ms 25ms,ALL,5,cassandra1,cassandra3,5,False,True,
67,4,2,MONOTONIC_WRITES,normal,netem delay 25ms 25ms,ALL,5,cassandra1,cassandra1,5,False,True,
67,4,3,MONOTONIC_WRITES,normal,netem delay 25ms 25ms,ALL,5,cassandra1,cassandra1,5,False,True,
67,5,1,MONOTONIC_WRITES,normal,netem delay 25ms 25ms,ALL,6,cassandra3,cassandra3,6,False,True,
67,5,2,MONOTONIC_WRITES,normal,netem delay 25ms 25ms,ALL,6,cassandra3,cassandra3,6,False,True,
67,5,3,MONOTONIC_WRITES,normal,netem delay 25ms 25ms,ALL,6,cassandra3,cassandra1,6,False,True,
68,1,1,MONOTONIC_WRITES,normal,netem delay 25ms 25ms,ALL,2,cassandra3,cassandra3,2,False,True,
68,1,2,MONOTONIC_WRITES,normal,netem delay 25ms 25ms,ALL,2,cassandra3,cassandra1,2,False,True,
68,1,3,MONOTONIC_WRITES,normal,netem delay 25ms 25ms,ALL,2,cassandra3,cassandra2,2,False,True,
68,2,1,MONOTONIC_WRITES,normal,netem delay 25ms 25ms,ALL,3,cassandra3,cassandra2,3,False,True,
68,2,2,MONOTONIC_WRITES,normal,netem delay 25ms 25ms,ALL,3,cassandra3,cassandra1,3,False,True,
68,2,3,MONOTONIC_WRITES,normal,netem delay 25ms 25ms,ALL,3,cassandra3,cassandra2,3,False,True,
68,3,1,MONOTONIC_WRITES,normal,netem delay 25ms 25ms,ALL,4,cassandra2,cassandra3,4,False,True,
68,3,2,MONOTONIC_WRITES,normal,netem delay 25ms 25ms,ALL,4,cassandra2,cassandra2,4,False,True,
68,3,3,MONOTONIC_WRITES,normal,netem delay 25ms 25ms,ALL,4,cassandra2,cassandra3,4,False,True,
68,4,1,MONOTONIC_WRITES,normal,netem delay 25ms 25ms,ALL,5,cassandra2,cassandra2,5,False,True,
68,4,2,MONOTONIC_WRITES,normal,netem delay 25ms 25ms,ALL,5,cassandra2,cassandra2,5,False,True,
68,4,3,MONOTONIC_WRITES,normal,netem delay 25ms 25ms,ALL,5,cassandra2,cassandra2,5,False,True,
68,5,1,MONOTONIC_WRITES,normal,netem delay 25ms 25ms,ALL,6,cassandra1,cassandra3,6,False,True,
68,5,2,MONOTONIC_WRITES,normal,netem delay 25ms 25ms,ALL,6,cassandra1,cassandra2,6,False,True,
68,5,3,MONOTONIC_WRITES,normal,netem delay 25ms 25ms,ALL,6,cassandra1,cassandra1,6,False,True,
69,1,1,MONOTONIC_WRITES,normal,netem delay 25ms 25ms,ALL,2,cassandra3,cassandra1,2,False,True,
69,1,2,MONOTONIC_WRITES,normal,netem delay 25ms 25ms,ALL,2,cassandra3,cassandra3,2,False,True,
69,1,3,MONOTONIC_WRITES,normal,netem delay 25ms 25ms,ALL,2,cassandra3,cassandra1,2,False,True,
69,2,1,MONOTONIC_WRITES,normal,netem delay 25ms 25ms,ALL,3,cassandra1,cassandra1,3,False,True,
69,2,2,MONOTONIC_WRITES,normal,netem delay 25ms 25ms,ALL,3,cassandra1,cassandra1,3,False,True,
69,2,3,MONOTONIC_WRITES,normal,netem delay 25ms 25ms,ALL,3,cassandra1,cassandra1,3,False,True,
69,3,1,MONOTONIC_WRITES,normal,netem delay 25ms 25ms,ALL,4,cassandra1,cassandra2,4,False,True,
69,3,2,MONOTONIC_WRITES,normal,netem delay 25ms 25ms,ALL,4,cassandra1,cassandra2,4,False,True,
69,3,3,MONOTONIC_WRITES,normal,netem delay 25ms 25ms,ALL,4,cassandra1,cassandra1,4,False,True,
69,4,1,MONOTONIC_WRITES,normal,netem delay 25ms 25ms,ALL,5,cassandra3,cassandra3,5,False,True,
69,4,2,MONOTONIC_WRITES,normal,netem delay 25ms 25ms,ALL,5,cassandra3,cassandra3,5,False,True,
69,4,3,MONOTONIC_WRITES,normal,netem delay 25ms 25ms,ALL,5,cassandra3,cassandra1,5,False,True,
69,5,1,MONOTONIC_WRITES,normal,netem delay 25ms 25ms,ALL,6,cassandra3,cassandra2,6,False,True,
69,5,2,MONOTONIC_WRITES,normal,netem delay 25ms 25ms,ALL,6,cassandra3,cassandra3,6,False,True,
69,5,3,MONOTONIC_WRITES,normal,netem delay 25ms 25ms,ALL,6,cassandra3,cassandra3,6,False,True,
70,1,1,MONOTONIC_WRITES,normal,netem delay 25ms 25ms,ALL,2,cassandra1,cassandra1,2,False,True,
70,1,2,MONOTONIC_WRITES,normal,netem delay 25ms 25ms,ALL,2,cassandra1,cassandra1,2,False,True,
70,1,3,MONOTONIC_WRITES,normal,netem delay 25ms 25ms,ALL,2,cassandra1,cassandra2,2,False,True,
70,2,1,MONOTONIC_WRITES,normal,netem delay 25ms 25ms,ALL,3,cassandra3,cassandra1,3,False,True,
70,2,2,MONOTONIC_WRITES,normal,netem delay 25ms 25ms,ALL,3,cassandra3,cassandra2,3,False,True,
70,2,3,MONOTONIC_WRITES,normal,netem delay 25ms 25ms,ALL,3,cassandra3,cassandra3,3,False,True,
70,3,1,MONOTONIC_WRITES,normal,netem delay 25ms 25ms,ALL,4,cassandra3,cassandra3,4,False,True,
70,3,2,MONOTONIC_WRITES,normal,netem delay 25ms 25ms,ALL,4,cassandra3,cassandra1,4,False,True,
70,3,3,MONOTONIC_WRITES,normal,netem delay 25ms 25ms,ALL,4,cassandra3,cassandra3,4,False,True,
70,4,1,MONOTONIC_WRITES,normal,netem delay 25ms 25ms,ALL,5,cassandra2,cassandra2,5,False,True,
70,4,2,MONOTONIC_WRITES,normal,netem delay 25ms 25ms,ALL,5,cassandra2,cassandra1,5,False,True,
70,4,3,MONOTONIC_WRITES,normal,netem delay 25ms 25ms,ALL,5,cassandra2,cassandra1,5,False,True,
70,5,1,MONOTONIC_WRITES,normal,netem delay 25ms 25ms,ALL,6,cassandra1,cassandra1,6,False,True,
70,5,2,MONOTONIC_WRITES,normal,netem delay 25ms 25ms,ALL,6,cassandra1,cassandra3,6,False,True,
70,5,3,MONOTONIC_WRITES,normal,netem delay 25ms 25ms,ALL,6,cassandra1,cassandra2,6,False,True,
71,1,1,MONOTONIC_WRITES,normal,netem delay 25ms 25ms,ALL,2,cassandra3,cassandra2,2,False,True,
71,1,2,MONOTONIC_WRITES,normal,netem delay 25ms 25ms,ALL,2,cassandra3,cassandra2,2,False,True,
71,1,3,MONOTONIC_WRITES,normal,netem delay 25ms 25ms,ALL,2,cassandra3,cassandra3,2,False,True,
71,2,1,MONOTONIC_WRITES,normal,netem delay 25ms 25ms,ALL,3,cassandra2,cassandra3,3,False,True,
71,2,2,MONOTONIC_WRITES,normal,netem delay 25ms 25ms,ALL,3,cassandra2,cassandra3,3,False,True,
71,2,3,MONOTONIC_WRITES,normal,netem delay 25ms 25ms,ALL,3,cassandra2,cassandra1,3,False,True,
71,3,1,MONOTONIC_WRITES,normal,netem delay 25ms 25ms,ALL,4,cassandra3,cassandra3,4,False,True,
71,3,2,MONOTONIC_WRITES,normal,netem delay 25ms 25ms,ALL,4,cassandra3,cassandra2,4,False,True,
71,3,3,MONOTONIC_WRITES,normal,netem delay 25ms 25ms,ALL,4,cassandra3,cassandra3,4,False,True,
71,4,1,MONOTONIC_WRITES,normal,netem delay 25ms 25ms,ALL,5,cassandra1,cassandra1,5,False,True,
71,4,2,MONOTONIC_WRITES,normal,netem delay 25ms 25ms,ALL,5,cassandra1,cassandra1,5,False,True,
71,4,3,MONOTONIC_WRITES,normal,netem delay 25ms 25ms,ALL,5,cassandra1,cassandra1,5,False,True,
71,5,1,MONOTONIC_WRITES,normal,netem delay 25ms 25ms,ALL,6,cassandra3,cassandra1,6,False,True,
71,5,2,MONOTONIC_WRITES,normal,netem delay 25ms 25ms,ALL,6,cassandra3,cassandra3,6,False,True,
71,5,3,MONOTONIC_WRITES,normal,netem delay 25ms 25ms,ALL,6,cassandra3,cassandra2,6,False,True,
72,1,1,MONOTONIC_WRITES,normal,netem delay 25ms 25ms,ALL,2,cassandra3,cassandra1,2,False,True,
72,1,2,MONOTONIC_WRITES,normal,netem delay 25ms 25ms,ALL,2,cassandra3,cassandra3,2,False,True,
72,1,3,MONOTONIC_WRITES,normal,netem delay 25ms 25ms,ALL,2,cassandra3,cassandra2,2,False,True,
72,2,1,MONOTONIC_WRITES,normal,netem delay 25ms 25ms,ALL,3,cassandra1,cassandra2,3,False,True,
72,2,2,MONOTONIC_WRITES,normal,netem delay 25ms 25ms,ALL,3,cassandra1,cassandra3,3,False,True,
72,2,3,MONOTONIC_WRITES,normal,netem delay 25ms 25ms,ALL,3,cassandra1,cassandra3,3,False,True,
72,3,1,MONOTONIC_WRITES,normal,netem delay 25ms 25ms,ALL,4,cassandra3,cassandra3,4,False,True,
72,3,2,MONOTONIC_WRITES,normal,netem delay 25ms 25ms,ALL,4,cassandra3,cassandra3,4,False,True,
72,3,3,MONOTONIC_WRITES,normal,netem delay 25ms 25ms,ALL,4,cassandra3,cassandra3,4,False,True,
72,4,1,MONOTONIC_WRITES,normal,netem delay 25ms 25ms,ALL,5,cassandra2,cassandra2,5,False,True,
72,4,2,MONOTONIC_WRITES,normal,netem delay 25ms 25ms,ALL,5,cassandra2,cassandra3,5,False,True,
72,4,3,MONOTONIC_WRITES,normal,netem delay 25ms 25ms,ALL,5,cassandra2,cassandra1,5,False,True,
72,5,1,MONOTONIC_WRITES,normal,netem delay 25ms 25ms,ALL,6,cassandra1,cassandra3,6,False,True,
72,5,2,MONOTONIC_WRITES,normal,netem delay 25ms 25ms,ALL,6,cassandra1,cassandra3,6,False,True,
72,5,3,MONOTONIC_WRITES,normal,netem delay 25ms 25ms,ALL,6,cassandra1,cassandra3,6,False,True,
73,1,1,MONOTONIC_WRITES,normal,netem delay 25ms 25ms,ALL,2,cassandra2,cassandra3,2,False,True,
73,1,2,MONOTONIC_WRITES,normal,netem delay 25ms 25ms,ALL,2,cassandra2,cassandra3,2,False,True,
73,1,3,MONOTONIC_WRITES,normal,netem delay 25ms 25ms,ALL,2,cassandra2,cassandra1,2,False,True,
73,2,1,MONOTONIC_WRITES,normal,netem delay 25ms 25ms,ALL,3,cassandra1,cassandra3,3,False,True,
73,2,2,MONOTONIC_WRITES,normal,netem delay 25ms 25ms,ALL,3,cassandra1,cassandra3,3,False,True,
73,2,3,MONOTONIC_WRITES,normal,netem delay 25ms 25ms,ALL,3,cassandra1,cassandra3,3,False,True,
73,3,1,MONOTONIC_WRITES,normal,netem delay 25ms 25ms,ALL,4,cassandra1,cassandra1,4,False,True,
73,3,2,MONOTONIC_WRITES,normal,netem delay 25ms 25ms,ALL,4,cassandra1,cassandra1,4,False,True,
73,3,3,MONOTONIC_WRITES,normal,netem delay 25ms 25ms,ALL,4,cassandra1,cassandra3,4,False,True,
73,4,1,MONOTONIC_WRITES,normal,netem delay 25ms 25ms,ALL,5,cassandra2,cassandra2,5,False,True,
73,4,2,MONOTONIC_WRITES,normal,netem delay 25ms 25ms,ALL,5,cassandra2,cassandra3,5,False,True,
73,4,3,MONOTONIC_WRITES,normal,netem delay 25ms 25ms,ALL,5,cassandra2,cassandra1,5,False,True,
73,5,1,MONOTONIC_WRITES,normal,netem delay 25ms 25ms,ALL,6,cassandra3,cassandra3,6,False,True,
73,5,2,MONOTONIC_WRITES,normal,netem delay 25ms 25ms,ALL,6,cassandra3,cassandra3,6,False,True,
73,5,3,MONOTONIC_WRITES,normal,netem delay 25ms 25ms,ALL,6,cassandra3,cassandra2,6,False,True,
74,1,1,MONOTONIC_WRITES,normal,netem delay 25ms 25ms,ALL,2,cassandra1,cassandra3,2,False,True,
74,1,2,MONOTONIC_WRITES,normal,netem delay 25ms 25ms,ALL,2,cassandra1,cassandra3,2,False,True,
74,1,3,MONOTONIC_WRITES,normal,netem delay 25ms 25ms,ALL,2,cassandra1,cassandra1,2,False,True,
74,2,1,MONOTONIC_WRITES,normal,netem delay 25ms 25ms,ALL,3,cassandra1,cassandra2,3,False,True,
74,2,2,MONOTONIC_WRITES,normal,netem delay 25ms 25ms,ALL,3,cassandra1,cassandra2,3,False,True,
74,2,3,MONOTONIC_WRITES,normal,netem delay 25ms 25ms,ALL,3,cassandra1,cassandra1,3,False,True,
74,3,1,MONOTONIC_WRITES,normal,netem delay 25ms 25ms,ALL,4,cassandra1,cassandra2,4,False,True,
74,3,2,MONOTONIC_WRITES,normal,netem delay 25ms 25ms,ALL,4,cassandra1,cassandra3,4,False,True,
74,3,3,MONOTONIC_WRITES,normal,netem delay 25ms 25ms,ALL,4,cassandra1,cassandra1,4,False,True,
74,4,1,MONOTONIC_WRITES,normal,netem delay 25ms 25ms,ALL,5,cassandra1,cassandra3,5,False,True,
74,4,2,MONOTONIC_WRITES,normal,netem delay 25ms 25ms,ALL,5,cassandra1,cassandra1,5,False,True,
74,4,3,MONOTONIC_WRITES,normal,netem delay 25ms 25ms,ALL,5,cassandra1,cassandra3,5,False,True,
74,5,1,MONOTONIC_WRITES,normal,netem delay 25ms 25ms,ALL,6,cassandra3,cassandra3,6,False,True,
74,5,2,MONOTONIC_WRITES,normal,netem delay 25ms 25ms,ALL,6,cassandra3,cassandra3,6,False,True,
74,5,3,MONOTONIC_WRITES,normal,netem delay 25ms 25ms,ALL,6,cassandra3,cassandra2,6,False,True,
75,1,1,MONOTONIC_WRITES,normal,netem delay 25ms 25ms,ALL,2,cassandra1,cassandra3,2,False,True,
75,1,2,MONOTONIC_WRITES,normal,netem delay 25ms 25ms,ALL,2,cassandra1,cassandra3,2,False,True,
75,1,3,MONOTONIC_WRITES,normal,netem delay 25ms 25ms,ALL,2,cassandra1,cassandra1,2,False,True,
75,2,1,MONOTONIC_WRITES,normal,netem delay 25ms 25ms,ALL,3,cassandra3,cassandra1,3,False,True,
75,2,2,MONOTONIC_WRITES,normal,netem delay 25ms 25ms,ALL,3,cassandra3,cassandra3,3,False,True,
75,2,3,MONOTONIC_WRITES,normal,netem delay 25ms 25ms,ALL,3,cassandra3,cassandra1,3,False,True,
75,3,1,MONOTONIC_WRITES,normal,netem delay 25ms 25ms,ALL,4,cassandra2,cassandra1,4,False,True,
75,3,2,MONOTONIC_WRITES,normal,netem delay 25ms 25ms,ALL,4,cassandra2,cassandra2,4,False,True,
75,3,3,MONOTONIC_WRITES,normal,netem delay 25ms 25ms,ALL,4,cassandra2,cassandra1,4,False,True,
75,4,1,MONOTONIC_WRITES,normal,netem delay 25ms 25ms,ALL,5,cassandra3,cassandra1,5,False,True,
75,4,2,MONOTONIC_WRITES,normal,netem delay 25ms 25ms,ALL,5,cassandra3,cassandra1,5,False,True,
75,4,3,MONOTONIC_WRITES,normal,netem delay 25ms 25ms,ALL,5,cassandra3,cassandra2,5,False,True,
75,5,1,MONOTONIC_WRITES,normal,netem delay 25ms 25ms,ALL,6,cassandra3,cassandra2,6,False,True,
75,5,2,MONOTONIC_WRITES,normal,netem delay 25ms 25ms,ALL,6,cassandra3,cassandra2,6,False,True,
75,5,3,MONOTONIC_WRITES,normal,netem delay 25ms 25ms,ALL,6,cassandra3,cassandra1,6,False,True,
76,1,1,MONOTONIC_WRITES,normal,netem delay 25ms 25ms,ALL,2,cassandra3,cassandra3,2,False,True,
76,1,2,MONOTONIC_WRITES,normal,netem delay 25ms 25ms,ALL,2,cassandra3,cassandra1,2,False,True,
76,1,3,MONOTONIC_WRITES,normal,netem delay 25ms 25ms,ALL,2,cassandra3,cassandra2,2,False,True,
76,2,1,MONOTONIC_WRITES,normal,netem delay 25ms 25ms,ALL,3,cassandra3,cassandra3,3,False,True,
76,2,2,MONOTONIC_WRITES,normal,netem delay 25ms 25ms,ALL,3,cassandra3,cassandra3,3,False,True,
76,2,3,MONOTONIC_WRITES,normal,netem delay 25ms 25ms,ALL,3,cassandra3,cassandra1,3,False,True,
76,3,1,MONOTONIC_WRITES,normal,netem delay 25ms 25ms,ALL,4,cassandra3,cassandra1,4,False,True,
76,3,2,MONOTONIC_WRITES,normal,netem delay 25ms 25ms,ALL,4,cassandra3,cassandra3,4,False,True,
76,3,3,MONOTONIC_WRITES,normal,netem delay 25ms 25ms,ALL,4,cassandra3,cassandra1,4,False,True,
76,4,1,MONOTONIC_WRITES,normal,netem delay 25ms 25ms,ALL,5,cassandra2,cassandra2,5,False,True,
76,4,2,MONOTONIC_WRITES,normal,netem delay 25ms 25ms,ALL,5,cassandra2,cassandra3,5,False,True,
76,4,3,MONOTONIC_WRITES,normal,netem delay 25ms 25ms,ALL,5,cassandra2,cassandra2,5,False,True,
76,5,1,MONOTONIC_WRITES,normal,netem delay 25ms 25ms,ALL,6,cassandra2,cassandra3,6,False,True,
76,5,2,MONOTONIC_WRITES,normal,netem delay 25ms 25ms,ALL,6,cassandra2,cassandra1,6,False,True,
76,5,3,MONOTONIC_WRITES,normal,netem delay 25ms 25ms,ALL,6,cassandra2,cassandra2,6,False,True,
77,1,1,MONOTONIC_WRITES,normal,netem delay 25ms 25ms,ALL,2,cassandra2,cassandra3,2,False,True,
77,1,2,MONOTONIC_WRITES,normal,netem delay 25ms 25ms,ALL,2,cassandra2,cassandra2,2,False,True,
77,1,3,MONOTONIC_WRITES,normal,netem delay 25ms 25ms,ALL,2,cassandra2,cassandra2,2,False,True,
77,2,1,MONOTONIC_WRITES,normal,netem delay 25ms 25ms,ALL,3,cassandra1,cassandra1,3,False,True,
77,2,2,MONOTONIC_WRITES,normal,netem delay 25ms 25ms,ALL,3,cassandra1,cassandra2,3,False,True,
77,2,3,MONOTONIC_WRITES,normal,netem delay 25ms 25ms,ALL,3,cassandra1,cassandra2,3,False,True,
77,3,1,MONOTONIC_WRITES,normal,netem delay 25ms 25ms,ALL,4,cassandra2,cassandra3,4,False,True,
77,3,2,MONOTONIC_WRITES,normal,netem delay 25ms 25ms,ALL,4,cassandra2,cassandra1,4,False,True,
77,3,3,MONOTONIC_WRITES,normal,netem delay 25ms 25ms,ALL,4,cassandra2,cassandra1,4,False,True,
77,4,1,MONOTONIC_WRITES,normal,netem delay 25ms 25ms,ALL,5,cassandra2,cassandra2,5,False,True,
77,4,2,MONOTONIC_WRITES,normal,netem delay 25ms 25ms,ALL,5,cassandra2,cassandra2,5,False,True,
77,4,3,MONOTONIC_WRITES,normal,netem delay 25ms 25ms,ALL,5,cassandra2,cassandra1,5,False,True,
77,5,1,MONOTONIC_WRITES,normal,netem delay 25ms 25ms,ALL,6,cassandra1,cassandra2,6,False,True,
77,5,2,MONOTONIC_WRITES,normal,netem delay 25ms 25ms,ALL,6,cassandra1,cassandra2,6,False,True,
77,5,3,MONOTONIC_WRITES,normal,netem delay 25ms 25ms,ALL,6,cassandra1,cassandra3,6,False,True,
78,1,1,MONOTONIC_WRITES,normal,netem delay 25ms 25ms,ALL,2,cassandra1,cassandra3,2,False,True,
78,1,2,MONOTONIC_WRITES,normal,netem delay 25ms 25ms,ALL,2,cassandra1,cassandra2,2,False,True,
78,1,3,MONOTONIC_WRITES,normal,netem delay 25ms 25ms,ALL,2,cassandra1,cassandra1,2,False,True,
78,2,1,MONOTONIC_WRITES,normal,netem delay 25ms 25ms,ALL,3,cassandra3,cassandra2,3,False,True,
78,2,2,MONOTONIC_WRITES,normal,netem delay 25ms 25ms,ALL,3,cassandra3,cassandra1,3,False,True,
78,2,3,MONOTONIC_WRITES,normal,netem delay 25ms 25ms,ALL,3,cassandra3,cassandra2,3,False,True,
78,3,1,MONOTONIC_WRITES,normal,netem delay 25ms 25ms,ALL,4,cassandra1,cassandra3,4,False,True,
78,3,2,MONOTONIC_WRITES,normal,netem delay 25ms 25ms,ALL,4,cassandra1,cassandra3,4,False,True,
78,3,3,MONOTONIC_WRITES,normal,netem delay 25ms 25ms,ALL,4,cassandra1,cassandra1,4,False,True,
78,4,1,MONOTONIC_WRITES,normal,netem delay 25ms 25ms,ALL,5,cassandra1,cassandra1,5,False,True,
78,4,2,MONOTONIC_WRITES,normal,netem delay 25ms 25ms,ALL,5,cassandra1,cassandra1,5,False,True,
78,4,3,MONOTONIC_WRITES,normal,netem delay 25ms 25ms,ALL,5,cassandra1,cassandra1,5,False,True,
78,5,1,MONOTONIC_WRITES,normal,netem delay 25ms 25ms,ALL,6,cassandra3,cassandra2,6,False,True,
78,5,2,MONOTONIC_WRITES,normal,netem delay 25ms 25ms,ALL,6,cassandra3,cassandra3,6,False,True,
78,5,3,MONOTONIC_WRITES,normal,netem delay 25ms 25ms,ALL,6,cassandra3,cassandra1,6,False,True,
79,1,1,MONOTONIC_WRITES,normal,netem delay 25ms 25ms,ALL,2,cassandra3,cassandra2,2,False,True,
79,1,2,MONOTONIC_WRITES,normal,netem delay 25ms 25ms,ALL,2,cassandra3,cassandra3,2,False,True,
79,1,3,MONOTONIC_WRITES,normal,netem delay 25ms 25ms,ALL,2,cassandra3,cassandra3,2,False,True,
79,2,1,MONOTONIC_WRITES,normal,netem delay 25ms 25ms,ALL,3,cassandra2,cassandra1,3,False,True,
79,2,2,MONOTONIC_WRITES,normal,netem delay 25ms 25ms,ALL,3,cassandra2,cassandra2,3,False,True,
79,2,3,MONOTONIC_WRITES,normal,netem delay 25ms 25ms,ALL,3,cassandra2,cassandra1,3,False,True,
79,3,1,MONOTONIC_WRITES,normal,netem delay 25ms 25ms,ALL,4,cassandra1,cassandra1,4,False,True,
79,3,2,MONOTONIC_WRITES,normal,netem delay 25ms 25ms,ALL,4,cassandra1,cassandra3,4,False,True,
79,3,3,MONOTONIC_WRITES,normal,netem delay 25ms 25ms,ALL,4,cassandra1,cassandra2,4,False,True,
79,4,1,MONOTONIC_WRITES,normal,netem delay 25ms 25ms,ALL,5,cassandra3,cassandra1,5,False,True,
79,4,2,MONOTONIC_WRITES,normal,netem delay 25ms 25ms,ALL,5,cassandra3,cassandra1,5,False,True,
79,4,3,MONOTONIC_WRITES,normal,netem delay 25ms 25ms,ALL,5,cassandra3,cassandra1,5,False,True,
79,5,1,MONOTONIC_WRITES,normal,netem delay 25ms 25ms,ALL,6,cassandra3,cassandra2,6,False,True,
79,5,2,MONOTONIC_WRITES,normal,netem delay 25ms 25ms,ALL,6,cassandra3,cassandra3,6,False,True,
79,5,3,MONOTONIC_WRITES,normal,netem delay 25ms 25ms,ALL,6,cassandra3,cassandra2,6,False,True,
80,1,1,MONOTONIC_WRITES,normal,netem delay 25ms 25ms,ALL,2,cassandra3,cassandra2,2,False,True,
80,1,2,MONOTONIC_WRITES,normal,netem delay 25ms 25ms,ALL,2,cassandra3,cassandra3,2,False,True,
80,1,3,MONOTONIC_WRITES,normal,netem delay 25ms 25ms,ALL,2,cassandra3,cassandra1,2,False,True,
80,2,1,MONOTONIC_WRITES,normal,netem delay 25ms 25ms,ALL,3,cassandra3,cassandra1,3,False,True,
80,2,2,MONOTONIC_WRITES,normal,netem delay 25ms 25ms,ALL,3,cassandra3,cassandra3,3,False,True,
80,2,3,MONOTONIC_WRITES,normal,netem delay 25ms 25ms,ALL,3,cassandra3,cassandra3,3,False,True,
80,3,1,MONOTONIC_WRITES,normal,netem delay 25ms 25ms,ALL,4,cassandra2,cassandra1,4,False,True,
80,3,2,MONOTONIC_WRITES,normal,netem delay 25ms 25ms,ALL,4,cassandra2,cassandra2,4,False,True,
80,3,3,MONOTONIC_WRITES,normal,netem delay 25ms 25ms,ALL,4,cassandra2,cassandra1,4,False,True,
80,4,1,MONOTONIC_WRITES,normal,netem delay 25ms 25ms,ALL,5,cassandra1,cassandra3,5,False,True,
80,4,2,MONOTONIC_WRITES,normal,netem delay 25ms 25ms,ALL,5,cassandra1,cassandra3,5,False,True,
80,4,3,MONOTONIC_WRITES,normal,netem delay 25ms 25ms,ALL,5,cassandra1,cassandra2,5,False,True,
80,5,1,MONOTONIC_WRITES,normal,netem delay 25ms 25ms,ALL,6,cassandra3,cassandra1,6,False,True,
80,5,2,MONOTONIC_WRITES,normal,netem delay 25ms 25ms,ALL,6,cassandra3,cassandra1,6,False,True,
80,5,3,MONOTONIC_WRITES,normal,netem delay 25ms 25ms,ALL,6,cassandra3,cassandra1,6,False,True,
81,1,1,MONOTONIC_WRITES,normal,netem delay 25ms 25ms,ALL,2,cassandra3,cassandra2,2,False,True,
81,1,2,MONOTONIC_WRITES,normal,netem delay 25ms 25ms,ALL,2,cassandra3,cassandra3,2,False,True,
81,1,3,MONOTONIC_WRITES,normal,netem delay 25ms 25ms,ALL,2,cassandra3,cassandra2,2,False,True,
81,2,1,MONOTONIC_WRITES,normal,netem delay 25ms 25ms,ALL,3,cassandra1,cassandra1,3,False,True,
81,2,2,MONOTONIC_WRITES,normal,netem delay 25ms 25ms,ALL,3,cassandra1,cassandra2,3,False,True,
81,2,3,MONOTONIC_WRITES,normal,netem delay 25ms 25ms,ALL,3,cassandra1,cassandra1,3,False,True,
81,3,1,MONOTONIC_WRITES,normal,netem delay 25ms 25ms,ALL,4,cassandra1,cassandra1,4,False,True,
81,3,2,MONOTONIC_WRITES,normal,netem delay 25ms 25ms,ALL,4,cassandra1,cassandra1,4,False,True,
81,3,3,MONOTONIC_WRITES,normal,netem delay 25ms 25ms,ALL,4,cassandra1,cassandra1,4,False,True,
81,4,1,MONOTONIC_WRITES,normal,netem delay 25ms 25ms,ALL,5,cassandra2,cassandra2,5,False,True,
81,4,2,MONOTONIC_WRITES,normal,netem delay 25ms 25ms,ALL,5,cassandra2,cassandra3,5,False,True,
81,4,3,MONOTONIC_WRITES,normal,netem delay 25ms 25ms,ALL,5,cassandra2,cassandra2,5,False,True,
81,5,1,MONOTONIC_WRITES,normal,netem delay 25ms 25ms,ALL,6,cassandra2,cassandra1,6,False,True,
81,5,2,MONOTONIC_WRITES,normal,netem delay 25ms 25ms,ALL,6,cassandra2,cassandra2,6,False,True,
81,5,3,MONOTONIC_WRITES,normal,netem delay 25ms 25ms,ALL,6,cassandra2,cassandra3,6,False,True,
82,1,1,MONOTONIC_WRITES,normal,netem delay 25ms 25ms,ALL,2,cassandra2,cassandra2,2,False,True,
82,1,2,MONOTONIC_WRITES,normal,netem delay 25ms 25ms,ALL,2,cassandra2,cassandra3,2,False,True,
82,1,3,MONOTONIC_WRITES,normal,netem delay 25ms 25ms,ALL,2,cassandra2,cassandra3,2,False,True,
82,2,1,MONOTONIC_WRITES,normal,netem delay 25ms 25ms,ALL,3,cassandra2,cassandra2,3,False,True,
82,2,2,MONOTONIC_WRITES,normal,netem delay 25ms 25ms,ALL,3,cassandra2,cassandra1,3,False,True,
82,2,3,MONOTONIC_WRITES,normal,netem delay 25ms 25ms,ALL,3,cassandra2,cassandra1,3,False,True,
82,3,1,MONOTONIC_WRITES,normal,netem delay 25ms 25ms,ALL,4,cassandra2,cassandra2,4,False,True,
82,3,2,MONOTONIC_WRITES,normal,netem delay 25ms 25ms,ALL,4,cassandra2,cassandra1,4,False,True,
82,3,3,MONOTONIC_WRITES,normal,netem delay 25ms 25ms,ALL,4,cassandra2,cassandra3,4,False,True,
82,4,1,MONOTONIC_WRITES,normal,netem delay 25ms 25ms,ALL,5,cassandra1,cassandra2,5,False,True,
82,4,2,MONOTONIC_WRITES,normal,netem delay 25ms 25ms,ALL,5,cassandra1,cassandra1,5,False,True,
82,4,3,MONOTONIC_WRITES,normal,netem delay 25ms 25ms,ALL,5,cassandra1,cassandra3,5,False,True,
82,5,1,MONOTONIC_WRITES,normal,netem delay 25ms 25ms,ALL,6,cassandra1,cassandra2,6,False,True,
82,5,2,MONOTONIC_WRITES,normal,netem delay 25ms 25ms,ALL,6,cassandra1,cassandra3,6,False,True,
82,5,3,MONOTONIC_WRITES,normal,netem delay 25ms 25ms,ALL,6,cassandra1,cassandra3,6,False,True,
83,1,1,MONOTONIC_WRITES,normal,netem delay 25ms 25ms,ALL,2,cassandra1,cassandra3,2,False,True,
83,1,2,MONOTONIC_WRITES,normal,netem delay 25ms 25ms,ALL,2,cassandra1,cassandra1,2,False,True,
83,1,3,MONOTONIC_WRITES,normal,netem delay 25ms 25ms,ALL,2,cassandra1,cassandra1,2,False,True,
83,2,1,MONOTONIC_WRITES,normal,netem delay 25ms 25ms,ALL,3,cassandra3,cassandra3,3,False,True,
83,2,2,MONOTONIC_WRITES,normal,netem delay 25ms 25ms,ALL,3,cassandra3,cassandra2,3,False,True,
83,2,3,MONOTONIC_WRITES,normal,netem delay 25ms 25ms,ALL,3,cassandra3,cassandra3,3,False,True,
83,3,1,MONOTONIC_WRITES,normal,netem delay 25ms 25ms,ALL,4,cassandra2,cassandra1,4,False,True,
83,3,2,MONOTONIC_WRITES,normal,netem delay 25ms 25ms,ALL,4,cassandra2,cassandra3,4,False,True,
83,3,3,MONOTONIC_WRITES,normal,netem delay 25ms 25ms,ALL,4,cassandra2,cassandra1,4,False,True,
83,4,1,MONOTONIC_WRITES,normal,netem delay 25ms 25ms,ALL,5,cassandra1,cassandra2,5,False,True,
83,4,2,MONOTONIC_WRITES,normal,netem delay 25ms 25ms,ALL,5,cassandra1,cassandra1,5,False,True,
83,4,3,MONOTONIC_WRITES,normal,netem delay 25ms 25ms,ALL,5,cassandra1,cassandra2,5,False,True,
83,5,1,MONOTONIC_WRITES,normal,netem delay 25ms 25ms,ALL,6,cassandra1,cassandra2,6,False,True,
83,5,2,MONOTONIC_WRITES,normal,netem delay 25ms 25ms,ALL,6,cassandra1,cassandra1,6,False,True,
83,5,3,MONOTONIC_WRITES,normal,netem delay 25ms 25ms,ALL,6,cassandra1,cassandra2,6,False,True,
84,1,1,MONOTONIC_WRITES,normal,netem delay 25ms 25ms,ALL,2,cassandra3,cassandra1,2,False,True,
84,1,2,MONOTONIC_WRITES,normal,netem delay 25ms 25ms,ALL,2,cassandra3,cassandra1,2,False,True,
84,1,3,MONOTONIC_WRITES,normal,netem delay 25ms 25ms,ALL,2,cassandra3,cassandra1,2,False,True,
84,2,1,MONOTONIC_WRITES,normal,netem delay 25ms 25ms,ALL,3,cassandra1,cassandra3,3,False,True,
84,2,2,MONOTONIC_WRITES,normal,netem delay 25ms 25ms,ALL,3,cassandra1,cassandra1,3,False,True,
84,2,3,MONOTONIC_WRITES,normal,netem delay 25ms 25ms,ALL,3,cassandra1,cassandra2,3,False,True,
84,3,1,MONOTONIC_WRITES,normal,netem delay 25ms 25ms,ALL,4,cassandra3,cassandra3,4,False,True,
84,3,2,MONOTONIC_WRITES,normal,netem delay 25ms 25ms,ALL,4,cassandra3,cassandra3,4,False,True,
84,3,3,MONOTONIC_WRITES,normal,netem delay 25ms 25ms,ALL,4,cassandra3,cassandra1,4,False,True,
84,4,1,MONOTONIC_WRITES,normal,netem delay 25ms 25ms,ALL,5,cassandra1,cassandra2,5,False,True,
84,4,2,MONOTONIC_WRITES,normal,netem delay 25ms 25ms,ALL,5,cassandra1,cassandra1,5,False,True,
84,4,3,MONOTONIC_WRITES,normal,netem delay 25ms 25ms,ALL,5,cassandra1,cassandra2,5,False,True,
84,5,1,MONOTONIC_WRITES,normal,netem delay 25ms 25ms,ALL,6,cassandra1,cassandra2,6,False,True,
84,5,2,MONOTONIC_WRITES,normal,netem delay 25ms 25ms,ALL,6,cassandra1,cassandra1,6,False,True,
84,5,3,MONOTONIC_WRITES,normal,netem delay 25ms 25ms,ALL,6,cassandra1,cassandra3,6,False,True,
85,1,1,MONOTONIC_WRITES,normal,netem delay 25ms 25ms,ALL,2,cassandra1,cassandra3,2,False,True,
85,1,2,MONOTONIC_WRITES,normal,netem delay 25ms 25ms,ALL,2,cassandra1,cassandra2,2,False,True,
85,1,3,MONOTONIC_WRITES,normal,netem delay 25ms 25ms,ALL,2,cassandra1,cassandra2,2,False,True,
85,2,1,MONOTONIC_WRITES,normal,netem delay 25ms 25ms,ALL,3,cassandra2,cassandra2,3,False,True,
85,2,2,MONOTONIC_WRITES,normal,netem delay 25ms 25ms,ALL,3,cassandra2,cassandra2,3,False,True,
85,2,3,MONOTONIC_WRITES,normal,netem delay 25ms 25ms,ALL,3,cassandra2,cassandra3,3,False,True,
85,3,1,MONOTONIC_WRITES,normal,netem delay 25ms 25ms,ALL,4,cassandra2,cassandra1,4,False,True,
85,3,2,MONOTONIC_WRITES,normal,netem delay 25ms 25ms,ALL,4,cassandra2,cassandra3,4,False,True,
85,3,3,MONOTONIC_WRITES,normal,netem delay 25ms 25ms,ALL,4,cassandra2,cassandra2,4,False,True,
85,4,1,MONOTONIC_WRITES,normal,netem delay 25ms 25ms,ALL,5,cassandra3,cassandra1,5,False,True,
85,4,2,MONOTONIC_WRITES,normal,netem delay 25ms 25ms,ALL,5,cassandra3,cassandra2,5,False,True,
85,4,3,MONOTONIC_WRITES,normal,netem delay 25ms 25ms,ALL,5,cassandra3,cassandra1,5,False,True,
85,5,1,MONOTONIC_WRITES,normal,netem delay 25ms 25ms,ALL,6,cassandra2,cassandra1,6,False,True,
85,5,2,MONOTONIC_WRITES,normal,netem delay 25ms 25ms,ALL,6,cassandra2,cassandra2,6,False,True,
85,5,3,MONOTONIC_WRITES,normal,netem delay 25ms 25ms,ALL,6,cassandra2,cassandra1,6,False,True,
86,1,1,MONOTONIC_WRITES,normal,netem delay 25ms 25ms,ALL,2,cassandra2,cassandra2,2,False,True,
86,1,2,MONOTONIC_WRITES,normal,netem delay 25ms 25ms,ALL,2,cassandra2,cassandra3,2,False,True,
86,1,3,MONOTONIC_WRITES,normal,netem delay 25ms 25ms,ALL,2,cassandra2,cassandra2,2,False,True,
86,2,1,MONOTONIC_WRITES,normal,netem delay 25ms 25ms,ALL,3,cassandra2,cassandra1,3,False,True,
86,2,2,MONOTONIC_WRITES,normal,netem delay 25ms 25ms,ALL,3,cassandra2,cassandra3,3,False,True,
86,2,3,MONOTONIC_WRITES,normal,netem delay 25ms 25ms,ALL,3,cassandra2,cassandra2,3,False,True,
86,3,1,MONOTONIC_WRITES,normal,netem delay 25ms 25ms,ALL,4,cassandra2,cassandra2,4,False,True,
86,3,2,MONOTONIC_WRITES,normal,netem delay 25ms 25ms,ALL,4,cassandra2,cassandra1,4,False,True,
86,3,3,MONOTONIC_WRITES,normal,netem delay 25ms 25ms,ALL,4,cassandra2,cassandra1,4,False,True,
86,4,1,MONOTONIC_WRITES,normal,netem delay 25ms 25ms,ALL,5,cassandra2,cassandra1,5,False,True,
86,4,2,MONOTONIC_WRITES,normal,netem delay 25ms 25ms,ALL,5,cassandra2,cassandra1,5,False,True,
86,4,3,MONOTONIC_WRITES,normal,netem delay 25ms 25ms,ALL,5,cassandra2,cassandra1,5,False,True,
86,5,1,MONOTONIC_WRITES,normal,netem delay 25ms 25ms,ALL,6,cassandra2,cassandra1,6,False,True,
86,5,2,MONOTONIC_WRITES,normal,netem delay 25ms 25ms,ALL,6,cassandra2,cassandra3,6,False,True,
86,5,3,MONOTONIC_WRITES,normal,netem delay 25ms 25ms,ALL,6,cassandra2,cassandra2,6,False,True,
87,1,1,MONOTONIC_WRITES,normal,netem delay 25ms 25ms,ALL,2,cassandra3,cassandra3,2,False,True,
87,1,2,MONOTONIC_WRITES,normal,netem delay 25ms 25ms,ALL,2,cassandra3,cassandra2,2,False,True,
87,1,3,MONOTONIC_WRITES,normal,netem delay 25ms 25ms,ALL,2,cassandra3,cassandra3,2,False,True,
87,2,1,MONOTONIC_WRITES,normal,netem delay 25ms 25ms,ALL,3,cassandra2,cassandra2,3,False,True,
87,2,2,MONOTONIC_WRITES,normal,netem delay 25ms 25ms,ALL,3,cassandra2,cassandra1,3,False,True,
87,2,3,MONOTONIC_WRITES,normal,netem delay 25ms 25ms,ALL,3,cassandra2,cassandra3,3,False,True,
87,3,1,MONOTONIC_WRITES,normal,netem delay 25ms 25ms,ALL,4,cassandra1,cassandra3,4,False,True,
87,3,2,MONOTONIC_WRITES,normal,netem delay 25ms 25ms,ALL,4,cassandra1,cassandra2,4,False,True,
87,3,3,MONOTONIC_WRITES,normal,netem delay 25ms 25ms,ALL,4,cassandra1,cassandra2,4,False,True,
87,4,1,MONOTONIC_WRITES,normal,netem delay 25ms 25ms,ALL,5,cassandra2,cassandra1,5,False,True,
87,4,2,MONOTONIC_WRITES,normal,netem delay 25ms 25ms,ALL,5,cassandra2,cassandra3,5,False,True,
87,4,3,MONOTONIC_WRITES,normal,netem delay 25ms 25ms,ALL,5,cassandra2,cassandra1,5,False,True,
87,5,1,MONOTONIC_WRITES,normal,netem delay 25ms 25ms,ALL,6,cassandra2,cassandra1,6,False,True,
87,5,2,MONOTONIC_WRITES,normal,netem delay 25ms 25ms,ALL,6,cassandra2,cassandra2,6,False,True,
87,5,3,MONOTONIC_WRITES,normal,netem delay 25ms 25ms,ALL,6,cassandra2,cassandra3,6,False,True,
88,1,1,MONOTONIC_WRITES,normal,netem delay 25ms 25ms,ALL,2,cassandra3,cassandra2,2,False,True,
88,1,2,MONOTONIC_WRITES,normal,netem delay 25ms 25ms,ALL,2,cassandra3,cassandra3,2,False,True,
88,1,3,MONOTONIC_WRITES,normal,netem delay 25ms 25ms,ALL,2,cassandra3,cassandra1,2,False,True,
88,2,1,MONOTONIC_WRITES,normal,netem delay 25ms 25ms,ALL,3,cassandra1,cassandra3,3,False,True,
88,2,2,MONOTONIC_WRITES,normal,netem delay 25ms 25ms,ALL,3,cassandra1,cassandra2,3,False,True,
88,2,3,MONOTONIC_WRITES,normal,netem delay 25ms 25ms,ALL,3,cassandra1,cassandra1,3,False,True,
88,3,1,MONOTONIC_WRITES,normal,netem delay 25ms 25ms,ALL,4,cassandra2,cassandra3,4,False,True,
88,3,2,MONOTONIC_WRITES,normal,netem delay 25ms 25ms,ALL,4,cassandra2,cassandra2,4,False,True,
88,3,3,MONOTONIC_WRITES,normal,netem delay 25ms 25ms,ALL,4,cassandra2,cassandra1,4,False,True,
88,4,1,MONOTONIC_WRITES,normal,netem delay 25ms 25ms,ALL,5,cassandra3,cassandra2,5,False,True,
88,4,2,MONOTONIC_WRITES,normal,netem delay 25ms 25ms,ALL,5,cassandra3,cassandra1,5,False,True,
88,4,3,MONOTONIC_WRITES,normal,netem delay 25ms 25ms,ALL,5,cassandra3,cassandra3,5,False,True,
88,5,1,MONOTONIC_WRITES,normal,netem delay 25ms 25ms,ALL,6,cassandra1,cassandra2,6,False,True,
88,5,2,MONOTONIC_WRITES,normal,netem delay 25ms 25ms,ALL,6,cassandra1,cassandra2,6,False,True,
88,5,3,MONOTONIC_WRITES,normal,netem delay 25ms 25ms,ALL,6,cassandra1,cassandra2,6,False,True,
89,1,1,MONOTONIC_WRITES,normal,netem delay 25ms 25ms,ALL,2,cassandra3,cassandra2,2,False,True,
89,1,2,MONOTONIC_WRITES,normal,netem delay 25ms 25ms,ALL,2,cassandra3,cassandra2,2,False,True,
89,1,3,MONOTONIC_WRITES,normal,netem delay 25ms 25ms,ALL,2,cassandra3,cassandra3,2,False,True,
89,2,1,MONOTONIC_WRITES,normal,netem delay 25ms 25ms,ALL,3,cassandra2,cassandra3,3,False,True,
89,2,2,MONOTONIC_WRITES,normal,netem delay 25ms 25ms,ALL,3,cassandra2,cassandra3,3,False,True,
89,2,3,MONOTONIC_WRITES,normal,netem delay 25ms 25ms,ALL,3,cassandra2,cassandra3,3,False,True,
89,3,1,MONOTONIC_WRITES,normal,netem delay 25ms 25ms,ALL,4,cassandra1,cassandra2,4,False,True,
89,3,2,MONOTONIC_WRITES,normal,netem delay 25ms 25ms,ALL,4,cassandra1,cassandra3,4,False,True,
89,3,3,MONOTONIC_WRITES,normal,netem delay 25ms 25ms,ALL,4,cassandra1,cassandra3,4,False,True,
89,4,1,MONOTONIC_WRITES,normal,netem delay 25ms 25ms,ALL,5,cassandra3,cassandra1,5,False,True,
89,4,2,MONOTONIC_WRITES,normal,netem delay 25ms 25ms,ALL,5,cassandra3,cassandra1,5,False,True,
89,4,3,MONOTONIC_WRITES,normal,netem delay 25ms 25ms,ALL,5,cassandra3,cassandra3,5,False,True,
89,5,1,MONOTONIC_WRITES,normal,netem delay 25ms 25ms,ALL,6,cassandra2,cassandra2,6,False,True,
89,5,2,MONOTONIC_WRITES,normal,netem delay 25ms 25ms,ALL,6,cassandra2,cassandra2,6,False,True,
89,5,3,MONOTONIC_WRITES,normal,netem delay 25ms 25ms,ALL,6,cassandra2,cassandra2,6,False,True,
90,1,1,MONOTONIC_WRITES,normal,netem delay 25ms 25ms,ALL,2,cassandra3,cassandra3,2,False,True,
90,1,2,MONOTONIC_WRITES,normal,netem delay 25ms 25ms,ALL,2,cassandra3,cassandra2,2,False,True,
90,1,3,MONOTONIC_WRITES,normal,netem delay 25ms 25ms,ALL,2,cassandra3,cassandra3,2,False,True,
90,2,1,MONOTONIC_WRITES,normal,netem delay 25ms 25ms,ALL,3,cassandra3,cassandra3,3,False,True,
90,2,2,MONOTONIC_WRITES,normal,netem delay 25ms 25ms,ALL,3,cassandra3,cassandra1,3,False,True,
90,2,3,MONOTONIC_WRITES,normal,netem delay 25ms 25ms,ALL,3,cassandra3,cassandra2,3,False,True,
90,3,1,MONOTONIC_WRITES,normal,netem delay 25ms 25ms,ALL,4,cassandra2,cassandra1,4,False,True,
90,3,2,MONOTONIC_WRITES,normal,netem delay 25ms 25ms,ALL,4,cassandra2,cassandra3,4,False,True,
90,3,3,MONOTONIC_WRITES,normal,netem delay 25ms 25ms,ALL,4,cassandra2,cassandra1,4,False,True,
90,4,1,MONOTONIC_WRITES,normal,netem delay 25ms 25ms,ALL,5,cassandra2,cassandra1,5,False,True,
90,4,2,MONOTONIC_WRITES,normal,netem delay 25ms 25ms,ALL,5,cassandra2,cassandra2,5,False,True,
90,4,3,MONOTONIC_WRITES,normal,netem delay 25ms 25ms,ALL,5,cassandra2,cassandra2,5,False,True,
90,5,1,MONOTONIC_WRITES,normal,netem delay 25ms 25ms,ALL,6,cassandra3,cassandra2,6,False,True,
90,5,2,MONOTONIC_WRITES,normal,netem delay 25ms 25ms,ALL,6,cassandra3,cassandra1,6,False,True,
90,5,3,MONOTONIC_WRITES,normal,netem delay 25ms 25ms,ALL,6,cassandra3,cassandra1,6,False,True,
91,1,1,MONOTONIC_WRITES,normal,netem delay 25ms 25ms,ALL,2,cassandra2,cassandra2,2,False,True,
91,1,2,MONOTONIC_WRITES,normal,netem delay 25ms 25ms,ALL,2,cassandra2,cassandra1,2,False,True,
91,1,3,MONOTONIC_WRITES,normal,netem delay 25ms 25ms,ALL,2,cassandra2,cassandra3,2,False,True,
91,2,1,MONOTONIC_WRITES,normal,netem delay 25ms 25ms,ALL,3,cassandra2,cassandra1,3,False,True,
91,2,2,MONOTONIC_WRITES,normal,netem delay 25ms 25ms,ALL,3,cassandra2,cassandra2,3,False,True,
91,2,3,MONOTONIC_WRITES,normal,netem delay 25ms 25ms,ALL,3,cassandra2,cassandra3,3,False,True,
91,3,1,MONOTONIC_WRITES,normal,netem delay 25ms 25ms,ALL,4,cassandra3,cassandra2,4,False,True,
91,3,2,MONOTONIC_WRITES,normal,netem delay 25ms 25ms,ALL,4,cassandra3,cassandra1,4,False,True,
91,3,3,MONOTONIC_WRITES,normal,netem delay 25ms 25ms,ALL,4,cassandra3,cassandra3,4,False,True,
91,4,1,MONOTONIC_WRITES,normal,netem delay 25ms 25ms,ALL,5,cassandra1,cassandra2,5,False,True,
91,4,2,MONOTONIC_WRITES,normal,netem delay 25ms 25ms,ALL,5,cassandra1,cassandra2,5,False,True,
91,4,3,MONOTONIC_WRITES,normal,netem delay 25ms 25ms,ALL,5,cassandra1,cassandra2,5,False,True,
91,5,1,MONOTONIC_WRITES,normal,netem delay 25ms 25ms,ALL,6,cassandra2,cassandra1,6,False,True,
91,5,2,MONOTONIC_WRITES,normal,netem delay 25ms 25ms,ALL,6,cassandra2,cassandra2,6,False,True,
91,5,3,MONOTONIC_WRITES,normal,netem delay 25ms 25ms,ALL,6,cassandra2,cassandra3,6,False,True,
92,1,1,MONOTONIC_WRITES,normal,netem delay 25ms 25ms,ALL,2,cassandra3,cassandra1,2,False,True,
92,1,2,MONOTONIC_WRITES,normal,netem delay 25ms 25ms,ALL,2,cassandra3,cassandra3,2,False,True,
92,1,3,MONOTONIC_WRITES,normal,netem delay 25ms 25ms,ALL,2,cassandra3,cassandra1,2,False,True,
92,2,1,MONOTONIC_WRITES,normal,netem delay 25ms 25ms,ALL,3,cassandra2,cassandra1,3,False,True,
92,2,2,MONOTONIC_WRITES,normal,netem delay 25ms 25ms,ALL,3,cassandra2,cassandra1,3,False,True,
92,2,3,MONOTONIC_WRITES,normal,netem delay 25ms 25ms,ALL,3,cassandra2,cassandra2,3,False,True,
92,3,1,MONOTONIC_WRITES,normal,netem delay 25ms 25ms,ALL,4,cassandra2,cassandra3,4,False,True,
92,3,2,MONOTONIC_WRITES,normal,netem delay 25ms 25ms,ALL,4,cassandra2,cassandra2,4,False,True,
92,3,3,MONOTONIC_WRITES,normal,netem delay 25ms 25ms,ALL,4,cassandra2,cassandra1,4,False,True,
92,4,1,MONOTONIC_WRITES,normal,netem delay 25ms 25ms,ALL,5,cassandra3,cassandra2,5,False,True,
92,4,2,MONOTONIC_WRITES,normal,netem delay 25ms 25ms,ALL,5,cassandra3,cassandra3,5,False,True,
92,4,3,MONOTONIC_WRITES,normal,netem delay 25ms 25ms,ALL,5,cassandra3,cassandra2,5,False,True,
92,5,1,MONOTONIC_WRITES,normal,netem delay 25ms 25ms,ALL,6,cassandra1,cassandra3,6,False,True,
92,5,2,MONOTONIC_WRITES,normal,netem delay 25ms 25ms,ALL,6,cassandra1,cassandra2,6,False,True,
92,5,3,MONOTONIC_WRITES,normal,netem delay 25ms 25ms,ALL,6,cassandra1,cassandra3,6,False,True,
93,1,1,MONOTONIC_WRITES,normal,netem delay 25ms 25ms,ALL,2,cassandra1,cassandra3,2,False,True,
93,1,2,MONOTONIC_WRITES,normal,netem delay 25ms 25ms,ALL,2,cassandra1,cassandra1,2,False,True,
93,1,3,MONOTONIC_WRITES,normal,netem delay 25ms 25ms,ALL,2,cassandra1,cassandra3,2,False,True,
93,2,1,MONOTONIC_WRITES,normal,netem delay 25ms 25ms,ALL,3,cassandra2,cassandra1,3,False,True,
93,2,2,MONOTONIC_WRITES,normal,netem delay 25ms 25ms,ALL,3,cassandra2,cassandra2,3,False,True,
93,2,3,MONOTONIC_WRITES,normal,netem delay 25ms 25ms,ALL,3,cassandra2,cassandra3,3,False,True,
93,3,1,MONOTONIC_WRITES,normal,netem delay 25ms 25ms,ALL,4,cassandra1,cassandra2,4,False,True,
93,3,2,MONOTONIC_WRITES,normal,netem delay 25ms 25ms,ALL,4,cassandra1,cassandra1,4,False,True,
93,3,3,MONOTONIC_WRITES,normal,netem delay 25ms 25ms,ALL,4,cassandra1,cassandra3,4,False,True,
93,4,1,MONOTONIC_WRITES,normal,netem delay 25ms 25ms,ALL,5,cassandra1,cassandra2,5,False,True,
93,4,2,MONOTONIC_WRITES,normal,netem delay 25ms 25ms,ALL,5,cassandra1,cassandra2,5,False,True,
93,4,3,MONOTONIC_WRITES,normal,netem delay 25ms 25ms,ALL,5,cassandra1,cassandra3,5,False,True,
93,5,1,MONOTONIC_WRITES,normal,netem delay 25ms 25ms,ALL,6,cassandra2,cassandra1,6,False,True,
93,5,2,MONOTONIC_WRITES,normal,netem delay 25ms 25ms,ALL,6,cassandra2,cassandra2,6,False,True,
93,5,3,MONOTONIC_WRITES,normal,netem delay 25ms 25ms,ALL,6,cassandra2,cassandra1,6,False,True,
94,1,1,MONOTONIC_WRITES,normal,netem delay 25ms 25ms,ALL,2,cassandra2,cassandra3,2,False,True,
94,1,2,MONOTONIC_WRITES,normal,netem delay 25ms 25ms,ALL,2,cassandra2,cassandra2,2,False,True,
94,1,3,MONOTONIC_WRITES,normal,netem delay 25ms 25ms,ALL,2,cassandra2,cassandra2,2,False,True,
94,2,1,MONOTONIC_WRITES,normal,netem delay 25ms 25ms,ALL,3,cassandra1,cassandra1,3,False,True,
94,2,2,MONOTONIC_WRITES,normal,netem delay 25ms 25ms,ALL,3,cassandra1,cassandra1,3,False,True,
94,2,3,MONOTONIC_WRITES,normal,netem delay 25ms 25ms,ALL,3,cassandra1,cassandra2,3,False,True,
94,3,1,MONOTONIC_WRITES,normal,netem delay 25ms 25ms,ALL,4,cassandra2,cassandra1,4,False,True,
94,3,2,MONOTONIC_WRITES,normal,netem delay 25ms 25ms,ALL,4,cassandra2,cassandra2,4,False,True,
94,3,3,MONOTONIC_WRITES,normal,netem delay 25ms 25ms,ALL,4,cassandra2,cassandra3,4,False,True,
94,4,1,MONOTONIC_WRITES,normal,netem delay 25ms 25ms,ALL,5,cassandra2,cassandra3,5,False,True,
94,4,2,MONOTONIC_WRITES,normal,netem delay 25ms 25ms,ALL,5,cassandra2,cassandra2,5,False,True,
94,4,3,MONOTONIC_WRITES,normal,netem delay 25ms 25ms,ALL,5,cassandra2,cassandra1,5,False,True,
94,5,1,MONOTONIC_WRITES,normal,netem delay 25ms 25ms,ALL,6,cassandra3,cassandra1,6,False,True,
94,5,2,MONOTONIC_WRITES,normal,netem delay 25ms 25ms,ALL,6,cassandra3,cassandra3,6,False,True,
94,5,3,MONOTONIC_WRITES,normal,netem delay 25ms 25ms,ALL,6,cassandra3,cassandra3,6,False,True,
95,1,1,MONOTONIC_WRITES,normal,netem delay 25ms 25ms,ALL,2,cassandra3,cassandra3,2,False,True,
95,1,2,MONOTONIC_WRITES,normal,netem delay 25ms 25ms,ALL,2,cassandra3,cassandra1,2,False,True,
95,1,3,MONOTONIC_WRITES,normal,netem delay 25ms 25ms,ALL,2,cassandra3,cassandra3,2,False,True,
95,2,1,MONOTONIC_WRITES,normal,netem delay 25ms 25ms,ALL,3,cassandra1,cassandra3,3,False,True,
95,2,2,MONOTONIC_WRITES,normal,netem delay 25ms 25ms,ALL,3,cassandra1,cassandra2,3,False,True,
95,2,3,MONOTONIC_WRITES,normal,netem delay 25ms 25ms,ALL,3,cassandra1,cassandra2,3,False,True,
95,3,1,MONOTONIC_WRITES,normal,netem delay 25ms 25ms,ALL,4,cassandra1,cassandra2,4,False,True,
95,3,2,MONOTONIC_WRITES,normal,netem delay 25ms 25ms,ALL,4,cassandra1,cassandra1,4,False,True,
95,3,3,MONOTONIC_WRITES,normal,netem delay 25ms 25ms,ALL,4,cassandra1,cassandra2,4,False,True,
95,4,1,MONOTONIC_WRITES,normal,netem delay 25ms 25ms,ALL,5,cassandra3,cassandra1,5,False,True,
95,4,2,MONOTONIC_WRITES,normal,netem delay 25ms 25ms,ALL,5,cassandra3,cassandra1,5,False,True,
95,4,3,MONOTONIC_WRITES,normal,netem delay 25ms 25ms,ALL,5,cassandra3,cassandra3,5,False,True,
95,5,1,MONOTONIC_WRITES,normal,netem delay 25ms 25ms,ALL,6,cassandra3,cassandra1,6,False,True,
95,5,2,MONOTONIC_WRITES,normal,netem delay 25ms 25ms,ALL,6,cassandra3,cassandra1,6,False,True,
95,5,3,MONOTONIC_WRITES,normal,netem delay 25ms 25ms,ALL,6,cassandra3,cassandra3,6,False,True,
96,1,1,MONOTONIC_WRITES,normal,netem delay 25ms 25ms,ALL,2,cassandra1,cassandra3,2,False,True,
96,1,2,MONOTONIC_WRITES,normal,netem delay 25ms 25ms,ALL,2,cassandra1,cassandra3,2,False,True,
96,1,3,MONOTONIC_WRITES,normal,netem delay 25ms 25ms,ALL,2,cassandra1,cassandra1,2,False,True,
96,2,1,MONOTONIC_WRITES,normal,netem delay 25ms 25ms,ALL,3,cassandra3,cassandra3,3,False,True,
96,2,2,MONOTONIC_WRITES,normal,netem delay 25ms 25ms,ALL,3,cassandra3,cassandra1,3,False,True,
96,2,3,MONOTONIC_WRITES,normal,netem delay 25ms 25ms,ALL,3,cassandra3,cassandra2,3,False,True,
96,3,1,MONOTONIC_WRITES,normal,netem delay 25ms 25ms,ALL,4,cassandra3,cassandra1,4,False,True,
96,3,2,MONOTONIC_WRITES,normal,netem delay 25ms 25ms,ALL,4,cassandra3,cassandra3,4,False,True,
96,3,3,MONOTONIC_WRITES,normal,netem delay 25ms 25ms,ALL,4,cassandra3,cassandra3,4,False,True,
96,4,1,MONOTONIC_WRITES,normal,netem delay 25ms 25ms,ALL,5,cassandra3,cassandra3,5,False,True,
96,4,2,MONOTONIC_WRITES,normal,netem delay 25ms 25ms,ALL,5,cassandra3,cassandra2,5,False,True,
96,4,3,MONOTONIC_WRITES,normal,netem delay 25ms 25ms,ALL,5,cassandra3,cassandra3,5,False,True,
96,5,1,MONOTONIC_WRITES,normal,netem delay 25ms 25ms,ALL,6,cassandra2,cassandra3,6,False,True,
96,5,2,MONOTONIC_WRITES,normal,netem delay 25ms 25ms,ALL,6,cassandra2,cassandra3,6,False,True,
96,5,3,MONOTONIC_WRITES,normal,netem delay 25ms 25ms,ALL,6,cassandra2,cassandra2,6,False,True,
97,1,1,MONOTONIC_WRITES,normal,netem delay 25ms 25ms,ALL,2,cassandra2,cassandra2,2,False,True,
97,1,2,MONOTONIC_WRITES,normal,netem delay 25ms 25ms,ALL,2,cassandra2,cassandra3,2,False,True,
97,1,3,MONOTONIC_WRITES,normal,netem delay 25ms 25ms,ALL,2,cassandra2,cassandra3,2,False,True,
97,2,1,MONOTONIC_WRITES,normal,netem delay 25ms 25ms,ALL,3,cassandra3,cassandra1,3,False,True,
97,2,2,MONOTONIC_WRITES,normal,netem delay 25ms 25ms,ALL,3,cassandra3,cassandra2,3,False,True,
97,2,3,MONOTONIC_WRITES,normal,netem delay 25ms 25ms,ALL,3,cassandra3,cassandra2,3,False,True,
97,3,1,MONOTONIC_WRITES,normal,netem delay 25ms 25ms,ALL,4,cassandra1,cassandra3,4,False,True,
97,3,2,MONOTONIC_WRITES,normal,netem delay 25ms 25ms,ALL,4,cassandra1,cassandra1,4,False,True,
97,3,3,MONOTONIC_WRITES,normal,netem delay 25ms 25ms,ALL,4,cassandra1,cassandra1,4,False,True,
97,4,1,MONOTONIC_WRITES,normal,netem delay 25ms 25ms,ALL,5,cassandra1,cassandra2,5,False,True,
97,4,2,MONOTONIC_WRITES,normal,netem delay 25ms 25ms,ALL,5,cassandra1,cassandra1,5,False,True,
97,4,3,MONOTONIC_WRITES,normal,netem delay 25ms 25ms,ALL,5,cassandra1,cassandra2,5,False,True,
97,5,1,MONOTONIC_WRITES,normal,netem delay 25ms 25ms,ALL,6,cassandra2,cassandra3,6,False,True,
97,5,2,MONOTONIC_WRITES,normal,netem delay 25ms 25ms,ALL,6,cassandra2,cassandra3,6,False,True,
97,5,3,MONOTONIC_WRITES,normal,netem delay 25ms 25ms,ALL,6,cassandra2,cassandra3,6,False,True,
98,1,1,MONOTONIC_WRITES,normal,netem delay 25ms 25ms,ALL,2,cassandra3,cassandra1,2,False,True,
98,1,2,MONOTONIC_WRITES,normal,netem delay 25ms 25ms,ALL,2,cassandra3,cassandra1,2,False,True,
98,1,3,MONOTONIC_WRITES,normal,netem delay 25ms 25ms,ALL,2,cassandra3,cassandra3,2,False,True,
98,2,1,MONOTONIC_WRITES,normal,netem delay 25ms 25ms,ALL,3,cassandra1,cassandra1,3,False,True,
98,2,2,MONOTONIC_WRITES,normal,netem delay 25ms 25ms,ALL,3,cassandra1,cassandra1,3,False,True,
98,2,3,MONOTONIC_WRITES,normal,netem delay 25ms 25ms,ALL,3,cassandra1,cassandra1,3,False,True,
98,3,1,MONOTONIC_WRITES,normal,netem delay 25ms 25ms,ALL,4,cassandra3,cassandra3,4,False,True,
98,3,2,MONOTONIC_WRITES,normal,netem delay 25ms 25ms,ALL,4,cassandra3,cassandra2,4,False,True,
98,3,3,MONOTONIC_WRITES,normal,netem delay 25ms 25ms,ALL,4,cassandra3,cassandra2,4,False,True,
98,4,1,MONOTONIC_WRITES,normal,netem delay 25ms 25ms,ALL,5,cassandra1,cassandra3,5,False,True,
98,4,2,MONOTONIC_WRITES,normal,netem delay 25ms 25ms,ALL,5,cassandra1,cassandra3,5,False,True,
98,4,3,MONOTONIC_WRITES,normal,netem delay 25ms 25ms,ALL,5,cassandra1,cassandra2,5,False,True,
98,5,1,MONOTONIC_WRITES,normal,netem delay 25ms 25ms,ALL,6,cassandra1,cassandra3,6,False,True,
98,5,2,MONOTONIC_WRITES,normal,netem delay 25ms 25ms,ALL,6,cassandra1,cassandra1,6,False,True,
98,5,3,MONOTONIC_WRITES,normal,netem delay 25ms 25ms,ALL,6,cassandra1,cassandra1,6,False,True,
99,1,1,MONOTONIC_WRITES,normal,netem delay 25ms 25ms,ALL,2,cassandra3,cassandra3,2,False,True,
99,1,2,MONOTONIC_WRITES,normal,netem delay 25ms 25ms,ALL,2,cassandra3,cassandra2,2,False,True,
99,1,3,MONOTONIC_WRITES,normal,netem delay 25ms 25ms,ALL,2,cassandra3,cassandra1,2,False,True,
99,2,1,MONOTONIC_WRITES,normal,netem delay 25ms 25ms,ALL,3,cassandra3,cassandra3,3,False,True,
99,2,2,MONOTONIC_WRITES,normal,netem delay 25ms 25ms,ALL,3,cassandra3,cassandra3,3,False,True,
99,2,3,MONOTONIC_WRITES,normal,netem delay 25ms 25ms,ALL,3,cassandra3,cassandra3,3,False,True,
99,3,1,MONOTONIC_WRITES,normal,netem delay 25ms 25ms,ALL,4,cassandra3,cassandra2,4,False,True,
99,3,2,MONOTONIC_WRITES,normal,netem delay 25ms 25ms,ALL,4,cassandra3,cassandra2,4,False,True,
99,3,3,MONOTONIC_WRITES,normal,netem delay 25ms 25ms,ALL,4,cassandra3,cassandra2,4,False,True,
99,4,1,MONOTONIC_WRITES,normal,netem delay 25ms 25ms,ALL,5,cassandra1,cassandra3,5,False,True,
99,4,2,MONOTONIC_WRITES,normal,netem delay 25ms 25ms,ALL,5,cassandra1,cassandra1,5,False,True,
99,4,3,MONOTONIC_WRITES,normal,netem delay 25ms 25ms,ALL,5,cassandra1,cassandra3,5,False,True,
99,5,1,MONOTONIC_WRITES,normal,netem delay 25ms 25ms,ALL,6,cassandra1,cassandra2,6,False,True,
99,5,2,MONOTONIC_WRITES,normal,netem delay 25ms 25ms,ALL,6,cassandra1,cassandra1,6,False,True,
99,5,3,MONOTONIC_WRITES,normal,netem delay 25ms 25ms,ALL,6,cassandra1,cassandra3,6,False,True,
100,1,1,MONOTONIC_WRITES,normal,netem delay 25ms 25ms,ALL,2,cassandra2,cassandra1,2,False,True,
100,1,2,MONOTONIC_WRITES,normal,netem delay 25ms 25ms,ALL,2,cassandra2,cassandra3,2,False,True,
100,1,3,MONOTONIC_WRITES,normal,netem delay 25ms 25ms,ALL,2,cassandra2,cassandra3,2,False,True,
100,2,1,MONOTONIC_WRITES,normal,netem delay 25ms 25ms,ALL,3,cassandra1,cassandra2,3,False,True,
100,2,2,MONOTONIC_WRITES,normal,netem delay 25ms 25ms,ALL,3,cassandra1,cassandra1,3,False,True,
100,2,3,MONOTONIC_WRITES,normal,netem delay 25ms 25ms,ALL,3,cassandra1,cassandra1,3,False,True,
100,3,1,MONOTONIC_WRITES,normal,netem delay 25ms 25ms,ALL,4,cassandra1,cassandra2,4,False,True,
100,3,2,MONOTONIC_WRITES,normal,netem delay 25ms 25ms,ALL,4,cassandra1,cassandra2,4,False,True,
100,3,3,MONOTONIC_WRITES,normal,netem delay 25ms 25ms,ALL,4,cassandra1,cassandra1,4,False,True,
100,4,1,MONOTONIC_WRITES,normal,netem delay 25ms 25ms,ALL,5,cassandra2,cassandra2,5,False,True,
100,4,2,MONOTONIC_WRITES,normal,netem delay 25ms 25ms,ALL,5,cassandra2,cassandra1,5,False,True,
100,4,3,MONOTONIC_WRITES,normal,netem delay 25ms 25ms,ALL,5,cassandra2,cassandra1,5,False,True,
100,5,1,MONOTONIC_WRITES,normal,netem delay 25ms 25ms,ALL,6,cassandra1,cassandra1,6,False,True,
100,5,2,MONOTONIC_WRITES,normal,netem delay 25ms 25ms,ALL,6,cassandra1,cassandra2,6,False,True,
100,5,3,MONOTONIC_WRITES,normal,netem delay 25ms 25ms,ALL,6,cassandra1,cassandra2,6,False,True,
101,1,1,MONOTONIC_WRITES,normal,netem delay 25ms 25ms,ALL,2,cassandra2,cassandra1,2,False,True,
101,1,2,MONOTONIC_WRITES,normal,netem delay 25ms 25ms,ALL,2,cassandra2,cassandra3,2,False,True,
101,1,3,MONOTONIC_WRITES,normal,netem delay 25ms 25ms,ALL,2,cassandra2,cassandra3,2,False,True,
101,2,1,MONOTONIC_WRITES,normal,netem delay 25ms 25ms,ALL,3,cassandra2,cassandra3,3,False,True,
101,2,2,MONOTONIC_WRITES,normal,netem delay 25ms 25ms,ALL,3,cassandra2,cassandra3,3,False,True,
101,2,3,MONOTONIC_WRITES,normal,netem delay 25ms 25ms,ALL,3,cassandra2,cassandra2,3,False,True,
101,3,1,MONOTONIC_WRITES,normal,netem delay 25ms 25ms,ALL,4,cassandra3,cassandra1,4,False,True,
101,3,2,MONOTONIC_WRITES,normal,netem delay 25ms 25ms,ALL,4,cassandra3,cassandra2,4,False,True,
101,3,3,MONOTONIC_WRITES,normal,netem delay 25ms 25ms,ALL,4,cassandra3,cassandra2,4,False,True,
101,4,1,MONOTONIC_WRITES,normal,netem delay 25ms 25ms,ALL,5,cassandra2,cassandra2,5,False,True,
101,4,2,MONOTONIC_WRITES,normal,netem delay 25ms 25ms,ALL,5,cassandra2,cassandra3,5,False,True,
101,4,3,MONOTONIC_WRITES,normal,netem delay 25ms 25ms,ALL,5,cassandra2,cassandra3,5,False,True,
101,5,1,MONOTONIC_WRITES,normal,netem delay 25ms 25ms,ALL,6,cassandra1,cassandra3,6,False,True,
101,5,2,MONOTONIC_WRITES,normal,netem delay 25ms 25ms,ALL,6,cassandra1,cassandra2,6,False,True,
101,5,3,MONOTONIC_WRITES,normal,netem delay 25ms 25ms,ALL,6,cassandra1,cassandra1,6,False,True,
102,1,1,MONOTONIC_WRITES,normal,netem delay 25ms 25ms,ALL,2,cassandra3,cassandra3,2,False,True,
102,1,2,MONOTONIC_WRITES,normal,netem delay 25ms 25ms,ALL,2,cassandra3,cassandra2,2,False,True,
102,1,3,MONOTONIC_WRITES,normal,netem delay 25ms 25ms,ALL,2,cassandra3,cassandra2,2,False,True,
102,2,1,MONOTONIC_WRITES,normal,netem delay 25ms 25ms,ALL,3,cassandra1,cassandra2,3,False,True,
102,2,2,MONOTONIC_WRITES,normal,netem delay 25ms 25ms,ALL,3,cassandra1,cassandra2,3,False,True,
102,2,3,MONOTONIC_WRITES,normal,netem delay 25ms 25ms,ALL,3,cassandra1,cassandra1,3,False,True,
102,3,1,MONOTONIC_WRITES,normal,netem delay 25ms 25ms,ALL,4,cassandra1,cassandra2,4,False,True,
102,3,2,MONOTONIC_WRITES,normal,netem delay 25ms 25ms,ALL,4,cassandra1,cassandra2,4,False,True,
102,3,3,MONOTONIC_WRITES,normal,netem delay 25ms 25ms,ALL,4,cassandra1,cassandra3,4,False,True,
102,4,1,MONOTONIC_WRITES,normal,netem delay 25ms 25ms,ALL,5,cassandra1,cassandra1,5,False,True,
102,4,2,MONOTONIC_WRITES,normal,netem delay 25ms 25ms,ALL,5,cassandra1,cassandra1,5,False,True,
102,4,3,MONOTONIC_WRITES,normal,netem delay 25ms 25ms,ALL,5,cassandra1,cassandra3,5,False,True,
102,5,1,MONOTONIC_WRITES,normal,netem delay 25ms 25ms,ALL,6,cassandra2,cassandra3,6,False,True,
102,5,2,MONOTONIC_WRITES,normal,netem delay 25ms 25ms,ALL,6,cassandra2,cassandra3,6,False,True,
102,5,3,MONOTONIC_WRITES,normal,netem delay 25ms 25ms,ALL,6,cassandra2,cassandra3,6,False,True,
103,1,1,MONOTONIC_WRITES,normal,netem delay 25ms 25ms,ALL,2,cassandra2,cassandra2,2,False,True,
103,1,2,MONOTONIC_WRITES,normal,netem delay 25ms 25ms,ALL,2,cassandra2,cassandra1,2,False,True,
103,1,3,MONOTONIC_WRITES,normal,netem delay 25ms 25ms,ALL,2,cassandra2,cassandra3,2,False,True,
103,2,1,MONOTONIC_WRITES,normal,netem delay 25ms 25ms,ALL,3,cassandra2,cassandra1,3,False,True,
103,2,2,MONOTONIC_WRITES,normal,netem delay 25ms 25ms,ALL,3,cassandra2,cassandra1,3,False,True,
103,2,3,MONOTONIC_WRITES,normal,netem delay 25ms 25ms,ALL,3,cassandra2,cassandra2,3,False,True,
103,3,1,MONOTONIC_WRITES,normal,netem delay 25ms 25ms,ALL,4,cassandra1,cassandra3,4,False,True,
103,3,2,MONOTONIC_WRITES,normal,netem delay 25ms 25ms,ALL,4,cassandra1,cassandra1,4,False,True,
103,3,3,MONOTONIC_WRITES,normal,netem delay 25ms 25ms,ALL,4,cassandra1,cassandra1,4,False,True,
103,4,1,MONOTONIC_WRITES,normal,netem delay 25ms 25ms,ALL,5,cassandra2,cassandra1,5,False,True,
103,4,2,MONOTONIC_WRITES,normal,netem delay 25ms 25ms,ALL,5,cassandra2,cassandra2,5,False,True,
103,4,3,MONOTONIC_WRITES,normal,netem delay 25ms 25ms,ALL,5,cassandra2,cassandra3,5,False,True,
103,5,1,MONOTONIC_WRITES,normal,netem delay 25ms 25ms,ALL,6,cassandra2,cassandra2,6,False,True,
103,5,2,MONOTONIC_WRITES,normal,netem delay 25ms 25ms,ALL,6,cassandra2,cassandra2,6,False,True,
103,5,3,MONOTONIC_WRITES,normal,netem delay 25ms 25ms,ALL,6,cassandra2,cassandra2,6,False,True,
104,1,1,MONOTONIC_WRITES,normal,netem delay 25ms 25ms,ALL,2,cassandra3,cassandra2,2,False,True,
104,1,2,MONOTONIC_WRITES,normal,netem delay 25ms 25ms,ALL,2,cassandra3,cassandra2,2,False,True,
104,1,3,MONOTONIC_WRITES,normal,netem delay 25ms 25ms,ALL,2,cassandra3,cassandra1,2,False,True,
104,2,1,MONOTONIC_WRITES,normal,netem delay 25ms 25ms,ALL,3,cassandra2,cassandra1,3,False,True,
104,2,2,MONOTONIC_WRITES,normal,netem delay 25ms 25ms,ALL,3,cassandra2,cassandra3,3,False,True,
104,2,3,MONOTONIC_WRITES,normal,netem delay 25ms 25ms,ALL,3,cassandra2,cassandra2,3,False,True,
104,3,1,MONOTONIC_WRITES,normal,netem delay 25ms 25ms,ALL,4,cassandra1,cassandra1,4,False,True,
104,3,2,MONOTONIC_WRITES,normal,netem delay 25ms 25ms,ALL,4,cassandra1,cassandra1,4,False,True,
104,3,3,MONOTONIC_WRITES,normal,netem delay 25ms 25ms,ALL,4,cassandra1,cassandra1,4,False,True,
104,4,1,MONOTONIC_WRITES,normal,netem delay 25ms 25ms,ALL,5,cassandra1,cassandra1,5,False,True,
104,4,2,MONOTONIC_WRITES,normal,netem delay 25ms 25ms,ALL,5,cassandra1,cassandra2,5,False,True,
104,4,3,MONOTONIC_WRITES,normal,netem delay 25ms 25ms,ALL,5,cassandra1,cassandra3,5,False,True,
104,5,1,MONOTONIC_WRITES,normal,netem delay 25ms 25ms,ALL,6,cassandra3,cassandra1,6,False,True,
104,5,2,MONOTONIC_WRITES,normal,netem delay 25ms 25ms,ALL,6,cassandra3,cassandra1,6,False,True,
104,5,3,MONOTONIC_WRITES,normal,netem delay 25ms 25ms,ALL,6,cassandra3,cassandra1,6,False,True,
105,1,1,MONOTONIC_WRITES,normal,netem delay 25ms 25ms,ALL,2,cassandra2,cassandra2,2,False,True,
105,1,2,MONOTONIC_WRITES,normal,netem delay 25ms 25ms,ALL,2,cassandra2,cassandra3,2,False,True,
105,1,3,MONOTONIC_WRITES,normal,netem delay 25ms 25ms,ALL,2,cassandra2,cassandra3,2,False,True,
105,2,1,MONOTONIC_WRITES,normal,netem delay 25ms 25ms,ALL,3,cassandra2,cassandra2,3,False,True,
105,2,2,MONOTONIC_WRITES,normal,netem delay 25ms 25ms,ALL,3,cassandra2,cassandra1,3,False,True,
105,2,3,MONOTONIC_WRITES,normal,netem delay 25ms 25ms,ALL,3,cassandra2,cassandra2,3,False,True,
105,3,1,MONOTONIC_WRITES,normal,netem delay 25ms 25ms,ALL,4,cassandra3,cassandra3,4,False,True,
105,3,2,MONOTONIC_WRITES,normal,netem delay 25ms 25ms,ALL,4,cassandra3,cassandra2,4,False,True,
105,3,3,MONOTONIC_WRITES,normal,netem delay 25ms 25ms,ALL,4,cassandra3,cassandra2,4,False,True,
105,4,1,MONOTONIC_WRITES,normal,netem delay 25ms 25ms,ALL,5,cassandra1,cassandra1,5,False,True,
105,4,2,MONOTONIC_WRITES,normal,netem delay 25ms 25ms,ALL,5,cassandra1,cassandra3,5,False,True,
105,4,3,MONOTONIC_WRITES,normal,netem delay 25ms 25ms,ALL,5,cassandra1,cassandra3,5,False,True,
105,5,1,MONOTONIC_WRITES,normal,netem delay 25ms 25ms,ALL,6,cassandra3,cassandra3,6,False,True,
105,5,2,MONOTONIC_WRITES,normal,netem delay 25ms 25ms,ALL,6,cassandra3,cassandra1,6,False,True,
105,5,3,MONOTONIC_WRITES,normal,netem delay 25ms 25ms,ALL,6,cassandra3,cassandra1,6,False,True,
106,1,1,MONOTONIC_WRITES,normal,netem delay 25ms 25ms,ALL,2,cassandra1,cassandra2,2,False,True,
106,1,2,MONOTONIC_WRITES,normal,netem delay 25ms 25ms,ALL,2,cassandra1,cassandra2,2,False,True,
106,1,3,MONOTONIC_WRITES,normal,netem delay 25ms 25ms,ALL,2,cassandra1,cassandra3,2,False,True,
106,2,1,MONOTONIC_WRITES,normal,netem delay 25ms 25ms,ALL,3,cassandra3,cassandra2,3,False,True,
106,2,2,MONOTONIC_WRITES,normal,netem delay 25ms 25ms,ALL,3,cassandra3,cassandra1,3,False,True,
106,2,3,MONOTONIC_WRITES,normal,netem delay 25ms 25ms,ALL,3,cassandra3,cassandra1,3,False,True,
106,3,1,MONOTONIC_WRITES,normal,netem delay 25ms 25ms,ALL,4,cassandra3,cassandra2,4,False,True,
106,3,2,MONOTONIC_WRITES,normal,netem delay 25ms 25ms,ALL,4,cassandra3,cassandra2,4,False,True,
106,3,3,MONOTONIC_WRITES,normal,netem delay 25ms 25ms,ALL,4,cassandra3,cassandra3,4,False,True,
106,4,1,MONOTONIC_WRITES,normal,netem delay 25ms 25ms,ALL,5,cassandra2,cassandra3,5,False,True,
106,4,2,MONOTONIC_WRITES,normal,netem delay 25ms 25ms,ALL,5,cassandra2,cassandra2,5,False,True,
106,4,3,MONOTONIC_WRITES,normal,netem delay 25ms 25ms,ALL,5,cassandra2,cassandra1,5,False,True,
106,5,1,MONOTONIC_WRITES,normal,netem delay 25ms 25ms,ALL,6,cassandra3,cassandra3,6,False,True,
106,5,2,MONOTONIC_WRITES,normal,netem delay 25ms 25ms,ALL,6,cassandra3,cassandra2,6,False,True,
106,5,3,MONOTONIC_WRITES,normal,netem delay 25ms 25ms,ALL,6,cassandra3,cassandra2,6,False,True,
107,1,1,MONOTONIC_WRITES,normal,netem delay 25ms 25ms,ALL,2,cassandra1,cassandra1,2,False,True,
107,1,2,MONOTONIC_WRITES,normal,netem delay 25ms 25ms,ALL,2,cassandra1,cassandra2,2,False,True,
107,1,3,MONOTONIC_WRITES,normal,netem delay 25ms 25ms,ALL,2,cassandra1,cassandra1,2,False,True,
107,2,1,MONOTONIC_WRITES,normal,netem delay 25ms 25ms,ALL,3,cassandra3,cassandra3,3,False,True,
107,2,2,MONOTONIC_WRITES,normal,netem delay 25ms 25ms,ALL,3,cassandra3,cassandra1,3,False,True,
107,2,3,MONOTONIC_WRITES,normal,netem delay 25ms 25ms,ALL,3,cassandra3,cassandra2,3,False,True,
107,3,1,MONOTONIC_WRITES,normal,netem delay 25ms 25ms,ALL,4,cassandra3,cassandra3,4,False,True,
107,3,2,MONOTONIC_WRITES,normal,netem delay 25ms 25ms,ALL,4,cassandra3,cassandra1,4,False,True,
107,3,3,MONOTONIC_WRITES,normal,netem delay 25ms 25ms,ALL,4,cassandra3,cassandra1,4,False,True,
107,4,1,MONOTONIC_WRITES,normal,netem delay 25ms 25ms,ALL,5,cassandra1,cassandra2,5,False,True,
107,4,2,MONOTONIC_WRITES,normal,netem delay 25ms 25ms,ALL,5,cassandra1,cassandra3,5,False,True,
107,4,3,MONOTONIC_WRITES,normal,netem delay 25ms 25ms,ALL,5,cassandra1,cassandra2,5,False,True,
107,5,1,MONOTONIC_WRITES,normal,netem delay 25ms 25ms,ALL,6,cassandra3,cassandra1,6,False,True,
107,5,2,MONOTONIC_WRITES,normal,netem delay 25ms 25ms,ALL,6,cassandra3,cassandra3,6,False,True,
107,5,3,MONOTONIC_WRITES,normal,netem delay 25ms 25ms,ALL,6,cassandra3,cassandra3,6,False,True,
108,1,1,MONOTONIC_WRITES,normal,netem delay 25ms 25ms,ALL,2,cassandra3,cassandra1,2,False,True,
108,1,2,MONOTONIC_WRITES,normal,netem delay 25ms 25ms,ALL,2,cassandra3,cassandra2,2,False,True,
108,1,3,MONOTONIC_WRITES,normal,netem delay 25ms 25ms,ALL,2,cassandra3,cassandra3,2,False,True,
108,2,1,MONOTONIC_WRITES,normal,netem delay 25ms 25ms,ALL,3,cassandra2,cassandra3,3,False,True,
108,2,2,MONOTONIC_WRITES,normal,netem delay 25ms 25ms,ALL,3,cassandra2,cassandra1,3,False,True,
108,2,3,MONOTONIC_WRITES,normal,netem delay 25ms 25ms,ALL,3,cassandra2,cassandra3,3,False,True,
108,3,1,MONOTONIC_WRITES,normal,netem delay 25ms 25ms,ALL,4,cassandra3,cassandra1,4,False,True,
108,3,2,MONOTONIC_WRITES,normal,netem delay 25ms 25ms,ALL,4,cassandra3,cassandra2,4,False,True,
108,3,3,MONOTONIC_WRITES,normal,netem delay 25ms 25ms,ALL,4,cassandra3,cassandra2,4,False,True,
108,4,1,MONOTONIC_WRITES,normal,netem delay 25ms 25ms,ALL,5,cassandra2,cassandra3,5,False,True,
108,4,2,MONOTONIC_WRITES,normal,netem delay 25ms 25ms,ALL,5,cassandra2,cassandra1,5,False,True,
108,4,3,MONOTONIC_WRITES,normal,netem delay 25ms 25ms,ALL,5,cassandra2,cassandra2,5,False,True,
108,5,1,MONOTONIC_WRITES,normal,netem delay 25ms 25ms,ALL,6,cassandra1,cassandra1,6,False,True,
108,5,2,MONOTONIC_WRITES,normal,netem delay 25ms 25ms,ALL,6,cassandra1,cassandra2,6,False,True,
108,5,3,MONOTONIC_WRITES,normal,netem delay 25ms 25ms,ALL,6,cassandra1,cassandra3,6,False,True,
109,1,1,MONOTONIC_WRITES,normal,netem delay 25ms 25ms,ALL,2,cassandra1,cassandra2,2,False,True,
109,1,2,MONOTONIC_WRITES,normal,netem delay 25ms 25ms,ALL,2,cassandra1,cassandra2,2,False,True,
109,1,3,MONOTONIC_WRITES,normal,netem delay 25ms 25ms,ALL,2,cassandra1,cassandra1,2,False,True,
109,2,1,MONOTONIC_WRITES,normal,netem delay 25ms 25ms,ALL,3,cassandra1,cassandra2,3,False,True,
109,2,2,MONOTONIC_WRITES,normal,netem delay 25ms 25ms,ALL,3,cassandra1,cassandra3,3,False,True,
109,2,3,MONOTONIC_WRITES,normal,netem delay 25ms 25ms,ALL,3,cassandra1,cassandra3,3,False,True,
109,3,1,MONOTONIC_WRITES,normal,netem delay 25ms 25ms,ALL,4,cassandra2,cassandra1,4,False,True,
109,3,2,MONOTONIC_WRITES,normal,netem delay 25ms 25ms,ALL,4,cassandra2,cassandra1,4,False,True,
109,3,3,MONOTONIC_WRITES,normal,netem delay 25ms 25ms,ALL,4,cassandra2,cassandra3,4,False,True,
109,4,1,MONOTONIC_WRITES,normal,netem delay 25ms 25ms,ALL,5,cassandra1,cassandra3,5,False,True,
109,4,2,MONOTONIC_WRITES,normal,netem delay 25ms 25ms,ALL,5,cassandra1,cassandra3,5,False,True,
109,4,3,MONOTONIC_WRITES,normal,netem delay 25ms 25ms,ALL,5,cassandra1,cassandra3,5,False,True,
109,5,1,MONOTONIC_WRITES,normal,netem delay 25ms 25ms,ALL,6,cassandra2,cassandra2,6,False,True,
109,5,2,MONOTONIC_WRITES,normal,netem delay 25ms 25ms,ALL,6,cassandra2,cassandra3,6,False,True,
109,5,3,MONOTONIC_WRITES,normal,netem delay 25ms 25ms,ALL,6,cassandra2,cassandra3,6,False,True,
110,1,1,MONOTONIC_WRITES,normal,netem delay 25ms 25ms,ALL,2,cassandra3,cassandra2,2,False,True,
110,1,2,MONOTONIC_WRITES,normal,netem delay 25ms 25ms,ALL,2,cassandra3,cassandra2,2,False,True,
110,1,3,MONOTONIC_WRITES,normal,netem delay 25ms 25ms,ALL,2,cassandra3,cassandra2,2,False,True,
110,2,1,MONOTONIC_WRITES,normal,netem delay 25ms 25ms,ALL,3,cassandra1,cassandra3,3,False,True,
110,2,2,MONOTONIC_WRITES,normal,netem delay 25ms 25ms,ALL,3,cassandra1,cassandra3,3,False,True,
110,2,3,MONOTONIC_WRITES,normal,netem delay 25ms 25ms,ALL,3,cassandra1,cassandra1,3,False,True,
110,3,1,MONOTONIC_WRITES,normal,netem delay 25ms 25ms,ALL,4,cassandra2,cassandra1,4,False,True,
110,3,2,MONOTONIC_WRITES,normal,netem delay 25ms 25ms,ALL,4,cassandra2,cassandra2,4,False,True,
110,3,3,MONOTONIC_WRITES,normal,netem delay 25ms 25ms,ALL,4,cassandra2,cassandra3,4,False,True,
110,4,1,MONOTONIC_WRITES,normal,netem delay 25ms 25ms,ALL,5,cassandra2,cassandra2,5,False,True,
110,4,2,MONOTONIC_WRITES,normal,netem delay 25ms 25ms,ALL,5,cassandra2,cassandra1,5,False,True,
110,4,3,MONOTONIC_WRITES,normal,netem delay 25ms 25ms,ALL,5,cassandra2,cassandra1,5,False,True,
110,5,1,MONOTONIC_WRITES,normal,netem delay 25ms 25ms,ALL,6,cassandra2,cassandra3,6,False,True,
110,5,2,MONOTONIC_WRITES,normal,netem delay 25ms 25ms,ALL,6,cassandra2,cassandra1,6,False,True,
110,5,3,MONOTONIC_WRITES,normal,netem delay 25ms 25ms,ALL,6,cassandra2,cassandra2,6,False,True,
111,1,1,MONOTONIC_WRITES,normal,netem delay 25ms 25ms,ALL,2,cassandra1,cassandra2,2,False,True,
111,1,2,MONOTONIC_WRITES,normal,netem delay 25ms 25ms,ALL,2,cassandra1,cassandra1,2,False,True,
111,1,3,MONOTONIC_WRITES,normal,netem delay 25ms 25ms,ALL,2,cassandra1,cassandra3,2,False,True,
111,2,1,MONOTONIC_WRITES,normal,netem delay 25ms 25ms,ALL,3,cassandra3,cassandra1,3,False,True,
111,2,2,MONOTONIC_WRITES,normal,netem delay 25ms 25ms,ALL,3,cassandra3,cassandra2,3,False,True,
111,2,3,MONOTONIC_WRITES,normal,netem delay 25ms 25ms,ALL,3,cassandra3,cassandra3,3,False,True,
111,3,1,MONOTONIC_WRITES,normal,netem delay 25ms 25ms,ALL,4,cassandra1,cassandra3,4,False,True,
111,3,2,MONOTONIC_WRITES,normal,netem delay 25ms 25ms,ALL,4,cassandra1,cassandra2,4,False,True,
111,3,3,MONOTONIC_WRITES,normal,netem delay 25ms 25ms,ALL,4,cassandra1,cassandra3,4,False,True,
111,4,1,MONOTONIC_WRITES,normal,netem delay 25ms 25ms,ALL,5,cassandra2,cassandra1,5,False,True,
111,4,2,MONOTONIC_WRITES,normal,netem delay 25ms 25ms,ALL,5,cassandra2,cassandra1,5,False,True,
111,4,3,MONOTONIC_WRITES,normal,netem delay 25ms 25ms,ALL,5,cassandra2,cassandra3,5,False,True,
111,5,1,MONOTONIC_WRITES,normal,netem delay 25ms 25ms,ALL,6,cassandra3,cassandra3,6,False,True,
111,5,2,MONOTONIC_WRITES,normal,netem delay 25ms 25ms,ALL,6,cassandra3,cassandra1,6,False,True,
111,5,3,MONOTONIC_WRITES,normal,netem delay 25ms 25ms,ALL,6,cassandra3,cassandra3,6,False,True,
112,1,1,MONOTONIC_WRITES,normal,netem delay 25ms 25ms,ALL,2,cassandra3,cassandra1,2,False,True,
112,1,2,MONOTONIC_WRITES,normal,netem delay 25ms 25ms,ALL,2,cassandra3,cassandra2,2,False,True,
112,1,3,MONOTONIC_WRITES,normal,netem delay 25ms 25ms,ALL,2,cassandra3,cassandra1,2,False,True,
112,2,1,MONOTONIC_WRITES,normal,netem delay 25ms 25ms,ALL,3,cassandra1,cassandra1,3,False,True,
112,2,2,MONOTONIC_WRITES,normal,netem delay 25ms 25ms,ALL,3,cassandra1,cassandra2,3,False,True,
112,2,3,MONOTONIC_WRITES,normal,netem delay 25ms 25ms,ALL,3,cassandra1,cassandra3,3,False,True,
112,3,1,MONOTONIC_WRITES,normal,netem delay 25ms 25ms,ALL,4,cassandra3,cassandra1,4,False,True,
112,3,2,MONOTONIC_WRITES,normal,netem delay 25ms 25ms,ALL,4,cassandra3,cassandra1,4,False,True,
112,3,3,MONOTONIC_WRITES,normal,netem delay 25ms 25ms,ALL,4,cassandra3,cassandra2,4,False,True,
112,4,1,MONOTONIC_WRITES,normal,netem delay 25ms 25ms,ALL,5,cassandra1,cassandra2,5,False,True,
112,4,2,MONOTONIC_WRITES,normal,netem delay 25ms 25ms,ALL,5,cassandra1,cassandra1,5,False,True,
112,4,3,MONOTONIC_WRITES,normal,netem delay 25ms 25ms,ALL,5,cassandra1,cassandra3,5,False,True,
112,5,1,MONOTONIC_WRITES,normal,netem delay 25ms 25ms,ALL,6,cassandra2,cassandra2,6,False,True,
112,5,2,MONOTONIC_WRITES,normal,netem delay 25ms 25ms,ALL,6,cassandra2,cassandra3,6,False,True,
112,5,3,MONOTONIC_WRITES,normal,netem delay 25ms 25ms,ALL,6,cassandra2,cassandra3,6,False,True,
113,1,1,MONOTONIC_WRITES,normal,netem delay 25ms 25ms,ALL,2,cassandra3,cassandra2,2,False,True,
113,1,2,MONOTONIC_WRITES,normal,netem delay 25ms 25ms,ALL,2,cassandra3,cassandra3,2,False,True,
113,1,3,MONOTONIC_WRITES,normal,netem delay 25ms 25ms,ALL,2,cassandra3,cassandra3,2,False,True,
113,2,1,MONOTONIC_WRITES,normal,netem delay 25ms 25ms,ALL,3,cassandra2,cassandra3,3,False,True,
113,2,2,MONOTONIC_WRITES,normal,netem delay 25ms 25ms,ALL,3,cassandra2,cassandra1,3,False,True,
113,2,3,MONOTONIC_WRITES,normal,netem delay 25ms 25ms,ALL,3,cassandra2,cassandra1,3,False,True,
113,3,1,MONOTONIC_WRITES,normal,netem delay 25ms 25ms,ALL,4,cassandra2,cassandra2,4,False,True,
113,3,2,MONOTONIC_WRITES,normal,netem delay 25ms 25ms,ALL,4,cassandra2,cassandra1,4,False,True,
113,3,3,MONOTONIC_WRITES,normal,netem delay 25ms 25ms,ALL,4,cassandra2,cassandra3,4,False,True,
113,4,1,MONOTONIC_WRITES,normal,netem delay 25ms 25ms,ALL,5,cassandra1,cassandra3,5,False,True,
113,4,2,MONOTONIC_WRITES,normal,netem delay 25ms 25ms,ALL,5,cassandra1,cassandra1,5,False,True,
113,4,3,MONOTONIC_WRITES,normal,netem delay 25ms 25ms,ALL,5,cassandra1,cassandra2,5,False,True,
113,5,1,MONOTONIC_WRITES,normal,netem delay 25ms 25ms,ALL,6,cassandra3,cassandra1,6,False,True,
113,5,2,MONOTONIC_WRITES,normal,netem delay 25ms 25ms,ALL,6,cassandra3,cassandra1,6,False,True,
113,5,3,MONOTONIC_WRITES,normal,netem delay 25ms 25ms,ALL,6,cassandra3,cassandra1,6,False,True,
114,1,1,MONOTONIC_WRITES,normal,netem delay 25ms 25ms,ALL,2,cassandra1,cassandra1,2,False,True,
114,1,2,MONOTONIC_WRITES,normal,netem delay 25ms 25ms,ALL,2,cassandra1,cassandra3,2,False,True,
114,1,3,MONOTONIC_WRITES,normal,netem delay 25ms 25ms,ALL,2,cassandra1,cassandra2,2,False,True,
114,2,1,MONOTONIC_WRITES,normal,netem delay 25ms 25ms,ALL,3,cassandra1,cassandra2,3,False,True,
114,2,2,MONOTONIC_WRITES,normal,netem delay 25ms 25ms,ALL,3,cassandra1,cassandra3,3,False,True,
114,2,3,MONOTONIC_WRITES,normal,netem delay 25ms 25ms,ALL,3,cassandra1,cassandra2,3,False,True,
114,3,1,MONOTONIC_WRITES,normal,netem delay 25ms 25ms,ALL,4,cassandra1,cassandra2,4,False,True,
114,3,2,MONOTONIC_WRITES,normal,netem delay 25ms 25ms,ALL,4,cassandra1,cassandra2,4,False,True,
114,3,3,MONOTONIC_WRITES,normal,netem delay 25ms 25ms,ALL,4,cassandra1,cassandra3,4,False,True,
114,4,1,MONOTONIC_WRITES,normal,netem delay 25ms 25ms,ALL,5,cassandra2,cassandra3,5,False,True,
114,4,2,MONOTONIC_WRITES,normal,netem delay 25ms 25ms,ALL,5,cassandra2,cassandra1,5,False,True,
114,4,3,MONOTONIC_WRITES,normal,netem delay 25ms 25ms,ALL,5,cassandra2,cassandra1,5,False,True,
114,5,1,MONOTONIC_WRITES,normal,netem delay 25ms 25ms,ALL,6,cassandra1,cassandra3,6,False,True,
114,5,2,MONOTONIC_WRITES,normal,netem delay 25ms 25ms,ALL,6,cassandra1,cassandra2,6,False,True,
114,5,3,MONOTONIC_WRITES,normal,netem delay 25ms 25ms,ALL,6,cassandra1,cassandra1,6,False,True,
115,1,1,MONOTONIC_WRITES,normal,netem delay 25ms 25ms,ALL,2,cassandra2,cassandra3,2,False,True,
115,1,2,MONOTONIC_WRITES,normal,netem delay 25ms 25ms,ALL,2,cassandra2,cassandra3,2,False,True,
115,1,3,MONOTONIC_WRITES,normal,netem delay 25ms 25ms,ALL,2,cassandra2,cassandra1,2,False,True,
115,2,1,MONOTONIC_WRITES,normal,netem delay 25ms 25ms,ALL,3,cassandra1,cassandra1,3,False,True,
115,2,2,MONOTONIC_WRITES,normal,netem delay 25ms 25ms,ALL,3,cassandra1,cassandra3,3,False,True,
115,2,3,MONOTONIC_WRITES,normal,netem delay 25ms 25ms,ALL,3,cassandra1,cassandra1,3,False,True,
115,3,1,MONOTONIC_WRITES,normal,netem delay 25ms 25ms,ALL,4,cassandra1,cassandra3,4,False,True,
115,3,2,MONOTONIC_WRITES,normal,netem delay 25ms 25ms,ALL,4,cassandra1,cassandra1,4,False,True,
115,3,3,MONOTONIC_WRITES,normal,netem delay 25ms 25ms,ALL,4,cassandra1,cassandra3,4,False,True,
115,4,1,MONOTONIC_WRITES,normal,netem delay 25ms 25ms,ALL,5,cassandra2,cassandra2,5,False,True,
115,4,2,MONOTONIC_WRITES,normal,netem delay 25ms 25ms,ALL,5,cassandra2,cassandra2,5,False,True,
115,4,3,MONOTONIC_WRITES,normal,netem delay 25ms 25ms,ALL,5,cassandra2,cassandra1,5,False,True,
115,5,1,MONOTONIC_WRITES,normal,netem delay 25ms 25ms,ALL,6,cassandra1,cassandra1,6,False,True,
115,5,2,MONOTONIC_WRITES,normal,netem delay 25ms 25ms,ALL,6,cassandra1,cassandra2,6,False,True,
115,5,3,MONOTONIC_WRITES,normal,netem delay 25ms 25ms,ALL,6,cassandra1,cassandra3,6,False,True,
116,1,1,MONOTONIC_WRITES,normal,netem delay 25ms 25ms,ALL,2,cassandra1,cassandra1,2,False,True,
116,1,2,MONOTONIC_WRITES,normal,netem delay 25ms 25ms,ALL,2,cassandra1,cassandra1,2,False,True,
116,1,3,MONOTONIC_WRITES,normal,netem delay 25ms 25ms,ALL,2,cassandra1,cassandra2,2,False,True,
116,2,1,MONOTONIC_WRITES,normal,netem delay 25ms 25ms,ALL,3,cassandra2,cassandra2,3,False,True,
116,2,2,MONOTONIC_WRITES,normal,netem delay 25ms 25ms,ALL,3,cassandra2,cassandra1,3,False,True,
116,2,3,MONOTONIC_WRITES,normal,netem delay 25ms 25ms,ALL,3,cassandra2,cassandra3,3,False,True,
116,3,1,MONOTONIC_WRITES,normal,netem delay 25ms 25ms,ALL,4,cassandra3,cassandra3,4,False,True,
116,3,2,MONOTONIC_WRITES,normal,netem delay 25ms 25ms,ALL,4,cassandra3,cassandra2,4,False,True,
116,3,3,MONOTONIC_WRITES,normal,netem delay 25ms 25ms,ALL,4,cassandra3,cassandra1,4,False,True,
116,4,1,MONOTONIC_WRITES,normal,netem delay 25ms 25ms,ALL,5,cassandra2,cassandra2,5,False,True,
116,4,2,MONOTONIC_WRITES,normal,netem delay 25ms 25ms,ALL,5,cassandra2,cassandra1,5,False,True,
116,4,3,MONOTONIC_WRITES,normal,netem delay 25ms 25ms,ALL,5,cassandra2,cassandra2,5,False,True,
116,5,1,MONOTONIC_WRITES,normal,netem delay 25ms 25ms,ALL,6,cassandra2,cassandra2,6,False,True,
116,5,2,MONOTONIC_WRITES,normal,netem delay 25ms 25ms,ALL,6,cassandra2,cassandra3,6,False,True,
116,5,3,MONOTONIC_WRITES,normal,netem delay 25ms 25ms,ALL,6,cassandra2,cassandra1,6,False,True,
117,1,1,MONOTONIC_WRITES,normal,netem delay 25ms 25ms,ALL,2,cassandra1,cassandra2,2,False,True,
117,1,2,MONOTONIC_WRITES,normal,netem delay 25ms 25ms,ALL,2,cassandra1,cassandra2,2,False,True,
117,1,3,MONOTONIC_WRITES,normal,netem delay 25ms 25ms,ALL,2,cassandra1,cassandra1,2,False,True,
117,2,1,MONOTONIC_WRITES,normal,netem delay 25ms 25ms,ALL,3,cassandra2,cassandra1,3,False,True,
117,2,2,MONOTONIC_WRITES,normal,netem delay 25ms 25ms,ALL,3,cassandra2,cassandra3,3,False,True,
117,2,3,MONOTONIC_WRITES,normal,netem delay 25ms 25ms,ALL,3,cassandra2,cassandra3,3,False,True,
117,3,1,MONOTONIC_WRITES,normal,netem delay 25ms 25ms,ALL,4,cassandra2,cassandra2,4,False,True,
117,3,2,MONOTONIC_WRITES,normal,netem delay 25ms 25ms,ALL,4,cassandra2,cassandra1,4,False,True,
117,3,3,MONOTONIC_WRITES,normal,netem delay 25ms 25ms,ALL,4,cassandra2,cassandra3,4,False,True,
117,4,1,MONOTONIC_WRITES,normal,netem delay 25ms 25ms,ALL,5,cassandra2,cassandra3,5,False,True,
117,4,2,MONOTONIC_WRITES,normal,netem delay 25ms 25ms,ALL,5,cassandra2,cassandra2,5,False,True,
117,4,3,MONOTONIC_WRITES,normal,netem delay 25ms 25ms,ALL,5,cassandra2,cassandra1,5,False,True,
117,5,1,MONOTONIC_WRITES,normal,netem delay 25ms 25ms,ALL,6,cassandra1,cassandra3,6,False,True,
117,5,2,MONOTONIC_WRITES,normal,netem delay 25ms 25ms,ALL,6,cassandra1,cassandra3,6,False,True,
117,5,3,MONOTONIC_WRITES,normal,netem delay 25ms 25ms,ALL,6,cassandra1,cassandra1,6,False,True,
118,1,1,MONOTONIC_WRITES,normal,netem delay 25ms 25ms,ALL,2,cassandra1,cassandra1,2,False,True,
118,1,2,MONOTONIC_WRITES,normal,netem delay 25ms 25ms,ALL,2,cassandra1,cassandra2,2,False,True,
118,1,3,MONOTONIC_WRITES,normal,netem delay 25ms 25ms,ALL,2,cassandra1,cassandra2,2,False,True,
118,2,1,MONOTONIC_WRITES,normal,netem delay 25ms 25ms,ALL,3,cassandra3,cassandra2,3,False,True,
118,2,2,MONOTONIC_WRITES,normal,netem delay 25ms 25ms,ALL,3,cassandra3,cassandra2,3,False,True,
118,2,3,MONOTONIC_WRITES,normal,netem delay 25ms 25ms,ALL,3,cassandra3,cassandra1,3,False,True,
118,3,1,MONOTONIC_WRITES,normal,netem delay 25ms 25ms,ALL,4,cassandra2,cassandra2,4,False,True,
118,3,2,MONOTONIC_WRITES,normal,netem delay 25ms 25ms,ALL,4,cassandra2,cassandra3,4,False,True,
118,3,3,MONOTONIC_WRITES,normal,netem delay 25ms 25ms,ALL,4,cassandra2,cassandra2,4,False,True,
118,4,1,MONOTONIC_WRITES,normal,netem delay 25ms 25ms,ALL,5,cassandra3,cassandra1,5,False,True,
118,4,2,MONOTONIC_WRITES,normal,netem delay 25ms 25ms,ALL,5,cassandra3,cassandra2,5,False,True,
118,4,3,MONOTONIC_WRITES,normal,netem delay 25ms 25ms,ALL,5,cassandra3,cassandra2,5,False,True,
118,5,1,MONOTONIC_WRITES,normal,netem delay 25ms 25ms,ALL,6,cassandra2,cassandra3,6,False,True,
118,5,2,MONOTONIC_WRITES,normal,netem delay 25ms 25ms,ALL,6,cassandra2,cassandra1,6,False,True,
118,5,3,MONOTONIC_WRITES,normal,netem delay 25ms 25ms,ALL,6,cassandra2,cassandra3,6,False,True,
119,1,1,MONOTONIC_WRITES,normal,netem delay 25ms 25ms,ALL,2,cassandra1,cassandra2,2,False,True,
119,1,2,MONOTONIC_WRITES,normal,netem delay 25ms 25ms,ALL,2,cassandra1,cassandra3,2,False,True,
119,1,3,MONOTONIC_WRITES,normal,netem delay 25ms 25ms,ALL,2,cassandra1,cassandra3,2,False,True,
119,2,1,MONOTONIC_WRITES,normal,netem delay 25ms 25ms,ALL,3,cassandra3,cassandra2,3,False,True,
119,2,2,MONOTONIC_WRITES,normal,netem delay 25ms 25ms,ALL,3,cassandra3,cassandra3,3,False,True,
119,2,3,MONOTONIC_WRITES,normal,netem delay 25ms 25ms,ALL,3,cassandra3,cassandra1,3,False,True,
119,3,1,MONOTONIC_WRITES,normal,netem delay 25ms 25ms,ALL,4,cassandra1,cassandra3,4,False,True,
119,3,2,MONOTONIC_WRITES,normal,netem delay 25ms 25ms,ALL,4,cassandra1,cassandra3,4,False,True,
119,3,3,MONOTONIC_WRITES,normal,netem delay 25ms 25ms,ALL,4,cassandra1,cassandra2,4,False,True,
119,4,1,MONOTONIC_WRITES,normal,netem delay 25ms 25ms,ALL,5,cassandra2,cassandra1,5,False,True,
119,4,2,MONOTONIC_WRITES,normal,netem delay 25ms 25ms,ALL,5,cassandra2,cassandra2,5,False,True,
119,4,3,MONOTONIC_WRITES,normal,netem delay 25ms 25ms,ALL,5,cassandra2,cassandra2,5,False,True,
119,5,1,MONOTONIC_WRITES,normal,netem delay 25ms 25ms,ALL,6,cassandra1,cassandra3,6,False,True,
119,5,2,MONOTONIC_WRITES,normal,netem delay 25ms 25ms,ALL,6,cassandra1,cassandra3,6,False,True,
119,5,3,MONOTONIC_WRITES,normal,netem delay 25ms 25ms,ALL,6,cassandra1,cassandra3,6,False,True,
120,1,1,MONOTONIC_WRITES,normal,netem delay 25ms 25ms,ALL,2,cassandra3,cassandra2,2,False,True,
120,1,2,MONOTONIC_WRITES,normal,netem delay 25ms 25ms,ALL,2,cassandra3,cassandra3,2,False,True,
120,1,3,MONOTONIC_WRITES,normal,netem delay 25ms 25ms,ALL,2,cassandra3,cassandra1,2,False,True,
120,2,1,MONOTONIC_WRITES,normal,netem delay 25ms 25ms,ALL,3,cassandra3,cassandra1,3,False,True,
120,2,2,MONOTONIC_WRITES,normal,netem delay 25ms 25ms,ALL,3,cassandra3,cassandra1,3,False,True,
120,2,3,MONOTONIC_WRITES,normal,netem delay 25ms 25ms,ALL,3,cassandra3,cassandra1,3,False,True,
120,3,1,MONOTONIC_WRITES,normal,netem delay 25ms 25ms,ALL,4,cassandra3,cassandra1,4,False,True,
120,3,2,MONOTONIC_WRITES,normal,netem delay 25ms 25ms,ALL,4,cassandra3,cassandra2,4,False,True,
120,3,3,MONOTONIC_WRITES,normal,netem delay 25ms 25ms,ALL,4,cassandra3,cassandra1,4,False,True,
120,4,1,MONOTONIC_WRITES,normal,netem delay 25ms 25ms,ALL,5,cassandra2,cassandra1,5,False,True,
120,4,2,MONOTONIC_WRITES,normal,netem delay 25ms 25ms,ALL,5,cassandra2,cassandra3,5,False,True,
120,4,3,MONOTONIC_WRITES,normal,netem delay 25ms 25ms,ALL,5,cassandra2,cassandra3,5,False,True,
120,5,1,MONOTONIC_WRITES,normal,netem delay 25ms 25ms,ALL,6,cassandra3,cassandra3,6,False,True,
120,5,2,MONOTONIC_WRITES,normal,netem delay 25ms 25ms,ALL,6,cassandra3,cassandra1,6,False,True,
120,5,3,MONOTONIC_WRITES,normal,netem delay 25ms 25ms,ALL,6,cassandra3,cassandra2,6,False,True,
121,1,1,MONOTONIC_WRITES,normal,netem delay 25ms 25ms,ALL,2,cassandra2,cassandra2,2,False,True,
121,1,2,MONOTONIC_WRITES,normal,netem delay 25ms 25ms,ALL,2,cassandra2,cassandra2,2,False,True,
121,1,3,MONOTONIC_WRITES,normal,netem delay 25ms 25ms,ALL,2,cassandra2,cassandra2,2,False,True,
121,2,1,MONOTONIC_WRITES,normal,netem delay 25ms 25ms,ALL,3,cassandra2,cassandra3,3,False,True,
121,2,2,MONOTONIC_WRITES,normal,netem delay 25ms 25ms,ALL,3,cassandra2,cassandra3,3,False,True,
121,2,3,MONOTONIC_WRITES,normal,netem delay 25ms 25ms,ALL,3,cassandra2,cassandra2,3,False,True,
121,3,1,MONOTONIC_WRITES,normal,netem delay 25ms 25ms,ALL,4,cassandra2,cassandra2,4,False,True,
121,3,2,MONOTONIC_WRITES,normal,netem delay 25ms 25ms,ALL,4,cassandra2,cassandra2,4,False,True,
121,3,3,MONOTONIC_WRITES,normal,netem delay 25ms 25ms,ALL,4,cassandra2,cassandra2,4,False,True,
121,4,1,MONOTONIC_WRITES,normal,netem delay 25ms 25ms,ALL,5,cassandra3,cassandra1,5,False,True,
121,4,2,MONOTONIC_WRITES,normal,netem delay 25ms 25ms,ALL,5,cassandra3,cassandra1,5,False,True,
121,4,3,MONOTONIC_WRITES,normal,netem delay 25ms 25ms,ALL,5,cassandra3,cassandra1,5,False,True,
121,5,1,MONOTONIC_WRITES,normal,netem delay 25ms 25ms,ALL,6,cassandra3,cassandra3,6,False,True,
121,5,2,MONOTONIC_WRITES,normal,netem delay 25ms 25ms,ALL,6,cassandra3,cassandra3,6,False,True,
121,5,3,MONOTONIC_WRITES,normal,netem delay 25ms 25ms,ALL,6,cassandra3,cassandra2,6,False,True,
122,1,1,MONOTONIC_WRITES,normal,netem delay 25ms 25ms,ALL,2,cassandra3,cassandra1,2,False,True,
122,1,2,MONOTONIC_WRITES,normal,netem delay 25ms 25ms,ALL,2,cassandra3,cassandra1,2,False,True,
122,1,3,MONOTONIC_WRITES,normal,netem delay 25ms 25ms,ALL,2,cassandra3,cassandra1,2,False,True,
122,2,1,MONOTONIC_WRITES,normal,netem delay 25ms 25ms,ALL,3,cassandra2,cassandra3,3,False,True,
122,2,2,MONOTONIC_WRITES,normal,netem delay 25ms 25ms,ALL,3,cassandra2,cassandra3,3,False,True,
122,2,3,MONOTONIC_WRITES,normal,netem delay 25ms 25ms,ALL,3,cassandra2,cassandra1,3,False,True,
122,3,1,MONOTONIC_WRITES,normal,netem delay 25ms 25ms,ALL,4,cassandra1,cassandra1,4,False,True,
122,3,2,MONOTONIC_WRITES,normal,netem delay 25ms 25ms,ALL,4,cassandra1,cassandra3,4,False,True,
122,3,3,MONOTONIC_WRITES,normal,netem delay 25ms 25ms,ALL,4,cassandra1,cassandra2,4,False,True,
122,4,1,MONOTONIC_WRITES,normal,netem delay 25ms 25ms,ALL,5,cassandra1,cassandra1,5,False,True,
122,4,2,MONOTONIC_WRITES,normal,netem delay 25ms 25ms,ALL,5,cassandra1,cassandra3,5,False,True,
122,4,3,MONOTONIC_WRITES,normal,netem delay 25ms 25ms,ALL,5,cassandra1,cassandra3,5,False,True,
122,5,1,MONOTONIC_WRITES,normal,netem delay 25ms 25ms,ALL,6,cassandra3,cassandra3,6,False,True,
122,5,2,MONOTONIC_WRITES,normal,netem delay 25ms 25ms,ALL,6,cassandra3,cassandra2,6,False,True,
122,5,3,MONOTONIC_WRITES,normal,netem delay 25ms 25ms,ALL,6,cassandra3,cassandra3,6,False,True,
123,1,1,MONOTONIC_WRITES,normal,netem delay 25ms 25ms,ALL,2,cassandra3,cassandra3,2,False,True,
123,1,2,MONOTONIC_WRITES,normal,netem delay 25ms 25ms,ALL,2,cassandra3,cassandra2,2,False,True,
123,1,3,MONOTONIC_WRITES,normal,netem delay 25ms 25ms,ALL,2,cassandra3,cassandra2,2,False,True,
123,2,1,MONOTONIC_WRITES,normal,netem delay 25ms 25ms,ALL,3,cassandra3,cassandra1,3,False,True,
123,2,2,MONOTONIC_WRITES,normal,netem delay 25ms 25ms,ALL,3,cassandra3,cassandra3,3,False,True,
123,2,3,MONOTONIC_WRITES,normal,netem delay 25ms 25ms,ALL,3,cassandra3,cassandra3,3,False,True,
123,3,1,MONOTONIC_WRITES,normal,netem delay 25ms 25ms,ALL,4,cassandra3,cassandra1,4,False,True,
123,3,2,MONOTONIC_WRITES,normal,netem delay 25ms 25ms,ALL,4,cassandra3,cassandra3,4,False,True,
123,3,3,MONOTONIC_WRITES,normal,netem delay 25ms 25ms,ALL,4,cassandra3,cassandra2,4,False,True,
123,4,1,MONOTONIC_WRITES,normal,netem delay 25ms 25ms,ALL,5,cassandra3,cassandra3,5,False,True,
123,4,2,MONOTONIC_WRITES,normal,netem delay 25ms 25ms,ALL,5,cassandra3,cassandra1,5,False,True,
123,4,3,MONOTONIC_WRITES,normal,netem delay 25ms 25ms,ALL,5,cassandra3,cassandra2,5,False,True,
123,5,1,MONOTONIC_WRITES,normal,netem delay 25ms 25ms,ALL,6,cassandra2,cassandra1,6,False,True,
123,5,2,MONOTONIC_WRITES,normal,netem delay 25ms 25ms,ALL,6,cassandra2,cassandra1,6,False,True,
123,5,3,MONOTONIC_WRITES,normal,netem delay 25ms 25ms,ALL,6,cassandra2,cassandra1,6,False,True,
124,1,1,MONOTONIC_WRITES,normal,netem delay 25ms 25ms,ALL,2,cassandra1,cassandra1,2,False,True,
124,1,2,MONOTONIC_WRITES,normal,netem delay 25ms 25ms,ALL,2,cassandra1,cassandra3,2,False,True,
124,1,3,MONOTONIC_WRITES,normal,netem delay 25ms 25ms,ALL,2,cassandra1,cassandra1,2,False,True,
124,2,1,MONOTONIC_WRITES,normal,netem delay 25ms 25ms,ALL,3,cassandra3,cassandra1,3,False,True,
124,2,2,MONOTONIC_WRITES,normal,netem delay 25ms 25ms,ALL,3,cassandra3,cassandra1,3,False,True,
124,2,3,MONOTONIC_WRITES,normal,netem delay 25ms 25ms,ALL,3,cassandra3,cassandra3,3,False,True,
124,3,1,MONOTONIC_WRITES,normal,netem delay 25ms 25ms,ALL,4,cassandra3,cassandra3,4,False,True,
124,3,2,MONOTONIC_WRITES,normal,netem delay 25ms 25ms,ALL,4,cassandra3,cassandra2,4,False,True,
124,3,3,MONOTONIC_WRITES,normal,netem delay 25ms 25ms,ALL,4,cassandra3,cassandra2,4,False,True,
124,4,1,MONOTONIC_WRITES,normal,netem delay 25ms 25ms,ALL,5,cassandra3,cassandra1,5,False,True,
124,4,2,MONOTONIC_WRITES,normal,netem delay 25ms 25ms,ALL,5,cassandra3,cassandra1,5,False,True,
124,4,3,MONOTONIC_WRITES,normal,netem delay 25ms 25ms,ALL,5,cassandra3,cassandra2,5,False,True,
124,5,1,MONOTONIC_WRITES,normal,netem delay 25ms 25ms,ALL,6,cassandra3,cassandra2,6,False,True,
124,5,2,MONOTONIC_WRITES,normal,netem delay 25ms 25ms,ALL,6,cassandra3,cassandra2,6,False,True,
124,5,3,MONOTONIC_WRITES,normal,netem delay 25ms 25ms,ALL,6,cassandra3,cassandra3,6,False,True,
125,1,1,MONOTONIC_WRITES,normal,netem delay 25ms 25ms,ALL,2,cassandra2,cassandra2,2,False,True,
125,1,2,MONOTONIC_WRITES,normal,netem delay 25ms 25ms,ALL,2,cassandra2,cassandra2,2,False,True,
125,1,3,MONOTONIC_WRITES,normal,netem delay 25ms 25ms,ALL,2,cassandra2,cassandra2,2,False,True,
125,2,1,MONOTONIC_WRITES,normal,netem delay 25ms 25ms,ALL,3,cassandra3,cassandra3,3,False,True,
125,2,2,MONOTONIC_WRITES,normal,netem delay 25ms 25ms,ALL,3,cassandra3,cassandra1,3,False,True,
125,2,3,MONOTONIC_WRITES,normal,netem delay 25ms 25ms,ALL,3,cassandra3,cassandra3,3,False,True,
125,3,1,MONOTONIC_WRITES,normal,netem delay 25ms 25ms,ALL,4,cassandra1,cassandra2,4,False,True,
125,3,2,MONOTONIC_WRITES,normal,netem delay 25ms 25ms,ALL,4,cassandra1,cassandra2,4,False,True,
125,3,3,MONOTONIC_WRITES,normal,netem delay 25ms 25ms,ALL,4,cassandra1,cassandra1,4,False,True,
125,4,1,MONOTONIC_WRITES,normal,netem delay 25ms 25ms,ALL,5,cassandra3,cassandra3,5,False,True,
125,4,2,MONOTONIC_WRITES,normal,netem delay 25ms 25ms,ALL,5,cassandra3,cassandra3,5,False,True,
125,4,3,MONOTONIC_WRITES,normal,netem delay 25ms 25ms,ALL,5,cassandra3,cassandra2,5,False,True,
125,5,1,MONOTONIC_WRITES,normal,netem delay 25ms 25ms,ALL,6,cassandra3,cassandra2,6,False,True,
125,5,2,MONOTONIC_WRITES,normal,netem delay 25ms 25ms,ALL,6,cassandra3,cassandra1,6,False,True,
125,5,3,MONOTONIC_WRITES,normal,netem delay 25ms 25ms,ALL,6,cassandra3,cassandra2,6,False,True,
126,1,1,MONOTONIC_WRITES,normal,netem delay 25ms 25ms,ALL,2,cassandra3,cassandra2,2,False,True,
126,1,2,MONOTONIC_WRITES,normal,netem delay 25ms 25ms,ALL,2,cassandra3,cassandra3,2,False,True,
126,1,3,MONOTONIC_WRITES,normal,netem delay 25ms 25ms,ALL,2,cassandra3,cassandra2,2,False,True,
126,2,1,MONOTONIC_WRITES,normal,netem delay 25ms 25ms,ALL,3,cassandra3,cassandra1,3,False,True,
126,2,2,MONOTONIC_WRITES,normal,netem delay 25ms 25ms,ALL,3,cassandra3,cassandra1,3,False,True,
126,2,3,MONOTONIC_WRITES,normal,netem delay 25ms 25ms,ALL,3,cassandra3,cassandra1,3,False,True,
126,3,1,MONOTONIC_WRITES,normal,netem delay 25ms 25ms,ALL,4,cassandra1,cassandra2,4,False,True,
126,3,2,MONOTONIC_WRITES,normal,netem delay 25ms 25ms,ALL,4,cassandra1,cassandra1,4,False,True,
126,3,3,MONOTONIC_WRITES,normal,netem delay 25ms 25ms,ALL,4,cassandra1,cassandra1,4,False,True,
126,4,1,MONOTONIC_WRITES,normal,netem delay 25ms 25ms,ALL,5,cassandra2,cassandra2,5,False,True,
126,4,2,MONOTONIC_WRITES,normal,netem delay 25ms 25ms,ALL,5,cassandra2,cassandra3,5,False,True,
126,4,3,MONOTONIC_WRITES,normal,netem delay 25ms 25ms,ALL,5,cassandra2,cassandra3,5,False,True,
126,5,1,MONOTONIC_WRITES,normal,netem delay 25ms 25ms,ALL,6,cassandra2,cassandra2,6,False,True,
126,5,2,MONOTONIC_WRITES,normal,netem delay 25ms 25ms,ALL,6,cassandra2,cassandra2,6,False,True,
126,5,3,MONOTONIC_WRITES,normal,netem delay 25ms 25ms,ALL,6,cassandra2,cassandra3,6,False,True,
127,1,1,MONOTONIC_WRITES,normal,netem delay 25ms 25ms,ALL,2,cassandra3,cassandra1,2,False,True,
127,1,2,MONOTONIC_WRITES,normal,netem delay 25ms 25ms,ALL,2,cassandra3,cassandra3,2,False,True,
127,1,3,MONOTONIC_WRITES,normal,netem delay 25ms 25ms,ALL,2,cassandra3,cassandra2,2,False,True,
127,2,1,MONOTONIC_WRITES,normal,netem delay 25ms 25ms,ALL,3,cassandra2,cassandra1,3,False,True,
127,2,2,MONOTONIC_WRITES,normal,netem delay 25ms 25ms,ALL,3,cassandra2,cassandra2,3,False,True,
127,2,3,MONOTONIC_WRITES,normal,netem delay 25ms 25ms,ALL,3,cassandra2,cassandra1,3,False,True,
127,3,1,MONOTONIC_WRITES,normal,netem delay 25ms 25ms,ALL,4,cassandra3,cassandra2,4,False,True,
127,3,2,MONOTONIC_WRITES,normal,netem delay 25ms 25ms,ALL,4,cassandra3,cassandra1,4,False,True,
127,3,3,MONOTONIC_WRITES,normal,netem delay 25ms 25ms,ALL,4,cassandra3,cassandra2,4,False,True,
127,4,1,MONOTONIC_WRITES,normal,netem delay 25ms 25ms,ALL,5,cassandra1,cassandra3,5,False,True,
127,4,2,MONOTONIC_WRITES,normal,netem delay 25ms 25ms,ALL,5,cassandra1,cassandra3,5,False,True,
127,4,3,MONOTONIC_WRITES,normal,netem delay 25ms 25ms,ALL,5,cassandra1,cassandra2,5,False,True,
127,5,1,MONOTONIC_WRITES,normal,netem delay 25ms 25ms,ALL,6,cassandra1,cassandra1,6,False,True,
127,5,2,MONOTONIC_WRITES,normal,netem delay 25ms 25ms,ALL,6,cassandra1,cassandra1,6,False,True,
127,5,3,MONOTONIC_WRITES,normal,netem delay 25ms 25ms,ALL,6,cassandra1,cassandra2,6,False,True,
128,1,1,MONOTONIC_WRITES,normal,netem delay 25ms 25ms,ALL,2,cassandra2,cassandra2,2,False,True,
128,1,2,MONOTONIC_WRITES,normal,netem delay 25ms 25ms,ALL,2,cassandra2,cassandra1,2,False,True,
128,1,3,MONOTONIC_WRITES,normal,netem delay 25ms 25ms,ALL,2,cassandra2,cassandra1,2,False,True,
128,2,1,MONOTONIC_WRITES,normal,netem delay 25ms 25ms,ALL,3,cassandra3,cassandra2,3,False,True,
128,2,2,MONOTONIC_WRITES,normal,netem delay 25ms 25ms,ALL,3,cassandra3,cassandra3,3,False,True,
128,2,3,MONOTONIC_WRITES,normal,netem delay 25ms 25ms,ALL,3,cassandra3,cassandra1,3,False,True,
128,3,1,MONOTONIC_WRITES,normal,netem delay 25ms 25ms,ALL,4,cassandra1,cassandra3,4,False,True,
128,3,2,MONOTONIC_WRITES,normal,netem delay 25ms 25ms,ALL,4,cassandra1,cassandra3,4,False,True,
128,3,3,MONOTONIC_WRITES,normal,netem delay 25ms 25ms,ALL,4,cassandra1,cassandra2,4,False,True,
128,4,1,MONOTONIC_WRITES,normal,netem delay 25ms 25ms,ALL,5,cassandra3,cassandra2,5,False,True,
128,4,2,MONOTONIC_WRITES,normal,netem delay 25ms 25ms,ALL,5,cassandra3,cassandra1,5,False,True,
128,4,3,MONOTONIC_WRITES,normal,netem delay 25ms 25ms,ALL,5,cassandra3,cassandra2,5,False,True,
128,5,1,MONOTONIC_WRITES,normal,netem delay 25ms 25ms,ALL,6,cassandra3,cassandra3,6,False,True,
128,5,2,MONOTONIC_WRITES,normal,netem delay 25ms 25ms,ALL,6,cassandra3,cassandra1,6,False,True,
128,5,3,MONOTONIC_WRITES,normal,netem delay 25ms 25ms,ALL,6,cassandra3,cassandra2,6,False,True,
129,1,1,MONOTONIC_WRITES,normal,netem delay 25ms 25ms,ALL,2,cassandra1,cassandra2,2,False,True,
129,1,2,MONOTONIC_WRITES,normal,netem delay 25ms 25ms,ALL,2,cassandra1,cassandra1,2,False,True,
129,1,3,MONOTONIC_WRITES,normal,netem delay 25ms 25ms,ALL,2,cassandra1,cassandra1,2,False,True,
129,2,1,MONOTONIC_WRITES,normal,netem delay 25ms 25ms,ALL,3,cassandra1,cassandra3,3,False,True,
129,2,2,MONOTONIC_WRITES,normal,netem delay 25ms 25ms,ALL,3,cassandra1,cassandra2,3,False,True,
129,2,3,MONOTONIC_WRITES,normal,netem delay 25ms 25ms,ALL,3,cassandra1,cassandra3,3,False,True,
129,3,1,MONOTONIC_WRITES,normal,netem delay 25ms 25ms,ALL,4,cassandra2,cassandra1,4,False,True,
129,3,2,MONOTONIC_WRITES,normal,netem delay 25ms 25ms,ALL,4,cassandra2,cassandra3,4,False,True,
129,3,3,MONOTONIC_WRITES,normal,netem delay 25ms 25ms,ALL,4,cassandra2,cassandra2,4,False,True,
129,4,1,MONOTONIC_WRITES,normal,netem delay 25ms 25ms,ALL,5,cassandra2,cassandra2,5,False,True,
129,4,2,MONOTONIC_WRITES,normal,netem delay 25ms 25ms,ALL,5,cassandra2,cassandra1,5,False,True,
129,4,3,MONOTONIC_WRITES,normal,netem delay 25ms 25ms,ALL,5,cassandra2,cassandra1,5,False,True,
129,5,1,MONOTONIC_WRITES,normal,netem delay 25ms 25ms,ALL,6,cassandra2,cassandra1,6,False,True,
129,5,2,MONOTONIC_WRITES,normal,netem delay 25ms 25ms,ALL,6,cassandra2,cassandra2,6,False,True,
129,5,3,MONOTONIC_WRITES,normal,netem delay 25ms 25ms,ALL,6,cassandra2,cassandra2,6,False,True,
130,1,1,MONOTONIC_WRITES,normal,netem delay 25ms 25ms,ALL,2,cassandra2,cassandra3,2,False,True,
130,1,2,MONOTONIC_WRITES,normal,netem delay 25ms 25ms,ALL,2,cassandra2,cassandra3,2,False,True,
130,1,3,MONOTONIC_WRITES,normal,netem delay 25ms 25ms,ALL,2,cassandra2,cassandra1,2,False,True,
130,2,1,MONOTONIC_WRITES,normal,netem delay 25ms 25ms,ALL,3,cassandra2,cassandra2,3,False,True,
130,2,2,MONOTONIC_WRITES,normal,netem delay 25ms 25ms,ALL,3,cassandra2,cassandra3,3,False,True,
130,2,3,MONOTONIC_WRITES,normal,netem delay 25ms 25ms,ALL,3,cassandra2,cassandra1,3,False,True,
130,3,1,MONOTONIC_WRITES,normal,netem delay 25ms 25ms,ALL,4,cassandra1,cassandra2,4,False,True,
130,3,2,MONOTONIC_WRITES,normal,netem delay 25ms 25ms,ALL,4,cassandra1,cassandra3,4,False,True,
130,3,3,MONOTONIC_WRITES,normal,netem delay 25ms 25ms,ALL,4,cassandra1,cassandra2,4,False,True,
130,4,1,MONOTONIC_WRITES,normal,netem delay 25ms 25ms,ALL,5,cassandra1,cassandra2,5,False,True,
130,4,2,MONOTONIC_WRITES,normal,netem delay 25ms 25ms,ALL,5,cassandra1,cassandra3,5,False,True,
130,4,3,MONOTONIC_WRITES,normal,netem delay 25ms 25ms,ALL,5,cassandra1,cassandra3,5,False,True,
130,5,1,MONOTONIC_WRITES,normal,netem delay 25ms 25ms,ALL,6,cassandra3,cassandra3,6,False,True,
130,5,2,MONOTONIC_WRITES,normal,netem delay 25ms 25ms,ALL,6,cassandra3,cassandra1,6,False,True,
130,5,3,MONOTONIC_WRITES,normal,netem delay 25ms 25ms,ALL,6,cassandra3,cassandra3,6,False,True,
131,1,1,MONOTONIC_WRITES,normal,netem delay 25ms 25ms,ALL,2,cassandra2,cassandra3,2,False,True,
131,1,2,MONOTONIC_WRITES,normal,netem delay 25ms 25ms,ALL,2,cassandra2,cassandra3,2,False,True,
131,1,3,MONOTONIC_WRITES,normal,netem delay 25ms 25ms,ALL,2,cassandra2,cassandra3,2,False,True,
131,2,1,MONOTONIC_WRITES,normal,netem delay 25ms 25ms,ALL,3,cassandra3,cassandra3,3,False,True,
131,2,2,MONOTONIC_WRITES,normal,netem delay 25ms 25ms,ALL,3,cassandra3,cassandra3,3,False,True,
131,2,3,MONOTONIC_WRITES,normal,netem delay 25ms 25ms,ALL,3,cassandra3,cassandra3,3,False,True,
131,3,1,MONOTONIC_WRITES,normal,netem delay 25ms 25ms,ALL,4,cassandra2,cassandra2,4,False,True,
131,3,2,MONOTONIC_WRITES,normal,netem delay 25ms 25ms,ALL,4,cassandra2,cassandra2,4,False,True,
131,3,3,MONOTONIC_WRITES,normal,netem delay 25ms 25ms,ALL,4,cassandra2,cassandra2,4,False,True,
131,4,1,MONOTONIC_WRITES,normal,netem delay 25ms 25ms,ALL,5,cassandra2,cassandra1,5,False,True,
131,4,2,MONOTONIC_WRITES,normal,netem delay 25ms 25ms,ALL,5,cassandra2,cassandra2,5,False,True,
131,4,3,MONOTONIC_WRITES,normal,netem delay 25ms 25ms,ALL,5,cassandra2,cassandra2,5,False,True,
131,5,1,MONOTONIC_WRITES,normal,netem delay 25ms 25ms,ALL,6,cassandra2,cassandra3,6,False,True,
131,5,2,MONOTONIC_WRITES,normal,netem delay 25ms 25ms,ALL,6,cassandra2,cassandra1,6,False,True,
131,5,3,MONOTONIC_WRITES,normal,netem delay 25ms 25ms,ALL,6,cassandra2,cassandra2,6,False,True,
132,1,1,MONOTONIC_WRITES,normal,netem delay 25ms 25ms,ALL,2,cassandra2,cassandra2,2,False,True,
132,1,2,MONOTONIC_WRITES,normal,netem delay 25ms 25ms,ALL,2,cassandra2,cassandra3,2,False,True,
132,1,3,MONOTONIC_WRITES,normal,netem delay 25ms 25ms,ALL,2,cassandra2,cassandra1,2,False,True,
132,2,1,MONOTONIC_WRITES,normal,netem delay 25ms 25ms,ALL,3,cassandra2,cassandra3,3,False,True,
132,2,2,MONOTONIC_WRITES,normal,netem delay 25ms 25ms,ALL,3,cassandra2,cassandra1,3,False,True,
132,2,3,MONOTONIC_WRITES,normal,netem delay 25ms 25ms,ALL,3,cassandra2,cassandra1,3,False,True,
132,3,1,MONOTONIC_WRITES,normal,netem delay 25ms 25ms,ALL,4,cassandra2,cassandra3,4,False,True,
132,3,2,MONOTONIC_WRITES,normal,netem delay 25ms 25ms,ALL,4,cassandra2,cassandra1,4,False,True,
132,3,3,MONOTONIC_WRITES,normal,netem delay 25ms 25ms,ALL,4,cassandra2,cassandra2,4,False,True,
132,4,1,MONOTONIC_WRITES,normal,netem delay 25ms 25ms,ALL,5,cassandra1,cassandra2,5,False,True,
132,4,2,MONOTONIC_WRITES,normal,netem delay 25ms 25ms,ALL,5,cassandra1,cassandra1,5,False,True,
132,4,3,MONOTONIC_WRITES,normal,netem delay 25ms 25ms,ALL,5,cassandra1,cassandra3,5,False,True,
132,5,1,MONOTONIC_WRITES,normal,netem delay 25ms 25ms,ALL,6,cassandra3,cassandra3,6,False,True,
132,5,2,MONOTONIC_WRITES,normal,netem delay 25ms 25ms,ALL,6,cassandra3,cassandra2,6,False,True,
132,5,3,MONOTONIC_WRITES,normal,netem delay 25ms 25ms,ALL,6,cassandra3,cassandra1,6,False,True,
133,1,1,MONOTONIC_WRITES,normal,netem delay 25ms 25ms,ALL,2,cassandra1,cassandra3,2,False,True,
133,1,2,MONOTONIC_WRITES,normal,netem delay 25ms 25ms,ALL,2,cassandra1,cassandra2,2,False,True,
133,1,3,MONOTONIC_WRITES,normal,netem delay 25ms 25ms,ALL,2,cassandra1,cassandra3,2,False,True,
133,2,1,MONOTONIC_WRITES,normal,netem delay 25ms 25ms,ALL,3,cassandra3,cassandra3,3,False,True,
133,2,2,MONOTONIC_WRITES,normal,netem delay 25ms 25ms,ALL,3,cassandra3,cassandra2,3,False,True,
133,2,3,MONOTONIC_WRITES,normal,netem delay 25ms 25ms,ALL,3,cassandra3,cassandra2,3,False,True,
133,3,1,MONOTONIC_WRITES,normal,netem delay 25ms 25ms,ALL,4,cassandra3,cassandra1,4,False,True,
133,3,2,MONOTONIC_WRITES,normal,netem delay 25ms 25ms,ALL,4,cassandra3,cassandra1,4,False,True,
133,3,3,MONOTONIC_WRITES,normal,netem delay 25ms 25ms,ALL,4,cassandra3,cassandra1,4,False,True,
133,4,1,MONOTONIC_WRITES,normal,netem delay 25ms 25ms,ALL,5,cassandra2,cassandra3,5,False,True,
133,4,2,MONOTONIC_WRITES,normal,netem delay 25ms 25ms,ALL,5,cassandra2,cassandra2,5,False,True,
133,4,3,MONOTONIC_WRITES,normal,netem delay 25ms 25ms,ALL,5,cassandra2,cassandra1,5,False,True,
133,5,1,MONOTONIC_WRITES,normal,netem delay 25ms 25ms,ALL,6,cassandra1,cassandra2,6,False,True,
133,5,2,MONOTONIC_WRITES,normal,netem delay 25ms 25ms,ALL,6,cassandra1,cassandra3,6,False,True,
133,5,3,MONOTONIC_WRITES,normal,netem delay 25ms 25ms,ALL,6,cassandra1,cassandra3,6,False,True,
134,1,1,MONOTONIC_WRITES,normal,netem delay 25ms 25ms,ALL,2,cassandra3,cassandra1,2,False,True,
134,1,2,MONOTONIC_WRITES,normal,netem delay 25ms 25ms,ALL,2,cassandra3,cassandra2,2,False,True,
134,1,3,MONOTONIC_WRITES,normal,netem delay 25ms 25ms,ALL,2,cassandra3,cassandra2,2,False,True,
134,2,1,MONOTONIC_WRITES,normal,netem delay 25ms 25ms,ALL,3,cassandra3,cassandra2,3,False,True,
134,2,2,MONOTONIC_WRITES,normal,netem delay 25ms 25ms,ALL,3,cassandra3,cassandra3,3,False,True,
134,2,3,MONOTONIC_WRITES,normal,netem delay 25ms 25ms,ALL,3,cassandra3,cassandra2,3,False,True,
134,3,1,MONOTONIC_WRITES,normal,netem delay 25ms 25ms,ALL,4,cassandra1,cassandra2,4,False,True,
134,3,2,MONOTONIC_WRITES,normal,netem delay 25ms 25ms,ALL,4,cassandra1,cassandra2,4,False,True,
134,3,3,MONOTONIC_WRITES,normal,netem delay 25ms 25ms,ALL,4,cassandra1,cassandra3,4,False,True,
134,4,1,MONOTONIC_WRITES,normal,netem delay 25ms 25ms,ALL,5,cassandra3,cassandra1,5,False,True,
134,4,2,MONOTONIC_WRITES,normal,netem delay 25ms 25ms,ALL,5,cassandra3,cassandra3,5,False,True,
134,4,3,MONOTONIC_WRITES,normal,netem delay 25ms 25ms,ALL,5,cassandra3,cassandra3,5,False,True,
134,5,1,MONOTONIC_WRITES,normal,netem delay 25ms 25ms,ALL,6,cassandra2,cassandra1,6,False,True,
134,5,2,MONOTONIC_WRITES,normal,netem delay 25ms 25ms,ALL,6,cassandra2,cassandra1,6,False,True,
134,5,3,MONOTONIC_WRITES,normal,netem delay 25ms 25ms,ALL,6,cassandra2,cassandra3,6,False,True,
135,1,1,MONOTONIC_WRITES,normal,netem delay 25ms 25ms,ALL,2,cassandra2,cassandra1,2,False,True,
135,1,2,MONOTONIC_WRITES,normal,netem delay 25ms 25ms,ALL,2,cassandra2,cassandra1,2,False,True,
135,1,3,MONOTONIC_WRITES,normal,netem delay 25ms 25ms,ALL,2,cassandra2,cassandra3,2,False,True,
135,2,1,MONOTONIC_WRITES,normal,netem delay 25ms 25ms,ALL,3,cassandra2,cassandra1,3,False,True,
135,2,2,MONOTONIC_WRITES,normal,netem delay 25ms 25ms,ALL,3,cassandra2,cassandra2,3,False,True,
135,2,3,MONOTONIC_WRITES,normal,netem delay 25ms 25ms,ALL,3,cassandra2,cassandra1,3,False,True,
135,3,1,MONOTONIC_WRITES,normal,netem delay 25ms 25ms,ALL,4,cassandra1,cassandra1,4,False,True,
135,3,2,MONOTONIC_WRITES,normal,netem delay 25ms 25ms,ALL,4,cassandra1,cassandra3,4,False,True,
135,3,3,MONOTONIC_WRITES,normal,netem delay 25ms 25ms,ALL,4,cassandra1,cassandra2,4,False,True,
135,4,1,MONOTONIC_WRITES,normal,netem delay 25ms 25ms,ALL,5,cassandra2,cassandra1,5,False,True,
135,4,2,MONOTONIC_WRITES,normal,netem delay 25ms 25ms,ALL,5,cassandra2,cassandra1,5,False,True,
135,4,3,MONOTONIC_WRITES,normal,netem delay 25ms 25ms,ALL,5,cassandra2,cassandra2,5,False,True,
135,5,1,MONOTONIC_WRITES,normal,netem delay 25ms 25ms,ALL,6,cassandra1,cassandra1,6,False,True,
135,5,2,MONOTONIC_WRITES,normal,netem delay 25ms 25ms,ALL,6,cassandra1,cassandra1,6,False,True,
135,5,3,MONOTONIC_WRITES,normal,netem delay 25ms 25ms,ALL,6,cassandra1,cassandra3,6,False,True,
136,1,1,MONOTONIC_WRITES,normal,netem delay 25ms 25ms,ALL,2,cassandra2,cassandra3,2,False,True,
136,1,2,MONOTONIC_WRITES,normal,netem delay 25ms 25ms,ALL,2,cassandra2,cassandra1,2,False,True,
136,1,3,MONOTONIC_WRITES,normal,netem delay 25ms 25ms,ALL,2,cassandra2,cassandra3,2,False,True,
136,2,1,MONOTONIC_WRITES,normal,netem delay 25ms 25ms,ALL,3,cassandra2,cassandra2,3,False,True,
136,2,2,MONOTONIC_WRITES,normal,netem delay 25ms 25ms,ALL,3,cassandra2,cassandra2,3,False,True,
136,2,3,MONOTONIC_WRITES,normal,netem delay 25ms 25ms,ALL,3,cassandra2,cassandra2,3,False,True,
136,3,1,MONOTONIC_WRITES,normal,netem delay 25ms 25ms,ALL,4,cassandra1,cassandra3,4,False,True,
136,3,2,MONOTONIC_WRITES,normal,netem delay 25ms 25ms,ALL,4,cassandra1,cassandra2,4,False,True,
136,3,3,MONOTONIC_WRITES,normal,netem delay 25ms 25ms,ALL,4,cassandra1,cassandra1,4,False,True,
136,4,1,MONOTONIC_WRITES,normal,netem delay 25ms 25ms,ALL,5,cassandra3,cassandra1,5,False,True,
136,4,2,MONOTONIC_WRITES,normal,netem delay 25ms 25ms,ALL,5,cassandra3,cassandra1,5,False,True,
136,4,3,MONOTONIC_WRITES,normal,netem delay 25ms 25ms,ALL,5,cassandra3,cassandra1,5,False,True,
136,5,1,MONOTONIC_WRITES,normal,netem delay 25ms 25ms,ALL,6,cassandra1,cassandra2,6,False,True,
136,5,2,MONOTONIC_WRITES,normal,netem delay 25ms 25ms,ALL,6,cassandra1,cassandra2,6,False,True,
136,5,3,MONOTONIC_WRITES,normal,netem delay 25ms 25ms,ALL,6,cassandra1,cassandra3,6,False,True,
137,1,1,MONOTONIC_WRITES,normal,netem delay 25ms 25ms,ALL,2,cassandra3,cassandra3,2,False,True,
137,1,2,MONOTONIC_WRITES,normal,netem delay 25ms 25ms,ALL,2,cassandra3,cassandra3,2,False,True,
137,1,3,MONOTONIC_WRITES,normal,netem delay 25ms 25ms,ALL,2,cassandra3,cassandra2,2,False,True,
137,2,1,MONOTONIC_WRITES,normal,netem delay 25ms 25ms,ALL,3,cassandra3,cassandra2,3,False,True,
137,2,2,MONOTONIC_WRITES,normal,netem delay 25ms 25ms,ALL,3,cassandra3,cassandra3,3,False,True,
137,2,3,MONOTONIC_WRITES,normal,netem delay 25ms 25ms,ALL,3,cassandra3,cassandra1,3,False,True,
137,3,1,MONOTONIC_WRITES,normal,netem delay 25ms 25ms,ALL,4,cassandra3,cassandra1,4,False,True,
137,3,2,MONOTONIC_WRITES,normal,netem delay 25ms 25ms,ALL,4,cassandra3,cassandra2,4,False,True,
137,3,3,MONOTONIC_WRITES,normal,netem delay 25ms 25ms,ALL,4,cassandra3,cassandra2,4,False,True,
137,4,1,MONOTONIC_WRITES,normal,netem delay 25ms 25ms,ALL,5,cassandra1,cassandra1,5,False,True,
137,4,2,MONOTONIC_WRITES,normal,netem delay 25ms 25ms,ALL,5,cassandra1,cassandra2,5,False,True,
137,4,3,MONOTONIC_WRITES,normal,netem delay 25ms 25ms,ALL,5,cassandra1,cassandra3,5,False,True,
137,5,1,MONOTONIC_WRITES,normal,netem delay 25ms 25ms,ALL,6,cassandra3,cassandra1,6,False,True,
137,5,2,MONOTONIC_WRITES,normal,netem delay 25ms 25ms,ALL,6,cassandra3,cassandra3,6,False,True,
137,5,3,MONOTONIC_WRITES,normal,netem delay 25ms 25ms,ALL,6,cassandra3,cassandra1,6,False,True,
138,1,1,MONOTONIC_WRITES,normal,netem delay 25ms 25ms,ALL,2,cassandra3,cassandra2,2,False,True,
138,1,2,MONOTONIC_WRITES,normal,netem delay 25ms 25ms,ALL,2,cassandra3,cassandra1,2,False,True,
138,1,3,MONOTONIC_WRITES,normal,netem delay 25ms 25ms,ALL,2,cassandra3,cassandra1,2,False,True,
138,2,1,MONOTONIC_WRITES,normal,netem delay 25ms 25ms,ALL,3,cassandra3,cassandra2,3,False,True,
138,2,2,MONOTONIC_WRITES,normal,netem delay 25ms 25ms,ALL,3,cassandra3,cassandra1,3,False,True,
138,2,3,MONOTONIC_WRITES,normal,netem delay 25ms 25ms,ALL,3,cassandra3,cassandra2,3,False,True,
138,3,1,MONOTONIC_WRITES,normal,netem delay 25ms 25ms,ALL,4,cassandra3,cassandra1,4,False,True,
138,3,2,MONOTONIC_WRITES,normal,netem delay 25ms 25ms,ALL,4,cassandra3,cassandra3,4,False,True,
138,3,3,MONOTONIC_WRITES,normal,netem delay 25ms 25ms,ALL,4,cassandra3,cassandra1,4,False,True,
138,4,1,MONOTONIC_WRITES,normal,netem delay 25ms 25ms,ALL,5,cassandra3,cassandra2,5,False,True,
138,4,2,MONOTONIC_WRITES,normal,netem delay 25ms 25ms,ALL,5,cassandra3,cassandra2,5,False,True,
138,4,3,MONOTONIC_WRITES,normal,netem delay 25ms 25ms,ALL,5,cassandra3,cassandra3,5,False,True,
138,5,1,MONOTONIC_WRITES,normal,netem delay 25ms 25ms,ALL,6,cassandra3,cassandra1,6,False,True,
138,5,2,MONOTONIC_WRITES,normal,netem delay 25ms 25ms,ALL,6,cassandra3,cassandra2,6,False,True,
138,5,3,MONOTONIC_WRITES,normal,netem delay 25ms 25ms,ALL,6,cassandra3,cassandra2,6,False,True,
139,1,1,MONOTONIC_WRITES,normal,netem delay 25ms 25ms,ALL,2,cassandra3,cassandra3,2,False,True,
139,1,2,MONOTONIC_WRITES,normal,netem delay 25ms 25ms,ALL,2,cassandra3,cassandra3,2,False,True,
139,1,3,MONOTONIC_WRITES,normal,netem delay 25ms 25ms,ALL,2,cassandra3,cassandra2,2,False,True,
139,2,1,MONOTONIC_WRITES,normal,netem delay 25ms 25ms,ALL,3,cassandra3,cassandra3,3,False,True,
139,2,2,MONOTONIC_WRITES,normal,netem delay 25ms 25ms,ALL,3,cassandra3,cassandra1,3,False,True,
139,2,3,MONOTONIC_WRITES,normal,netem delay 25ms 25ms,ALL,3,cassandra3,cassandra2,3,False,True,
139,3,1,MONOTONIC_WRITES,normal,netem delay 25ms 25ms,ALL,4,cassandra1,cassandra3,4,False,True,
139,3,2,MONOTONIC_WRITES,normal,netem delay 25ms 25ms,ALL,4,cassandra1,cassandra2,4,False,True,
139,3,3,MONOTONIC_WRITES,normal,netem delay 25ms 25ms,ALL,4,cassandra1,cassandra1,4,False,True,
139,4,1,MONOTONIC_WRITES,normal,netem delay 25ms 25ms,ALL,5,cassandra2,cassandra2,5,False,True,
139,4,2,MONOTONIC_WRITES,normal,netem delay 25ms 25ms,ALL,5,cassandra2,cassandra3,5,False,True,
139,4,3,MONOTONIC_WRITES,normal,netem delay 25ms 25ms,ALL,5,cassandra2,cassandra3,5,False,True,
139,5,1,MONOTONIC_WRITES,normal,netem delay 25ms 25ms,ALL,6,cassandra2,cassandra1,6,False,True,
139,5,2,MONOTONIC_WRITES,normal,netem delay 25ms 25ms,ALL,6,cassandra2,cassandra1,6,False,True,
139,5,3,MONOTONIC_WRITES,normal,netem delay 25ms 25ms,ALL,6,cassandra2,cassandra3,6,False,True,
140,1,1,MONOTONIC_WRITES,normal,netem delay 25ms 25ms,ALL,2,cassandra2,cassandra2,2,False,True,
140,1,2,MONOTONIC_WRITES,normal,netem delay 25ms 25ms,ALL,2,cassandra2,cassandra2,2,False,True,
140,1,3,MONOTONIC_WRITES,normal,netem delay 25ms 25ms,ALL,2,cassandra2,cassandra2,2,False,True,
140,2,1,MONOTONIC_WRITES,normal,netem delay 25ms 25ms,ALL,3,cassandra3,cassandra3,3,False,True,
140,2,2,MONOTONIC_WRITES,normal,netem delay 25ms 25ms,ALL,3,cassandra3,cassandra2,3,False,True,
140,2,3,MONOTONIC_WRITES,normal,netem delay 25ms 25ms,ALL,3,cassandra3,cassandra1,3,False,True,
140,3,1,MONOTONIC_WRITES,normal,netem delay 25ms 25ms,ALL,4,cassandra2,cassandra1,4,False,True,
140,3,2,MONOTONIC_WRITES,normal,netem delay 25ms 25ms,ALL,4,cassandra2,cassandra1,4,False,True,
140,3,3,MONOTONIC_WRITES,normal,netem delay 25ms 25ms,ALL,4,cassandra2,cassandra1,4,False,True,
140,4,1,MONOTONIC_WRITES,normal,netem delay 25ms 25ms,ALL,5,cassandra2,cassandra1,5,False,True,
140,4,2,MONOTONIC_WRITES,normal,netem delay 25ms 25ms,ALL,5,cassandra2,cassandra3,5,False,True,
140,4,3,MONOTONIC_WRITES,normal,netem delay 25ms 25ms,ALL,5,cassandra2,cassandra1,5,False,True,
140,5,1,MONOTONIC_WRITES,normal,netem delay 25ms 25ms,ALL,6,cassandra1,cassandra1,6,False,True,
140,5,2,MONOTONIC_WRITES,normal,netem delay 25ms 25ms,ALL,6,cassandra1,cassandra3,6,False,True,
140,5,3,MONOTONIC_WRITES,normal,netem delay 25ms 25ms,ALL,6,cassandra1,cassandra3,6,False,True,
141,1,1,MONOTONIC_WRITES,normal,netem delay 25ms 25ms,ALL,2,cassandra2,cassandra3,2,False,True,
141,1,2,MONOTONIC_WRITES,normal,netem delay 25ms 25ms,ALL,2,cassandra2,cassandra1,2,False,True,
141,1,3,MONOTONIC_WRITES,normal,netem delay 25ms 25ms,ALL,2,cassandra2,cassandra2,2,False,True,
141,2,1,MONOTONIC_WRITES,normal,netem delay 25ms 25ms,ALL,3,cassandra1,cassandra3,3,False,True,
141,2,2,MONOTONIC_WRITES,normal,netem delay 25ms 25ms,ALL,3,cassandra1,cassandra2,3,False,True,
141,2,3,MONOTONIC_WRITES,normal,netem delay 25ms 25ms,ALL,3,cassandra1,cassandra2,3,False,True,
141,3,1,MONOTONIC_WRITES,normal,netem delay 25ms 25ms,ALL,4,cassandra3,cassandra1,4,False,True,
141,3,2,MONOTONIC_WRITES,normal,netem delay 25ms 25ms,ALL,4,cassandra3,cassandra1,4,False,True,
141,3,3,MONOTONIC_WRITES,normal,netem delay 25ms 25ms,ALL,4,cassandra3,cassandra1,4,False,True,
141,4,1,MONOTONIC_WRITES,normal,netem delay 25ms 25ms,ALL,5,cassandra3,cassandra2,5,False,True,
141,4,2,MONOTONIC_WRITES,normal,netem delay 25ms 25ms,ALL,5,cassandra3,cassandra3,5,False,True,
141,4,3,MONOTONIC_WRITES,normal,netem delay 25ms 25ms,ALL,5,cassandra3,cassandra1,5,False,True,
141,5,1,MONOTONIC_WRITES,normal,netem delay 25ms 25ms,ALL,6,cassandra3,cassandra2,6,False,True,
141,5,2,MONOTONIC_WRITES,normal,netem delay 25ms 25ms,ALL,6,cassandra3,cassandra1,6,False,True,
141,5,3,MONOTONIC_WRITES,normal,netem delay 25ms 25ms,ALL,6,cassandra3,cassandra3,6,False,True,
142,1,1,MONOTONIC_WRITES,normal,netem delay 25ms 25ms,ALL,2,cassandra3,cassandra1,2,False,True,
142,1,2,MONOTONIC_WRITES,normal,netem delay 25ms 25ms,ALL,2,cassandra3,cassandra1,2,False,True,
142,1,3,MONOTONIC_WRITES,normal,netem delay 25ms 25ms,ALL,2,cassandra3,cassandra1,2,False,True,
142,2,1,MONOTONIC_WRITES,normal,netem delay 25ms 25ms,ALL,3,cassandra3,cassandra2,3,False,True,
142,2,2,MONOTONIC_WRITES,normal,netem delay 25ms 25ms,ALL,3,cassandra3,cassandra2,3,False,True,
142,2,3,MONOTONIC_WRITES,normal,netem delay 25ms 25ms,ALL,3,cassandra3,cassandra3,3,False,True,
142,3,1,MONOTONIC_WRITES,normal,netem delay 25ms 25ms,ALL,4,cassandra1,cassandra3,4,False,True,
142,3,2,MONOTONIC_WRITES,normal,netem delay 25ms 25ms,ALL,4,cassandra1,cassandra1,4,False,True,
142,3,3,MONOTONIC_WRITES,normal,netem delay 25ms 25ms,ALL,4,cassandra1,cassandra3,4,False,True,
142,4,1,MONOTONIC_WRITES,normal,netem delay 25ms 25ms,ALL,5,cassandra1,cassandra2,5,False,True,
142,4,2,MONOTONIC_WRITES,normal,netem delay 25ms 25ms,ALL,5,cassandra1,cassandra1,5,False,True,
142,4,3,MONOTONIC_WRITES,normal,netem delay 25ms 25ms,ALL,5,cassandra1,cassandra2,5,False,True,
142,5,1,MONOTONIC_WRITES,normal,netem delay 25ms 25ms,ALL,6,cassandra1,cassandra3,6,False,True,
142,5,2,MONOTONIC_WRITES,normal,netem delay 25ms 25ms,ALL,6,cassandra1,cassandra2,6,False,True,
142,5,3,MONOTONIC_WRITES,normal,netem delay 25ms 25ms,ALL,6,cassandra1,cassandra2,6,False,True,
143,1,1,MONOTONIC_WRITES,normal,netem delay 25ms 25ms,ALL,2,cassandra1,cassandra2,2,False,True,
143,1,2,MONOTONIC_WRITES,normal,netem delay 25ms 25ms,ALL,2,cassandra1,cassandra2,2,False,True,
143,1,3,MONOTONIC_WRITES,normal,netem delay 25ms 25ms,ALL,2,cassandra1,cassandra2,2,False,True,
143,2,1,MONOTONIC_WRITES,normal,netem delay 25ms 25ms,ALL,3,cassandra1,cassandra2,3,False,True,
143,2,2,MONOTONIC_WRITES,normal,netem delay 25ms 25ms,ALL,3,cassandra1,cassandra3,3,False,True,
143,2,3,MONOTONIC_WRITES,normal,netem delay 25ms 25ms,ALL,3,cassandra1,cassandra2,3,False,True,
143,3,1,MONOTONIC_WRITES,normal,netem delay 25ms 25ms,ALL,4,cassandra1,cassandra1,4,False,True,
143,3,2,MONOTONIC_WRITES,normal,netem delay 25ms 25ms,ALL,4,cassandra1,cassandra2,4,False,True,
143,3,3,MONOTONIC_WRITES,normal,netem delay 25ms 25ms,ALL,4,cassandra1,cassandra2,4,False,True,
143,4,1,MONOTONIC_WRITES,normal,netem delay 25ms 25ms,ALL,5,cassandra3,cassandra2,5,False,True,
143,4,2,MONOTONIC_WRITES,normal,netem delay 25ms 25ms,ALL,5,cassandra3,cassandra1,5,False,True,
143,4,3,MONOTONIC_WRITES,normal,netem delay 25ms 25ms,ALL,5,cassandra3,cassandra3,5,False,True,
143,5,1,MONOTONIC_WRITES,normal,netem delay 25ms 25ms,ALL,6,cassandra2,cassandra1,6,False,True,
143,5,2,MONOTONIC_WRITES,normal,netem delay 25ms 25ms,ALL,6,cassandra2,cassandra2,6,False,True,
143,5,3,MONOTONIC_WRITES,normal,netem delay 25ms 25ms,ALL,6,cassandra2,cassandra2,6,False,True,
144,1,1,MONOTONIC_WRITES,normal,netem delay 25ms 25ms,ALL,2,cassandra1,cassandra2,2,False,True,
144,1,2,MONOTONIC_WRITES,normal,netem delay 25ms 25ms,ALL,2,cassandra1,cassandra2,2,False,True,
144,1,3,MONOTONIC_WRITES,normal,netem delay 25ms 25ms,ALL,2,cassandra1,cassandra2,2,False,True,
144,2,1,MONOTONIC_WRITES,normal,netem delay 25ms 25ms,ALL,3,cassandra2,cassandra3,3,False,True,
144,2,2,MONOTONIC_WRITES,normal,netem delay 25ms 25ms,ALL,3,cassandra2,cassandra3,3,False,True,
144,2,3,MONOTONIC_WRITES,normal,netem delay 25ms 25ms,ALL,3,cassandra2,cassandra3,3,False,True,
144,3,1,MONOTONIC_WRITES,normal,netem delay 25ms 25ms,ALL,4,cassandra3,cassandra2,4,False,True,
144,3,2,MONOTONIC_WRITES,normal,netem delay 25ms 25ms,ALL,4,cassandra3,cassandra1,4,False,True,
144,3,3,MONOTONIC_WRITES,normal,netem delay 25ms 25ms,ALL,4,cassandra3,cassandra2,4,False,True,
144,4,1,MONOTONIC_WRITES,normal,netem delay 25ms 25ms,ALL,5,cassandra2,cassandra3,5,False,True,
144,4,2,MONOTONIC_WRITES,normal,netem delay 25ms 25ms,ALL,5,cassandra2,cassandra2,5,False,True,
144,4,3,MONOTONIC_WRITES,normal,netem delay 25ms 25ms,ALL,5,cassandra2,cassandra2,5,False,True,
144,5,1,MONOTONIC_WRITES,normal,netem delay 25ms 25ms,ALL,6,cassandra3,cassandra1,6,False,True,
144,5,2,MONOTONIC_WRITES,normal,netem delay 25ms 25ms,ALL,6,cassandra3,cassandra1,6,False,True,
144,5,3,MONOTONIC_WRITES,normal,netem delay 25ms 25ms,ALL,6,cassandra3,cassandra2,6,False,True,
145,1,1,MONOTONIC_WRITES,normal,netem delay 25ms 25ms,ALL,2,cassandra1,cassandra2,2,False,True,
145,1,2,MONOTONIC_WRITES,normal,netem delay 25ms 25ms,ALL,2,cassandra1,cassandra3,2,False,True,
145,1,3,MONOTONIC_WRITES,normal,netem delay 25ms 25ms,ALL,2,cassandra1,cassandra1,2,False,True,
145,2,1,MONOTONIC_WRITES,normal,netem delay 25ms 25ms,ALL,3,cassandra1,cassandra1,3,False,True,
145,2,2,MONOTONIC_WRITES,normal,netem delay 25ms 25ms,ALL,3,cassandra1,cassandra2,3,False,True,
145,2,3,MONOTONIC_WRITES,normal,netem delay 25ms 25ms,ALL,3,cassandra1,cassandra3,3,False,True,
145,3,1,MONOTONIC_WRITES,normal,netem delay 25ms 25ms,ALL,4,cassandra3,cassandra2,4,False,True,
145,3,2,MONOTONIC_WRITES,normal,netem delay 25ms 25ms,ALL,4,cassandra3,cassandra3,4,False,True,
145,3,3,MONOTONIC_WRITES,normal,netem delay 25ms 25ms,ALL,4,cassandra3,cassandra1,4,False,True,
145,4,1,MONOTONIC_WRITES,normal,netem delay 25ms 25ms,ALL,5,cassandra3,cassandra1,5,False,True,
145,4,2,MONOTONIC_WRITES,normal,netem delay 25ms 25ms,ALL,5,cassandra3,cassandra2,5,False,True,
145,4,3,MONOTONIC_WRITES,normal,netem delay 25ms 25ms,ALL,5,cassandra3,cassandra2,5,False,True,
145,5,1,MONOTONIC_WRITES,normal,netem delay 25ms 25ms,ALL,6,cassandra2,cassandra1,6,False,True,
145,5,2,MONOTONIC_WRITES,normal,netem delay 25ms 25ms,ALL,6,cassandra2,cassandra3,6,False,True,
145,5,3,MONOTONIC_WRITES,normal,netem delay 25ms 25ms,ALL,6,cassandra2,cassandra3,6,False,True,
146,1,1,MONOTONIC_WRITES,normal,netem delay 25ms 25ms,ALL,2,cassandra1,cassandra2,2,False,True,
146,1,2,MONOTONIC_WRITES,normal,netem delay 25ms 25ms,ALL,2,cassandra1,cassandra2,2,False,True,
146,1,3,MONOTONIC_WRITES,normal,netem delay 25ms 25ms,ALL,2,cassandra1,cassandra3,2,False,True,
146,2,1,MONOTONIC_WRITES,normal,netem delay 25ms 25ms,ALL,3,cassandra3,cassandra1,3,False,True,
146,2,2,MONOTONIC_WRITES,normal,netem delay 25ms 25ms,ALL,3,cassandra3,cassandra2,3,False,True,
146,2,3,MONOTONIC_WRITES,normal,netem delay 25ms 25ms,ALL,3,cassandra3,cassandra1,3,False,True,
146,3,1,MONOTONIC_WRITES,normal,netem delay 25ms 25ms,ALL,4,cassandra2,cassandra2,4,False,True,
146,3,2,MONOTONIC_WRITES,normal,netem delay 25ms 25ms,ALL,4,cassandra2,cassandra1,4,False,True,
146,3,3,MONOTONIC_WRITES,normal,netem delay 25ms 25ms,ALL,4,cassandra2,cassandra3,4,False,True,
146,4,1,MONOTONIC_WRITES,normal,netem delay 25ms 25ms,ALL,5,cassandra1,cassandra1,5,False,True,
146,4,2,MONOTONIC_WRITES,normal,netem delay 25ms 25ms,ALL,5,cassandra1,cassandra3,5,False,True,
146,4,3,MONOTONIC_WRITES,normal,netem delay 25ms 25ms,ALL,5,cassandra1,cassandra3,5,False,True,
146,5,1,MONOTONIC_WRITES,normal,netem delay 25ms 25ms,ALL,6,cassandra1,cassandra1,6,False,True,
146,5,2,MONOTONIC_WRITES,normal,netem delay 25ms 25ms,ALL,6,cassandra1,cassandra2,6,False,True,
146,5,3,MONOTONIC_WRITES,normal,netem delay 25ms 25ms,ALL,6,cassandra1,cassandra3,6,False,True,
147,1,1,MONOTONIC_WRITES,normal,netem delay 25ms 25ms,ALL,2,cassandra1,cassandra3,2,False,True,
147,1,2,MONOTONIC_WRITES,normal,netem delay 25ms 25ms,ALL,2,cassandra1,cassandra3,2,False,True,
147,1,3,MONOTONIC_WRITES,normal,netem delay 25ms 25ms,ALL,2,cassandra1,cassandra2,2,False,True,
147,2,1,MONOTONIC_WRITES,normal,netem delay 25ms 25ms,ALL,3,cassandra1,cassandra3,3,False,True,
147,2,2,MONOTONIC_WRITES,normal,netem delay 25ms 25ms,ALL,3,cassandra1,cassandra2,3,False,True,
147,2,3,MONOTONIC_WRITES,normal,netem delay 25ms 25ms,ALL,3,cassandra1,cassandra2,3,False,True,
147,3,1,MONOTONIC_WRITES,normal,netem delay 25ms 25ms,ALL,4,cassandra2,cassandra2,4,False,True,
147,3,2,MONOTONIC_WRITES,normal,netem delay 25ms 25ms,ALL,4,cassandra2,cassandra1,4,False,True,
147,3,3,MONOTONIC_WRITES,normal,netem delay 25ms 25ms,ALL,4,cassandra2,cassandra3,4,False,True,
147,4,1,MONOTONIC_WRITES,normal,netem delay 25ms 25ms,ALL,5,cassandra1,cassandra3,5,False,True,
147,4,2,MONOTONIC_WRITES,normal,netem delay 25ms 25ms,ALL,5,cassandra1,cassandra1,5,False,True,
147,4,3,MONOTONIC_WRITES,normal,netem delay 25ms 25ms,ALL,5,cassandra1,cassandra1,5,False,True,
147,5,1,MONOTONIC_WRITES,normal,netem delay 25ms 25ms,ALL,6,cassandra1,cassandra3,6,False,True,
147,5,2,MONOTONIC_WRITES,normal,netem delay 25ms 25ms,ALL,6,cassandra1,cassandra1,6,False,True,
147,5,3,MONOTONIC_WRITES,normal,netem delay 25ms 25ms,ALL,6,cassandra1,cassandra1,6,False,True,
148,1,1,MONOTONIC_WRITES,normal,netem delay 25ms 25ms,ALL,2,cassandra1,cassandra3,2,False,True,
148,1,2,MONOTONIC_WRITES,normal,netem delay 25ms 25ms,ALL,2,cassandra1,cassandra3,2,False,True,
148,1,3,MONOTONIC_WRITES,normal,netem delay 25ms 25ms,ALL,2,cassandra1,cassandra3,2,False,True,
148,2,1,MONOTONIC_WRITES,normal,netem delay 25ms 25ms,ALL,3,cassandra3,cassandra3,3,False,True,
148,2,2,MONOTONIC_WRITES,normal,netem delay 25ms 25ms,ALL,3,cassandra3,cassandra1,3,False,True,
148,2,3,MONOTONIC_WRITES,normal,netem delay 25ms 25ms,ALL,3,cassandra3,cassandra1,3,False,True,
148,3,1,MONOTONIC_WRITES,normal,netem delay 25ms 25ms,ALL,4,cassandra3,cassandra1,4,False,True,
148,3,2,MONOTONIC_WRITES,normal,netem delay 25ms 25ms,ALL,4,cassandra3,cassandra3,4,False,True,
148,3,3,MONOTONIC_WRITES,normal,netem delay 25ms 25ms,ALL,4,cassandra3,cassandra3,4,False,True,
148,4,1,MONOTONIC_WRITES,normal,netem delay 25ms 25ms,ALL,5,cassandra3,cassandra2,5,False,True,
148,4,2,MONOTONIC_WRITES,normal,netem delay 25ms 25ms,ALL,5,cassandra3,cassandra1,5,False,True,
148,4,3,MONOTONIC_WRITES,normal,netem delay 25ms 25ms,ALL,5,cassandra3,cassandra2,5,False,True,
148,5,1,MONOTONIC_WRITES,normal,netem delay 25ms 25ms,ALL,6,cassandra1,cassandra1,6,False,True,
148,5,2,MONOTONIC_WRITES,normal,netem delay 25ms 25ms,ALL,6,cassandra1,cassandra3,6,False,True,
148,5,3,MONOTONIC_WRITES,normal,netem delay 25ms 25ms,ALL,6,cassandra1,cassandra1,6,False,True,
149,1,1,MONOTONIC_WRITES,normal,netem delay 25ms 25ms,ALL,2,cassandra3,cassandra2,2,False,True,
149,1,2,MONOTONIC_WRITES,normal,netem delay 25ms 25ms,ALL,2,cassandra3,cassandra2,2,False,True,
149,1,3,MONOTONIC_WRITES,normal,netem delay 25ms 25ms,ALL,2,cassandra3,cassandra3,2,False,True,
149,2,1,MONOTONIC_WRITES,normal,netem delay 25ms 25ms,ALL,3,cassandra3,cassandra1,3,False,True,
149,2,2,MONOTONIC_WRITES,normal,netem delay 25ms 25ms,ALL,3,cassandra3,cassandra1,3,False,True,
149,2,3,MONOTONIC_WRITES,normal,netem delay 25ms 25ms,ALL,3,cassandra3,cassandra3,3,False,True,
149,3,1,MONOTONIC_WRITES,normal,netem delay 25ms 25ms,ALL,4,cassandra3,cassandra1,4,False,True,
149,3,2,MONOTONIC_WRITES,normal,netem delay 25ms 25ms,ALL,4,cassandra3,cassandra2,4,False,True,
149,3,3,MONOTONIC_WRITES,normal,netem delay 25ms 25ms,ALL,4,cassandra3,cassandra1,4,False,True,
149,4,1,MONOTONIC_WRITES,normal,netem delay 25ms 25ms,ALL,5,cassandra2,cassandra1,5,False,True,
149,4,2,MONOTONIC_WRITES,normal,netem delay 25ms 25ms,ALL,5,cassandra2,cassandra3,5,False,True,
149,4,3,MONOTONIC_WRITES,normal,netem delay 25ms 25ms,ALL,5,cassandra2,cassandra3,5,False,True,
149,5,1,MONOTONIC_WRITES,normal,netem delay 25ms 25ms,ALL,6,cassandra2,cassandra1,6,False,True,
149,5,2,MONOTONIC_WRITES,normal,netem delay 25ms 25ms,ALL,6,cassandra2,cassandra1,6,False,True,
149,5,3,MONOTONIC_WRITES,normal,netem delay 25ms 25ms,ALL,6,cassandra2,cassandra2,6,False,True,
150,1,1,MONOTONIC_WRITES,normal,netem delay 25ms 25ms,ALL,2,cassandra1,cassandra2,2,False,True,
150,1,2,MONOTONIC_WRITES,normal,netem delay 25ms 25ms,ALL,2,cassandra1,cassandra1,2,False,True,
150,1,3,MONOTONIC_WRITES,normal,netem delay 25ms 25ms,ALL,2,cassandra1,cassandra2,2,False,True,
150,2,1,MONOTONIC_WRITES,normal,netem delay 25ms 25ms,ALL,3,cassandra2,cassandra1,3,False,True,
150,2,2,MONOTONIC_WRITES,normal,netem delay 25ms 25ms,ALL,3,cassandra2,cassandra2,3,False,True,
150,2,3,MONOTONIC_WRITES,normal,netem delay 25ms 25ms,ALL,3,cassandra2,cassandra1,3,False,True,
150,3,1,MONOTONIC_WRITES,normal,netem delay 25ms 25ms,ALL,4,cassandra1,cassandra2,4,False,True,
150,3,2,MONOTONIC_WRITES,normal,netem delay 25ms 25ms,ALL,4,cassandra1,cassandra2,4,False,True,
150,3,3,MONOTONIC_WRITES,normal,netem delay 25ms 25ms,ALL,4,cassandra1,cassandra2,4,False,True,
150,4,1,MONOTONIC_WRITES,normal,netem delay 25ms 25ms,ALL,5,cassandra3,cassandra3,5,False,True,
150,4,2,MONOTONIC_WRITES,normal,netem delay 25ms 25ms,ALL,5,cassandra3,cassandra1,5,False,True,
150,4,3,MONOTONIC_WRITES,normal,netem delay 25ms 25ms,ALL,5,cassandra3,cassandra1,5,False,True,
150,5,1,MONOTONIC_WRITES,normal,netem delay 25ms 25ms,ALL,6,cassandra2,cassandra1,6,False,True,
150,5,2,MONOTONIC_WRITES,normal,netem delay 25ms 25ms,ALL,6,cassandra2,cassandra2,6,False,True,
150,5,3,MONOTONIC_WRITES,normal,netem delay 25ms 25ms,ALL,6,cassandra2,cassandra1,6,False,True,
151,1,1,MONOTONIC_WRITES,normal,netem delay 25ms 25ms,ALL,2,cassandra1,cassandra2,2,False,True,
151,1,2,MONOTONIC_WRITES,normal,netem delay 25ms 25ms,ALL,2,cassandra1,cassandra2,2,False,True,
151,1,3,MONOTONIC_WRITES,normal,netem delay 25ms 25ms,ALL,2,cassandra1,cassandra1,2,False,True,
151,2,1,MONOTONIC_WRITES,normal,netem delay 25ms 25ms,ALL,3,cassandra2,cassandra1,3,False,True,
151,2,2,MONOTONIC_WRITES,normal,netem delay 25ms 25ms,ALL,3,cassandra2,cassandra3,3,False,True,
151,2,3,MONOTONIC_WRITES,normal,netem delay 25ms 25ms,ALL,3,cassandra2,cassandra1,3,False,True,
151,3,1,MONOTONIC_WRITES,normal,netem delay 25ms 25ms,ALL,4,cassandra1,cassandra1,4,False,True,
151,3,2,MONOTONIC_WRITES,normal,netem delay 25ms 25ms,ALL,4,cassandra1,cassandra3,4,False,True,
151,3,3,MONOTONIC_WRITES,normal,netem delay 25ms 25ms,ALL,4,cassandra1,cassandra1,4,False,True,
151,4,1,MONOTONIC_WRITES,normal,netem delay 25ms 25ms,ALL,5,cassandra1,cassandra3,5,False,True,
151,4,2,MONOTONIC_WRITES,normal,netem delay 25ms 25ms,ALL,5,cassandra1,cassandra1,5,False,True,
151,4,3,MONOTONIC_WRITES,normal,netem delay 25ms 25ms,ALL,5,cassandra1,cassandra2,5,False,True,
151,5,1,MONOTONIC_WRITES,normal,netem delay 25ms 25ms,ALL,6,cassandra3,cassandra1,6,False,True,
151,5,2,MONOTONIC_WRITES,normal,netem delay 25ms 25ms,ALL,6,cassandra3,cassandra3,6,False,True,
151,5,3,MONOTONIC_WRITES,normal,netem delay 25ms 25ms,ALL,6,cassandra3,cassandra1,6,False,True,
152,1,1,MONOTONIC_WRITES,normal,netem delay 25ms 25ms,ALL,2,cassandra3,cassandra2,2,False,True,
152,1,2,MONOTONIC_WRITES,normal,netem delay 25ms 25ms,ALL,2,cassandra3,cassandra1,2,False,True,
152,1,3,MONOTONIC_WRITES,normal,netem delay 25ms 25ms,ALL,2,cassandra3,cassandra1,2,False,True,
152,2,1,MONOTONIC_WRITES,normal,netem delay 25ms 25ms,ALL,3,cassandra3,cassandra1,3,False,True,
152,2,2,MONOTONIC_WRITES,normal,netem delay 25ms 25ms,ALL,3,cassandra3,cassandra2,3,False,True,
152,2,3,MONOTONIC_WRITES,normal,netem delay 25ms 25ms,ALL,3,cassandra3,cassandra1,3,False,True,
152,3,1,MONOTONIC_WRITES,normal,netem delay 25ms 25ms,ALL,4,cassandra1,cassandra2,4,False,True,
152,3,2,MONOTONIC_WRITES,normal,netem delay 25ms 25ms,ALL,4,cassandra1,cassandra1,4,False,True,
152,3,3,MONOTONIC_WRITES,normal,netem delay 25ms 25ms,ALL,4,cassandra1,cassandra2,4,False,True,
152,4,1,MONOTONIC_WRITES,normal,netem delay 25ms 25ms,ALL,5,cassandra1,cassandra1,5,False,True,
152,4,2,MONOTONIC_WRITES,normal,netem delay 25ms 25ms,ALL,5,cassandra1,cassandra1,5,False,True,
152,4,3,MONOTONIC_WRITES,normal,netem delay 25ms 25ms,ALL,5,cassandra1,cassandra3,5,False,True,
152,5,1,MONOTONIC_WRITES,normal,netem delay 25ms 25ms,ALL,6,cassandra1,cassandra2,6,False,True,
152,5,2,MONOTONIC_WRITES,normal,netem delay 25ms 25ms,ALL,6,cassandra1,cassandra1,6,False,True,
152,5,3,MONOTONIC_WRITES,normal,netem delay 25ms 25ms,ALL,6,cassandra1,cassandra1,6,False,True,
153,1,1,MONOTONIC_WRITES,normal,netem delay 25ms 25ms,ALL,2,cassandra3,cassandra2,2,False,True,
153,1,2,MONOTONIC_WRITES,normal,netem delay 25ms 25ms,ALL,2,cassandra3,cassandra3,2,False,True,
153,1,3,MONOTONIC_WRITES,normal,netem delay 25ms 25ms,ALL,2,cassandra3,cassandra1,2,False,True,
153,2,1,MONOTONIC_WRITES,normal,netem delay 25ms 25ms,ALL,3,cassandra2,cassandra2,3,False,True,
153,2,2,MONOTONIC_WRITES,normal,netem delay 25ms 25ms,ALL,3,cassandra2,cassandra3,3,False,True,
153,2,3,MONOTONIC_WRITES,normal,netem delay 25ms 25ms,ALL,3,cassandra2,cassandra2,3,False,True,
153,3,1,MONOTONIC_WRITES,normal,netem delay 25ms 25ms,ALL,4,cassandra2,cassandra1,4,False,True,
153,3,2,MONOTONIC_WRITES,normal,netem delay 25ms 25ms,ALL,4,cassandra2,cassandra3,4,False,True,
153,3,3,MONOTONIC_WRITES,normal,netem delay 25ms 25ms,ALL,4,cassandra2,cassandra3,4,False,True,
153,4,1,MONOTONIC_WRITES,normal,netem delay 25ms 25ms,ALL,5,cassandra2,cassandra3,5,False,True,
153,4,2,MONOTONIC_WRITES,normal,netem delay 25ms 25ms,ALL,5,cassandra2,cassandra1,5,False,True,
153,4,3,MONOTONIC_WRITES,normal,netem delay 25ms 25ms,ALL,5,cassandra2,cassandra2,5,False,True,
153,5,1,MONOTONIC_WRITES,normal,netem delay 25ms 25ms,ALL,6,cassandra1,cassandra2,6,False,True,
153,5,2,MONOTONIC_WRITES,normal,netem delay 25ms 25ms,ALL,6,cassandra1,cassandra3,6,False,True,
153,5,3,MONOTONIC_WRITES,normal,netem delay 25ms 25ms,ALL,6,cassandra1,cassandra3,6,False,True,
154,1,1,MONOTONIC_WRITES,normal,netem delay 25ms 25ms,ALL,2,cassandra1,cassandra3,2,False,True,
154,1,2,MONOTONIC_WRITES,normal,netem delay 25ms 25ms,ALL,2,cassandra1,cassandra2,2,False,True,
154,1,3,MONOTONIC_WRITES,normal,netem delay 25ms 25ms,ALL,2,cassandra1,cassandra3,2,False,True,
154,2,1,MONOTONIC_WRITES,normal,netem delay 25ms 25ms,ALL,3,cassandra2,cassandra1,3,False,True,
154,2,2,MONOTONIC_WRITES,normal,netem delay 25ms 25ms,ALL,3,cassandra2,cassandra2,3,False,True,
154,2,3,MONOTONIC_WRITES,normal,netem delay 25ms 25ms,ALL,3,cassandra2,cassandra2,3,False,True,
154,3,1,MONOTONIC_WRITES,normal,netem delay 25ms 25ms,ALL,4,cassandra1,cassandra3,4,False,True,
154,3,2,MONOTONIC_WRITES,normal,netem delay 25ms 25ms,ALL,4,cassandra1,cassandra3,4,False,True,
154,3,3,MONOTONIC_WRITES,normal,netem delay 25ms 25ms,ALL,4,cassandra1,cassandra3,4,False,True,
154,4,1,MONOTONIC_WRITES,normal,netem delay 25ms 25ms,ALL,5,cassandra3,cassandra3,5,False,True,
154,4,2,MONOTONIC_WRITES,normal,netem delay 25ms 25ms,ALL,5,cassandra3,cassandra2,5,False,True,
154,4,3,MONOTONIC_WRITES,normal,netem delay 25ms 25ms,ALL,5,cassandra3,cassandra1,5,False,True,
154,5,1,MONOTONIC_WRITES,normal,netem delay 25ms 25ms,ALL,6,cassandra3,cassandra1,6,False,True,
154,5,2,MONOTONIC_WRITES,normal,netem delay 25ms 25ms,ALL,6,cassandra3,cassandra1,6,False,True,
154,5,3,MONOTONIC_WRITES,normal,netem delay 25ms 25ms,ALL,6,cassandra3,cassandra2,6,False,True,
155,1,1,MONOTONIC_WRITES,normal,netem delay 25ms 25ms,ALL,2,cassandra1,cassandra2,2,False,True,
155,1,2,MONOTONIC_WRITES,normal,netem delay 25ms 25ms,ALL,2,cassandra1,cassandra2,2,False,True,
155,1,3,MONOTONIC_WRITES,normal,netem delay 25ms 25ms,ALL,2,cassandra1,cassandra3,2,False,True,
155,2,1,MONOTONIC_WRITES,normal,netem delay 25ms 25ms,ALL,3,cassandra1,cassandra1,3,False,True,
155,2,2,MONOTONIC_WRITES,normal,netem delay 25ms 25ms,ALL,3,cassandra1,cassandra3,3,False,True,
155,2,3,MONOTONIC_WRITES,normal,netem delay 25ms 25ms,ALL,3,cassandra1,cassandra3,3,False,True,
155,3,1,MONOTONIC_WRITES,normal,netem delay 25ms 25ms,ALL,4,cassandra3,cassandra3,4,False,True,
155,3,2,MONOTONIC_WRITES,normal,netem delay 25ms 25ms,ALL,4,cassandra3,cassandra1,4,False,True,
155,3,3,MONOTONIC_WRITES,normal,netem delay 25ms 25ms,ALL,4,cassandra3,cassandra3,4,False,True,
155,4,1,MONOTONIC_WRITES,normal,netem delay 25ms 25ms,ALL,5,cassandra3,cassandra3,5,False,True,
155,4,2,MONOTONIC_WRITES,normal,netem delay 25ms 25ms,ALL,5,cassandra3,cassandra3,5,False,True,
155,4,3,MONOTONIC_WRITES,normal,netem delay 25ms 25ms,ALL,5,cassandra3,cassandra2,5,False,True,
155,5,1,MONOTONIC_WRITES,normal,netem delay 25ms 25ms,ALL,6,cassandra1,cassandra3,6,False,True,
155,5,2,MONOTONIC_WRITES,normal,netem delay 25ms 25ms,ALL,6,cassandra1,cassandra2,6,False,True,
155,5,3,MONOTONIC_WRITES,normal,netem delay 25ms 25ms,ALL,6,cassandra1,cassandra1,6,False,True,
156,1,1,MONOTONIC_WRITES,normal,netem delay 25ms 25ms,ALL,2,cassandra2,cassandra2,2,False,True,
156,1,2,MONOTONIC_WRITES,normal,netem delay 25ms 25ms,ALL,2,cassandra2,cassandra1,2,False,True,
156,1,3,MONOTONIC_WRITES,normal,netem delay 25ms 25ms,ALL,2,cassandra2,cassandra2,2,False,True,
156,2,1,MONOTONIC_WRITES,normal,netem delay 25ms 25ms,ALL,3,cassandra2,cassandra2,3,False,True,
156,2,2,MONOTONIC_WRITES,normal,netem delay 25ms 25ms,ALL,3,cassandra2,cassandra3,3,False,True,
156,2,3,MONOTONIC_WRITES,normal,netem delay 25ms 25ms,ALL,3,cassandra2,cassandra2,3,False,True,
156,3,1,MONOTONIC_WRITES,normal,netem delay 25ms 25ms,ALL,4,cassandra2,cassandra3,4,False,True,
156,3,2,MONOTONIC_WRITES,normal,netem delay 25ms 25ms,ALL,4,cassandra2,cassandra2,4,False,True,
156,3,3,MONOTONIC_WRITES,normal,netem delay 25ms 25ms,ALL,4,cassandra2,cassandra1,4,False,True,
156,4,1,MONOTONIC_WRITES,normal,netem delay 25ms 25ms,ALL,5,cassandra2,cassandra3,5,False,True,
156,4,2,MONOTONIC_WRITES,normal,netem delay 25ms 25ms,ALL,5,cassandra2,cassandra3,5,False,True,
156,4,3,MONOTONIC_WRITES,normal,netem delay 25ms 25ms,ALL,5,cassandra2,cassandra2,5,False,True,
156,5,1,MONOTONIC_WRITES,normal,netem delay 25ms 25ms,ALL,6,cassandra2,cassandra2,6,False,True,
156,5,2,MONOTONIC_WRITES,normal,netem delay 25ms 25ms,ALL,6,cassandra2,cassandra3,6,False,True,
156,5,3,MONOTONIC_WRITES,normal,netem delay 25ms 25ms,ALL,6,cassandra2,cassandra1,6,False,True,
157,1,1,MONOTONIC_WRITES,normal,netem delay 25ms 25ms,ALL,2,cassandra1,cassandra3,2,False,True,
157,1,2,MONOTONIC_WRITES,normal,netem delay 25ms 25ms,ALL,2,cassandra1,cassandra2,2,False,True,
157,1,3,MONOTONIC_WRITES,normal,netem delay 25ms 25ms,ALL,2,cassandra1,cassandra2,2,False,True,
157,2,1,MONOTONIC_WRITES,normal,netem delay 25ms 25ms,ALL,3,cassandra2,cassandra1,3,False,True,
157,2,2,MONOTONIC_WRITES,normal,netem delay 25ms 25ms,ALL,3,cassandra2,cassandra1,3,False,True,
157,2,3,MONOTONIC_WRITES,normal,netem delay 25ms 25ms,ALL,3,cassandra2,cassandra3,3,False,True,
157,3,1,MONOTONIC_WRITES,normal,netem delay 25ms 25ms,ALL,4,cassandra1,cassandra3,4,False,True,
157,3,2,MONOTONIC_WRITES,normal,netem delay 25ms 25ms,ALL,4,cassandra1,cassandra2,4,False,True,
157,3,3,MONOTONIC_WRITES,normal,netem delay 25ms 25ms,ALL,4,cassandra1,cassandra2,4,False,True,
157,4,1,MONOTONIC_WRITES,normal,netem delay 25ms 25ms,ALL,5,cassandra3,cassandra1,5,False,True,
157,4,2,MONOTONIC_WRITES,normal,netem delay 25ms 25ms,ALL,5,cassandra3,cassandra1,5,False,True,
157,4,3,MONOTONIC_WRITES,normal,netem delay 25ms 25ms,ALL,5,cassandra3,cassandra2,5,False,True,
157,5,1,MONOTONIC_WRITES,normal,netem delay 25ms 25ms,ALL,6,cassandra3,cassandra3,6,False,True,
157,5,2,MONOTONIC_WRITES,normal,netem delay 25ms 25ms,ALL,6,cassandra3,cassandra2,6,False,True,
157,5,3,MONOTONIC_WRITES,normal,netem delay 25ms 25ms,ALL,6,cassandra3,cassandra2,6,False,True,
158,1,1,MONOTONIC_WRITES,normal,netem delay 25ms 25ms,ALL,2,cassandra2,cassandra3,2,False,True,
158,1,2,MONOTONIC_WRITES,normal,netem delay 25ms 25ms,ALL,2,cassandra2,cassandra3,2,False,True,
158,1,3,MONOTONIC_WRITES,normal,netem delay 25ms 25ms,ALL,2,cassandra2,cassandra2,2,False,True,
158,2,1,MONOTONIC_WRITES,normal,netem delay 25ms 25ms,ALL,3,cassandra1,cassandra1,3,False,True,
158,2,2,MONOTONIC_WRITES,normal,netem delay 25ms 25ms,ALL,3,cassandra1,cassandra2,3,False,True,
158,2,3,MONOTONIC_WRITES,normal,netem delay 25ms 25ms,ALL,3,cassandra1,cassandra2,3,False,True,
158,3,1,MONOTONIC_WRITES,normal,netem delay 25ms 25ms,ALL,4,cassandra1,cassandra2,4,False,True,
158,3,2,MONOTONIC_WRITES,normal,netem delay 25ms 25ms,ALL,4,cassandra1,cassandra2,4,False,True,
158,3,3,MONOTONIC_WRITES,normal,netem delay 25ms 25ms,ALL,4,cassandra1,cassandra3,4,False,True,
158,4,1,MONOTONIC_WRITES,normal,netem delay 25ms 25ms,ALL,5,cassandra1,cassandra3,5,False,True,
158,4,2,MONOTONIC_WRITES,normal,netem delay 25ms 25ms,ALL,5,cassandra1,cassandra1,5,False,True,
158,4,3,MONOTONIC_WRITES,normal,netem delay 25ms 25ms,ALL,5,cassandra1,cassandra2,5,False,True,
158,5,1,MONOTONIC_WRITES,normal,netem delay 25ms 25ms,ALL,6,cassandra1,cassandra2,6,False,True,
158,5,2,MONOTONIC_WRITES,normal,netem delay 25ms 25ms,ALL,6,cassandra1,cassandra3,6,False,True,
158,5,3,MONOTONIC_WRITES,normal,netem delay 25ms 25ms,ALL,6,cassandra1,cassandra3,6,False,True,
159,1,1,MONOTONIC_WRITES,normal,netem delay 25ms 25ms,ALL,2,cassandra1,cassandra1,2,False,True,
159,1,2,MONOTONIC_WRITES,normal,netem delay 25ms 25ms,ALL,2,cassandra1,cassandra1,2,False,True,
159,1,3,MONOTONIC_WRITES,normal,netem delay 25ms 25ms,ALL,2,cassandra1,cassandra3,2,False,True,
159,2,1,MONOTONIC_WRITES,normal,netem delay 25ms 25ms,ALL,3,cassandra1,cassandra3,3,False,True,
159,2,2,MONOTONIC_WRITES,normal,netem delay 25ms 25ms,ALL,3,cassandra1,cassandra3,3,False,True,
159,2,3,MONOTONIC_WRITES,normal,netem delay 25ms 25ms,ALL,3,cassandra1,cassandra3,3,False,True,
159,3,1,MONOTONIC_WRITES,normal,netem delay 25ms 25ms,ALL,4,cassandra1,cassandra2,4,False,True,
159,3,2,MONOTONIC_WRITES,normal,netem delay 25ms 25ms,ALL,4,cassandra1,cassandra2,4,False,True,
159,3,3,MONOTONIC_WRITES,normal,netem delay 25ms 25ms,ALL,4,cassandra1,cassandra3,4,False,True,
159,4,1,MONOTONIC_WRITES,normal,netem delay 25ms 25ms,ALL,5,cassandra3,cassandra2,5,False,True,
159,4,2,MONOTONIC_WRITES,normal,netem delay 25ms 25ms,ALL,5,cassandra3,cassandra2,5,False,True,
159,4,3,MONOTONIC_WRITES,normal,netem delay 25ms 25ms,ALL,5,cassandra3,cassandra3,5,False,True,
159,5,1,MONOTONIC_WRITES,normal,netem delay 25ms 25ms,ALL,6,cassandra2,cassandra1,6,False,True,
159,5,2,MONOTONIC_WRITES,normal,netem delay 25ms 25ms,ALL,6,cassandra2,cassandra2,6,False,True,
159,5,3,MONOTONIC_WRITES,normal,netem delay 25ms 25ms,ALL,6,cassandra2,cassandra1,6,False,True,
160,1,1,MONOTONIC_WRITES,normal,netem delay 25ms 25ms,ALL,2,cassandra1,cassandra1,2,False,True,
160,1,2,MONOTONIC_WRITES,normal,netem delay 25ms 25ms,ALL,2,cassandra1,cassandra3,2,False,True,
160,1,3,MONOTONIC_WRITES,normal,netem delay 25ms 25ms,ALL,2,cassandra1,cassandra1,2,False,True,
160,2,1,MONOTONIC_WRITES,normal,netem delay 25ms 25ms,ALL,3,cassandra3,cassandra3,3,False,True,
160,2,2,MONOTONIC_WRITES,normal,netem delay 25ms 25ms,ALL,3,cassandra3,cassandra1,3,False,True,
160,2,3,MONOTONIC_WRITES,normal,netem delay 25ms 25ms,ALL,3,cassandra3,cassandra2,3,False,True,
160,3,1,MONOTONIC_WRITES,normal,netem delay 25ms 25ms,ALL,4,cassandra2,cassandra2,4,False,True,
160,3,2,MONOTONIC_WRITES,normal,netem delay 25ms 25ms,ALL,4,cassandra2,cassandra3,4,False,True,
160,3,3,MONOTONIC_WRITES,normal,netem delay 25ms 25ms,ALL,4,cassandra2,cassandra2,4,False,True,
160,4,1,MONOTONIC_WRITES,normal,netem delay 25ms 25ms,ALL,5,cassandra2,cassandra1,5,False,True,
160,4,2,MONOTONIC_WRITES,normal,netem delay 25ms 25ms,ALL,5,cassandra2,cassandra1,5,False,True,
160,4,3,MONOTONIC_WRITES,normal,netem delay 25ms 25ms,ALL,5,cassandra2,cassandra3,5,False,True,
160,5,1,MONOTONIC_WRITES,normal,netem delay 25ms 25ms,ALL,6,cassandra3,cassandra1,6,False,True,
160,5,2,MONOTONIC_WRITES,normal,netem delay 25ms 25ms,ALL,6,cassandra3,cassandra1,6,False,True,
160,5,3,MONOTONIC_WRITES,normal,netem delay 25ms 25ms,ALL,6,cassandra3,cassandra2,6,False,True,
161,1,1,MONOTONIC_WRITES,normal,netem delay 25ms 25ms,ALL,2,cassandra3,cassandra3,2,False,True,
161,1,2,MONOTONIC_WRITES,normal,netem delay 25ms 25ms,ALL,2,cassandra3,cassandra2,2,False,True,
161,1,3,MONOTONIC_WRITES,normal,netem delay 25ms 25ms,ALL,2,cassandra3,cassandra3,2,False,True,
161,2,1,MONOTONIC_WRITES,normal,netem delay 25ms 25ms,ALL,3,cassandra1,cassandra3,3,False,True,
161,2,2,MONOTONIC_WRITES,normal,netem delay 25ms 25ms,ALL,3,cassandra1,cassandra3,3,False,True,
161,2,3,MONOTONIC_WRITES,normal,netem delay 25ms 25ms,ALL,3,cassandra1,cassandra1,3,False,True,
161,3,1,MONOTONIC_WRITES,normal,netem delay 25ms 25ms,ALL,4,cassandra1,cassandra3,4,False,True,
161,3,2,MONOTONIC_WRITES,normal,netem delay 25ms 25ms,ALL,4,cassandra1,cassandra2,4,False,True,
161,3,3,MONOTONIC_WRITES,normal,netem delay 25ms 25ms,ALL,4,cassandra1,cassandra1,4,False,True,
161,4,1,MONOTONIC_WRITES,normal,netem delay 25ms 25ms,ALL,5,cassandra3,cassandra1,5,False,True,
161,4,2,MONOTONIC_WRITES,normal,netem delay 25ms 25ms,ALL,5,cassandra3,cassandra1,5,False,True,
161,4,3,MONOTONIC_WRITES,normal,netem delay 25ms 25ms,ALL,5,cassandra3,cassandra2,5,False,True,
161,5,1,MONOTONIC_WRITES,normal,netem delay 25ms 25ms,ALL,6,cassandra2,cassandra3,6,False,True,
161,5,2,MONOTONIC_WRITES,normal,netem delay 25ms 25ms,ALL,6,cassandra2,cassandra2,6,False,True,
161,5,3,MONOTONIC_WRITES,normal,netem delay 25ms 25ms,ALL,6,cassandra2,cassandra1,6,False,True,
162,1,1,MONOTONIC_WRITES,normal,netem delay 25ms 25ms,ALL,2,cassandra3,cassandra1,2,False,True,
162,1,2,MONOTONIC_WRITES,normal,netem delay 25ms 25ms,ALL,2,cassandra3,cassandra1,2,False,True,
162,1,3,MONOTONIC_WRITES,normal,netem delay 25ms 25ms,ALL,2,cassandra3,cassandra2,2,False,True,
162,2,1,MONOTONIC_WRITES,normal,netem delay 25ms 25ms,ALL,3,cassandra2,cassandra2,3,False,True,
162,2,2,MONOTONIC_WRITES,normal,netem delay 25ms 25ms,ALL,3,cassandra2,cassandra1,3,False,True,
162,2,3,MONOTONIC_WRITES,normal,netem delay 25ms 25ms,ALL,3,cassandra2,cassandra1,3,False,True,
162,3,1,MONOTONIC_WRITES,normal,netem delay 25ms 25ms,ALL,4,cassandra1,cassandra3,4,False,True,
162,3,2,MONOTONIC_WRITES,normal,netem delay 25ms 25ms,ALL,4,cassandra1,cassandra3,4,False,True,
162,3,3,MONOTONIC_WRITES,normal,netem delay 25ms 25ms,ALL,4,cassandra1,cassandra1,4,False,True,
162,4,1,MONOTONIC_WRITES,normal,netem delay 25ms 25ms,ALL,5,cassandra2,cassandra3,5,False,True,
162,4,2,MONOTONIC_WRITES,normal,netem delay 25ms 25ms,ALL,5,cassandra2,cassandra1,5,False,True,
162,4,3,MONOTONIC_WRITES,normal,netem delay 25ms 25ms,ALL,5,cassandra2,cassandra2,5,False,True,
162,5,1,MONOTONIC_WRITES,normal,netem delay 25ms 25ms,ALL,6,cassandra3,cassandra1,6,False,True,
162,5,2,MONOTONIC_WRITES,normal,netem delay 25ms 25ms,ALL,6,cassandra3,cassandra1,6,False,True,
162,5,3,MONOTONIC_WRITES,normal,netem delay 25ms 25ms,ALL,6,cassandra3,cassandra3,6,False,True,
163,1,1,MONOTONIC_WRITES,normal,netem delay 25ms 25ms,ALL,2,cassandra3,cassandra3,2,False,True,
163,1,2,MONOTONIC_WRITES,normal,netem delay 25ms 25ms,ALL,2,cassandra3,cassandra3,2,False,True,
163,1,3,MONOTONIC_WRITES,normal,netem delay 25ms 25ms,ALL,2,cassandra3,cassandra2,2,False,True,
163,2,1,MONOTONIC_WRITES,normal,netem delay 25ms 25ms,ALL,3,cassandra3,cassandra3,3,False,True,
163,2,2,MONOTONIC_WRITES,normal,netem delay 25ms 25ms,ALL,3,cassandra3,cassandra2,3,False,True,
163,2,3,MONOTONIC_WRITES,normal,netem delay 25ms 25ms,ALL,3,cassandra3,cassandra3,3,False,True,
163,3,1,MONOTONIC_WRITES,normal,netem delay 25ms 25ms,ALL,4,cassandra3,cassandra2,4,False,True,
163,3,2,MONOTONIC_WRITES,normal,netem delay 25ms 25ms,ALL,4,cassandra3,cassandra3,4,False,True,
163,3,3,MONOTONIC_WRITES,normal,netem delay 25ms 25ms,ALL,4,cassandra3,cassandra3,4,False,True,
163,4,1,MONOTONIC_WRITES,normal,netem delay 25ms 25ms,ALL,5,cassandra2,cassandra2,5,False,True,
163,4,2,MONOTONIC_WRITES,normal,netem delay 25ms 25ms,ALL,5,cassandra2,cassandra2,5,False,True,
163,4,3,MONOTONIC_WRITES,normal,netem delay 25ms 25ms,ALL,5,cassandra2,cassandra2,5,False,True,
163,5,1,MONOTONIC_WRITES,normal,netem delay 25ms 25ms,ALL,6,cassandra2,cassandra1,6,False,True,
163,5,2,MONOTONIC_WRITES,normal,netem delay 25ms 25ms,ALL,6,cassandra2,cassandra1,6,False,True,
163,5,3,MONOTONIC_WRITES,normal,netem delay 25ms 25ms,ALL,6,cassandra2,cassandra1,6,False,True,
164,1,1,MONOTONIC_WRITES,normal,netem delay 25ms 25ms,ALL,2,cassandra2,cassandra3,2,False,True,
164,1,2,MONOTONIC_WRITES,normal,netem delay 25ms 25ms,ALL,2,cassandra2,cassandra3,2,False,True,
164,1,3,MONOTONIC_WRITES,normal,netem delay 25ms 25ms,ALL,2,cassandra2,cassandra1,2,False,True,
164,2,1,MONOTONIC_WRITES,normal,netem delay 25ms 25ms,ALL,3,cassandra1,cassandra1,3,False,True,
164,2,2,MONOTONIC_WRITES,normal,netem delay 25ms 25ms,ALL,3,cassandra1,cassandra2,3,False,True,
164,2,3,MONOTONIC_WRITES,normal,netem delay 25ms 25ms,ALL,3,cassandra1,cassandra3,3,False,True,
164,3,1,MONOTONIC_WRITES,normal,netem delay 25ms 25ms,ALL,4,cassandra3,cassandra1,4,False,True,
164,3,2,MONOTONIC_WRITES,normal,netem delay 25ms 25ms,ALL,4,cassandra3,cassandra1,4,False,True,
164,3,3,MONOTONIC_WRITES,normal,netem delay 25ms 25ms,ALL,4,cassandra3,cassandra1,4,False,True,
164,4,1,MONOTONIC_WRITES,normal,netem delay 25ms 25ms,ALL,5,cassandra2,cassandra1,5,False,True,
164,4,2,MONOTONIC_WRITES,normal,netem delay 25ms 25ms,ALL,5,cassandra2,cassandra2,5,False,True,
164,4,3,MONOTONIC_WRITES,normal,netem delay 25ms 25ms,ALL,5,cassandra2,cassandra3,5,False,True,
164,5,1,MONOTONIC_WRITES,normal,netem delay 25ms 25ms,ALL,6,cassandra1,cassandra2,6,False,True,
164,5,2,MONOTONIC_WRITES,normal,netem delay 25ms 25ms,ALL,6,cassandra1,cassandra1,6,False,True,
164,5,3,MONOTONIC_WRITES,normal,netem delay 25ms 25ms,ALL,6,cassandra1,cassandra3,6,False,True,
165,1,1,MONOTONIC_WRITES,normal,netem delay 25ms 25ms,ALL,2,cassandra1,cassandra1,2,False,True,
165,1,2,MONOTONIC_WRITES,normal,netem delay 25ms 25ms,ALL,2,cassandra1,cassandra2,2,False,True,
165,1,3,MONOTONIC_WRITES,normal,netem delay 25ms 25ms,ALL,2,cassandra1,cassandra1,2,False,True,
165,2,1,MONOTONIC_WRITES,normal,netem delay 25ms 25ms,ALL,3,cassandra2,cassandra2,3,False,True,
165,2,2,MONOTONIC_WRITES,normal,netem delay 25ms 25ms,ALL,3,cassandra2,cassandra3,3,False,True,
165,2,3,MONOTONIC_WRITES,normal,netem delay 25ms 25ms,ALL,3,cassandra2,cassandra1,3,False,True,
165,3,1,MONOTONIC_WRITES,normal,netem delay 25ms 25ms,ALL,4,cassandra2,cassandra3,4,False,True,
165,3,2,MONOTONIC_WRITES,normal,netem delay 25ms 25ms,ALL,4,cassandra2,cassandra1,4,False,True,
165,3,3,MONOTONIC_WRITES,normal,netem delay 25ms 25ms,ALL,4,cassandra2,cassandra2,4,False,True,
165,4,1,MONOTONIC_WRITES,normal,netem delay 25ms 25ms,ALL,5,cassandra2,cassandra1,5,False,True,
165,4,2,MONOTONIC_WRITES,normal,netem delay 25ms 25ms,ALL,5,cassandra2,cassandra2,5,False,True,
165,4,3,MONOTONIC_WRITES,normal,netem delay 25ms 25ms,ALL,5,cassandra2,cassandra3,5,False,True,
165,5,1,MONOTONIC_WRITES,normal,netem delay 25ms 25ms,ALL,6,cassandra3,cassandra2,6,False,True,
165,5,2,MONOTONIC_WRITES,normal,netem delay 25ms 25ms,ALL,6,cassandra3,cassandra1,6,False,True,
165,5,3,MONOTONIC_WRITES,normal,netem delay 25ms 25ms,ALL,6,cassandra3,cassandra3,6,False,True,
166,1,1,MONOTONIC_WRITES,normal,netem delay 25ms 25ms,ALL,2,cassandra3,cassandra1,2,False,True,
166,1,2,MONOTONIC_WRITES,normal,netem delay 25ms 25ms,ALL,2,cassandra3,cassandra2,2,False,True,
166,1,3,MONOTONIC_WRITES,normal,netem delay 25ms 25ms,ALL,2,cassandra3,cassandra3,2,False,True,
166,2,1,MONOTONIC_WRITES,normal,netem delay 25ms 25ms,ALL,3,cassandra1,cassandra1,3,False,True,
166,2,2,MONOTONIC_WRITES,normal,netem delay 25ms 25ms,ALL,3,cassandra1,cassandra3,3,False,True,
166,2,3,MONOTONIC_WRITES,normal,netem delay 25ms 25ms,ALL,3,cassandra1,cassandra2,3,False,True,
166,3,1,MONOTONIC_WRITES,normal,netem delay 25ms 25ms,ALL,4,cassandra1,cassandra3,4,False,True,
166,3,2,MONOTONIC_WRITES,normal,netem delay 25ms 25ms,ALL,4,cassandra1,cassandra3,4,False,True,
166,3,3,MONOTONIC_WRITES,normal,netem delay 25ms 25ms,ALL,4,cassandra1,cassandra2,4,False,True,
166,4,1,MONOTONIC_WRITES,normal,netem delay 25ms 25ms,ALL,5,cassandra3,cassandra2,5,False,True,
166,4,2,MONOTONIC_WRITES,normal,netem delay 25ms 25ms,ALL,5,cassandra3,cassandra3,5,False,True,
166,4,3,MONOTONIC_WRITES,normal,netem delay 25ms 25ms,ALL,5,cassandra3,cassandra1,5,False,True,
166,5,1,MONOTONIC_WRITES,normal,netem delay 25ms 25ms,ALL,6,cassandra3,cassandra3,6,False,True,
166,5,2,MONOTONIC_WRITES,normal,netem delay 25ms 25ms,ALL,6,cassandra3,cassandra1,6,False,True,
166,5,3,MONOTONIC_WRITES,normal,netem delay 25ms 25ms,ALL,6,cassandra3,cassandra2,6,False,True,
167,1,1,MONOTONIC_WRITES,normal,netem delay 25ms 25ms,ALL,2,cassandra3,cassandra2,2,False,True,
167,1,2,MONOTONIC_WRITES,normal,netem delay 25ms 25ms,ALL,2,cassandra3,cassandra1,2,False,True,
167,1,3,MONOTONIC_WRITES,normal,netem delay 25ms 25ms,ALL,2,cassandra3,cassandra1,2,False,True,
167,2,1,MONOTONIC_WRITES,normal,netem delay 25ms 25ms,ALL,3,cassandra1,cassandra3,3,False,True,
167,2,2,MONOTONIC_WRITES,normal,netem delay 25ms 25ms,ALL,3,cassandra1,cassandra1,3,False,True,
167,2,3,MONOTONIC_WRITES,normal,netem delay 25ms 25ms,ALL,3,cassandra1,cassandra2,3,False,True,
167,3,1,MONOTONIC_WRITES,normal,netem delay 25ms 25ms,ALL,4,cassandra2,cassandra2,4,False,True,
167,3,2,MONOTONIC_WRITES,normal,netem delay 25ms 25ms,ALL,4,cassandra2,cassandra1,4,False,True,
167,3,3,MONOTONIC_WRITES,normal,netem delay 25ms 25ms,ALL,4,cassandra2,cassandra3,4,False,True,
167,4,1,MONOTONIC_WRITES,normal,netem delay 25ms 25ms,ALL,5,cassandra2,cassandra1,5,False,True,
167,4,2,MONOTONIC_WRITES,normal,netem delay 25ms 25ms,ALL,5,cassandra2,cassandra3,5,False,True,
167,4,3,MONOTONIC_WRITES,normal,netem delay 25ms 25ms,ALL,5,cassandra2,cassandra1,5,False,True,
167,5,1,MONOTONIC_WRITES,normal,netem delay 25ms 25ms,ALL,6,cassandra3,cassandra2,6,False,True,
167,5,2,MONOTONIC_WRITES,normal,netem delay 25ms 25ms,ALL,6,cassandra3,cassandra3,6,False,True,
167,5,3,MONOTONIC_WRITES,normal,netem delay 25ms 25ms,ALL,6,cassandra3,cassandra3,6,False,True,
168,1,1,MONOTONIC_WRITES,normal,netem delay 25ms 25ms,ALL,2,cassandra3,cassandra3,2,False,True,
168,1,2,MONOTONIC_WRITES,normal,netem delay 25ms 25ms,ALL,2,cassandra3,cassandra2,2,False,True,
168,1,3,MONOTONIC_WRITES,normal,netem delay 25ms 25ms,ALL,2,cassandra3,cassandra2,2,False,True,
168,2,1,MONOTONIC_WRITES,normal,netem delay 25ms 25ms,ALL,3,cassandra3,cassandra3,3,False,True,
168,2,2,MONOTONIC_WRITES,normal,netem delay 25ms 25ms,ALL,3,cassandra3,cassandra1,3,False,True,
168,2,3,MONOTONIC_WRITES,normal,netem delay 25ms 25ms,ALL,3,cassandra3,cassandra1,3,False,True,
168,3,1,MONOTONIC_WRITES,normal,netem delay 25ms 25ms,ALL,4,cassandra3,cassandra1,4,False,True,
168,3,2,MONOTONIC_WRITES,normal,netem delay 25ms 25ms,ALL,4,cassandra3,cassandra3,4,False,True,
168,3,3,MONOTONIC_WRITES,normal,netem delay 25ms 25ms,ALL,4,cassandra3,cassandra1,4,False,True,
168,4,1,MONOTONIC_WRITES,normal,netem delay 25ms 25ms,ALL,5,cassandra2,cassandra1,5,False,True,
168,4,2,MONOTONIC_WRITES,normal,netem delay 25ms 25ms,ALL,5,cassandra2,cassandra3,5,False,True,
168,4,3,MONOTONIC_WRITES,normal,netem delay 25ms 25ms,ALL,5,cassandra2,cassandra2,5,False,True,
168,5,1,MONOTONIC_WRITES,normal,netem delay 25ms 25ms,ALL,6,cassandra3,cassandra2,6,False,True,
168,5,2,MONOTONIC_WRITES,normal,netem delay 25ms 25ms,ALL,6,cassandra3,cassandra1,6,False,True,
168,5,3,MONOTONIC_WRITES,normal,netem delay 25ms 25ms,ALL,6,cassandra3,cassandra2,6,False,True,
169,1,1,MONOTONIC_WRITES,normal,netem delay 25ms 25ms,ALL,2,cassandra1,cassandra3,2,False,True,
169,1,2,MONOTONIC_WRITES,normal,netem delay 25ms 25ms,ALL,2,cassandra1,cassandra2,2,False,True,
169,1,3,MONOTONIC_WRITES,normal,netem delay 25ms 25ms,ALL,2,cassandra1,cassandra2,2,False,True,
169,2,1,MONOTONIC_WRITES,normal,netem delay 25ms 25ms,ALL,3,cassandra1,cassandra3,3,False,True,
169,2,2,MONOTONIC_WRITES,normal,netem delay 25ms 25ms,ALL,3,cassandra1,cassandra2,3,False,True,
169,2,3,MONOTONIC_WRITES,normal,netem delay 25ms 25ms,ALL,3,cassandra1,cassandra2,3,False,True,
169,3,1,MONOTONIC_WRITES,normal,netem delay 25ms 25ms,ALL,4,cassandra3,cassandra3,4,False,True,
169,3,2,MONOTONIC_WRITES,normal,netem delay 25ms 25ms,ALL,4,cassandra3,cassandra2,4,False,True,
169,3,3,MONOTONIC_WRITES,normal,netem delay 25ms 25ms,ALL,4,cassandra3,cassandra2,4,False,True,
169,4,1,MONOTONIC_WRITES,normal,netem delay 25ms 25ms,ALL,5,cassandra2,cassandra3,5,False,True,
169,4,2,MONOTONIC_WRITES,normal,netem delay 25ms 25ms,ALL,5,cassandra2,cassandra2,5,False,True,
169,4,3,MONOTONIC_WRITES,normal,netem delay 25ms 25ms,ALL,5,cassandra2,cassandra1,5,False,True,
169,5,1,MONOTONIC_WRITES,normal,netem delay 25ms 25ms,ALL,6,cassandra1,cassandra2,6,False,True,
169,5,2,MONOTONIC_WRITES,normal,netem delay 25ms 25ms,ALL,6,cassandra1,cassandra2,6,False,True,
169,5,3,MONOTONIC_WRITES,normal,netem delay 25ms 25ms,ALL,6,cassandra1,cassandra3,6,False,True,
170,1,1,MONOTONIC_WRITES,normal,netem delay 25ms 25ms,ALL,2,cassandra2,cassandra2,2,False,True,
170,1,2,MONOTONIC_WRITES,normal,netem delay 25ms 25ms,ALL,2,cassandra2,cassandra3,2,False,True,
170,1,3,MONOTONIC_WRITES,normal,netem delay 25ms 25ms,ALL,2,cassandra2,cassandra1,2,False,True,
170,2,1,MONOTONIC_WRITES,normal,netem delay 25ms 25ms,ALL,3,cassandra3,cassandra2,3,False,True,
170,2,2,MONOTONIC_WRITES,normal,netem delay 25ms 25ms,ALL,3,cassandra3,cassandra3,3,False,True,
170,2,3,MONOTONIC_WRITES,normal,netem delay 25ms 25ms,ALL,3,cassandra3,cassandra3,3,False,True,
170,3,1,MONOTONIC_WRITES,normal,netem delay 25ms 25ms,ALL,4,cassandra1,cassandra2,4,False,True,
170,3,2,MONOTONIC_WRITES,normal,netem delay 25ms 25ms,ALL,4,cassandra1,cassandra1,4,False,True,
170,3,3,MONOTONIC_WRITES,normal,netem delay 25ms 25ms,ALL,4,cassandra1,cassandra2,4,False,True,
170,4,1,MONOTONIC_WRITES,normal,netem delay 25ms 25ms,ALL,5,cassandra1,cassandra3,5,False,True,
170,4,2,MONOTONIC_WRITES,normal,netem delay 25ms 25ms,ALL,5,cassandra1,cassandra1,5,False,True,
170,4,3,MONOTONIC_WRITES,normal,netem delay 25ms 25ms,ALL,5,cassandra1,cassandra3,5,False,True,
170,5,1,MONOTONIC_WRITES,normal,netem delay 25ms 25ms,ALL,6,cassandra1,cassandra3,6,False,True,
170,5,2,MONOTONIC_WRITES,normal,netem delay 25ms 25ms,ALL,6,cassandra1,cassandra3,6,False,True,
170,5,3,MONOTONIC_WRITES,normal,netem delay 25ms 25ms,ALL,6,cassandra1,cassandra3,6,False,True,
171,1,1,MONOTONIC_WRITES,normal,netem delay 25ms 25ms,ALL,2,cassandra3,cassandra3,2,False,True,
171,1,2,MONOTONIC_WRITES,normal,netem delay 25ms 25ms,ALL,2,cassandra3,cassandra2,2,False,True,
171,1,3,MONOTONIC_WRITES,normal,netem delay 25ms 25ms,ALL,2,cassandra3,cassandra3,2,False,True,
171,2,1,MONOTONIC_WRITES,normal,netem delay 25ms 25ms,ALL,3,cassandra3,cassandra3,3,False,True,
171,2,2,MONOTONIC_WRITES,normal,netem delay 25ms 25ms,ALL,3,cassandra3,cassandra1,3,False,True,
171,2,3,MONOTONIC_WRITES,normal,netem delay 25ms 25ms,ALL,3,cassandra3,cassandra3,3,False,True,
171,3,1,MONOTONIC_WRITES,normal,netem delay 25ms 25ms,ALL,4,cassandra3,cassandra2,4,False,True,
171,3,2,MONOTONIC_WRITES,normal,netem delay 25ms 25ms,ALL,4,cassandra3,cassandra3,4,False,True,
171,3,3,MONOTONIC_WRITES,normal,netem delay 25ms 25ms,ALL,4,cassandra3,cassandra3,4,False,True,
171,4,1,MONOTONIC_WRITES,normal,netem delay 25ms 25ms,ALL,5,cassandra2,cassandra1,5,False,True,
171,4,2,MONOTONIC_WRITES,normal,netem delay 25ms 25ms,ALL,5,cassandra2,cassandra3,5,False,True,
171,4,3,MONOTONIC_WRITES,normal,netem delay 25ms 25ms,ALL,5,cassandra2,cassandra2,5,False,True,
171,5,1,MONOTONIC_WRITES,normal,netem delay 25ms 25ms,ALL,6,cassandra2,cassandra1,6,False,True,
171,5,2,MONOTONIC_WRITES,normal,netem delay 25ms 25ms,ALL,6,cassandra2,cassandra3,6,False,True,
171,5,3,MONOTONIC_WRITES,normal,netem delay 25ms 25ms,ALL,6,cassandra2,cassandra1,6,False,True,
172,1,1,MONOTONIC_WRITES,normal,netem delay 25ms 25ms,ALL,2,cassandra1,cassandra1,2,False,True,
172,1,2,MONOTONIC_WRITES,normal,netem delay 25ms 25ms,ALL,2,cassandra1,cassandra2,2,False,True,
172,1,3,MONOTONIC_WRITES,normal,netem delay 25ms 25ms,ALL,2,cassandra1,cassandra1,2,False,True,
172,2,1,MONOTONIC_WRITES,normal,netem delay 25ms 25ms,ALL,3,cassandra3,cassandra3,3,False,True,
172,2,2,MONOTONIC_WRITES,normal,netem delay 25ms 25ms,ALL,3,cassandra3,cassandra2,3,False,True,
172,2,3,MONOTONIC_WRITES,normal,netem delay 25ms 25ms,ALL,3,cassandra3,cassandra1,3,False,True,
172,3,1,MONOTONIC_WRITES,normal,netem delay 25ms 25ms,ALL,4,cassandra3,cassandra2,4,False,True,
172,3,2,MONOTONIC_WRITES,normal,netem delay 25ms 25ms,ALL,4,cassandra3,cassandra3,4,False,True,
172,3,3,MONOTONIC_WRITES,normal,netem delay 25ms 25ms,ALL,4,cassandra3,cassandra3,4,False,True,
172,4,1,MONOTONIC_WRITES,normal,netem delay 25ms 25ms,ALL,5,cassandra1,cassandra1,5,False,True,
172,4,2,MONOTONIC_WRITES,normal,netem delay 25ms 25ms,ALL,5,cassandra1,cassandra1,5,False,True,
172,4,3,MONOTONIC_WRITES,normal,netem delay 25ms 25ms,ALL,5,cassandra1,cassandra2,5,False,True,
172,5,1,MONOTONIC_WRITES,normal,netem delay 25ms 25ms,ALL,6,cassandra3,cassandra2,6,False,True,
172,5,2,MONOTONIC_WRITES,normal,netem delay 25ms 25ms,ALL,6,cassandra3,cassandra3,6,False,True,
172,5,3,MONOTONIC_WRITES,normal,netem delay 25ms 25ms,ALL,6,cassandra3,cassandra1,6,False,True,
173,1,1,MONOTONIC_WRITES,normal,netem delay 25ms 25ms,ALL,2,cassandra2,cassandra2,2,False,True,
173,1,2,MONOTONIC_WRITES,normal,netem delay 25ms 25ms,ALL,2,cassandra2,cassandra1,2,False,True,
173,1,3,MONOTONIC_WRITES,normal,netem delay 25ms 25ms,ALL,2,cassandra2,cassandra1,2,False,True,
173,2,1,MONOTONIC_WRITES,normal,netem delay 25ms 25ms,ALL,3,cassandra3,cassandra3,3,False,True,
173,2,2,MONOTONIC_WRITES,normal,netem delay 25ms 25ms,ALL,3,cassandra3,cassandra1,3,False,True,
173,2,3,MONOTONIC_WRITES,normal,netem delay 25ms 25ms,ALL,3,cassandra3,cassandra3,3,False,True,
173,3,1,MONOTONIC_WRITES,normal,netem delay 25ms 25ms,ALL,4,cassandra2,cassandra3,4,False,True,
173,3,2,MONOTONIC_WRITES,normal,netem delay 25ms 25ms,ALL,4,cassandra2,cassandra2,4,False,True,
173,3,3,MONOTONIC_WRITES,normal,netem delay 25ms 25ms,ALL,4,cassandra2,cassandra3,4,False,True,
173,4,1,MONOTONIC_WRITES,normal,netem delay 25ms 25ms,ALL,5,cassandra3,cassandra1,5,False,True,
173,4,2,MONOTONIC_WRITES,normal,netem delay 25ms 25ms,ALL,5,cassandra3,cassandra1,5,False,True,
173,4,3,MONOTONIC_WRITES,normal,netem delay 25ms 25ms,ALL,5,cassandra3,cassandra3,5,False,True,
173,5,1,MONOTONIC_WRITES,normal,netem delay 25ms 25ms,ALL,6,cassandra1,cassandra2,6,False,True,
173,5,2,MONOTONIC_WRITES,normal,netem delay 25ms 25ms,ALL,6,cassandra1,cassandra3,6,False,True,
173,5,3,MONOTONIC_WRITES,normal,netem delay 25ms 25ms,ALL,6,cassandra1,cassandra2,6,False,True,
174,1,1,MONOTONIC_WRITES,normal,netem delay 25ms 25ms,ALL,2,cassandra2,cassandra1,2,False,True,
174,1,2,MONOTONIC_WRITES,normal,netem delay 25ms 25ms,ALL,2,cassandra2,cassandra2,2,False,True,
174,1,3,MONOTONIC_WRITES,normal,netem delay 25ms 25ms,ALL,2,cassandra2,cassandra1,2,False,True,
174,2,1,MONOTONIC_WRITES,normal,netem delay 25ms 25ms,ALL,3,cassandra2,cassandra3,3,False,True,
174,2,2,MONOTONIC_WRITES,normal,netem delay 25ms 25ms,ALL,3,cassandra2,cassandra3,3,False,True,
174,2,3,MONOTONIC_WRITES,normal,netem delay 25ms 25ms,ALL,3,cassandra2,cassandra1,3,False,True,
174,3,1,MONOTONIC_WRITES,normal,netem delay 25ms 25ms,ALL,4,cassandra3,cassandra3,4,False,True,
174,3,2,MONOTONIC_WRITES,normal,netem delay 25ms 25ms,ALL,4,cassandra3,cassandra2,4,False,True,
174,3,3,MONOTONIC_WRITES,normal,netem delay 25ms 25ms,ALL,4,cassandra3,cassandra1,4,False,True,
174,4,1,MONOTONIC_WRITES,normal,netem delay 25ms 25ms,ALL,5,cassandra3,cassandra1,5,False,True,
174,4,2,MONOTONIC_WRITES,normal,netem delay 25ms 25ms,ALL,5,cassandra3,cassandra3,5,False,True,
174,4,3,MONOTONIC_WRITES,normal,netem delay 25ms 25ms,ALL,5,cassandra3,cassandra1,5,False,True,
174,5,1,MONOTONIC_WRITES,normal,netem delay 25ms 25ms,ALL,6,cassandra3,cassandra3,6,False,True,
174,5,2,MONOTONIC_WRITES,normal,netem delay 25ms 25ms,ALL,6,cassandra3,cassandra3,6,False,True,
174,5,3,MONOTONIC_WRITES,normal,netem delay 25ms 25ms,ALL,6,cassandra3,cassandra3,6,False,True,
175,1,1,MONOTONIC_WRITES,normal,netem delay 25ms 25ms,ALL,2,cassandra2,cassandra2,2,False,True,
175,1,2,MONOTONIC_WRITES,normal,netem delay 25ms 25ms,ALL,2,cassandra2,cassandra2,2,False,True,
175,1,3,MONOTONIC_WRITES,normal,netem delay 25ms 25ms,ALL,2,cassandra2,cassandra3,2,False,True,
175,2,1,MONOTONIC_WRITES,normal,netem delay 25ms 25ms,ALL,3,cassandra1,cassandra1,3,False,True,
175,2,2,MONOTONIC_WRITES,normal,netem delay 25ms 25ms,ALL,3,cassandra1,cassandra2,3,False,True,
175,2,3,MONOTONIC_WRITES,normal,netem delay 25ms 25ms,ALL,3,cassandra1,cassandra2,3,False,True,
175,3,1,MONOTONIC_WRITES,normal,netem delay 25ms 25ms,ALL,4,cassandra3,cassandra3,4,False,True,
175,3,2,MONOTONIC_WRITES,normal,netem delay 25ms 25ms,ALL,4,cassandra3,cassandra2,4,False,True,
175,3,3,MONOTONIC_WRITES,normal,netem delay 25ms 25ms,ALL,4,cassandra3,cassandra1,4,False,True,
175,4,1,MONOTONIC_WRITES,normal,netem delay 25ms 25ms,ALL,5,cassandra3,cassandra1,5,False,True,
175,4,2,MONOTONIC_WRITES,normal,netem delay 25ms 25ms,ALL,5,cassandra3,cassandra1,5,False,True,
175,4,3,MONOTONIC_WRITES,normal,netem delay 25ms 25ms,ALL,5,cassandra3,cassandra3,5,False,True,
175,5,1,MONOTONIC_WRITES,normal,netem delay 25ms 25ms,ALL,6,cassandra1,cassandra1,6,False,True,
175,5,2,MONOTONIC_WRITES,normal,netem delay 25ms 25ms,ALL,6,cassandra1,cassandra3,6,False,True,
175,5,3,MONOTONIC_WRITES,normal,netem delay 25ms 25ms,ALL,6,cassandra1,cassandra3,6,False,True,
176,1,1,MONOTONIC_WRITES,normal,netem delay 25ms 25ms,ALL,2,cassandra3,cassandra1,2,False,True,
176,1,2,MONOTONIC_WRITES,normal,netem delay 25ms 25ms,ALL,2,cassandra3,cassandra1,2,False,True,
176,1,3,MONOTONIC_WRITES,normal,netem delay 25ms 25ms,ALL,2,cassandra3,cassandra2,2,False,True,
176,2,1,MONOTONIC_WRITES,normal,netem delay 25ms 25ms,ALL,3,cassandra3,cassandra2,3,False,True,
176,2,2,MONOTONIC_WRITES,normal,netem delay 25ms 25ms,ALL,3,cassandra3,cassandra2,3,False,True,
176,2,3,MONOTONIC_WRITES,normal,netem delay 25ms 25ms,ALL,3,cassandra3,cassandra1,3,False,True,
176,3,1,MONOTONIC_WRITES,normal,netem delay 25ms 25ms,ALL,4,cassandra3,cassandra3,4,False,True,
176,3,2,MONOTONIC_WRITES,normal,netem delay 25ms 25ms,ALL,4,cassandra3,cassandra1,4,False,True,
176,3,3,MONOTONIC_WRITES,normal,netem delay 25ms 25ms,ALL,4,cassandra3,cassandra1,4,False,True,
176,4,1,MONOTONIC_WRITES,normal,netem delay 25ms 25ms,ALL,5,cassandra2,cassandra1,5,False,True,
176,4,2,MONOTONIC_WRITES,normal,netem delay 25ms 25ms,ALL,5,cassandra2,cassandra2,5,False,True,
176,4,3,MONOTONIC_WRITES,normal,netem delay 25ms 25ms,ALL,5,cassandra2,cassandra2,5,False,True,
176,5,1,MONOTONIC_WRITES,normal,netem delay 25ms 25ms,ALL,6,cassandra1,cassandra1,6,False,True,
176,5,2,MONOTONIC_WRITES,normal,netem delay 25ms 25ms,ALL,6,cassandra1,cassandra1,6,False,True,
176,5,3,MONOTONIC_WRITES,normal,netem delay 25ms 25ms,ALL,6,cassandra1,cassandra3,6,False,True,
177,1,1,MONOTONIC_WRITES,normal,netem delay 25ms 25ms,ALL,2,cassandra2,cassandra1,2,False,True,
177,1,2,MONOTONIC_WRITES,normal,netem delay 25ms 25ms,ALL,2,cassandra2,cassandra1,2,False,True,
177,1,3,MONOTONIC_WRITES,normal,netem delay 25ms 25ms,ALL,2,cassandra2,cassandra1,2,False,True,
177,2,1,MONOTONIC_WRITES,normal,netem delay 25ms 25ms,ALL,3,cassandra3,cassandra2,3,False,True,
177,2,2,MONOTONIC_WRITES,normal,netem delay 25ms 25ms,ALL,3,cassandra3,cassandra3,3,False,True,
177,2,3,MONOTONIC_WRITES,normal,netem delay 25ms 25ms,ALL,3,cassandra3,cassandra3,3,False,True,
177,3,1,MONOTONIC_WRITES,normal,netem delay 25ms 25ms,ALL,4,cassandra3,cassandra1,4,False,True,
177,3,2,MONOTONIC_WRITES,normal,netem delay 25ms 25ms,ALL,4,cassandra3,cassandra3,4,False,True,
177,3,3,MONOTONIC_WRITES,normal,netem delay 25ms 25ms,ALL,4,cassandra3,cassandra3,4,False,True,
177,4,1,MONOTONIC_WRITES,normal,netem delay 25ms 25ms,ALL,5,cassandra2,cassandra2,5,False,True,
177,4,2,MONOTONIC_WRITES,normal,netem delay 25ms 25ms,ALL,5,cassandra2,cassandra3,5,False,True,
177,4,3,MONOTONIC_WRITES,normal,netem delay 25ms 25ms,ALL,5,cassandra2,cassandra3,5,False,True,
177,5,1,MONOTONIC_WRITES,normal,netem delay 25ms 25ms,ALL,6,cassandra1,cassandra2,6,False,True,
177,5,2,MONOTONIC_WRITES,normal,netem delay 25ms 25ms,ALL,6,cassandra1,cassandra1,6,False,True,
177,5,3,MONOTONIC_WRITES,normal,netem delay 25ms 25ms,ALL,6,cassandra1,cassandra1,6,False,True,
178,1,1,MONOTONIC_WRITES,normal,netem delay 25ms 25ms,ALL,2,cassandra3,cassandra1,2,False,True,
178,1,2,MONOTONIC_WRITES,normal,netem delay 25ms 25ms,ALL,2,cassandra3,cassandra2,2,False,True,
178,1,3,MONOTONIC_WRITES,normal,netem delay 25ms 25ms,ALL,2,cassandra3,cassandra3,2,False,True,
178,2,1,MONOTONIC_WRITES,normal,netem delay 25ms 25ms,ALL,3,cassandra2,cassandra2,3,False,True,
178,2,2,MONOTONIC_WRITES,normal,netem delay 25ms 25ms,ALL,3,cassandra2,cassandra1,3,False,True,
178,2,3,MONOTONIC_WRITES,normal,netem delay 25ms 25ms,ALL,3,cassandra2,cassandra3,3,False,True,
178,3,1,MONOTONIC_WRITES,normal,netem delay 25ms 25ms,ALL,4,cassandra2,cassandra3,4,False,True,
178,3,2,MONOTONIC_WRITES,normal,netem delay 25ms 25ms,ALL,4,cassandra2,cassandra2,4,False,True,
178,3,3,MONOTONIC_WRITES,normal,netem delay 25ms 25ms,ALL,4,cassandra2,cassandra2,4,False,True,
178,4,1,MONOTONIC_WRITES,normal,netem delay 25ms 25ms,ALL,5,cassandra1,cassandra1,5,False,True,
178,4,2,MONOTONIC_WRITES,normal,netem delay 25ms 25ms,ALL,5,cassandra1,cassandra2,5,False,True,
178,4,3,MONOTONIC_WRITES,normal,netem delay 25ms 25ms,ALL,5,cassandra1,cassandra1,5,False,True,
178,5,1,MONOTONIC_WRITES,normal,netem delay 25ms 25ms,ALL,6,cassandra3,cassandra3,6,False,True,
178,5,2,MONOTONIC_WRITES,normal,netem delay 25ms 25ms,ALL,6,cassandra3,cassandra1,6,False,True,
178,5,3,MONOTONIC_WRITES,normal,netem delay 25ms 25ms,ALL,6,cassandra3,cassandra1,6,False,True,
179,1,1,MONOTONIC_WRITES,normal,netem delay 25ms 25ms,ALL,2,cassandra1,cassandra3,2,False,True,
179,1,2,MONOTONIC_WRITES,normal,netem delay 25ms 25ms,ALL,2,cassandra1,cassandra1,2,False,True,
179,1,3,MONOTONIC_WRITES,normal,netem delay 25ms 25ms,ALL,2,cassandra1,cassandra2,2,False,True,
179,2,1,MONOTONIC_WRITES,normal,netem delay 25ms 25ms,ALL,3,cassandra3,cassandra1,3,False,True,
179,2,2,MONOTONIC_WRITES,normal,netem delay 25ms 25ms,ALL,3,cassandra3,cassandra1,3,False,True,
179,2,3,MONOTONIC_WRITES,normal,netem delay 25ms 25ms,ALL,3,cassandra3,cassandra1,3,False,True,
179,3,1,MONOTONIC_WRITES,normal,netem delay 25ms 25ms,ALL,4,cassandra1,cassandra3,4,False,True,
179,3,2,MONOTONIC_WRITES,normal,netem delay 25ms 25ms,ALL,4,cassandra1,cassandra3,4,False,True,
179,3,3,MONOTONIC_WRITES,normal,netem delay 25ms 25ms,ALL,4,cassandra1,cassandra1,4,False,True,
179,4,1,MONOTONIC_WRITES,normal,netem delay 25ms 25ms,ALL,5,cassandra2,cassandra3,5,False,True,
179,4,2,MONOTONIC_WRITES,normal,netem delay 25ms 25ms,ALL,5,cassandra2,cassandra3,5,False,True,
179,4,3,MONOTONIC_WRITES,normal,netem delay 25ms 25ms,ALL,5,cassandra2,cassandra1,5,False,True,
179,5,1,MONOTONIC_WRITES,normal,netem delay 25ms 25ms,ALL,6,cassandra2,cassandra3,6,False,True,
179,5,2,MONOTONIC_WRITES,normal,netem delay 25ms 25ms,ALL,6,cassandra2,cassandra3,6,False,True,
179,5,3,MONOTONIC_WRITES,normal,netem delay 25ms 25ms,ALL,6,cassandra2,cassandra1,6,False,True,
180,1,1,MONOTONIC_WRITES,normal,netem delay 25ms 25ms,ALL,2,cassandra2,cassandra3,2,False,True,
180,1,2,MONOTONIC_WRITES,normal,netem delay 25ms 25ms,ALL,2,cassandra2,cassandra2,2,False,True,
180,1,3,MONOTONIC_WRITES,normal,netem delay 25ms 25ms,ALL,2,cassandra2,cassandra3,2,False,True,
180,2,1,MONOTONIC_WRITES,normal,netem delay 25ms 25ms,ALL,3,cassandra3,cassandra1,3,False,True,
180,2,2,MONOTONIC_WRITES,normal,netem delay 25ms 25ms,ALL,3,cassandra3,cassandra3,3,False,True,
180,2,3,MONOTONIC_WRITES,normal,netem delay 25ms 25ms,ALL,3,cassandra3,cassandra2,3,False,True,
180,3,1,MONOTONIC_WRITES,normal,netem delay 25ms 25ms,ALL,4,cassandra1,cassandra1,4,False,True,
180,3,2,MONOTONIC_WRITES,normal,netem delay 25ms 25ms,ALL,4,cassandra1,cassandra2,4,False,True,
180,3,3,MONOTONIC_WRITES,normal,netem delay 25ms 25ms,ALL,4,cassandra1,cassandra1,4,False,True,
180,4,1,MONOTONIC_WRITES,normal,netem delay 25ms 25ms,ALL,5,cassandra1,cassandra2,5,False,True,
180,4,2,MONOTONIC_WRITES,normal,netem delay 25ms 25ms,ALL,5,cassandra1,cassandra3,5,False,True,
180,4,3,MONOTONIC_WRITES,normal,netem delay 25ms 25ms,ALL,5,cassandra1,cassandra3,5,False,True,
180,5,1,MONOTONIC_WRITES,normal,netem delay 25ms 25ms,ALL,6,cassandra1,cassandra2,6,False,True,
180,5,2,MONOTONIC_WRITES,normal,netem delay 25ms 25ms,ALL,6,cassandra1,cassandra1,6,False,True,
180,5,3,MONOTONIC_WRITES,normal,netem delay 25ms 25ms,ALL,6,cassandra1,cassandra2,6,False,True,
181,1,1,MONOTONIC_WRITES,normal,netem delay 25ms 25ms,ALL,2,cassandra2,cassandra3,2,False,True,
181,1,2,MONOTONIC_WRITES,normal,netem delay 25ms 25ms,ALL,2,cassandra2,cassandra1,2,False,True,
181,1,3,MONOTONIC_WRITES,normal,netem delay 25ms 25ms,ALL,2,cassandra2,cassandra3,2,False,True,
181,2,1,MONOTONIC_WRITES,normal,netem delay 25ms 25ms,ALL,3,cassandra1,cassandra2,3,False,True,
181,2,2,MONOTONIC_WRITES,normal,netem delay 25ms 25ms,ALL,3,cassandra1,cassandra3,3,False,True,
181,2,3,MONOTONIC_WRITES,normal,netem delay 25ms 25ms,ALL,3,cassandra1,cassandra3,3,False,True,
181,3,1,MONOTONIC_WRITES,normal,netem delay 25ms 25ms,ALL,4,cassandra3,cassandra3,4,False,True,
181,3,2,MONOTONIC_WRITES,normal,netem delay 25ms 25ms,ALL,4,cassandra3,cassandra3,4,False,True,
181,3,3,MONOTONIC_WRITES,normal,netem delay 25ms 25ms,ALL,4,cassandra3,cassandra1,4,False,True,
181,4,1,MONOTONIC_WRITES,normal,netem delay 25ms 25ms,ALL,5,cassandra2,cassandra1,5,False,True,
181,4,2,MONOTONIC_WRITES,normal,netem delay 25ms 25ms,ALL,5,cassandra2,cassandra2,5,False,True,
181,4,3,MONOTONIC_WRITES,normal,netem delay 25ms 25ms,ALL,5,cassandra2,cassandra3,5,False,True,
181,5,1,MONOTONIC_WRITES,normal,netem delay 25ms 25ms,ALL,6,cassandra3,cassandra2,6,False,True,
181,5,2,MONOTONIC_WRITES,normal,netem delay 25ms 25ms,ALL,6,cassandra3,cassandra3,6,False,True,
181,5,3,MONOTONIC_WRITES,normal,netem delay 25ms 25ms,ALL,6,cassandra3,cassandra3,6,False,True,
182,1,1,MONOTONIC_WRITES,normal,netem delay 25ms 25ms,ALL,2,cassandra3,cassandra2,2,False,True,
182,1,2,MONOTONIC_WRITES,normal,netem delay 25ms 25ms,ALL,2,cassandra3,cassandra2,2,False,True,
182,1,3,MONOTONIC_WRITES,normal,netem delay 25ms 25ms,ALL,2,cassandra3,cassandra1,2,False,True,
182,2,1,MONOTONIC_WRITES,normal,netem delay 25ms 25ms,ALL,3,cassandra2,cassandra3,3,False,True,
182,2,2,MONOTONIC_WRITES,normal,netem delay 25ms 25ms,ALL,3,cassandra2,cassandra2,3,False,True,
182,2,3,MONOTONIC_WRITES,normal,netem delay 25ms 25ms,ALL,3,cassandra2,cassandra1,3,False,True,
182,3,1,MONOTONIC_WRITES,normal,netem delay 25ms 25ms,ALL,4,cassandra1,cassandra3,4,False,True,
182,3,2,MONOTONIC_WRITES,normal,netem delay 25ms 25ms,ALL,4,cassandra1,cassandra1,4,False,True,
182,3,3,MONOTONIC_WRITES,normal,netem delay 25ms 25ms,ALL,4,cassandra1,cassandra2,4,False,True,
182,4,1,MONOTONIC_WRITES,normal,netem delay 25ms 25ms,ALL,5,cassandra1,cassandra2,5,False,True,
182,4,2,MONOTONIC_WRITES,normal,netem delay 25ms 25ms,ALL,5,cassandra1,cassandra1,5,False,True,
182,4,3,MONOTONIC_WRITES,normal,netem delay 25ms 25ms,ALL,5,cassandra1,cassandra1,5,False,True,
182,5,1,MONOTONIC_WRITES,normal,netem delay 25ms 25ms,ALL,6,cassandra1,cassandra2,6,False,True,
182,5,2,MONOTONIC_WRITES,normal,netem delay 25ms 25ms,ALL,6,cassandra1,cassandra2,6,False,True,
182,5,3,MONOTONIC_WRITES,normal,netem delay 25ms 25ms,ALL,6,cassandra1,cassandra2,6,False,True,
183,1,1,MONOTONIC_WRITES,normal,netem delay 25ms 25ms,ALL,2,cassandra3,cassandra3,2,False,True,
183,1,2,MONOTONIC_WRITES,normal,netem delay 25ms 25ms,ALL,2,cassandra3,cassandra3,2,False,True,
183,1,3,MONOTONIC_WRITES,normal,netem delay 25ms 25ms,ALL,2,cassandra3,cassandra3,2,False,True,
183,2,1,MONOTONIC_WRITES,normal,netem delay 25ms 25ms,ALL,3,cassandra2,cassandra2,3,False,True,
183,2,2,MONOTONIC_WRITES,normal,netem delay 25ms 25ms,ALL,3,cassandra2,cassandra3,3,False,True,
183,2,3,MONOTONIC_WRITES,normal,netem delay 25ms 25ms,ALL,3,cassandra2,cassandra2,3,False,True,
183,3,1,MONOTONIC_WRITES,normal,netem delay 25ms 25ms,ALL,4,cassandra1,cassandra3,4,False,True,
183,3,2,MONOTONIC_WRITES,normal,netem delay 25ms 25ms,ALL,4,cassandra1,cassandra1,4,False,True,
183,3,3,MONOTONIC_WRITES,normal,netem delay 25ms 25ms,ALL,4,cassandra1,cassandra3,4,False,True,
183,4,1,MONOTONIC_WRITES,normal,netem delay 25ms 25ms,ALL,5,cassandra2,cassandra2,5,False,True,
183,4,2,MONOTONIC_WRITES,normal,netem delay 25ms 25ms,ALL,5,cassandra2,cassandra3,5,False,True,
183,4,3,MONOTONIC_WRITES,normal,netem delay 25ms 25ms,ALL,5,cassandra2,cassandra3,5,False,True,
183,5,1,MONOTONIC_WRITES,normal,netem delay 25ms 25ms,ALL,6,cassandra2,cassandra3,6,False,True,
183,5,2,MONOTONIC_WRITES,normal,netem delay 25ms 25ms,ALL,6,cassandra2,cassandra1,6,False,True,
183,5,3,MONOTONIC_WRITES,normal,netem delay 25ms 25ms,ALL,6,cassandra2,cassandra1,6,False,True,
184,1,1,MONOTONIC_WRITES,normal,netem delay 25ms 25ms,ALL,2,cassandra1,cassandra1,2,False,True,
184,1,2,MONOTONIC_WRITES,normal,netem delay 25ms 25ms,ALL,2,cassandra1,cassandra2,2,False,True,
184,1,3,MONOTONIC_WRITES,normal,netem delay 25ms 25ms,ALL,2,cassandra1,cassandra2,2,False,True,
184,2,1,MONOTONIC_WRITES,normal,netem delay 25ms 25ms,ALL,3,cassandra1,cassandra2,3,False,True,
184,2,2,MONOTONIC_WRITES,normal,netem delay 25ms 25ms,ALL,3,cassandra1,cassandra2,3,False,True,
184,2,3,MONOTONIC_WRITES,normal,netem delay 25ms 25ms,ALL,3,cassandra1,cassandra1,3,False,True,
184,3,1,MONOTONIC_WRITES,normal,netem delay 25ms 25ms,ALL,4,cassandra2,cassandra3,4,False,True,
184,3,2,MONOTONIC_WRITES,normal,netem delay 25ms 25ms,ALL,4,cassandra2,cassandra3,4,False,True,
184,3,3,MONOTONIC_WRITES,normal,netem delay 25ms 25ms,ALL,4,cassandra2,cassandra1,4,False,True,
184,4,1,MONOTONIC_WRITES,normal,netem delay 25ms 25ms,ALL,5,cassandra2,cassandra1,5,False,True,
184,4,2,MONOTONIC_WRITES,normal,netem delay 25ms 25ms,ALL,5,cassandra2,cassandra3,5,False,True,
184,4,3,MONOTONIC_WRITES,normal,netem delay 25ms 25ms,ALL,5,cassandra2,cassandra3,5,False,True,
184,5,1,MONOTONIC_WRITES,normal,netem delay 25ms 25ms,ALL,6,cassandra2,cassandra3,6,False,True,
184,5,2,MONOTONIC_WRITES,normal,netem delay 25ms 25ms,ALL,6,cassandra2,cassandra3,6,False,True,
184,5,3,MONOTONIC_WRITES,normal,netem delay 25ms 25ms,ALL,6,cassandra2,cassandra2,6,False,True,
185,1,1,MONOTONIC_WRITES,normal,netem delay 25ms 25ms,ALL,2,cassandra2,cassandra3,2,False,True,
185,1,2,MONOTONIC_WRITES,normal,netem delay 25ms 25ms,ALL,2,cassandra2,cassandra1,2,False,True,
185,1,3,MONOTONIC_WRITES,normal,netem delay 25ms 25ms,ALL,2,cassandra2,cassandra3,2,False,True,
185,2,1,MONOTONIC_WRITES,normal,netem delay 25ms 25ms,ALL,3,cassandra1,cassandra3,3,False,True,
185,2,2,MONOTONIC_WRITES,normal,netem delay 25ms 25ms,ALL,3,cassandra1,cassandra1,3,False,True,
185,2,3,MONOTONIC_WRITES,normal,netem delay 25ms 25ms,ALL,3,cassandra1,cassandra3,3,False,True,
185,3,1,MONOTONIC_WRITES,normal,netem delay 25ms 25ms,ALL,4,cassandra1,cassandra3,4,False,True,
185,3,2,MONOTONIC_WRITES,normal,netem delay 25ms 25ms,ALL,4,cassandra1,cassandra2,4,False,True,
185,3,3,MONOTONIC_WRITES,normal,netem delay 25ms 25ms,ALL,4,cassandra1,cassandra3,4,False,True,
185,4,1,MONOTONIC_WRITES,normal,netem delay 25ms 25ms,ALL,5,cassandra1,cassandra2,5,False,True,
185,4,2,MONOTONIC_WRITES,normal,netem delay 25ms 25ms,ALL,5,cassandra1,cassandra2,5,False,True,
185,4,3,MONOTONIC_WRITES,normal,netem delay 25ms 25ms,ALL,5,cassandra1,cassandra1,5,False,True,
185,5,1,MONOTONIC_WRITES,normal,netem delay 25ms 25ms,ALL,6,cassandra1,cassandra3,6,False,True,
185,5,2,MONOTONIC_WRITES,normal,netem delay 25ms 25ms,ALL,6,cassandra1,cassandra1,6,False,True,
185,5,3,MONOTONIC_WRITES,normal,netem delay 25ms 25ms,ALL,6,cassandra1,cassandra2,6,False,True,
186,1,1,MONOTONIC_WRITES,normal,netem delay 25ms 25ms,ALL,2,cassandra1,cassandra2,2,False,True,
186,1,2,MONOTONIC_WRITES,normal,netem delay 25ms 25ms,ALL,2,cassandra1,cassandra1,2,False,True,
186,1,3,MONOTONIC_WRITES,normal,netem delay 25ms 25ms,ALL,2,cassandra1,cassandra3,2,False,True,
186,2,1,MONOTONIC_WRITES,normal,netem delay 25ms 25ms,ALL,3,cassandra2,cassandra2,3,False,True,
186,2,2,MONOTONIC_WRITES,normal,netem delay 25ms 25ms,ALL,3,cassandra2,cassandra2,3,False,True,
186,2,3,MONOTONIC_WRITES,normal,netem delay 25ms 25ms,ALL,3,cassandra2,cassandra3,3,False,True,
186,3,1,MONOTONIC_WRITES,normal,netem delay 25ms 25ms,ALL,4,cassandra2,cassandra2,4,False,True,
186,3,2,MONOTONIC_WRITES,normal,netem delay 25ms 25ms,ALL,4,cassandra2,cassandra1,4,False,True,
186,3,3,MONOTONIC_WRITES,normal,netem delay 25ms 25ms,ALL,4,cassandra2,cassandra3,4,False,True,
186,4,1,MONOTONIC_WRITES,normal,netem delay 25ms 25ms,ALL,5,cassandra1,cassandra3,5,False,True,
186,4,2,MONOTONIC_WRITES,normal,netem delay 25ms 25ms,ALL,5,cassandra1,cassandra1,5,False,True,
186,4,3,MONOTONIC_WRITES,normal,netem delay 25ms 25ms,ALL,5,cassandra1,cassandra2,5,False,True,
186,5,1,MONOTONIC_WRITES,normal,netem delay 25ms 25ms,ALL,6,cassandra2,cassandra2,6,False,True,
186,5,2,MONOTONIC_WRITES,normal,netem delay 25ms 25ms,ALL,6,cassandra2,cassandra2,6,False,True,
186,5,3,MONOTONIC_WRITES,normal,netem delay 25ms 25ms,ALL,6,cassandra2,cassandra3,6,False,True,
187,1,1,MONOTONIC_WRITES,normal,netem delay 25ms 25ms,ALL,2,cassandra2,cassandra2,2,False,True,
187,1,2,MONOTONIC_WRITES,normal,netem delay 25ms 25ms,ALL,2,cassandra2,cassandra3,2,False,True,
187,1,3,MONOTONIC_WRITES,normal,netem delay 25ms 25ms,ALL,2,cassandra2,cassandra3,2,False,True,
187,2,1,MONOTONIC_WRITES,normal,netem delay 25ms 25ms,ALL,3,cassandra1,cassandra2,3,False,True,
187,2,2,MONOTONIC_WRITES,normal,netem delay 25ms 25ms,ALL,3,cassandra1,cassandra2,3,False,True,
187,2,3,MONOTONIC_WRITES,normal,netem delay 25ms 25ms,ALL,3,cassandra1,cassandra2,3,False,True,
187,3,1,MONOTONIC_WRITES,normal,netem delay 25ms 25ms,ALL,4,cassandra2,cassandra3,4,False,True,
187,3,2,MONOTONIC_WRITES,normal,netem delay 25ms 25ms,ALL,4,cassandra2,cassandra1,4,False,True,
187,3,3,MONOTONIC_WRITES,normal,netem delay 25ms 25ms,ALL,4,cassandra2,cassandra3,4,False,True,
187,4,1,MONOTONIC_WRITES,normal,netem delay 25ms 25ms,ALL,5,cassandra3,cassandra2,5,False,True,
187,4,2,MONOTONIC_WRITES,normal,netem delay 25ms 25ms,ALL,5,cassandra3,cassandra2,5,False,True,
187,4,3,MONOTONIC_WRITES,normal,netem delay 25ms 25ms,ALL,5,cassandra3,cassandra3,5,False,True,
187,5,1,MONOTONIC_WRITES,normal,netem delay 25ms 25ms,ALL,6,cassandra1,cassandra2,6,False,True,
187,5,2,MONOTONIC_WRITES,normal,netem delay 25ms 25ms,ALL,6,cassandra1,cassandra1,6,False,True,
187,5,3,MONOTONIC_WRITES,normal,netem delay 25ms 25ms,ALL,6,cassandra1,cassandra2,6,False,True,
188,1,1,MONOTONIC_WRITES,normal,netem delay 25ms 25ms,ALL,2,cassandra1,cassandra2,2,False,True,
188,1,2,MONOTONIC_WRITES,normal,netem delay 25ms 25ms,ALL,2,cassandra1,cassandra1,2,False,True,
188,1,3,MONOTONIC_WRITES,normal,netem delay 25ms 25ms,ALL,2,cassandra1,cassandra2,2,False,True,
188,2,1,MONOTONIC_WRITES,normal,netem delay 25ms 25ms,ALL,3,cassandra1,cassandra2,3,False,True,
188,2,2,MONOTONIC_WRITES,normal,netem delay 25ms 25ms,ALL,3,cassandra1,cassandra2,3,False,True,
188,2,3,MONOTONIC_WRITES,normal,netem delay 25ms 25ms,ALL,3,cassandra1,cassandra3,3,False,True,
188,3,1,MONOTONIC_WRITES,normal,netem delay 25ms 25ms,ALL,4,cassandra3,cassandra3,4,False,True,
188,3,2,MONOTONIC_WRITES,normal,netem delay 25ms 25ms,ALL,4,cassandra3,cassandra3,4,False,True,
188,3,3,MONOTONIC_WRITES,normal,netem delay 25ms 25ms,ALL,4,cassandra3,cassandra3,4,False,True,
188,4,1,MONOTONIC_WRITES,normal,netem delay 25ms 25ms,ALL,5,cassandra1,cassandra1,5,False,True,
188,4,2,MONOTONIC_WRITES,normal,netem delay 25ms 25ms,ALL,5,cassandra1,cassandra2,5,False,True,
188,4,3,MONOTONIC_WRITES,normal,netem delay 25ms 25ms,ALL,5,cassandra1,cassandra1,5,False,True,
188,5,1,MONOTONIC_WRITES,normal,netem delay 25ms 25ms,ALL,6,cassandra3,cassandra1,6,False,True,
188,5,2,MONOTONIC_WRITES,normal,netem delay 25ms 25ms,ALL,6,cassandra3,cassandra3,6,False,True,
188,5,3,MONOTONIC_WRITES,normal,netem delay 25ms 25ms,ALL,6,cassandra3,cassandra3,6,False,True,
189,1,1,MONOTONIC_WRITES,normal,netem delay 25ms 25ms,ALL,2,cassandra3,cassandra1,2,False,True,
189,1,2,MONOTONIC_WRITES,normal,netem delay 25ms 25ms,ALL,2,cassandra3,cassandra3,2,False,True,
189,1,3,MONOTONIC_WRITES,normal,netem delay 25ms 25ms,ALL,2,cassandra3,cassandra2,2,False,True,
189,2,1,MONOTONIC_WRITES,normal,netem delay 25ms 25ms,ALL,3,cassandra2,cassandra2,3,False,True,
189,2,2,MONOTONIC_WRITES,normal,netem delay 25ms 25ms,ALL,3,cassandra2,cassandra1,3,False,True,
189,2,3,MONOTONIC_WRITES,normal,netem delay 25ms 25ms,ALL,3,cassandra2,cassandra3,3,False,True,
189,3,1,MONOTONIC_WRITES,normal,netem delay 25ms 25ms,ALL,4,cassandra2,cassandra1,4,False,True,
189,3,2,MONOTONIC_WRITES,normal,netem delay 25ms 25ms,ALL,4,cassandra2,cassandra1,4,False,True,
189,3,3,MONOTONIC_WRITES,normal,netem delay 25ms 25ms,ALL,4,cassandra2,cassandra2,4,False,True,
189,4,1,MONOTONIC_WRITES,normal,netem delay 25ms 25ms,ALL,5,cassandra1,cassandra1,5,False,True,
189,4,2,MONOTONIC_WRITES,normal,netem delay 25ms 25ms,ALL,5,cassandra1,cassandra3,5,False,True,
189,4,3,MONOTONIC_WRITES,normal,netem delay 25ms 25ms,ALL,5,cassandra1,cassandra1,5,False,True,
189,5,1,MONOTONIC_WRITES,normal,netem delay 25ms 25ms,ALL,6,cassandra1,cassandra2,6,False,True,
189,5,2,MONOTONIC_WRITES,normal,netem delay 25ms 25ms,ALL,6,cassandra1,cassandra2,6,False,True,
189,5,3,MONOTONIC_WRITES,normal,netem delay 25ms 25ms,ALL,6,cassandra1,cassandra3,6,False,True,
190,1,1,MONOTONIC_WRITES,normal,netem delay 25ms 25ms,ALL,2,cassandra2,cassandra1,2,False,True,
190,1,2,MONOTONIC_WRITES,normal,netem delay 25ms 25ms,ALL,2,cassandra2,cassandra1,2,False,True,
190,1,3,MONOTONIC_WRITES,normal,netem delay 25ms 25ms,ALL,2,cassandra2,cassandra1,2,False,True,
190,2,1,MONOTONIC_WRITES,normal,netem delay 25ms 25ms,ALL,3,cassandra2,cassandra2,3,False,True,
190,2,2,MONOTONIC_WRITES,normal,netem delay 25ms 25ms,ALL,3,cassandra2,cassandra2,3,False,True,
190,2,3,MONOTONIC_WRITES,normal,netem delay 25ms 25ms,ALL,3,cassandra2,cassandra3,3,False,True,
190,3,1,MONOTONIC_WRITES,normal,netem delay 25ms 25ms,ALL,4,cassandra2,cassandra2,4,False,True,
190,3,2,MONOTONIC_WRITES,normal,netem delay 25ms 25ms,ALL,4,cassandra2,cassandra2,4,False,True,
190,3,3,MONOTONIC_WRITES,normal,netem delay 25ms 25ms,ALL,4,cassandra2,cassandra1,4,False,True,
190,4,1,MONOTONIC_WRITES,normal,netem delay 25ms 25ms,ALL,5,cassandra3,cassandra1,5,False,True,
190,4,2,MONOTONIC_WRITES,normal,netem delay 25ms 25ms,ALL,5,cassandra3,cassandra1,5,False,True,
190,4,3,MONOTONIC_WRITES,normal,netem delay 25ms 25ms,ALL,5,cassandra3,cassandra2,5,False,True,
190,5,1,MONOTONIC_WRITES,normal,netem delay 25ms 25ms,ALL,6,cassandra1,cassandra3,6,False,True,
190,5,2,MONOTONIC_WRITES,normal,netem delay 25ms 25ms,ALL,6,cassandra1,cassandra3,6,False,True,
190,5,3,MONOTONIC_WRITES,normal,netem delay 25ms 25ms,ALL,6,cassandra1,cassandra1,6,False,True,
191,1,1,MONOTONIC_WRITES,normal,netem delay 25ms 25ms,ALL,2,cassandra2,cassandra3,2,False,True,
191,1,2,MONOTONIC_WRITES,normal,netem delay 25ms 25ms,ALL,2,cassandra2,cassandra1,2,False,True,
191,1,3,MONOTONIC_WRITES,normal,netem delay 25ms 25ms,ALL,2,cassandra2,cassandra2,2,False,True,
191,2,1,MONOTONIC_WRITES,normal,netem delay 25ms 25ms,ALL,3,cassandra2,cassandra1,3,False,True,
191,2,2,MONOTONIC_WRITES,normal,netem delay 25ms 25ms,ALL,3,cassandra2,cassandra3,3,False,True,
191,2,3,MONOTONIC_WRITES,normal,netem delay 25ms 25ms,ALL,3,cassandra2,cassandra3,3,False,True,
191,3,1,MONOTONIC_WRITES,normal,netem delay 25ms 25ms,ALL,4,cassandra1,cassandra3,4,False,True,
191,3,2,MONOTONIC_WRITES,normal,netem delay 25ms 25ms,ALL,4,cassandra1,cassandra2,4,False,True,
191,3,3,MONOTONIC_WRITES,normal,netem delay 25ms 25ms,ALL,4,cassandra1,cassandra1,4,False,True,
191,4,1,MONOTONIC_WRITES,normal,netem delay 25ms 25ms,ALL,5,cassandra2,cassandra1,5,False,True,
191,4,2,MONOTONIC_WRITES,normal,netem delay 25ms 25ms,ALL,5,cassandra2,cassandra2,5,False,True,
191,4,3,MONOTONIC_WRITES,normal,netem delay 25ms 25ms,ALL,5,cassandra2,cassandra3,5,False,True,
191,5,1,MONOTONIC_WRITES,normal,netem delay 25ms 25ms,ALL,6,cassandra1,cassandra2,6,False,True,
191,5,2,MONOTONIC_WRITES,normal,netem delay 25ms 25ms,ALL,6,cassandra1,cassandra1,6,False,True,
191,5,3,MONOTONIC_WRITES,normal,netem delay 25ms 25ms,ALL,6,cassandra1,cassandra1,6,False,True,
192,1,1,MONOTONIC_WRITES,normal,netem delay 25ms 25ms,ALL,2,cassandra3,cassandra2,2,False,True,
192,1,2,MONOTONIC_WRITES,normal,netem delay 25ms 25ms,ALL,2,cassandra3,cassandra2,2,False,True,
192,1,3,MONOTONIC_WRITES,normal,netem delay 25ms 25ms,ALL,2,cassandra3,cassandra2,2,False,True,
192,2,1,MONOTONIC_WRITES,normal,netem delay 25ms 25ms,ALL,3,cassandra2,cassandra3,3,False,True,
192,2,2,MONOTONIC_WRITES,normal,netem delay 25ms 25ms,ALL,3,cassandra2,cassandra1,3,False,True,
192,2,3,MONOTONIC_WRITES,normal,netem delay 25ms 25ms,ALL,3,cassandra2,cassandra1,3,False,True,
192,3,1,MONOTONIC_WRITES,normal,netem delay 25ms 25ms,ALL,4,cassandra3,cassandra2,4,False,True,
192,3,2,MONOTONIC_WRITES,normal,netem delay 25ms 25ms,ALL,4,cassandra3,cassandra2,4,False,True,
192,3,3,MONOTONIC_WRITES,normal,netem delay 25ms 25ms,ALL,4,cassandra3,cassandra2,4,False,True,
192,4,1,MONOTONIC_WRITES,normal,netem delay 25ms 25ms,ALL,5,cassandra2,cassandra2,5,False,True,
192,4,2,MONOTONIC_WRITES,normal,netem delay 25ms 25ms,ALL,5,cassandra2,cassandra2,5,False,True,
192,4,3,MONOTONIC_WRITES,normal,netem delay 25ms 25ms,ALL,5,cassandra2,cassandra3,5,False,True,
192,5,1,MONOTONIC_WRITES,normal,netem delay 25ms 25ms,ALL,6,cassandra3,cassandra2,6,False,True,
192,5,2,MONOTONIC_WRITES,normal,netem delay 25ms 25ms,ALL,6,cassandra3,cassandra1,6,False,True,
192,5,3,MONOTONIC_WRITES,normal,netem delay 25ms 25ms,ALL,6,cassandra3,cassandra3,6,False,True,
193,1,1,MONOTONIC_WRITES,normal,netem delay 25ms 25ms,ALL,2,cassandra2,cassandra2,2,False,True,
193,1,2,MONOTONIC_WRITES,normal,netem delay 25ms 25ms,ALL,2,cassandra2,cassandra1,2,False,True,
193,1,3,MONOTONIC_WRITES,normal,netem delay 25ms 25ms,ALL,2,cassandra2,cassandra1,2,False,True,
193,2,1,MONOTONIC_WRITES,normal,netem delay 25ms 25ms,ALL,3,cassandra2,cassandra2,3,False,True,
193,2,2,MONOTONIC_WRITES,normal,netem delay 25ms 25ms,ALL,3,cassandra2,cassandra3,3,False,True,
193,2,3,MONOTONIC_WRITES,normal,netem delay 25ms 25ms,ALL,3,cassandra2,cassandra2,3,False,True,
193,3,1,MONOTONIC_WRITES,normal,netem delay 25ms 25ms,ALL,4,cassandra1,cassandra1,4,False,True,
193,3,2,MONOTONIC_WRITES,normal,netem delay 25ms 25ms,ALL,4,cassandra1,cassandra2,4,False,True,
193,3,3,MONOTONIC_WRITES,normal,netem delay 25ms 25ms,ALL,4,cassandra1,cassandra3,4,False,True,
193,4,1,MONOTONIC_WRITES,normal,netem delay 25ms 25ms,ALL,5,cassandra2,cassandra2,5,False,True,
193,4,2,MONOTONIC_WRITES,normal,netem delay 25ms 25ms,ALL,5,cassandra2,cassandra1,5,False,True,
193,4,3,MONOTONIC_WRITES,normal,netem delay 25ms 25ms,ALL,5,cassandra2,cassandra2,5,False,True,
193,5,1,MONOTONIC_WRITES,normal,netem delay 25ms 25ms,ALL,6,cassandra2,cassandra1,6,False,True,
193,5,2,MONOTONIC_WRITES,normal,netem delay 25ms 25ms,ALL,6,cassandra2,cassandra2,6,False,True,
193,5,3,MONOTONIC_WRITES,normal,netem delay 25ms 25ms,ALL,6,cassandra2,cassandra1,6,False,True,
194,1,1,MONOTONIC_WRITES,normal,netem delay 25ms 25ms,ALL,2,cassandra1,cassandra2,2,False,True,
194,1,2,MONOTONIC_WRITES,normal,netem delay 25ms 25ms,ALL,2,cassandra1,cassandra2,2,False,True,
194,1,3,MONOTONIC_WRITES,normal,netem delay 25ms 25ms,ALL,2,cassandra1,cassandra3,2,False,True,
194,2,1,MONOTONIC_WRITES,normal,netem delay 25ms 25ms,ALL,3,cassandra1,cassandra1,3,False,True,
194,2,2,MONOTONIC_WRITES,normal,netem delay 25ms 25ms,ALL,3,cassandra1,cassandra2,3,False,True,
194,2,3,MONOTONIC_WRITES,normal,netem delay 25ms 25ms,ALL,3,cassandra1,cassandra3,3,False,True,
194,3,1,MONOTONIC_WRITES,normal,netem delay 25ms 25ms,ALL,4,cassandra1,cassandra2,4,False,True,
194,3,2,MONOTONIC_WRITES,normal,netem delay 25ms 25ms,ALL,4,cassandra1,cassandra2,4,False,True,
194,3,3,MONOTONIC_WRITES,normal,netem delay 25ms 25ms,ALL,4,cassandra1,cassandra2,4,False,True,
194,4,1,MONOTONIC_WRITES,normal,netem delay 25ms 25ms,ALL,5,cassandra3,cassandra3,5,False,True,
194,4,2,MONOTONIC_WRITES,normal,netem delay 25ms 25ms,ALL,5,cassandra3,cassandra3,5,False,True,
194,4,3,MONOTONIC_WRITES,normal,netem delay 25ms 25ms,ALL,5,cassandra3,cassandra3,5,False,True,
194,5,1,MONOTONIC_WRITES,normal,netem delay 25ms 25ms,ALL,6,cassandra3,cassandra3,6,False,True,
194,5,2,MONOTONIC_WRITES,normal,netem delay 25ms 25ms,ALL,6,cassandra3,cassandra3,6,False,True,
194,5,3,MONOTONIC_WRITES,normal,netem delay 25ms 25ms,ALL,6,cassandra3,cassandra1,6,False,True,
195,1,1,MONOTONIC_WRITES,normal,netem delay 25ms 25ms,ALL,2,cassandra2,cassandra1,2,False,True,
195,1,2,MONOTONIC_WRITES,normal,netem delay 25ms 25ms,ALL,2,cassandra2,cassandra2,2,False,True,
195,1,3,MONOTONIC_WRITES,normal,netem delay 25ms 25ms,ALL,2,cassandra2,cassandra3,2,False,True,
195,2,1,MONOTONIC_WRITES,normal,netem delay 25ms 25ms,ALL,3,cassandra1,cassandra3,3,False,True,
195,2,2,MONOTONIC_WRITES,normal,netem delay 25ms 25ms,ALL,3,cassandra1,cassandra3,3,False,True,
195,2,3,MONOTONIC_WRITES,normal,netem delay 25ms 25ms,ALL,3,cassandra1,cassandra3,3,False,True,
195,3,1,MONOTONIC_WRITES,normal,netem delay 25ms 25ms,ALL,4,cassandra3,cassandra3,4,False,True,
195,3,2,MONOTONIC_WRITES,normal,netem delay 25ms 25ms,ALL,4,cassandra3,cassandra2,4,False,True,
195,3,3,MONOTONIC_WRITES,normal,netem delay 25ms 25ms,ALL,4,cassandra3,cassandra2,4,False,True,
195,4,1,MONOTONIC_WRITES,normal,netem delay 25ms 25ms,ALL,5,cassandra2,cassandra3,5,False,True,
195,4,2,MONOTONIC_WRITES,normal,netem delay 25ms 25ms,ALL,5,cassandra2,cassandra1,5,False,True,
195,4,3,MONOTONIC_WRITES,normal,netem delay 25ms 25ms,ALL,5,cassandra2,cassandra1,5,False,True,
195,5,1,MONOTONIC_WRITES,normal,netem delay 25ms 25ms,ALL,6,cassandra1,cassandra1,6,False,True,
195,5,2,MONOTONIC_WRITES,normal,netem delay 25ms 25ms,ALL,6,cassandra1,cassandra3,6,False,True,
195,5,3,MONOTONIC_WRITES,normal,netem delay 25ms 25ms,ALL,6,cassandra1,cassandra2,6,False,True,
196,1,1,MONOTONIC_WRITES,normal,netem delay 25ms 25ms,ALL,2,cassandra1,cassandra1,2,False,True,
196,1,2,MONOTONIC_WRITES,normal,netem delay 25ms 25ms,ALL,2,cassandra1,cassandra1,2,False,True,
196,1,3,MONOTONIC_WRITES,normal,netem delay 25ms 25ms,ALL,2,cassandra1,cassandra2,2,False,True,
196,2,1,MONOTONIC_WRITES,normal,netem delay 25ms 25ms,ALL,3,cassandra2,cassandra1,3,False,True,
196,2,2,MONOTONIC_WRITES,normal,netem delay 25ms 25ms,ALL,3,cassandra2,cassandra2,3,False,True,
196,2,3,MONOTONIC_WRITES,normal,netem delay 25ms 25ms,ALL,3,cassandra2,cassandra2,3,False,True,
196,3,1,MONOTONIC_WRITES,normal,netem delay 25ms 25ms,ALL,4,cassandra3,cassandra1,4,False,True,
196,3,2,MONOTONIC_WRITES,normal,netem delay 25ms 25ms,ALL,4,cassandra3,cassandra1,4,False,True,
196,3,3,MONOTONIC_WRITES,normal,netem delay 25ms 25ms,ALL,4,cassandra3,cassandra2,4,False,True,
196,4,1,MONOTONIC_WRITES,normal,netem delay 25ms 25ms,ALL,5,cassandra1,cassandra1,5,False,True,
196,4,2,MONOTONIC_WRITES,normal,netem delay 25ms 25ms,ALL,5,cassandra1,cassandra1,5,False,True,
196,4,3,MONOTONIC_WRITES,normal,netem delay 25ms 25ms,ALL,5,cassandra1,cassandra2,5,False,True,
196,5,1,MONOTONIC_WRITES,normal,netem delay 25ms 25ms,ALL,6,cassandra3,cassandra1,6,False,True,
196,5,2,MONOTONIC_WRITES,normal,netem delay 25ms 25ms,ALL,6,cassandra3,cassandra3,6,False,True,
196,5,3,MONOTONIC_WRITES,normal,netem delay 25ms 25ms,ALL,6,cassandra3,cassandra1,6,False,True,
197,1,1,MONOTONIC_WRITES,normal,netem delay 25ms 25ms,ALL,2,cassandra3,cassandra3,2,False,True,
197,1,2,MONOTONIC_WRITES,normal,netem delay 25ms 25ms,ALL,2,cassandra3,cassandra1,2,False,True,
197,1,3,MONOTONIC_WRITES,normal,netem delay 25ms 25ms,ALL,2,cassandra3,cassandra1,2,False,True,
197,2,1,MONOTONIC_WRITES,normal,netem delay 25ms 25ms,ALL,3,cassandra1,cassandra1,3,False,True,
197,2,2,MONOTONIC_WRITES,normal,netem delay 25ms 25ms,ALL,3,cassandra1,cassandra1,3,False,True,
197,2,3,MONOTONIC_WRITES,normal,netem delay 25ms 25ms,ALL,3,cassandra1,cassandra2,3,False,True,
197,3,1,MONOTONIC_WRITES,normal,netem delay 25ms 25ms,ALL,4,cassandra1,cassandra1,4,False,True,
197,3,2,MONOTONIC_WRITES,normal,netem delay 25ms 25ms,ALL,4,cassandra1,cassandra3,4,False,True,
197,3,3,MONOTONIC_WRITES,normal,netem delay 25ms 25ms,ALL,4,cassandra1,cassandra1,4,False,True,
197,4,1,MONOTONIC_WRITES,normal,netem delay 25ms 25ms,ALL,5,cassandra2,cassandra1,5,False,True,
197,4,2,MONOTONIC_WRITES,normal,netem delay 25ms 25ms,ALL,5,cassandra2,cassandra3,5,False,True,
197,4,3,MONOTONIC_WRITES,normal,netem delay 25ms 25ms,ALL,5,cassandra2,cassandra1,5,False,True,
197,5,1,MONOTONIC_WRITES,normal,netem delay 25ms 25ms,ALL,6,cassandra3,cassandra2,6,False,True,
197,5,2,MONOTONIC_WRITES,normal,netem delay 25ms 25ms,ALL,6,cassandra3,cassandra3,6,False,True,
197,5,3,MONOTONIC_WRITES,normal,netem delay 25ms 25ms,ALL,6,cassandra3,cassandra1,6,False,True,
198,1,1,MONOTONIC_WRITES,normal,netem delay 25ms 25ms,ALL,2,cassandra3,cassandra3,2,False,True,
198,1,2,MONOTONIC_WRITES,normal,netem delay 25ms 25ms,ALL,2,cassandra3,cassandra2,2,False,True,
198,1,3,MONOTONIC_WRITES,normal,netem delay 25ms 25ms,ALL,2,cassandra3,cassandra1,2,False,True,
198,2,1,MONOTONIC_WRITES,normal,netem delay 25ms 25ms,ALL,3,cassandra2,cassandra2,3,False,True,
198,2,2,MONOTONIC_WRITES,normal,netem delay 25ms 25ms,ALL,3,cassandra2,cassandra2,3,False,True,
198,2,3,MONOTONIC_WRITES,normal,netem delay 25ms 25ms,ALL,3,cassandra2,cassandra2,3,False,True,
198,3,1,MONOTONIC_WRITES,normal,netem delay 25ms 25ms,ALL,4,cassandra2,cassandra1,4,False,True,
198,3,2,MONOTONIC_WRITES,normal,netem delay 25ms 25ms,ALL,4,cassandra2,cassandra2,4,False,True,
198,3,3,MONOTONIC_WRITES,normal,netem delay 25ms 25ms,ALL,4,cassandra2,cassandra2,4,False,True,
198,4,1,MONOTONIC_WRITES,normal,netem delay 25ms 25ms,ALL,5,cassandra3,cassandra3,5,False,True,
198,4,2,MONOTONIC_WRITES,normal,netem delay 25ms 25ms,ALL,5,cassandra3,cassandra3,5,False,True,
198,4,3,MONOTONIC_WRITES,normal,netem delay 25ms 25ms,ALL,5,cassandra3,cassandra3,5,False,True,
198,5,1,MONOTONIC_WRITES,normal,netem delay 25ms 25ms,ALL,6,cassandra1,cassandra1,6,False,True,
198,5,2,MONOTONIC_WRITES,normal,netem delay 25ms 25ms,ALL,6,cassandra1,cassandra2,6,False,True,
198,5,3,MONOTONIC_WRITES,normal,netem delay 25ms 25ms,ALL,6,cassandra1,cassandra2,6,False,True,
199,1,1,MONOTONIC_WRITES,normal,netem delay 25ms 25ms,ALL,2,cassandra1,cassandra3,2,False,True,
199,1,2,MONOTONIC_WRITES,normal,netem delay 25ms 25ms,ALL,2,cassandra1,cassandra3,2,False,True,
199,1,3,MONOTONIC_WRITES,normal,netem delay 25ms 25ms,ALL,2,cassandra1,cassandra1,2,False,True,
199,2,1,MONOTONIC_WRITES,normal,netem delay 25ms 25ms,ALL,3,cassandra1,cassandra2,3,False,True,
199,2,2,MONOTONIC_WRITES,normal,netem delay 25ms 25ms,ALL,3,cassandra1,cassandra2,3,False,True,
199,2,3,MONOTONIC_WRITES,normal,netem delay 25ms 25ms,ALL,3,cassandra1,cassandra1,3,False,True,
