trial,step,property,scenario,network_delay,write_cl,write_coordinator,version,timestamp,write_completed,error
1,1,MONOTONIC_WRITES,normal,netem delay 25ms 25ms,ONE,cassandra3,2,1790193621352119,True,
1,2,MONOTONIC_WRITES,normal,netem delay 25ms 25ms,ONE,cassandra1,3,1790193621353119,True,
1,3,MONOTONIC_WRITES,normal,netem delay 25ms 25ms,ONE,cassandra1,4,1790193621354119,True,
1,4,MONOTONIC_WRITES,normal,netem delay 25ms 25ms,ONE,cassandra1,5,1790193621355119,True,
1,5,MONOTONIC_WRITES,normal,netem delay 25ms 25ms,ONE,cassandra2,6,1790193621356119,True,
2,1,MONOTONIC_WRITES,normal,netem delay 25ms 25ms,ONE,cassandra1,2,1790193622678048,True,
2,2,MONOTONIC_WRITES,normal,netem delay 25ms 25ms,ONE,cassandra3,3,1790193622679048,True,
2,3,MONOTONIC_WRITES,normal,netem delay 25ms 25ms,ONE,cassandra3,4,1790193622680048,True,
2,4,MONOTONIC_WRITES,normal,netem delay 25ms 25ms,ONE,cassandra1,5,1790193622681048,True,
2,5,MONOTONIC_WRITES,normal,netem delay 25ms 25ms,ONE,cassandra3,6,1790193622682048,True,
3,1,MONOTONIC_WRITES,normal,netem delay 25ms 25ms,ONE,cassandra3,2,1790193623728347,True,
3,2,MONOTONIC_WRITES,normal,netem delay 25ms 25ms,ONE,cassandra1,3,1790193623729347,True,
3,3,MONOTONIC_WRITES,normal,netem delay 25ms 25ms,ONE,cassandra2,4,1790193623730347,True,
3,4,MONOTONIC_WRITES,normal,netem delay 25ms 25ms,ONE,cassandra2,5,1790193623731347,True,
3,5,MONOTONIC_WRITES,normal,netem delay 25ms 25ms,ONE,cassandra1,6,1790193623732347,True,
4,1,MONOTONIC_WRITES,normal,netem delay 25ms 25ms,ONE,cassandra3,2,1790193624743419,True,
4,2,MONOTONIC_WRITES,normal,netem delay 25ms 25ms,ONE,cassandra3,3,1790193624744419,True,
4,3,MONOTONIC_WRITES,normal,netem delay 25ms 25ms,ONE,cassandra3,4,1790193624745419,True,
4,4,MONOTONIC_WRITES,normal,netem delay 25ms 25ms,ONE,cassandra1,5,1790193624746419,True,
4,5,MONOTONIC_WRITES,normal,netem delay 25ms 25ms,ONE,cassandra2,6,1790193624747419,True,
5,1,MONOTONIC_WRITES,normal,netem delay 25ms 25ms,ONE,cassandra3,2,1790193625757462,True,
5,2,MONOTONIC_WRITES,normal,netem delay 25ms 25ms,ONE,cassandra2,3,1790193625758462,True,
5,3,MONOTONIC_WRITES,normal,netem delay 25ms 25ms,ONE,cassandra1,4,1790193625759462,True,
5,4,MONOTONIC_WRITES,normal,netem delay 25ms 25ms,ONE,cassandra1,5,1790193625760462,True,
5,5,MONOTONIC_WRITES,normal,netem delay 25ms 25ms,ONE,cassandra2,6,1790193625761462,True,
6,1,MONOTONIC_WRITES,normal,netem delay 25ms 25ms,ONE,cassandra1,2,1790193626685252,True,
6,2,MONOTONIC_WRITES,normal,netem delay 25ms 25ms,ONE,cassandra1,3,1790193626686252,True,
6,3,MONOTONIC_WRITES,normal,netem delay 25ms 25ms,ONE,cassandra1,4,1790193626687252,True,
6,4,MONOTONIC_WRITES,normal,netem delay 25ms 25ms,ONE,cassandra3,5,1790193626688252,True,
6,5,MONOTONIC_WRITES,normal,netem delay 25ms 25ms,ONE,cassandra3,6,1790193626689252,True,
7,1,MONOTONIC_WRITES,normal,netem delay 25ms 25ms,ONE,cassandra2,2,1790193627736733,True,
7,2,MONOTONIC_WRITES,normal,netem delay 25ms 25ms,ONE,cassandra3,3,1790193627737733,True,
7,3,MONOTONIC_WRITES,normal,netem delay 25ms 25ms,ONE,cassandra2,4,1790193627738733,True,
7,4,MONOTONIC_WRITES,normal,netem delay 25ms 25ms,ONE,cassandra3,5,1790193627739733,True,
7,5,MONOTONIC_WRITES,normal,netem delay 25ms 25ms,ONE,cassandra2,6,1790193627740733,True,
8,1,MONOTONIC_WRITES,normal,netem delay 25ms 25ms,ONE,cassandra1,2,1790193629267172,True,
8,2,MONOTONIC_WRITES,normal,netem delay 25ms 25ms,ONE,cassandra2,3,1790193629268172,True,
8,3,MONOTONIC_WRITES,normal,netem delay 25ms 25ms,ONE,cassandra3,4,1790193629269172,True,
8,4,MONOTONIC_WRITES,normal,netem delay 25ms 25ms,ONE,cassandra1,5,1790193629270172,True,
8,5,MONOTONIC_WRITES,normal,netem delay 25ms 25ms,ONE,cassandra1,6,1790193629271172,True,
9,1,MONOTONIC_WRITES,normal,netem delay 25ms 25ms,ONE,cassandra1,2,1790193630438361,True,
9,2,MONOTONIC_WRITES,normal,netem delay 25ms 25ms,ONE,cassandra3,3,1790193630439361,True,
9,3,MONOTONIC_WRITES,normal,netem delay 25ms 25ms,ONE,cassandra1,4,1790193630440361,True,
9,4,MONOTONIC_WRITES,normal,netem delay 25ms 25ms,ONE,cassandra1,5,1790193630441361,True,
9,5,MONOTONIC_WRITES,normal,netem delay 25ms 25ms,ONE,cassandra3,6,1790193630442361,True,
10,1,MONOTONIC_WRITES,normal,netem delay 25ms 25ms,ONE,cassandra1,2,1790193631924506,True,
10,2,MONOTONIC_WRITES,normal,netem delay 25ms 25ms,ONE,cassandra1,3,1790193631925506,True,
10,3,MONOTONIC_WRITES,normal,netem delay 25ms 25ms,ONE,cassandra1,4,1790193631926506,True,
10,4,MONOTONIC_WRITES,normal,netem delay 25ms 25ms,ONE,cassandra1,5,1790193631927506,True,
10,5,MONOTONIC_WRITES,normal,netem delay 25ms 25ms,ONE,cassandra2,6,1790193631928506,True,
11,1,MONOTONIC_WRITES,normal,netem delay 25ms 25ms,ONE,cassandra1,2,1790193633009999,True,
11,2,MONOTONIC_WRITES,normal,netem delay 25ms 25ms,ONE,cassandra2,3,1790193633010999,True,
11,3,MONOTONIC_WRITES,normal,netem delay 25ms 25ms,ONE,cassandra3,4,1790193633011999,True,
11,4,MONOTONIC_WRITES,normal,netem delay 25ms 25ms,ONE,cassandra2,5,1790193633012999,True,
11,5,MONOTONIC_WRITES,normal,netem delay 25ms 25ms,ONE,cassandra3,6,1790193633013999,True,
12,1,MONOTONIC_WRITES,normal,netem delay 25ms 25ms,ONE,cassandra2,2,1790193634019433,True,
12,2,MONOTONIC_WRITES,normal,netem delay 25ms 25ms,ONE,cassandra3,3,1790193634020433,True,
12,3,MONOTONIC_WRITES,normal,netem delay 25ms 25ms,ONE,cassandra2,4,1790193634021433,True,
12,4,MONOTONIC_WRITES,normal,netem delay 25ms 25ms,ONE,cassandra1,5,1790193634022433,True,
12,5,MONOTONIC_WRITES,normal,netem delay 25ms 25ms,ONE,cassandra1,6,1790193634023433,True,
13,1,MONOTONIC_WRITES,normal,netem delay 25ms 25ms,ONE,cassandra3,2,1790193635159440,True,
13,2,MONOTONIC_WRITES,normal,netem delay 25ms 25ms,ONE,cassandra1,3,1790193635160440,True,
13,3,MONOTONIC_WRITES,normal,netem delay 25ms 25ms,ONE,cassandra3,4,1790193635161440,True,
13,4,MONOTONIC_WRITES,normal,netem delay 25ms 25ms,ONE,cassandra3,5,1790193635162440,True,
13,5,MONOTONIC_WRITES,normal,netem delay 25ms 25ms,ONE,cassandra1,6,1790193635163440,True,
14,1,MONOTONIC_WRITES,normal,netem delay 25ms 25ms,ONE,cassandra1,2,1790193636101712,True,
14,2,MONOTONIC_WRITES,normal,netem delay 25ms 25ms,ONE,cassandra3,3,1790193636102712,True,
14,3,MONOTONIC_WRITES,normal,netem delay 25ms 25ms,ONE,cassandra3,4,1790193636103712,True,
14,4,MONOTONIC_WRITES,normal,netem delay 25ms 25ms,ONE,cassandra1,5,1790193636104712,True,
14,5,MONOTONIC_WRITES,normal,netem delay 25ms 25ms,ONE,cassandra3,6,1790193636105712,True,
15,1,MONOTONIC_WRITES,normal,netem delay 25ms 25ms,ONE,cassandra2,2,1790193637107016,True,
15,2,MONOTONIC_WRITES,normal,netem delay 25ms 25ms,ONE,cassandra3,3,1790193637108016,True,
15,3,MONOTONIC_WRITES,normal,netem delay 25ms 25ms,ONE,cassandra1,4,1790193637109016,True,
15,4,MONOTONIC_WRITES,normal,netem delay 25ms 25ms,ONE,cassandra2,5,1790193637110016,True,
15,5,MONOTONIC_WRITES,normal,netem delay 25ms 25ms,ONE,cassandra2,6,1790193637111016,True,
16,1,MONOTONIC_WRITES,normal,netem delay 25ms 25ms,ONE,cassandra1,2,1790193637986257,True,
16,2,MONOTONIC_WRITES,normal,netem delay 25ms 25ms,ONE,cassandra2,3,1790193637987257,True,
16,3,MONOTONIC_WRITES,normal,netem delay 25ms 25ms,ONE,cassandra1,4,1790193637988257,True,
16,4,MONOTONIC_WRITES,normal,netem delay 25ms 25ms,ONE,cassandra1,5,1790193637989257,True,
16,5,MONOTONIC_WRITES,normal,netem delay 25ms 25ms,ONE,cassandra2,6,1790193637990257,True,
17,1,MONOTONIC_WRITES,normal,netem delay 25ms 25ms,ONE,cassandra3,2,1790193638996473,True,
17,2,MONOTONIC_WRITES,normal,netem delay 25ms 25ms,ONE,cassandra3,3,1790193638997473,True,
17,3,MONOTONIC_WRITES,normal,netem delay 25ms 25ms,ONE,cassandra1,4,1790193638998473,True,
17,4,MONOTONIC_WRITES,normal,netem delay 25ms 25ms,ONE,cassandra1,5,1790193638999473,True,
17,5,MONOTONIC_WRITES,normal,netem delay 25ms 25ms,ONE,cassandra1,6,1790193639000473,True,
18,1,MONOTONIC_WRITES,normal,netem delay 25ms 25ms,ONE,cassandra2,2,1790193640135258,True,
18,2,MONOTONIC_WRITES,normal,netem delay 25ms 25ms,ONE,cassandra3,3,1790193640136258,True,
18,3,MONOTONIC_WRITES,normal,netem delay 25ms 25ms,ONE,cassandra3,4,1790193640137258,True,
18,4,MONOTONIC_WRITES,normal,netem delay 25ms 25ms,ONE,cassandra1,5,1790193640138258,True,
18,5,MONOTONIC_WRITES,normal,netem delay 25ms 25ms,ONE,cassandra3,6,1790193640139258,True,
19,1,MONOTONIC_WRITES,normal,netem delay 25ms 25ms,ONE,cassandra3,2,1790193641159500,True,
19,2,MONOTONIC_WRITES,normal,netem delay 25ms 25ms,ONE,cassandra2,3,1790193641160500,True,
19,3,MONOTONIC_WRITES,normal,netem delay 25ms 25ms,ONE,cassandra1,4,1790193641161500,True,
19,4,MONOTONIC_WRITES,normal,netem delay 25ms 25ms,ONE,cassandra3,5,1790193641162500,True,
19,5,MONOTONIC_WRITES,normal,netem delay 25ms 25ms,ONE,cassandra3,6,1790193641163500,True,
20,1,MONOTONIC_WRITES,normal,netem delay 25ms 25ms,ONE,cassandra1,2,1790193642113603,True,
20,2,MONOTONIC_WRITES,normal,netem delay 25ms 25ms,ONE,cassandra2,3,1790193642114603,True,
20,3,MONOTONIC_WRITES,normal,netem delay 25ms 25ms,ONE,cassandra3,4,1790193642115603,True,
20,4,MONOTONIC_WRITES,normal,netem delay 25ms 25ms,ONE,cassandra1,5,1790193642116603,True,
20,5,MONOTONIC_WRITES,normal,netem delay 25ms 25ms,ONE,cassandra2,6,1790193642117603,True,
21,1,MONOTONIC_WRITES,normal,netem delay 25ms 25ms,ONE,cassandra3,2,1790193643273168,True,
21,2,MONOTONIC_WRITES,normal,netem delay 25ms 25ms,ONE,cassandra1,3,1790193643274168,True,
21,3,MONOTONIC_WRITES,normal,netem delay 25ms 25ms,ONE,cassandra1,4,1790193643275168,True,
21,4,MONOTONIC_WRITES,normal,netem delay 25ms 25ms,ONE,cassandra1,5,1790193643276168,True,
21,5,MONOTONIC_WRITES,normal,netem delay 25ms 25ms,ONE,cassandra3,6,1790193643277168,True,
22,1,MONOTONIC_WRITES,normal,netem delay 25ms 25ms,ONE,cassandra1,2,1790193644180357,True,
22,2,MONOTONIC_WRITES,normal,netem delay 25ms 25ms,ONE,cassandra1,3,1790193644181357,True,
22,3,MONOTONIC_WRITES,normal,netem delay 25ms 25ms,ONE,cassandra3,4,1790193644182357,True,
22,4,MONOTONIC_WRITES,normal,netem delay 25ms 25ms,ONE,cassandra3,5,1790193644183357,True,
22,5,MONOTONIC_WRITES,normal,netem delay 25ms 25ms,ONE,cassandra1,6,1790193644184357,True,
23,1,MONOTONIC_WRITES,normal,netem delay 25ms 25ms,ONE,cassandra2,2,1790193645286997,True,
23,2,MONOTONIC_WRITES,normal,netem delay 25ms 25ms,ONE,cassandra2,3,1790193645287997,True,
23,3,MONOTONIC_WRITES,normal,netem delay 25ms 25ms,ONE,cassandra1,4,1790193645288997,True,
23,4,MONOTONIC_WRITES,normal,netem delay 25ms 25ms,ONE,cassandra3,5,1790193645289997,True,
23,5,MONOTONIC_WRITES,normal,netem delay 25ms 25ms,ONE,cassandra1,6,1790193645290997,True,
24,1,MONOTONIC_WRITES,normal,netem delay 25ms 25ms,ONE,cassandra3,2,1790193646287658,True,
24,2,MONOTONIC_WRITES,normal,netem delay 25ms 25ms,ONE,cassandra1,3,1790193646288658,True,
24,3,MONOTONIC_WRITES,normal,netem delay 25ms 25ms,ONE,cassandra1,4,1790193646289658,True,
24,4,MONOTONIC_WRITES,normal,netem delay 25ms 25ms,ONE,cassandra2,5,1790193646290658,True,
24,5,MONOTONIC_WRITES,normal,netem delay 25ms 25ms,ONE,cassandra2,6,1790193646291658,True,
25,1,MONOTONIC_WRITES,normal,netem delay 25ms 25ms,ONE,cassandra1,2,1790193647294476,True,
25,2,MONOTONIC_WRITES,normal,netem delay 25ms 25ms,ONE,cassandra1,3,1790193647295476,True,
25,3,MONOTONIC_WRITES,normal,netem delay 25ms 25ms,ONE,cassandra2,4,1790193647296476,True,
25,4,MONOTONIC_WRITES,normal,netem delay 25ms 25ms,ONE,cassandra3,5,1790193647297476,True,
25,5,MONOTONIC_WRITES,normal,netem delay 25ms 25ms,ONE,cassandra2,6,1790193647298476,True,
26,1,MONOTONIC_WRITES,normal,netem delay 25ms 25ms,ONE,cassandra3,2,1790193648334726,True,
26,2,MONOTONIC_WRITES,normal,netem delay 25ms 25ms,ONE,cassandra1,3,1790193648335726,True,
26,3,MONOTONIC_WRITES,normal,netem delay 25ms 25ms,ONE,cassandra1,4,1790193648336726,True,
26,4,MONOTONIC_WRITES,normal,netem delay 25ms 25ms,ONE,cassandra2,5,1790193648337726,True,
26,5,MONOTONIC_WRITES,normal,netem delay 25ms 25ms,ONE,cassandra3,6,1790193648338726,True,
27,1,MONOTONIC_WRITES,normal,netem delay 25ms 25ms,ONE,cassandra1,2,1790193649265836,True,
27,2,MONOTONIC_WRITES,normal,netem delay 25ms 25ms,ONE,cassandra1,3,1790193649266836,True,
27,3,MONOTONIC_WRITES,normal,netem delay 25ms 25ms,ONE,cassandra2,4,1790193649267836,True,
27,4,MONOTONIC_WRITES,normal,netem delay 25ms 25ms,ONE,cassandra1,5,1790193649268836,True,
27,5,MONOTONIC_WRITES,normal,netem delay 25ms 25ms,ONE,cassandra1,6,1790193649269836,True,
28,1,MONOTONIC_WRITES,normal,netem delay 25ms 25ms,ONE,cassandra2,2,1790193650370646,True,
28,2,MONOTONIC_WRITES,normal,netem delay 25ms 25ms,ONE,cassandra3,3,1790193650371646,True,
28,3,MONOTONIC_WRITES,normal,netem delay 25ms 25ms,ONE,cassandra2,4,1790193650372646,True,
28,4,MONOTONIC_WRITES,normal,netem delay 25ms 25ms,ONE,cassandra1,5,1790193650373646,True,
28,5,MONOTONIC_WRITES,normal,netem delay 25ms 25ms,ONE,cassandra1,6,1790193650374646,True,
29,1,MONOTONIC_WRITES,normal,netem delay 25ms 25ms,ONE,cassandra1,2,1790193651271576,True,
29,2,MONOTONIC_WRITES,normal,netem delay 25ms 25ms,ONE,cassandra2,3,1790193651272576,True,
29,3,MONOTONIC_WRITES,normal,netem delay 25ms 25ms,ONE,cassandra3,4,1790193651273576,True,
29,4,MONOTONIC_WRITES,normal,netem delay 25ms 25ms,ONE,cassandra3,5,1790193651274576,True,
29,5,MONOTONIC_WRITES,normal,netem delay 25ms 25ms,ONE,cassandra1,6,1790193651275576,True,
30,1,MONOTONIC_WRITES,normal,netem delay 25ms 25ms,ONE,cassandra3,2,1790193652276714,True,
30,2,MONOTONIC_WRITES,normal,netem delay 25ms 25ms,ONE,cassandra3,3,1790193652277714,True,
30,3,MONOTONIC_WRITES,normal,netem delay 25ms 25ms,ONE,cassandra3,4,1790193652278714,True,
30,4,MONOTONIC_WRITES,normal,netem delay 25ms 25ms,ONE,cassandra3,5,1790193652279714,True,
30,5,MONOTONIC_WRITES,normal,netem delay 25ms 25ms,ONE,cassandra1,6,1790193652280714,True,
31,1,MONOTONIC_WRITES,normal,netem delay 25ms 25ms,ONE,cassandra2,2,1790193653289498,True,
31,2,MONOTONIC_WRITES,normal,netem delay 25ms 25ms,ONE,cassandra2,3,1790193653290498,True,
31,3,MONOTONIC_WRITES,normal,netem delay 25ms 25ms,ONE,cassandra2,4,1790193653291498,True,
31,4,MONOTONIC_WRITES,normal,netem delay 25ms 25ms,ONE,cassandra2,5,1790193653292498,True,
31,5,MONOTONIC_WRITES,normal,netem delay 25ms 25ms,ONE,cassandra2,6,1790193653293498,True,
32,1,MONOTONIC_WRITES,normal,netem delay 25ms 25ms,ONE,cassandra2,2,1790193654274808,True,
32,2,MONOTONIC_WRITES,normal,netem delay 25ms 25ms,ONE,cassandra2,3,1790193654275808,True,
32,3,MONOTONIC_WRITES,normal,netem delay 25ms 25ms,ONE,cassandra1,4,1790193654276808,True,
32,4,MONOTONIC_WRITES,normal,netem delay 25ms 25ms,ONE,cassandra1,5,1790193654277808,True,
32,5,MONOTONIC_WRITES,normal,netem delay 25ms 25ms,ONE,cassandra3,6,1790193654278808,True,
33,1,MONOTONIC_WRITES,normal,netem delay 25ms 25ms,ONE,cassandra3,2,1790193655309051,True,
33,2,MONOTONIC_WRITES,normal,netem delay 25ms 25ms,ONE,cassandra3,3,1790193655310051,True,
33,3,MONOTONIC_WRITES,normal,netem delay 25ms 25ms,ONE,cassandra2,4,1790193655311051,True,
33,4,MONOTONIC_WRITES,normal,netem delay 25ms 25ms,ONE,cassandra1,5,1790193655312051,True,
33,5,MONOTONIC_WRITES,normal,netem delay 25ms 25ms,ONE,cassandra1,6,1790193655313051,True,
34,1,MONOTONIC_WRITES,normal,netem delay 25ms 25ms,ONE,cassandra3,2,1790193656341723,True,
34,2,MONOTONIC_WRITES,normal,netem delay 25ms 25ms,ONE,cassandra2,3,1790193656342723,True,
34,3,MONOTONIC_WRITES,normal,netem delay 25ms 25ms,ONE,cassandra3,4,1790193656343723,True,
34,4,MONOTONIC_WRITES,normal,netem delay 25ms 25ms,ONE,cassandra3,5,1790193656344723,True,
34,5,MONOTONIC_WRITES,normal,netem delay 25ms 25ms,ONE,cassandra1,6,1790193656345723,True,
35,1,MONOTONIC_WRITES,normal,netem delay 25ms 25ms,ONE,cassandra3,2,1790193657381067,True,
35,2,MONOTONIC_WRITES,normal,netem delay 25ms 25ms,ONE,cassandra2,3,1790193657382067,True,
35,3,MONOTONIC_WRITES,normal,netem delay 25ms 25ms,ONE,cassandra3,4,1790193657383067,True,
35,4,MONOTONIC_WRITES,normal,netem delay 25ms 25ms,ONE,cassandra1,5,1790193657384067,True,
35,5,MONOTONIC_WRITES,normal,netem delay 25ms 25ms,ONE,cassandra2,6,1790193657385067,True,
36,1,MONOTONIC_WRITES,normal,netem delay 25ms 25ms,ONE,cassandra3,2,1790193658247633,True,
36,2,MONOTONIC_WRITES,normal,netem delay 25ms 25ms,ONE,cassandra2,3,1790193658248633,True,
36,3,MONOTONIC_WRITES,normal,netem delay 25ms 25ms,ONE,cassandra3,4,1790193658249633,True,
36,4,MONOTONIC_WRITES,normal,netem delay 25ms 25ms,ONE,cassandra3,5,1790193658250633,True,
36,5,MONOTONIC_WRITES,normal,netem delay 25ms 25ms,ONE,cassandra3,6,1790193658251633,True,
37,1,MONOTONIC_WRITES,normal,netem delay 25ms 25ms,ONE,cassandra1,2,1790193659187850,True,
37,2,MONOTONIC_WRITES,normal,netem delay 25ms 25ms,ONE,cassandra3,3,1790193659188850,True,
37,3,MONOTONIC_WRITES,normal,netem delay 25ms 25ms,ONE,cassandra2,4,1790193659189850,True,
37,4,MONOTONIC_WRITES,normal,netem delay 25ms 25ms,ONE,cassandra3,5,1790193659190850,True,
37,5,MONOTONIC_WRITES,normal,netem delay 25ms 25ms,ONE,cassandra3,6,1790193659191850,True,
38,1,MONOTONIC_WRITES,normal,netem delay 25ms 25ms,ONE,cassandra2,2,1790193660194853,True,
38,2,MONOTONIC_WRITES,normal,netem delay 25ms 25ms,ONE,cassandra2,3,1790193660195853,True,
38,3,MONOTONIC_WRITES,normal,netem delay 25ms 25ms,ONE,cassandra1,4,1790193660196853,True,
38,4,MONOTONIC_WRITES,normal,netem delay 25ms 25ms,ONE,cassandra3,5,1790193660197853,True,
38,5,MONOTONIC_WRITES,normal,netem delay 25ms 25ms,ONE,cassandra2,6,1790193660198853,True,
39,1,MONOTONIC_WRITES,normal,netem delay 25ms 25ms,ONE,cassandra1,2,1790193661136557,True,
39,2,MONOTONIC_WRITES,normal,netem delay 25ms 25ms,ONE,cassandra1,3,1790193661137557,True,
39,3,MONOTONIC_WRITES,normal,netem delay 25ms 25ms,ONE,cassandra1,4,1790193661138557,True,
39,4,MONOTONIC_WRITES,normal,netem delay 25ms 25ms,ONE,cassandra3,5,1790193661139557,True,
39,5,MONOTONIC_WRITES,normal,netem delay 25ms 25ms,ONE,cassandra3,6,1790193661140557,True,
40,1,MONOTONIC_WRITES,normal,netem delay 25ms 25ms,ONE,cassandra3,2,1790193662090695,True,
40,2,MONOTONIC_WRITES,normal,netem delay 25ms 25ms,ONE,cassandra2,3,1790193662091695,True,
40,3,MONOTONIC_WRITES,normal,netem delay 25ms 25ms,ONE,cassandra2,4,1790193662092695,True,
40,4,MONOTONIC_WRITES,normal,netem delay 25ms 25ms,ONE,cassandra2,5,1790193662093695,True,
40,5,MONOTONIC_WRITES,normal,netem delay 25ms 25ms,ONE,cassandra1,6,1790193662094695,True,
41,1,MONOTONIC_WRITES,normal,netem delay 25ms 25ms,ONE,cassandra2,2,1790193663167271,True,
41,2,MONOTONIC_WRITES,normal,netem delay 25ms 25ms,ONE,cassandra3,3,1790193663168271,True,
41,3,MONOTONIC_WRITES,normal,netem delay 25ms 25ms,ONE,cassandra2,4,1790193663169271,True,
41,4,MONOTONIC_WRITES,normal,netem delay 25ms 25ms,ONE,cassandra3,5,1790193663170271,True,
41,5,MONOTONIC_WRITES,normal,netem delay 25ms 25ms,ONE,cassandra1,6,1790193663171271,True,
42,1,MONOTONIC_WRITES,normal,netem delay 25ms 25ms,ONE,cassandra1,2,1790193664208879,True,
42,2,MONOTONIC_WRITES,normal,netem delay 25ms 25ms,ONE,cassandra3,3,1790193664209879,True,
42,3,MONOTONIC_WRITES,normal,netem delay 25ms 25ms,ONE,cassandra2,4,1790193664210879,True,
42,4,MONOTONIC_WRITES,normal,netem delay 25ms 25ms,ONE,cassandra3,5,1790193664211879,True,
42,5,MONOTONIC_WRITES,normal,netem delay 25ms 25ms,ONE,cassandra2,6,1790193664212879,True,
43,1,MONOTONIC_WRITES,normal,netem delay 25ms 25ms,ONE,cassandra3,2,1790193665190044,True,
43,2,MONOTONIC_WRITES,normal,netem delay 25ms 25ms,ONE,cassandra3,3,1790193665191044,True,
43,3,MONOTONIC_WRITES,normal,netem delay 25ms 25ms,ONE,cassandra1,4,1790193665192044,True,
43,4,MONOTONIC_WRITES,normal,netem delay 25ms 25ms,ONE,cassandra3,5,1790193665193044,True,
43,5,MONOTONIC_WRITES,normal,netem delay 25ms 25ms,ONE,cassandra1,6,1790193665194044,True,
44,1,MONOTONIC_WRITES,normal,netem delay 25ms 25ms,ONE,cassandra1,2,1790193666241281,True,
44,2,MONOTONIC_WRITES,normal,netem delay 25ms 25ms,ONE,cassandra1,3,1790193666242281,True,
44,3,MONOTONIC_WRITES,normal,netem delay 25ms 25ms,ONE,cassandra2,4,1790193666243281,True,
44,4,MONOTONIC_WRITES,normal,netem delay 25ms 25ms,ONE,cassandra1,5,1790193666244281,True,
44,5,MONOTONIC_WRITES,normal,netem delay 25ms 25ms,ONE,cassandra1,6,1790193666245281,True,
45,1,MONOTONIC_WRITES,normal,netem delay 25ms 25ms,ONE,cassandra1,2,1790193667238206,True,
45,2,MONOTONIC_WRITES,normal,netem delay 25ms 25ms,ONE,cassandra1,3,1790193667239206,True,
45,3,MONOTONIC_WRITES,normal,netem delay 25ms 25ms,ONE,cassandra1,4,1790193667240206,True,
45,4,MONOTONIC_WRITES,normal,netem delay 25ms 25ms,ONE,cassandra3,5,1790193667241206,True,
45,5,MONOTONIC_WRITES,normal,netem delay 25ms 25ms,ONE,cassandra3,6,1790193667242206,True,
46,1,MONOTONIC_WRITES,normal,netem delay 25ms 25ms,ONE,cassandra3,2,1790193668171242,True,
46,2,MONOTONIC_WRITES,normal,netem delay 25ms 25ms,ONE,cassandra2,3,1790193668172242,True,
46,3,MONOTONIC_WRITES,normal,netem delay 25ms 25ms,ONE,cassandra1,4,1790193668173242,True,
46,4,MONOTONIC_WRITES,normal,netem delay 25ms 25ms,ONE,cassandra3,5,1790193668174242,True,
46,5,MONOTONIC_WRITES,normal,netem delay 25ms 25ms,ONE,cassandra3,6,1790193668175242,True,
47,1,MONOTONIC_WRITES,normal,netem delay 25ms 25ms,ONE,cassandra1,2,1790193669362465,True,
47,2,MONOTONIC_WRITES,normal,netem delay 25ms 25ms,ONE,cassandra3,3,1790193669363465,True,
47,3,MONOTONIC_WRITES,normal,netem delay 25ms 25ms,ONE,cassandra2,4,1790193669364465,True,
47,4,MONOTONIC_WRITES,normal,netem delay 25ms 25ms,ONE,cassandra3,5,1790193669365465,True,
47,5,MONOTONIC_WRITES,normal,netem delay 25ms 25ms,ONE,cassandra3,6,1790193669366465,True,
48,1,MONOTONIC_WRITES,normal,netem delay 25ms 25ms,ONE,cassandra2,2,1790193670501070,True,
48,2,MONOTONIC_WRITES,normal,netem delay 25ms 25ms,ONE,cassandra2,3,1790193670502070,True,
48,3,MONOTONIC_WRITES,normal,netem delay 25ms 25ms,ONE,cassandra2,4,1790193670503070,True,
48,4,MONOTONIC_WRITES,normal,netem delay 25ms 25ms,ONE,cassandra1,5,1790193670504070,True,
48,5,MONOTONIC_WRITES,normal,netem delay 25ms 25ms,ONE,cassandra1,6,1790193670505070,True,
49,1,MONOTONIC_WRITES,normal,netem delay 25ms 25ms,ONE,cassandra1,2,1790193671617572,True,
49,2,MONOTONIC_WRITES,normal,netem delay 25ms 25ms,ONE,cassandra1,3,1790193671618572,True,
49,3,MONOTONIC_WRITES,normal,netem delay 25ms 25ms,ONE,cassandra1,4,1790193671619572,True,
49,4,MONOTONIC_WRITES,normal,netem delay 25ms 25ms,ONE,cassandra1,5,1790193671620572,True,
49,5,MONOTONIC_WRITES,normal,netem delay 25ms 25ms,ONE,cassandra2,6,1790193671621572,True,
50,1,MONOTONIC_WRITES,normal,netem delay 25ms 25ms,ONE,cassandra2,2,1790193672685442,True,
50,2,MONOTONIC_WRITES,normal,netem delay 25ms 25ms,ONE,cassandra3,3,1790193672686442,True,
50,3,MONOTONIC_WRITES,normal,netem delay 25ms 25ms,ONE,cassandra2,4,1790193672687442,True,
50,4,MONOTONIC_WRITES,normal,netem delay 25ms 25ms,ONE,cassandra3,5,1790193672688442,True,
50,5,MONOTONIC_WRITES,normal,netem delay 25ms 25ms,ONE,cassandra3,6,1790193672689442,True,
51,1,MONOTONIC_WRITES,normal,netem delay 25ms 25ms,ONE,cassandra1,2,1790193673604152,True,
51,2,MONOTONIC_WRITES,normal,netem delay 25ms 25ms,ONE,cassandra3,3,1790193673605152,True,
51,3,MONOTONIC_WRITES,normal,netem delay 25ms 25ms,ONE,cassandra3,4,1790193673606152,True,
51,4,MONOTONIC_WRITES,normal,netem delay 25ms 25ms,ONE,cassandra1,5,1790193673607152,True,
51,5,MONOTONIC_WRITES,normal,netem delay 25ms 25ms,ONE,cassandra3,6,1790193673608152,True,
52,1,MONOTONIC_WRITES,normal,netem delay 25ms 25ms,ONE,cassandra2,2,1790193674674942,True,
52,2,MONOTONIC_WRITES,normal,netem delay 25ms 25ms,ONE,cassandra1,3,1790193674675942,True,
52,3,MONOTONIC_WRITES,normal,netem delay 25ms 25ms,ONE,cassandra2,4,1790193674676942,True,
52,4,MONOTONIC_WRITES,normal,netem delay 25ms 25ms,ONE,cassandra2,5,1790193674677942,True,
52,5,MONOTONIC_WRITES,normal,netem delay 25ms 25ms,ONE,cassandra2,6,1790193674678942,True,
53,1,MONOTONIC_WRITES,normal,netem delay 25ms 25ms,ONE,cassandra2,2,1790193675705496,True,
53,2,MONOTONIC_WRITES,normal,netem delay 25ms 25ms,ONE,cassandra1,3,1790193675706496,True,
53,3,MONOTONIC_WRITES,normal,netem delay 25ms 25ms,ONE,cassandra1,4,1790193675707496,True,
53,4,MONOTONIC_WRITES,normal,netem delay 25ms 25ms,ONE,cassandra3,5,1790193675708496,True,
53,5,MONOTONIC_WRITES,normal,netem delay 25ms 25ms,ONE,cassandra2,6,1790193675709496,True,
54,1,MONOTONIC_WRITES,normal,netem delay 25ms 25ms,ONE,cassandra2,2,1790193676847181,True,
54,2,MONOTONIC_WRITES,normal,netem delay 25ms 25ms,ONE,cassandra2,3,1790193676848181,True,
54,3,MONOTONIC_WRITES,normal,netem delay 25ms 25ms,ONE,cassandra1,4,1790193676849181,True,
54,4,MONOTONIC_WRITES,normal,netem delay 25ms 25ms,ONE,cassandra1,5,1790193676850181,True,
54,5,MONOTONIC_WRITES,normal,netem delay 25ms 25ms,ONE,cassandra3,6,1790193676851181,True,
55,1,MONOTONIC_WRITES,normal,netem delay 25ms 25ms,ONE,cassandra1,2,1790193677755966,True,
55,2,MONOTONIC_WRITES,normal,netem delay 25ms 25ms,ONE,cassandra3,3,1790193677756966,True,
55,3,MONOTONIC_WRITES,normal,netem delay 25ms 25ms,ONE,cassandra2,4,1790193677757966,True,
55,4,MONOTONIC_WRITES,normal,netem delay 25ms 25ms,ONE,cassandra1,5,1790193677758966,True,
55,5,MONOTONIC_WRITES,normal,netem delay 25ms 25ms,ONE,cassandra3,6,1790193677759966,True,
56,1,MONOTONIC_WRITES,normal,netem delay 25ms 25ms,ONE,cassandra2,2,1790193678739796,True,
56,2,MONOTONIC_WRITES,normal,netem delay 25ms 25ms,ONE,cassandra1,3,1790193678740796,True,
56,3,MONOTONIC_WRITES,normal,netem delay 25ms 25ms,ONE,cassandra1,4,1790193678741796,True,
56,4,MONOTONIC_WRITES,normal,netem delay 25ms 25ms,ONE,cassandra2,5,1790193678742796,True,
56,5,MONOTONIC_WRITES,normal,netem delay 25ms 25ms,ONE,cassandra1,6,1790193678743796,True,
57,1,MONOTONIC_WRITES,normal,netem delay 25ms 25ms,ONE,cassandra2,2,1790193679630532,True,
57,2,MONOTONIC_WRITES,normal,netem delay 25ms 25ms,ONE,cassandra2,3,1790193679631532,True,
57,3,MONOTONIC_WRITES,normal,netem delay 25ms 25ms,ONE,cassandra3,4,1790193679632532,True,
57,4,MONOTONIC_WRITES,normal,netem delay 25ms 25ms,ONE,cassandra1,5,1790193679633532,True,
57,5,MONOTONIC_WRITES,normal,netem delay 25ms 25ms,ONE,cassandra1,6,1790193679634532,True,
58,1,MONOTONIC_WRITES,normal,netem delay 25ms 25ms,ONE,cassandra3,2,1790193680714318,True,
58,2,MONOTONIC_WRITES,normal,netem delay 25ms 25ms,ONE,cassandra1,3,1790193680715318,True,
58,3,MONOTONIC_WRITES,normal,netem delay 25ms 25ms,ONE,cassandra2,4,1790193680716318,True,
58,4,MONOTONIC_WRITES,normal,netem delay 25ms 25ms,ONE,cassandra1,5,1790193680717318,True,
58,5,MONOTONIC_WRITES,normal,netem delay 25ms 25ms,ONE,cassandra3,6,1790193680718318,True,
59,1,MONOTONIC_WRITES,normal,netem delay 25ms 25ms,ONE,cassandra2,2,1790193681809138,True,
59,2,MONOTONIC_WRITES,normal,netem delay 25ms 25ms,ONE,cassandra2,3,1790193681810138,True,
59,3,MONOTONIC_WRITES,normal,netem delay 25ms 25ms,ONE,cassandra3,4,1790193681811138,True,
59,4,MONOTONIC_WRITES,normal,netem delay 25ms 25ms,ONE,cassandra2,5,1790193681812138,True,
59,5,MONOTONIC_WRITES,normal,netem delay 25ms 25ms,ONE,cassandra1,6,1790193681813138,True,
60,1,MONOTONIC_WRITES,normal,netem delay 25ms 25ms,ONE,cassandra1,2,1790193683024718,True,
60,2,MONOTONIC_WRITES,normal,netem delay 25ms 25ms,ONE,cassandra1,3,1790193683025718,True,
60,3,MONOTONIC_WRITES,normal,netem delay 25ms 25ms,ONE,cassandra1,4,1790193683026718,True,
60,4,MONOTONIC_WRITES,normal,netem delay 25ms 25ms,ONE,cassandra3,5,1790193683027718,True,
60,5,MONOTONIC_WRITES,normal,netem delay 25ms 25ms,ONE,cassandra1,6,1790193683028718,True,
61,1,MONOTONIC_WRITES,normal,netem delay 25ms 25ms,ONE,cassandra2,2,1790193684061408,True,
61,2,MONOTONIC_WRITES,normal,netem delay 25ms 25ms,ONE,cassandra1,3,1790193684062408,True,
61,3,MONOTONIC_WRITES,normal,netem delay 25ms 25ms,ONE,cassandra3,4,1790193684063408,True,
61,4,MONOTONIC_WRITES,normal,netem delay 25ms 25ms,ONE,cassandra3,5,1790193684064408,True,
61,5,MONOTONIC_WRITES,normal,netem delay 25ms 25ms,ONE,cassandra1,6,1790193684065408,True,
62,1,MONOTONIC_WRITES,normal,netem delay 25ms 25ms,ONE,cassandra1,2,1790193685032905,True,
62,2,MONOTONIC_WRITES,normal,netem delay 25ms 25ms,ONE,cassandra2,3,1790193685033905,True,
62,3,MONOTONIC_WRITES,normal,netem delay 25ms 25ms,ONE,cassandra1,4,1790193685034905,True,
62,4,MONOTONIC_WRITES,normal,netem delay 25ms 25ms,ONE,cassandra2,5,1790193685035905,True,
62,5,MONOTONIC_WRITES,normal,netem delay 25ms 25ms,ONE,cassandra2,6,1790193685036905,True,
63,1,MONOTONIC_WRITES,normal,netem delay 25ms 25ms,ONE,cassandra1,2,1790193686106546,True,
63,2,MONOTONIC_WRITES,normal,netem delay 25ms 25ms,ONE,cassandra2,3,1790193686107546,True,
63,3,MONOTONIC_WRITES,normal,netem delay 25ms 25ms,ONE,cassandra3,4,1790193686108546,True,
63,4,MONOTONIC_WRITES,normal,netem delay 25ms 25ms,ONE,cassandra2,5,1790193686109546,True,
63,5,MONOTONIC_WRITES,normal,netem delay 25ms 25ms,ONE,cassandra1,6,1790193686110546,True,
64,1,MONOTONIC_WRITES,normal,netem delay 25ms 25ms,ONE,cassandra2,2,1790193687069894,True,
64,2,MONOTONIC_WRITES,normal,netem delay 25ms 25ms,ONE,cassandra1,3,1790193687070894,True,
64,3,MONOTONIC_WRITES,normal,netem delay 25ms 25ms,ONE,cassandra1,4,1790193687071894,True,
64,4,MONOTONIC_WRITES,normal,netem delay 25ms 25ms,ONE,cassandra2,5,1790193687072894,True,
64,5,MONOTONIC_WRITES,normal,netem delay 25ms 25ms,ONE,cassandra3,6,1790193687073894,True,
65,1,MONOTONIC_WRITES,normal,netem delay 25ms 25ms,ONE,cassandra1,2,1790193688142771,True,
65,2,MONOTONIC_WRITES,normal,netem delay 25ms 25ms,ONE,cassandra2,3,1790193688143771,True,
65,3,MONOTONIC_WRITES,normal,netem delay 25ms 25ms,ONE,cassandra1,4,1790193688144771,True,
65,4,MONOTONIC_WRITES,normal,netem delay 25ms 25ms,ONE,cassandra2,5,1790193688145771,True,
65,5,MONOTONIC_WRITES,normal,netem delay 25ms 25ms,ONE,cassandra2,6,1790193688146771,True,
66,1,MONOTONIC_WRITES,normal,netem delay 25ms 25ms,ONE,cassandra2,2,1790193689110798,True,
66,2,MONOTONIC_WRITES,normal,netem delay 25ms 25ms,ONE,cassandra2,3,1790193689111798,True,
66,3,MONOTONIC_WRITES,normal,netem delay 25ms 25ms,ONE,cassandra3,4,1790193689112798,True,
66,4,MONOTONIC_WRITES,normal,netem delay 25ms 25ms,ONE,cassandra1,5,1790193689113798,True,
66,5,MONOTONIC_WRITES,normal,netem delay 25ms 25ms,ONE,cassandra1,6,1790193689114798,True,
67,1,MONOTONIC_WRITES,normal,netem delay 25ms 25ms,ONE,cassandra1,2,1790193690173807,True,
67,2,MONOTONIC_WRITES,normal,netem delay 25ms 25ms,ONE,cassandra1,3,1790193690174807,True,
67,3,MONOTONIC_WRITES,normal,netem delay 25ms 25ms,ONE,cassandra3,4,1790193690175807,True,
67,4,MONOTONIC_WRITES,normal,netem delay 25ms 25ms,ONE,cassandra3,5,1790193690176807,True,
67,5,MONOTONIC_WRITES,normal,netem delay 25ms 25ms,ONE,cassandra1,6,1790193690177807,True,
68,1,MONOTONIC_WRITES,normal,netem delay 25ms 25ms,ONE,cassandra2,2,1790193691247606,True,
68,2,MONOTONIC_WRITES,normal,netem delay 25ms 25ms,ONE,cassandra1,3,1790193691248606,True,
68,3,MONOTONIC_WRITES,normal,netem delay 25ms 25ms,ONE,cassandra2,4,1790193691249606,True,
68,4,MONOTONIC_WRITES,normal,netem delay 25ms 25ms,ONE,cassandra3,5,1790193691250606,True,
68,5,MONOTONIC_WRITES,normal,netem delay 25ms 25ms,ONE,cassandra3,6,1790193691251606,True,
69,1,MONOTONIC_WRITES,normal,netem delay 25ms 25ms,ONE,cassandra1,2,1790193692392613,True,
69,2,MONOTONIC_WRITES,normal,netem delay 25ms 25ms,ONE,cassandra2,3,1790193692393613,True,
69,3,MONOTONIC_WRITES,normal,netem delay 25ms 25ms,ONE,cassandra2,4,1790193692394613,True,
69,4,MONOTONIC_WRITES,normal,netem delay 25ms 25ms,ONE,cassandra2,5,1790193692395613,True,
69,5,MONOTONIC_WRITES,normal,netem delay 25ms 25ms,ONE,cassandra2,6,1790193692396613,True,
70,1,MONOTONIC_WRITES,normal,netem delay 25ms 25ms,ONE,cassandra2,2,1790193693551017,True,
70,2,MONOTONIC_WRITES,normal,netem delay 25ms 25ms,ONE,cassandra3,3,1790193693552017,True,
70,3,MONOTONIC_WRITES,normal,netem delay 25ms 25ms,ONE,cassandra1,4,1790193693553017,True,
70,4,MONOTONIC_WRITES,normal,netem delay 25ms 25ms,ONE,cassandra2,5,1790193693554017,True,
70,5,MONOTONIC_WRITES,normal,netem delay 25ms 25ms,ONE,cassandra3,6,1790193693555017,True,
71,1,MONOTONIC_WRITES,normal,netem delay 25ms 25ms,ONE,cassandra1,2,1790193694470255,True,
71,2,MONOTONIC_WRITES,normal,netem delay 25ms 25ms,ONE,cassandra1,3,1790193694471255,True,
71,3,MONOTONIC_WRITES,normal,netem delay 25ms 25ms,ONE,cassandra3,4,1790193694472255,True,
71,4,MONOTONIC_WRITES,normal,netem delay 25ms 25ms,ONE,cassandra1,5,1790193694473255,True,
71,5,MONOTONIC_WRITES,normal,netem delay 25ms 25ms,ONE,cassandra2,6,1790193694474255,True,
72,1,MONOTONIC_WRITES,normal,netem delay 25ms 25ms,ONE,cassandra2,2,1790193695293130,True,
72,2,MONOTONIC_WRITES,normal,netem delay 25ms 25ms,ONE,cassandra1,3,1790193695294130,True,
72,3,MONOTONIC_WRITES,normal,netem delay 25ms 25ms,ONE,cassandra1,4,1790193695295130,True,
72,4,MONOTONIC_WRITES,normal,netem delay 25ms 25ms,ONE,cassandra3,5,1790193695296130,True,
72,5,MONOTONIC_WRITES,normal,netem delay 25ms 25ms,ONE,cassandra3,6,1790193695297130,True,
73,1,MONOTONIC_WRITES,normal,netem delay 25ms 25ms,ONE,cassandra3,2,1790193696281744,True,
73,2,MONOTONIC_WRITES,normal,netem delay 25ms 25ms,ONE,cassandra3,3,1790193696282744,True,
73,3,MONOTONIC_WRITES,normal,netem delay 25ms 25ms,ONE,cassandra3,4,1790193696283744,True,
73,4,MONOTONIC_WRITES,normal,netem delay 25ms 25ms,ONE,cassandra1,5,1790193696284744,True,
73,5,MONOTONIC_WRITES,normal,netem delay 25ms 25ms,ONE,cassandra3,6,1790193696285744,True,
74,1,MONOTONIC_WRITES,normal,netem delay 25ms 25ms,ONE,cassandra2,2,1790193697193140,True,
74,2,MONOTONIC_WRITES,normal,netem delay 25ms 25ms,ONE,cassandra3,3,1790193697194140,True,
74,3,MONOTONIC_WRITES,normal,netem delay 25ms 25ms,ONE,cassandra1,4,1790193697195140,True,
74,4,MONOTONIC_WRITES,normal,netem delay 25ms 25ms,ONE,cassandra3,5,1790193697196140,True,
74,5,MONOTONIC_WRITES,normal,netem delay 25ms 25ms,ONE,cassandra2,6,1790193697197140,True,
75,1,MONOTONIC_WRITES,normal,netem delay 25ms 25ms,ONE,cassandra1,2,1790193698203595,True,
75,2,MONOTONIC_WRITES,normal,netem delay 25ms 25ms,ONE,cassandra1,3,1790193698204595,True,
75,3,MONOTONIC_WRITES,normal,netem delay 25ms 25ms,ONE,cassandra1,4,1790193698205595,True,
75,4,MONOTONIC_WRITES,normal,netem delay 25ms 25ms,ONE,cassandra2,5,1790193698206595,True,
75,5,MONOTONIC_WRITES,normal,netem delay 25ms 25ms,ONE,cassandra2,6,1790193698207595,True,
76,1,MONOTONIC_WRITES,normal,netem delay 25ms 25ms,ONE,cassandra2,2,1790193699130920,True,
76,2,MONOTONIC_WRITES,normal,netem delay 25ms 25ms,ONE,cassandra2,3,1790193699131920,True,
76,3,MONOTONIC_WRITES,normal,netem delay 25ms 25ms,ONE,cassandra3,4,1790193699132920,True,
76,4,MONOTONIC_WRITES,normal,netem delay 25ms 25ms,ONE,cassandra2,5,1790193699133920,True,
76,5,MONOTONIC_WRITES,normal,netem delay 25ms 25ms,ONE,cassandra1,6,1790193699134920,True,
77,1,MONOTONIC_WRITES,normal,netem delay 25ms 25ms,ONE,cassandra2,2,1790193700013300,True,
77,2,MONOTONIC_WRITES,normal,netem delay 25ms 25ms,ONE,cassandra2,3,1790193700014300,True,
77,3,MONOTONIC_WRITES,normal,netem delay 25ms 25ms,ONE,cassandra3,4,1790193700015300,True,
77,4,MONOTONIC_WRITES,normal,netem delay 25ms 25ms,ONE,cassandra3,5,1790193700016300,True,
77,5,MONOTONIC_WRITES,normal,netem delay 25ms 25ms,ONE,cassandra2,6,1790193700017300,True,
78,1,MONOTONIC_WRITES,normal,netem delay 25ms 25ms,ONE,cassandra2,2,1790193701520238,True,
78,2,MONOTONIC_WRITES,normal,netem delay 25ms 25ms,ONE,cassandra2,3,1790193701521238,True,
78,3,MONOTONIC_WRITES,normal,netem delay 25ms 25ms,ONE,cassandra1,4,1790193701522238,True,
78,4,MONOTONIC_WRITES,normal,netem delay 25ms 25ms,ONE,cassandra3,5,1790193701523238,True,
78,5,MONOTONIC_WRITES,normal,netem delay 25ms 25ms,ONE,cassandra3,6,1790193701524238,True,
79,1,MONOTONIC_WRITES,normal,netem delay 25ms 25ms,ONE,cassandra2,2,1790193702670481,True,
79,2,MONOTONIC_WRITES,normal,netem delay 25ms 25ms,ONE,cassandra1,3,1790193702671481,True,
79,3,MONOTONIC_WRITES,normal,netem delay 25ms 25ms,ONE,cassandra1,4,1790193702672481,True,
79,4,MONOTONIC_WRITES,normal,netem delay 25ms 25ms,ONE,cassandra1,5,1790193702673481,True,
79,5,MONOTONIC_WRITES,normal,netem delay 25ms 25ms,ONE,cassandra3,6,1790193702674481,True,
80,1,MONOTONIC_WRITES,normal,netem delay 25ms 25ms,ONE,cassandra2,2,1790193703541595,True,
80,2,MONOTONIC_WRITES,normal,netem delay 25ms 25ms,ONE,cassandra2,3,1790193703542595,True,
80,3,MONOTONIC_WRITES,normal,netem delay 25ms 25ms,ONE,cassandra1,4,1790193703543595,True,
80,4,MONOTONIC_WRITES,normal,netem delay 25ms 25ms,ONE,cassandra3,5,1790193703544595,True,
80,5,MONOTONIC_WRITES,normal,netem delay 25ms 25ms,ONE,cassandra1,6,1790193703545595,True,
81,1,MONOTONIC_WRITES,normal,netem delay 25ms 25ms,ONE,cassandra3,2,1790193704603142,True,
81,2,MONOTONIC_WRITES,normal,netem delay 25ms 25ms,ONE,cassandra3,3,1790193704604142,True,
81,3,MONOTONIC_WRITES,normal,netem delay 25ms 25ms,ONE,cassandra2,4,1790193704605142,True,
81,4,MONOTONIC_WRITES,normal,netem delay 25ms 25ms,ONE,cassandra1,5,1790193704606142,True,
81,5,MONOTONIC_WRITES,normal,netem delay 25ms 25ms,ONE,cassandra2,6,1790193704607142,True,
82,1,MONOTONIC_WRITES,normal,netem delay 25ms 25ms,ONE,cassandra1,2,1790193705742330,True,
82,2,MONOTONIC_WRITES,normal,netem delay 25ms 25ms,ONE,cassandra1,3,1790193705743330,True,
82,3,MONOTONIC_WRITES,normal,netem delay 25ms 25ms,ONE,cassandra2,4,1790193705744330,True,
82,4,MONOTONIC_WRITES,normal,netem delay 25ms 25ms,ONE,cassandra2,5,1790193705745330,True,
82,5,MONOTONIC_WRITES,normal,netem delay 25ms 25ms,ONE,cassandra3,6,1790193705746330,True,
83,1,MONOTONIC_WRITES,normal,netem delay 25ms 25ms,ONE,cassandra3,2,1790193706665289,True,
83,2,MONOTONIC_WRITES,normal,netem delay 25ms 25ms,ONE,cassandra3,3,1790193706666289,True,
83,3,MONOTONIC_WRITES,normal,netem delay 25ms 25ms,ONE,cassandra3,4,1790193706667289,True,
83,4,MONOTONIC_WRITES,normal,netem delay 25ms 25ms,ONE,cassandra2,5,1790193706668289,True,
83,5,MONOTONIC_WRITES,normal,netem delay 25ms 25ms,ONE,cassandra1,6,1790193706669289,True,
84,1,MONOTONIC_WRITES,normal,netem delay 25ms 25ms,ONE,cassandra3,2,1790193708888929,True,
84,2,MONOTONIC_WRITES,normal,netem delay 25ms 25ms,ONE,cassandra2,3,1790193708889929,True,
84,3,MONOTONIC_WRITES,normal,netem delay 25ms 25ms,ONE,cassandra3,4,1790193708890929,True,
84,4,MONOTONIC_WRITES,normal,netem delay 25ms 25ms,ONE,cassandra1,5,1790193708891929,True,
84,5,MONOTONIC_WRITES,normal,netem delay 25ms 25ms,ONE,cassandra2,6,1790193708892929,True,
85,1,MONOTONIC_WRITES,normal,netem delay 25ms 25ms,ONE,cassandra3,2,1790193712125543,True,
85,2,MONOTONIC_WRITES,normal,netem delay 25ms 25ms,ONE,cassandra1,3,1790193712126543,True,
85,3,MONOTONIC_WRITES,normal,netem delay 25ms 25ms,ONE,cassandra1,4,1790193712127543,True,
85,4,MONOTONIC_WRITES,normal,netem delay 25ms 25ms,ONE,cassandra1,5,1790193712128543,True,
85,5,MONOTONIC_WRITES,normal,netem delay 25ms 25ms,ONE,cassandra3,6,1790193712129543,True,
86,1,MONOTONIC_WRITES,normal,netem delay 25ms 25ms,ONE,cassandra3,2,1790193713312293,True,
86,2,MONOTONIC_WRITES,normal,netem delay 25ms 25ms,ONE,cassandra3,3,1790193713313293,True,
86,3,MONOTONIC_WRITES,normal,netem delay 25ms 25ms,ONE,cassandra3,4,1790193713314293,True,
86,4,MONOTONIC_WRITES,normal,netem delay 25ms 25ms,ONE,cassandra1,5,1790193713315293,True,
86,5,MONOTONIC_WRITES,normal,netem delay 25ms 25ms,ONE,cassandra1,6,1790193713316293,True,
87,1,MONOTONIC_WRITES,normal,netem delay 25ms 25ms,ONE,cassandra3,2,1790193714349290,True,
87,2,MONOTONIC_WRITES,normal,netem delay 25ms 25ms,ONE,cassandra1,3,1790193714350290,True,
87,3,MONOTONIC_WRITES,normal,netem delay 25ms 25ms,ONE,cassandra3,4,1790193714351290,True,
87,4,MONOTONIC_WRITES,normal,netem delay 25ms 25ms,ONE,cassandra3,5,1790193714352290,True,
87,5,MONOTONIC_WRITES,normal,netem delay 25ms 25ms,ONE,cassandra2,6,1790193714353290,True,
88,1,MONOTONIC_WRITES,normal,netem delay 25ms 25ms,ONE,cassandra1,2,1790193715828203,True,
88,2,MONOTONIC_WRITES,normal,netem delay 25ms 25ms,ONE,cassandra1,3,1790193715829203,True,
88,3,MONOTONIC_WRITES,normal,netem delay 25ms 25ms,ONE,cassandra1,4,1790193715830203,True,
88,4,MONOTONIC_WRITES,normal,netem delay 25ms 25ms,ONE,cassandra1,5,1790193715831203,True,
88,5,MONOTONIC_WRITES,normal,netem delay 25ms 25ms,ONE,cassandra3,6,1790193715832203,True,
89,1,MONOTONIC_WRITES,normal,netem delay 25ms 25ms,ONE,cassandra1,2,1790193716902360,True,
89,2,MONOTONIC_WRITES,normal,netem delay 25ms 25ms,ONE,cassandra3,3,1790193716903360,True,
89,3,MONOTONIC_WRITES,normal,netem delay 25ms 25ms,ONE,cassandra3,4,1790193716904360,True,
89,4,MONOTONIC_WRITES,normal,netem delay 25ms 25ms,ONE,cassandra1,5,1790193716905360,True,
89,5,MONOTONIC_WRITES,normal,netem delay 25ms 25ms,ONE,cassandra2,6,1790193716906360,True,
90,1,MONOTONIC_WRITES,normal,netem delay 25ms 25ms,ONE,cassandra3,2,1790193717965542,True,
90,2,MONOTONIC_WRITES,normal,netem delay 25ms 25ms,ONE,cassandra2,3,1790193717966542,True,
90,3,MONOTONIC_WRITES,normal,netem delay 25ms 25ms,ONE,cassandra2,4,1790193717967542,True,
90,4,MONOTONIC_WRITES,normal,netem delay 25ms 25ms,ONE,cassandra3,5,1790193717968542,True,
90,5,MONOTONIC_WRITES,normal,netem delay 25ms 25ms,ONE,cassandra2,6,1790193717969542,True,
91,1,MONOTONIC_WRITES,normal,netem delay 25ms 25ms,ONE,cassandra1,2,1790193719013509,True,
91,2,MONOTONIC_WRITES,normal,netem delay 25ms 25ms,ONE,cassandra2,3,1790193719014509,True,
91,3,MONOTONIC_WRITES,normal,netem delay 25ms 25ms,ONE,cassandra3,4,1790193719015509,True,
91,4,MONOTONIC_WRITES,normal,netem delay 25ms 25ms,ONE,cassandra3,5,1790193719016509,True,
91,5,MONOTONIC_WRITES,normal,netem delay 25ms 25ms,ONE,cassandra3,6,1790193719017509,True,
92,1,MONOTONIC_WRITES,normal,netem delay 25ms 25ms,ONE,cassandra3,2,1790193720626173,True,
92,2,MONOTONIC_WRITES,normal,netem delay 25ms 25ms,ONE,cassandra2,3,1790193720627173,True,
92,3,MONOTONIC_WRITES,normal,netem delay 25ms 25ms,ONE,cassandra1,4,1790193720628173,True,
92,4,MONOTONIC_WRITES,normal,netem delay 25ms 25ms,ONE,cassandra1,5,1790193720629173,True,
92,5,MONOTONIC_WRITES,normal,netem delay 25ms 25ms,ONE,cassandra1,6,1790193720630173,True,
93,1,MONOTONIC_WRITES,normal,netem delay 25ms 25ms,ONE,cassandra2,2,1790193721616630,True,
93,2,MONOTONIC_WRITES,normal,netem delay 25ms 25ms,ONE,cassandra3,3,1790193721617630,True,
93,3,MONOTONIC_WRITES,normal,netem delay 25ms 25ms,ONE,cassandra2,4,1790193721618630,True,
93,4,MONOTONIC_WRITES,normal,netem delay 25ms 25ms,ONE,cassandra2,5,1790193721619630,True,
93,5,MONOTONIC_WRITES,normal,netem delay 25ms 25ms,ONE,cassandra3,6,1790193721620630,True,
94,1,MONOTONIC_WRITES,normal,netem delay 25ms 25ms,ONE,cassandra3,2,1790193722646185,True,
94,2,MONOTONIC_WRITES,normal,netem delay 25ms 25ms,ONE,cassandra2,3,1790193722647185,True,
94,3,MONOTONIC_WRITES,normal,netem delay 25ms 25ms,ONE,cassandra3,4,1790193722648185,True,
94,4,MONOTONIC_WRITES,normal,netem delay 25ms 25ms,ONE,cassandra3,5,1790193722649185,True,
94,5,MONOTONIC_WRITES,normal,netem delay 25ms 25ms,ONE,cassandra2,6,1790193722650185,True,
95,1,MONOTONIC_WRITES,normal,netem delay 25ms 25ms,ONE,cassandra3,2,1790193723597073,True,
95,2,MONOTONIC_WRITES,normal,netem delay 25ms 25ms,ONE,cassandra2,3,1790193723598073,True,
95,3,MONOTONIC_WRITES,normal,netem delay 25ms 25ms,ONE,cassandra3,4,1790193723599073,True,
95,4,MONOTONIC_WRITES,normal,netem delay 25ms 25ms,ONE,cassandra3,5,1790193723600073,True,
95,5,MONOTONIC_WRITES,normal,netem delay 25ms 25ms,ONE,cassandra2,6,1790193723601073,True,
96,1,MONOTONIC_WRITES,normal,netem delay 25ms 25ms,ONE,cassandra1,2,1790193724529294,True,
96,2,MONOTONIC_WRITES,normal,netem delay 25ms 25ms,ONE,cassandra1,3,1790193724530294,True,
96,3,MONOTONIC_WRITES,normal,netem delay 25ms 25ms,ONE,cassandra3,4,1790193724531294,True,
96,4,MONOTONIC_WRITES,normal,netem delay 25ms 25ms,ONE,cassandra3,5,1790193724532294,True,
96,5,MONOTONIC_WRITES,normal,netem delay 25ms 25ms,ONE,cassandra3,6,1790193724533294,True,
97,1,MONOTONIC_WRITES,normal,netem delay 25ms 25ms,ONE,cassandra3,2,1790193725634426,True,
97,2,MONOTONIC_WRITES,normal,netem delay 25ms 25ms,ONE,cassandra1,3,1790193725635426,True,
97,3,MONOTONIC_WRITES,normal,netem delay 25ms 25ms,ONE,cassandra1,4,1790193725636426,True,
97,4,MONOTONIC_WRITES,normal,netem delay 25ms 25ms,ONE,cassandra3,5,1790193725637426,True,
97,5,MONOTONIC_WRITES,normal,netem delay 25ms 25ms,ONE,cassandra3,6,1790193725638426,True,
98,1,MONOTONIC_WRITES,normal,netem delay 25ms 25ms,ONE,cassandra1,2,1790193726520855,True,
98,2,MONOTONIC_WRITES,normal,netem delay 25ms 25ms,ONE,cassandra3,3,1790193726521855,True,
98,3,MONOTONIC_WRITES,normal,netem delay 25ms 25ms,ONE,cassandra3,4,1790193726522855,True,
98,4,MONOTONIC_WRITES,normal,netem delay 25ms 25ms,ONE,cassandra1,5,1790193726523855,True,
98,5,MONOTONIC_WRITES,normal,netem delay 25ms 25ms,ONE,cassandra2,6,1790193726524855,True,
99,1,MONOTONIC_WRITES,normal,netem delay 25ms 25ms,ONE,cassandra3,2,1790193727528960,True,
99,2,MONOTONIC_WRITES,normal,netem delay 25ms 25ms,ONE,cassandra3,3,1790193727529960,True,
99,3,MONOTONIC_WRITES,normal,netem delay 25ms 25ms,ONE,cassandra3,4,1790193727530960,True,
99,4,MONOTONIC_WRITES,normal,netem delay 25ms 25ms,ONE,cassandra2,5,1790193727531960,True,
99,5,MONOTONIC_WRITES,normal,netem delay 25ms 25ms,ONE,cassandra2,6,1790193727532960,True,
100,1,MONOTONIC_WRITES,normal,netem delay 25ms 25ms,ONE,cassandra2,2,1790193728569697,True,
100,2,MONOTONIC_WRITES,normal,netem delay 25ms 25ms,ONE,cassandra2,3,1790193728570697,True,
100,3,MONOTONIC_WRITES,normal,netem delay 25ms 25ms,ONE,cassandra1,4,1790193728571697,True,
100,4,MONOTONIC_WRITES,normal,netem delay 25ms 25ms,ONE,cassandra2,5,1790193728572697,True,
100,5,MONOTONIC_WRITES,normal,netem delay 25ms 25ms,ONE,cassandra1,6,1790193728573697,True,
101,1,MONOTONIC_WRITES,normal,netem delay 25ms 25ms,ONE,cassandra3,2,1790193729676012,True,
101,2,MONOTONIC_WRITES,normal,netem delay 25ms 25ms,ONE,cassandra2,3,1790193729677012,True,
101,3,MONOTONIC_WRITES,normal,netem delay 25ms 25ms,ONE,cassandra1,4,1790193729678012,True,
101,4,MONOTONIC_WRITES,normal,netem delay 25ms 25ms,ONE,cassandra2,5,1790193729679012,True,
101,5,MONOTONIC_WRITES,normal,netem delay 25ms 25ms,ONE,cassandra2,6,1790193729680012,True,
102,1,MONOTONIC_WRITES,normal,netem delay 25ms 25ms,ONE,cassandra3,2,1790193730678170,True,
102,2,MONOTONIC_WRITES,normal,netem delay 25ms 25ms,ONE,cassandra1,3,1790193730679170,True,
102,3,MONOTONIC_WRITES,normal,netem delay 25ms 25ms,ONE,cassandra2,4,1790193730680170,True,
102,4,MONOTONIC_WRITES,normal,netem delay 25ms 25ms,ONE,cassandra1,5,1790193730681170,True,
102,5,MONOTONIC_WRITES,normal,netem delay 25ms 25ms,ONE,cassandra2,6,1790193730682170,True,
103,1,MONOTONIC_WRITES,normal,netem delay 25ms 25ms,ONE,cassandra2,2,1790193731622635,True,
103,2,MONOTONIC_WRITES,normal,netem delay 25ms 25ms,ONE,cassandra3,3,1790193731623635,True,
103,3,MONOTONIC_WRITES,normal,netem delay 25ms 25ms,ONE,cassandra2,4,1790193731624635,True,
103,4,MONOTONIC_WRITES,normal,netem delay 25ms 25ms,ONE,cassandra2,5,1790193731625635,True,
103,5,MONOTONIC_WRITES,normal,netem delay 25ms 25ms,ONE,cassandra3,6,1790193731626635,True,
104,1,MONOTONIC_WRITES,normal,netem delay 25ms 25ms,ONE,cassandra2,2,1790193732717439,True,
104,2,MONOTONIC_WRITES,normal,netem delay 25ms 25ms,ONE,cassandra2,3,1790193732718439,True,
104,3,MONOTONIC_WRITES,normal,netem delay 25ms 25ms,ONE,cassandra3,4,1790193732719439,True,
104,4,MONOTONIC_WRITES,normal,netem delay 25ms 25ms,ONE,cassandra2,5,1790193732720439,True,
104,5,MONOTONIC_WRITES,normal,netem delay 25ms 25ms,ONE,cassandra3,6,1790193732721439,True,
105,1,MONOTONIC_WRITES,normal,netem delay 25ms 25ms,ONE,cassandra2,2,1790193733678263,True,
105,2,MONOTONIC_WRITES,normal,netem delay 25ms 25ms,ONE,cassandra2,3,1790193733679263,True,
105,3,MONOTONIC_WRITES,normal,netem delay 25ms 25ms,ONE,cassandra2,4,1790193733680263,True,
105,4,MONOTONIC_WRITES,normal,netem delay 25ms 25ms,ONE,cassandra2,5,1790193733681263,True,
105,5,MONOTONIC_WRITES,normal,netem delay 25ms 25ms,ONE,cassandra1,6,1790193733682263,True,
106,1,MONOTONIC_WRITES,normal,netem delay 25ms 25ms,ONE,cassandra3,2,1790193734609326,True,
106,2,MONOTONIC_WRITES,normal,netem delay 25ms 25ms,ONE,cassandra1,3,1790193734610326,True,
106,3,MONOTONIC_WRITES,normal,netem delay 25ms 25ms,ONE,cassandra1,4,1790193734611326,True,
106,4,MONOTONIC_WRITES,normal,netem delay 25ms 25ms,ONE,cassandra1,5,1790193734612326,True,
106,5,MONOTONIC_WRITES,normal,netem delay 25ms 25ms,ONE,cassandra1,6,1790193734613326,True,
107,1,MONOTONIC_WRITES,normal,netem delay 25ms 25ms,ONE,cassandra2,2,1790193735543672,True,
107,2,MONOTONIC_WRITES,normal,netem delay 25ms 25ms,ONE,cassandra1,3,1790193735544672,True,
107,3,MONOTONIC_WRITES,normal,netem delay 25ms 25ms,ONE,cassandra3,4,1790193735545672,True,
107,4,MONOTONIC_WRITES,normal,netem delay 25ms 25ms,ONE,cassandra1,5,1790193735546672,True,
107,5,MONOTONIC_WRITES,normal,netem delay 25ms 25ms,ONE,cassandra3,6,1790193735547672,True,
108,1,MONOTONIC_WRITES,normal,netem delay 25ms 25ms,ONE,cassandra3,2,1790193736631825,True,
108,2,MONOTONIC_WRITES,normal,netem delay 25ms 25ms,ONE,cassandra3,3,1790193736632825,True,
108,3,MONOTONIC_WRITES,normal,netem delay 25ms 25ms,ONE,cassandra1,4,1790193736633825,True,
108,4,MONOTONIC_WRITES,normal,netem delay 25ms 25ms,ONE,cassandra3,5,1790193736634825,True,
108,5,MONOTONIC_WRITES,normal,netem delay 25ms 25ms,ONE,cassandra1,6,1790193736635825,True,
109,1,MONOTONIC_WRITES,normal,netem delay 25ms 25ms,ONE,cassandra3,2,1790193737803135,True,
109,2,MONOTONIC_WRITES,normal,netem delay 25ms 25ms,ONE,cassandra3,3,1790193737804135,True,
109,3,MONOTONIC_WRITES,normal,netem delay 25ms 25ms,ONE,cassandra1,4,1790193737805135,True,
109,4,MONOTONIC_WRITES,normal,netem delay 25ms 25ms,ONE,cassandra3,5,1790193737806135,True,
109,5,MONOTONIC_WRITES,normal,netem delay 25ms 25ms,ONE,cassandra1,6,1790193737807135,True,
110,1,MONOTONIC_WRITES,normal,netem delay 25ms 25ms,ONE,cassandra1,2,1790193738767708,True,
110,2,MONOTONIC_WRITES,normal,netem delay 25ms 25ms,ONE,cassandra3,3,1790193738768708,True,
110,3,MONOTONIC_WRITES,normal,netem delay 25ms 25ms,ONE,cassandra3,4,1790193738769708,True,
110,4,MONOTONIC_WRITES,normal,netem delay 25ms 25ms,ONE,cassandra2,5,1790193738770708,True,
110,5,MONOTONIC_WRITES,normal,netem delay 25ms 25ms,ONE,cassandra2,6,1790193738771708,True,
111,1,MONOTONIC_WRITES,normal,netem delay 25ms 25ms,ONE,cassandra1,2,1790193739815092,True,
111,2,MONOTONIC_WRITES,normal,netem delay 25ms 25ms,ONE,cassandra3,3,1790193739816092,True,
111,3,MONOTONIC_WRITES,normal,netem delay 25ms 25ms,ONE,cassandra1,4,1790193739817092,True,
111,4,MONOTONIC_WRITES,normal,netem delay 25ms 25ms,ONE,cassandra2,5,1790193739818092,True,
111,5,MONOTONIC_WRITES,normal,netem delay 25ms 25ms,ONE,cassandra2,6,1790193739819092,True,
112,1,MONOTONIC_WRITES,normal,netem delay 25ms 25ms,ONE,cassandra3,2,1790193740862025,True,
112,2,MONOTONIC_WRITES,normal,netem delay 25ms 25ms,ONE,cassandra1,3,1790193740863025,True,
112,3,MONOTONIC_WRITES,normal,netem delay 25ms 25ms,ONE,cassandra1,4,1790193740864025,True,
112,4,MONOTONIC_WRITES,normal,netem delay 25ms 25ms,ONE,cassandra3,5,1790193740865025,True,
112,5,MONOTONIC_WRITES,normal,netem delay 25ms 25ms,ONE,cassandra1,6,1790193740866025,True,
113,1,MONOTONIC_WRITES,normal,netem delay 25ms 25ms,ONE,cassandra3,2,1790193741868709,True,
113,2,MONOTONIC_WRITES,normal,netem delay 25ms 25ms,ONE,cassandra3,3,1790193741869709,True,
113,3,MONOTONIC_WRITES,normal,netem delay 25ms 25ms,ONE,cassandra1,4,1790193741870709,True,
113,4,MONOTONIC_WRITES,normal,netem delay 25ms 25ms,ONE,cassandra1,5,1790193741871709,True,
113,5,MONOTONIC_WRITES,normal,netem delay 25ms 25ms,ONE,cassandra1,6,1790193741872709,True,
114,1,MONOTONIC_WRITES,normal,netem delay 25ms 25ms,ONE,cassandra1,2,1790193742769667,True,
114,2,MONOTONIC_WRITES,normal,netem delay 25ms 25ms,ONE,cassandra1,3,1790193742770667,True,
114,3,MONOTONIC_WRITES,normal,netem delay 25ms 25ms,ONE,cassandra3,4,1790193742771667,True,
114,4,MONOTONIC_WRITES,normal,netem delay 25ms 25ms,ONE,cassandra1,5,1790193742772667,True,
114,5,MONOTONIC_WRITES,normal,netem delay 25ms 25ms,ONE,cassandra3,6,1790193742773667,True,
115,1,MONOTONIC_WRITES,normal,netem delay 25ms 25ms,ONE,cassandra1,2,1790193744009196,True,
115,2,MONOTONIC_WRITES,normal,netem delay 25ms 25ms,ONE,cassandra1,3,1790193744010196,True,
115,3,MONOTONIC_WRITES,normal,netem delay 25ms 25ms,ONE,cassandra3,4,1790193744011196,True,
115,4,MONOTONIC_WRITES,normal,netem delay 25ms 25ms,ONE,cassandra1,5,1790193744012196,True,
115,5,MONOTONIC_WRITES,normal,netem delay 25ms 25ms,ONE,cassandra1,6,1790193744013196,True,
116,1,MONOTONIC_WRITES,normal,netem delay 25ms 25ms,ONE,cassandra1,2,1790193745178365,True,
116,2,MONOTONIC_WRITES,normal,netem delay 25ms 25ms,ONE,cassandra2,3,1790193745179365,True,
116,3,MONOTONIC_WRITES,normal,netem delay 25ms 25ms,ONE,cassandra3,4,1790193745180365,True,
116,4,MONOTONIC_WRITES,normal,netem delay 25ms 25ms,ONE,cassandra1,5,1790193745181365,True,
116,5,MONOTONIC_WRITES,normal,netem delay 25ms 25ms,ONE,cassandra1,6,1790193745182365,True,
117,1,MONOTONIC_WRITES,normal,netem delay 25ms 25ms,ONE,cassandra1,2,1790193746320292,True,
117,2,MONOTONIC_WRITES,normal,netem delay 25ms 25ms,ONE,cassandra1,3,1790193746321292,True,
117,3,MONOTONIC_WRITES,normal,netem delay 25ms 25ms,ONE,cassandra3,4,1790193746322292,True,
117,4,MONOTONIC_WRITES,normal,netem delay 25ms 25ms,ONE,cassandra2,5,1790193746323292,True,
117,5,MONOTONIC_WRITES,normal,netem delay 25ms 25ms,ONE,cassandra3,6,1790193746324292,True,
118,1,MONOTONIC_WRITES,normal,netem delay 25ms 25ms,ONE,cassandra3,2,1790193747334296,True,
118,2,MONOTONIC_WRITES,normal,netem delay 25ms 25ms,ONE,cassandra2,3,1790193747335296,True,
118,3,MONOTONIC_WRITES,normal,netem delay 25ms 25ms,ONE,cassandra3,4,1790193747336296,True,
118,4,MONOTONIC_WRITES,normal,netem delay 25ms 25ms,ONE,cassandra1,5,1790193747337296,True,
118,5,MONOTONIC_WRITES,normal,netem delay 25ms 25ms,ONE,cassandra2,6,1790193747338296,True,
119,1,MONOTONIC_WRITES,normal,netem delay 25ms 25ms,ONE,cassandra2,2,1790193748423314,True,
119,2,MONOTONIC_WRITES,normal,netem delay 25ms 25ms,ONE,cassandra2,3,1790193748424314,True,
119,3,MONOTONIC_WRITES,normal,netem delay 25ms 25ms,ONE,cassandra3,4,1790193748425314,True,
119,4,MONOTONIC_WRITES,normal,netem delay 25ms 25ms,ONE,cassandra3,5,1790193748426314,True,
119,5,MONOTONIC_WRITES,normal,netem delay 25ms 25ms,ONE,cassandra2,6,1790193748427314,True,
120,1,MONOTONIC_WRITES,normal,netem delay 25ms 25ms,ONE,cassandra2,2,1790193749294684,True,
120,2,MONOTONIC_WRITES,normal,netem delay 25ms 25ms,ONE,cassandra1,3,1790193749295684,True,
120,3,MONOTONIC_WRITES,normal,netem delay 25ms 25ms,ONE,cassandra1,4,1790193749296684,True,
120,4,MONOTONIC_WRITES,normal,netem delay 25ms 25ms,ONE,cassandra3,5,1790193749297684,True,
120,5,MONOTONIC_WRITES,normal,netem delay 25ms 25ms,ONE,cassandra1,6,1790193749298684,True,
121,1,MONOTONIC_WRITES,normal,netem delay 25ms 25ms,ONE,cassandra3,2,1790193750364954,True,
121,2,MONOTONIC_WRITES,normal,netem delay 25ms 25ms,ONE,cassandra2,3,1790193750365954,True,
121,3,MONOTONIC_WRITES,normal,netem delay 25ms 25ms,ONE,cassandra1,4,1790193750366954,True,
121,4,MONOTONIC_WRITES,normal,netem delay 25ms 25ms,ONE,cassandra3,5,1790193750367954,True,
121,5,MONOTONIC_WRITES,normal,netem delay 25ms 25ms,ONE,cassandra2,6,1790193750368954,True,
122,1,MONOTONIC_WRITES,normal,netem delay 25ms 25ms,ONE,cassandra3,2,1790193751378626,True,
122,2,MONOTONIC_WRITES,normal,netem delay 25ms 25ms,ONE,cassandra2,3,1790193751379626,True,
122,3,MONOTONIC_WRITES,normal,netem delay 25ms 25ms,ONE,cassandra1,4,1790193751380626,True,
122,4,MONOTONIC_WRITES,normal,netem delay 25ms 25ms,ONE,cassandra3,5,1790193751381626,True,
122,5,MONOTONIC_WRITES,normal,netem delay 25ms 25ms,ONE,cassandra2,6,1790193751382626,True,
123,1,MONOTONIC_WRITES,normal,netem delay 25ms 25ms,ONE,cassandra1,2,1790193752319989,True,
123,2,MONOTONIC_WRITES,normal,netem delay 25ms 25ms,ONE,cassandra3,3,1790193752320989,True,
123,3,MONOTONIC_WRITES,normal,netem delay 25ms 25ms,ONE,cassandra1,4,1790193752321989,True,
123,4,MONOTONIC_WRITES,normal,netem delay 25ms 25ms,ONE,cassandra2,5,1790193752322989,True,
123,5,MONOTONIC_WRITES,normal,netem delay 25ms 25ms,ONE,cassandra2,6,1790193752323989,True,
124,1,MONOTONIC_WRITES,normal,netem delay 25ms 25ms,ONE,cassandra2,2,1790193753305104,True,
124,2,MONOTONIC_WRITES,normal,netem delay 25ms 25ms,ONE,cassandra1,3,1790193753306104,True,
124,3,MONOTONIC_WRITES,normal,netem delay 25ms 25ms,ONE,cassandra1,4,1790193753307104,True,
124,4,MONOTONIC_WRITES,normal,netem delay 25ms 25ms,ONE,cassandra3,5,1790193753308104,True,
124,5,MONOTONIC_WRITES,normal,netem delay 25ms 25ms,ONE,cassandra2,6,1790193753309104,True,
125,1,MONOTONIC_WRITES,normal,netem delay 25ms 25ms,ONE,cassandra3,2,1790193754403461,True,
125,2,MONOTONIC_WRITES,normal,netem delay 25ms 25ms,ONE,cassandra2,3,1790193754404461,True,
125,3,MONOTONIC_WRITES,normal,netem delay 25ms 25ms,ONE,cassandra3,4,1790193754405461,True,
125,4,MONOTONIC_WRITES,normal,netem delay 25ms 25ms,ONE,cassandra3,5,1790193754406461,True,
125,5,MONOTONIC_WRITES,normal,netem delay 25ms 25ms,ONE,cassandra3,6,1790193754407461,True,
126,1,MONOTONIC_WRITES,normal,netem delay 25ms 25ms,ONE,cassandra1,2,1790193755567577,True,
126,2,MONOTONIC_WRITES,normal,netem delay 25ms 25ms,ONE,cassandra1,3,1790193755568577,True,
126,3,MONOTONIC_WRITES,normal,netem delay 25ms 25ms,ONE,cassandra1,4,1790193755569577,True,
126,4,MONOTONIC_WRITES,normal,netem delay 25ms 25ms,ONE,cassandra2,5,1790193755570577,True,
126,5,MONOTONIC_WRITES,normal,netem delay 25ms 25ms,ONE,cassandra3,6,1790193755571577,True,
127,1,MONOTONIC_WRITES,normal,netem delay 25ms 25ms,ONE,cassandra2,2,1790193756557501,True,
127,2,MONOTONIC_WRITES,normal,netem delay 25ms 25ms,ONE,cassandra3,3,1790193756558501,True,
127,3,MONOTONIC_WRITES,normal,netem delay 25ms 25ms,ONE,cassandra1,4,1790193756559501,True,
127,4,MONOTONIC_WRITES,normal,netem delay 25ms 25ms,ONE,cassandra3,5,1790193756560501,True,
127,5,MONOTONIC_WRITES,normal,netem delay 25ms 25ms,ONE,cassandra2,6,1790193756561501,True,
128,1,MONOTONIC_WRITES,normal,netem delay 25ms 25ms,ONE,cassandra2,2,1790193757643166,True,
128,2,MONOTONIC_WRITES,normal,netem delay 25ms 25ms,ONE,cassandra3,3,1790193757644166,True,
128,3,MONOTONIC_WRITES,normal,netem delay 25ms 25ms,ONE,cassandra1,4,1790193757645166,True,
128,4,MONOTONIC_WRITES,normal,netem delay 25ms 25ms,ONE,cassandra2,5,1790193757646166,True,
128,5,MONOTONIC_WRITES,normal,netem delay 25ms 25ms,ONE,cassandra3,6,1790193757647166,True,
129,1,MONOTONIC_WRITES,normal,netem delay 25ms 25ms,ONE,cassandra3,2,1790193758526647,True,
129,2,MONOTONIC_WRITES,normal,netem delay 25ms 25ms,ONE,cassandra1,3,1790193758527647,True,
129,3,MONOTONIC_WRITES,normal,netem delay 25ms 25ms,ONE,cassandra1,4,1790193758528647,True,
129,4,MONOTONIC_WRITES,normal,netem delay 25ms 25ms,ONE,cassandra1,5,1790193758529647,True,
129,5,MONOTONIC_WRITES,normal,netem delay 25ms 25ms,ONE,cassandra2,6,1790193758530647,True,
130,1,MONOTONIC_WRITES,normal,netem delay 25ms 25ms,ONE,cassandra1,2,1790193759430973,True,
130,2,MONOTONIC_WRITES,normal,netem delay 25ms 25ms,ONE,cassandra3,3,1790193759431973,True,
130,3,MONOTONIC_WRITES,normal,netem delay 25ms 25ms,ONE,cassandra2,4,1790193759432973,True,
130,4,MONOTONIC_WRITES,normal,netem delay 25ms 25ms,ONE,cassandra2,5,1790193759433973,True,
130,5,MONOTONIC_WRITES,normal,netem delay 25ms 25ms,ONE,cassandra3,6,1790193759434973,True,
131,1,MONOTONIC_WRITES,normal,netem delay 25ms 25ms,ONE,cassandra3,2,1790193760471098,True,
131,2,MONOTONIC_WRITES,normal,netem delay 25ms 25ms,ONE,cassandra3,3,1790193760472098,True,
131,3,MONOTONIC_WRITES,normal,netem delay 25ms 25ms,ONE,cassandra1,4,1790193760473098,True,
131,4,MONOTONIC_WRITES,normal,netem delay 25ms 25ms,ONE,cassandra1,5,1790193760474098,True,
131,5,MONOTONIC_WRITES,normal,netem delay 25ms 25ms,ONE,cassandra1,6,1790193760475098,True,
132,1,MONOTONIC_WRITES,normal,netem delay 25ms 25ms,ONE,cassandra2,2,1790193761438454,True,
132,2,MONOTONIC_WRITES,normal,netem delay 25ms 25ms,ONE,cassandra2,3,1790193761439454,True,
132,3,MONOTONIC_WRITES,normal,netem delay 25ms 25ms,ONE,cassandra2,4,1790193761440454,True,
132,4,MONOTONIC_WRITES,normal,netem delay 25ms 25ms,ONE,cassandra3,5,1790193761441454,True,
132,5,MONOTONIC_WRITES,normal,netem delay 25ms 25ms,ONE,cassandra1,6,1790193761442454,True,
133,1,MONOTONIC_WRITES,normal,netem delay 25ms 25ms,ONE,cassandra1,2,1790193762479225,True,
133,2,MONOTONIC_WRITES,normal,netem delay 25ms 25ms,ONE,cassandra1,3,1790193762480225,True,
133,3,MONOTONIC_WRITES,normal,netem delay 25ms 25ms,ONE,cassandra3,4,1790193762481225,True,
133,4,MONOTONIC_WRITES,normal,netem delay 25ms 25ms,ONE,cassandra3,5,1790193762482225,True,
133,5,MONOTONIC_WRITES,normal,netem delay 25ms 25ms,ONE,cassandra3,6,1790193762483225,True,
134,1,MONOTONIC_WRITES,normal,netem delay 25ms 25ms,ONE,cassandra2,2,1790193763497998,True,
134,2,MONOTONIC_WRITES,normal,netem delay 25ms 25ms,ONE,cassandra1,3,1790193763498998,True,
134,3,MONOTONIC_WRITES,normal,netem delay 25ms 25ms,ONE,cassandra1,4,1790193763499998,True,
134,4,MONOTONIC_WRITES,normal,netem delay 25ms 25ms,ONE,cassandra3,5,1790193763500998,True,
134,5,MONOTONIC_WRITES,normal,netem delay 25ms 25ms,ONE,cassandra1,6,1790193763501998,True,
135,1,MONOTONIC_WRITES,normal,netem delay 25ms 25ms,ONE,cassandra1,2,1790193764609982,True,
135,2,MONOTONIC_WRITES,normal,netem delay 25ms 25ms,ONE,cassandra1,3,1790193764610982,True,
135,3,MONOTONIC_WRITES,normal,netem delay 25ms 25ms,ONE,cassandra3,4,1790193764611982,True,
135,4,MONOTONIC_WRITES,normal,netem delay 25ms 25ms,ONE,cassandra3,5,1790193764612982,True,
135,5,MONOTONIC_WRITES,normal,netem delay 25ms 25ms,ONE,cassandra3,6,1790193764613982,True,
136,1,MONOTONIC_WRITES,normal,netem delay 25ms 25ms,ONE,cassandra2,2,1790193765576673,True,
136,2,MONOTONIC_WRITES,normal,netem delay 25ms 25ms,ONE,cassandra1,3,1790193765577673,True,
136,3,MONOTONIC_WRITES,normal,netem delay 25ms 25ms,ONE,cassandra2,4,1790193765578673,True,
136,4,MONOTONIC_WRITES,normal,netem delay 25ms 25ms,ONE,cassandra1,5,1790193765579673,True,
136,5,MONOTONIC_WRITES,normal,netem delay 25ms 25ms,ONE,cassandra2,6,1790193765580673,True,
137,1,MONOTONIC_WRITES,normal,netem delay 25ms 25ms,ONE,cassandra1,2,1790193766635507,True,
137,2,MONOTONIC_WRITES,normal,netem delay 25ms 25ms,ONE,cassandra3,3,1790193766636507,True,
137,3,MONOTONIC_WRITES,normal,netem delay 25ms 25ms,ONE,cassandra2,4,1790193766637507,True,
137,4,MONOTONIC_WRITES,normal,netem delay 25ms 25ms,ONE,cassandra2,5,1790193766638507,True,
137,5,MONOTONIC_WRITES,normal,netem delay 25ms 25ms,ONE,cassandra2,6,1790193766639507,True,
138,1,MONOTONIC_WRITES,normal,netem delay 25ms 25ms,ONE,cassandra3,2,1790193767547257,True,
138,2,MONOTONIC_WRITES,normal,netem delay 25ms 25ms,ONE,cassandra2,3,1790193767548257,True,
138,3,MONOTONIC_WRITES,normal,netem delay 25ms 25ms,ONE,cassandra2,4,1790193767549257,True,
138,4,MONOTONIC_WRITES,normal,netem delay 25ms 25ms,ONE,cassandra2,5,1790193767550257,True,
138,5,MONOTONIC_WRITES,normal,netem delay 25ms 25ms,ONE,cassandra3,6,1790193767551257,True,
139,1,MONOTONIC_WRITES,normal,netem delay 25ms 25ms,ONE,cassandra3,2,1790193768423562,True,
139,2,MONOTONIC_WRITES,normal,netem delay 25ms 25ms,ONE,cassandra1,3,1790193768424562,True,
139,3,MONOTONIC_WRITES,normal,netem delay 25ms 25ms,ONE,cassandra3,4,1790193768425562,True,
139,4,MONOTONIC_WRITES,normal,netem delay 25ms 25ms,ONE,cassandra3,5,1790193768426562,True,
139,5,MONOTONIC_WRITES,normal,netem delay 25ms 25ms,ONE,cassandra3,6,1790193768427562,True,
140,1,MONOTONIC_WRITES,normal,netem delay 25ms 25ms,ONE,cassandra2,2,1790193769467066,True,
140,2,MONOTONIC_WRITES,normal,netem delay 25ms 25ms,ONE,cassandra1,3,1790193769468066,True,
140,3,MONOTONIC_WRITES,normal,netem delay 25ms 25ms,ONE,cassandra3,4,1790193769469066,True,
140,4,MONOTONIC_WRITES,normal,netem delay 25ms 25ms,ONE,cassandra3,5,1790193769470066,True,
140,5,MONOTONIC_WRITES,normal,netem delay 25ms 25ms,ONE,cassandra1,6,1790193769471066,True,
141,1,MONOTONIC_WRITES,normal,netem delay 25ms 25ms,ONE,cassandra3,2,1790193770513842,True,
141,2,MONOTONIC_WRITES,normal,netem delay 25ms 25ms,ONE,cassandra1,3,1790193770514842,True,
141,3,MONOTONIC_WRITES,normal,netem delay 25ms 25ms,ONE,cassandra3,4,1790193770515842,True,
141,4,MONOTONIC_WRITES,normal,netem delay 25ms 25ms,ONE,cassandra3,5,1790193770516842,True,
141,5,MONOTONIC_WRITES,normal,netem delay 25ms 25ms,ONE,cassandra3,6,1790193770517842,True,
142,1,MONOTONIC_WRITES,normal,netem delay 25ms 25ms,ONE,cassandra2,2,1790193771472441,True,
142,2,MONOTONIC_WRITES,normal,netem delay 25ms 25ms,ONE,cassandra3,3,1790193771473441,True,
142,3,MONOTONIC_WRITES,normal,netem delay 25ms 25ms,ONE,cassandra1,4,1790193771474441,True,
142,4,MONOTONIC_WRITES,normal,netem delay 25ms 25ms,ONE,cassandra3,5,1790193771475441,True,
142,5,MONOTONIC_WRITES,normal,netem delay 25ms 25ms,ONE,cassandra3,6,1790193771476441,True,
143,1,MONOTONIC_WRITES,normal,netem delay 25ms 25ms,ONE,cassandra3,2,1790193772437599,True,
143,2,MONOTONIC_WRITES,normal,netem delay 25ms 25ms,ONE,cassandra2,3,1790193772438599,True,
143,3,MONOTONIC_WRITES,normal,netem delay 25ms 25ms,ONE,cassandra2,4,1790193772439599,True,
143,4,MONOTONIC_WRITES,normal,netem delay 25ms 25ms,ONE,cassandra1,5,1790193772440599,True,
143,5,MONOTONIC_WRITES,normal,netem delay 25ms 25ms,ONE,cassandra1,6,1790193772441599,True,
144,1,MONOTONIC_WRITES,normal,netem delay 25ms 25ms,ONE,cassandra2,2,1790193773391410,True,
144,2,MONOTONIC_WRITES,normal,netem delay 25ms 25ms,ONE,cassandra1,3,1790193773392410,True,
144,3,MONOTONIC_WRITES,normal,netem delay 25ms 25ms,ONE,cassandra1,4,1790193773393410,True,
144,4,MONOTONIC_WRITES,normal,netem delay 25ms 25ms,ONE,cassandra2,5,1790193773394410,True,
144,5,MONOTONIC_WRITES,normal,netem delay 25ms 25ms,ONE,cassandra2,6,1790193773395410,True,
145,1,MONOTONIC_WRITES,normal,netem delay 25ms 25ms,ONE,cassandra3,2,1790193774381242,True,
145,2,MONOTONIC_WRITES,normal,netem delay 25ms 25ms,ONE,cassandra1,3,1790193774382242,True,
145,3,MONOTONIC_WRITES,normal,netem delay 25ms 25ms,ONE,cassandra2,4,1790193774383242,True,
145,4,MONOTONIC_WRITES,normal,netem delay 25ms 25ms,ONE,cassandra1,5,1790193774384242,True,
145,5,MONOTONIC_WRITES,normal,netem delay 25ms 25ms,ONE,cassandra2,6,1790193774385242,True,
146,1,MONOTONIC_WRITES,normal,netem delay 25ms 25ms,ONE,cassandra2,2,1790193775554507,True,
146,2,MONOTONIC_WRITES,normal,netem delay 25ms 25ms,ONE,cassandra1,3,1790193775555507,True,
146,3,MONOTONIC_WRITES,normal,netem delay 25ms 25ms,ONE,cassandra1,4,1790193775556507,True,
146,4,MONOTONIC_WRITES,normal,netem delay 25ms 25ms,ONE,cassandra3,5,1790193775557507,True,
146,5,MONOTONIC_WRITES,normal,netem delay 25ms 25ms,ONE,cassandra2,6,1790193775558507,True,
147,1,MONOTONIC_WRITES,normal,netem delay 25ms 25ms,ONE,cassandra3,2,1790193776645663,True,
147,2,MONOTONIC_WRITES,normal,netem delay 25ms 25ms,ONE,cassandra1,3,1790193776646663,True,
147,3,MONOTONIC_WRITES,normal,netem delay 25ms 25ms,ONE,cassandra1,4,1790193776647663,True,
147,4,MONOTONIC_WRITES,normal,netem delay 25ms 25ms,ONE,cassandra1,5,1790193776648663,True,
147,5,MONOTONIC_WRITES,normal,netem delay 25ms 25ms,ONE,cassandra1,6,1790193776649663,True,
148,1,MONOTONIC_WRITES,normal,netem delay 25ms 25ms,ONE,cassandra2,2,1790193777923116,True,
148,2,MONOTONIC_WRITES,normal,netem delay 25ms 25ms,ONE,cassandra2,3,1790193777924116,True,
148,3,MONOTONIC_WRITES,normal,netem delay 25ms 25ms,ONE,cassandra1,4,1790193777925116,True,
148,4,MONOTONIC_WRITES,normal,netem delay 25ms 25ms,ONE,cassandra3,5,1790193777926116,True,
148,5,MONOTONIC_WRITES,normal,netem delay 25ms 25ms,ONE,cassandra3,6,1790193777927116,True,
149,1,MONOTONIC_WRITES,normal,netem delay 25ms 25ms,ONE,cassandra2,2,1790193778956733,True,
149,2,MONOTONIC_WRITES,normal,netem delay 25ms 25ms,ONE,cassandra3,3,1790193778957733,True,
149,3,MONOTONIC_WRITES,normal,netem delay 25ms 25ms,ONE,cassandra1,4,1790193778958733,True,
149,4,MONOTONIC_WRITES,normal,netem delay 25ms 25ms,ONE,cassandra2,5,1790193778959733,True,
149,5,MONOTONIC_WRITES,normal,netem delay 25ms 25ms,ONE,cassandra2,6,1790193778960733,True,
150,1,MONOTONIC_WRITES,normal,netem delay 25ms 25ms,ONE,cassandra1,2,1790193780072900,True,
150,2,MONOTONIC_WRITES,normal,netem delay 25ms 25ms,ONE,cassandra1,3,1790193780073900,True,
150,3,MONOTONIC_WRITES,normal,netem delay 25ms 25ms,ONE,cassandra1,4,1790193780074900,True,
150,4,MONOTONIC_WRITES,normal,netem delay 25ms 25ms,ONE,cassandra3,5,1790193780075900,True,
150,5,MONOTONIC_WRITES,normal,netem delay 25ms 25ms,ONE,cassandra3,6,1790193780076900,True,
151,1,MONOTONIC_WRITES,normal,netem delay 25ms 25ms,ONE,cassandra1,2,1790193780964876,True,
151,2,MONOTONIC_WRITES,normal,netem delay 25ms 25ms,ONE,cassandra3,3,1790193780965876,True,
151,3,MONOTONIC_WRITES,normal,netem delay 25ms 25ms,ONE,cassandra2,4,1790193780966876,True,
151,4,MONOTONIC_WRITES,normal,netem delay 25ms 25ms,ONE,cassandra2,5,1790193780967876,True,
151,5,MONOTONIC_WRITES,normal,netem delay 25ms 25ms,ONE,cassandra2,6,1790193780968876,True,
152,1,MONOTONIC_WRITES,normal,netem delay 25ms 25ms,ONE,cassandra3,2,1790193781995101,True,
152,2,MONOTONIC_WRITES,normal,netem delay 25ms 25ms,ONE,cassandra3,3,1790193781996101,True,
152,3,MONOTONIC_WRITES,normal,netem delay 25ms 25ms,ONE,cassandra3,4,1790193781997101,True,
152,4,MONOTONIC_WRITES,normal,netem delay 25ms 25ms,ONE,cassandra1,5,1790193781998101,True,
152,5,MONOTONIC_WRITES,normal,netem delay 25ms 25ms,ONE,cassandra3,6,1790193781999101,True,
153,1,MONOTONIC_WRITES,normal,netem delay 25ms 25ms,ONE,cassandra2,2,1790193782935772,True,
153,2,MONOTONIC_WRITES,normal,netem delay 25ms 25ms,ONE,cassandra2,3,1790193782936772,True,
153,3,MONOTONIC_WRITES,normal,netem delay 25ms 25ms,ONE,cassandra2,4,1790193782937772,True,
153,4,MONOTONIC_WRITES,normal,netem delay 25ms 25ms,ONE,cassandra2,5,1790193782938772,True,
153,5,MONOTONIC_WRITES,normal,netem delay 25ms 25ms,ONE,cassandra2,6,1790193782939772,True,
154,1,MONOTONIC_WRITES,normal,netem delay 25ms 25ms,ONE,cassandra2,2,1790193783897988,True,
154,2,MONOTONIC_WRITES,normal,netem delay 25ms 25ms,ONE,cassandra3,3,1790193783898988,True,
154,3,MONOTONIC_WRITES,normal,netem delay 25ms 25ms,ONE,cassandra1,4,1790193783899988,True,
154,4,MONOTONIC_WRITES,normal,netem delay 25ms 25ms,ONE,cassandra1,5,1790193783900988,True,
154,5,MONOTONIC_WRITES,normal,netem delay 25ms 25ms,ONE,cassandra2,6,1790193783901988,True,
155,1,MONOTONIC_WRITES,normal,netem delay 25ms 25ms,ONE,cassandra1,2,1790193784872947,True,
155,2,MONOTONIC_WRITES,normal,netem delay 25ms 25ms,ONE,cassandra1,3,1790193784873947,True,
155,3,MONOTONIC_WRITES,normal,netem delay 25ms 25ms,ONE,cassandra2,4,1790193784874947,True,
155,4,MONOTONIC_WRITES,normal,netem delay 25ms 25ms,ONE,cassandra3,5,1790193784875947,True,
155,5,MONOTONIC_WRITES,normal,netem delay 25ms 25ms,ONE,cassandra2,6,1790193784876947,True,
156,1,MONOTONIC_WRITES,normal,netem delay 25ms 25ms,ONE,cassandra1,2,1790193785800276,True,
156,2,MONOTONIC_WRITES,normal,netem delay 25ms 25ms,ONE,cassandra3,3,1790193785801276,True,
156,3,MONOTONIC_WRITES,normal,netem delay 25ms 25ms,ONE,cassandra3,4,1790193785802276,True,
156,4,MONOTONIC_WRITES,normal,netem delay 25ms 25ms,ONE,cassandra3,5,1790193785803276,True,
156,5,MONOTONIC_WRITES,normal,netem delay 25ms 25ms,ONE,cassandra2,6,1790193785804276,True,
157,1,MONOTONIC_WRITES,normal,netem delay 25ms 25ms,ONE,cassandra2,2,1790193786652660,True,
157,2,MONOTONIC_WRITES,normal,netem delay 25ms 25ms,ONE,cassandra2,3,1790193786653660,True,
157,3,MONOTONIC_WRITES,normal,netem delay 25ms 25ms,ONE,cassandra1,4,1790193786654660,True,
157,4,MONOTONIC_WRITES,normal,netem delay 25ms 25ms,ONE,cassandra2,5,1790193786655660,True,
157,5,MONOTONIC_WRITES,normal,netem delay 25ms 25ms,ONE,cassandra3,6,1790193786656660,True,
158,1,MONOTONIC_WRITES,normal,netem delay 25ms 25ms,ONE,cassandra3,2,1790193787692110,True,
158,2,MONOTONIC_WRITES,normal,netem delay 25ms 25ms,ONE,cassandra1,3,1790193787693110,True,
158,3,MONOTONIC_WRITES,normal,netem delay 25ms 25ms,ONE,cassandra3,4,1790193787694110,True,
158,4,MONOTONIC_WRITES,normal,netem delay 25ms 25ms,ONE,cassandra1,5,1790193787695110,True,
158,5,MONOTONIC_WRITES,normal,netem delay 25ms 25ms,ONE,cassandra3,6,1790193787696110,True,
159,1,MONOTONIC_WRITES,normal,netem delay 25ms 25ms,ONE,cassandra2,2,1790193788606873,True,
159,2,MONOTONIC_WRITES,normal,netem delay 25ms 25ms,ONE,cassandra3,3,1790193788607873,True,
159,3,MONOTONIC_WRITES,normal,netem delay 25ms 25ms,ONE,cassandra1,4,1790193788608873,True,
159,4,MONOTONIC_WRITES,normal,netem delay 25ms 25ms,ONE,cassandra2,5,1790193788609873,True,
159,5,MONOTONIC_WRITES,normal,netem delay 25ms 25ms,ONE,cassandra2,6,1790193788610873,True,
160,1,MONOTONIC_WRITES,normal,netem delay 25ms 25ms,ONE,cassandra3,2,1790193789660909,True,
160,2,MONOTONIC_WRITES,normal,netem delay 25ms 25ms,ONE,cassandra2,3,1790193789661909,True,
160,3,MONOTONIC_WRITES,normal,netem delay 25ms 25ms,ONE,cassandra2,4,1790193789662909,True,
160,4,MONOTONIC_WRITES,normal,netem delay 25ms 25ms,ONE,cassandra1,5,1790193789663909,True,
160,5,MONOTONIC_WRITES,normal,netem delay 25ms 25ms,ONE,cassandra3,6,1790193789664909,True,
161,1,MONOTONIC_WRITES,normal,netem delay 25ms 25ms,ONE,cassandra3,2,1790193790528439,True,
161,2,MONOTONIC_WRITES,normal,netem delay 25ms 25ms,ONE,cassandra1,3,1790193790529439,True,
161,3,MONOTONIC_WRITES,normal,netem delay 25ms 25ms,ONE,cassandra1,4,1790193790530439,True,
161,4,MONOTONIC_WRITES,normal,netem delay 25ms 25ms,ONE,cassandra3,5,1790193790531439,True,
161,5,MONOTONIC_WRITES,normal,netem delay 25ms 25ms,ONE,cassandra3,6,1790193790532439,True,
162,1,MONOTONIC_WRITES,normal,netem delay 25ms 25ms,ONE,cassandra3,2,1790193791550929,True,
162,2,MONOTONIC_WRITES,normal,netem delay 25ms 25ms,ONE,cassandra2,3,1790193791551929,True,
162,3,MONOTONIC_WRITES,normal,netem delay 25ms 25ms,ONE,cassandra1,4,1790193791552929,True,
162,4,MONOTONIC_WRITES,normal,netem delay 25ms 25ms,ONE,cassandra3,5,1790193791553929,True,
162,5,MONOTONIC_WRITES,normal,netem delay 25ms 25ms,ONE,cassandra2,6,1790193791554929,True,
163,1,MONOTONIC_WRITES,normal,netem delay 25ms 25ms,ONE,cassandra1,2,1790193792587071,True,
163,2,MONOTONIC_WRITES,normal,netem delay 25ms 25ms,ONE,cassandra3,3,1790193792588071,True,
163,3,MONOTONIC_WRITES,normal,netem delay 25ms 25ms,ONE,cassandra3,4,1790193792589071,True,
163,4,MONOTONIC_WRITES,normal,netem delay 25ms 25ms,ONE,cassandra3,5,1790193792590071,True,
163,5,MONOTONIC_WRITES,normal,netem delay 25ms 25ms,ONE,cassandra1,6,1790193792591071,True,
164,1,MONOTONIC_WRITES,normal,netem delay 25ms 25ms,ONE,cassandra2,2,1790193793505074,True,
164,2,MONOTONIC_WRITES,normal,netem delay 25ms 25ms,ONE,cassandra2,3,1790193793506074,True,
164,3,MONOTONIC_WRITES,normal,netem delay 25ms 25ms,ONE,cassandra1,4,1790193793507074,True,
164,4,MONOTONIC_WRITES,normal,netem delay 25ms 25ms,ONE,cassandra2,5,1790193793508074,True,
164,5,MONOTONIC_WRITES,normal,netem delay 25ms 25ms,ONE,cassandra1,6,1790193793509074,True,
165,1,MONOTONIC_WRITES,normal,netem delay 25ms 25ms,ONE,cassandra2,2,1790193794401229,True,
165,2,MONOTONIC_WRITES,normal,netem delay 25ms 25ms,ONE,cassandra2,3,1790193794402229,True,
165,3,MONOTONIC_WRITES,normal,netem delay 25ms 25ms,ONE,cassandra1,4,1790193794403229,True,
165,4,MONOTONIC_WRITES,normal,netem delay 25ms 25ms,ONE,cassandra1,5,1790193794404229,True,
165,5,MONOTONIC_WRITES,normal,netem delay 25ms 25ms,ONE,cassandra1,6,1790193794405229,True,
166,1,MONOTONIC_WRITES,normal,netem delay 25ms 25ms,ONE,cassandra2,2,1790193795350559,True,
166,2,MONOTONIC_WRITES,normal,netem delay 25ms 25ms,ONE,cassandra3,3,1790193795351559,True,
166,3,MONOTONIC_WRITES,normal,netem delay 25ms 25ms,ONE,cassandra2,4,1790193795352559,True,
166,4,MONOTONIC_WRITES,normal,netem delay 25ms 25ms,ONE,cassandra1,5,1790193795353559,True,
166,5,MONOTONIC_WRITES,normal,netem delay 25ms 25ms,ONE,cassandra2,6,1790193795354559,True,
167,1,MONOTONIC_WRITES,normal,netem delay 25ms 25ms,ONE,cassandra3,2,1790193796400988,True,
167,2,MONOTONIC_WRITES,normal,netem delay 25ms 25ms,ONE,cassandra1,3,1790193796401988,True,
167,3,MONOTONIC_WRITES,normal,netem delay 25ms 25ms,ONE,cassandra3,4,1790193796402988,True,
167,4,MONOTONIC_WRITES,normal,netem delay 25ms 25ms,ONE,cassandra3,5,1790193796403988,True,
167,5,MONOTONIC_WRITES,normal,netem delay 25ms 25ms,ONE,cassandra1,6,1790193796404988,True,
168,1,MONOTONIC_WRITES,normal,netem delay 25ms 25ms,ONE,cassandra2,2,1790193797423043,True,
168,2,MONOTONIC_WRITES,normal,netem delay 25ms 25ms,ONE,cassandra1,3,1790193797424043,True,
168,3,MONOTONIC_WRITES,normal,netem delay 25ms 25ms,ONE,cassandra3,4,1790193797425043,True,
168,4,MONOTONIC_WRITES,normal,netem delay 25ms 25ms,ONE,cassandra1,5,1790193797426043,True,
168,5,MONOTONIC_WRITES,normal,netem delay 25ms 25ms,ONE,cassandra2,6,1790193797427043,True,
169,1,MONOTONIC_WRITES,normal,netem delay 25ms 25ms,ONE,cassandra3,2,1790193798405069,True,
169,2,MONOTONIC_WRITES,normal,netem delay 25ms 25ms,ONE,cassandra1,3,1790193798406069,True,
169,3,MONOTONIC_WRITES,normal,netem delay 25ms 25ms,ONE,cassandra3,4,1790193798407069,True,
169,4,MONOTONIC_WRITES,normal,netem delay 25ms 25ms,ONE,cassandra2,5,1790193798408069,True,
169,5,MONOTONIC_WRITES,normal,netem delay 25ms 25ms,ONE,cassandra1,6,1790193798409069,True,
170,1,MONOTONIC_WRITES,normal,netem delay 25ms 25ms,ONE,cassandra2,2,1790193799440690,True,
170,2,MONOTONIC_WRITES,normal,netem delay 25ms 25ms,ONE,cassandra2,3,1790193799441690,True,
170,3,MONOTONIC_WRITES,normal,netem delay 25ms 25ms,ONE,cassandra2,4,1790193799442690,True,
170,4,MONOTONIC_WRITES,normal,netem delay 25ms 25ms,ONE,cassandra1,5,1790193799443690,True,
170,5,MONOTONIC_WRITES,normal,netem delay 25ms 25ms,ONE,cassandra1,6,1790193799444690,True,
171,1,MONOTONIC_WRITES,normal,netem delay 25ms 25ms,ONE,cassandra3,2,1790193800414213,True,
171,2,MONOTONIC_WRITES,normal,netem delay 25ms 25ms,ONE,cassandra2,3,1790193800415213,True,
171,3,MONOTONIC_WRITES,normal,netem delay 25ms 25ms,ONE,cassandra1,4,1790193800416213,True,
171,4,MONOTONIC_WRITES,normal,netem delay 25ms 25ms,ONE,cassandra1,5,1790193800417213,True,
171,5,MONOTONIC_WRITES,normal,netem delay 25ms 25ms,ONE,cassandra3,6,1790193800418213,True,
172,1,MONOTONIC_WRITES,normal,netem delay 25ms 25ms,ONE,cassandra1,2,1790193801217823,True,
172,2,MONOTONIC_WRITES,normal,netem delay 25ms 25ms,ONE,cassandra1,3,1790193801218823,True,
172,3,MONOTONIC_WRITES,normal,netem delay 25ms 25ms,ONE,cassandra3,4,1790193801219823,True,
172,4,MONOTONIC_WRITES,normal,netem delay 25ms 25ms,ONE,cassandra3,5,1790193801220823,True,
172,5,MONOTONIC_WRITES,normal,netem delay 25ms 25ms,ONE,cassandra2,6,1790193801221823,True,
173,1,MONOTONIC_WRITES,normal,netem delay 25ms 25ms,ONE,cassandra3,2,1790193802011359,True,
173,2,MONOTONIC_WRITES,normal,netem delay 25ms 25ms,ONE,cassandra3,3,1790193802012359,True,
173,3,MONOTONIC_WRITES,normal,netem delay 25ms 25ms,ONE,cassandra2,4,1790193802013359,True,
173,4,MONOTONIC_WRITES,normal,netem delay 25ms 25ms,ONE,cassandra3,5,1790193802014359,True,
173,5,MONOTONIC_WRITES,normal,netem delay 25ms 25ms,ONE,cassandra3,6,1790193802015359,True,
174,1,MONOTONIC_WRITES,normal,netem delay 25ms 25ms,ONE,cassandra1,2,1790193803178241,True,
174,2,MONOTONIC_WRITES,normal,netem delay 25ms 25ms,ONE,cassandra1,3,1790193803179241,True,
174,3,MONOTONIC_WRITES,normal,netem delay 25ms 25ms,ONE,cassandra2,4,1790193803180241,True,
174,4,MONOTONIC_WRITES,normal,netem delay 25ms 25ms,ONE,cassandra3,5,1790193803181241,True,
174,5,MONOTONIC_WRITES,normal,netem delay 25ms 25ms,ONE,cassandra3,6,1790193803182241,True,
175,1,MONOTONIC_WRITES,normal,netem delay 25ms 25ms,ONE,cassandra2,2,1790193804273113,True,
175,2,MONOTONIC_WRITES,normal,netem delay 25ms 25ms,ONE,cassandra1,3,1790193804274113,True,
175,3,MONOTONIC_WRITES,normal,netem delay 25ms 25ms,ONE,cassandra1,4,1790193804275113,True,
175,4,MONOTONIC_WRITES,normal,netem delay 25ms 25ms,ONE,cassandra1,5,1790193804276113,True,
175,5,MONOTONIC_WRITES,normal,netem delay 25ms 25ms,ONE,cassandra3,6,1790193804277113,True,
176,1,MONOTONIC_WRITES,normal,netem delay 25ms 25ms,ONE,cassandra2,2,1790193805325577,True,
176,2,MONOTONIC_WRITES,normal,netem delay 25ms 25ms,ONE,cassandra2,3,1790193805326577,True,
176,3,MONOTONIC_WRITES,normal,netem delay 25ms 25ms,ONE,cassandra3,4,1790193805327577,True,
176,4,MONOTONIC_WRITES,normal,netem delay 25ms 25ms,ONE,cassandra3,5,1790193805328577,True,
176,5,MONOTONIC_WRITES,normal,netem delay 25ms 25ms,ONE,cassandra3,6,1790193805329577,True,
177,1,MONOTONIC_WRITES,normal,netem delay 25ms 25ms,ONE,cassandra2,2,1790193806443281,True,
177,2,MONOTONIC_WRITES,normal,netem delay 25ms 25ms,ONE,cassandra1,3,1790193806444281,True,
177,3,MONOTONIC_WRITES,normal,netem delay 25ms 25ms,ONE,cassandra1,4,1790193806445281,True,
177,4,MONOTONIC_WRITES,normal,netem delay 25ms 25ms,ONE,cassandra1,5,1790193806446281,True,
177,5,MONOTONIC_WRITES,normal,netem delay 25ms 25ms,ONE,cassandra3,6,1790193806447281,True,
178,1,MONOTONIC_WRITES,normal,netem delay 25ms 25ms,ONE,cassandra1,2,1790193807406584,True,
178,2,MONOTONIC_WRITES,normal,netem delay 25ms 25ms,ONE,cassandra2,3,1790193807407584,True,
178,3,MONOTONIC_WRITES,normal,netem delay 25ms 25ms,ONE,cassandra2,4,1790193807408584,True,
178,4,MONOTONIC_WRITES,normal,netem delay 25ms 25ms,ONE,cassandra2,5,1790193807409584,True,
178,5,MONOTONIC_WRITES,normal,netem delay 25ms 25ms,ONE,cassandra2,6,1790193807410584,True,
179,1,MONOTONIC_WRITES,normal,netem delay 25ms 25ms,ONE,cassandra3,2,1790193808388664,True,
179,2,MONOTONIC_WRITES,normal,netem delay 25ms 25ms,ONE,cassandra2,3,1790193808389664,True,
179,3,MONOTONIC_WRITES,normal,netem delay 25ms 25ms,ONE,cassandra3,4,1790193808390664,True,
179,4,MONOTONIC_WRITES,normal,netem delay 25ms 25ms,ONE,cassandra2,5,1790193808391664,True,
179,5,MONOTONIC_WRITES,normal,netem delay 25ms 25ms,ONE,cassandra1,6,1790193808392664,True,
180,1,MONOTONIC_WRITES,normal,netem delay 25ms 25ms,ONE,cassandra3,2,1790193809307697,True,
180,2,MONOTONIC_WRITES,normal,netem delay 25ms 25ms,ONE,cassandra1,3,1790193809308697,True,
180,3,MONOTONIC_WRITES,normal,netem delay 25ms 25ms,ONE,cassandra2,4,1790193809309697,True,
180,4,MONOTONIC_WRITES,normal,netem delay 25ms 25ms,ONE,cassandra1,5,1790193809310697,True,
180,5,MONOTONIC_WRITES,normal,netem delay 25ms 25ms,ONE,cassandra3,6,1790193809311697,True,
181,1,MONOTONIC_WRITES,normal,netem delay 25ms 25ms,ONE,cassandra3,2,1790193810344912,True,
181,2,MONOTONIC_WRITES,normal,netem delay 25ms 25ms,ONE,cassandra2,3,1790193810345912,True,
181,3,MONOTONIC_WRITES,normal,netem delay 25ms 25ms,ONE,cassandra1,4,1790193810346912,True,
181,4,MONOTONIC_WRITES,normal,netem delay 25ms 25ms,ONE,cassandra2,5,1790193810347912,True,
181,5,MONOTONIC_WRITES,normal,netem delay 25ms 25ms,ONE,cassandra1,6,1790193810348912,True,
182,1,MONOTONIC_WRITES,normal,netem delay 25ms 25ms,ONE,cassandra3,2,1790193811486550,True,
182,2,MONOTONIC_WRITES,normal,netem delay 25ms 25ms,ONE,cassandra3,3,1790193811487550,True,
182,3,MONOTONIC_WRITES,normal,netem delay 25ms 25ms,ONE,cassandra3,4,1790193811488550,True,
182,4,MONOTONIC_WRITES,normal,netem delay 25ms 25ms,ONE,cassandra1,5,1790193811489550,True,
182,5,MONOTONIC_WRITES,normal,netem delay 25ms 25ms,ONE,cassandra2,6,1790193811490550,True,
183,1,MONOTONIC_WRITES,normal,netem delay 25ms 25ms,ONE,cassandra3,2,1790193812571479,True,
183,2,MONOTONIC_WRITES,normal,netem delay 25ms 25ms,ONE,cassandra1,3,1790193812572479,True,
183,3,MONOTONIC_WRITES,normal,netem delay 25ms 25ms,ONE,cassandra3,4,1790193812573479,True,
183,4,MONOTONIC_WRITES,normal,netem delay 25ms 25ms,ONE,cassandra2,5,1790193812574479,True,
183,5,MONOTONIC_WRITES,normal,netem delay 25ms 25ms,ONE,cassandra3,6,1790193812575479,True,
184,1,MONOTONIC_WRITES,normal,netem delay 25ms 25ms,ONE,cassandra3,2,1790193813442501,True,
184,2,MONOTONIC_WRITES,normal,netem delay 25ms 25ms,ONE,cassandra1,3,1790193813443501,True,
184,3,MONOTONIC_WRITES,normal,netem delay 25ms 25ms,ONE,cassandra2,4,1790193813444501,True,
184,4,MONOTONIC_WRITES,normal,netem delay 25ms 25ms,ONE,cassandra1,5,1790193813445501,True,
184,5,MONOTONIC_WRITES,normal,netem delay 25ms 25ms,ONE,cassandra2,6,1790193813446501,True,
185,1,MONOTONIC_WRITES,normal,netem delay 25ms 25ms,ONE,cassandra2,2,1790193814438092,True,
185,2,MONOTONIC_WRITES,normal,netem delay 25ms 25ms,ONE,cassandra1,3,1790193814439092,True,
185,3,MONOTONIC_WRITES,normal,netem delay 25ms 25ms,ONE,cassandra1,4,1790193814440092,True,
185,4,MONOTONIC_WRITES,normal,netem delay 25ms 25ms,ONE,cassandra1,5,1790193814441092,True,
185,5,MONOTONIC_WRITES,normal,netem delay 25ms 25ms,ONE,cassandra2,6,1790193814442092,True,
186,1,MONOTONIC_WRITES,normal,netem delay 25ms 25ms,ONE,cassandra2,2,1790193815391217,True,
186,2,MONOTONIC_WRITES,normal,netem delay 25ms 25ms,ONE,cassandra3,3,1790193815392217,True,
186,3,MONOTONIC_WRITES,normal,netem delay 25ms 25ms,ONE,cassandra3,4,1790193815393217,True,
186,4,MONOTONIC_WRITES,normal,netem delay 25ms 25ms,ONE,cassandra2,5,1790193815394217,True,
186,5,MONOTONIC_WRITES,normal,netem delay 25ms 25ms,ONE,cassandra1,6,1790193815395217,True,
187,1,MONOTONIC_WRITES,normal,netem delay 25ms 25ms,ONE,cassandra1,2,1790193816298790,True,
187,2,MONOTONIC_WRITES,normal,netem delay 25ms 25ms,ONE,cassandra2,3,1790193816299790,True,
187,3,MONOTONIC_WRITES,normal,netem delay 25ms 25ms,ONE,cassandra2,4,1790193816300790,True,
187,4,MONOTONIC_WRITES,normal,netem delay 25ms 25ms,ONE,cassandra2,5,1790193816301790,True,
187,5,MONOTONIC_WRITES,normal,netem delay 25ms 25ms,ONE,cassandra2,6,1790193816302790,True,
188,1,MONOTONIC_WRITES,normal,netem delay 25ms 25ms,ONE,cassandra1,2,1790193817177259,True,
188,2,MONOTONIC_WRITES,normal,netem delay 25ms 25ms,ONE,cassandra1,3,1790193817178259,True,
188,3,MONOTONIC_WRITES,normal,netem delay 25ms 25ms,ONE,cassandra3,4,1790193817179259,True,
188,4,MONOTONIC_WRITES,normal,netem delay 25ms 25ms,ONE,cassandra3,5,1790193817180259,True,
188,5,MONOTONIC_WRITES,normal,netem delay 25ms 25ms,ONE,cassandra3,6,1790193817181259,True,
189,1,MONOTONIC_WRITES,normal,netem delay 25ms 25ms,ONE,cassandra1,2,1790193818181339,True,
189,2,MONOTONIC_WRITES,normal,netem delay 25ms 25ms,ONE,cassandra3,3,1790193818182339,True,
189,3,MONOTONIC_WRITES,normal,netem delay 25ms 25ms,ONE,cassandra1,4,1790193818183339,True,
189,4,MONOTONIC_WRITES,normal,netem delay 25ms 25ms,ONE,cassandra2,5,1790193818184339,True,
189,5,MONOTONIC_WRITES,normal,netem delay 25ms 25ms,ONE,cassandra2,6,1790193818185339,True,
190,1,MONOTONIC_WRITES,normal,netem delay 25ms 25ms,ONE,cassandra1,2,1790193819160457,True,
190,2,MONOTONIC_WRITES,normal,netem delay 25ms 25ms,ONE,cassandra3,3,1790193819161457,True,
190,3,MONOTONIC_WRITES,normal,netem delay 25ms 25ms,ONE,cassandra1,4,1790193819162457,True,
190,4,MONOTONIC_WRITES,normal,netem delay 25ms 25ms,ONE,cassandra2,5,1790193819163457,True,
190,5,MONOTONIC_WRITES,normal,netem delay 25ms 25ms,ONE,cassandra3,6,1790193819164457,True,
191,1,MONOTONIC_WRITES,normal,netem delay 25ms 25ms,ONE,cassandra3,2,1790193820457493,True,
191,2,MONOTONIC_WRITES,normal,netem delay 25ms 25ms,ONE,cassandra2,3,1790193820458493,True,
191,3,MONOTONIC_WRITES,normal,netem delay 25ms 25ms,ONE,cassandra2,4,1790193820459493,True,
191,4,MONOTONIC_WRITES,normal,netem delay 25ms 25ms,ONE,cassandra1,5,1790193820460493,True,
191,5,MONOTONIC_WRITES,normal,netem delay 25ms 25ms,ONE,cassandra3,6,1790193820461493,True,
192,1,MONOTONIC_WRITES,normal,netem delay 25ms 25ms,ONE,cassandra1,2,1790193821455971,True,
192,2,MONOTONIC_WRITES,normal,netem delay 25ms 25ms,ONE,cassandra3,3,1790193821456971,True,
192,3,MONOTONIC_WRITES,normal,netem delay 25ms 25ms,ONE,cassandra2,4,1790193821457971,True,
192,4,MONOTONIC_WRITES,normal,netem delay 25ms 25ms,ONE,cassandra1,5,1790193821458971,True,
192,5,MONOTONIC_WRITES,normal,netem delay 25ms 25ms,ONE,cassandra3,6,1790193821459971,True,
193,1,MONOTONIC_WRITES,normal,netem delay 25ms 25ms,ONE,cassandra1,2,1790193822580913,True,
193,2,MONOTONIC_WRITES,normal,netem delay 25ms 25ms,ONE,cassandra3,3,1790193822581913,True,
193,3,MONOTONIC_WRITES,normal,netem delay 25ms 25ms,ONE,cassandra1,4,1790193822582913,True,
193,4,MONOTONIC_WRITES,normal,netem delay 25ms 25ms,ONE,cassandra3,5,1790193822583913,True,
193,5,MONOTONIC_WRITES,normal,netem delay 25ms 25ms,ONE,cassandra2,6,1790193822584913,True,
194,1,MONOTONIC_WRITES,normal,netem delay 25ms 25ms,ONE,cassandra2,2,1790193823886935,True,
194,2,MONOTONIC_WRITES,normal,netem delay 25ms 25ms,ONE,cassandra3,3,1790193823887935,True,
194,3,MONOTONIC_WRITES,normal,netem delay 25ms 25ms,ONE,cassandra1,4,1790193823888935,True,
194,4,MONOTONIC_WRITES,normal,netem delay 25ms 25ms,ONE,cassandra1,5,1790193823889935,True,
194,5,MONOTONIC_WRITES,normal,netem delay 25ms 25ms,ONE,cassandra3,6,1790193823890935,True,
195,1,MONOTONIC_WRITES,normal,netem delay 25ms 25ms,ONE,cassandra1,2,1790193825048051,True,
195,2,MONOTONIC_WRITES,normal,netem delay 25ms 25ms,ONE,cassandra2,3,1790193825049051,True,
195,3,MONOTONIC_WRITES,normal,netem delay 25ms 25ms,ONE,cassandra3,4,1790193825050051,True,
195,4,MONOTONIC_WRITES,normal,netem delay 25ms 25ms,ONE,cassandra2,5,1790193825051051,True,
195,5,MONOTONIC_WRITES,normal,netem delay 25ms 25ms,ONE,cassandra2,6,1790193825052051,True,
196,1,MONOTONIC_WRITES,normal,netem delay 25ms 25ms,ONE,cassandra2,2,1790193826083045,True,
196,2,MONOTONIC_WRITES,normal,netem delay 25ms 25ms,ONE,cassandra3,3,1790193826084045,True,
196,3,MONOTONIC_WRITES,normal,netem delay 25ms 25ms,ONE,cassandra2,4,1790193826085045,True,
196,4,MONOTONIC_WRITES,normal,netem delay 25ms 25ms,ONE,cassandra3,5,1790193826086045,True,
196,5,MONOTONIC_WRITES,normal,netem delay 25ms 25ms,ONE,cassandra3,6,1790193826087045,True,
197,1,MONOTONIC_WRITES,normal,netem delay 25ms 25ms,ONE,cassandra1,2,1790193827046666,True,
197,2,MONOTONIC_WRITES,normal,netem delay 25ms 25ms,ONE,cassandra1,3,1790193827047666,True,
197,3,MONOTONIC_WRITES,normal,netem delay 25ms 25ms,ONE,cassandra3,4,1790193827048666,True,
197,4,MONOTONIC_WRITES,normal,netem delay 25ms 25ms,ONE,cassandra2,5,1790193827049666,True,
197,5,MONOTONIC_WRITES,normal,netem delay 25ms 25ms,ONE,cassandra2,6,1790193827050666,True,
198,1,MONOTONIC_WRITES,normal,netem delay 25ms 25ms,ONE,cassandra3,2,1790193827937398,True,
198,2,MONOTONIC_WRITES,normal,netem delay 25ms 25ms,ONE,cassandra2,3,1790193827938398,True,
198,3,MONOTONIC_WRITES,normal,netem delay 25ms 25ms,ONE,cassandra3,4,1790193827939398,True,
198,4,MONOTONIC_WRITES,normal,netem delay 25ms 25ms,ONE,cassandra3,5,1790193827940398,True,
198,5,MONOTONIC_WRITES,normal,netem delay 25ms 25ms,ONE,cassandra3,6,1790193827941398,True,
199,1,MONOTONIC_WRITES,normal,netem delay 25ms 25ms,ONE,cassandra1,2,1790193828858856,True,
199,2,MONOTONIC_WRITES,normal,netem delay 25ms 25ms,ONE,cassandra2,3,1790193828859856,True,
199,3,MONOTONIC_WRITES,normal,netem delay 25ms 25ms,ONE,cassandra2,4,1790193828860856,True,
199,4,MONOTONIC_WRITES,normal,netem delay 25ms 25ms,ONE,cassandra1,5,1790193828861856,True,
199,5,MONOTONIC_WRITES,normal,netem delay 25ms 25ms,ONE,cassandra1,6,1790193828862856,True,
200,1,MONOTONIC_WRITES,normal,netem delay 25ms 25ms,ONE,cassandra2,2,1790193829880715,True,
200,2,MONOTONIC_WRITES,normal,netem delay 25ms 25ms,ONE,cassandra3,3,1790193829881715,True,
200,3,MONOTONIC_WRITES,normal,netem delay 25ms 25ms,ONE,cassandra1,4,1790193829882715,True,
200,4,MONOTONIC_WRITES,normal,netem delay 25ms 25ms,ONE,cassandra1,5,1790193829883715,True,
200,5,MONOTONIC_WRITES,normal,netem delay 25ms 25ms,ONE,cassandra2,6,1790193829884715,True,
1,1,MONOTONIC_WRITES,normal,netem delay 25ms 25ms,QUORUM,cassandra1,2,1790193830776272,True,
1,2,MONOTONIC_WRITES,normal,netem delay 25ms 25ms,QUORUM,cassandra2,3,1790193830777272,True,
1,3,MONOTONIC_WRITES,normal,netem delay 25ms 25ms,QUORUM,cassandra2,4,1790193830778272,True,
1,4,MONOTONIC_WRITES,normal,netem delay 25ms 25ms,QUORUM,cassandra2,5,1790193830779272,True,
1,5,MONOTONIC_WRITES,normal,netem delay 25ms 25ms,QUORUM,cassandra1,6,1790193830780272,True,
2,1,MONOTONIC_WRITES,normal,netem delay 25ms 25ms,QUORUM,cassandra3,2,1790193832017937,True,
2,2,MONOTONIC_WRITES,normal,netem delay 25ms 25ms,QUORUM,cassandra3,3,1790193832018937,True,
2,3,MONOTONIC_WRITES,normal,netem delay 25ms 25ms,QUORUM,cassandra2,4,1790193832019937,True,
2,4,MONOTONIC_WRITES,normal,netem delay 25ms 25ms,QUORUM,cassandra1,5,1790193832020937,True,
2,5,MONOTONIC_WRITES,normal,netem delay 25ms 25ms,QUORUM,cassandra3,6,1790193832021937,True,
3,1,MONOTONIC_WRITES,normal,netem delay 25ms 25ms,QUORUM,cassandra1,2,1790193833261440,True,
3,2,MONOTONIC_WRITES,normal,netem delay 25ms 25ms,QUORUM,cassandra1,3,1790193833262440,True,
3,3,MONOTONIC_WRITES,normal,netem delay 25ms 25ms,QUORUM,cassandra2,4,1790193833263440,True,
3,4,MONOTONIC_WRITES,normal,netem delay 25ms 25ms,QUORUM,cassandra1,5,1790193833264440,True,
3,5,MONOTONIC_WRITES,normal,netem delay 25ms 25ms,QUORUM,cassandra3,6,1790193833265440,True,
4,1,MONOTONIC_WRITES,normal,netem delay 25ms 25ms,QUORUM,cassandra2,2,1790193834406116,True,
4,2,MONOTONIC_WRITES,normal,netem delay 25ms 25ms,QUORUM,cassandra1,3,1790193834407116,True,
4,3,MONOTONIC_WRITES,normal,netem delay 25ms 25ms,QUORUM,cassandra2,4,1790193834408116,True,
4,4,MONOTONIC_WRITES,normal,netem delay 25ms 25ms,QUORUM,cassandra1,5,1790193834409116,True,
4,5,MONOTONIC_WRITES,normal,netem delay 25ms 25ms,QUORUM,cassandra1,6,1790193834410116,True,
5,1,MONOTONIC_WRITES,normal,netem delay 25ms 25ms,QUORUM,cassandra2,2,1790193835554135,True,
5,2,MONOTONIC_WRITES,normal,netem delay 25ms 25ms,QUORUM,cassandra3,3,1790193835555135,True,
5,3,MONOTONIC_WRITES,normal,netem delay 25ms 25ms,QUORUM,cassandra1,4,1790193835556135,True,
5,4,MONOTONIC_WRITES,normal,netem delay 25ms 25ms,QUORUM,cassandra1,5,1790193835557135,True,
5,5,MONOTONIC_WRITES,normal,netem delay 25ms 25ms,QUORUM,cassandra1,6,1790193835558135,True,
6,1,MONOTONIC_WRITES,normal,netem delay 25ms 25ms,QUORUM,cassandra2,2,1790193836766487,True,
6,2,MONOTONIC_WRITES,normal,netem delay 25ms 25ms,QUORUM,cassandra2,3,1790193836767487,True,
6,3,MONOTONIC_WRITES,normal,netem delay 25ms 25ms,QUORUM,cassandra2,4,1790193836768487,True,
6,4,MONOTONIC_WRITES,normal,netem delay 25ms 25ms,QUORUM,cassandra3,5,1790193836769487,True,
6,5,MONOTONIC_WRITES,normal,netem delay 25ms 25ms,QUORUM,cassandra3,6,1790193836770487,True,
7,1,MONOTONIC_WRITES,normal,netem delay 25ms 25ms,QUORUM,cassandra2,2,1790193838022528,True,
7,2,MONOTONIC_WRITES,normal,netem delay 25ms 25ms,QUORUM,cassandra2,3,1790193838023528,True,
7,3,MONOTONIC_WRITES,normal,netem delay 25ms 25ms,QUORUM,cassandra3,4,1790193838024528,True,
7,4,MONOTONIC_WRITES,normal,netem delay 25ms 25ms,QUORUM,cassandra1,5,1790193838025528,True,
7,5,MONOTONIC_WRITES,normal,netem delay 25ms 25ms,QUORUM,cassandra3,6,1790193838026528,True,
8,1,MONOTONIC_WRITES,normal,netem delay 25ms 25ms,QUORUM,cassandra1,2,1790193839421704,True,
8,2,MONOTONIC_WRITES,normal,netem delay 25ms 25ms,QUORUM,cassandra3,3,1790193839422704,True,
8,3,MONOTONIC_WRITES,normal,netem delay 25ms 25ms,QUORUM,cassandra1,4,1790193839423704,True,
8,4,MONOTONIC_WRITES,normal,netem delay 25ms 25ms,QUORUM,cassandra1,5,1790193839424704,True,
8,5,MONOTONIC_WRITES,normal,netem delay 25ms 25ms,QUORUM,cassandra1,6,1790193839425704,True,
9,1,MONOTONIC_WRITES,normal,netem delay 25ms 25ms,QUORUM,cassandra3,2,1790193841000220,True,
9,2,MONOTONIC_WRITES,normal,netem delay 25ms 25ms,QUORUM,cassandra2,3,1790193841001220,True,
9,3,MONOTONIC_WRITES,normal,netem delay 25ms 25ms,QUORUM,cassandra1,4,1790193841002220,True,
9,4,MONOTONIC_WRITES,normal,netem delay 25ms 25ms,QUORUM,cassandra3,5,1790193841003220,True,
9,5,MONOTONIC_WRITES,normal,netem delay 25ms 25ms,QUORUM,cassandra1,6,1790193841004220,True,
10,1,MONOTONIC_WRITES,normal,netem delay 25ms 25ms,QUORUM,cassandra1,2,1790193842126454,True,
10,2,MONOTONIC_WRITES,normal,netem delay 25ms 25ms,QUORUM,cassandra2,3,1790193842127454,True,
10,3,MONOTONIC_WRITES,normal,netem delay 25ms 25ms,QUORUM,cassandra2,4,1790193842128454,True,
10,4,MONOTONIC_WRITES,normal,netem delay 25ms 25ms,QUORUM,cassandra1,5,1790193842129454,True,
10,5,MONOTONIC_WRITES,normal,netem delay 25ms 25ms,QUORUM,cassandra2,6,1790193842130454,True,
11,1,MONOTONIC_WRITES,normal,netem delay 25ms 25ms,QUORUM,cassandra1,2,1790193843345441,True,
11,2,MONOTONIC_WRITES,normal,netem delay 25ms 25ms,QUORUM,cassandra3,3,1790193843346441,True,
11,3,MONOTONIC_WRITES,normal,netem delay 25ms 25ms,QUORUM,cassandra1,4,1790193843347441,True,
11,4,MONOTONIC_WRITES,normal,netem delay 25ms 25ms,QUORUM,cassandra2,5,1790193843348441,True,
11,5,MONOTONIC_WRITES,normal,netem delay 25ms 25ms,QUORUM,cassandra3,6,1790193843349441,True,
12,1,MONOTONIC_WRITES,normal,netem delay 25ms 25ms,QUORUM,cassandra2,2,1790193844651092,True,
12,2,MONOTONIC_WRITES,normal,netem delay 25ms 25ms,QUORUM,cassandra3,3,1790193844652092,True,
12,3,MONOTONIC_WRITES,normal,netem delay 25ms 25ms,QUORUM,cassandra3,4,1790193844653092,True,
12,4,MONOTONIC_WRITES,normal,netem delay 25ms 25ms,QUORUM,cassandra3,5,1790193844654092,True,
12,5,MONOTONIC_WRITES,normal,netem delay 25ms 25ms,QUORUM,cassandra3,6,1790193844655092,True,
13,1,MONOTONIC_WRITES,normal,netem delay 25ms 25ms,QUORUM,cassandra1,2,1790193845843548,True,
13,2,MONOTONIC_WRITES,normal,netem delay 25ms 25ms,QUORUM,cassandra2,3,1790193845844548,True,
13,3,MONOTONIC_WRITES,normal,netem delay 25ms 25ms,QUORUM,cassandra1,4,1790193845845548,True,
13,4,MONOTONIC_WRITES,normal,netem delay 25ms 25ms,QUORUM,cassandra3,5,1790193845846548,True,
13,5,MONOTONIC_WRITES,normal,netem delay 25ms 25ms,QUORUM,cassandra3,6,1790193845847548,True,
14,1,MONOTONIC_WRITES,normal,netem delay 25ms 25ms,QUORUM,cassandra2,2,1790193847017591,True,
14,2,MONOTONIC_WRITES,normal,netem delay 25ms 25ms,QUORUM,cassandra1,3,1790193847018591,True,
14,3,MONOTONIC_WRITES,normal,netem delay 25ms 25ms,QUORUM,cassandra1,4,1790193847019591,True,
14,4,MONOTONIC_WRITES,normal,netem delay 25ms 25ms,QUORUM,cassandra3,5,1790193847020591,True,
14,5,MONOTONIC_WRITES,normal,netem delay 25ms 25ms,QUORUM,cassandra1,6,1790193847021591,True,
15,1,MONOTONIC_WRITES,normal,netem delay 25ms 25ms,QUORUM,cassandra2,2,1790193848175710,True,
15,2,MONOTONIC_WRITES,normal,netem delay 25ms 25ms,QUORUM,cassandra1,3,1790193848176710,True,
15,3,MONOTONIC_WRITES,normal,netem delay 25ms 25ms,QUORUM,cassandra3,4,1790193848177710,True,
15,4,MONOTONIC_WRITES,normal,netem delay 25ms 25ms,QUORUM,cassandra3,5,1790193848178710,True,
15,5,MONOTONIC_WRITES,normal,netem delay 25ms 25ms,QUORUM,cassandra3,6,1790193848179710,True,
16,1,MONOTONIC_WRITES,normal,netem delay 25ms 25ms,QUORUM,cassandra1,2,1790193849491102,True,
16,2,MONOTONIC_WRITES,normal,netem delay 25ms 25ms,QUORUM,cassandra1,3,1790193849492102,True,
16,3,MONOTONIC_WRITES,normal,netem delay 25ms 25ms,QUORUM,cassandra3,4,1790193849493102,True,
16,4,MONOTONIC_WRITES,normal,netem delay 25ms 25ms,QUORUM,cassandra1,5,1790193849494102,True,
16,5,MONOTONIC_WRITES,normal,netem delay 25ms 25ms,QUORUM,cassandra3,6,1790193849495102,True,
17,1,MONOTONIC_WRITES,normal,netem delay 25ms 25ms,QUORUM,cassandra3,2,1790193850833461,True,
17,2,MONOTONIC_WRITES,normal,netem delay 25ms 25ms,QUORUM,cassandra3,3,1790193850834461,True,
17,3,MONOTONIC_WRITES,normal,netem delay 25ms 25ms,QUORUM,cassandra2,4,1790193850835461,True,
17,4,MONOTONIC_WRITES,normal,netem delay 25ms 25ms,QUORUM,cassandra3,5,1790193850836461,True,
17,5,MONOTONIC_WRITES,normal,netem delay 25ms 25ms,QUORUM,cassandra2,6,1790193850837461,True,
18,1,MONOTONIC_WRITES,normal,netem delay 25ms 25ms,QUORUM,cassandra3,2,1790193852084304,True,
18,2,MONOTONIC_WRITES,normal,netem delay 25ms 25ms,QUORUM,cassandra1,3,1790193852085304,True,
18,3,MONOTONIC_WRITES,normal,netem delay 25ms 25ms,QUORUM,cassandra1,4,1790193852086304,True,
18,4,MONOTONIC_WRITES,normal,netem delay 25ms 25ms,QUORUM,cassandra2,5,1790193852087304,True,
18,5,MONOTONIC_WRITES,normal,netem delay 25ms 25ms,QUORUM,cassandra3,6,1790193852088304,True,
19,1,MONOTONIC_WRITES,normal,netem delay 25ms 25ms,QUORUM,cassandra2,2,1790193853258099,True,
19,2,MONOTONIC_WRITES,normal,netem delay 25ms 25ms,QUORUM,cassandra3,3,1790193853259099,True,
19,3,MONOTONIC_WRITES,normal,netem delay 25ms 25ms,QUORUM,cassandra3,4,1790193853260099,True,
19,4,MONOTONIC_WRITES,normal,netem delay 25ms 25ms,QUORUM,cassandra2,5,1790193853261099,True,
19,5,MONOTONIC_WRITES,normal,netem delay 25ms 25ms,QUORUM,cassandra2,6,1790193853262099,True,
20,1,MONOTONIC_WRITES,normal,netem delay 25ms 25ms,QUORUM,cassandra2,2,1790193854661201,True,
20,2,MONOTONIC_WRITES,normal,netem delay 25ms 25ms,QUORUM,cassandra1,3,1790193854662201,True,
20,3,MONOTONIC_WRITES,normal,netem delay 25ms 25ms,QUORUM,cassandra3,4,1790193854663201,True,
20,4,MONOTONIC_WRITES,normal,netem delay 25ms 25ms,QUORUM,cassandra1,5,1790193854664201,True,
20,5,MONOTONIC_WRITES,normal,netem delay 25ms 25ms,QUORUM,cassandra3,6,1790193854665201,True,
21,1,MONOTONIC_WRITES,normal,netem delay 25ms 25ms,QUORUM,cassandra1,2,1790193856164710,True,
21,2,MONOTONIC_WRITES,normal,netem delay 25ms 25ms,QUORUM,cassandra3,3,1790193856165710,True,
21,3,MONOTONIC_WRITES,normal,netem delay 25ms 25ms,QUORUM,cassandra3,4,1790193856166710,True,
21,4,MONOTONIC_WRITES,normal,netem delay 25ms 25ms,QUORUM,cassandra2,5,1790193856167710,True,
21,5,MONOTONIC_WRITES,normal,netem delay 25ms 25ms,QUORUM,cassandra1,6,1790193856168710,True,
22,1,MONOTONIC_WRITES,normal,netem delay 25ms 25ms,QUORUM,cassandra2,2,1790193857690543,True,
22,2,MONOTONIC_WRITES,normal,netem delay 25ms 25ms,QUORUM,cassandra1,3,1790193857691543,True,
22,3,MONOTONIC_WRITES,normal,netem delay 25ms 25ms,QUORUM,cassandra1,4,1790193857692543,True,
22,4,MONOTONIC_WRITES,normal,netem delay 25ms 25ms,QUORUM,cassandra3,5,1790193857693543,True,
22,5,MONOTONIC_WRITES,normal,netem delay 25ms 25ms,QUORUM,cassandra3,6,1790193857694543,True,
23,1,MONOTONIC_WRITES,normal,netem delay 25ms 25ms,QUORUM,cassandra1,2,1790193858957079,True,
23,2,MONOTONIC_WRITES,normal,netem delay 25ms 25ms,QUORUM,cassandra3,3,1790193858958079,True,
23,3,MONOTONIC_WRITES,normal,netem delay 25ms 25ms,QUORUM,cassandra3,4,1790193858959079,True,
23,4,MONOTONIC_WRITES,normal,netem delay 25ms 25ms,QUORUM,cassandra1,5,1790193858960079,True,
23,5,MONOTONIC_WRITES,normal,netem delay 25ms 25ms,QUORUM,cassandra2,6,1790193858961079,True,
24,1,MONOTONIC_WRITES,normal,netem delay 25ms 25ms,QUORUM,cassandra1,2,1790193860211663,True,
24,2,MONOTONIC_WRITES,normal,netem delay 25ms 25ms,QUORUM,cassandra3,3,1790193860212663,True,
24,3,MONOTONIC_WRITES,normal,netem delay 25ms 25ms,QUORUM,cassandra2,4,1790193860213663,True,
24,4,MONOTONIC_WRITES,normal,netem delay 25ms 25ms,QUORUM,cassandra3,5,1790193860214663,True,
24,5,MONOTONIC_WRITES,normal,netem delay 25ms 25ms,QUORUM,cassandra2,6,1790193860215663,True,
25,1,MONOTONIC_WRITES,normal,netem delay 25ms 25ms,QUORUM,cassandra1,2,1790193861689831,True,
25,2,MONOTONIC_WRITES,normal,netem delay 25ms 25ms,QUORUM,cassandra2,3,1790193861690831,True,
25,3,MONOTONIC_WRITES,normal,netem delay 25ms 25ms,QUORUM,cassandra3,4,1790193861691831,True,
25,4,MONOTONIC_WRITES,normal,netem delay 25ms 25ms,QUORUM,cassandra2,5,1790193861692831,True,
25,5,MONOTONIC_WRITES,normal,netem delay 25ms 25ms,QUORUM,cassandra1,6,1790193861693831,True,
26,1,MONOTONIC_WRITES,normal,netem delay 25ms 25ms,QUORUM,cassandra2,2,1790193862868190,True,
26,2,MONOTONIC_WRITES,normal,netem delay 25ms 25ms,QUORUM,cassandra3,3,1790193862869190,True,
26,3,MONOTONIC_WRITES,normal,netem delay 25ms 25ms,QUORUM,cassandra3,4,1790193862870190,True,
26,4,MONOTONIC_WRITES,normal,netem delay 25ms 25ms,QUORUM,cassandra1,5,1790193862871190,True,
26,5,MONOTONIC_WRITES,normal,netem delay 25ms 25ms,QUORUM,cassandra3,6,1790193862872190,True,
27,1,MONOTONIC_WRITES,normal,netem delay 25ms 25ms,QUORUM,cassandra2,2,1790193864110086,True,
27,2,MONOTONIC_WRITES,normal,netem delay 25ms 25ms,QUORUM,cassandra2,3,1790193864111086,True,
27,3,MONOTONIC_WRITES,normal,netem delay 25ms 25ms,QUORUM,cassandra2,4,1790193864112086,True,
27,4,MONOTONIC_WRITES,normal,netem delay 25ms 25ms,QUORUM,cassandra2,5,1790193864113086,True,
27,5,MONOTONIC_WRITES,normal,netem delay 25ms 25ms,QUORUM,cassandra2,6,1790193864114086,True,
28,1,MONOTONIC_WRITES,normal,netem delay 25ms 25ms,QUORUM,cassandra1,2,1790193865363215,True,
28,2,MONOTONIC_WRITES,normal,netem delay 25ms 25ms,QUORUM,cassandra2,3,1790193865364215,True,
28,3,MONOTONIC_WRITES,normal,netem delay 25ms 25ms,QUORUM,cassandra2,4,1790193865365215,True,
28,4,MONOTONIC_WRITES,normal,netem delay 25ms 25ms,QUORUM,cassandra3,5,1790193865366215,True,
28,5,MONOTONIC_WRITES,normal,netem delay 25ms 25ms,QUORUM,cassandra1,6,1790193865367215,True,
29,1,MONOTONIC_WRITES,normal,netem delay 25ms 25ms,QUORUM,cassandra3,2,1790193866499474,True,
29,2,MONOTONIC_WRITES,normal,netem delay 25ms 25ms,QUORUM,cassandra2,3,1790193866500474,True,
29,3,MONOTONIC_WRITES,normal,netem delay 25ms 25ms,QUORUM,cassandra1,4,1790193866501474,True,
29,4,MONOTONIC_WRITES,normal,netem delay 25ms 25ms,QUORUM,cassandra2,5,1790193866502474,True,
29,5,MONOTONIC_WRITES,normal,netem delay 25ms 25ms,QUORUM,cassandra2,6,1790193866503474,True,
30,1,MONOTONIC_WRITES,normal,netem delay 25ms 25ms,QUORUM,cassandra1,2,1790193867667099,True,
30,2,MONOTONIC_WRITES,normal,netem delay 25ms 25ms,QUORUM,cassandra1,3,1790193867668099,True,
30,3,MONOTONIC_WRITES,normal,netem delay 25ms 25ms,QUORUM,cassandra1,4,1790193867669099,True,
30,4,MONOTONIC_WRITES,normal,netem delay 25ms 25ms,QUORUM,cassandra2,5,1790193867670099,True,
30,5,MONOTONIC_WRITES,normal,netem delay 25ms 25ms,QUORUM,cassandra1,6,1790193867671099,True,
31,1,MONOTONIC_WRITES,normal,netem delay 25ms 25ms,QUORUM,cassandra1,2,1790193869020863,True,
31,2,MONOTONIC_WRITES,normal,netem delay 25ms 25ms,QUORUM,cassandra3,3,1790193869021863,True,
31,3,MONOTONIC_WRITES,normal,netem delay 25ms 25ms,QUORUM,cassandra2,4,1790193869022863,True,
31,4,MONOTONIC_WRITES,normal,netem delay 25ms 25ms,QUORUM,cassandra3,5,1790193869023863,True,
31,5,MONOTONIC_WRITES,normal,netem delay 25ms 25ms,QUORUM,cassandra3,6,1790193869024863,True,
32,1,MONOTONIC_WRITES,normal,netem delay 25ms 25ms,QUORUM,cassandra2,2,1790193870176766,True,
32,2,MONOTONIC_WRITES,normal,netem delay 25ms 25ms,QUORUM,cassandra3,3,1790193870177766,True,
32,3,MONOTONIC_WRITES,normal,netem delay 25ms 25ms,QUORUM,cassandra3,4,1790193870178766,True,
32,4,MONOTONIC_WRITES,normal,netem delay 25ms 25ms,QUORUM,cassandra3,5,1790193870179766,True,
32,5,MONOTONIC_WRITES,normal,netem delay 25ms 25ms,QUORUM,cassandra3,6,1790193870180766,True,
33,1,MONOTONIC_WRITES,normal,netem delay 25ms 25ms,QUORUM,cassandra2,2,1790193871365687,True,
33,2,MONOTONIC_WRITES,normal,netem delay 25ms 25ms,QUORUM,cassandra2,3,1790193871366687,True,
33,3,MONOTONIC_WRITES,normal,netem delay 25ms 25ms,QUORUM,cassandra3,4,1790193871367687,True,
33,4,MONOTONIC_WRITES,normal,netem delay 25ms 25ms,QUORUM,cassandra1,5,1790193871368687,True,
33,5,MONOTONIC_WRITES,normal,netem delay 25ms 25ms,QUORUM,cassandra2,6,1790193871369687,True,
34,1,MONOTONIC_WRITES,normal,netem delay 25ms 25ms,QUORUM,cassandra3,2,1790193872617478,True,
34,2,MONOTONIC_WRITES,normal,netem delay 25ms 25ms,QUORUM,cassandra1,3,1790193872618478,True,
34,3,MONOTONIC_WRITES,normal,netem delay 25ms 25ms,QUORUM,cassandra1,4,1790193872619478,True,
34,4,MONOTONIC_WRITES,normal,netem delay 25ms 25ms,QUORUM,cassandra2,5,1790193872620478,True,
34,5,MONOTONIC_WRITES,normal,netem delay 25ms 25ms,QUORUM,cassandra2,6,1790193872621478,True,
35,1,MONOTONIC_WRITES,normal,netem delay 25ms 25ms,QUORUM,cassandra1,2,1790193873666334,True,
35,2,MONOTONIC_WRITES,normal,netem delay 25ms 25ms,QUORUM,cassandra2,3,1790193873667334,True,
35,3,MONOTONIC_WRITES,normal,netem delay 25ms 25ms,QUORUM,cassandra2,4,1790193873668334,True,
35,4,MONOTONIC_WRITES,normal,netem delay 25ms 25ms,QUORUM,cassandra2,5,1790193873669334,True,
35,5,MONOTONIC_WRITES,normal,netem delay 25ms 25ms,QUORUM,cassandra3,6,1790193873670334,True,
36,1,MONOTONIC_WRITES,normal,netem delay 25ms 25ms,QUORUM,cassandra2,2,1790193874914483,True,
36,2,MONOTONIC_WRITES,normal,netem delay 25ms 25ms,QUORUM,cassandra1,3,1790193874915483,True,
36,3,MONOTONIC_WRITES,normal,netem delay 25ms 25ms,QUORUM,cassandra1,4,1790193874916483,True,
36,4,MONOTONIC_WRITES,normal,netem delay 25ms 25ms,QUORUM,cassandra2,5,1790193874917483,True,
36,5,MONOTONIC_WRITES,normal,netem delay 25ms 25ms,QUORUM,cassandra3,6,1790193874918483,True,
37,1,MONOTONIC_WRITES,normal,netem delay 25ms 25ms,QUORUM,cassandra2,2,1790193876015700,True,
37,2,MONOTONIC_WRITES,normal,netem delay 25ms 25ms,QUORUM,cassandra2,3,1790193876016700,True,
37,3,MONOTONIC_WRITES,normal,netem delay 25ms 25ms,QUORUM,cassandra3,4,1790193876017700,True,
37,4,MONOTONIC_WRITES,normal,netem delay 25ms 25ms,QUORUM,cassandra1,5,1790193876018700,True,
37,5,MONOTONIC_WRITES,normal,netem delay 25ms 25ms,QUORUM,cassandra3,6,1790193876019700,True,
38,1,MONOTONIC_WRITES,normal,netem delay 25ms 25ms,QUORUM,cassandra1,2,1790193877216931,True,
38,2,MONOTONIC_WRITES,normal,netem delay 25ms 25ms,QUORUM,cassandra2,3,1790193877217931,True,
38,3,MONOTONIC_WRITES,normal,netem delay 25ms 25ms,QUORUM,cassandra1,4,1790193877218931,True,
38,4,MONOTONIC_WRITES,normal,netem delay 25ms 25ms,QUORUM,cassandra3,5,1790193877219931,True,
38,5,MONOTONIC_WRITES,normal,netem delay 25ms 25ms,QUORUM,cassandra1,6,1790193877220931,True,
39,1,MONOTONIC_WRITES,normal,netem delay 25ms 25ms,QUORUM,cassandra3,2,1790193878437737,True,
39,2,MONOTONIC_WRITES,normal,netem delay 25ms 25ms,QUORUM,cassandra1,3,1790193878438737,True,
39,3,MONOTONIC_WRITES,normal,netem delay 25ms 25ms,QUORUM,cassandra3,4,1790193878439737,True,
39,4,MONOTONIC_WRITES,normal,netem delay 25ms 25ms,QUORUM,cassandra2,5,1790193878440737,True,
39,5,MONOTONIC_WRITES,normal,netem delay 25ms 25ms,QUORUM,cassandra1,6,1790193878441737,True,
40,1,MONOTONIC_WRITES,normal,netem delay 25ms 25ms,QUORUM,cassandra2,2,1790193879561596,True,
40,2,MONOTONIC_WRITES,normal,netem delay 25ms 25ms,QUORUM,cassandra1,3,1790193879562596,True,
40,3,MONOTONIC_WRITES,normal,netem delay 25ms 25ms,QUORUM,cassandra1,4,1790193879563596,True,
40,4,MONOTONIC_WRITES,normal,netem delay 25ms 25ms,QUORUM,cassandra2,5,1790193879564596,True,
40,5,MONOTONIC_WRITES,normal,netem delay 25ms 25ms,QUORUM,cassandra3,6,1790193879565596,True,
41,1,MONOTONIC_WRITES,normal,netem delay 25ms 25ms,QUORUM,cassandra1,2,1790193880771448,True,
41,2,MONOTONIC_WRITES,normal,netem delay 25ms 25ms,QUORUM,cassandra3,3,1790193880772448,True,
41,3,MONOTONIC_WRITES,normal,netem delay 25ms 25ms,QUORUM,cassandra1,4,1790193880773448,True,
41,4,MONOTONIC_WRITES,normal,netem delay 25ms 25ms,QUORUM,cassandra1,5,1790193880774448,True,
41,5,MONOTONIC_WRITES,normal,netem delay 25ms 25ms,QUORUM,cassandra2,6,1790193880775448,True,
42,1,MONOTONIC_WRITES,normal,netem delay 25ms 25ms,QUORUM,cassandra3,2,1790193882064908,True,
42,2,MONOTONIC_WRITES,normal,netem delay 25ms 25ms,QUORUM,cassandra3,3,1790193882065908,True,
42,3,MONOTONIC_WRITES,normal,netem delay 25ms 25ms,QUORUM,cassandra3,4,1790193882066908,True,
42,4,MONOTONIC_WRITES,normal,netem delay 25ms 25ms,QUORUM,cassandra2,5,1790193882067908,True,
42,5,MONOTONIC_WRITES,normal,netem delay 25ms 25ms,QUORUM,cassandra1,6,1790193882068908,True,
43,1,MONOTONIC_WRITES,normal,netem delay 25ms 25ms,QUORUM,cassandra1,2,1790193883201247,True,
43,2,MONOTONIC_WRITES,normal,netem delay 25ms 25ms,QUORUM,cassandra1,3,1790193883202247,True,
43,3,MONOTONIC_WRITES,normal,netem delay 25ms 25ms,QUORUM,cassandra3,4,1790193883203247,True,
43,4,MONOTONIC_WRITES,normal,netem delay 25ms 25ms,QUORUM,cassandra3,5,1790193883204247,True,
43,5,MONOTONIC_WRITES,normal,netem delay 25ms 25ms,QUORUM,cassandra2,6,1790193883205247,True,
44,1,MONOTONIC_WRITES,normal,netem delay 25ms 25ms,QUORUM,cassandra2,2,1790193884384248,True,
44,2,MONOTONIC_WRITES,normal,netem delay 25ms 25ms,QUORUM,cassandra2,3,1790193884385248,True,
44,3,MONOTONIC_WRITES,normal,netem delay 25ms 25ms,QUORUM,cassandra2,4,1790193884386248,True,
44,4,MONOTONIC_WRITES,normal,netem delay 25ms 25ms,QUORUM,cassandra2,5,1790193884387248,True,
44,5,MONOTONIC_WRITES,normal,netem delay 25ms 25ms,QUORUM,cassandra2,6,1790193884388248,True,
45,1,MONOTONIC_WRITES,normal,netem delay 25ms 25ms,QUORUM,cassandra2,2,1790193885629665,True,
45,2,MONOTONIC_WRITES,normal,netem delay 25ms 25ms,QUORUM,cassandra1,3,1790193885630665,True,
45,3,MONOTONIC_WRITES,normal,netem delay 25ms 25ms,QUORUM,cassandra1,4,1790193885631665,True,
45,4,MONOTONIC_WRITES,normal,netem delay 25ms 25ms,QUORUM,cassandra3,5,1790193885632665,True,
45,5,MONOTONIC_WRITES,normal,netem delay 25ms 25ms,QUORUM,cassandra1,6,1790193885633665,True,
46,1,MONOTONIC_WRITES,normal,netem delay 25ms 25ms,QUORUM,cassandra3,2,1790193887069265,True,
46,2,MONOTONIC_WRITES,normal,netem delay 25ms 25ms,QUORUM,cassandra1,3,1790193887070265,True,
46,3,MONOTONIC_WRITES,normal,netem delay 25ms 25ms,QUORUM,cassandra3,4,1790193887071265,True,
46,4,MONOTONIC_WRITES,normal,netem delay 25ms 25ms,QUORUM,cassandra2,5,1790193887072265,True,
46,5,MONOTONIC_WRITES,normal,netem delay 25ms 25ms,QUORUM,cassandra3,6,1790193887073265,True,
47,1,MONOTONIC_WRITES,normal,netem delay 25ms 25ms,QUORUM,cassandra3,2,1790193888262023,True,
47,2,MONOTONIC_WRITES,normal,netem delay 25ms 25ms,QUORUM,cassandra1,3,1790193888263023,True,
47,3,MONOTONIC_WRITES,normal,netem delay 25ms 25ms,QUORUM,cassandra1,4,1790193888264023,True,
47,4,MONOTONIC_WRITES,normal,netem delay 25ms 25ms,QUORUM,cassandra1,5,1790193888265023,True,
47,5,MONOTONIC_WRITES,normal,netem delay 25ms 25ms,QUORUM,cassandra1,6,1790193888266023,True,
48,1,MONOTONIC_WRITES,normal,netem delay 25ms 25ms,QUORUM,cassandra1,2,1790193889414574,True,
48,2,MONOTONIC_WRITES,normal,netem delay 25ms 25ms,QUORUM,cassandra3,3,1790193889415574,True,
48,3,MONOTONIC_WRITES,normal,netem delay 25ms 25ms,QUORUM,cassandra3,4,1790193889416574,True,
48,4,MONOTONIC_WRITES,normal,netem delay 25ms 25ms,QUORUM,cassandra2,5,1790193889417574,True,
48,5,MONOTONIC_WRITES,normal,netem delay 25ms 25ms,QUORUM,cassandra3,6,1790193889418574,True,
49,1,MONOTONIC_WRITES,normal,netem delay 25ms 25ms,QUORUM,cassandra3,2,1790193890583546,True,
49,2,MONOTONIC_WRITES,normal,netem delay 25ms 25ms,QUORUM,cassandra2,3,1790193890584546,True,
49,3,MONOTONIC_WRITES,normal,netem delay 25ms 25ms,QUORUM,cassandra1,4,1790193890585546,True,
49,4,MONOTONIC_WRITES,normal,netem delay 25ms 25ms,QUORUM,cassandra3,5,1790193890586546,True,
49,5,MONOTONIC_WRITES,normal,netem delay 25ms 25ms,QUORUM,cassandra2,6,1790193890587546,True,
50,1,MONOTONIC_WRITES,normal,netem delay 25ms 25ms,QUORUM,cassandra1,2,1790193891743006,True,
50,2,MONOTONIC_WRITES,normal,netem delay 25ms 25ms,QUORUM,cassandra1,3,1790193891744006,True,
50,3,MONOTONIC_WRITES,normal,netem delay 25ms 25ms,QUORUM,cassandra2,4,1790193891745006,True,
50,4,MONOTONIC_WRITES,normal,netem delay 25ms 25ms,QUORUM,cassandra3,5,1790193891746006,True,
50,5,MONOTONIC_WRITES,normal,netem delay 25ms 25ms,QUORUM,cassandra1,6,1790193891747006,True,
51,1,MONOTONIC_WRITES,normal,netem delay 25ms 25ms,QUORUM,cassandra2,2,1790193892838983,True,
51,2,MONOTONIC_WRITES,normal,netem delay 25ms 25ms,QUORUM,cassandra2,3,1790193892839983,True,
51,3,MONOTONIC_WRITES,normal,netem delay 25ms 25ms,QUORUM,cassandra2,4,1790193892840983,True,
51,4,MONOTONIC_WRITES,normal,netem delay 25ms 25ms,QUORUM,cassandra1,5,1790193892841983,True,
51,5,MONOTONIC_WRITES,normal,netem delay 25ms 25ms,QUORUM,cassandra2,6,1790193892842983,True,
52,1,MONOTONIC_WRITES,normal,netem delay 25ms 25ms,QUORUM,cassandra3,2,1790193894182704,True,
52,2,MONOTONIC_WRITES,normal,netem delay 25ms 25ms,QUORUM,cassandra1,3,1790193894183704,True,
52,3,MONOTONIC_WRITES,normal,netem delay 25ms 25ms,QUORUM,cassandra3,4,1790193894184704,True,
52,4,MONOTONIC_WRITES,normal,netem delay 25ms 25ms,QUORUM,cassandra3,5,1790193894185704,True,
52,5,MONOTONIC_WRITES,normal,netem delay 25ms 25ms,QUORUM,cassandra3,6,1790193894186704,True,
53,1,MONOTONIC_WRITES,normal,netem delay 25ms 25ms,QUORUM,cassandra1,2,1790193895461150,True,
53,2,MONOTONIC_WRITES,normal,netem delay 25ms 25ms,QUORUM,cassandra2,3,1790193895462150,True,
53,3,MONOTONIC_WRITES,normal,netem delay 25ms 25ms,QUORUM,cassandra3,4,1790193895463150,True,
53,4,MONOTONIC_WRITES,normal,netem delay 25ms 25ms,QUORUM,cassandra3,5,1790193895464150,True,
53,5,MONOTONIC_WRITES,normal,netem delay 25ms 25ms,QUORUM,cassandra3,6,1790193895465150,True,
54,1,MONOTONIC_WRITES,normal,netem delay 25ms 25ms,QUORUM,cassandra3,2,1790193896693664,True,
54,2,MONOTONIC_WRITES,normal,netem delay 25ms 25ms,QUORUM,cassandra1,3,1790193896694664,True,
54,3,MONOTONIC_WRITES,normal,netem delay 25ms 25ms,QUORUM,cassandra2,4,1790193896695664,True,
54,4,MONOTONIC_WRITES,normal,netem delay 25ms 25ms,QUORUM,cassandra1,5,1790193896696664,True,
54,5,MONOTONIC_WRITES,normal,netem delay 25ms 25ms,QUORUM,cassandra2,6,1790193896697664,True,
55,1,MONOTONIC_WRITES,normal,netem delay 25ms 25ms,QUORUM,cassandra3,2,1790193897850994,True,
55,2,MONOTONIC_WRITES,normal,netem delay 25ms 25ms,QUORUM,cassandra2,3,1790193897851994,True,
55,3,MONOTONIC_WRITES,normal,netem delay 25ms 25ms,QUORUM,cassandra3,4,1790193897852994,True,
55,4,MONOTONIC_WRITES,normal,netem delay 25ms 25ms,QUORUM,cassandra1,5,1790193897853994,True,
55,5,MONOTONIC_WRITES,normal,netem delay 25ms 25ms,QUORUM,cassandra1,6,1790193897854994,True,
56,1,MONOTONIC_WRITES,normal,netem delay 25ms 25ms,QUORUM,cassandra1,2,1790193898989911,True,
56,2,MONOTONIC_WRITES,normal,netem delay 25ms 25ms,QUORUM,cassandra3,3,1790193898990911,True,
56,3,MONOTONIC_WRITES,normal,netem delay 25ms 25ms,QUORUM,cassandra2,4,1790193898991911,True,
56,4,MONOTONIC_WRITES,normal,netem delay 25ms 25ms,QUORUM,cassandra1,5,1790193898992911,True,
56,5,MONOTONIC_WRITES,normal,netem delay 25ms 25ms,QUORUM,cassandra3,6,1790193898993911,True,
57,1,MONOTONIC_WRITES,normal,netem delay 25ms 25ms,QUORUM,cassandra3,2,1790193900136696,True,
57,2,MONOTONIC_WRITES,normal,netem delay 25ms 25ms,QUORUM,cassandra2,3,1790193900137696,True,
57,3,MONOTONIC_WRITES,normal,netem delay 25ms 25ms,QUORUM,cassandra2,4,1790193900138696,True,
57,4,MONOTONIC_WRITES,normal,netem delay 25ms 25ms,QUORUM,cassandra2,5,1790193900139696,True,
57,5,MONOTONIC_WRITES,normal,netem delay 25ms 25ms,QUORUM,cassandra2,6,1790193900140696,True,
58,1,MONOTONIC_WRITES,normal,netem delay 25ms 25ms,QUORUM,cassandra3,2,1790193901632013,True,
58,2,MONOTONIC_WRITES,normal,netem delay 25ms 25ms,QUORUM,cassandra1,3,1790193901633013,True,
58,3,MONOTONIC_WRITES,normal,netem delay 25ms 25ms,QUORUM,cassandra3,4,1790193901634013,True,
58,4,MONOTONIC_WRITES,normal,netem delay 25ms 25ms,QUORUM,cassandra2,5,1790193901635013,True,
58,5,MONOTONIC_WRITES,normal,netem delay 25ms 25ms,QUORUM,cassandra2,6,1790193901636013,True,
59,1,MONOTONIC_WRITES,normal,netem delay 25ms 25ms,QUORUM,cassandra1,2,1790193902951632,True,
59,2,MONOTONIC_WRITES,normal,netem delay 25ms 25ms,QUORUM,cassandra3,3,1790193902952632,True,
59,3,MONOTONIC_WRITES,normal,netem delay 25ms 25ms,QUORUM,cassandra3,4,1790193902953632,True,
59,4,MONOTONIC_WRITES,normal,netem delay 25ms 25ms,QUORUM,cassandra3,5,1790193902954632,True,
59,5,MONOTONIC_WRITES,normal,netem delay 25ms 25ms,QUORUM,cassandra1,6,1790193902955632,True,
60,1,MONOTONIC_WRITES,normal,netem delay 25ms 25ms,QUORUM,cassandra2,2,1790193904194617,True,
60,2,MONOTONIC_WRITES,normal,netem delay 25ms 25ms,QUORUM,cassandra1,3,1790193904195617,True,
60,3,MONOTONIC_WRITES,normal,netem delay 25ms 25ms,QUORUM,cassandra1,4,1790193904196617,True,
60,4,MONOTONIC_WRITES,normal,netem delay 25ms 25ms,QUORUM,cassandra2,5,1790193904197617,True,
60,5,MONOTONIC_WRITES,normal,netem delay 25ms 25ms,QUORUM,cassandra2,6,1790193904198617,True,
61,1,MONOTONIC_WRITES,normal,netem delay 25ms 25ms,QUORUM,cassandra1,2,1790193905411128,True,
61,2,MONOTONIC_WRITES,normal,netem delay 25ms 25ms,QUORUM,cassandra3,3,1790193905412128,True,
61,3,MONOTONIC_WRITES,normal,netem delay 25ms 25ms,QUORUM,cassandra2,4,1790193905413128,True,
61,4,MONOTONIC_WRITES,normal,netem delay 25ms 25ms,QUORUM,cassandra2,5,1790193905414128,True,
61,5,MONOTONIC_WRITES,normal,netem delay 25ms 25ms,QUORUM,cassandra1,6,1790193905415128,True,
62,1,MONOTONIC_WRITES,normal,netem delay 25ms 25ms,QUORUM,cassandra2,2,1790193906637291,True,
62,2,MONOTONIC_WRITES,normal,netem delay 25ms 25ms,QUORUM,cassandra1,3,1790193906638291,True,
62,3,MONOTONIC_WRITES,normal,netem delay 25ms 25ms,QUORUM,cassandra1,4,1790193906639291,True,
62,4,MONOTONIC_WRITES,normal,netem delay 25ms 25ms,QUORUM,cassandra2,5,1790193906640291,True,
62,5,MONOTONIC_WRITES,normal,netem delay 25ms 25ms,QUORUM,cassandra2,6,1790193906641291,True,
63,1,MONOTONIC_WRITES,normal,netem delay 25ms 25ms,QUORUM,cassandra1,2,1790193907784306,True,
63,2,MONOTONIC_WRITES,normal,netem delay 25ms 25ms,QUORUM,cassandra1,3,1790193907785306,True,
63,3,MONOTONIC_WRITES,normal,netem delay 25ms 25ms,QUORUM,cassandra2,4,1790193907786306,True,
63,4,MONOTONIC_WRITES,normal,netem delay 25ms 25ms,QUORUM,cassandra3,5,1790193907787306,True,
63,5,MONOTONIC_WRITES,normal,netem delay 25ms 25ms,QUORUM,cassandra1,6,1790193907788306,True,
64,1,MONOTONIC_WRITES,normal,netem delay 25ms 25ms,QUORUM,cassandra2,2,1790193908858708,True,
64,2,MONOTONIC_WRITES,normal,netem delay 25ms 25ms,QUORUM,cassandra1,3,1790193908859708,True,
64,3,MONOTONIC_WRITES,normal,netem delay 25ms 25ms,QUORUM,cassandra2,4,1790193908860708,True,
64,4,MONOTONIC_WRITES,normal,netem delay 25ms 25ms,QUORUM,cassandra1,5,1790193908861708,True,
64,5,MONOTONIC_WRITES,normal,netem delay 25ms 25ms,QUORUM,cassandra2,6,1790193908862708,True,
65,1,MONOTONIC_WRITES,normal,netem delay 25ms 25ms,QUORUM,cassandra1,2,1790193910067349,True,
65,2,MONOTONIC_WRITES,normal,netem delay 25ms 25ms,QUORUM,cassandra2,3,1790193910068349,True,
65,3,MONOTONIC_WRITES,normal,netem delay 25ms 25ms,QUORUM,cassandra3,4,1790193910069349,True,
65,4,MONOTONIC_WRITES,normal,netem delay 25ms 25ms,QUORUM,cassandra1,5,1790193910070349,True,
65,5,MONOTONIC_WRITES,normal,netem delay 25ms 25ms,QUORUM,cassandra2,6,1790193910071349,True,
66,1,MONOTONIC_WRITES,normal,netem delay 25ms 25ms,QUORUM,cassandra2,2,1790193911157706,True,
66,2,MONOTONIC_WRITES,normal,netem delay 25ms 25ms,QUORUM,cassandra2,3,1790193911158706,True,
66,3,MONOTONIC_WRITES,normal,netem delay 25ms 25ms,QUORUM,cassandra1,4,1790193911159706,True,
66,4,MONOTONIC_WRITES,normal,netem delay 25ms 25ms,QUORUM,cassandra2,5,1790193911160706,True,
66,5,MONOTONIC_WRITES,normal,netem delay 25ms 25ms,QUORUM,cassandra3,6,1790193911161706,True,
67,1,MONOTONIC_WRITES,normal,netem delay 25ms 25ms,QUORUM,cassandra1,2,1790193912323814,True,
67,2,MONOTONIC_WRITES,normal,netem delay 25ms 25ms,QUORUM,cassandra3,3,1790193912324814,True,
67,3,MONOTONIC_WRITES,normal,netem delay 25ms 25ms,QUORUM,cassandra2,4,1790193912325814,True,
67,4,MONOTONIC_WRITES,normal,netem delay 25ms 25ms,QUORUM,cassandra1,5,1790193912326814,True,
67,5,MONOTONIC_WRITES,normal,netem delay 25ms 25ms,QUORUM,cassandra2,6,1790193912327814,True,
68,1,MONOTONIC_WRITES,normal,netem delay 25ms 25ms,QUORUM,cassandra2,2,1790193913333917,True,
68,2,MONOTONIC_WRITES,normal,netem delay 25ms 25ms,QUORUM,cassandra3,3,1790193913334917,True,
68,3,MONOTONIC_WRITES,normal,netem delay 25ms 25ms,QUORUM,cassandra3,4,1790193913335917,True,
68,4,MONOTONIC_WRITES,normal,netem delay 25ms 25ms,QUORUM,cassandra2,5,1790193913336917,True,
68,5,MONOTONIC_WRITES,normal,netem delay 25ms 25ms,QUORUM,cassandra1,6,1790193913337917,True,
69,1,MONOTONIC_WRITES,normal,netem delay 25ms 25ms,QUORUM,cassandra2,2,1790193914582924,True,
69,2,MONOTONIC_WRITES,normal,netem delay 25ms 25ms,QUORUM,cassandra3,3,1790193914583924,True,
69,3,MONOTONIC_WRITES,normal,netem delay 25ms 25ms,QUORUM,cassandra2,4,1790193914584924,True,
69,4,MONOTONIC_WRITES,normal,netem delay 25ms 25ms,QUORUM,cassandra3,5,1790193914585924,True,
69,5,MONOTONIC_WRITES,normal,netem delay 25ms 25ms,QUORUM,cassandra1,6,1790193914586924,True,
70,1,MONOTONIC_WRITES,normal,netem delay 25ms 25ms,QUORUM,cassandra1,2,1790193915686356,True,
70,2,MONOTONIC_WRITES,normal,netem delay 25ms 25ms,QUORUM,cassandra3,3,1790193915687356,True,
70,3,MONOTONIC_WRITES,normal,netem delay 25ms 25ms,QUORUM,cassandra3,4,1790193915688356,True,
70,4,MONOTONIC_WRITES,normal,netem delay 25ms 25ms,QUORUM,cassandra2,5,1790193915689356,True,
70,5,MONOTONIC_WRITES,normal,netem delay 25ms 25ms,QUORUM,cassandra1,6,1790193915690356,True,
71,1,MONOTONIC_WRITES,normal,netem delay 25ms 25ms,QUORUM,cassandra2,2,1790193916807128,True,
71,2,MONOTONIC_WRITES,normal,netem delay 25ms 25ms,QUORUM,cassandra3,3,1790193916808128,True,
71,3,MONOTONIC_WRITES,normal,netem delay 25ms 25ms,QUORUM,cassandra2,4,1790193916809128,True,
71,4,MONOTONIC_WRITES,normal,netem delay 25ms 25ms,QUORUM,cassandra2,5,1790193916810128,True,
71,5,MONOTONIC_WRITES,normal,netem delay 25ms 25ms,QUORUM,cassandra3,6,1790193916811128,True,
72,1,MONOTONIC_WRITES,normal,netem delay 25ms 25ms,QUORUM,cassandra3,2,1790193917606154,True,
72,2,MONOTONIC_WRITES,normal,netem delay 25ms 25ms,QUORUM,cassandra1,3,1790193917607154,True,
72,3,MONOTONIC_WRITES,normal,netem delay 25ms 25ms,QUORUM,cassandra1,4,1790193917608154,True,
72,4,MONOTONIC_WRITES,normal,netem delay 25ms 25ms,QUORUM,cassandra2,5,1790193917609154,True,
72,5,MONOTONIC_WRITES,normal,netem delay 25ms 25ms,QUORUM,cassandra3,6,1790193917610154,True,
73,1,MONOTONIC_WRITES,normal,netem delay 25ms 25ms,QUORUM,cassandra3,2,1790193918826542,True,
73,2,MONOTONIC_WRITES,normal,netem delay 25ms 25ms,QUORUM,cassandra1,3,1790193918827542,True,
73,3,MONOTONIC_WRITES,normal,netem delay 25ms 25ms,QUORUM,cassandra3,4,1790193918828542,True,
73,4,MONOTONIC_WRITES,normal,netem delay 25ms 25ms,QUORUM,cassandra1,5,1790193918829542,True,
73,5,MONOTONIC_WRITES,normal,netem delay 25ms 25ms,QUORUM,cassandra3,6,1790193918830542,True,
74,1,MONOTONIC_WRITES,normal,netem delay 25ms 25ms,QUORUM,cassandra2,2,1790193920007337,True,
74,2,MONOTONIC_WRITES,normal,netem delay 25ms 25ms,QUORUM,cassandra2,3,1790193920008337,True,
74,3,MONOTONIC_WRITES,normal,netem delay 25ms 25ms,QUORUM,cassandra1,4,1790193920009337,True,
74,4,MONOTONIC_WRITES,normal,netem delay 25ms 25ms,QUORUM,cassandra1,5,1790193920010337,True,
74,5,MONOTONIC_WRITES,normal,netem delay 25ms 25ms,QUORUM,cassandra2,6,1790193920011337,True,
75,1,MONOTONIC_WRITES,normal,netem delay 25ms 25ms,QUORUM,cassandra2,2,1790193921381679,True,
75,2,MONOTONIC_WRITES,normal,netem delay 25ms 25ms,QUORUM,cassandra1,3,1790193921382679,True,
75,3,MONOTONIC_WRITES,normal,netem delay 25ms 25ms,QUORUM,cassandra1,4,1790193921383679,True,
75,4,MONOTONIC_WRITES,normal,netem delay 25ms 25ms,QUORUM,cassandra1,5,1790193921384679,True,
75,5,MONOTONIC_WRITES,normal,netem delay 25ms 25ms,QUORUM,cassandra1,6,1790193921385679,True,
76,1,MONOTONIC_WRITES,normal,netem delay 25ms 25ms,QUORUM,cassandra3,2,1790193922556192,True,
76,2,MONOTONIC_WRITES,normal,netem delay 25ms 25ms,QUORUM,cassandra3,3,1790193922557192,True,
76,3,MONOTONIC_WRITES,normal,netem delay 25ms 25ms,QUORUM,cassandra3,4,1790193922558192,True,
76,4,MONOTONIC_WRITES,normal,netem delay 25ms 25ms,QUORUM,cassandra2,5,1790193922559192,True,
76,5,MONOTONIC_WRITES,normal,netem delay 25ms 25ms,QUORUM,cassandra1,6,1790193922560192,True,
77,1,MONOTONIC_WRITES,normal,netem delay 25ms 25ms,QUORUM,cassandra3,2,1790193923757441,True,
77,2,MONOTONIC_WRITES,normal,netem delay 25ms 25ms,QUORUM,cassandra3,3,1790193923758441,True,
77,3,MONOTONIC_WRITES,normal,netem delay 25ms 25ms,QUORUM,cassandra3,4,1790193923759441,True,
77,4,MONOTONIC_WRITES,normal,netem delay 25ms 25ms,QUORUM,cassandra1,5,1790193923760441,True,
77,5,MONOTONIC_WRITES,normal,netem delay 25ms 25ms,QUORUM,cassandra3,6,1790193923761441,True,
78,1,MONOTONIC_WRITES,normal,netem delay 25ms 25ms,QUORUM,cassandra3,2,1790193924871353,True,
78,2,MONOTONIC_WRITES,normal,netem delay 25ms 25ms,QUORUM,cassandra3,3,1790193924872353,True,
78,3,MONOTONIC_WRITES,normal,netem delay 25ms 25ms,QUORUM,cassandra3,4,1790193924873353,True,
78,4,MONOTONIC_WRITES,normal,netem delay 25ms 25ms,QUORUM,cassandra1,5,1790193924874353,True,
78,5,MONOTONIC_WRITES,normal,netem delay 25ms 25ms,QUORUM,cassandra1,6,1790193924875353,True,
79,1,MONOTONIC_WRITES,normal,netem delay 25ms 25ms,QUORUM,cassandra2,2,1790193925940563,True,
79,2,MONOTONIC_WRITES,normal,netem delay 25ms 25ms,QUORUM,cassandra2,3,1790193925941563,True,
79,3,MONOTONIC_WRITES,normal,netem delay 25ms 25ms,QUORUM,cassandra3,4,1790193925942563,True,
79,4,MONOTONIC_WRITES,normal,netem delay 25ms 25ms,QUORUM,cassandra3,5,1790193925943563,True,
79,5,MONOTONIC_WRITES,normal,netem delay 25ms 25ms,QUORUM,cassandra3,6,1790193925944563,True,
80,1,MONOTONIC_WRITES,normal,netem delay 25ms 25ms,QUORUM,cassandra3,2,1790193927297941,True,
80,2,MONOTONIC_WRITES,normal,netem delay 25ms 25ms,QUORUM,cassandra2,3,1790193927298941,True,
80,3,MONOTONIC_WRITES,normal,netem delay 25ms 25ms,QUORUM,cassandra2,4,1790193927299941,True,
80,4,MONOTONIC_WRITES,normal,netem delay 25ms 25ms,QUORUM,cassandra1,5,1790193927300941,True,
80,5,MONOTONIC_WRITES,normal,netem delay 25ms 25ms,QUORUM,cassandra2,6,1790193927301941,True,
81,1,MONOTONIC_WRITES,normal,netem delay 25ms 25ms,QUORUM,cassandra1,2,1790193928616321,True,
81,2,MONOTONIC_WRITES,normal,netem delay 25ms 25ms,QUORUM,cassandra1,3,1790193928617321,True,
81,3,MONOTONIC_WRITES,normal,netem delay 25ms 25ms,QUORUM,cassandra3,4,1790193928618321,True,
81,4,MONOTONIC_WRITES,normal,netem delay 25ms 25ms,QUORUM,cassandra1,5,1790193928619321,True,
81,5,MONOTONIC_WRITES,normal,netem delay 25ms 25ms,QUORUM,cassandra1,6,1790193928620321,True,
82,1,MONOTONIC_WRITES,normal,netem delay 25ms 25ms,QUORUM,cassandra2,2,1790193929839267,True,
82,2,MONOTONIC_WRITES,normal,netem delay 25ms 25ms,QUORUM,cassandra3,3,1790193929840267,True,
82,3,MONOTONIC_WRITES,normal,netem delay 25ms 25ms,QUORUM,cassandra1,4,1790193929841267,True,
82,4,MONOTONIC_WRITES,normal,netem delay 25ms 25ms,QUORUM,cassandra1,5,1790193929842267,True,
82,5,MONOTONIC_WRITES,normal,netem delay 25ms 25ms,QUORUM,cassandra3,6,1790193929843267,True,
83,1,MONOTONIC_WRITES,normal,netem delay 25ms 25ms,QUORUM,cassandra1,2,1790193931120602,True,
83,2,MONOTONIC_WRITES,normal,netem delay 25ms 25ms,QUORUM,cassandra1,3,1790193931121602,True,
83,3,MONOTONIC_WRITES,normal,netem delay 25ms 25ms,QUORUM,cassandra2,4,1790193931122602,True,
83,4,MONOTONIC_WRITES,normal,netem delay 25ms 25ms,QUORUM,cassandra2,5,1790193931123602,True,
83,5,MONOTONIC_WRITES,normal,netem delay 25ms 25ms,QUORUM,cassandra1,6,1790193931124602,True,
84,1,MONOTONIC_WRITES,normal,netem delay 25ms 25ms,QUORUM,cassandra2,2,1790193932432759,True,
84,2,MONOTONIC_WRITES,normal,netem delay 25ms 25ms,QUORUM,cassandra3,3,1790193932433759,True,
84,3,MONOTONIC_WRITES,normal,netem delay 25ms 25ms,QUORUM,cassandra2,4,1790193932434759,True,
84,4,MONOTONIC_WRITES,normal,netem delay 25ms 25ms,QUORUM,cassandra2,5,1790193932435759,True,
84,5,MONOTONIC_WRITES,normal,netem delay 25ms 25ms,QUORUM,cassandra3,6,1790193932436759,True,
85,1,MONOTONIC_WRITES,normal,netem delay 25ms 25ms,QUORUM,cassandra1,2,1790193933534368,True,
85,2,MONOTONIC_WRITES,normal,netem delay 25ms 25ms,QUORUM,cassandra1,3,1790193933535368,True,
85,3,MONOTONIC_WRITES,normal,netem delay 25ms 25ms,QUORUM,cassandra2,4,1790193933536368,True,
85,4,MONOTONIC_WRITES,normal,netem delay 25ms 25ms,QUORUM,cassandra1,5,1790193933537368,True,
85,5,MONOTONIC_WRITES,normal,netem delay 25ms 25ms,QUORUM,cassandra1,6,1790193933538368,True,
86,1,MONOTONIC_WRITES,normal,netem delay 25ms 25ms,QUORUM,cassandra1,2,1790193934833411,True,
86,2,MONOTONIC_WRITES,normal,netem delay 25ms 25ms,QUORUM,cassandra2,3,1790193934834411,True,
86,3,MONOTONIC_WRITES,normal,netem delay 25ms 25ms,QUORUM,cassandra3,4,1790193934835411,True,
86,4,MONOTONIC_WRITES,normal,netem delay 25ms 25ms,QUORUM,cassandra3,5,1790193934836411,True,
86,5,MONOTONIC_WRITES,normal,netem delay 25ms 25ms,QUORUM,cassandra3,6,1790193934837411,True,
87,1,MONOTONIC_WRITES,normal,netem delay 25ms 25ms,QUORUM,cassandra1,2,1790193936007650,True,
87,2,MONOTONIC_WRITES,normal,netem delay 25ms 25ms,QUORUM,cassandra3,3,1790193936008650,True,
87,3,MONOTONIC_WRITES,normal,netem delay 25ms 25ms,QUORUM,cassandra2,4,1790193936009650,True,
87,4,MONOTONIC_WRITES,normal,netem delay 25ms 25ms,QUORUM,cassandra3,5,1790193936010650,True,
87,5,MONOTONIC_WRITES,normal,netem delay 25ms 25ms,QUORUM,cassandra1,6,1790193936011650,True,
88,1,MONOTONIC_WRITES,normal,netem delay 25ms 25ms,QUORUM,cassandra3,2,1790193937220118,True,
88,2,MONOTONIC_WRITES,normal,netem delay 25ms 25ms,QUORUM,cassandra3,3,1790193937221118,True,
88,3,MONOTONIC_WRITES,normal,netem delay 25ms 25ms,QUORUM,cassandra3,4,1790193937222118,True,
88,4,MONOTONIC_WRITES,normal,netem delay 25ms 25ms,QUORUM,cassandra3,5,1790193937223118,True,
88,5,MONOTONIC_WRITES,normal,netem delay 25ms 25ms,QUORUM,cassandra3,6,1790193937224118,True,
89,1,MONOTONIC_WRITES,normal,netem delay 25ms 25ms,QUORUM,cassandra2,2,1790193938430918,True,
89,2,MONOTONIC_WRITES,normal,netem delay 25ms 25ms,QUORUM,cassandra3,3,1790193938431918,True,
89,3,MONOTONIC_WRITES,normal,netem delay 25ms 25ms,QUORUM,cassandra3,4,1790193938432918,True,
89,4,MONOTONIC_WRITES,normal,netem delay 25ms 25ms,QUORUM,cassandra1,5,1790193938433918,True,
89,5,MONOTONIC_WRITES,normal,netem delay 25ms 25ms,QUORUM,cassandra1,6,1790193938434918,True,
90,1,MONOTONIC_WRITES,normal,netem delay 25ms 25ms,QUORUM,cassandra3,2,1790193939670611,True,
90,2,MONOTONIC_WRITES,normal,netem delay 25ms 25ms,QUORUM,cassandra2,3,1790193939671611,True,
90,3,MONOTONIC_WRITES,normal,netem delay 25ms 25ms,QUORUM,cassandra3,4,1790193939672611,True,
90,4,MONOTONIC_WRITES,normal,netem delay 25ms 25ms,QUORUM,cassandra2,5,1790193939673611,True,
90,5,MONOTONIC_WRITES,normal,netem delay 25ms 25ms,QUORUM,cassandra1,6,1790193939674611,True,
91,1,MONOTONIC_WRITES,normal,netem delay 25ms 25ms,QUORUM,cassandra3,2,1790193940784190,True,
91,2,MONOTONIC_WRITES,normal,netem delay 25ms 25ms,QUORUM,cassandra2,3,1790193940785190,True,
91,3,MONOTONIC_WRITES,normal,netem delay 25ms 25ms,QUORUM,cassandra2,4,1790193940786190,True,
91,4,MONOTONIC_WRITES,normal,netem delay 25ms 25ms,QUORUM,cassandra1,5,1790193940787190,True,
91,5,MONOTONIC_WRITES,normal,netem delay 25ms 25ms,QUORUM,cassandra2,6,1790193940788190,True,
92,1,MONOTONIC_WRITES,normal,netem delay 25ms 25ms,QUORUM,cassandra1,2,1790193942049788,True,
92,2,MONOTONIC_WRITES,normal,netem delay 25ms 25ms,QUORUM,cassandra3,3,1790193942050788,True,
92,3,MONOTONIC_WRITES,normal,netem delay 25ms 25ms,QUORUM,cassandra3,4,1790193942051788,True,
92,4,MONOTONIC_WRITES,normal,netem delay 25ms 25ms,QUORUM,cassandra2,5,1790193942052788,True,
92,5,MONOTONIC_WRITES,normal,netem delay 25ms 25ms,QUORUM,cassandra3,6,1790193942053788,True,
93,1,MONOTONIC_WRITES,normal,netem delay 25ms 25ms,QUORUM,cassandra2,2,1790193943119111,True,
93,2,MONOTONIC_WRITES,normal,netem delay 25ms 25ms,QUORUM,cassandra3,3,1790193943120111,True,
93,3,MONOTONIC_WRITES,normal,netem delay 25ms 25ms,QUORUM,cassandra3,4,1790193943121111,True,
93,4,MONOTONIC_WRITES,normal,netem delay 25ms 25ms,QUORUM,cassandra1,5,1790193943122111,True,
93,5,MONOTONIC_WRITES,normal,netem delay 25ms 25ms,QUORUM,cassandra2,6,1790193943123111,True,
94,1,MONOTONIC_WRITES,normal,netem delay 25ms 25ms,QUORUM,cassandra3,2,1790193944556502,True,
94,2,MONOTONIC_WRITES,normal,netem delay 25ms 25ms,QUORUM,cassandra1,3,1790193944557502,True,
94,3,MONOTONIC_WRITES,normal,netem delay 25ms 25ms,QUORUM,cassandra2,4,1790193944558502,True,
94,4,MONOTONIC_WRITES,normal,netem delay 25ms 25ms,QUORUM,cassandra2,5,1790193944559502,True,
94,5,MONOTONIC_WRITES,normal,netem delay 25ms 25ms,QUORUM,cassandra3,6,1790193944560502,True,
95,1,MONOTONIC_WRITES,normal,netem delay 25ms 25ms,QUORUM,cassandra1,2,1790193945804552,True,
95,2,MONOTONIC_WRITES,normal,netem delay 25ms 25ms,QUORUM,cassandra3,3,1790193945805552,True,
95,3,MONOTONIC_WRITES,normal,netem delay 25ms 25ms,QUORUM,cassandra2,4,1790193945806552,True,
95,4,MONOTONIC_WRITES,normal,netem delay 25ms 25ms,QUORUM,cassandra2,5,1790193945807552,True,
95,5,MONOTONIC_WRITES,normal,netem delay 25ms 25ms,QUORUM,cassandra3,6,1790193945808552,True,
96,1,MONOTONIC_WRITES,normal,netem delay 25ms 25ms,QUORUM,cassandra3,2,1790193947087701,True,
96,2,MONOTONIC_WRITES,normal,netem delay 25ms 25ms,QUORUM,cassandra2,3,1790193947088701,True,
96,3,MONOTONIC_WRITES,normal,netem delay 25ms 25ms,QUORUM,cassandra2,4,1790193947089701,True,
96,4,MONOTONIC_WRITES,normal,netem delay 25ms 25ms,QUORUM,cassandra2,5,1790193947090701,True,
96,5,MONOTONIC_WRITES,normal,netem delay 25ms 25ms,QUORUM,cassandra2,6,1790193947091701,True,
97,1,MONOTONIC_WRITES,normal,netem delay 25ms 25ms,QUORUM,cassandra1,2,1790193948197827,True,
97,2,MONOTONIC_WRITES,normal,netem delay 25ms 25ms,QUORUM,cassandra2,3,1790193948198827,True,
97,3,MONOTONIC_WRITES,normal,netem delay 25ms 25ms,QUORUM,cassandra2,4,1790193948199827,True,
97,4,MONOTONIC_WRITES,normal,netem delay 25ms 25ms,QUORUM,cassandra2,5,1790193948200827,True,
97,5,MONOTONIC_WRITES,normal,netem delay 25ms 25ms,QUORUM,cassandra3,6,1790193948201827,True,
98,1,MONOTONIC_WRITES,normal,netem delay 25ms 25ms,QUORUM,cassandra3,2,1790193949459262,True,
98,2,MONOTONIC_WRITES,normal,netem delay 25ms 25ms,QUORUM,cassandra1,3,1790193949460262,True,
98,3,MONOTONIC_WRITES,normal,netem delay 25ms 25ms,QUORUM,cassandra3,4,1790193949461262,True,
98,4,MONOTONIC_WRITES,normal,netem delay 25ms 25ms,QUORUM,cassandra3,5,1790193949462262,True,
98,5,MONOTONIC_WRITES,normal,netem delay 25ms 25ms,QUORUM,cassandra3,6,1790193949463262,True,
99,1,MONOTONIC_WRITES,normal,netem delay 25ms 25ms,QUORUM,cassandra2,2,1790193950774656,True,
99,2,MONOTONIC_WRITES,normal,netem delay 25ms 25ms,QUORUM,cassandra2,3,1790193950775656,True,
99,3,MONOTONIC_WRITES,normal,netem delay 25ms 25ms,QUORUM,cassandra2,4,1790193950776656,True,
99,4,MONOTONIC_WRITES,normal,netem delay 25ms 25ms,QUORUM,cassandra3,5,1790193950777656,True,
99,5,MONOTONIC_WRITES,normal,netem delay 25ms 25ms,QUORUM,cassandra3,6,1790193950778656,True,
100,1,MONOTONIC_WRITES,normal,netem delay 25ms 25ms,QUORUM,cassandra2,2,1790193951909214,True,
100,2,MONOTONIC_WRITES,normal,netem delay 25ms 25ms,QUORUM,cassandra3,3,1790193951910214,True,
100,3,MONOTONIC_WRITES,normal,netem delay 25ms 25ms,QUORUM,cassandra1,4,1790193951911214,True,
100,4,MONOTONIC_WRITES,normal,netem delay 25ms 25ms,QUORUM,cassandra1,5,1790193951912214,True,
100,5,MONOTONIC_WRITES,normal,netem delay 25ms 25ms,QUORUM,cassandra3,6,1790193951913214,True,
101,1,MONOTONIC_WRITES,normal,netem delay 25ms 25ms,QUORUM,cassandra2,2,1790193953095971,True,
101,2,MONOTONIC_WRITES,normal,netem delay 25ms 25ms,QUORUM,cassandra1,3,1790193953096971,True,
101,3,MONOTONIC_WRITES,normal,netem delay 25ms 25ms,QUORUM,cassandra1,4,1790193953097971,True,
101,4,MONOTONIC_WRITES,normal,netem delay 25ms 25ms,QUORUM,cassandra3,5,1790193953098971,True,
101,5,MONOTONIC_WRITES,normal,netem delay 25ms 25ms,QUORUM,cassandra1,6,1790193953099971,True,
102,1,MONOTONIC_WRITES,normal,netem delay 25ms 25ms,QUORUM,cassandra1,2,1790193954447164,True,
102,2,MONOTONIC_WRITES,normal,netem delay 25ms 25ms,QUORUM,cassandra1,3,1790193954448164,True,
102,3,MONOTONIC_WRITES,normal,netem delay 25ms 25ms,QUORUM,cassandra2,4,1790193954449164,True,
102,4,MONOTONIC_WRITES,normal,netem delay 25ms 25ms,QUORUM,cassandra3,5,1790193954450164,True,
102,5,MONOTONIC_WRITES,normal,netem delay 25ms 25ms,QUORUM,cassandra2,6,1790193954451164,True,
103,1,MONOTONIC_WRITES,normal,netem delay 25ms 25ms,QUORUM,cassandra1,2,1790193955641077,True,
103,2,MONOTONIC_WRITES,normal,netem delay 25ms 25ms,QUORUM,cassandra3,3,1790193955642077,True,
103,3,MONOTONIC_WRITES,normal,netem delay 25ms 25ms,QUORUM,cassandra2,4,1790193955643077,True,
103,4,MONOTONIC_WRITES,normal,netem delay 25ms 25ms,QUORUM,cassandra1,5,1790193955644077,True,
103,5,MONOTONIC_WRITES,normal,netem delay 25ms 25ms,QUORUM,cassandra3,6,1790193955645077,True,
104,1,MONOTONIC_WRITES,normal,netem delay 25ms 25ms,QUORUM,cassandra2,2,1790193957376183,True,
104,2,MONOTONIC_WRITES,normal,netem delay 25ms 25ms,QUORUM,cassandra1,3,1790193957377183,True,
104,3,MONOTONIC_WRITES,normal,netem delay 25ms 25ms,QUORUM,cassandra3,4,1790193957378183,True,
104,4,MONOTONIC_WRITES,normal,netem delay 25ms 25ms,QUORUM,cassandra1,5,1790193957379183,True,
104,5,MONOTONIC_WRITES,normal,netem delay 25ms 25ms,QUORUM,cassandra2,6,1790193957380183,True,
105,1,MONOTONIC_WRITES,normal,netem delay 25ms 25ms,QUORUM,cassandra3,2,1790193958596142,True,
105,2,MONOTONIC_WRITES,normal,netem delay 25ms 25ms,QUORUM,cassandra3,3,1790193958597142,True,
105,3,MONOTONIC_WRITES,normal,netem delay 25ms 25ms,QUORUM,cassandra1,4,1790193958598142,True,
105,4,MONOTONIC_WRITES,normal,netem delay 25ms 25ms,QUORUM,cassandra1,5,1790193958599142,True,
105,5,MONOTONIC_WRITES,normal,netem delay 25ms 25ms,QUORUM,cassandra1,6,1790193958600142,True,
106,1,MONOTONIC_WRITES,normal,netem delay 25ms 25ms,QUORUM,cassandra2,2,1790193959804933,True,
106,2,MONOTONIC_WRITES,normal,netem delay 25ms 25ms,QUORUM,cassandra2,3,1790193959805933,True,
106,3,MONOTONIC_WRITES,normal,netem delay 25ms 25ms,QUORUM,cassandra1,4,1790193959806933,True,
106,4,MONOTONIC_WRITES,normal,netem delay 25ms 25ms,QUORUM,cassandra3,5,1790193959807933,True,
106,5,MONOTONIC_WRITES,normal,netem delay 25ms 25ms,QUORUM,cassandra1,6,1790193959808933,True,
107,1,MONOTONIC_WRITES,normal,netem delay 25ms 25ms,QUORUM,cassandra2,2,1790193961155967,True,
107,2,MONOTONIC_WRITES,normal,netem delay 25ms 25ms,QUORUM,cassandra1,3,1790193961156967,True,
107,3,MONOTONIC_WRITES,normal,netem delay 25ms 25ms,QUORUM,cassandra3,4,1790193961157967,True,
107,4,MONOTONIC_WRITES,normal,netem delay 25ms 25ms,QUORUM,cassandra1,5,1790193961158967,True,
107,5,MONOTONIC_WRITES,normal,netem delay 25ms 25ms,QUORUM,cassandra1,6,1790193961159967,True,
108,1,MONOTONIC_WRITES,normal,netem delay 25ms 25ms,QUORUM,cassandra3,2,1790193962324165,True,
108,2,MONOTONIC_WRITES,normal,netem delay 25ms 25ms,QUORUM,cassandra2,3,1790193962325165,True,
108,3,MONOTONIC_WRITES,normal,netem delay 25ms 25ms,QUORUM,cassandra2,4,1790193962326165,True,
108,4,MONOTONIC_WRITES,normal,netem delay 25ms 25ms,QUORUM,cassandra3,5,1790193962327165,True,
108,5,MONOTONIC_WRITES,normal,netem delay 25ms 25ms,QUORUM,cassandra2,6,1790193962328165,True,
109,1,MONOTONIC_WRITES,normal,netem delay 25ms 25ms,QUORUM,cassandra1,2,1790193963488812,True,
109,2,MONOTONIC_WRITES,normal,netem delay 25ms 25ms,QUORUM,cassandra3,3,1790193963489812,True,
109,3,MONOTONIC_WRITES,normal,netem delay 25ms 25ms,QUORUM,cassandra2,4,1790193963490812,True,
109,4,MONOTONIC_WRITES,normal,netem delay 25ms 25ms,QUORUM,cassandra1,5,1790193963491812,True,
109,5,MONOTONIC_WRITES,normal,netem delay 25ms 25ms,QUORUM,cassandra3,6,1790193963492812,True,
110,1,MONOTONIC_WRITES,normal,netem delay 25ms 25ms,QUORUM,cassandra2,2,1790193964744257,True,
110,2,MONOTONIC_WRITES,normal,netem delay 25ms 25ms,QUORUM,cassandra1,3,1790193964745257,True,
110,3,MONOTONIC_WRITES,normal,netem delay 25ms 25ms,QUORUM,cassandra1,4,1790193964746257,True,
110,4,MONOTONIC_WRITES,normal,netem delay 25ms 25ms,QUORUM,cassandra2,5,1790193964747257,True,
110,5,MONOTONIC_WRITES,normal,netem delay 25ms 25ms,QUORUM,cassandra1,6,1790193964748257,True,
111,1,MONOTONIC_WRITES,normal,netem delay 25ms 25ms,QUORUM,cassandra1,2,1790193965874941,True,
111,2,MONOTONIC_WRITES,normal,netem delay 25ms 25ms,QUORUM,cassandra1,3,1790193965875941,True,
111,3,MONOTONIC_WRITES,normal,netem delay 25ms 25ms,QUORUM,cassandra1,4,1790193965876941,True,
111,4,MONOTONIC_WRITES,normal,netem delay 25ms 25ms,QUORUM,cassandra2,5,1790193965877941,True,
111,5,MONOTONIC_WRITES,normal,netem delay 25ms 25ms,QUORUM,cassandra1,6,1790193965878941,True,
112,1,MONOTONIC_WRITES,normal,netem delay 25ms 25ms,QUORUM,cassandra2,2,1790193967165103,True,
112,2,MONOTONIC_WRITES,normal,netem delay 25ms 25ms,QUORUM,cassandra2,3,1790193967166103,True,
112,3,MONOTONIC_WRITES,normal,netem delay 25ms 25ms,QUORUM,cassandra1,4,1790193967167103,True,
112,4,MONOTONIC_WRITES,normal,netem delay 25ms 25ms,QUORUM,cassandra2,5,1790193967168103,True,
112,5,MONOTONIC_WRITES,normal,netem delay 25ms 25ms,QUORUM,cassandra1,6,1790193967169103,True,
113,1,MONOTONIC_WRITES,normal,netem delay 25ms 25ms,QUORUM,cassandra2,2,1790193968223450,True,
113,2,MONOTONIC_WRITES,normal,netem delay 25ms 25ms,QUORUM,cassandra3,3,1790193968224450,True,
113,3,MONOTONIC_WRITES,normal,netem delay 25ms 25ms,QUORUM,cassandra1,4,1790193968225450,True,
113,4,MONOTONIC_WRITES,normal,netem delay 25ms 25ms,QUORUM,cassandra3,5,1790193968226450,True,
113,5,MONOTONIC_WRITES,normal,netem delay 25ms 25ms,QUORUM,cassandra2,6,1790193968227450,True,
114,1,MONOTONIC_WRITES,normal,netem delay 25ms 25ms,QUORUM,cassandra2,2,1790193969438997,True,
114,2,MONOTONIC_WRITES,normal,netem delay 25ms 25ms,QUORUM,cassandra1,3,1790193969439997,True,
114,3,MONOTONIC_WRITES,normal,netem delay 25ms 25ms,QUORUM,cassandra2,4,1790193969440997,True,
114,4,MONOTONIC_WRITES,normal,netem delay 25ms 25ms,QUORUM,cassandra1,5,1790193969441997,True,
114,5,MONOTONIC_WRITES,normal,netem delay 25ms 25ms,QUORUM,cassandra1,6,1790193969442997,True,
115,1,MONOTONIC_WRITES,normal,netem delay 25ms 25ms,QUORUM,cassandra1,2,1790193970485795,True,
115,2,MONOTONIC_WRITES,normal,netem delay 25ms 25ms,QUORUM,cassandra1,3,1790193970486795,True,
115,3,MONOTONIC_WRITES,normal,netem delay 25ms 25ms,QUORUM,cassandra2,4,1790193970487795,True,
115,4,MONOTONIC_WRITES,normal,netem delay 25ms 25ms,QUORUM,cassandra2,5,1790193970488795,True,
115,5,MONOTONIC_WRITES,normal,netem delay 25ms 25ms,QUORUM,cassandra2,6,1790193970489795,True,
116,1,MONOTONIC_WRITES,normal,netem delay 25ms 25ms,QUORUM,cassandra2,2,1790193971808417,True,
116,2,MONOTONIC_WRITES,normal,netem delay 25ms 25ms,QUORUM,cassandra1,3,1790193971809417,True,
116,3,MONOTONIC_WRITES,normal,netem delay 25ms 25ms,QUORUM,cassandra2,4,1790193971810417,True,
116,4,MONOTONIC_WRITES,normal,netem delay 25ms 25ms,QUORUM,cassandra2,5,1790193971811417,True,
116,5,MONOTONIC_WRITES,normal,netem delay 25ms 25ms,QUORUM,cassandra3,6,1790193971812417,True,
117,1,MONOTONIC_WRITES,normal,netem delay 25ms 25ms,QUORUM,cassandra1,2,1790193973160612,True,
117,2,MONOTONIC_WRITES,normal,netem delay 25ms 25ms,QUORUM,cassandra3,3,1790193973161612,True,
117,3,MONOTONIC_WRITES,normal,netem delay 25ms 25ms,QUORUM,cassandra1,4,1790193973162612,True,
117,4,MONOTONIC_WRITES,normal,netem delay 25ms 25ms,QUORUM,cassandra3,5,1790193973163612,True,
117,5,MONOTONIC_WRITES,normal,netem delay 25ms 25ms,QUORUM,cassandra3,6,1790193973164612,True,
118,1,MONOTONIC_WRITES,normal,netem delay 25ms 25ms,QUORUM,cassandra1,2,1790193974353774,True,
118,2,MONOTONIC_WRITES,normal,netem delay 25ms 25ms,QUORUM,cassandra3,3,1790193974354774,True,
118,3,MONOTONIC_WRITES,normal,netem delay 25ms 25ms,QUORUM,cassandra3,4,1790193974355774,True,
118,4,MONOTONIC_WRITES,normal,netem delay 25ms 25ms,QUORUM,cassandra3,5,1790193974356774,True,
118,5,MONOTONIC_WRITES,normal,netem delay 25ms 25ms,QUORUM,cassandra3,6,1790193974357774,True,
119,1,MONOTONIC_WRITES,normal,netem delay 25ms 25ms,QUORUM,cassandra2,2,1790193975583885,True,
119,2,MONOTONIC_WRITES,normal,netem delay 25ms 25ms,QUORUM,cassandra3,3,1790193975584885,True,
119,3,MONOTONIC_WRITES,normal,netem delay 25ms 25ms,QUORUM,cassandra1,4,1790193975585885,True,
119,4,MONOTONIC_WRITES,normal,netem delay 25ms 25ms,QUORUM,cassandra1,5,1790193975586885,True,
119,5,MONOTONIC_WRITES,normal,netem delay 25ms 25ms,QUORUM,cassandra1,6,1790193975587885,True,
120,1,MONOTONIC_WRITES,normal,netem delay 25ms 25ms,QUORUM,cassandra1,2,1790193976835071,True,
120,2,MONOTONIC_WRITES,normal,netem delay 25ms 25ms,QUORUM,cassandra3,3,1790193976836071,True,
120,3,MONOTONIC_WRITES,normal,netem delay 25ms 25ms,QUORUM,cassandra3,4,1790193976837071,True,
120,4,MONOTONIC_WRITES,normal,netem delay 25ms 25ms,QUORUM,cassandra3,5,1790193976838071,True,
120,5,MONOTONIC_WRITES,normal,netem delay 25ms 25ms,QUORUM,cassandra3,6,1790193976839071,True,
121,1,MONOTONIC_WRITES,normal,netem delay 25ms 25ms,QUORUM,cassandra2,2,1790193978371357,True,
121,2,MONOTONIC_WRITES,normal,netem delay 25ms 25ms,QUORUM,cassandra1,3,1790193978372357,True,
121,3,MONOTONIC_WRITES,normal,netem delay 25ms 25ms,QUORUM,cassandra3,4,1790193978373357,True,
121,4,MONOTONIC_WRITES,normal,netem delay 25ms 25ms,QUORUM,cassandra3,5,1790193978374357,True,
121,5,MONOTONIC_WRITES,normal,netem delay 25ms 25ms,QUORUM,cassandra3,6,1790193978375357,True,
122,1,MONOTONIC_WRITES,normal,netem delay 25ms 25ms,QUORUM,cassandra3,2,1790193979657745,True,
122,2,MONOTONIC_WRITES,normal,netem delay 25ms 25ms,QUORUM,cassandra1,3,1790193979658745,True,
122,3,MONOTONIC_WRITES,normal,netem delay 25ms 25ms,QUORUM,cassandra1,4,1790193979659745,True,
122,4,MONOTONIC_WRITES,normal,netem delay 25ms 25ms,QUORUM,cassandra1,5,1790193979660745,True,
122,5,MONOTONIC_WRITES,normal,netem delay 25ms 25ms,QUORUM,cassandra1,6,1790193979661745,True,
123,1,MONOTONIC_WRITES,normal,netem delay 25ms 25ms,QUORUM,cassandra2,2,1790193980899525,True,
123,2,MONOTONIC_WRITES,normal,netem delay 25ms 25ms,QUORUM,cassandra1,3,1790193980900525,True,
123,3,MONOTONIC_WRITES,normal,netem delay 25ms 25ms,QUORUM,cassandra2,4,1790193980901525,True,
123,4,MONOTONIC_WRITES,normal,netem delay 25ms 25ms,QUORUM,cassandra1,5,1790193980902525,True,
123,5,MONOTONIC_WRITES,normal,netem delay 25ms 25ms,QUORUM,cassandra2,6,1790193980903525,True,
124,1,MONOTONIC_WRITES,normal,netem delay 25ms 25ms,QUORUM,cassandra1,2,1790193982065163,True,
124,2,MONOTONIC_WRITES,normal,netem delay 25ms 25ms,QUORUM,cassandra1,3,1790193982066163,True,
124,3,MONOTONIC_WRITES,normal,netem delay 25ms 25ms,QUORUM,cassandra1,4,1790193982067163,True,
124,4,MONOTONIC_WRITES,normal,netem delay 25ms 25ms,QUORUM,cassandra3,5,1790193982068163,True,
124,5,MONOTONIC_WRITES,normal,netem delay 25ms 25ms,QUORUM,cassandra2,6,1790193982069163,True,
125,1,MONOTONIC_WRITES,normal,netem delay 25ms 25ms,QUORUM,cassandra3,2,1790193983379427,True,
125,2,MONOTONIC_WRITES,normal,netem delay 25ms 25ms,QUORUM,cassandra2,3,1790193983380427,True,
125,3,MONOTONIC_WRITES,normal,netem delay 25ms 25ms,QUORUM,cassandra2,4,1790193983381427,True,
125,4,MONOTONIC_WRITES,normal,netem delay 25ms 25ms,QUORUM,cassandra2,5,1790193983382427,True,
125,5,MONOTONIC_WRITES,normal,netem delay 25ms 25ms,QUORUM,cassandra1,6,1790193983383427,True,
126,1,MONOTONIC_WRITES,normal,netem delay 25ms 25ms,QUORUM,cassandra2,2,1790193984515006,True,
126,2,MONOTONIC_WRITES,normal,netem delay 25ms 25ms,QUORUM,cassandra1,3,1790193984516006,True,
126,3,MONOTONIC_WRITES,normal,netem delay 25ms 25ms,QUORUM,cassandra3,4,1790193984517006,True,
126,4,MONOTONIC_WRITES,normal,netem delay 25ms 25ms,QUORUM,cassandra2,5,1790193984518006,True,
126,5,MONOTONIC_WRITES,normal,netem delay 25ms 25ms,QUORUM,cassandra1,6,1790193984519006,True,
127,1,MONOTONIC_WRITES,normal,netem delay 25ms 25ms,QUORUM,cassandra1,2,1790193985719709,True,
127,2,MONOTONIC_WRITES,normal,netem delay 25ms 25ms,QUORUM,cassandra2,3,1790193985720709,True,
127,3,MONOTONIC_WRITES,normal,netem delay 25ms 25ms,QUORUM,cassandra1,4,1790193985721709,True,
127,4,MONOTONIC_WRITES,normal,netem delay 25ms 25ms,QUORUM,cassandra2,5,1790193985722709,True,
127,5,MONOTONIC_WRITES,normal,netem delay 25ms 25ms,QUORUM,cassandra1,6,1790193985723709,True,
128,1,MONOTONIC_WRITES,normal,netem delay 25ms 25ms,QUORUM,cassandra2,2,1790193986908765,True,
128,2,MONOTONIC_WRITES,normal,netem delay 25ms 25ms,QUORUM,cassandra2,3,1790193986909765,True,
128,3,MONOTONIC_WRITES,normal,netem delay 25ms 25ms,QUORUM,cassandra2,4,1790193986910765,True,
128,4,MONOTONIC_WRITES,normal,netem delay 25ms 25ms,QUORUM,cassandra3,5,1790193986911765,True,
128,5,MONOTONIC_WRITES,normal,netem delay 25ms 25ms,QUORUM,cassandra1,6,1790193986912765,True,
129,1,MONOTONIC_WRITES,normal,netem delay 25ms 25ms,QUORUM,cassandra2,2,1790193988053774,True,
129,2,MONOTONIC_WRITES,normal,netem delay 25ms 25ms,QUORUM,cassandra3,3,1790193988054774,True,
129,3,MONOTONIC_WRITES,normal,netem delay 25ms 25ms,QUORUM,cassandra1,4,1790193988055774,True,
129,4,MONOTONIC_WRITES,normal,netem delay 25ms 25ms,QUORUM,cassandra3,5,1790193988056774,True,
129,5,MONOTONIC_WRITES,normal,netem delay 25ms 25ms,QUORUM,cassandra1,6,1790193988057774,True,
130,1,MONOTONIC_WRITES,normal,netem delay 25ms 25ms,QUORUM,cassandra2,2,1790193989182606,True,
130,2,MONOTONIC_WRITES,normal,netem delay 25ms 25ms,QUORUM,cassandra2,3,1790193989183606,True,
130,3,MONOTONIC_WRITES,normal,netem delay 25ms 25ms,QUORUM,cassandra2,4,1790193989184606,True,
130,4,MONOTONIC_WRITES,normal,netem delay 25ms 25ms,QUORUM,cassandra1,5,1790193989185606,True,
130,5,MONOTONIC_WRITES,normal,netem delay 25ms 25ms,QUORUM,cassandra2,6,1790193989186606,True,
131,1,MONOTONIC_WRITES,normal,netem delay 25ms 25ms,QUORUM,cassandra3,2,1790193990346037,True,
131,2,MONOTONIC_WRITES,normal,netem delay 25ms 25ms,QUORUM,cassandra2,3,1790193990347037,True,
131,3,MONOTONIC_WRITES,normal,netem delay 25ms 25ms,QUORUM,cassandra2,4,1790193990348037,True,
131,4,MONOTONIC_WRITES,normal,netem delay 25ms 25ms,QUORUM,cassandra2,5,1790193990349037,True,
131,5,MONOTONIC_WRITES,normal,netem delay 25ms 25ms,QUORUM,cassandra1,6,1790193990350037,True,
132,1,MONOTONIC_WRITES,normal,netem delay 25ms 25ms,QUORUM,cassandra1,2,1790193991700201,True,
132,2,MONOTONIC_WRITES,normal,netem delay 25ms 25ms,QUORUM,cassandra3,3,1790193991701201,True,
132,3,MONOTONIC_WRITES,normal,netem delay 25ms 25ms,QUORUM,cassandra1,4,1790193991702201,True,
132,4,MONOTONIC_WRITES,normal,netem delay 25ms 25ms,QUORUM,cassandra1,5,1790193991703201,True,
132,5,MONOTONIC_WRITES,normal,netem delay 25ms 25ms,QUORUM,cassandra3,6,1790193991704201,True,
133,1,MONOTONIC_WRITES,normal,netem delay 25ms 25ms,QUORUM,cassandra2,2,1790193992789601,True,
133,2,MONOTONIC_WRITES,normal,netem delay 25ms 25ms,QUORUM,cassandra2,3,1790193992790601,True,
133,3,MONOTONIC_WRITES,normal,netem delay 25ms 25ms,QUORUM,cassandra2,4,1790193992791601,True,
133,4,MONOTONIC_WRITES,normal,netem delay 25ms 25ms,QUORUM,cassandra3,5,1790193992792601,True,
133,5,MONOTONIC_WRITES,normal,netem delay 25ms 25ms,QUORUM,cassandra1,6,1790193992793601,True,
134,1,MONOTONIC_WRITES,normal,netem delay 25ms 25ms,QUORUM,cassandra3,2,1790193993933166,True,
134,2,MONOTONIC_WRITES,normal,netem delay 25ms 25ms,QUORUM,cassandra3,3,1790193993934166,True,
134,3,MONOTONIC_WRITES,normal,netem delay 25ms 25ms,QUORUM,cassandra1,4,1790193993935166,True,
134,4,MONOTONIC_WRITES,normal,netem delay 25ms 25ms,QUORUM,cassandra3,5,1790193993936166,True,
134,5,MONOTONIC_WRITES,normal,netem delay 25ms 25ms,QUORUM,cassandra3,6,1790193993937166,True,
135,1,MONOTONIC_WRITES,normal,netem delay 25ms 25ms,QUORUM,cassandra3,2,1790193995161306,True,
135,2,MONOTONIC_WRITES,normal,netem delay 25ms 25ms,QUORUM,cassandra2,3,1790193995162306,True,
135,3,MONOTONIC_WRITES,normal,netem delay 25ms 25ms,QUORUM,cassandra2,4,1790193995163306,True,
135,4,MONOTONIC_WRITES,normal,netem delay 25ms 25ms,QUORUM,cassandra2,5,1790193995164306,True,
135,5,MONOTONIC_WRITES,normal,netem delay 25ms 25ms,QUORUM,cassandra2,6,1790193995165306,True,
136,1,MONOTONIC_WRITES,normal,netem delay 25ms 25ms,QUORUM,cassandra1,2,1790193996653453,True,
136,2,MONOTONIC_WRITES,normal,netem delay 25ms 25ms,QUORUM,cassandra2,3,1790193996654453,True,
136,3,MONOTONIC_WRITES,normal,netem delay 25ms 25ms,QUORUM,cassandra2,4,1790193996655453,True,
136,4,MONOTONIC_WRITES,normal,netem delay 25ms 25ms,QUORUM,cassandra1,5,1790193996656453,True,
136,5,MONOTONIC_WRITES,normal,netem delay 25ms 25ms,QUORUM,cassandra3,6,1790193996657453,True,
137,1,MONOTONIC_WRITES,normal,netem delay 25ms 25ms,QUORUM,cassandra2,2,1790193997682938,True,
137,2,MONOTONIC_WRITES,normal,netem delay 25ms 25ms,QUORUM,cassandra3,3,1790193997683938,True,
137,3,MONOTONIC_WRITES,normal,netem delay 25ms 25ms,QUORUM,cassandra3,4,1790193997684938,True,
137,4,MONOTONIC_WRITES,normal,netem delay 25ms 25ms,QUORUM,cassandra3,5,1790193997685938,True,
137,5,MONOTONIC_WRITES,normal,netem delay 25ms 25ms,QUORUM,cassandra1,6,1790193997686938,True,
138,1,MONOTONIC_WRITES,normal,netem delay 25ms 25ms,QUORUM,cassandra3,2,1790193998882722,True,
138,2,MONOTONIC_WRITES,normal,netem delay 25ms 25ms,QUORUM,cassandra3,3,1790193998883722,True,
138,3,MONOTONIC_WRITES,normal,netem delay 25ms 25ms,QUORUM,cassandra3,4,1790193998884722,True,
138,4,MONOTONIC_WRITES,normal,netem delay 25ms 25ms,QUORUM,cassandra1,5,1790193998885722,True,
138,5,MONOTONIC_WRITES,normal,netem delay 25ms 25ms,QUORUM,cassandra3,6,1790193998886722,True,
139,1,MONOTONIC_WRITES,normal,netem delay 25ms 25ms,QUORUM,cassandra2,2,1790193999987394,True,
139,2,MONOTONIC_WRITES,normal,netem delay 25ms 25ms,QUORUM,cassandra2,3,1790193999988394,True,
139,3,MONOTONIC_WRITES,normal,netem delay 25ms 25ms,QUORUM,cassandra3,4,1790193999989394,True,
139,4,MONOTONIC_WRITES,normal,netem delay 25ms 25ms,QUORUM,cassandra2,5,1790193999990394,True,
139,5,MONOTONIC_WRITES,normal,netem delay 25ms 25ms,QUORUM,cassandra2,6,1790193999991394,True,
140,1,MONOTONIC_WRITES,normal,netem delay 25ms 25ms,QUORUM,cassandra3,2,1790194001066086,True,
140,2,MONOTONIC_WRITES,normal,netem delay 25ms 25ms,QUORUM,cassandra3,3,1790194001067086,True,
140,3,MONOTONIC_WRITES,normal,netem delay 25ms 25ms,QUORUM,cassandra1,4,1790194001068086,True,
140,4,MONOTONIC_WRITES,normal,netem delay 25ms 25ms,QUORUM,cassandra3,5,1790194001069086,True,
140,5,MONOTONIC_WRITES,normal,netem delay 25ms 25ms,QUORUM,cassandra1,6,1790194001070086,True,
141,1,MONOTONIC_WRITES,normal,netem delay 25ms 25ms,QUORUM,cassandra1,2,1790194002113847,True,
141,2,MONOTONIC_WRITES,normal,netem delay 25ms 25ms,QUORUM,cassandra1,3,1790194002114847,True,
141,3,MONOTONIC_WRITES,normal,netem delay 25ms 25ms,QUORUM,cassandra3,4,1790194002115847,True,
141,4,MONOTONIC_WRITES,normal,netem delay 25ms 25ms,QUORUM,cassandra2,5,1790194002116847,True,
141,5,MONOTONIC_WRITES,normal,netem delay 25ms 25ms,QUORUM,cassandra2,6,1790194002117847,True,
142,1,MONOTONIC_WRITES,normal,netem delay 25ms 25ms,QUORUM,cassandra2,2,1790194003261321,True,
142,2,MONOTONIC_WRITES,normal,netem delay 25ms 25ms,QUORUM,cassandra2,3,1790194003262321,True,
142,3,MONOTONIC_WRITES,normal,netem delay 25ms 25ms,QUORUM,cassandra3,4,1790194003263321,True,
142,4,MONOTONIC_WRITES,normal,netem delay 25ms 25ms,QUORUM,cassandra1,5,1790194003264321,True,
142,5,MONOTONIC_WRITES,normal,netem delay 25ms 25ms,QUORUM,cassandra1,6,1790194003265321,True,
143,1,MONOTONIC_WRITES,normal,netem delay 25ms 25ms,QUORUM,cassandra2,2,1790194004512446,True,
143,2,MONOTONIC_WRITES,normal,netem delay 25ms 25ms,QUORUM,cassandra3,3,1790194004513446,True,
143,3,MONOTONIC_WRITES,normal,netem delay 25ms 25ms,QUORUM,cassandra3,4,1790194004514446,True,
143,4,MONOTONIC_WRITES,normal,netem delay 25ms 25ms,QUORUM,cassandra1,5,1790194004515446,True,
143,5,MONOTONIC_WRITES,normal,netem delay 25ms 25ms,QUORUM,cassandra2,6,1790194004516446,True,
144,1,MONOTONIC_WRITES,normal,netem delay 25ms 25ms,QUORUM,cassandra3,2,1790194005832042,True,
144,2,MONOTONIC_WRITES,normal,netem delay 25ms 25ms,QUORUM,cassandra3,3,1790194005833042,True,
144,3,MONOTONIC_WRITES,normal,netem delay 25ms 25ms,QUORUM,cassandra3,4,1790194005834042,True,
144,4,MONOTONIC_WRITES,normal,netem delay 25ms 25ms,QUORUM,cassandra1,5,1790194005835042,True,
144,5,MONOTONIC_WRITES,normal,netem delay 25ms 25ms,QUORUM,cassandra2,6,1790194005836042,True,
145,1,MONOTONIC_WRITES,normal,netem delay 25ms 25ms,QUORUM,cassandra1,2,1790194007075265,True,
145,2,MONOTONIC_WRITES,normal,netem delay 25ms 25ms,QUORUM,cassandra1,3,1790194007076265,True,
145,3,MONOTONIC_WRITES,normal,netem delay 25ms 25ms,QUORUM,cassandra1,4,1790194007077265,True,
145,4,MONOTONIC_WRITES,normal,netem delay 25ms 25ms,QUORUM,cassandra2,5,1790194007078265,True,
145,5,MONOTONIC_WRITES,normal,netem delay 25ms 25ms,QUORUM,cassandra2,6,1790194007079265,True,
146,1,MONOTONIC_WRITES,normal,netem delay 25ms 25ms,QUORUM,cassandra2,2,1790194008363560,True,
146,2,MONOTONIC_WRITES,normal,netem delay 25ms 25ms,QUORUM,cassandra1,3,1790194008364560,True,
146,3,MONOTONIC_WRITES,normal,netem delay 25ms 25ms,QUORUM,cassandra1,4,1790194008365560,True,
146,4,MONOTONIC_WRITES,normal,netem delay 25ms 25ms,QUORUM,cassandra1,5,1790194008366560,True,
146,5,MONOTONIC_WRITES,normal,netem delay 25ms 25ms,QUORUM,cassandra3,6,1790194008367560,True,
147,1,MONOTONIC_WRITES,normal,netem delay 25ms 25ms,QUORUM,cassandra3,2,1790194009724334,True,
147,2,MONOTONIC_WRITES,normal,netem delay 25ms 25ms,QUORUM,cassandra1,3,1790194009725334,True,
147,3,MONOTONIC_WRITES,normal,netem delay 25ms 25ms,QUORUM,cassandra1,4,1790194009726334,True,
147,4,MONOTONIC_WRITES,normal,netem delay 25ms 25ms,QUORUM,cassandra2,5,1790194009727334,True,
147,5,MONOTONIC_WRITES,normal,netem delay 25ms 25ms,QUORUM,cassandra1,6,1790194009728334,True,
148,1,MONOTONIC_WRITES,normal,netem delay 25ms 25ms,QUORUM,cassandra2,2,1790194010872706,True,
148,2,MONOTONIC_WRITES,normal,netem delay 25ms 25ms,QUORUM,cassandra1,3,1790194010873706,True,
148,3,MONOTONIC_WRITES,normal,netem delay 25ms 25ms,QUORUM,cassandra2,4,1790194010874706,True,
148,4,MONOTONIC_WRITES,normal,netem delay 25ms 25ms,QUORUM,cassandra1,5,1790194010875706,True,
148,5,MONOTONIC_WRITES,normal,netem delay 25ms 25ms,QUORUM,cassandra2,6,1790194010876706,True,
149,1,MONOTONIC_WRITES,normal,netem delay 25ms 25ms,QUORUM,cassandra3,2,1790194012072184,True,
149,2,MONOTONIC_WRITES,normal,netem delay 25ms 25ms,QUORUM,cassandra1,3,1790194012073184,True,
149,3,MONOTONIC_WRITES,normal,netem delay 25ms 25ms,QUORUM,cassandra3,4,1790194012074184,True,
149,4,MONOTONIC_WRITES,normal,netem delay 25ms 25ms,QUORUM,cassandra3,5,1790194012075184,True,
149,5,MONOTONIC_WRITES,normal,netem delay 25ms 25ms,QUORUM,cassandra2,6,1790194012076184,True,
150,1,MONOTONIC_WRITES,normal,netem delay 25ms 25ms,QUORUM,cassandra1,2,1790194013376080,True,
150,2,MONOTONIC_WRITES,normal,netem delay 25ms 25ms,QUORUM,cassandra1,3,1790194013377080,True,
150,3,MONOTONIC_WRITES,normal,netem delay 25ms 25ms,QUORUM,cassandra3,4,1790194013378080,True,
150,4,MONOTONIC_WRITES,normal,netem delay 25ms 25ms,QUORUM,cassandra1,5,1790194013379080,True,
150,5,MONOTONIC_WRITES,normal,netem delay 25ms 25ms,QUORUM,cassandra2,6,1790194013380080,True,
151,1,MONOTONIC_WRITES,normal,netem delay 25ms 25ms,QUORUM,cassandra2,2,1790194014546378,True,
151,2,MONOTONIC_WRITES,normal,netem delay 25ms 25ms,QUORUM,cassandra3,3,1790194014547378,True,
151,3,MONOTONIC_WRITES,normal,netem delay 25ms 25ms,QUORUM,cassandra3,4,1790194014548378,True,
151,4,MONOTONIC_WRITES,normal,netem delay 25ms 25ms,QUORUM,cassandra3,5,1790194014549378,True,
151,5,MONOTONIC_WRITES,normal,netem delay 25ms 25ms,QUORUM,cassandra3,6,1790194014550378,True,
152,1,MONOTONIC_WRITES,normal,netem delay 25ms 25ms,QUORUM,cassandra2,2,1790194015820207,True,
152,2,MONOTONIC_WRITES,normal,netem delay 25ms 25ms,QUORUM,cassandra3,3,1790194015821207,True,
152,3,MONOTONIC_WRITES,normal,netem delay 25ms 25ms,QUORUM,cassandra1,4,1790194015822207,True,
152,4,MONOTONIC_WRITES,normal,netem delay 25ms 25ms,QUORUM,cassandra3,5,1790194015823207,True,
152,5,MONOTONIC_WRITES,normal,netem delay 25ms 25ms,QUORUM,cassandra1,6,1790194015824207,True,
153,1,MONOTONIC_WRITES,normal,netem delay 25ms 25ms,QUORUM,cassandra3,2,1790194016945966,True,
153,2,MONOTONIC_WRITES,normal,netem delay 25ms 25ms,QUORUM,cassandra3,3,1790194016946966,True,
153,3,MONOTONIC_WRITES,normal,netem delay 25ms 25ms,QUORUM,cassandra3,4,1790194016947966,True,
153,4,MONOTONIC_WRITES,normal,netem delay 25ms 25ms,QUORUM,cassandra1,5,1790194016948966,True,
153,5,MONOTONIC_WRITES,normal,netem delay 25ms 25ms,QUORUM,cassandra1,6,1790194016949966,True,
154,1,MONOTONIC_WRITES,normal,netem delay 25ms 25ms,QUORUM,cassandra3,2,1790194018224871,True,
154,2,MONOTONIC_WRITES,normal,netem delay 25ms 25ms,QUORUM,cassandra3,3,1790194018225871,True,
154,3,MONOTONIC_WRITES,normal,netem delay 25ms 25ms,QUORUM,cassandra3,4,1790194018226871,True,
154,4,MONOTONIC_WRITES,normal,netem delay 25ms 25ms,QUORUM,cassandra3,5,1790194018227871,True,
154,5,MONOTONIC_WRITES,normal,netem delay 25ms 25ms,QUORUM,cassandra2,6,1790194018228871,True,
155,1,MONOTONIC_WRITES,normal,netem delay 25ms 25ms,QUORUM,cassandra2,2,1790194019466389,True,
155,2,MONOTONIC_WRITES,normal,netem delay 25ms 25ms,QUORUM,cassandra2,3,1790194019467389,True,
155,3,MONOTONIC_WRITES,normal,netem delay 25ms 25ms,QUORUM,cassandra2,4,1790194019468389,True,
155,4,MONOTONIC_WRITES,normal,netem delay 25ms 25ms,QUORUM,cassandra3,5,1790194019469389,True,
155,5,MONOTONIC_WRITES,normal,netem delay 25ms 25ms,QUORUM,cassandra2,6,1790194019470389,True,
156,1,MONOTONIC_WRITES,normal,netem delay 25ms 25ms,QUORUM,cassandra2,2,1790194020652675,True,
156,2,MONOTONIC_WRITES,normal,netem delay 25ms 25ms,QUORUM,cassandra2,3,1790194020653675,True,
156,3,MONOTONIC_WRITES,normal,netem delay 25ms 25ms,QUORUM,cassandra1,4,1790194020654675,True,
156,4,MONOTONIC_WRITES,normal,netem delay 25ms 25ms,QUORUM,cassandra2,5,1790194020655675,True,
156,5,MONOTONIC_WRITES,normal,netem delay 25ms 25ms,QUORUM,cassandra2,6,1790194020656675,True,
157,1,MONOTONIC_WRITES,normal,netem delay 25ms 25ms,QUORUM,cassandra2,2,1790194021903809,True,
157,2,MONOTONIC_WRITES,normal,netem delay 25ms 25ms,QUORUM,cassandra2,3,1790194021904809,True,
157,3,MONOTONIC_WRITES,normal,netem delay 25ms 25ms,QUORUM,cassandra2,4,1790194021905809,True,
157,4,MONOTONIC_WRITES,normal,netem delay 25ms 25ms,QUORUM,cassandra3,5,1790194021906809,True,
157,5,MONOTONIC_WRITES,normal,netem delay 25ms 25ms,QUORUM,cassandra3,6,1790194021907809,True,
158,1,MONOTONIC_WRITES,normal,netem delay 25ms 25ms,QUORUM,cassandra3,2,1790194023143543,True,
158,2,MONOTONIC_WRITES,normal,netem delay 25ms 25ms,QUORUM,cassandra1,3,1790194023144543,True,
158,3,MONOTONIC_WRITES,normal,netem delay 25ms 25ms,QUORUM,cassandra2,4,1790194023145543,True,
158,4,MONOTONIC_WRITES,normal,netem delay 25ms 25ms,QUORUM,cassandra3,5,1790194023146543,True,
158,5,MONOTONIC_WRITES,normal,netem delay 25ms 25ms,QUORUM,cassandra2,6,1790194023147543,True,
159,1,MONOTONIC_WRITES,normal,netem delay 25ms 25ms,QUORUM,cassandra1,2,1790194024516667,True,
159,2,MONOTONIC_WRITES,normal,netem delay 25ms 25ms,QUORUM,cassandra2,3,1790194024517667,True,
159,3,MONOTONIC_WRITES,normal,netem delay 25ms 25ms,QUORUM,cassandra1,4,1790194024518667,True,
159,4,MONOTONIC_WRITES,normal,netem delay 25ms 25ms,QUORUM,cassandra1,5,1790194024519667,True,
159,5,MONOTONIC_WRITES,normal,netem delay 25ms 25ms,QUORUM,cassandra1,6,1790194024520667,True,
160,1,MONOTONIC_WRITES,normal,netem delay 25ms 25ms,QUORUM,cassandra1,2,1790194025817378,True,
160,2,MONOTONIC_WRITES,normal,netem delay 25ms 25ms,QUORUM,cassandra2,3,1790194025818378,True,
160,3,MONOTONIC_WRITES,normal,netem delay 25ms 25ms,QUORUM,cassandra3,4,1790194025819378,True,
160,4,MONOTONIC_WRITES,normal,netem delay 25ms 25ms,QUORUM,cassandra2,5,1790194025820378,True,
160,5,MONOTONIC_WRITES,normal,netem delay 25ms 25ms,QUORUM,cassandra1,6,1790194025821378,True,
161,1,MONOTONIC_WRITES,normal,netem delay 25ms 25ms,QUORUM,cassandra2,2,1790194027041539,True,
161,2,MONOTONIC_WRITES,normal,netem delay 25ms 25ms,QUORUM,cassandra2,3,1790194027042539,True,
161,3,MONOTONIC_WRITES,normal,netem delay 25ms 25ms,QUORUM,cassandra1,4,1790194027043539,True,
161,4,MONOTONIC_WRITES,normal,netem delay 25ms 25ms,QUORUM,cassandra2,5,1790194027044539,True,
161,5,MONOTONIC_WRITES,normal,netem delay 25ms 25ms,QUORUM,cassandra2,6,1790194027045539,True,
162,1,MONOTONIC_WRITES,normal,netem delay 25ms 25ms,QUORUM,cassandra2,2,1790194028193245,True,
162,2,MONOTONIC_WRITES,normal,netem delay 25ms 25ms,QUORUM,cassandra3,3,1790194028194245,True,
162,3,MONOTONIC_WRITES,normal,netem delay 25ms 25ms,QUORUM,cassandra3,4,1790194028195245,True,
162,4,MONOTONIC_WRITES,normal,netem delay 25ms 25ms,QUORUM,cassandra3,5,1790194028196245,True,
162,5,MONOTONIC_WRITES,normal,netem delay 25ms 25ms,QUORUM,cassandra2,6,1790194028197245,True,
163,1,MONOTONIC_WRITES,normal,netem delay 25ms 25ms,QUORUM,cassandra1,2,1790194029320058,True,
163,2,MONOTONIC_WRITES,normal,netem delay 25ms 25ms,QUORUM,cassandra2,3,1790194029321058,True,
163,3,MONOTONIC_WRITES,normal,netem delay 25ms 25ms,QUORUM,cassandra3,4,1790194029322058,True,
163,4,MONOTONIC_WRITES,normal,netem delay 25ms 25ms,QUORUM,cassandra1,5,1790194029323058,True,
163,5,MONOTONIC_WRITES,normal,netem delay 25ms 25ms,QUORUM,cassandra3,6,1790194029324058,True,
164,1,MONOTONIC_WRITES,normal,netem delay 25ms 25ms,QUORUM,cassandra2,2,1790194030565377,True,
164,2,MONOTONIC_WRITES,normal,netem delay 25ms 25ms,QUORUM,cassandra1,3,1790194030566377,True,
164,3,MONOTONIC_WRITES,normal,netem delay 25ms 25ms,QUORUM,cassandra3,4,1790194030567377,True,
164,4,MONOTONIC_WRITES,normal,netem delay 25ms 25ms,QUORUM,cassandra3,5,1790194030568377,True,
164,5,MONOTONIC_WRITES,normal,netem delay 25ms 25ms,QUORUM,cassandra2,6,1790194030569377,True,
165,1,MONOTONIC_WRITES,normal,netem delay 25ms 25ms,QUORUM,cassandra1,2,1790194031831395,True,
165,2,MONOTONIC_WRITES,normal,netem delay 25ms 25ms,QUORUM,cassandra3,3,1790194031832395,True,
165,3,MONOTONIC_WRITES,normal,netem delay 25ms 25ms,QUORUM,cassandra1,4,1790194031833395,True,
165,4,MONOTONIC_WRITES,normal,netem delay 25ms 25ms,QUORUM,cassandra1,5,1790194031834395,True,
165,5,MONOTONIC_WRITES,normal,netem delay 25ms 25ms,QUORUM,cassandra2,6,1790194031835395,True,
166,1,MONOTONIC_WRITES,normal,netem delay 25ms 25ms,QUORUM,cassandra2,2,1790194032929589,True,
166,2,MONOTONIC_WRITES,normal,netem delay 25ms 25ms,QUORUM,cassandra2,3,1790194032930589,True,
166,3,MONOTONIC_WRITES,normal,netem delay 25ms 25ms,QUORUM,cassandra2,4,1790194032931589,True,
166,4,MONOTONIC_WRITES,normal,netem delay 25ms 25ms,QUORUM,cassandra3,5,1790194032932589,True,
166,5,MONOTONIC_WRITES,normal,netem delay 25ms 25ms,QUORUM,cassandra1,6,1790194032933589,True,
167,1,MONOTONIC_WRITES,normal,netem delay 25ms 25ms,QUORUM,cassandra1,2,1790194034181577,True,
167,2,MONOTONIC_WRITES,normal,netem delay 25ms 25ms,QUORUM,cassandra3,3,1790194034182577,True,
167,3,MONOTONIC_WRITES,normal,netem delay 25ms 25ms,QUORUM,cassandra3,4,1790194034183577,True,
167,4,MONOTONIC_WRITES,normal,netem delay 25ms 25ms,QUORUM,cassandra3,5,1790194034184577,True,
167,5,MONOTONIC_WRITES,normal,netem delay 25ms 25ms,QUORUM,cassandra3,6,1790194034185577,True,
168,1,MONOTONIC_WRITES,normal,netem delay 25ms 25ms,QUORUM,cassandra1,2,1790194035326015,True,
168,2,MONOTONIC_WRITES,normal,netem delay 25ms 25ms,QUORUM,cassandra2,3,1790194035327015,True,
168,3,MONOTONIC_WRITES,normal,netem delay 25ms 25ms,QUORUM,cassandra2,4,1790194035328015,True,
168,4,MONOTONIC_WRITES,normal,netem delay 25ms 25ms,QUORUM,cassandra3,5,1790194035329015,True,
168,5,MONOTONIC_WRITES,normal,netem delay 25ms 25ms,QUORUM,cassandra2,6,1790194035330015,True,
169,1,MONOTONIC_WRITES,normal,netem delay 25ms 25ms,QUORUM,cassandra2,2,1790194037105436,True,
169,2,MONOTONIC_WRITES,normal,netem delay 25ms 25ms,QUORUM,cassandra2,3,1790194037106436,True,
169,3,MONOTONIC_WRITES,normal,netem delay 25ms 25ms,QUORUM,cassandra3,4,1790194037107436,True,
169,4,MONOTONIC_WRITES,normal,netem delay 25ms 25ms,QUORUM,cassandra1,5,1790194037108436,True,
169,5,MONOTONIC_WRITES,normal,netem delay 25ms 25ms,QUORUM,cassandra1,6,1790194037109436,True,
170,1,MONOTONIC_WRITES,normal,netem delay 25ms 25ms,QUORUM,cassandra3,2,1790194038162775,True,
170,2,MONOTONIC_WRITES,normal,netem delay 25ms 25ms,QUORUM,cassandra2,3,1790194038163775,True,
170,3,MONOTONIC_WRITES,normal,netem delay 25ms 25ms,QUORUM,cassandra1,4,1790194038164775,True,
170,4,MONOTONIC_WRITES,normal,netem delay 25ms 25ms,QUORUM,cassandra2,5,1790194038165775,True,
170,5,MONOTONIC_WRITES,normal,netem delay 25ms 25ms,QUORUM,cassandra3,6,1790194038166775,True,
171,1,MONOTONIC_WRITES,normal,netem delay 25ms 25ms,QUORUM,cassandra2,2,1790194039210474,True,
171,2,MONOTONIC_WRITES,normal,netem delay 25ms 25ms,QUORUM,cassandra2,3,1790194039211474,True,
171,3,MONOTONIC_WRITES,normal,netem delay 25ms 25ms,QUORUM,cassandra1,4,1790194039212474,True,
171,4,MONOTONIC_WRITES,normal,netem delay 25ms 25ms,QUORUM,cassandra3,5,1790194039213474,True,
171,5,MONOTONIC_WRITES,normal,netem delay 25ms 25ms,QUORUM,cassandra2,6,1790194039214474,True,
172,1,MONOTONIC_WRITES,normal,netem delay 25ms 25ms,QUORUM,cassandra1,2,1790194040483754,True,
172,2,MONOTONIC_WRITES,normal,netem delay 25ms 25ms,QUORUM,cassandra1,3,1790194040484754,True,
172,3,MONOTONIC_WRITES,normal,netem delay 25ms 25ms,QUORUM,cassandra3,4,1790194040485754,True,
172,4,MONOTONIC_WRITES,normal,netem delay 25ms 25ms,QUORUM,cassandra2,5,1790194040486754,True,
172,5,MONOTONIC_WRITES,normal,netem delay 25ms 25ms,QUORUM,cassandra1,6,1790194040487754,True,
173,1,MONOTONIC_WRITES,normal,netem delay 25ms 25ms,QUORUM,cassandra3,2,1790194041626976,True,
173,2,MONOTONIC_WRITES,normal,netem delay 25ms 25ms,QUORUM,cassandra3,3,1790194041627976,True,
173,3,MONOTONIC_WRITES,normal,netem delay 25ms 25ms,QUORUM,cassandra3,4,1790194041628976,True,
173,4,MONOTONIC_WRITES,normal,netem delay 25ms 25ms,QUORUM,cassandra3,5,1790194041629976,True,
173,5,MONOTONIC_WRITES,normal,netem delay 25ms 25ms,QUORUM,cassandra3,6,1790194041630976,True,
174,1,MONOTONIC_WRITES,normal,netem delay 25ms 25ms,QUORUM,cassandra2,2,1790194042864681,True,
174,2,MONOTONIC_WRITES,normal,netem delay 25ms 25ms,QUORUM,cassandra3,3,1790194042865681,True,
174,3,MONOTONIC_WRITES,normal,netem delay 25ms 25ms,QUORUM,cassandra1,4,1790194042866681,True,
174,4,MONOTONIC_WRITES,normal,netem delay 25ms 25ms,QUORUM,cassandra3,5,1790194042867681,True,
174,5,MONOTONIC_WRITES,normal,netem delay 25ms 25ms,QUORUM,cassandra1,6,1790194042868681,True,
175,1,MONOTONIC_WRITES,normal,netem delay 25ms 25ms,QUORUM,cassandra2,2,1790194044000962,True,
175,2,MONOTONIC_WRITES,normal,netem delay 25ms 25ms,QUORUM,cassandra3,3,1790194044001962,True,
175,3,MONOTONIC_WRITES,normal,netem delay 25ms 25ms,QUORUM,cassandra1,4,1790194044002962,True,
175,4,MONOTONIC_WRITES,normal,netem delay 25ms 25ms,QUORUM,cassandra2,5,1790194044003962,True,
175,5,MONOTONIC_WRITES,normal,netem delay 25ms 25ms,QUORUM,cassandra1,6,1790194044004962,True,
176,1,MONOTONIC_WRITES,normal,netem delay 25ms 25ms,QUORUM,cassandra2,2,1790194045320264,True,
176,2,MONOTONIC_WRITES,normal,netem delay 25ms 25ms,QUORUM,cassandra3,3,1790194045321264,True,
176,3,MONOTONIC_WRITES,normal,netem delay 25ms 25ms,QUORUM,cassandra3,4,1790194045322264,True,
176,4,MONOTONIC_WRITES,normal,netem delay 25ms 25ms,QUORUM,cassandra3,5,1790194045323264,True,
176,5,MONOTONIC_WRITES,normal,netem delay 25ms 25ms,QUORUM,cassandra3,6,1790194045324264,True,
177,1,MONOTONIC_WRITES,normal,netem delay 25ms 25ms,QUORUM,cassandra2,2,1790194046530736,True,
177,2,MONOTONIC_WRITES,normal,netem delay 25ms 25ms,QUORUM,cassandra1,3,1790194046531736,True,
177,3,MONOTONIC_WRITES,normal,netem delay 25ms 25ms,QUORUM,cassandra3,4,1790194046532736,True,
177,4,MONOTONIC_WRITES,normal,netem delay 25ms 25ms,QUORUM,cassandra3,5,1790194046533736,True,
177,5,MONOTONIC_WRITES,normal,netem delay 25ms 25ms,QUORUM,cassandra3,6,1790194046534736,True,
178,1,MONOTONIC_WRITES,normal,netem delay 25ms 25ms,QUORUM,cassandra2,2,1790194047710806,True,
178,2,MONOTONIC_WRITES,normal,netem delay 25ms 25ms,QUORUM,cassandra3,3,1790194047711806,True,
178,3,MONOTONIC_WRITES,normal,netem delay 25ms 25ms,QUORUM,cassandra3,4,1790194047712806,True,
178,4,MONOTONIC_WRITES,normal,netem delay 25ms 25ms,QUORUM,cassandra1,5,1790194047713806,True,
178,5,MONOTONIC_WRITES,normal,netem delay 25ms 25ms,QUORUM,cassandra1,6,1790194047714806,True,
179,1,MONOTONIC_WRITES,normal,netem delay 25ms 25ms,QUORUM,cassandra3,2,1790194048905847,True,
179,2,MONOTONIC_WRITES,normal,netem delay 25ms 25ms,QUORUM,cassandra3,3,1790194048906847,True,
179,3,MONOTONIC_WRITES,normal,netem delay 25ms 25ms,QUORUM,cassandra2,4,1790194048907847,True,
179,4,MONOTONIC_WRITES,normal,netem delay 25ms 25ms,QUORUM,cassandra2,5,1790194048908847,True,
179,5,MONOTONIC_WRITES,normal,netem delay 25ms 25ms,QUORUM,cassandra1,6,1790194048909847,True,
180,1,MONOTONIC_WRITES,normal,netem delay 25ms 25ms,QUORUM,cassandra1,2,1790194050447941,True,
180,2,MONOTONIC_WRITES,normal,netem delay 25ms 25ms,QUORUM,cassandra3,3,1790194050448941,True,
180,3,MONOTONIC_WRITES,normal,netem delay 25ms 25ms,QUORUM,cassandra3,4,1790194050449941,True,
180,4,MONOTONIC_WRITES,normal,netem delay 25ms 25ms,QUORUM,cassandra3,5,1790194050450941,True,
180,5,MONOTONIC_WRITES,normal,netem delay 25ms 25ms,QUORUM,cassandra1,6,1790194050451941,True,
181,1,MONOTONIC_WRITES,normal,netem delay 25ms 25ms,QUORUM,cassandra2,2,1790194051801567,True,
181,2,MONOTONIC_WRITES,normal,netem delay 25ms 25ms,QUORUM,cassandra2,3,1790194051802567,True,
181,3,MONOTONIC_WRITES,normal,netem delay 25ms 25ms,QUORUM,cassandra3,4,1790194051803567,True,
181,4,MONOTONIC_WRITES,normal,netem delay 25ms 25ms,QUORUM,cassandra3,5,1790194051804567,True,
181,5,MONOTONIC_WRITES,normal,netem delay 25ms 25ms,QUORUM,cassandra1,6,1790194051805567,True,
182,1,MONOTONIC_WRITES,normal,netem delay 25ms 25ms,QUORUM,cassandra2,2,1790194052995988,True,
182,2,MONOTONIC_WRITES,normal,netem delay 25ms 25ms,QUORUM,cassandra2,3,1790194052996988,True,
182,3,MONOTONIC_WRITES,normal,netem delay 25ms 25ms,QUORUM,cassandra2,4,1790194052997988,True,
182,4,MONOTONIC_WRITES,normal,netem delay 25ms 25ms,QUORUM,cassandra1,5,1790194052998988,True,
182,5,MONOTONIC_WRITES,normal,netem delay 25ms 25ms,QUORUM,cassandra3,6,1790194052999988,True,
183,1,MONOTONIC_WRITES,normal,netem delay 25ms 25ms,QUORUM,cassandra3,2,1790194054147771,True,
183,2,MONOTONIC_WRITES,normal,netem delay 25ms 25ms,QUORUM,cassandra2,3,1790194054148771,True,
183,3,MONOTONIC_WRITES,normal,netem delay 25ms 25ms,QUORUM,cassandra1,4,1790194054149771,True,
183,4,MONOTONIC_WRITES,normal,netem delay 25ms 25ms,QUORUM,cassandra2,5,1790194054150771,True,
183,5,MONOTONIC_WRITES,normal,netem delay 25ms 25ms,QUORUM,cassandra1,6,1790194054151771,True,
184,1,MONOTONIC_WRITES,normal,netem delay 25ms 25ms,QUORUM,cassandra2,2,1790194055439511,True,
184,2,MONOTONIC_WRITES,normal,netem delay 25ms 25ms,QUORUM,cassandra2,3,1790194055440511,True,
184,3,MONOTONIC_WRITES,normal,netem delay 25ms 25ms,QUORUM,cassandra1,4,1790194055441511,True,
184,4,MONOTONIC_WRITES,normal,netem delay 25ms 25ms,QUORUM,cassandra3,5,1790194055442511,True,
184,5,MONOTONIC_WRITES,normal,netem delay 25ms 25ms,QUORUM,cassandra1,6,1790194055443511,True,
185,1,MONOTONIC_WRITES,normal,netem delay 25ms 25ms,QUORUM,cassandra2,2,1790194056543333,True,
185,2,MONOTONIC_WRITES,normal,netem delay 25ms 25ms,QUORUM,cassandra3,3,1790194056544333,True,
185,3,MONOTONIC_WRITES,normal,netem delay 25ms 25ms,QUORUM,cassandra1,4,1790194056545333,True,
185,4,MONOTONIC_WRITES,normal,netem delay 25ms 25ms,QUORUM,cassandra3,5,1790194056546333,True,
185,5,MONOTONIC_WRITES,normal,netem delay 25ms 25ms,QUORUM,cassandra3,6,1790194056547333,True,
186,1,MONOTONIC_WRITES,normal,netem delay 25ms 25ms,QUORUM,cassandra1,2,1790194057850944,True,
186,2,MONOTONIC_WRITES,normal,netem delay 25ms 25ms,QUORUM,cassandra3,3,1790194057851944,True,
186,3,MONOTONIC_WRITES,normal,netem delay 25ms 25ms,QUORUM,cassandra3,4,1790194057852944,True,
186,4,MONOTONIC_WRITES,normal,netem delay 25ms 25ms,QUORUM,cassandra3,5,1790194057853944,True,
186,5,MONOTONIC_WRITES,normal,netem delay 25ms 25ms,QUORUM,cassandra2,6,1790194057854944,True,
187,1,MONOTONIC_WRITES,normal,netem delay 25ms 25ms,QUORUM,cassandra1,2,1790194059091811,True,
187,2,MONOTONIC_WRITES,normal,netem delay 25ms 25ms,QUORUM,cassandra3,3,1790194059092811,True,
187,3,MONOTONIC_WRITES,normal,netem delay 25ms 25ms,QUORUM,cassandra3,4,1790194059093811,True,
187,4,MONOTONIC_WRITES,normal,netem delay 25ms 25ms,QUORUM,cassandra3,5,1790194059094811,True,
187,5,MONOTONIC_WRITES,normal,netem delay 25ms 25ms,QUORUM,cassandra3,6,1790194059095811,True,
188,1,MONOTONIC_WRITES,normal,netem delay 25ms 25ms,QUORUM,cassandra1,2,1790194060398989,True,
188,2,MONOTONIC_WRITES,normal,netem delay 25ms 25ms,QUORUM,cassandra2,3,1790194060399989,True,
188,3,MONOTONIC_WRITES,normal,netem delay 25ms 25ms,QUORUM,cassandra2,4,1790194060400989,True,
188,4,MONOTONIC_WRITES,normal,netem delay 25ms 25ms,QUORUM,cassandra3,5,1790194060401989,True,
188,5,MONOTONIC_WRITES,normal,netem delay 25ms 25ms,QUORUM,cassandra2,6,1790194060402989,True,
189,1,MONOTONIC_WRITES,normal,netem delay 25ms 25ms,QUORUM,cassandra1,2,1790194061639366,True,
189,2,MONOTONIC_WRITES,normal,netem delay 25ms 25ms,QUORUM,cassandra2,3,1790194061640366,True,
189,3,MONOTONIC_WRITES,normal,netem delay 25ms 25ms,QUORUM,cassandra2,4,1790194061641366,True,
189,4,MONOTONIC_WRITES,normal,netem delay 25ms 25ms,QUORUM,cassandra2,5,1790194061642366,True,
189,5,MONOTONIC_WRITES,normal,netem delay 25ms 25ms,QUORUM,cassandra3,6,1790194061643366,True,
190,1,MONOTONIC_WRITES,normal,netem delay 25ms 25ms,QUORUM,cassandra3,2,1790194062755780,True,
190,2,MONOTONIC_WRITES,normal,netem delay 25ms 25ms,QUORUM,cassandra2,3,1790194062756780,True,
190,3,MONOTONIC_WRITES,normal,netem delay 25ms 25ms,QUORUM,cassandra3,4,1790194062757780,True,
190,4,MONOTONIC_WRITES,normal,netem delay 25ms 25ms,QUORUM,cassandra3,5,1790194062758780,True,
190,5,MONOTONIC_WRITES,normal,netem delay 25ms 25ms,QUORUM,cassandra2,6,1790194062759780,True,
191,1,MONOTONIC_WRITES,normal,netem delay 25ms 25ms,QUORUM,cassandra3,2,1790194064132646,True,
191,2,MONOTONIC_WRITES,normal,netem delay 25ms 25ms,QUORUM,cassandra2,3,1790194064133646,True,
191,3,MONOTONIC_WRITES,normal,netem delay 25ms 25ms,QUORUM,cassandra3,4,1790194064134646,True,
191,4,MONOTONIC_WRITES,normal,netem delay 25ms 25ms,QUORUM,cassandra2,5,1790194064135646,True,
191,5,MONOTONIC_WRITES,normal,netem delay 25ms 25ms,QUORUM,cassandra1,6,1790194064136646,True,
192,1,MONOTONIC_WRITES,normal,netem delay 25ms 25ms,QUORUM,cassandra2,2,1790194065205241,True,
192,2,MONOTONIC_WRITES,normal,netem delay 25ms 25ms,QUORUM,cassandra3,3,1790194065206241,True,
192,3,MONOTONIC_WRITES,normal,netem delay 25ms 25ms,QUORUM,cassandra3,4,1790194065207241,True,
192,4,MONOTONIC_WRITES,normal,netem delay 25ms 25ms,QUORUM,cassandra3,5,1790194065208241,True,
192,5,MONOTONIC_WRITES,normal,netem delay 25ms 25ms,QUORUM,cassandra1,6,1790194065209241,True,
193,1,MONOTONIC_WRITES,normal,netem delay 25ms 25ms,QUORUM,cassandra2,2,1790194066324894,True,
193,2,MONOTONIC_WRITES,normal,netem delay 25ms 25ms,QUORUM,cassandra3,3,1790194066325894,True,
193,3,MONOTONIC_WRITES,normal,netem delay 25ms 25ms,QUORUM,cassandra3,4,1790194066326894,True,
193,4,MONOTONIC_WRITES,normal,netem delay 25ms 25ms,QUORUM,cassandra3,5,1790194066327894,True,
193,5,MONOTONIC_WRITES,normal,netem delay 25ms 25ms,QUORUM,cassandra3,6,1790194066328894,True,
194,1,MONOTONIC_WRITES,normal,netem delay 25ms 25ms,QUORUM,cassandra2,2,1790194067577032,True,
194,2,MONOTONIC_WRITES,normal,netem delay 25ms 25ms,QUORUM,cassandra3,3,1790194067578032,True,
194,3,MONOTONIC_WRITES,normal,netem delay 25ms 25ms,QUORUM,cassandra1,4,1790194067579032,True,
194,4,MONOTONIC_WRITES,normal,netem delay 25ms 25ms,QUORUM,cassandra2,5,1790194067580032,True,
194,5,MONOTONIC_WRITES,normal,netem delay 25ms 25ms,QUORUM,cassandra3,6,1790194067581032,True,
195,1,MONOTONIC_WRITES,normal,netem delay 25ms 25ms,QUORUM,cassandra1,2,1790194068666947,True,
195,2,MONOTONIC_WRITES,normal,netem delay 25ms 25ms,QUORUM,cassandra2,3,1790194068667947,True,
195,3,MONOTONIC_WRITES,normal,netem delay 25ms 25ms,QUORUM,cassandra3,4,1790194068668947,True,
195,4,MONOTONIC_WRITES,normal,netem delay 25ms 25ms,QUORUM,cassandra3,5,1790194068669947,True,
195,5,MONOTONIC_WRITES,normal,netem delay 25ms 25ms,QUORUM,cassandra1,6,1790194068670947,True,
196,1,MONOTONIC_WRITES,normal,netem delay 25ms 25ms,QUORUM,cassandra3,2,1790194069913820,True,
196,2,MONOTONIC_WRITES,normal,netem delay 25ms 25ms,QUORUM,cassandra1,3,1790194069914820,True,
196,3,MONOTONIC_WRITES,normal,netem delay 25ms 25ms,QUORUM,cassandra2,4,1790194069915820,True,
196,4,MONOTONIC_WRITES,normal,netem delay 25ms 25ms,QUORUM,cassandra2,5,1790194069916820,True,
196,5,MONOTONIC_WRITES,normal,netem delay 25ms 25ms,QUORUM,cassandra1,6,1790194069917820,True,
197,1,MONOTONIC_WRITES,normal,netem delay 25ms 25ms,QUORUM,cassandra2,2,1790194070891447,True,
197,2,MONOTONIC_WRITES,normal,netem delay 25ms 25ms,QUORUM,cassandra3,3,1790194070892447,True,
197,3,MONOTONIC_WRITES,normal,netem delay 25ms 25ms,QUORUM,cassandra3,4,1790194070893447,True,
197,4,MONOTONIC_WRITES,normal,netem delay 25ms 25ms,QUORUM,cassandra1,5,1790194070894447,True,
197,5,MONOTONIC_WRITES,normal,netem delay 25ms 25ms,QUORUM,cassandra3,6,1790194070895447,True,
198,1,MONOTONIC_WRITES,normal,netem delay 25ms 25ms,QUORUM,cassandra1,2,1790194072045975,True,
198,2,MONOTONIC_WRITES,normal,netem delay 25ms 25ms,QUORUM,cassandra2,3,1790194072046975,True,
198,3,MONOTONIC_WRITES,normal,netem delay 25ms 25ms,QUORUM,cassandra3,4,1790194072047975,True,
198,4,MONOTONIC_WRITES,normal,netem delay 25ms 25ms,QUORUM,cassandra2,5,1790194072048975,True,
198,5,MONOTONIC_WRITES,normal,netem delay 25ms 25ms,QUORUM,cassandra2,6,1790194072049975,True,
199,1,MONOTONIC_WRITES,normal,netem delay 25ms 25ms,QUORUM,cassandra2,2,1790194073150987,True,
199,2,MONOTONIC_WRITES,normal,netem delay 25ms 25ms,QUORUM,cassandra1,3,1790194073151987,True,
199,3,MONOTONIC_WRITES,normal,netem delay 25ms 25ms,QUORUM,cassandra1,4,1790194073152987,True,
199,4,MONOTONIC_WRITES,normal,netem delay 25ms 25ms,QUORUM,cassandra2,5,1790194073153987,True,
199,5,MONOTONIC_WRITES,normal,netem delay 25ms 25ms,QUORUM,cassandra3,6,1790194073154987,True,
200,1,MONOTONIC_WRITES,normal,netem delay 25ms 25ms,QUORUM,cassandra2,2,1790194074467964,True,
200,2,MONOTONIC_WRITES,normal,netem delay 25ms 25ms,QUORUM,cassandra2,3,1790194074468964,True,
200,3,MONOTONIC_WRITES,normal,netem delay 25ms 25ms,QUORUM,cassandra2,4,1790194074469964,True,
200,4,MONOTONIC_WRITES,normal,netem delay 25ms 25ms,QUORUM,cassandra3,5,1790194074470964,True,
200,5,MONOTONIC_WRITES,normal,netem delay 25ms 25ms,QUORUM,cassandra3,6,1790194074471964,True,
1,1,MONOTONIC_WRITES,normal,netem delay 25ms 25ms,ALL,cassandra2,2,1790194075615126,True,
1,2,MONOTONIC_WRITES,normal,netem delay 25ms 25ms,ALL,cassandra2,3,1790194075616126,True,
1,3,MONOTONIC_WRITES,normal,netem delay 25ms 25ms,ALL,cassandra2,4,1790194075617126,True,
1,4,MONOTONIC_WRITES,normal,netem delay 25ms 25ms,ALL,cassandra2,5,1790194075618126,True,
1,5,MONOTONIC_WRITES,normal,netem delay 25ms 25ms,ALL,cassandra3,6,1790194075619126,True,
2,1,MONOTONIC_WRITES,normal,netem delay 25ms 25ms,ALL,cassandra3,2,1790194077038040,True,
2,2,MONOTONIC_WRITES,normal,netem delay 25ms 25ms,ALL,cassandra1,3,1790194077039040,True,
2,3,MONOTONIC_WRITES,normal,netem delay 25ms 25ms,ALL,cassandra1,4,1790194077040040,True,
2,4,MONOTONIC_WRITES,normal,netem delay 25ms 25ms,ALL,cassandra2,5,1790194077041040,True,
2,5,MONOTONIC_WRITES,normal,netem delay 25ms 25ms,ALL,cassandra2,6,1790194077042040,True,
3,1,MONOTONIC_WRITES,normal,netem delay 25ms 25ms,ALL,cassandra3,2,1790194078370568,True,
3,2,MONOTONIC_WRITES,normal,netem delay 25ms 25ms,ALL,cassandra1,3,1790194078371568,True,
3,3,MONOTONIC_WRITES,normal,netem delay 25ms 25ms,ALL,cassandra2,4,1790194078372568,True,
3,4,MONOTONIC_WRITES,normal,netem delay 25ms 25ms,ALL,cassandra2,5,1790194078373568,True,
3,5,MONOTONIC_WRITES,normal,netem delay 25ms 25ms,ALL,cassandra3,6,1790194078374568,True,
4,1,MONOTONIC_WRITES,normal,netem delay 25ms 25ms,ALL,cassandra1,2,1790194079763144,True,
4,2,MONOTONIC_WRITES,normal,netem delay 25ms 25ms,ALL,cassandra2,3,1790194079764144,True,
4,3,MONOTONIC_WRITES,normal,netem delay 25ms 25ms,ALL,cassandra2,4,1790194079765144,True,
4,4,MONOTONIC_WRITES,normal,netem delay 25ms 25ms,ALL,cassandra3,5,1790194079766144,True,
4,5,MONOTONIC_WRITES,normal,netem delay 25ms 25ms,ALL,cassandra1,6,1790194079767144,True,
5,1,MONOTONIC_WRITES,normal,netem delay 25ms 25ms,ALL,cassandra3,2,1790194081095475,True,
5,2,MONOTONIC_WRITES,normal,netem delay 25ms 25ms,ALL,cassandra2,3,1790194081096475,True,
5,3,MONOTONIC_WRITES,normal,netem delay 25ms 25ms,ALL,cassandra2,4,1790194081097475,True,
5,4,MONOTONIC_WRITES,normal,netem delay 25ms 25ms,ALL,cassandra1,5,1790194081098475,True,
5,5,MONOTONIC_WRITES,normal,netem delay 25ms 25ms,ALL,cassandra1,6,1790194081099475,True,
6,1,MONOTONIC_WRITES,normal,netem delay 25ms 25ms,ALL,cassandra3,2,1790194082337780,True,
6,2,MONOTONIC_WRITES,normal,netem delay 25ms 25ms,ALL,cassandra2,3,1790194082338780,True,
6,3,MONOTONIC_WRITES,normal,netem delay 25ms 25ms,ALL,cassandra3,4,1790194082339780,True,
6,4,MONOTONIC_WRITES,normal,netem delay 25ms 25ms,ALL,cassandra3,5,1790194082340780,True,
6,5,MONOTONIC_WRITES,normal,netem delay 25ms 25ms,ALL,cassandra2,6,1790194082341780,True,
7,1,MONOTONIC_WRITES,normal,netem delay 25ms 25ms,ALL,cassandra2,2,1790194083705758,True,
7,2,MONOTONIC_WRITES,normal,netem delay 25ms 25ms,ALL,cassandra2,3,1790194083706758,True,
7,3,MONOTONIC_WRITES,normal,netem delay 25ms 25ms,ALL,cassandra1,4,1790194083707758,True,
7,4,MONOTONIC_WRITES,normal,netem delay 25ms 25ms,ALL,cassandra1,5,1790194083708758,True,
7,5,MONOTONIC_WRITES,normal,netem delay 25ms 25ms,ALL,cassandra1,6,1790194083709758,True,
8,1,MONOTONIC_WRITES,normal,netem delay 25ms 25ms,ALL,cassandra2,2,1790194085205767,True,
8,2,MONOTONIC_WRITES,normal,netem delay 25ms 25ms,ALL,cassandra3,3,1790194085206767,True,
8,3,MONOTONIC_WRITES,normal,netem delay 25ms 25ms,ALL,cassandra3,4,1790194085207767,True,
8,4,MONOTONIC_WRITES,normal,netem delay 25ms 25ms,ALL,cassandra3,5,1790194085208767,True,
8,5,MONOTONIC_WRITES,normal,netem delay 25ms 25ms,ALL,cassandra3,6,1790194085209767,True,
9,1,MONOTONIC_WRITES,normal,netem delay 25ms 25ms,ALL,cassandra2,2,1790194086473134,True,
9,2,MONOTONIC_WRITES,normal,netem delay 25ms 25ms,ALL,cassandra1,3,1790194086474134,True,
9,3,MONOTONIC_WRITES,normal,netem delay 25ms 25ms,ALL,cassandra2,4,1790194086475134,True,
9,4,MONOTONIC_WRITES,normal,netem delay 25ms 25ms,ALL,cassandra1,5,1790194086476134,True,
9,5,MONOTONIC_WRITES,normal,netem delay 25ms 25ms,ALL,cassandra1,6,1790194086477134,True,
10,1,MONOTONIC_WRITES,normal,netem delay 25ms 25ms,ALL,cassandra2,2,1790194087718232,True,
10,2,MONOTONIC_WRITES,normal,netem delay 25ms 25ms,ALL,cassandra1,3,1790194087719232,True,
10,3,MONOTONIC_WRITES,normal,netem delay 25ms 25ms,ALL,cassandra1,4,1790194087720232,True,
10,4,MONOTONIC_WRITES,normal,netem delay 25ms 25ms,ALL,cassandra2,5,1790194087721232,True,
10,5,MONOTONIC_WRITES,normal,netem delay 25ms 25ms,ALL,cassandra2,6,1790194087722232,True,
11,1,MONOTONIC_WRITES,normal,netem delay 25ms 25ms,ALL,cassandra3,2,1790194089169754,True,
11,2,MONOTONIC_WRITES,normal,netem delay 25ms 25ms,ALL,cassandra2,3,1790194089170754,True,
11,3,MONOTONIC_WRITES,normal,netem delay 25ms 25ms,ALL,cassandra3,4,1790194089171754,True,
11,4,MONOTONIC_WRITES,normal,netem delay 25ms 25ms,ALL,cassandra1,5,1790194089172754,True,
11,5,MONOTONIC_WRITES,normal,netem delay 25ms 25ms,ALL,cassandra1,6,1790194089173754,True,
12,1,MONOTONIC_WRITES,normal,netem delay 25ms 25ms,ALL,cassandra1,2,1790194090759761,True,
12,2,MONOTONIC_WRITES,normal,netem delay 25ms 25ms,ALL,cassandra2,3,1790194090760761,True,
12,3,MONOTONIC_WRITES,normal,netem delay 25ms 25ms,ALL,cassandra1,4,1790194090761761,True,
12,4,MONOTONIC_WRITES,normal,netem delay 25ms 25ms,ALL,cassandra3,5,1790194090762761,True,
12,5,MONOTONIC_WRITES,normal,netem delay 25ms 25ms,ALL,cassandra1,6,1790194090763761,True,
13,1,MONOTONIC_WRITES,normal,netem delay 25ms 25ms,ALL,cassandra3,2,1790194092238484,True,
13,2,MONOTONIC_WRITES,normal,netem delay 25ms 25ms,ALL,cassandra3,3,1790194092239484,True,
13,3,MONOTONIC_WRITES,normal,netem delay 25ms 25ms,ALL,cassandra3,4,1790194092240484,True,
13,4,MONOTONIC_WRITES,normal,netem delay 25ms 25ms,ALL,cassandra2,5,1790194092241484,True,
13,5,MONOTONIC_WRITES,normal,netem delay 25ms 25ms,ALL,cassandra2,6,1790194092242484,True,
14,1,MONOTONIC_WRITES,normal,netem delay 25ms 25ms,ALL,cassandra3,2,1790194093646404,True,
14,2,MONOTONIC_WRITES,normal,netem delay 25ms 25ms,ALL,cassandra3,3,1790194093647404,True,
14,3,MONOTONIC_WRITES,normal,netem delay 25ms 25ms,ALL,cassandra3,4,1790194093648404,True,
14,4,MONOTONIC_WRITES,normal,netem delay 25ms 25ms,ALL,cassandra2,5,1790194093649404,True,
14,5,MONOTONIC_WRITES,normal,netem delay 25ms 25ms,ALL,cassandra3,6,1790194093650404,True,
15,1,MONOTONIC_WRITES,normal,netem delay 25ms 25ms,ALL,cassandra2,2,1790194095102453,True,
15,2,MONOTONIC_WRITES,normal,netem delay 25ms 25ms,ALL,cassandra1,3,1790194095103453,True,
15,3,MONOTONIC_WRITES,normal,netem delay 25ms 25ms,ALL,cassandra1,4,1790194095104453,True,
15,4,MONOTONIC_WRITES,normal,netem delay 25ms 25ms,ALL,cassandra3,5,1790194095105453,True,
15,5,MONOTONIC_WRITES,normal,netem delay 25ms 25ms,ALL,cassandra3,6,1790194095106453,True,
16,1,MONOTONIC_WRITES,normal,netem delay 25ms 25ms,ALL,cassandra2,2,1790194096320727,True,
16,2,MONOTONIC_WRITES,normal,netem delay 25ms 25ms,ALL,cassandra1,3,1790194096321727,True,
16,3,MONOTONIC_WRITES,normal,netem delay 25ms 25ms,ALL,cassandra2,4,1790194096322727,True,
16,4,MONOTONIC_WRITES,normal,netem delay 25ms 25ms,ALL,cassandra3,5,1790194096323727,True,
16,5,MONOTONIC_WRITES,normal,netem delay 25ms 25ms,ALL,cassandra2,6,1790194096324727,True,
17,1,MONOTONIC_WRITES,normal,netem delay 25ms 25ms,ALL,cassandra2,2,1790194097634275,True,
17,2,MONOTONIC_WRITES,normal,netem delay 25ms 25ms,ALL,cassandra3,3,1790194097635275,True,
17,3,MONOTONIC_WRITES,normal,netem delay 25ms 25ms,ALL,cassandra1,4,1790194097636275,True,
17,4,MONOTONIC_WRITES,normal,netem delay 25ms 25ms,ALL,cassandra1,5,1790194097637275,True,
17,5,MONOTONIC_WRITES,normal,netem delay 25ms 25ms,ALL,cassandra1,6,1790194097638275,True,
18,1,MONOTONIC_WRITES,normal,netem delay 25ms 25ms,ALL,cassandra3,2,1790194099026012,True,
18,2,MONOTONIC_WRITES,normal,netem delay 25ms 25ms,ALL,cassandra2,3,1790194099027012,True,
18,3,MONOTONIC_WRITES,normal,netem delay 25ms 25ms,ALL,cassandra2,4,1790194099028012,True,
18,4,MONOTONIC_WRITES,normal,netem delay 25ms 25ms,ALL,cassandra3,5,1790194099029012,True,
18,5,MONOTONIC_WRITES,normal,netem delay 25ms 25ms,ALL,cassandra1,6,1790194099030012,True,
19,1,MONOTONIC_WRITES,normal,netem delay 25ms 25ms,ALL,cassandra1,2,1790194100332971,True,
19,2,MONOTONIC_WRITES,normal,netem delay 25ms 25ms,ALL,cassandra1,3,1790194100333971,True,
19,3,MONOTONIC_WRITES,normal,netem delay 25ms 25ms,ALL,cassandra3,4,1790194100334971,True,
19,4,MONOTONIC_WRITES,normal,netem delay 25ms 25ms,ALL,cassandra1,5,1790194100335971,True,
19,5,MONOTONIC_WRITES,normal,netem delay 25ms 25ms,ALL,cassandra2,6,1790194100336971,True,
20,1,MONOTONIC_WRITES,normal,netem delay 25ms 25ms,ALL,cassandra3,2,1790194101764649,True,
20,2,MONOTONIC_WRITES,normal,netem delay 25ms 25ms,ALL,cassandra1,3,1790194101765649,True,
20,3,MONOTONIC_WRITES,normal,netem delay 25ms 25ms,ALL,cassandra3,4,1790194101766649,True,
20,4,MONOTONIC_WRITES,normal,netem delay 25ms 25ms,ALL,cassandra1,5,1790194101767649,True,
20,5,MONOTONIC_WRITES,normal,netem delay 25ms 25ms,ALL,cassandra3,6,1790194101768649,True,
21,1,MONOTONIC_WRITES,normal,netem delay 25ms 25ms,ALL,cassandra3,2,1790194103084419,True,
21,2,MONOTONIC_WRITES,normal,netem delay 25ms 25ms,ALL,cassandra2,3,1790194103085419,True,
21,3,MONOTONIC_WRITES,normal,netem delay 25ms 25ms,ALL,cassandra1,4,1790194103086419,True,
21,4,MONOTONIC_WRITES,normal,netem delay 25ms 25ms,ALL,cassandra2,5,1790194103087419,True,
21,5,MONOTONIC_WRITES,normal,netem delay 25ms 25ms,ALL,cassandra1,6,1790194103088419,True,
22,1,MONOTONIC_WRITES,normal,netem delay 25ms 25ms,ALL,cassandra1,2,1790194104353514,True,
22,2,MONOTONIC_WRITES,normal,netem delay 25ms 25ms,ALL,cassandra3,3,1790194104354514,True,
22,3,MONOTONIC_WRITES,normal,netem delay 25ms 25ms,ALL,cassandra3,4,1790194104355514,True,
22,4,MONOTONIC_WRITES,normal,netem delay 25ms 25ms,ALL,cassandra3,5,1790194104356514,True,
22,5,MONOTONIC_WRITES,normal,netem delay 25ms 25ms,ALL,cassandra3,6,1790194104357514,True,
23,1,MONOTONIC_WRITES,normal,netem delay 25ms 25ms,ALL,cassandra1,2,1790194105808041,True,
23,2,MONOTONIC_WRITES,normal,netem delay 25ms 25ms,ALL,cassandra3,3,1790194105809041,True,
23,3,MONOTONIC_WRITES,normal,netem delay 25ms 25ms,ALL,cassandra3,4,1790194105810041,True,
23,4,MONOTONIC_WRITES,normal,netem delay 25ms 25ms,ALL,cassandra3,5,1790194105811041,True,
23,5,MONOTONIC_WRITES,normal,netem delay 25ms 25ms,ALL,cassandra2,6,1790194105812041,True,
24,1,MONOTONIC_WRITES,normal,netem delay 25ms 25ms,ALL,cassandra1,2,1790194107181472,True,
24,2,MONOTONIC_WRITES,normal,netem delay 25ms 25ms,ALL,cassandra3,3,1790194107182472,True,
24,3,MONOTONIC_WRITES,normal,netem delay 25ms 25ms,ALL,cassandra3,4,1790194107183472,True,
24,4,MONOTONIC_WRITES,normal,netem delay 25ms 25ms,ALL,cassandra2,5,1790194107184472,True,
24,5,MONOTONIC_WRITES,normal,netem delay 25ms 25ms,ALL,cassandra2,6,1790194107185472,True,
25,1,MONOTONIC_WRITES,normal,netem delay 25ms 25ms,ALL,cassandra1,2,1790194108689237,True,
25,2,MONOTONIC_WRITES,normal,netem delay 25ms 25ms,ALL,cassandra2,3,1790194108690237,True,
25,3,MONOTONIC_WRITES,normal,netem delay 25ms 25ms,ALL,cassandra1,4,1790194108691237,True,
25,4,MONOTONIC_WRITES,normal,netem delay 25ms 25ms,ALL,cassandra3,5,1790194108692237,True,
25,5,MONOTONIC_WRITES,normal,netem delay 25ms 25ms,ALL,cassandra3,6,1790194108693237,True,
26,1,MONOTONIC_WRITES,normal,netem delay 25ms 25ms,ALL,cassandra3,2,1790194109917885,True,
26,2,MONOTONIC_WRITES,normal,netem delay 25ms 25ms,ALL,cassandra1,3,1790194109918885,True,
26,3,MONOTONIC_WRITES,normal,netem delay 25ms 25ms,ALL,cassandra1,4,1790194109919885,True,
26,4,MONOTONIC_WRITES,normal,netem delay 25ms 25ms,ALL,cassandra2,5,1790194109920885,True,
26,5,MONOTONIC_WRITES,normal,netem delay 25ms 25ms,ALL,cassandra2,6,1790194109921885,True,
27,1,MONOTONIC_WRITES,normal,netem delay 25ms 25ms,ALL,cassandra3,2,1790194111232010,True,
27,2,MONOTONIC_WRITES,normal,netem delay 25ms 25ms,ALL,cassandra2,3,1790194111233010,True,
27,3,MONOTONIC_WRITES,normal,netem delay 25ms 25ms,ALL,cassandra2,4,1790194111234010,True,
27,4,MONOTONIC_WRITES,normal,netem delay 25ms 25ms,ALL,cassandra2,5,1790194111235010,True,
27,5,MONOTONIC_WRITES,normal,netem delay 25ms 25ms,ALL,cassandra2,6,1790194111236010,True,
28,1,MONOTONIC_WRITES,normal,netem delay 25ms 25ms,ALL,cassandra3,2,1790194112444344,True,
28,2,MONOTONIC_WRITES,normal,netem delay 25ms 25ms,ALL,cassandra3,3,1790194112445344,True,
28,3,MONOTONIC_WRITES,normal,netem delay 25ms 25ms,ALL,cassandra2,4,1790194112446344,True,
28,4,MONOTONIC_WRITES,normal,netem delay 25ms 25ms,ALL,cassandra3,5,1790194112447344,True,
28,5,MONOTONIC_WRITES,normal,netem delay 25ms 25ms,ALL,cassandra3,6,1790194112448344,True,
29,1,MONOTONIC_WRITES,normal,netem delay 25ms 25ms,ALL,cassandra2,2,1790194113791415,True,
29,2,MONOTONIC_WRITES,normal,netem delay 25ms 25ms,ALL,cassandra2,3,1790194113792415,True,
29,3,MONOTONIC_WRITES,normal,netem delay 25ms 25ms,ALL,cassandra2,4,1790194113793415,True,
29,4,MONOTONIC_WRITES,normal,netem delay 25ms 25ms,ALL,cassandra1,5,1790194113794415,True,
29,5,MONOTONIC_WRITES,normal,netem delay 25ms 25ms,ALL,cassandra1,6,1790194113795415,True,
30,1,MONOTONIC_WRITES,normal,netem delay 25ms 25ms,ALL,cassandra1,2,1790194115099021,True,
30,2,MONOTONIC_WRITES,normal,netem delay 25ms 25ms,ALL,cassandra3,3,1790194115100021,True,
30,3,MONOTONIC_WRITES,normal,netem delay 25ms 25ms,ALL,cassandra3,4,1790194115101021,True,
30,4,MONOTONIC_WRITES,normal,netem delay 25ms 25ms,ALL,cassandra3,5,1790194115102021,True,
30,5,MONOTONIC_WRITES,normal,netem delay 25ms 25ms,ALL,cassandra1,6,1790194115103021,True,
31,1,MONOTONIC_WRITES,normal,netem delay 25ms 25ms,ALL,cassandra1,2,1790194116410531,True,
31,2,MONOTONIC_WRITES,normal,netem delay 25ms 25ms,ALL,cassandra2,3,1790194116411531,True,
31,3,MONOTONIC_WRITES,normal,netem delay 25ms 25ms,ALL,cassandra3,4,1790194116412531,True,
31,4,MONOTONIC_WRITES,normal,netem delay 25ms 25ms,ALL,cassandra1,5,1790194116413531,True,
31,5,MONOTONIC_WRITES,normal,netem delay 25ms 25ms,ALL,cassandra2,6,1790194116414531,True,
32,1,MONOTONIC_WRITES,normal,netem delay 25ms 25ms,ALL,cassandra3,2,1790194117719054,True,
32,2,MONOTONIC_WRITES,normal,netem delay 25ms 25ms,ALL,cassandra3,3,1790194117720054,True,
32,3,MONOTONIC_WRITES,normal,netem delay 25ms 25ms,ALL,cassandra2,4,1790194117721054,True,
32,4,MONOTONIC_WRITES,normal,netem delay 25ms 25ms,ALL,cassandra3,5,1790194117722054,True,
32,5,MONOTONIC_WRITES,normal,netem delay 25ms 25ms,ALL,cassandra1,6,1790194117723054,True,
33,1,MONOTONIC_WRITES,normal,netem delay 25ms 25ms,ALL,cassandra3,2,1790194119010299,True,
33,2,MONOTONIC_WRITES,normal,netem delay 25ms 25ms,ALL,cassandra3,3,1790194119011299,True,
33,3,MONOTONIC_WRITES,normal,netem delay 25ms 25ms,ALL,cassandra3,4,1790194119012299,True,
33,4,MONOTONIC_WRITES,normal,netem delay 25ms 25ms,ALL,cassandra2,5,1790194119013299,True,
33,5,MONOTONIC_WRITES,normal,netem delay 25ms 25ms,ALL,cassandra2,6,1790194119014299,True,
34,1,MONOTONIC_WRITES,normal,netem delay 25ms 25ms,ALL,cassandra1,2,1790194120269647,True,
34,2,MONOTONIC_WRITES,normal,netem delay 25ms 25ms,ALL,cassandra3,3,1790194120270647,True,
34,3,MONOTONIC_WRITES,normal,netem delay 25ms 25ms,ALL,cassandra3,4,1790194120271647,True,
34,4,MONOTONIC_WRITES,normal,netem delay 25ms 25ms,ALL,cassandra2,5,1790194120272647,True,
34,5,MONOTONIC_WRITES,normal,netem delay 25ms 25ms,ALL,cassandra2,6,1790194120273647,True,
35,1,MONOTONIC_WRITES,normal,netem delay 25ms 25ms,ALL,cassandra1,2,1790194121647978,True,
35,2,MONOTONIC_WRITES,normal,netem delay 25ms 25ms,ALL,cassandra2,3,1790194121648978,True,
35,3,MONOTONIC_WRITES,normal,netem delay 25ms 25ms,ALL,cassandra1,4,1790194121649978,True,
35,4,MONOTONIC_WRITES,normal,netem delay 25ms 25ms,ALL,cassandra1,5,1790194121650978,True,
35,5,MONOTONIC_WRITES,normal,netem delay 25ms 25ms,ALL,cassandra2,6,1790194121651978,True,
36,1,MONOTONIC_WRITES,normal,netem delay 25ms 25ms,ALL,cassandra1,2,1790194123082914,True,
36,2,MONOTONIC_WRITES,normal,netem delay 25ms 25ms,ALL,cassandra3,3,1790194123083914,True,
36,3,MONOTONIC_WRITES,normal,netem delay 25ms 25ms,ALL,cassandra2,4,1790194123084914,True,
36,4,MONOTONIC_WRITES,normal,netem delay 25ms 25ms,ALL,cassandra1,5,1790194123085914,True,
36,5,MONOTONIC_WRITES,normal,netem delay 25ms 25ms,ALL,cassandra3,6,1790194123086914,True,
37,1,MONOTONIC_WRITES,normal,netem delay 25ms 25ms,ALL,cassandra2,2,1790194124350174,True,
37,2,MONOTONIC_WRITES,normal,netem delay 25ms 25ms,ALL,cassandra1,3,1790194124351174,True,
37,3,MONOTONIC_WRITES,normal,netem delay 25ms 25ms,ALL,cassandra1,4,1790194124352174,True,
37,4,MONOTONIC_WRITES,normal,netem delay 25ms 25ms,ALL,cassandra1,5,1790194124353174,True,
37,5,MONOTONIC_WRITES,normal,netem delay 25ms 25ms,ALL,cassandra2,6,1790194124354174,True,
38,1,MONOTONIC_WRITES,normal,netem delay 25ms 25ms,ALL,cassandra2,2,1790194125635293,True,
38,2,MONOTONIC_WRITES,normal,netem delay 25ms 25ms,ALL,cassandra2,3,1790194125636293,True,
38,3,MONOTONIC_WRITES,normal,netem delay 25ms 25ms,ALL,cassandra1,4,1790194125637293,True,
38,4,MONOTONIC_WRITES,normal,netem delay 25ms 25ms,ALL,cassandra3,5,1790194125638293,True,
38,5,MONOTONIC_WRITES,normal,netem delay 25ms 25ms,ALL,cassandra2,6,1790194125639293,True,
39,1,MONOTONIC_WRITES,normal,netem delay 25ms 25ms,ALL,cassandra1,2,1790194126782854,True,
39,2,MONOTONIC_WRITES,normal,netem delay 25ms 25ms,ALL,cassandra1,3,1790194126783854,True,
39,3,MONOTONIC_WRITES,normal,netem delay 25ms 25ms,ALL,cassandra1,4,1790194126784854,True,
39,4,MONOTONIC_WRITES,normal,netem delay 25ms 25ms,ALL,cassandra1,5,1790194126785854,True,
39,5,MONOTONIC_WRITES,normal,netem delay 25ms 25ms,ALL,cassandra2,6,1790194126786854,True,
40,1,MONOTONIC_WRITES,normal,netem delay 25ms 25ms,ALL,cassandra3,2,1790194128041175,True,
40,2,MONOTONIC_WRITES,normal,netem delay 25ms 25ms,ALL,cassandra1,3,1790194128042175,True,
40,3,MONOTONIC_WRITES,normal,netem delay 25ms 25ms,ALL,cassandra1,4,1790194128043175,True,
40,4,MONOTONIC_WRITES,normal,netem delay 25ms 25ms,ALL,cassandra2,5,1790194128044175,True,
40,5,MONOTONIC_WRITES,normal,netem delay 25ms 25ms,ALL,cassandra1,6,1790194128045175,True,
41,1,MONOTONIC_WRITES,normal,netem delay 25ms 25ms,ALL,cassandra2,2,1790194129487719,True,
41,2,MONOTONIC_WRITES,normal,netem delay 25ms 25ms,ALL,cassandra1,3,1790194129488719,True,
41,3,MONOTONIC_WRITES,normal,netem delay 25ms 25ms,ALL,cassandra1,4,1790194129489719,True,
41,4,MONOTONIC_WRITES,normal,netem delay 25ms 25ms,ALL,cassandra1,5,1790194129490719,True,
41,5,MONOTONIC_WRITES,normal,netem delay 25ms 25ms,ALL,cassandra1,6,1790194129491719,True,
42,1,MONOTONIC_WRITES,normal,netem delay 25ms 25ms,ALL,cassandra2,2,1790194130786659,True,
42,2,MONOTONIC_WRITES,normal,netem delay 25ms 25ms,ALL,cassandra3,3,1790194130787659,True,
42,3,MONOTONIC_WRITES,normal,netem delay 25ms 25ms,ALL,cassandra3,4,1790194130788659,True,
42,4,MONOTONIC_WRITES,normal,netem delay 25ms 25ms,ALL,cassandra3,5,1790194130789659,True,
42,5,MONOTONIC_WRITES,normal,netem delay 25ms 25ms,ALL,cassandra2,6,1790194130790659,True,
43,1,MONOTONIC_WRITES,normal,netem delay 25ms 25ms,ALL,cassandra3,2,1790194132151779,True,
43,2,MONOTONIC_WRITES,normal,netem delay 25ms 25ms,ALL,cassandra3,3,1790194132152779,True,
43,3,MONOTONIC_WRITES,normal,netem delay 25ms 25ms,ALL,cassandra2,4,1790194132153779,True,
43,4,MONOTONIC_WRITES,normal,netem delay 25ms 25ms,ALL,cassandra2,5,1790194132154779,True,
43,5,MONOTONIC_WRITES,normal,netem delay 25ms 25ms,ALL,cassandra2,6,1790194132155779,True,
44,1,MONOTONIC_WRITES,normal,netem delay 25ms 25ms,ALL,cassandra3,2,1790194133604711,True,
44,2,MONOTONIC_WRITES,normal,netem delay 25ms 25ms,ALL,cassandra1,3,1790194133605711,True,
44,3,MONOTONIC_WRITES,normal,netem delay 25ms 25ms,ALL,cassandra1,4,1790194133606711,True,
44,4,MONOTONIC_WRITES,normal,netem delay 25ms 25ms,ALL,cassandra2,5,1790194133607711,True,
44,5,MONOTONIC_WRITES,normal,netem delay 25ms 25ms,ALL,cassandra2,6,1790194133608711,True,
45,1,MONOTONIC_WRITES,normal,netem delay 25ms 25ms,ALL,cassandra3,2,1790194135080185,True,
45,2,MONOTONIC_WRITES,normal,netem delay 25ms 25ms,ALL,cassandra2,3,1790194135081185,True,
45,3,MONOTONIC_WRITES,normal,netem delay 25ms 25ms,ALL,cassandra3,4,1790194135082185,True,
45,4,MONOTONIC_WRITES,normal,netem delay 25ms 25ms,ALL,cassandra1,5,1790194135083185,True,
45,5,MONOTONIC_WRITES,normal,netem delay 25ms 25ms,ALL,cassandra1,6,1790194135084185,True,
46,1,MONOTONIC_WRITES,normal,netem delay 25ms 25ms,ALL,cassandra2,2,1790194136447990,True,
46,2,MONOTONIC_WRITES,normal,netem delay 25ms 25ms,ALL,cassandra3,3,1790194136448990,True,
46,3,MONOTONIC_WRITES,normal,netem delay 25ms 25ms,ALL,cassandra1,4,1790194136449990,True,
46,4,MONOTONIC_WRITES,normal,netem delay 25ms 25ms,ALL,cassandra2,5,1790194136450990,True,
46,5,MONOTONIC_WRITES,normal,netem delay 25ms 25ms,ALL,cassandra2,6,1790194136451990,True,
47,1,MONOTONIC_WRITES,normal,netem delay 25ms 25ms,ALL,cassandra3,2,1790194137854335,True,
47,2,MONOTONIC_WRITES,normal,netem delay 25ms 25ms,ALL,cassandra2,3,1790194137855335,True,
47,3,MONOTONIC_WRITES,normal,netem delay 25ms 25ms,ALL,cassandra1,4,1790194137856335,True,
47,4,MONOTONIC_WRITES,normal,netem delay 25ms 25ms,ALL,cassandra2,5,1790194137857335,True,
47,5,MONOTONIC_WRITES,normal,netem delay 25ms 25ms,ALL,cassandra1,6,1790194137858335,True,
48,1,MONOTONIC_WRITES,normal,netem delay 25ms 25ms,ALL,cassandra3,2,1790194139173794,True,
48,2,MONOTONIC_WRITES,normal,netem delay 25ms 25ms,ALL,cassandra1,3,1790194139174794,True,
48,3,MONOTONIC_WRITES,normal,netem delay 25ms 25ms,ALL,cassandra3,4,1790194139175794,True,
48,4,MONOTONIC_WRITES,normal,netem delay 25ms 25ms,ALL,cassandra1,5,1790194139176794,True,
48,5,MONOTONIC_WRITES,normal,netem delay 25ms 25ms,ALL,cassandra3,6,1790194139177794,True,
49,1,MONOTONIC_WRITES,normal,netem delay 25ms 25ms,ALL,cassandra3,2,1790194140484510,True,
49,2,MONOTONIC_WRITES,normal,netem delay 25ms 25ms,ALL,cassandra1,3,1790194140485510,True,
49,3,MONOTONIC_WRITES,normal,netem delay 25ms 25ms,ALL,cassandra3,4,1790194140486510,True,
49,4,MONOTONIC_WRITES,normal,netem delay 25ms 25ms,ALL,cassandra3,5,1790194140487510,True,
49,5,MONOTONIC_WRITES,normal,netem delay 25ms 25ms,ALL,cassandra1,6,1790194140488510,True,
50,1,MONOTONIC_WRITES,normal,netem delay 25ms 25ms,ALL,cassandra3,2,1790194141555301,True,
50,2,MONOTONIC_WRITES,normal,netem delay 25ms 25ms,ALL,cassandra3,3,1790194141556301,True,
50,3,MONOTONIC_WRITES,normal,netem delay 25ms 25ms,ALL,cassandra2,4,1790194141557301,True,
50,4,MONOTONIC_WRITES,normal,netem delay 25ms 25ms,ALL,cassandra2,5,1790194141558301,True,
50,5,MONOTONIC_WRITES,normal,netem delay 25ms 25ms,ALL,cassandra1,6,1790194141559301,True,
51,1,MONOTONIC_WRITES,normal,netem delay 25ms 25ms,ALL,cassandra2,2,1790194143027905,True,
51,2,MONOTONIC_WRITES,normal,netem delay 25ms 25ms,ALL,cassandra2,3,1790194143028905,True,
51,3,MONOTONIC_WRITES,normal,netem delay 25ms 25ms,ALL,cassandra1,4,1790194143029905,True,
51,4,MONOTONIC_WRITES,normal,netem delay 25ms 25ms,ALL,cassandra3,5,1790194143030905,True,
51,5,MONOTONIC_WRITES,normal,netem delay 25ms 25ms,ALL,cassandra2,6,1790194143031905,True,
52,1,MONOTONIC_WRITES,normal,netem delay 25ms 25ms,ALL,cassandra2,2,1790194144232428,True,
52,2,MONOTONIC_WRITES,normal,netem delay 25ms 25ms,ALL,cassandra1,3,1790194144233428,True,
52,3,MONOTONIC_WRITES,normal,netem delay 25ms 25ms,ALL,cassandra2,4,1790194144234428,True,
52,4,MONOTONIC_WRITES,normal,netem delay 25ms 25ms,ALL,cassandra3,5,1790194144235428,True,
52,5,MONOTONIC_WRITES,normal,netem delay 25ms 25ms,ALL,cassandra3,6,1790194144236428,True,
53,1,MONOTONIC_WRITES,normal,netem delay 25ms 25ms,ALL,cassandra1,2,1790194145522906,True,
53,2,MONOTONIC_WRITES,normal,netem delay 25ms 25ms,ALL,cassandra2,3,1790194145523906,True,
53,3,MONOTONIC_WRITES,normal,netem delay 25ms 25ms,ALL,cassandra1,4,1790194145524906,True,
53,4,MONOTONIC_WRITES,normal,netem delay 25ms 25ms,ALL,cassandra3,5,1790194145525906,True,
53,5,MONOTONIC_WRITES,normal,netem delay 25ms 25ms,ALL,cassandra1,6,1790194145526906,True,
54,1,MONOTONIC_WRITES,normal,netem delay 25ms 25ms,ALL,cassandra2,2,1790194147129869,True,
54,2,MONOTONIC_WRITES,normal,netem delay 25ms 25ms,ALL,cassandra2,3,1790194147130869,True,
54,3,MONOTONIC_WRITES,normal,netem delay 25ms 25ms,ALL,cassandra2,4,1790194147131869,True,
54,4,MONOTONIC_WRITES,normal,netem delay 25ms 25ms,ALL,cassandra3,5,1790194147132869,True,
54,5,MONOTONIC_WRITES,normal,netem delay 25ms 25ms,ALL,cassandra2,6,1790194147133869,True,
55,1,MONOTONIC_WRITES,normal,netem delay 25ms 25ms,ALL,cassandra2,2,1790194148308047,True,
55,2,MONOTONIC_WRITES,normal,netem delay 25ms 25ms,ALL,cassandra3,3,1790194148309047,True,
55,3,MONOTONIC_WRITES,normal,netem delay 25ms 25ms,ALL,cassandra2,4,1790194148310047,True,
55,4,MONOTONIC_WRITES,normal,netem delay 25ms 25ms,ALL,cassandra3,5,1790194148311047,True,
55,5,MONOTONIC_WRITES,normal,netem delay 25ms 25ms,ALL,cassandra2,6,1790194148312047,True,
56,1,MONOTONIC_WRITES,normal,netem delay 25ms 25ms,ALL,cassandra3,2,1790194149669604,True,
56,2,MONOTONIC_WRITES,normal,netem delay 25ms 25ms,ALL,cassandra3,3,1790194149670604,True,
56,3,MONOTONIC_WRITES,normal,netem delay 25ms 25ms,ALL,cassandra3,4,1790194149671604,True,
56,4,MONOTONIC_WRITES,normal,netem delay 25ms 25ms,ALL,cassandra3,5,1790194149672604,True,
56,5,MONOTONIC_WRITES,normal,netem delay 25ms 25ms,ALL,cassandra2,6,1790194149673604,True,
57,1,MONOTONIC_WRITES,normal,netem delay 25ms 25ms,ALL,cassandra1,2,1790194150853904,True,
57,2,MONOTONIC_WRITES,normal,netem delay 25ms 25ms,ALL,cassandra2,3,1790194150854904,True,
57,3,MONOTONIC_WRITES,normal,netem delay 25ms 25ms,ALL,cassandra1,4,1790194150855904,True,
57,4,MONOTONIC_WRITES,normal,netem delay 25ms 25ms,ALL,cassandra2,5,1790194150856904,True,
57,5,MONOTONIC_WRITES,normal,netem delay 25ms 25ms,ALL,cassandra1,6,1790194150857904,True,
58,1,MONOTONIC_WRITES,normal,netem delay 25ms 25ms,ALL,cassandra1,2,1790194152161609,True,
58,2,MONOTONIC_WRITES,normal,netem delay 25ms 25ms,ALL,cassandra3,3,1790194152162609,True,
58,3,MONOTONIC_WRITES,normal,netem delay 25ms 25ms,ALL,cassandra3,4,1790194152163609,True,
58,4,MONOTONIC_WRITES,normal,netem delay 25ms 25ms,ALL,cassandra3,5,1790194152164609,True,
58,5,MONOTONIC_WRITES,normal,netem delay 25ms 25ms,ALL,cassandra3,6,1790194152165609,True,
59,1,MONOTONIC_WRITES,normal,netem delay 25ms 25ms,ALL,cassandra3,2,1790194153470889,True,
59,2,MONOTONIC_WRITES,normal,netem delay 25ms 25ms,ALL,cassandra3,3,1790194153471889,True,
59,3,MONOTONIC_WRITES,normal,netem delay 25ms 25ms,ALL,cassandra2,4,1790194153472889,True,
59,4,MONOTONIC_WRITES,normal,netem delay 25ms 25ms,ALL,cassandra1,5,1790194153473889,True,
59,5,MONOTONIC_WRITES,normal,netem delay 25ms 25ms,ALL,cassandra3,6,1790194153474889,True,
60,1,MONOTONIC_WRITES,normal,netem delay 25ms 25ms,ALL,cassandra3,2,1790194154755467,True,
60,2,MONOTONIC_WRITES,normal,netem delay 25ms 25ms,ALL,cassandra3,3,1790194154756467,True,
60,3,MONOTONIC_WRITES,normal,netem delay 25ms 25ms,ALL,cassandra1,4,1790194154757467,True,
60,4,MONOTONIC_WRITES,normal,netem delay 25ms 25ms,ALL,cassandra3,5,1790194154758467,True,
60,5,MONOTONIC_WRITES,normal,netem delay 25ms 25ms,ALL,cassandra1,6,1790194154759467,True,
61,1,MONOTONIC_WRITES,normal,netem delay 25ms 25ms,ALL,cassandra2,2,1790194156112961,True,
61,2,MONOTONIC_WRITES,normal,netem delay 25ms 25ms,ALL,cassandra1,3,1790194156113961,True,
61,3,MONOTONIC_WRITES,normal,netem delay 25ms 25ms,ALL,cassandra2,4,1790194156114961,True,
61,4,MONOTONIC_WRITES,normal,netem delay 25ms 25ms,ALL,cassandra1,5,1790194156115961,True,
61,5,MONOTONIC_WRITES,normal,netem delay 25ms 25ms,ALL,cassandra1,6,1790194156116961,True,
62,1,MONOTONIC_WRITES,normal,netem delay 25ms 25ms,ALL,cassandra2,2,1790194157656656,True,
62,2,MONOTONIC_WRITES,normal,netem delay 25ms 25ms,ALL,cassandra1,3,1790194157657656,True,
62,3,MONOTONIC_WRITES,normal,netem delay 25ms 25ms,ALL,cassandra1,4,1790194157658656,True,
62,4,MONOTONIC_WRITES,normal,netem delay 25ms 25ms,ALL,cassandra3,5,1790194157659656,True,
62,5,MONOTONIC_WRITES,normal,netem delay 25ms 25ms,ALL,cassandra3,6,1790194157660656,True,
63,1,MONOTONIC_WRITES,normal,netem delay 25ms 25ms,ALL,cassandra2,2,1790194159089903,True,
63,2,MONOTONIC_WRITES,normal,netem delay 25ms 25ms,ALL,cassandra2,3,1790194159090903,True,
63,3,MONOTONIC_WRITES,normal,netem delay 25ms 25ms,ALL,cassandra3,4,1790194159091903,True,
63,4,MONOTONIC_WRITES,normal,netem delay 25ms 25ms,ALL,cassandra1,5,1790194159092903,True,
63,5,MONOTONIC_WRITES,normal,netem delay 25ms 25ms,ALL,cassandra1,6,1790194159093903,True,
64,1,MONOTONIC_WRITES,normal,netem delay 25ms 25ms,ALL,cassandra3,2,1790194160489920,True,
64,2,MONOTONIC_WRITES,normal,netem delay 25ms 25ms,ALL,cassandra2,3,1790194160490920,True,
64,3,MONOTONIC_WRITES,normal,netem delay 25ms 25ms,ALL,cassandra2,4,1790194160491920,True,
64,4,MONOTONIC_WRITES,normal,netem delay 25ms 25ms,ALL,cassandra1,5,1790194160492920,True,
64,5,MONOTONIC_WRITES,normal,netem delay 25ms 25ms,ALL,cassandra1,6,1790194160493920,True,
65,1,MONOTONIC_WRITES,normal,netem delay 25ms 25ms,ALL,cassandra1,2,1790194162150621,True,
65,2,MONOTONIC_WRITES,normal,netem delay 25ms 25ms,ALL,cassandra1,3,1790194162151621,True,
65,3,MONOTONIC_WRITES,normal,netem delay 25ms 25ms,ALL,cassandra2,4,1790194162152621,True,
65,4,MONOTONIC_WRITES,normal,netem delay 25ms 25ms,ALL,cassandra1,5,1790194162153621,True,
65,5,MONOTONIC_WRITES,normal,netem delay 25ms 25ms,ALL,cassandra3,6,1790194162154621,True,
66,1,MONOTONIC_WRITES,normal,netem delay 25ms 25ms,ALL,cassandra2,2,1790194163565438,True,
66,2,MONOTONIC_WRITES,normal,netem delay 25ms 25ms,ALL,cassandra2,3,1790194163566438,True,
66,3,MONOTONIC_WRITES,normal,netem delay 25ms 25ms,ALL,cassandra3,4,1790194163567438,True,
66,4,MONOTONIC_WRITES,normal,netem delay 25ms 25ms,ALL,cassandra3,5,1790194163568438,True,
66,5,MONOTONIC_WRITES,normal,netem delay 25ms 25ms,ALL,cassandra1,6,1790194163569438,True,
67,1,MONOTONIC_WRITES,normal,netem delay 25ms 25ms,ALL,cassandra1,2,1790194164787505,True,
67,2,MONOTONIC_WRITES,normal,netem delay 25ms 25ms,ALL,cassandra3,3,1790194164788505,True,
67,3,MONOTONIC_WRITES,normal,netem delay 25ms 25ms,ALL,cassandra2,4,1790194164789505,True,
67,4,MONOTONIC_WRITES,normal,netem delay 25ms 25ms,ALL,cassandra1,5,1790194164790505,True,
67,5,MONOTONIC_WRITES,normal,netem delay 25ms 25ms,ALL,cassandra3,6,1790194164791505,True,
68,1,MONOTONIC_WRITES,normal,netem delay 25ms 25ms,ALL,cassandra3,2,1790194166175845,True,
68,2,MONOTONIC_WRITES,normal,netem delay 25ms 25ms,ALL,cassandra3,3,1790194166176845,True,
68,3,MONOTONIC_WRITES,normal,netem delay 25ms 25ms,ALL,cassandra2,4,1790194166177845,True,
68,4,MONOTONIC_WRITES,normal,netem delay 25ms 25ms,ALL,cassandra2,5,1790194166178845,True,
68,5,MONOTONIC_WRITES,normal,netem delay 25ms 25ms,ALL,cassandra1,6,1790194166179845,True,
69,1,MONOTONIC_WRITES,normal,netem delay 25ms 25ms,ALL,cassandra3,2,1790194167532327,True,
69,2,MONOTONIC_WRITES,normal,netem delay 25ms 25ms,ALL,cassandra1,3,1790194167533327,True,
69,3,MONOTONIC_WRITES,normal,netem delay 25ms 25ms,ALL,cassandra1,4,1790194167534327,True,
69,4,MONOTONIC_WRITES,normal,netem delay 25ms 25ms,ALL,cassandra3,5,1790194167535327,True,
69,5,MONOTONIC_WRITES,normal,netem delay 25ms 25ms,ALL,cassandra3,6,1790194167536327,True,
70,1,MONOTONIC_WRITES,normal,netem delay 25ms 25ms,ALL,cassandra1,2,1790194169032838,True,
70,2,MONOTONIC_WRITES,normal,netem delay 25ms 25ms,ALL,cassandra3,3,1790194169033838,True,
70,3,MONOTONIC_WRITES,normal,netem delay 25ms 25ms,ALL,cassandra3,4,1790194169034838,True,
70,4,MONOTONIC_WRITES,normal,netem delay 25ms 25ms,ALL,cassandra2,5,1790194169035838,True,
70,5,MONOTONIC_WRITES,normal,netem delay 25ms 25ms,ALL,cassandra1,6,1790194169036838,True,
71,1,MONOTONIC_WRITES,normal,netem delay 25ms 25ms,ALL,cassandra3,2,1790194170498406,True,
71,2,MONOTONIC_WRITES,normal,netem delay 25ms 25ms,ALL,cassandra2,3,1790194170499406,True,
71,3,MONOTONIC_WRITES,normal,netem delay 25ms 25ms,ALL,cassandra3,4,1790194170500406,True,
71,4,MONOTONIC_WRITES,normal,netem delay 25ms 25ms,ALL,cassandra1,5,1790194170501406,True,
71,5,MONOTONIC_WRITES,normal,netem delay 25ms 25ms,ALL,cassandra3,6,1790194170502406,True,
72,1,MONOTONIC_WRITES,normal,netem delay 25ms 25ms,ALL,cassandra3,2,1790194171975006,True,
72,2,MONOTONIC_WRITES,normal,netem delay 25ms 25ms,ALL,cassandra1,3,1790194171976006,True,
72,3,MONOTONIC_WRITES,normal,netem delay 25ms 25ms,ALL,cassandra3,4,1790194171977006,True,
72,4,MONOTONIC_WRITES,normal,netem delay 25ms 25ms,ALL,cassandra2,5,1790194171978006,True,
72,5,MONOTONIC_WRITES,normal,netem delay 25ms 25ms,ALL,cassandra1,6,1790194171979006,True,
73,1,MONOTONIC_WRITES,normal,netem delay 25ms 25ms,ALL,cassandra2,2,1790194173340466,True,
73,2,MONOTONIC_WRITES,normal,netem delay 25ms 25ms,ALL,cassandra1,3,1790194173341466,True,
73,3,MONOTONIC_WRITES,normal,netem delay 25ms 25ms,ALL,cassandra1,4,1790194173342466,True,
73,4,MONOTONIC_WRITES,normal,netem delay 25ms 25ms,ALL,cassandra2,5,1790194173343466,True,
73,5,MONOTONIC_WRITES,normal,netem delay 25ms 25ms,ALL,cassandra3,6,1790194173344466,True,
74,1,MONOTONIC_WRITES,normal,netem delay 25ms 25ms,ALL,cassandra1,2,1790194174801725,True,
74,2,MONOTONIC_WRITES,normal,netem delay 25ms 25ms,ALL,cassandra1,3,1790194174802725,True,
74,3,MONOTONIC_WRITES,normal,netem delay 25ms 25ms,ALL,cassandra1,4,1790194174803725,True,
74,4,MONOTONIC_WRITES,normal,netem delay 25ms 25ms,ALL,cassandra1,5,1790194174804725,True,
74,5,MONOTONIC_WRITES,normal,netem delay 25ms 25ms,ALL,cassandra3,6,1790194174805725,True,
75,1,MONOTONIC_WRITES,normal,netem delay 25ms 25ms,ALL,cassandra1,2,1790194176010593,True,
75,2,MONOTONIC_WRITES,normal,netem delay 25ms 25ms,ALL,cassandra3,3,1790194176011593,True,
75,3,MONOTONIC_WRITES,normal,netem delay 25ms 25ms,ALL,cassandra2,4,1790194176012593,True,
75,4,MONOTONIC_WRITES,normal,netem delay 25ms 25ms,ALL,cassandra3,5,1790194176013593,True,
75,5,MONOTONIC_WRITES,normal,netem delay 25ms 25ms,ALL,cassandra3,6,1790194176014593,True,
76,1,MONOTONIC_WRITES,normal,netem delay 25ms 25ms,ALL,cassandra3,2,1790194177385254,True,
76,2,MONOTONIC_WRITES,normal,netem delay 25ms 25ms,ALL,cassandra3,3,1790194177386254,True,
76,3,MONOTONIC_WRITES,normal,netem delay 25ms 25ms,ALL,cassandra3,4,1790194177387254,True,
76,4,MONOTONIC_WRITES,normal,netem delay 25ms 25ms,ALL,cassandra2,5,1790194177388254,True,
76,5,MONOTONIC_WRITES,normal,netem delay 25ms 25ms,ALL,cassandra2,6,1790194177389254,True,
77,1,MONOTONIC_WRITES,normal,netem delay 25ms 25ms,ALL,cassandra2,2,1790194178659123,True,
77,2,MONOTONIC_WRITES,normal,netem delay 25ms 25ms,ALL,cassandra1,3,1790194178660123,True,
77,3,MONOTONIC_WRITES,normal,netem delay 25ms 25ms,ALL,cassandra2,4,1790194178661123,True,
77,4,MONOTONIC_WRITES,normal,netem delay 25ms 25ms,ALL,cassandra2,5,1790194178662123,True,
77,5,MONOTONIC_WRITES,normal,netem delay 25ms 25ms,ALL,cassandra1,6,1790194178663123,True,
78,1,MONOTONIC_WRITES,normal,netem delay 25ms 25ms,ALL,cassandra1,2,1790194180191017,True,
78,2,MONOTONIC_WRITES,normal,netem delay 25ms 25ms,ALL,cassandra3,3,1790194180192017,True,
78,3,MONOTONIC_WRITES,normal,netem delay 25ms 25ms,ALL,cassandra1,4,1790194180193017,True,
78,4,MONOTONIC_WRITES,normal,netem delay 25ms 25ms,ALL,cassandra1,5,1790194180194017,True,
78,5,MONOTONIC_WRITES,normal,netem delay 25ms 25ms,ALL,cassandra3,6,1790194180195017,True,
79,1,MONOTONIC_WRITES,normal,netem delay 25ms 25ms,ALL,cassandra3,2,1790194181622620,True,
79,2,MONOTONIC_WRITES,normal,netem delay 25ms 25ms,ALL,cassandra2,3,1790194181623620,True,
79,3,MONOTONIC_WRITES,normal,netem delay 25ms 25ms,ALL,cassandra1,4,1790194181624620,True,
79,4,MONOTONIC_WRITES,normal,netem delay 25ms 25ms,ALL,cassandra3,5,1790194181625620,True,
79,5,MONOTONIC_WRITES,normal,netem delay 25ms 25ms,ALL,cassandra3,6,1790194181626620,True,
80,1,MONOTONIC_WRITES,normal,netem delay 25ms 25ms,ALL,cassandra3,2,1790194183108260,True,
80,2,MONOTONIC_WRITES,normal,netem delay 25ms 25ms,ALL,cassandra3,3,1790194183109260,True,
80,3,MONOTONIC_WRITES,normal,netem delay 25ms 25ms,ALL,cassandra2,4,1790194183110260,True,
80,4,MONOTONIC_WRITES,normal,netem delay 25ms 25ms,ALL,cassandra1,5,1790194183111260,True,
80,5,MONOTONIC_WRITES,normal,netem delay 25ms 25ms,ALL,cassandra3,6,1790194183112260,True,
81,1,MONOTONIC_WRITES,normal,netem delay 25ms 25ms,ALL,cassandra3,2,1790194184397655,True,
81,2,MONOTONIC_WRITES,normal,netem delay 25ms 25ms,ALL,cassandra1,3,1790194184398655,True,
81,3,MONOTONIC_WRITES,normal,netem delay 25ms 25ms,ALL,cassandra1,4,1790194184399655,True,
81,4,MONOTONIC_WRITES,normal,netem delay 25ms 25ms,ALL,cassandra2,5,1790194184400655,True,
81,5,MONOTONIC_WRITES,normal,netem delay 25ms 25ms,ALL,cassandra2,6,1790194184401655,True,
82,1,MONOTONIC_WRITES,normal,netem delay 25ms 25ms,ALL,cassandra2,2,1790194185893417,True,
82,2,MONOTONIC_WRITES,normal,netem delay 25ms 25ms,ALL,cassandra2,3,1790194185894417,True,
82,3,MONOTONIC_WRITES,normal,netem delay 25ms 25ms,ALL,cassandra2,4,1790194185895417,True,
82,4,MONOTONIC_WRITES,normal,netem delay 25ms 25ms,ALL,cassandra1,5,1790194185896417,True,
82,5,MONOTONIC_WRITES,normal,netem delay 25ms 25ms,ALL,cassandra1,6,1790194185897417,True,
83,1,MONOTONIC_WRITES,normal,netem delay 25ms 25ms,ALL,cassandra1,2,1790194187185522,True,
83,2,MONOTONIC_WRITES,normal,netem delay 25ms 25ms,ALL,cassandra3,3,1790194187186522,True,
83,3,MONOTONIC_WRITES,normal,netem delay 25ms 25ms,ALL,cassandra2,4,1790194187187522,True,
83,4,MONOTONIC_WRITES,normal,netem delay 25ms 25ms,ALL,cassandra1,5,1790194187188522,True,
83,5,MONOTONIC_WRITES,normal,netem delay 25ms 25ms,ALL,cassandra1,6,1790194187189522,True,
84,1,MONOTONIC_WRITES,normal,netem delay 25ms 25ms,ALL,cassandra3,2,1790194188502457,True,
84,2,MONOTONIC_WRITES,normal,netem delay 25ms 25ms,ALL,cassandra1,3,1790194188503457,True,
84,3,MONOTONIC_WRITES,normal,netem delay 25ms 25ms,ALL,cassandra3,4,1790194188504457,True,
84,4,MONOTONIC_WRITES,normal,netem delay 25ms 25ms,ALL,cassandra1,5,1790194188505457,True,
84,5,MONOTONIC_WRITES,normal,netem delay 25ms 25ms,ALL,cassandra1,6,1790194188506457,True,
85,1,MONOTONIC_WRITES,normal,netem delay 25ms 25ms,ALL,cassandra1,2,1790194189812255,True,
85,2,MONOTONIC_WRITES,normal,netem delay 25ms 25ms,ALL,cassandra2,3,1790194189813255,True,
85,3,MONOTONIC_WRITES,normal,netem delay 25ms 25ms,ALL,cassandra2,4,1790194189814255,True,
85,4,MONOTONIC_WRITES,normal,netem delay 25ms 25ms,ALL,cassandra3,5,1790194189815255,True,
85,5,MONOTONIC_WRITES,normal,netem delay 25ms 25ms,ALL,cassandra2,6,1790194189816255,True,
86,1,MONOTONIC_WRITES,normal,netem delay 25ms 25ms,ALL,cassandra2,2,1790194191147164,True,
86,2,MONOTONIC_WRITES,normal,netem delay 25ms 25ms,ALL,cassandra2,3,1790194191148164,True,
86,3,MONOTONIC_WRITES,normal,netem delay 25ms 25ms,ALL,cassandra2,4,1790194191149164,True,
86,4,MONOTONIC_WRITES,normal,netem delay 25ms 25ms,ALL,cassandra2,5,1790194191150164,True,
86,5,MONOTONIC_WRITES,normal,netem delay 25ms 25ms,ALL,cassandra2,6,1790194191151164,True,
87,1,MONOTONIC_WRITES,normal,netem delay 25ms 25ms,ALL,cassandra3,2,1790194192636639,True,
87,2,MONOTONIC_WRITES,normal,netem delay 25ms 25ms,ALL,cassandra2,3,1790194192637639,True,
87,3,MONOTONIC_WRITES,normal,netem delay 25ms 25ms,ALL,cassandra1,4,1790194192638639,True,
87,4,MONOTONIC_WRITES,normal,netem delay 25ms 25ms,ALL,cassandra2,5,1790194192639639,True,
87,5,MONOTONIC_WRITES,normal,netem delay 25ms 25ms,ALL,cassandra2,6,1790194192640639,True,
88,1,MONOTONIC_WRITES,normal,netem delay 25ms 25ms,ALL,cassandra3,2,1790194193873867,True,
88,2,MONOTONIC_WRITES,normal,netem delay 25ms 25ms,ALL,cassandra1,3,1790194193874867,True,
88,3,MONOTONIC_WRITES,normal,netem delay 25ms 25ms,ALL,cassandra2,4,1790194193875867,True,
88,4,MONOTONIC_WRITES,normal,netem delay 25ms 25ms,ALL,cassandra3,5,1790194193876867,True,
88,5,MONOTONIC_WRITES,normal,netem delay 25ms 25ms,ALL,cassandra1,6,1790194193877867,True,
89,1,MONOTONIC_WRITES,normal,netem delay 25ms 25ms,ALL,cassandra3,2,1790194195161644,True,
89,2,MONOTONIC_WRITES,normal,netem delay 25ms 25ms,ALL,cassandra2,3,1790194195162644,True,
89,3,MONOTONIC_WRITES,normal,netem delay 25ms 25ms,ALL,cassandra1,4,1790194195163644,True,
89,4,MONOTONIC_WRITES,normal,netem delay 25ms 25ms,ALL,cassandra3,5,1790194195164644,True,
89,5,MONOTONIC_WRITES,normal,netem delay 25ms 25ms,ALL,cassandra2,6,1790194195165644,True,
90,1,MONOTONIC_WRITES,normal,netem delay 25ms 25ms,ALL,cassandra3,2,1790194196552541,True,
90,2,MONOTONIC_WRITES,normal,netem delay 25ms 25ms,ALL,cassandra3,3,1790194196553541,True,
90,3,MONOTONIC_WRITES,normal,netem delay 25ms 25ms,ALL,cassandra2,4,1790194196554541,True,
90,4,MONOTONIC_WRITES,normal,netem delay 25ms 25ms,ALL,cassandra2,5,1790194196555541,True,
90,5,MONOTONIC_WRITES,normal,netem delay 25ms 25ms,ALL,cassandra3,6,1790194196556541,True,
91,1,MONOTONIC_WRITES,normal,netem delay 25ms 25ms,ALL,cassandra2,2,1790194197717440,True,
91,2,MONOTONIC_WRITES,normal,netem delay 25ms 25ms,ALL,cassandra2,3,1790194197718440,True,
91,3,MONOTONIC_WRITES,normal,netem delay 25ms 25ms,ALL,cassandra3,4,1790194197719440,True,
91,4,MONOTONIC_WRITES,normal,netem delay 25ms 25ms,ALL,cassandra1,5,1790194197720440,True,
91,5,MONOTONIC_WRITES,normal,netem delay 25ms 25ms,ALL,cassandra2,6,1790194197721440,True,
92,1,MONOTONIC_WRITES,normal,netem delay 25ms 25ms,ALL,cassandra3,2,1790194199100201,True,
92,2,MONOTONIC_WRITES,normal,netem delay 25ms 25ms,ALL,cassandra2,3,1790194199101201,True,
92,3,MONOTONIC_WRITES,normal,netem delay 25ms 25ms,ALL,cassandra2,4,1790194199102201,True,
92,4,MONOTONIC_WRITES,normal,netem delay 25ms 25ms,ALL,cassandra3,5,1790194199103201,True,
92,5,MONOTONIC_WRITES,normal,netem delay 25ms 25ms,ALL,cassandra1,6,1790194199104201,True,
93,1,MONOTONIC_WRITES,normal,netem delay 25ms 25ms,ALL,cassandra1,2,1790194200465619,True,
93,2,MONOTONIC_WRITES,normal,netem delay 25ms 25ms,ALL,cassandra2,3,1790194200466619,True,
93,3,MONOTONIC_WRITES,normal,netem delay 25ms 25ms,ALL,cassandra1,4,1790194200467619,True,
93,4,MONOTONIC_WRITES,normal,netem delay 25ms 25ms,ALL,cassandra1,5,1790194200468619,True,
93,5,MONOTONIC_WRITES,normal,netem delay 25ms 25ms,ALL,cassandra2,6,1790194200469619,True,
94,1,MONOTONIC_WRITES,normal,netem delay 25ms 25ms,ALL,cassandra2,2,1790194201762598,True,
94,2,MONOTONIC_WRITES,normal,netem delay 25ms 25ms,ALL,cassandra1,3,1790194201763598,True,
94,3,MONOTONIC_WRITES,normal,netem delay 25ms 25ms,ALL,cassandra2,4,1790194201764598,True,
94,4,MONOTONIC_WRITES,normal,netem delay 25ms 25ms,ALL,cassandra2,5,1790194201765598,True,
94,5,MONOTONIC_WRITES,normal,netem delay 25ms 25ms,ALL,cassandra3,6,1790194201766598,True,
95,1,MONOTONIC_WRITES,normal,netem delay 25ms 25ms,ALL,cassandra3,2,1790194203162589,True,
95,2,MONOTONIC_WRITES,normal,netem delay 25ms 25ms,ALL,cassandra1,3,1790194203163589,True,
95,3,MONOTONIC_WRITES,normal,netem delay 25ms 25ms,ALL,cassandra1,4,1790194203164589,True,
95,4,MONOTONIC_WRITES,normal,netem delay 25ms 25ms,ALL,cassandra3,5,1790194203165589,True,
95,5,MONOTONIC_WRITES,normal,netem delay 25ms 25ms,ALL,cassandra3,6,1790194203166589,True,
96,1,MONOTONIC_WRITES,normal,netem delay 25ms 25ms,ALL,cassandra1,2,1790194204485283,True,
96,2,MONOTONIC_WRITES,normal,netem delay 25ms 25ms,ALL,cassandra3,3,1790194204486283,True,
96,3,MONOTONIC_WRITES,normal,netem delay 25ms 25ms,ALL,cassandra3,4,1790194204487283,True,
96,4,MONOTONIC_WRITES,normal,netem delay 25ms 25ms,ALL,cassandra3,5,1790194204488283,True,
96,5,MONOTONIC_WRITES,normal,netem delay 25ms 25ms,ALL,cassandra2,6,1790194204489283,True,
97,1,MONOTONIC_WRITES,normal,netem delay 25ms 25ms,ALL,cassandra2,2,1790194205783261,True,
97,2,MONOTONIC_WRITES,normal,netem delay 25ms 25ms,ALL,cassandra3,3,1790194205784261,True,
97,3,MONOTONIC_WRITES,normal,netem delay 25ms 25ms,ALL,cassandra1,4,1790194205785261,True,
97,4,MONOTONIC_WRITES,normal,netem delay 25ms 25ms,ALL,cassandra1,5,1790194205786261,True,
97,5,MONOTONIC_WRITES,normal,netem delay 25ms 25ms,ALL,cassandra2,6,1790194205787261,True,
98,1,MONOTONIC_WRITES,normal,netem delay 25ms 25ms,ALL,cassandra3,2,1790194207266827,True,
98,2,MONOTONIC_WRITES,normal,netem delay 25ms 25ms,ALL,cassandra1,3,1790194207267827,True,
98,3,MONOTONIC_WRITES,normal,netem delay 25ms 25ms,ALL,cassandra3,4,1790194207268827,True,
98,4,MONOTONIC_WRITES,normal,netem delay 25ms 25ms,ALL,cassandra1,5,1790194207269827,True,
98,5,MONOTONIC_WRITES,normal,netem delay 25ms 25ms,ALL,cassandra1,6,1790194207270827,True,
99,1,MONOTONIC_WRITES,normal,netem delay 25ms 25ms,ALL,cassandra3,2,1790194208600000,True,
99,2,MONOTONIC_WRITES,normal,netem delay 25ms 25ms,ALL,cassandra3,3,1790194208601000,True,
99,3,MONOTONIC_WRITES,normal,netem delay 25ms 25ms,ALL,cassandra3,4,1790194208602000,True,
99,4,MONOTONIC_WRITES,normal,netem delay 25ms 25ms,ALL,cassandra1,5,1790194208603000,True,
99,5,MONOTONIC_WRITES,normal,netem delay 25ms 25ms,ALL,cassandra1,6,1790194208604000,True,
100,1,MONOTONIC_WRITES,normal,netem delay 25ms 25ms,ALL,cassandra2,2,1790194210025314,True,
100,2,MONOTONIC_WRITES,normal,netem delay 25ms 25ms,ALL,cassandra1,3,1790194210026314,True,
100,3,MONOTONIC_WRITES,normal,netem delay 25ms 25ms,ALL,cassandra1,4,1790194210027314,True,
100,4,MONOTONIC_WRITES,normal,netem delay 25ms 25ms,ALL,cassandra2,5,1790194210028314,True,
100,5,MONOTONIC_WRITES,normal,netem delay 25ms 25ms,ALL,cassandra1,6,1790194210029314,True,
101,1,MONOTONIC_WRITES,normal,netem delay 25ms 25ms,ALL,cassandra2,2,1790194211518111,True,
101,2,MONOTONIC_WRITES,normal,netem delay 25ms 25ms,ALL,cassandra2,3,1790194211519111,True,
101,3,MONOTONIC_WRITES,normal,netem delay 25ms 25ms,ALL,cassandra3,4,1790194211520111,True,
101,4,MONOTONIC_WRITES,normal,netem delay 25ms 25ms,ALL,cassandra2,5,1790194211521111,True,
101,5,MONOTONIC_WRITES,normal,netem delay 25ms 25ms,ALL,cassandra1,6,1790194211522111,True,
102,1,MONOTONIC_WRITES,normal,netem delay 25ms 25ms,ALL,cassandra3,2,1790194212744251,True,
102,2,MONOTONIC_WRITES,normal,netem delay 25ms 25ms,ALL,cassandra1,3,1790194212745251,True,
102,3,MONOTONIC_WRITES,normal,netem delay 25ms 25ms,ALL,cassandra1,4,1790194212746251,True,
102,4,MONOTONIC_WRITES,normal,netem delay 25ms 25ms,ALL,cassandra1,5,1790194212747251,True,
102,5,MONOTONIC_WRITES,normal,netem delay 25ms 25ms,ALL,cassandra2,6,1790194212748251,True,
103,1,MONOTONIC_WRITES,normal,netem delay 25ms 25ms,ALL,cassandra2,2,1790194214184437,True,
103,2,MONOTONIC_WRITES,normal,netem delay 25ms 25ms,ALL,cassandra2,3,1790194214185437,True,
103,3,MONOTONIC_WRITES,normal,netem delay 25ms 25ms,ALL,cassandra1,4,1790194214186437,True,
103,4,MONOTONIC_WRITES,normal,netem delay 25ms 25ms,ALL,cassandra2,5,1790194214187437,True,
103,5,MONOTONIC_WRITES,normal,netem delay 25ms 25ms,ALL,cassandra2,6,1790194214188437,True,
104,1,MONOTONIC_WRITES,normal,netem delay 25ms 25ms,ALL,cassandra3,2,1790194215590357,True,
104,2,MONOTONIC_WRITES,normal,netem delay 25ms 25ms,ALL,cassandra2,3,1790194215591357,True,
104,3,MONOTONIC_WRITES,normal,netem delay 25ms 25ms,ALL,cassandra1,4,1790194215592357,True,
104,4,MONOTONIC_WRITES,normal,netem delay 25ms 25ms,ALL,cassandra1,5,1790194215593357,True,
104,5,MONOTONIC_WRITES,normal,netem delay 25ms 25ms,ALL,cassandra3,6,1790194215594357,True,
105,1,MONOTONIC_WRITES,normal,netem delay 25ms 25ms,ALL,cassandra2,2,1790194216983665,True,
105,2,MONOTONIC_WRITES,normal,netem delay 25ms 25ms,ALL,cassandra2,3,1790194216984665,True,
105,3,MONOTONIC_WRITES,normal,netem delay 25ms 25ms,ALL,cassandra3,4,1790194216985665,True,
105,4,MONOTONIC_WRITES,normal,netem delay 25ms 25ms,ALL,cassandra1,5,1790194216986665,True,
105,5,MONOTONIC_WRITES,normal,netem delay 25ms 25ms,ALL,cassandra3,6,1790194216987665,True,
106,1,MONOTONIC_WRITES,normal,netem delay 25ms 25ms,ALL,cassandra1,2,1790194218355649,True,
106,2,MONOTONIC_WRITES,normal,netem delay 25ms 25ms,ALL,cassandra3,3,1790194218356649,True,
106,3,MONOTONIC_WRITES,normal,netem delay 25ms 25ms,ALL,cassandra3,4,1790194218357649,True,
106,4,MONOTONIC_WRITES,normal,netem delay 25ms 25ms,ALL,cassandra2,5,1790194218358649,True,
106,5,MONOTONIC_WRITES,normal,netem delay 25ms 25ms,ALL,cassandra3,6,1790194218359649,True,
107,1,MONOTONIC_WRITES,normal,netem delay 25ms 25ms,ALL,cassandra1,2,1790194219779779,True,
107,2,MONOTONIC_WRITES,normal,netem delay 25ms 25ms,ALL,cassandra3,3,1790194219780779,True,
107,3,MONOTONIC_WRITES,normal,netem delay 25ms 25ms,ALL,cassandra3,4,1790194219781779,True,
107,4,MONOTONIC_WRITES,normal,netem delay 25ms 25ms,ALL,cassandra1,5,1790194219782779,True,
107,5,MONOTONIC_WRITES,normal,netem delay 25ms 25ms,ALL,cassandra3,6,1790194219783779,True,
108,1,MONOTONIC_WRITES,normal,netem delay 25ms 25ms,ALL,cassandra3,2,1790194221180664,True,
108,2,MONOTONIC_WRITES,normal,netem delay 25ms 25ms,ALL,cassandra2,3,1790194221181664,True,
108,3,MONOTONIC_WRITES,normal,netem delay 25ms 25ms,ALL,cassandra3,4,1790194221182664,True,
108,4,MONOTONIC_WRITES,normal,netem delay 25ms 25ms,ALL,cassandra2,5,1790194221183664,True,
108,5,MONOTONIC_WRITES,normal,netem delay 25ms 25ms,ALL,cassandra1,6,1790194221184664,True,
109,1,MONOTONIC_WRITES,normal,netem delay 25ms 25ms,ALL,cassandra1,2,1790194222470602,True,
109,2,MONOTONIC_WRITES,normal,netem delay 25ms 25ms,ALL,cassandra1,3,1790194222471602,True,
109,3,MONOTONIC_WRITES,normal,netem delay 25ms 25ms,ALL,cassandra2,4,1790194222472602,True,
109,4,MONOTONIC_WRITES,normal,netem delay 25ms 25ms,ALL,cassandra1,5,1790194222473602,True,
109,5,MONOTONIC_WRITES,normal,netem delay 25ms 25ms,ALL,cassandra2,6,1790194222474602,True,
110,1,MONOTONIC_WRITES,normal,netem delay 25ms 25ms,ALL,cassandra3,2,1790194223757420,True,
110,2,MONOTONIC_WRITES,normal,netem delay 25ms 25ms,ALL,cassandra1,3,1790194223758420,True,
110,3,MONOTONIC_WRITES,normal,netem delay 25ms 25ms,ALL,cassandra2,4,1790194223759420,True,
110,4,MONOTONIC_WRITES,normal,netem delay 25ms 25ms,ALL,cassandra2,5,1790194223760420,True,
110,5,MONOTONIC_WRITES,normal,netem delay 25ms 25ms,ALL,cassandra2,6,1790194223761420,True,
111,1,MONOTONIC_WRITES,normal,netem delay 25ms 25ms,ALL,cassandra1,2,1790194225161477,True,
111,2,MONOTONIC_WRITES,normal,netem delay 25ms 25ms,ALL,cassandra3,3,1790194225162477,True,
111,3,MONOTONIC_WRITES,normal,netem delay 25ms 25ms,ALL,cassandra1,4,1790194225163477,True,
111,4,MONOTONIC_WRITES,normal,netem delay 25ms 25ms,ALL,cassandra2,5,1790194225164477,True,
111,5,MONOTONIC_WRITES,normal,netem delay 25ms 25ms,ALL,cassandra3,6,1790194225165477,True,
112,1,MONOTONIC_WRITES,normal,netem delay 25ms 25ms,ALL,cassandra3,2,1790194226505024,True,
112,2,MONOTONIC_WRITES,normal,netem delay 25ms 25ms,ALL,cassandra1,3,1790194226506024,True,
112,3,MONOTONIC_WRITES,normal,netem delay 25ms 25ms,ALL,cassandra3,4,1790194226507024,True,
112,4,MONOTONIC_WRITES,normal,netem delay 25ms 25ms,ALL,cassandra1,5,1790194226508024,True,
112,5,MONOTONIC_WRITES,normal,netem delay 25ms 25ms,ALL,cassandra2,6,1790194226509024,True,
113,1,MONOTONIC_WRITES,normal,netem delay 25ms 25ms,ALL,cassandra3,2,1790194227865348,True,
113,2,MONOTONIC_WRITES,normal,netem delay 25ms 25ms,ALL,cassandra2,3,1790194227866348,True,
113,3,MONOTONIC_WRITES,normal,netem delay 25ms 25ms,ALL,cassandra2,4,1790194227867348,True,
113,4,MONOTONIC_WRITES,normal,netem delay 25ms 25ms,ALL,cassandra1,5,1790194227868348,True,
113,5,MONOTONIC_WRITES,normal,netem delay 25ms 25ms,ALL,cassandra3,6,1790194227869348,True,
114,1,MONOTONIC_WRITES,normal,netem delay 25ms 25ms,ALL,cassandra1,2,1790194229151611,True,
114,2,MONOTONIC_WRITES,normal,netem delay 25ms 25ms,ALL,cassandra1,3,1790194229152611,True,
114,3,MONOTONIC_WRITES,normal,netem delay 25ms 25ms,ALL,cassandra1,4,1790194229153611,True,
114,4,MONOTONIC_WRITES,normal,netem delay 25ms 25ms,ALL,cassandra2,5,1790194229154611,True,
114,5,MONOTONIC_WRITES,normal,netem delay 25ms 25ms,ALL,cassandra1,6,1790194229155611,True,
115,1,MONOTONIC_WRITES,normal,netem delay 25ms 25ms,ALL,cassandra2,2,1790194230567471,True,
115,2,MONOTONIC_WRITES,normal,netem delay 25ms 25ms,ALL,cassandra1,3,1790194230568471,True,
115,3,MONOTONIC_WRITES,normal,netem delay 25ms 25ms,ALL,cassandra1,4,1790194230569471,True,
115,4,MONOTONIC_WRITES,normal,netem delay 25ms 25ms,ALL,cassandra2,5,1790194230570471,True,
115,5,MONOTONIC_WRITES,normal,netem delay 25ms 25ms,ALL,cassandra1,6,1790194230571471,True,
116,1,MONOTONIC_WRITES,normal,netem delay 25ms 25ms,ALL,cassandra1,2,1790194231714113,True,
116,2,MONOTONIC_WRITES,normal,netem delay 25ms 25ms,ALL,cassandra2,3,1790194231715113,True,
116,3,MONOTONIC_WRITES,normal,netem delay 25ms 25ms,ALL,cassandra3,4,1790194231716113,True,
116,4,MONOTONIC_WRITES,normal,netem delay 25ms 25ms,ALL,cassandra2,5,1790194231717113,True,
116,5,MONOTONIC_WRITES,normal,netem delay 25ms 25ms,ALL,cassandra2,6,1790194231718113,True,
117,1,MONOTONIC_WRITES,normal,netem delay 25ms 25ms,ALL,cassandra1,2,1790194233168735,True,
117,2,MONOTONIC_WRITES,normal,netem delay 25ms 25ms,ALL,cassandra2,3,1790194233169735,True,
117,3,MONOTONIC_WRITES,normal,netem delay 25ms 25ms,ALL,cassandra2,4,1790194233170735,True,
117,4,MONOTONIC_WRITES,normal,netem delay 25ms 25ms,ALL,cassandra2,5,1790194233171735,True,
117,5,MONOTONIC_WRITES,normal,netem delay 25ms 25ms,ALL,cassandra1,6,1790194233172735,True,
118,1,MONOTONIC_WRITES,normal,netem delay 25ms 25ms,ALL,cassandra1,2,1790194234766413,True,
118,2,MONOTONIC_WRITES,normal,netem delay 25ms 25ms,ALL,cassandra3,3,1790194234767413,True,
118,3,MONOTONIC_WRITES,normal,netem delay 25ms 25ms,ALL,cassandra2,4,1790194234768413,True,
118,4,MONOTONIC_WRITES,normal,netem delay 25ms 25ms,ALL,cassandra3,5,1790194234769413,True,
118,5,MONOTONIC_WRITES,normal,netem delay 25ms 25ms,ALL,cassandra2,6,1790194234770413,True,
119,1,MONOTONIC_WRITES,normal,netem delay 25ms 25ms,ALL,cassandra1,2,1790194236139955,True,
119,2,MONOTONIC_WRITES,normal,netem delay 25ms 25ms,ALL,cassandra3,3,1790194236140955,True,
119,3,MONOTONIC_WRITES,normal,netem delay 25ms 25ms,ALL,cassandra1,4,1790194236141955,True,
119,4,MONOTONIC_WRITES,normal,netem delay 25ms 25ms,ALL,cassandra2,5,1790194236142955,True,
119,5,MONOTONIC_WRITES,normal,netem delay 25ms 25ms,ALL,cassandra1,6,1790194236143955,True,
120,1,MONOTONIC_WRITES,normal,netem delay 25ms 25ms,ALL,cassandra3,2,1790194237547096,True,
120,2,MONOTONIC_WRITES,normal,netem delay 25ms 25ms,ALL,cassandra3,3,1790194237548096,True,
120,3,MONOTONIC_WRITES,normal,netem delay 25ms 25ms,ALL,cassandra3,4,1790194237549096,True,
120,4,MONOTONIC_WRITES,normal,netem delay 25ms 25ms,ALL,cassandra2,5,1790194237550096,True,
120,5,MONOTONIC_WRITES,normal,netem delay 25ms 25ms,ALL,cassandra3,6,1790194237551096,True,
121,1,MONOTONIC_WRITES,normal,netem delay 25ms 25ms,ALL,cassandra2,2,1790194238868104,True,
121,2,MONOTONIC_WRITES,normal,netem delay 25ms 25ms,ALL,cassandra2,3,1790194238869104,True,
121,3,MONOTONIC_WRITES,normal,netem delay 25ms 25ms,ALL,cassandra2,4,1790194238870104,True,
121,4,MONOTONIC_WRITES,normal,netem delay 25ms 25ms,ALL,cassandra3,5,1790194238871104,True,
121,5,MONOTONIC_WRITES,normal,netem delay 25ms 25ms,ALL,cassandra3,6,1790194238872104,True,
122,1,MONOTONIC_WRITES,normal,netem delay 25ms 25ms,ALL,cassandra3,2,1790194240085038,True,
122,2,MONOTONIC_WRITES,normal,netem delay 25ms 25ms,ALL,cassandra2,3,1790194240086038,True,
122,3,MONOTONIC_WRITES,normal,netem delay 25ms 25ms,ALL,cassandra1,4,1790194240087038,True,
122,4,MONOTONIC_WRITES,normal,netem delay 25ms 25ms,ALL,cassandra1,5,1790194240088038,True,
122,5,MONOTONIC_WRITES,normal,netem delay 25ms 25ms,ALL,cassandra3,6,1790194240089038,True,
123,1,MONOTONIC_WRITES,normal,netem delay 25ms 25ms,ALL,cassandra3,2,1790194241388302,True,
123,2,MONOTONIC_WRITES,normal,netem delay 25ms 25ms,ALL,cassandra3,3,1790194241389302,True,
123,3,MONOTONIC_WRITES,normal,netem delay 25ms 25ms,ALL,cassandra3,4,1790194241390302,True,
123,4,MONOTONIC_WRITES,normal,netem delay 25ms 25ms,ALL,cassandra3,5,1790194241391302,True,
123,5,MONOTONIC_WRITES,normal,netem delay 25ms 25ms,ALL,cassandra2,6,1790194241392302,True,
124,1,MONOTONIC_WRITES,normal,netem delay 25ms 25ms,ALL,cassandra1,2,1790194242865657,True,
124,2,MONOTONIC_WRITES,normal,netem delay 25ms 25ms,ALL,cassandra3,3,1790194242866657,True,
124,3,MONOTONIC_WRITES,normal,netem delay 25ms 25ms,ALL,cassandra3,4,1790194242867657,True,
124,4,MONOTONIC_WRITES,normal,netem delay 25ms 25ms,ALL,cassandra3,5,1790194242868657,True,
124,5,MONOTONIC_WRITES,normal,netem delay 25ms 25ms,ALL,cassandra3,6,1790194242869657,True,
125,1,MONOTONIC_WRITES,normal,netem delay 25ms 25ms,ALL,cassandra2,2,1790194244485230,True,
125,2,MONOTONIC_WRITES,normal,netem delay 25ms 25ms,ALL,cassandra3,3,1790194244486230,True,
125,3,MONOTONIC_WRITES,normal,netem delay 25ms 25ms,ALL,cassandra1,4,1790194244487230,True,
125,4,MONOTONIC_WRITES,normal,netem delay 25ms 25ms,ALL,cassandra3,5,1790194244488230,True,
125,5,MONOTONIC_WRITES,normal,netem delay 25ms 25ms,ALL,cassandra3,6,1790194244489230,True,
126,1,MONOTONIC_WRITES,normal,netem delay 25ms 25ms,ALL,cassandra3,2,1790194245816978,True,
126,2,MONOTONIC_WRITES,normal,netem delay 25ms 25ms,ALL,cassandra3,3,1790194245817978,True,
126,3,MONOTONIC_WRITES,normal,netem delay 25ms 25ms,ALL,cassandra1,4,1790194245818978,True,
126,4,MONOTONIC_WRITES,normal,netem delay 25ms 25ms,ALL,cassandra2,5,1790194245819978,True,
126,5,MONOTONIC_WRITES,normal,netem delay 25ms 25ms,ALL,cassandra2,6,1790194245820978,True,
127,1,MONOTONIC_WRITES,normal,netem delay 25ms 25ms,ALL,cassandra3,2,1790194247298707,True,
127,2,MONOTONIC_WRITES,normal,netem delay 25ms 25ms,ALL,cassandra2,3,1790194247299707,True,
127,3,MONOTONIC_WRITES,normal,netem delay 25ms 25ms,ALL,cassandra3,4,1790194247300707,True,
127,4,MONOTONIC_WRITES,normal,netem delay 25ms 25ms,ALL,cassandra1,5,1790194247301707,True,
127,5,MONOTONIC_WRITES,normal,netem delay 25ms 25ms,ALL,cassandra1,6,1790194247302707,True,
128,1,MONOTONIC_WRITES,normal,netem delay 25ms 25ms,ALL,cassandra2,2,1790194248694829,True,
128,2,MONOTONIC_WRITES,normal,netem delay 25ms 25ms,ALL,cassandra3,3,1790194248695829,True,
128,3,MONOTONIC_WRITES,normal,netem delay 25ms 25ms,ALL,cassandra1,4,1790194248696829,True,
128,4,MONOTONIC_WRITES,normal,netem delay 25ms 25ms,ALL,cassandra3,5,1790194248697829,True,
128,5,MONOTONIC_WRITES,normal,netem delay 25ms 25ms,ALL,cassandra3,6,1790194248698829,True,
129,1,MONOTONIC_WRITES,normal,netem delay 25ms 25ms,ALL,cassandra1,2,1790194250101726,True,
129,2,MONOTONIC_WRITES,normal,netem delay 25ms 25ms,ALL,cassandra1,3,1790194250102726,True,
129,3,MONOTONIC_WRITES,normal,netem delay 25ms 25ms,ALL,cassandra2,4,1790194250103726,True,
129,4,MONOTONIC_WRITES,normal,netem delay 25ms 25ms,ALL,cassandra2,5,1790194250104726,True,
129,5,MONOTONIC_WRITES,normal,netem delay 25ms 25ms,ALL,cassandra2,6,1790194250105726,True,
130,1,MONOTONIC_WRITES,normal,netem delay 25ms 25ms,ALL,cassandra2,2,1790194251472639,True,
130,2,MONOTONIC_WRITES,normal,netem delay 25ms 25ms,ALL,cassandra2,3,1790194251473639,True,
130,3,MONOTONIC_WRITES,normal,netem delay 25ms 25ms,ALL,cassandra1,4,1790194251474639,True,
130,4,MONOTONIC_WRITES,normal,netem delay 25ms 25ms,ALL,cassandra1,5,1790194251475639,True,
130,5,MONOTONIC_WRITES,normal,netem delay 25ms 25ms,ALL,cassandra3,6,1790194251476639,True,
131,1,MONOTONIC_WRITES,normal,netem delay 25ms 25ms,ALL,cassandra2,2,1790194252865660,True,
131,2,MONOTONIC_WRITES,normal,netem delay 25ms 25ms,ALL,cassandra3,3,1790194252866660,True,
131,3,MONOTONIC_WRITES,normal,netem delay 25ms 25ms,ALL,cassandra2,4,1790194252867660,True,
131,4,MONOTONIC_WRITES,normal,netem delay 25ms 25ms,ALL,cassandra2,5,1790194252868660,True,
131,5,MONOTONIC_WRITES,normal,netem delay 25ms 25ms,ALL,cassandra2,6,1790194252869660,True,
132,1,MONOTONIC_WRITES,normal,netem delay 25ms 25ms,ALL,cassandra2,2,1790194254147695,True,
132,2,MONOTONIC_WRITES,normal,netem delay 25ms 25ms,ALL,cassandra2,3,1790194254148695,True,
132,3,MONOTONIC_WRITES,normal,netem delay 25ms 25ms,ALL,cassandra2,4,1790194254149695,True,
132,4,MONOTONIC_WRITES,normal,netem delay 25ms 25ms,ALL,cassandra1,5,1790194254150695,True,
132,5,MONOTONIC_WRITES,normal,netem delay 25ms 25ms,ALL,cassandra3,6,1790194254151695,True,
133,1,MONOTONIC_WRITES,normal,netem delay 25ms 25ms,ALL,cassandra1,2,1790194255840475,True,
133,2,MONOTONIC_WRITES,normal,netem delay 25ms 25ms,ALL,cassandra3,3,1790194255841475,True,
133,3,MONOTONIC_WRITES,normal,netem delay 25ms 25ms,ALL,cassandra3,4,1790194255842475,True,
133,4,MONOTONIC_WRITES,normal,netem delay 25ms 25ms,ALL,cassandra2,5,1790194255843475,True,
133,5,MONOTONIC_WRITES,normal,netem delay 25ms 25ms,ALL,cassandra1,6,1790194255844475,True,
134,1,MONOTONIC_WRITES,normal,netem delay 25ms 25ms,ALL,cassandra3,2,1790194257173298,True,
134,2,MONOTONIC_WRITES,normal,netem delay 25ms 25ms,ALL,cassandra3,3,1790194257174298,True,
134,3,MONOTONIC_WRITES,normal,netem delay 25ms 25ms,ALL,cassandra1,4,1790194257175298,True,
134,4,MONOTONIC_WRITES,normal,netem delay 25ms 25ms,ALL,cassandra3,5,1790194257176298,True,
134,5,MONOTONIC_WRITES,normal,netem delay 25ms 25ms,ALL,cassandra2,6,1790194257177298,True,
135,1,MONOTONIC_WRITES,normal,netem delay 25ms 25ms,ALL,cassandra2,2,1790194258518266,True,
135,2,MONOTONIC_WRITES,normal,netem delay 25ms 25ms,ALL,cassandra2,3,1790194258519266,True,
135,3,MONOTONIC_WRITES,normal,netem delay 25ms 25ms,ALL,cassandra1,4,1790194258520266,True,
135,4,MONOTONIC_WRITES,normal,netem delay 25ms 25ms,ALL,cassandra2,5,1790194258521266,True,
135,5,MONOTONIC_WRITES,normal,netem delay 25ms 25ms,ALL,cassandra1,6,1790194258522266,True,
136,1,MONOTONIC_WRITES,normal,netem delay 25ms 25ms,ALL,cassandra2,2,1790194259890968,True,
136,2,MONOTONIC_WRITES,normal,netem delay 25ms 25ms,ALL,cassandra2,3,1790194259891968,True,
136,3,MONOTONIC_WRITES,normal,netem delay 25ms 25ms,ALL,cassandra1,4,1790194259892968,True,
136,4,MONOTONIC_WRITES,normal,netem delay 25ms 25ms,ALL,cassandra3,5,1790194259893968,True,
136,5,MONOTONIC_WRITES,normal,netem delay 25ms 25ms,ALL,cassandra1,6,1790194259894968,True,
137,1,MONOTONIC_WRITES,normal,netem delay 25ms 25ms,ALL,cassandra3,2,1790194261465193,True,
137,2,MONOTONIC_WRITES,normal,netem delay 25ms 25ms,ALL,cassandra3,3,1790194261466193,True,
137,3,MONOTONIC_WRITES,normal,netem delay 25ms 25ms,ALL,cassandra3,4,1790194261467193,True,
137,4,MONOTONIC_WRITES,normal,netem delay 25ms 25ms,ALL,cassandra1,5,1790194261468193,True,
137,5,MONOTONIC_WRITES,normal,netem delay 25ms 25ms,ALL,cassandra3,6,1790194261469193,True,
138,1,MONOTONIC_WRITES,normal,netem delay 25ms 25ms,ALL,cassandra3,2,1790194262940759,True,
138,2,MONOTONIC_WRITES,normal,netem delay 25ms 25ms,ALL,cassandra3,3,1790194262941759,True,
138,3,MONOTONIC_WRITES,normal,netem delay 25ms 25ms,ALL,cassandra3,4,1790194262942759,True,
138,4,MONOTONIC_WRITES,normal,netem delay 25ms 25ms,ALL,cassandra3,5,1790194262943759,True,
138,5,MONOTONIC_WRITES,normal,netem delay 25ms 25ms,ALL,cassandra3,6,1790194262944759,True,
139,1,MONOTONIC_WRITES,normal,netem delay 25ms 25ms,ALL,cassandra3,2,1790194263909429,True,
139,2,MONOTONIC_WRITES,normal,netem delay 25ms 25ms,ALL,cassandra3,3,1790194263910429,True,
139,3,MONOTONIC_WRITES,normal,netem delay 25ms 25ms,ALL,cassandra1,4,1790194263911429,True,
139,4,MONOTONIC_WRITES,normal,netem delay 25ms 25ms,ALL,cassandra2,5,1790194263912429,True,
139,5,MONOTONIC_WRITES,normal,netem delay 25ms 25ms,ALL,cassandra2,6,1790194263913429,True,
140,1,MONOTONIC_WRITES,normal,netem delay 25ms 25ms,ALL,cassandra2,2,1790194265394839,True,
140,2,MONOTONIC_WRITES,normal,netem delay 25ms 25ms,ALL,cassandra3,3,1790194265395839,True,
140,3,MONOTONIC_WRITES,normal,netem delay 25ms 25ms,ALL,cassandra2,4,1790194265396839,True,
140,4,MONOTONIC_WRITES,normal,netem delay 25ms 25ms,ALL,cassandra2,5,1790194265397839,True,
140,5,MONOTONIC_WRITES,normal,netem delay 25ms 25ms,ALL,cassandra1,6,1790194265398839,True,
141,1,MONOTONIC_WRITES,normal,netem delay 25ms 25ms,ALL,cassandra2,2,1790194266726829,True,
141,2,MONOTONIC_WRITES,normal,netem delay 25ms 25ms,ALL,cassandra1,3,1790194266727829,True,
141,3,MONOTONIC_WRITES,normal,netem delay 25ms 25ms,ALL,cassandra3,4,1790194266728829,True,
141,4,MONOTONIC_WRITES,normal,netem delay 25ms 25ms,ALL,cassandra3,5,1790194266729829,True,
141,5,MONOTONIC_WRITES,normal,netem delay 25ms 25ms,ALL,cassandra3,6,1790194266730829,True,
142,1,MONOTONIC_WRITES,normal,netem delay 25ms 25ms,ALL,cassandra3,2,1790194268183535,True,
142,2,MONOTONIC_WRITES,normal,netem delay 25ms 25ms,ALL,cassandra3,3,1790194268184535,True,
142,3,MONOTONIC_WRITES,normal,netem delay 25ms 25ms,ALL,cassandra1,4,1790194268185535,True,
142,4,MONOTONIC_WRITES,normal,netem delay 25ms 25ms,ALL,cassandra1,5,1790194268186535,True,
142,5,MONOTONIC_WRITES,normal,netem delay 25ms 25ms,ALL,cassandra1,6,1790194268187535,True,
143,1,MONOTONIC_WRITES,normal,netem delay 25ms 25ms,ALL,cassandra1,2,1790194269471658,True,
143,2,MONOTONIC_WRITES,normal,netem delay 25ms 25ms,ALL,cassandra1,3,1790194269472658,True,
143,3,MONOTONIC_WRITES,normal,netem delay 25ms 25ms,ALL,cassandra1,4,1790194269473658,True,
143,4,MONOTONIC_WRITES,normal,netem delay 25ms 25ms,ALL,cassandra3,5,1790194269474658,True,
143,5,MONOTONIC_WRITES,normal,netem delay 25ms 25ms,ALL,cassandra2,6,1790194269475658,True,
144,1,MONOTONIC_WRITES,normal,netem delay 25ms 25ms,ALL,cassandra1,2,1790194270822823,True,
144,2,MONOTONIC_WRITES,normal,netem delay 25ms 25ms,ALL,cassandra2,3,1790194270823823,True,
144,3,MONOTONIC_WRITES,normal,netem delay 25ms 25ms,ALL,cassandra3,4,1790194270824823,True,
144,4,MONOTONIC_WRITES,normal,netem delay 25ms 25ms,ALL,cassandra2,5,1790194270825823,True,
144,5,MONOTONIC_WRITES,normal,netem delay 25ms 25ms,ALL,cassandra3,6,1790194270826823,True,
145,1,MONOTONIC_WRITES,normal,netem delay 25ms 25ms,ALL,cassandra1,2,1790194272188280,True,
145,2,MONOTONIC_WRITES,normal,netem delay 25ms 25ms,ALL,cassandra1,3,1790194272189280,True,
145,3,MONOTONIC_WRITES,normal,netem delay 25ms 25ms,ALL,cassandra3,4,1790194272190280,True,
145,4,MONOTONIC_WRITES,normal,netem delay 25ms 25ms,ALL,cassandra3,5,1790194272191280,True,
145,5,MONOTONIC_WRITES,normal,netem delay 25ms 25ms,ALL,cassandra2,6,1790194272192280,True,
146,1,MONOTONIC_WRITES,normal,netem delay 25ms 25ms,ALL,cassandra1,2,1790194273424845,True,
146,2,MONOTONIC_WRITES,normal,netem delay 25ms 25ms,ALL,cassandra3,3,1790194273425845,True,
146,3,MONOTONIC_WRITES,normal,netem delay 25ms 25ms,ALL,cassandra2,4,1790194273426845,True,
146,4,MONOTONIC_WRITES,normal,netem delay 25ms 25ms,ALL,cassandra1,5,1790194273427845,True,
146,5,MONOTONIC_WRITES,normal,netem delay 25ms 25ms,ALL,cassandra1,6,1790194273428845,True,
147,1,MONOTONIC_WRITES,normal,netem delay 25ms 25ms,ALL,cassandra1,2,1790194274777628,True,
147,2,MONOTONIC_WRITES,normal,netem delay 25ms 25ms,ALL,cassandra1,3,1790194274778628,True,
147,3,MONOTONIC_WRITES,normal,netem delay 25ms 25ms,ALL,cassandra2,4,1790194274779628,True,
147,4,MONOTONIC_WRITES,normal,netem delay 25ms 25ms,ALL,cassandra1,5,1790194274780628,True,
147,5,MONOTONIC_WRITES,normal,netem delay 25ms 25ms,ALL,cassandra1,6,1790194274781628,True,
148,1,MONOTONIC_WRITES,normal,netem delay 25ms 25ms,ALL,cassandra1,2,1790194276176829,True,
148,2,MONOTONIC_WRITES,normal,netem delay 25ms 25ms,ALL,cassandra3,3,1790194276177829,True,
148,3,MONOTONIC_WRITES,normal,netem delay 25ms 25ms,ALL,cassandra3,4,1790194276178829,True,
148,4,MONOTONIC_WRITES,normal,netem delay 25ms 25ms,ALL,cassandra3,5,1790194276179829,True,
148,5,MONOTONIC_WRITES,normal,netem delay 25ms 25ms,ALL,cassandra1,6,1790194276180829,True,
149,1,MONOTONIC_WRITES,normal,netem delay 25ms 25ms,ALL,cassandra3,2,1790194277486518,True,
149,2,MONOTONIC_WRITES,normal,netem delay 25ms 25ms,ALL,cassandra3,3,1790194277487518,True,
149,3,MONOTONIC_WRITES,normal,netem delay 25ms 25ms,ALL,cassandra3,4,1790194277488518,True,
149,4,MONOTONIC_WRITES,normal,netem delay 25ms 25ms,ALL,cassandra2,5,1790194277489518,True,
149,5,MONOTONIC_WRITES,normal,netem delay 25ms 25ms,ALL,cassandra2,6,1790194277490518,True,
150,1,MONOTONIC_WRITES,normal,netem delay 25ms 25ms,ALL,cassandra1,2,1790194278708568,True,
150,2,MONOTONIC_WRITES,normal,netem delay 25ms 25ms,ALL,cassandra2,3,1790194278709568,True,
150,3,MONOTONIC_WRITES,normal,netem delay 25ms 25ms,ALL,cassandra1,4,1790194278710568,True,
150,4,MONOTONIC_WRITES,normal,netem delay 25ms 25ms,ALL,cassandra3,5,1790194278711568,True,
150,5,MONOTONIC_WRITES,normal,netem delay 25ms 25ms,ALL,cassandra2,6,1790194278712568,True,
151,1,MONOTONIC_WRITES,normal,netem delay 25ms 25ms,ALL,cassandra1,2,1790194279965700,True,
151,2,MONOTONIC_WRITES,normal,netem delay 25ms 25ms,ALL,cassandra2,3,1790194279966700,True,
151,3,MONOTONIC_WRITES,normal,netem delay 25ms 25ms,ALL,cassandra1,4,1790194279967700,True,
151,4,MONOTONIC_WRITES,normal,netem delay 25ms 25ms,ALL,cassandra1,5,1790194279968700,True,
151,5,MONOTONIC_WRITES,normal,netem delay 25ms 25ms,ALL,cassandra3,6,1790194279969700,True,
152,1,MONOTONIC_WRITES,normal,netem delay 25ms 25ms,ALL,cassandra3,2,1790194281405466,True,
152,2,MONOTONIC_WRITES,normal,netem delay 25ms 25ms,ALL,cassandra3,3,1790194281406466,True,
152,3,MONOTONIC_WRITES,normal,netem delay 25ms 25ms,ALL,cassandra1,4,1790194281407466,True,
152,4,MONOTONIC_WRITES,normal,netem delay 25ms 25ms,ALL,cassandra1,5,1790194281408466,True,
152,5,MONOTONIC_WRITES,normal,netem delay 25ms 25ms,ALL,cassandra1,6,1790194281409466,True,
153,1,MONOTONIC_WRITES,normal,netem delay 25ms 25ms,ALL,cassandra3,2,1790194282900342,True,
153,2,MONOTONIC_WRITES,normal,netem delay 25ms 25ms,ALL,cassandra2,3,1790194282901342,True,
153,3,MONOTONIC_WRITES,normal,netem delay 25ms 25ms,ALL,cassandra2,4,1790194282902342,True,
153,4,MONOTONIC_WRITES,normal,netem delay 25ms 25ms,ALL,cassandra2,5,1790194282903342,True,
153,5,MONOTONIC_WRITES,normal,netem delay 25ms 25ms,ALL,cassandra1,6,1790194282904342,True,
154,1,MONOTONIC_WRITES,normal,netem delay 25ms 25ms,ALL,cassandra1,2,1790194284137770,True,
154,2,MONOTONIC_WRITES,normal,netem delay 25ms 25ms,ALL,cassandra2,3,1790194284138770,True,
154,3,MONOTONIC_WRITES,normal,netem delay 25ms 25ms,ALL,cassandra1,4,1790194284139770,True,
154,4,MONOTONIC_WRITES,normal,netem delay 25ms 25ms,ALL,cassandra3,5,1790194284140770,True,
154,5,MONOTONIC_WRITES,normal,netem delay 25ms 25ms,ALL,cassandra3,6,1790194284141770,True,
155,1,MONOTONIC_WRITES,normal,netem delay 25ms 25ms,ALL,cassandra1,2,1790194285431786,True,
155,2,MONOTONIC_WRITES,normal,netem delay 25ms 25ms,ALL,cassandra1,3,1790194285432786,True,
155,3,MONOTONIC_WRITES,normal,netem delay 25ms 25ms,ALL,cassandra3,4,1790194285433786,True,
155,4,MONOTONIC_WRITES,normal,netem delay 25ms 25ms,ALL,cassandra3,5,1790194285434786,True,
155,5,MONOTONIC_WRITES,normal,netem delay 25ms 25ms,ALL,cassandra1,6,1790194285435786,True,
156,1,MONOTONIC_WRITES,normal,netem delay 25ms 25ms,ALL,cassandra2,2,1790194286599914,True,
156,2,MONOTONIC_WRITES,normal,netem delay 25ms 25ms,ALL,cassandra2,3,1790194286600914,True,
156,3,MONOTONIC_WRITES,normal,netem delay 25ms 25ms,ALL,cassandra2,4,1790194286601914,True,
156,4,MONOTONIC_WRITES,normal,netem delay 25ms 25ms,ALL,cassandra2,5,1790194286602914,True,
156,5,MONOTONIC_WRITES,normal,netem delay 25ms 25ms,ALL,cassandra2,6,1790194286603914,True,
157,1,MONOTONIC_WRITES,normal,netem delay 25ms 25ms,ALL,cassandra1,2,1790194287721920,True,
157,2,MONOTONIC_WRITES,normal,netem delay 25ms 25ms,ALL,cassandra2,3,1790194287722920,True,
157,3,MONOTONIC_WRITES,normal,netem delay 25ms 25ms,ALL,cassandra1,4,1790194287723920,True,
157,4,MONOTONIC_WRITES,normal,netem delay 25ms 25ms,ALL,cassandra3,5,1790194287724920,True,
157,5,MONOTONIC_WRITES,normal,netem delay 25ms 25ms,ALL,cassandra3,6,1790194287725920,True,
158,1,MONOTONIC_WRITES,normal,netem delay 25ms 25ms,ALL,cassandra2,2,1790194288988501,True,
158,2,MONOTONIC_WRITES,normal,netem delay 25ms 25ms,ALL,cassandra1,3,1790194288989501,True,
158,3,MONOTONIC_WRITES,normal,netem delay 25ms 25ms,ALL,cassandra1,4,1790194288990501,True,
158,4,MONOTONIC_WRITES,normal,netem delay 25ms 25ms,ALL,cassandra1,5,1790194288991501,True,
158,5,MONOTONIC_WRITES,normal,netem delay 25ms 25ms,ALL,cassandra1,6,1790194288992501,True,
159,1,MONOTONIC_WRITES,normal,netem delay 25ms 25ms,ALL,cassandra1,2,1790194290334093,True,
159,2,MONOTONIC_WRITES,normal,netem delay 25ms 25ms,ALL,cassandra1,3,1790194290335093,True,
159,3,MONOTONIC_WRITES,normal,netem delay 25ms 25ms,ALL,cassandra1,4,1790194290336093,True,
159,4,MONOTONIC_WRITES,normal,netem delay 25ms 25ms,ALL,cassandra3,5,1790194290337093,True,
159,5,MONOTONIC_WRITES,normal,netem delay 25ms 25ms,ALL,cassandra2,6,1790194290338093,True,
160,1,MONOTONIC_WRITES,normal,netem delay 25ms 25ms,ALL,cassandra1,2,1790194291565338,True,
160,2,MONOTONIC_WRITES,normal,netem delay 25ms 25ms,ALL,cassandra3,3,1790194291566338,True,
160,3,MONOTONIC_WRITES,normal,netem delay 25ms 25ms,ALL,cassandra2,4,1790194291567338,True,
160,4,MONOTONIC_WRITES,normal,netem delay 25ms 25ms,ALL,cassandra2,5,1790194291568338,True,
160,5,MONOTONIC_WRITES,normal,netem delay 25ms 25ms,ALL,cassandra3,6,1790194291569338,True,
161,1,MONOTONIC_WRITES,normal,netem delay 25ms 25ms,ALL,cassandra3,2,1790194292974835,True,
161,2,MONOTONIC_WRITES,normal,netem delay 25ms 25ms,ALL,cassandra1,3,1790194292975835,True,
161,3,MONOTONIC_WRITES,normal,netem delay 25ms 25ms,ALL,cassandra1,4,1790194292976835,True,
161,4,MONOTONIC_WRITES,normal,netem delay 25ms 25ms,ALL,cassandra3,5,1790194292977835,True,
161,5,MONOTONIC_WRITES,normal,netem delay 25ms 25ms,ALL,cassandra2,6,1790194292978835,True,
162,1,MONOTONIC_WRITES,normal,netem delay 25ms 25ms,ALL,cassandra3,2,1790194294363214,True,
162,2,MONOTONIC_WRITES,normal,netem delay 25ms 25ms,ALL,cassandra2,3,1790194294364214,True,
162,3,MONOTONIC_WRITES,normal,netem delay 25ms 25ms,ALL,cassandra1,4,1790194294365214,True,
162,4,MONOTONIC_WRITES,normal,netem delay 25ms 25ms,ALL,cassandra2,5,1790194294366214,True,
162,5,MONOTONIC_WRITES,normal,netem delay 25ms 25ms,ALL,cassandra3,6,1790194294367214,True,
163,1,MONOTONIC_WRITES,normal,netem delay 25ms 25ms,ALL,cassandra3,2,1790194295924129,True,
163,2,MONOTONIC_WRITES,normal,netem delay 25ms 25ms,ALL,cassandra3,3,1790194295925129,True,
163,3,MONOTONIC_WRITES,normal,netem delay 25ms 25ms,ALL,cassandra3,4,1790194295926129,True,
163,4,MONOTONIC_WRITES,normal,netem delay 25ms 25ms,ALL,cassandra2,5,1790194295927129,True,
163,5,MONOTONIC_WRITES,normal,netem delay 25ms 25ms,ALL,cassandra2,6,1790194295928129,True,
164,1,MONOTONIC_WRITES,normal,netem delay 25ms 25ms,ALL,cassandra2,2,1790194297141331,True,
164,2,MONOTONIC_WRITES,normal,netem delay 25ms 25ms,ALL,cassandra1,3,1790194297142331,True,
164,3,MONOTONIC_WRITES,normal,netem delay 25ms 25ms,ALL,cassandra3,4,1790194297143331,True,
164,4,MONOTONIC_WRITES,normal,netem delay 25ms 25ms,ALL,cassandra2,5,1790194297144331,True,
164,5,MONOTONIC_WRITES,normal,netem delay 25ms 25ms,ALL,cassandra1,6,1790194297145331,True,
165,1,MONOTONIC_WRITES,normal,netem delay 25ms 25ms,ALL,cassandra1,2,1790194298354101,True,
165,2,MONOTONIC_WRITES,normal,netem delay 25ms 25ms,ALL,cassandra2,3,1790194298355101,True,
165,3,MONOTONIC_WRITES,normal,netem delay 25ms 25ms,ALL,cassandra2,4,1790194298356101,True,
165,4,MONOTONIC_WRITES,normal,netem delay 25ms 25ms,ALL,cassandra2,5,1790194298357101,True,
165,5,MONOTONIC_WRITES,normal,netem delay 25ms 25ms,ALL,cassandra3,6,1790194298358101,True,
166,1,MONOTONIC_WRITES,normal,netem delay 25ms 25ms,ALL,cassandra3,2,1790194299640666,True,
166,2,MONOTONIC_WRITES,normal,netem delay 25ms 25ms,ALL,cassandra1,3,1790194299641666,True,
166,3,MONOTONIC_WRITES,normal,netem delay 25ms 25ms,ALL,cassandra1,4,1790194299642666,True,
166,4,MONOTONIC_WRITES,normal,netem delay 25ms 25ms,ALL,cassandra3,5,1790194299643666,True,
166,5,MONOTONIC_WRITES,normal,netem delay 25ms 25ms,ALL,cassandra3,6,1790194299644666,True,
167,1,MONOTONIC_WRITES,normal,netem delay 25ms 25ms,ALL,cassandra3,2,1790194301071274,True,
167,2,MONOTONIC_WRITES,normal,netem delay 25ms 25ms,ALL,cassandra1,3,1790194301072274,True,
167,3,MONOTONIC_WRITES,normal,netem delay 25ms 25ms,ALL,cassandra2,4,1790194301073274,True,
167,4,MONOTONIC_WRITES,normal,netem delay 25ms 25ms,ALL,cassandra2,5,1790194301074274,True,
167,5,MONOTONIC_WRITES,normal,netem delay 25ms 25ms,ALL,cassandra3,6,1790194301075274,True,
168,1,MONOTONIC_WRITES,normal,netem delay 25ms 25ms,ALL,cassandra3,2,1790194302347832,True,
168,2,MONOTONIC_WRITES,normal,netem delay 25ms 25ms,ALL,cassandra3,3,1790194302348832,True,
168,3,MONOTONIC_WRITES,normal,netem delay 25ms 25ms,ALL,cassandra3,4,1790194302349832,True,
168,4,MONOTONIC_WRITES,normal,netem delay 25ms 25ms,ALL,cassandra2,5,1790194302350832,True,
168,5,MONOTONIC_WRITES,normal,netem delay 25ms 25ms,ALL,cassandra3,6,1790194302351832,True,
169,1,MONOTONIC_WRITES,normal,netem delay 25ms 25ms,ALL,cassandra1,2,1790194303620901,True,
169,2,MONOTONIC_WRITES,normal,netem delay 25ms 25ms,ALL,cassandra1,3,1790194303621901,True,
169,3,MONOTONIC_WRITES,normal,netem delay 25ms 25ms,ALL,cassandra3,4,1790194303622901,True,
169,4,MONOTONIC_WRITES,normal,netem delay 25ms 25ms,ALL,cassandra2,5,1790194303623901,True,
169,5,MONOTONIC_WRITES,normal,netem delay 25ms 25ms,ALL,cassandra1,6,1790194303624901,True,
170,1,MONOTONIC_WRITES,normal,netem delay 25ms 25ms,ALL,cassandra2,2,1790194305079397,True,
170,2,MONOTONIC_WRITES,normal,netem delay 25ms 25ms,ALL,cassandra3,3,1790194305080397,True,
170,3,MONOTONIC_WRITES,normal,netem delay 25ms 25ms,ALL,cassandra1,4,1790194305081397,True,
170,4,MONOTONIC_WRITES,normal,netem delay 25ms 25ms,ALL,cassandra1,5,1790194305082397,True,
170,5,MONOTONIC_WRITES,normal,netem delay 25ms 25ms,ALL,cassandra1,6,1790194305083397,True,
171,1,MONOTONIC_WRITES,normal,netem delay 25ms 25ms,ALL,cassandra3,2,1790194306310208,True,
171,2,MONOTONIC_WRITES,normal,netem delay 25ms 25ms,ALL,cassandra3,3,1790194306311208,True,
171,3,MONOTONIC_WRITES,normal,netem delay 25ms 25ms,ALL,cassandra3,4,1790194306312208,True,
171,4,MONOTONIC_WRITES,normal,netem delay 25ms 25ms,ALL,cassandra2,5,1790194306313208,True,
171,5,MONOTONIC_WRITES,normal,netem delay 25ms 25ms,ALL,cassandra2,6,1790194306314208,True,
172,1,MONOTONIC_WRITES,normal,netem delay 25ms 25ms,ALL,cassandra1,2,1790194307623344,True,
172,2,MONOTONIC_WRITES,normal,netem delay 25ms 25ms,ALL,cassandra3,3,1790194307624344,True,
172,3,MONOTONIC_WRITES,normal,netem delay 25ms 25ms,ALL,cassandra3,4,1790194307625344,True,
172,4,MONOTONIC_WRITES,normal,netem delay 25ms 25ms,ALL,cassandra1,5,1790194307626344,True,
172,5,MONOTONIC_WRITES,normal,netem delay 25ms 25ms,ALL,cassandra3,6,1790194307627344,True,
173,1,MONOTONIC_WRITES,normal,netem delay 25ms 25ms,ALL,cassandra2,2,1790194308994881,True,
173,2,MONOTONIC_WRITES,normal,netem delay 25ms 25ms,ALL,cassandra3,3,1790194308995881,True,
173,3,MONOTONIC_WRITES,normal,netem delay 25ms 25ms,ALL,cassandra2,4,1790194308996881,True,
173,4,MONOTONIC_WRITES,normal,netem delay 25ms 25ms,ALL,cassandra3,5,1790194308997881,True,
173,5,MONOTONIC_WRITES,normal,netem delay 25ms 25ms,ALL,cassandra1,6,1790194308998881,True,
174,1,MONOTONIC_WRITES,normal,netem delay 25ms 25ms,ALL,cassandra2,2,1790194310368512,True,
174,2,MONOTONIC_WRITES,normal,netem delay 25ms 25ms,ALL,cassandra2,3,1790194310369512,True,
174,3,MONOTONIC_WRITES,normal,netem delay 25ms 25ms,ALL,cassandra3,4,1790194310370512,True,
174,4,MONOTONIC_WRITES,normal,netem delay 25ms 25ms,ALL,cassandra3,5,1790194310371512,True,
174,5,MONOTONIC_WRITES,normal,netem delay 25ms 25ms,ALL,cassandra3,6,1790194310372512,True,
175,1,MONOTONIC_WRITES,normal,netem delay 25ms 25ms,ALL,cassandra2,2,1790194311770666,True,
175,2,MONOTONIC_WRITES,normal,netem delay 25ms 25ms,ALL,cassandra1,3,1790194311771666,True,
175,3,MONOTONIC_WRITES,normal,netem delay 25ms 25ms,ALL,cassandra3,4,1790194311772666,True,
175,4,MONOTONIC_WRITES,normal,netem delay 25ms 25ms,ALL,cassandra3,5,1790194311773666,True,
175,5,MONOTONIC_WRITES,normal,netem delay 25ms 25ms,ALL,cassandra1,6,1790194311774666,True,
176,1,MONOTONIC_WRITES,normal,netem delay 25ms 25ms,ALL,cassandra3,2,1790194313075642,True,
176,2,MONOTONIC_WRITES,normal,netem delay 25ms 25ms,ALL,cassandra3,3,1790194313076642,True,
176,3,MONOTONIC_WRITES,normal,netem delay 25ms 25ms,ALL,cassandra3,4,1790194313077642,True,
176,4,MONOTONIC_WRITES,normal,netem delay 25ms 25ms,ALL,cassandra2,5,1790194313078642,True,
176,5,MONOTONIC_WRITES,normal,netem delay 25ms 25ms,ALL,cassandra1,6,1790194313079642,True,
177,1,MONOTONIC_WRITES,normal,netem delay 25ms 25ms,ALL,cassandra2,2,1790194314427657,True,
177,2,MONOTONIC_WRITES,normal,netem delay 25ms 25ms,ALL,cassandra3,3,1790194314428657,True,
177,3,MONOTONIC_WRITES,normal,netem delay 25ms 25ms,ALL,cassandra3,4,1790194314429657,True,
177,4,MONOTONIC_WRITES,normal,netem delay 25ms 25ms,ALL,cassandra2,5,1790194314430657,True,
177,5,MONOTONIC_WRITES,normal,netem delay 25ms 25ms,ALL,cassandra1,6,1790194314431657,True,
178,1,MONOTONIC_WRITES,normal,netem delay 25ms 25ms,ALL,cassandra3,2,1790194315735103,True,
178,2,MONOTONIC_WRITES,normal,netem delay 25ms 25ms,ALL,cassandra2,3,1790194315736103,True,
178,3,MONOTONIC_WRITES,normal,netem delay 25ms 25ms,ALL,cassandra2,4,1790194315737103,True,
178,4,MONOTONIC_WRITES,normal,netem delay 25ms 25ms,ALL,cassandra1,5,1790194315738103,True,
178,5,MONOTONIC_WRITES,normal,netem delay 25ms 25ms,ALL,cassandra3,6,1790194315739103,True,
179,1,MONOTONIC_WRITES,normal,netem delay 25ms 25ms,ALL,cassandra1,2,1790194316939859,True,
179,2,MONOTONIC_WRITES,normal,netem delay 25ms 25ms,ALL,cassandra3,3,1790194316940859,True,
179,3,MONOTONIC_WRITES,normal,netem delay 25ms 25ms,ALL,cassandra1,4,1790194316941859,True,
179,4,MONOTONIC_WRITES,normal,netem delay 25ms 25ms,ALL,cassandra2,5,1790194316942859,True,
179,5,MONOTONIC_WRITES,normal,netem delay 25ms 25ms,ALL,cassandra2,6,1790194316943859,True,
180,1,MONOTONIC_WRITES,normal,netem delay 25ms 25ms,ALL,cassandra2,2,1790194318615086,True,
180,2,MONOTONIC_WRITES,normal,netem delay 25ms 25ms,ALL,cassandra3,3,1790194318616086,True,
180,3,MONOTONIC_WRITES,normal,netem delay 25ms 25ms,ALL,cassandra1,4,1790194318617086,True,
180,4,MONOTONIC_WRITES,normal,netem delay 25ms 25ms,ALL,cassandra1,5,1790194318618086,True,
180,5,MONOTONIC_WRITES,normal,netem delay 25ms 25ms,ALL,cassandra1,6,1790194318619086,True,
181,1,MONOTONIC_WRITES,normal,netem delay 25ms 25ms,ALL,cassandra2,2,1790194320098229,True,
181,2,MONOTONIC_WRITES,normal,netem delay 25ms 25ms,ALL,cassandra1,3,1790194320099229,True,
181,3,MONOTONIC_WRITES,normal,netem delay 25ms 25ms,ALL,cassandra3,4,1790194320100229,True,
181,4,MONOTONIC_WRITES,normal,netem delay 25ms 25ms,ALL,cassandra2,5,1790194320101229,True,
181,5,MONOTONIC_WRITES,normal,netem delay 25ms 25ms,ALL,cassandra3,6,1790194320102229,True,
182,1,MONOTONIC_WRITES,normal,netem delay 25ms 25ms,ALL,cassandra3,2,1790194321448429,True,
182,2,MONOTONIC_WRITES,normal,netem delay 25ms 25ms,ALL,cassandra2,3,1790194321449429,True,
182,3,MONOTONIC_WRITES,normal,netem delay 25ms 25ms,ALL,cassandra1,4,1790194321450429,True,
182,4,MONOTONIC_WRITES,normal,netem delay 25ms 25ms,ALL,cassandra1,5,1790194321451429,True,
182,5,MONOTONIC_WRITES,normal,netem delay 25ms 25ms,ALL,cassandra1,6,1790194321452429,True,
183,1,MONOTONIC_WRITES,normal,netem delay 25ms 25ms,ALL,cassandra3,2,1790194322682305,True,
183,2,MONOTONIC_WRITES,normal,netem delay 25ms 25ms,ALL,cassandra2,3,1790194322683305,True,
183,3,MONOTONIC_WRITES,normal,netem delay 25ms 25ms,ALL,cassandra1,4,1790194322684305,True,
183,4,MONOTONIC_WRITES,normal,netem delay 25ms 25ms,ALL,cassandra2,5,1790194322685305,True,
183,5,MONOTONIC_WRITES,normal,netem delay 25ms 25ms,ALL,cassandra2,6,1790194322686305,True,
184,1,MONOTONIC_WRITES,normal,netem delay 25ms 25ms,ALL,cassandra1,2,1790194324104622,True,
184,2,MONOTONIC_WRITES,normal,netem delay 25ms 25ms,ALL,cassandra1,3,1790194324105622,True,
184,3,MONOTONIC_WRITES,normal,netem delay 25ms 25ms,ALL,cassandra2,4,1790194324106622,True,
184,4,MONOTONIC_WRITES,normal,netem delay 25ms 25ms,ALL,cassandra2,5,1790194324107622,True,
184,5,MONOTONIC_WRITES,normal,netem delay 25ms 25ms,ALL,cassandra2,6,1790194324108622,True,
185,1,MONOTONIC_WRITES,normal,netem delay 25ms 25ms,ALL,cassandra2,2,1790194325467239,True,
185,2,MONOTONIC_WRITES,normal,netem delay 25ms 25ms,ALL,cassandra1,3,1790194325468239,True,
185,3,MONOTONIC_WRITES,normal,netem delay 25ms 25ms,ALL,cassandra1,4,1790194325469239,True,
185,4,MONOTONIC_WRITES,normal,netem delay 25ms 25ms,ALL,cassandra1,5,1790194325470239,True,
185,5,MONOTONIC_WRITES,normal,netem delay 25ms 25ms,ALL,cassandra1,6,1790194325471239,True,
186,1,MONOTONIC_WRITES,normal,netem delay 25ms 25ms,ALL,cassandra1,2,1790194326808666,True,
186,2,MONOTONIC_WRITES,normal,netem delay 25ms 25ms,ALL,cassandra2,3,1790194326809666,True,
186,3,MONOTONIC_WRITES,normal,netem delay 25ms 25ms,ALL,cassandra2,4,1790194326810666,True,
186,4,MONOTONIC_WRITES,normal,netem delay 25ms 25ms,ALL,cassandra1,5,1790194326811666,True,
186,5,MONOTONIC_WRITES,normal,netem delay 25ms 25ms,ALL,cassandra2,6,1790194326812666,True,
187,1,MONOTONIC_WRITES,normal,netem delay 25ms 25ms,ALL,cassandra2,2,1790194328139773,True,
187,2,MONOTONIC_WRITES,normal,netem delay 25ms 25ms,ALL,cassandra1,3,1790194328140773,True,
187,3,MONOTONIC_WRITES,normal,netem delay 25ms 25ms,ALL,cassandra2,4,1790194328141773,True,
187,4,MONOTONIC_WRITES,normal,netem delay 25ms 25ms,ALL,cassandra3,5,1790194328142773,True,
187,5,MONOTONIC_WRITES,normal,netem delay 25ms 25ms,ALL,cassandra1,6,1790194328143773,True,
188,1,MONOTONIC_WRITES,normal,netem delay 25ms 25ms,ALL,cassandra1,2,1790194329381788,True,
188,2,MONOTONIC_WRITES,normal,netem delay 25ms 25ms,ALL,cassandra1,3,1790194329382788,True,
188,3,MONOTONIC_WRITES,normal,netem delay 25ms 25ms,ALL,cassandra3,4,1790194329383788,True,
188,4,MONOTONIC_WRITES,normal,netem delay 25ms 25ms,ALL,cassandra1,5,1790194329384788,True,
188,5,MONOTONIC_WRITES,normal,netem delay 25ms 25ms,ALL,cassandra3,6,1790194329385788,True,
189,1,MONOTONIC_WRITES,normal,netem delay 25ms 25ms,ALL,cassandra3,2,1790194330947564,True,
189,2,MONOTONIC_WRITES,normal,netem delay 25ms 25ms,ALL,cassandra2,3,1790194330948564,True,
189,3,MONOTONIC_WRITES,normal,netem delay 25ms 25ms,ALL,cassandra2,4,1790194330949564,True,
189,4,MONOTONIC_WRITES,normal,netem delay 25ms 25ms,ALL,cassandra1,5,1790194330950564,True,
189,5,MONOTONIC_WRITES,normal,netem delay 25ms 25ms,ALL,cassandra1,6,1790194330951564,True,
190,1,MONOTONIC_WRITES,normal,netem delay 25ms 25ms,ALL,cassandra2,2,1790194332401889,True,
190,2,MONOTONIC_WRITES,normal,netem delay 25ms 25ms,ALL,cassandra2,3,1790194332402889,True,
190,3,MONOTONIC_WRITES,normal,netem delay 25ms 25ms,ALL,cassandra2,4,1790194332403889,True,
190,4,MONOTONIC_WRITES,normal,netem delay 25ms 25ms,ALL,cassandra3,5,1790194332404889,True,
190,5,MONOTONIC_WRITES,normal,netem delay 25ms 25ms,ALL,cassandra1,6,1790194332405889,True,
191,1,MONOTONIC_WRITES,normal,netem delay 25ms 25ms,ALL,cassandra2,2,1790194333656835,True,
191,2,MONOTONIC_WRITES,normal,netem delay 25ms 25ms,ALL,cassandra2,3,1790194333657835,True,
191,3,MONOTONIC_WRITES,normal,netem delay 25ms 25ms,ALL,cassandra1,4,1790194333658835,True,
191,4,MONOTONIC_WRITES,normal,netem delay 25ms 25ms,ALL,cassandra2,5,1790194333659835,True,
191,5,MONOTONIC_WRITES,normal,netem delay 25ms 25ms,ALL,cassandra1,6,1790194333660835,True,
192,1,MONOTONIC_WRITES,normal,netem delay 25ms 25ms,ALL,cassandra3,2,1790194334978002,True,
192,2,MONOTONIC_WRITES,normal,netem delay 25ms 25ms,ALL,cassandra2,3,1790194334979002,True,
192,3,MONOTONIC_WRITES,normal,netem delay 25ms 25ms,ALL,cassandra3,4,1790194334980002,True,
192,4,MONOTONIC_WRITES,normal,netem delay 25ms 25ms,ALL,cassandra2,5,1790194334981002,True,
192,5,MONOTONIC_WRITES,normal,netem delay 25ms 25ms,ALL,cassandra3,6,1790194334982002,True,
193,1,MONOTONIC_WRITES,normal,netem delay 25ms 25ms,ALL,cassandra2,2,1790194336230684,True,
193,2,MONOTONIC_WRITES,normal,netem delay 25ms 25ms,ALL,cassandra2,3,1790194336231684,True,
193,3,MONOTONIC_WRITES,normal,netem delay 25ms 25ms,ALL,cassandra1,4,1790194336232684,True,
193,4,MONOTONIC_WRITES,normal,netem delay 25ms 25ms,ALL,cassandra2,5,1790194336233684,True,
193,5,MONOTONIC_WRITES,normal,netem delay 25ms 25ms,ALL,cassandra2,6,1790194336234684,True,
194,1,MONOTONIC_WRITES,normal,netem delay 25ms 25ms,ALL,cassandra1,2,1790194337543941,True,
194,2,MONOTONIC_WRITES,normal,netem delay 25ms 25ms,ALL,cassandra1,3,1790194337544941,True,
194,3,MONOTONIC_WRITES,normal,netem delay 25ms 25ms,ALL,cassandra1,4,1790194337545941,True,
194,4,MONOTONIC_WRITES,normal,netem delay 25ms 25ms,ALL,cassandra3,5,1790194337546941,True,
194,5,MONOTONIC_WRITES,normal,netem delay 25ms 25ms,ALL,cassandra3,6,1790194337547941,True,
195,1,MONOTONIC_WRITES,normal,netem delay 25ms 25ms,ALL,cassandra2,2,1790194338894650,True,
195,2,MONOTONIC_WRITES,normal,netem delay 25ms 25ms,ALL,cassandra1,3,1790194338895650,True,
195,3,MONOTONIC_WRITES,normal,netem delay 25ms 25ms,ALL,cassandra3,4,1790194338896650,True,
195,4,MONOTONIC_WRITES,normal,netem delay 25ms 25ms,ALL,cassandra2,5,1790194338897650,True,
195,5,MONOTONIC_WRITES,normal,netem delay 25ms 25ms,ALL,cassandra1,6,1790194338898650,True,
196,1,MONOTONIC_WRITES,normal,netem delay 25ms 25ms,ALL,cassandra1,2,1790194340205984,True,
196,2,MONOTONIC_WRITES,normal,netem delay 25ms 25ms,ALL,cassandra2,3,1790194340206984,True,
196,3,MONOTONIC_WRITES,normal,netem delay 25ms 25ms,ALL,cassandra3,4,1790194340207984,True,
196,4,MONOTONIC_WRITES,normal,netem delay 25ms 25ms,ALL,cassandra1,5,1790194340208984,True,
196,5,MONOTONIC_WRITES,normal,netem delay 25ms 25ms,ALL,cassandra3,6,1790194340209984,True,
197,1,MONOTONIC_WRITES,normal,netem delay 25ms 25ms,ALL,cassandra3,2,1790194341578435,True,
197,2,MONOTONIC_WRITES,normal,netem delay 25ms 25ms,ALL,cassandra1,3,1790194341579435,True,
197,3,MONOTONIC_WRITES,normal,netem delay 25ms 25ms,ALL,cassandra1,4,1790194341580435,True,
197,4,MONOTONIC_WRITES,normal,netem delay 25ms 25ms,ALL,cassandra2,5,1790194341581435,True,
197,5,MONOTONIC_WRITES,normal,netem delay 25ms 25ms,ALL,cassandra3,6,1790194341582435,True,
198,1,MONOTONIC_WRITES,normal,netem delay 25ms 25ms,ALL,cassandra3,2,1790194342863323,True,
198,2,MONOTONIC_WRITES,normal,netem delay 25ms 25ms,ALL,cassandra2,3,1790194342864323,True,
198,3,MONOTONIC_WRITES,normal,netem delay 25ms 25ms,ALL,cassandra2,4,1790194342865323,True,
198,4,MONOTONIC_WRITES,normal,netem delay 25ms 25ms,ALL,cassandra3,5,1790194342866323,True,
198,5,MONOTONIC_WRITES,normal,netem delay 25ms 25ms,ALL,cassandra1,6,1790194342867323,True,
199,1,MONOTONIC_WRITES,normal,netem delay 25ms 25ms,ALL,cassandra1,2,1790194344275094,True,
199,2,MONOTONIC_WRITES,normal,netem delay 25ms 25ms,ALL,cassandra1,3,1790194344276094,True,
199,3,MONOTONIC_WRITES,normal,netem delay 25ms 25ms,ALL,cassandra2,4,1790194344277094,False,"WriteTimeout: Error from server: code=1100 [Coordinator node timed out waiting for replica nodes' responses] message=""Operation timed out - received only 1 responses."" info={'consistency': 'ALL', 'required_responses': 3, 'received_responses': 1, 'write_type': 'SIMPLE'}"
200,1,MONOTONIC_WRITES,normal,netem delay 25ms 25ms,ALL,cassandra2,2,1790194347515476,False,"WriteTimeout: Error from server: code=1100 [Coordinator node timed out waiting for replica nodes' responses] message=""Operation timed out - received only 1 responses."" info={'consistency': 'ALL', 'required_responses': 3, 'received_responses': 1, 'write_type': 'SIMPLE'}"
