trial,property,scenario,network_delay,write_cl,read_cl,setup_coordinator,write_coordinator,read_coordinator,same_write_read_coordinator,initial_version,written_version,observed_version,write_completed,read_completed,result,error
1,RYW,normal,netem delay 25ms 25ms,ONE,ONE,cassandra3,cassandra1,cassandra1,True,1,2,2,True,True,PASS,
2,RYW,normal,netem delay 25ms 25ms,ONE,ONE,cassandra2,cassandra1,cassandra3,False,1,2,2,True,True,PASS,
3,RYW,normal,netem delay 25ms 25ms,ONE,ONE,cassandra3,cassandra3,cassandra1,False,1,2,2,True,True,PASS,
4,RYW,normal,netem delay 25ms 25ms,ONE,ONE,cassandra3,cassandra3,cassandra2,False,1,2,2,True,True,PASS,
5,RYW,normal,netem delay 25ms 25ms,ONE,ONE,cassandra2,cassandra1,cassandra1,True,1,2,2,True,True,PASS,
6,RYW,normal,netem delay 25ms 25ms,ONE,ONE,cassandra1,cassandra3,cassandra1,False,1,2,1,True,True,FAIL,
7,RYW,normal,netem delay 25ms 25ms,ONE,ONE,cassandra1,cassandra1,cassandra1,True,1,2,2,True,True,PASS,
8,RYW,normal,netem delay 25ms 25ms,ONE,ONE,cassandra3,cassandra3,cassandra1,False,1,2,2,True,True,PASS,
9,RYW,normal,netem delay 25ms 25ms,ONE,ONE,cassandra2,cassandra3,cassandra1,False,1,2,2,True,True,PASS,
10,RYW,normal,netem delay 25ms 25ms,ONE,ONE,cassandra3,cassandra2,cassandra1,False,1,2,2,True,True,PASS,
11,RYW,normal,netem delay 25ms 25ms,ONE,ONE,cassandra2,cassandra3,cassandra2,False,1,2,2,True,True,PASS,
12,RYW,normal,netem delay 25ms 25ms,ONE,ONE,cassandra2,cassandra2,cassandra3,False,1,2,1,True,True,FAIL,
13,RYW,normal,netem delay 25ms 25ms,ONE,ONE,cassandra3,cassandra2,cassandra1,False,1,2,2,True,True,PASS,
14,RYW,normal,netem delay 25ms 25ms,ONE,ONE,cassandra1,cassandra3,cassandra2,False,1,2,2,True,True,PASS,
15,RYW,normal,netem delay 25ms 25ms,ONE,ONE,cassandra3,cassandra3,cassandra1,False,1,2,2,True,True,PASS,
16,RYW,normal,netem delay 25ms 25ms,ONE,ONE,cassandra1,cassandra1,cassandra1,True,1,2,2,True,True,PASS,
17,RYW,normal,netem delay 25ms 25ms,ONE,ONE,cassandra2,cassandra3,cassandra3,True,1,2,2,True,True,PASS,
18,RYW,normal,netem delay 25ms 25ms,ONE,ONE,cassandra2,cassandra1,cassandra2,False,1,2,2,True,True,PASS,
19,RYW,normal,netem delay 25ms 25ms,ONE,ONE,cassandra1,cassandra2,cassandra2,True,1,2,2,True,True,PASS,
20,RYW,normal,netem delay 25ms 25ms,ONE,ONE,cassandra2,cassandra1,cassandra1,True,1,2,2,True,True,PASS,
21,RYW,normal,netem delay 25ms 25ms,ONE,ONE,cassandra2,cassandra3,cassandra2,False,1,2,2,True,True,PASS,
22,RYW,normal,netem delay 25ms 25ms,ONE,ONE,cassandra3,cassandra1,cassandra3,False,1,2,2,True,True,PASS,
23,RYW,normal,netem delay 25ms 25ms,ONE,ONE,cassandra1,cassandra3,cassandra2,False,1,2,2,True,True,PASS,
24,RYW,normal,netem delay 25ms 25ms,ONE,ONE,cassandra3,cassandra2,cassandra1,False,1,2,2,True,True,PASS,
25,RYW,normal,netem delay 25ms 25ms,ONE,ONE,cassandra1,cassandra1,cassandra1,True,1,2,2,True,True,PASS,
26,RYW,normal,netem delay 25ms 25ms,ONE,ONE,cassandra1,cassandra3,cassandra1,False,1,2,2,True,True,PASS,
27,RYW,normal,netem delay 25ms 25ms,ONE,ONE,cassandra3,cassandra3,cassandra1,False,1,2,2,True,True,PASS,
28,RYW,normal,netem delay 25ms 25ms,ONE,ONE,cassandra3,cassandra3,cassandra1,False,1,2,1,True,True,FAIL,
29,RYW,normal,netem delay 25ms 25ms,ONE,ONE,cassandra1,cassandra1,cassandra1,True,1,2,2,True,True,PASS,
30,RYW,normal,netem delay 25ms 25ms,ONE,ONE,cassandra3,cassandra1,cassandra3,False,1,2,2,True,True,PASS,
31,RYW,normal,netem delay 25ms 25ms,ONE,ONE,cassandra2,cassandra3,cassandra2,False,1,2,1,True,True,FAIL,
32,RYW,normal,netem delay 25ms 25ms,ONE,ONE,cassandra2,cassandra1,cassandra1,True,1,2,2,True,True,PASS,
33,RYW,normal,netem delay 25ms 25ms,ONE,ONE,cassandra1,cassandra3,cassandra2,False,1,2,1,True,True,FAIL,
34,RYW,normal,netem delay 25ms 25ms,ONE,ONE,cassandra2,cassandra3,cassandra2,False,1,2,2,True,True,PASS,
35,RYW,normal,netem delay 25ms 25ms,ONE,ONE,cassandra2,cassandra2,cassandra3,False,1,2,2,True,True,PASS,
36,RYW,normal,netem delay 25ms 25ms,ONE,ONE,cassandra2,cassandra3,cassandra3,True,1,2,2,True,True,PASS,
37,RYW,normal,netem delay 25ms 25ms,ONE,ONE,cassandra1,cassandra1,cassandra1,True,1,2,2,True,True,PASS,
38,RYW,normal,netem delay 25ms 25ms,ONE,ONE,cassandra3,cassandra3,cassandra3,True,1,2,2,True,True,PASS,
39,RYW,normal,netem delay 25ms 25ms,ONE,ONE,cassandra2,cassandra1,cassandra3,False,1,2,2,True,True,PASS,
40,RYW,normal,netem delay 25ms 25ms,ONE,ONE,cassandra2,cassandra1,cassandra3,False,1,2,2,True,True,PASS,
41,RYW,normal,netem delay 25ms 25ms,ONE,ONE,cassandra2,cassandra3,cassandra1,False,1,2,1,True,True,FAIL,
42,RYW,normal,netem delay 25ms 25ms,ONE,ONE,cassandra2,cassandra2,cassandra1,False,1,2,2,True,True,PASS,
43,RYW,normal,netem delay 25ms 25ms,ONE,ONE,cassandra2,cassandra1,cassandra1,True,1,2,2,True,True,PASS,
44,RYW,normal,netem delay 25ms 25ms,ONE,ONE,cassandra1,cassandra2,cassandra2,True,1,2,2,True,True,PASS,
45,RYW,normal,netem delay 25ms 25ms,ONE,ONE,cassandra2,cassandra2,cassandra3,False,1,2,2,True,True,PASS,
46,RYW,normal,netem delay 25ms 25ms,ONE,ONE,cassandra2,cassandra3,cassandra1,False,1,2,2,True,True,PASS,
47,RYW,normal,netem delay 25ms 25ms,ONE,ONE,cassandra3,cassandra2,cassandra2,True,1,2,2,True,True,PASS,
48,RYW,normal,netem delay 25ms 25ms,ONE,ONE,cassandra1,cassandra3,cassandra2,False,1,2,1,True,True,FAIL,
49,RYW,normal,netem delay 25ms 25ms,ONE,ONE,cassandra2,cassandra3,cassandra3,True,1,2,2,True,True,PASS,
50,RYW,normal,netem delay 25ms 25ms,ONE,ONE,cassandra1,cassandra2,cassandra3,False,1,2,2,True,True,PASS,
51,RYW,normal,netem delay 25ms 25ms,ONE,ONE,cassandra3,cassandra2,cassandra2,True,1,2,2,True,True,PASS,
52,RYW,normal,netem delay 25ms 25ms,ONE,ONE,cassandra3,cassandra3,cassandra1,False,1,2,1,True,True,FAIL,
53,RYW,normal,netem delay 25ms 25ms,ONE,ONE,cassandra1,cassandra3,cassandra2,False,1,2,2,True,True,PASS,
54,RYW,normal,netem delay 25ms 25ms,ONE,ONE,cassandra2,cassandra3,cassandra2,False,1,2,2,True,True,PASS,
55,RYW,normal,netem delay 25ms 25ms,ONE,ONE,cassandra3,cassandra1,cassandra3,False,1,2,2,True,True,PASS,
56,RYW,normal,netem delay 25ms 25ms,ONE,ONE,cassandra3,cassandra1,cassandra3,False,1,2,2,True,True,PASS,
57,RYW,normal,netem delay 25ms 25ms,ONE,ONE,cassandra3,cassandra3,cassandra1,False,1,2,2,True,True,PASS,
58,RYW,normal,netem delay 25ms 25ms,ONE,ONE,cassandra1,cassandra1,cassandra1,True,1,2,2,True,True,PASS,
59,RYW,normal,netem delay 25ms 25ms,ONE,ONE,cassandra1,cassandra2,cassandra3,False,1,2,2,True,True,PASS,
60,RYW,normal,netem delay 25ms 25ms,ONE,ONE,cassandra3,cassandra1,cassandra2,False,1,2,2,True,True,PASS,
61,RYW,normal,netem delay 25ms 25ms,ONE,ONE,cassandra1,cassandra3,cassandra1,False,1,2,2,True,True,PASS,
62,RYW,normal,netem delay 25ms 25ms,ONE,ONE,cassandra1,cassandra1,cassandra2,False,1,2,1,True,True,FAIL,
63,RYW,normal,netem delay 25ms 25ms,ONE,ONE,cassandra3,cassandra2,cassandra2,True,1,2,2,True,True,PASS,
64,RYW,normal,netem delay 25ms 25ms,ONE,ONE,cassandra2,cassandra2,cassandra1,False,1,2,2,True,True,PASS,
65,RYW,normal,netem delay 25ms 25ms,ONE,ONE,cassandra2,cassandra2,cassandra1,False,1,2,1,True,True,FAIL,
66,RYW,normal,netem delay 25ms 25ms,ONE,ONE,cassandra3,cassandra3,cassandra1,False,1,2,2,True,True,PASS,
67,RYW,normal,netem delay 25ms 25ms,ONE,ONE,cassandra3,cassandra2,cassandra2,True,1,2,2,True,True,PASS,
68,RYW,normal,netem delay 25ms 25ms,ONE,ONE,cassandra3,cassandra2,cassandra3,False,1,2,1,True,True,FAIL,
69,RYW,normal,netem delay 25ms 25ms,ONE,ONE,cassandra1,cassandra1,cassandra3,False,1,2,2,True,True,PASS,
70,RYW,normal,netem delay 25ms 25ms,ONE,ONE,cassandra2,cassandra2,cassandra2,True,1,2,2,True,True,PASS,
71,RYW,normal,netem delay 25ms 25ms,ONE,ONE,cassandra3,cassandra2,cassandra3,False,1,2,1,True,True,FAIL,
72,RYW,normal,netem delay 25ms 25ms,ONE,ONE,cassandra1,cassandra2,cassandra2,True,1,2,2,True,True,PASS,
73,RYW,normal,netem delay 25ms 25ms,ONE,ONE,cassandra2,cassandra3,cassandra3,True,1,2,2,True,True,PASS,
74,RYW,normal,netem delay 25ms 25ms,ONE,ONE,cassandra1,cassandra1,cassandra1,True,1,2,2,True,True,PASS,
75,RYW,normal,netem delay 25ms 25ms,ONE,ONE,cassandra3,cassandra2,cassandra1,False,1,2,2,True,True,PASS,
76,RYW,normal,netem delay 25ms 25ms,ONE,ONE,cassandra2,cassandra2,cassandra2,True,1,2,2,True,True,PASS,
77,RYW,normal,netem delay 25ms 25ms,ONE,ONE,cassandra1,cassandra3,cassandra1,False,1,2,2,True,True,PASS,
78,RYW,normal,netem delay 25ms 25ms,ONE,ONE,cassandra3,cassandra1,cassandra1,True,1,2,2,True,True,PASS,
79,RYW,normal,netem delay 25ms 25ms,ONE,ONE,cassandra2,cassandra1,cassandra3,False,1,2,2,True,True,PASS,
80,RYW,normal,netem delay 25ms 25ms,ONE,ONE,cassandra3,cassandra3,cassandra3,True,1,2,2,True,True,PASS,
81,RYW,normal,netem delay 25ms 25ms,ONE,ONE,cassandra2,cassandra2,cassandra1,False,1,2,2,True,True,PASS,
82,RYW,normal,netem delay 25ms 25ms,ONE,ONE,cassandra3,cassandra1,cassandra1,True,1,2,2,True,True,PASS,
83,RYW,normal,netem delay 25ms 25ms,ONE,ONE,cassandra1,cassandra3,cassandra2,False,1,2,2,True,True,PASS,
84,RYW,normal,netem delay 25ms 25ms,ONE,ONE,cassandra3,cassandra3,cassandra3,True,1,2,2,True,True,PASS,
85,RYW,normal,netem delay 25ms 25ms,ONE,ONE,cassandra1,cassandra1,cassandra3,False,1,2,2,True,True,PASS,
86,RYW,normal,netem delay 25ms 25ms,ONE,ONE,cassandra1,cassandra2,cassandra3,False,1,2,1,True,True,FAIL,
87,RYW,normal,netem delay 25ms 25ms,ONE,ONE,cassandra3,cassandra1,cassandra2,False,1,2,2,True,True,PASS,
88,RYW,normal,netem delay 25ms 25ms,ONE,ONE,cassandra3,cassandra1,cassandra2,False,1,2,2,True,True,PASS,
89,RYW,normal,netem delay 25ms 25ms,ONE,ONE,cassandra2,cassandra2,cassandra3,False,1,2,2,True,True,PASS,
90,RYW,normal,netem delay 25ms 25ms,ONE,ONE,cassandra3,cassandra2,cassandra1,False,1,2,2,True,True,PASS,
91,RYW,normal,netem delay 25ms 25ms,ONE,ONE,cassandra1,cassandra1,cassandra2,False,1,2,1,True,True,FAIL,
92,RYW,normal,netem delay 25ms 25ms,ONE,ONE,cassandra2,cassandra3,cassandra3,True,1,2,2,True,True,PASS,
93,RYW,normal,netem delay 25ms 25ms,ONE,ONE,cassandra1,cassandra2,cassandra3,False,1,2,1,True,True,FAIL,
94,RYW,normal,netem delay 25ms 25ms,ONE,ONE,cassandra1,cassandra2,cassandra1,False,1,2,1,True,True,FAIL,
95,RYW,normal,netem delay 25ms 25ms,ONE,ONE,cassandra1,cassandra1,cassandra1,True,1,2,2,True,True,PASS,
96,RYW,normal,netem delay 25ms 25ms,ONE,ONE,cassandra3,cassandra2,cassandra1,False,1,2,2,True,True,PASS,
97,RYW,normal,netem delay 25ms 25ms,ONE,ONE,cassandra2,cassandra2,cassandra1,False,1,2,2,True,True,PASS,
98,RYW,normal,netem delay 25ms 25ms,ONE,ONE,cassandra3,cassandra3,cassandra1,False,1,2,2,True,True,PASS,
99,RYW,normal,netem delay 25ms 25ms,ONE,ONE,cassandra3,cassandra1,cassandra3,False,1,2,2,True,True,PASS,
100,RYW,normal,netem delay 25ms 25ms,ONE,ONE,cassandra3,cassandra2,cassandra2,True,1,2,2,True,True,PASS,
101,RYW,normal,netem delay 25ms 25ms,ONE,ONE,cassandra1,cassandra2,cassandra1,False,1,2,2,True,True,PASS,
102,RYW,normal,netem delay 25ms 25ms,ONE,ONE,cassandra2,cassandra1,cassandra2,False,1,2,2,True,True,PASS,
103,RYW,normal,netem delay 25ms 25ms,ONE,ONE,cassandra1,cassandra3,cassandra1,False,1,2,2,True,True,PASS,
104,RYW,normal,netem delay 25ms 25ms,ONE,ONE,cassandra3,cassandra2,cassandra3,False,1,2,1,True,True,FAIL,
105,RYW,normal,netem delay 25ms 25ms,ONE,ONE,cassandra2,cassandra3,cassandra3,True,1,2,2,True,True,PASS,
106,RYW,normal,netem delay 25ms 25ms,ONE,ONE,cassandra2,cassandra3,cassandra2,False,1,2,2,True,True,PASS,
107,RYW,normal,netem delay 25ms 25ms,ONE,ONE,cassandra1,cassandra2,cassandra3,False,1,2,2,True,True,PASS,
108,RYW,normal,netem delay 25ms 25ms,ONE,ONE,cassandra2,cassandra2,cassandra3,False,1,2,2,True,True,PASS,
109,RYW,normal,netem delay 25ms 25ms,ONE,ONE,cassandra1,cassandra3,cassandra2,False,1,2,2,True,True,PASS,
110,RYW,normal,netem delay 25ms 25ms,ONE,ONE,cassandra1,cassandra3,cassandra3,True,1,2,2,True,True,PASS,
111,RYW,normal,netem delay 25ms 25ms,ONE,ONE,cassandra2,cassandra3,cassandra3,True,1,2,2,True,True,PASS,
112,RYW,normal,netem delay 25ms 25ms,ONE,ONE,cassandra3,cassandra3,cassandra1,False,1,2,2,True,True,PASS,
113,RYW,normal,netem delay 25ms 25ms,ONE,ONE,cassandra2,cassandra1,cassandra1,True,1,2,2,True,True,PASS,
114,RYW,normal,netem delay 25ms 25ms,ONE,ONE,cassandra1,cassandra1,cassandra3,False,1,2,2,True,True,PASS,
115,RYW,normal,netem delay 25ms 25ms,ONE,ONE,cassandra3,cassandra2,cassandra1,False,1,2,2,True,True,PASS,
116,RYW,normal,netem delay 25ms 25ms,ONE,ONE,cassandra1,cassandra1,cassandra3,False,1,2,2,True,True,PASS,
117,RYW,normal,netem delay 25ms 25ms,ONE,ONE,cassandra3,cassandra1,cassandra2,False,1,2,2,True,True,PASS,
118,RYW,normal,netem delay 25ms 25ms,ONE,ONE,cassandra1,cassandra3,cassandra2,False,1,2,2,True,True,PASS,
119,RYW,normal,netem delay 25ms 25ms,ONE,ONE,cassandra1,cassandra1,cassandra3,False,1,2,2,True,True,PASS,
120,RYW,normal,netem delay 25ms 25ms,ONE,ONE,cassandra2,cassandra3,cassandra3,True,1,2,2,True,True,PASS,
121,RYW,normal,netem delay 25ms 25ms,ONE,ONE,cassandra3,cassandra3,cassandra1,False,1,2,1,True,True,FAIL,
122,RYW,normal,netem delay 25ms 25ms,ONE,ONE,cassandra1,cassandra2,cassandra2,True,1,2,2,True,True,PASS,
123,RYW,normal,netem delay 25ms 25ms,ONE,ONE,cassandra1,cassandra2,cassandra1,False,1,2,2,True,True,PASS,
124,RYW,normal,netem delay 25ms 25ms,ONE,ONE,cassandra1,cassandra1,cassandra2,False,1,2,2,True,True,PASS,
125,RYW,normal,netem delay 25ms 25ms,ONE,ONE,cassandra1,cassandra1,cassandra3,False,1,2,2,True,True,PASS,
126,RYW,normal,netem delay 25ms 25ms,ONE,ONE,cassandra2,cassandra2,cassandra2,True,1,2,2,True,True,PASS,
127,RYW,normal,netem delay 25ms 25ms,ONE,ONE,cassandra1,cassandra3,cassandra1,False,1,2,2,True,True,PASS,
128,RYW,normal,netem delay 25ms 25ms,ONE,ONE,cassandra3,cassandra2,cassandra3,False,1,2,1,True,True,FAIL,
129,RYW,normal,netem delay 25ms 25ms,ONE,ONE,cassandra2,cassandra2,cassandra2,True,1,2,2,True,True,PASS,
130,RYW,normal,netem delay 25ms 25ms,ONE,ONE,cassandra3,cassandra1,cassandra1,True,1,2,2,True,True,PASS,
131,RYW,normal,netem delay 25ms 25ms,ONE,ONE,cassandra2,cassandra2,cassandra1,False,1,2,2,True,True,PASS,
132,RYW,normal,netem delay 25ms 25ms,ONE,ONE,cassandra1,cassandra1,cassandra2,False,1,2,2,True,True,PASS,
133,RYW,normal,netem delay 25ms 25ms,ONE,ONE,cassandra2,cassandra1,cassandra3,False,1,2,1,True,True,FAIL,
134,RYW,normal,netem delay 25ms 25ms,ONE,ONE,cassandra2,cassandra1,cassandra2,False,1,2,2,True,True,PASS,
135,RYW,normal,netem delay 25ms 25ms,ONE,ONE,cassandra3,cassandra2,cassandra1,False,1,2,2,True,True,PASS,
136,RYW,normal,netem delay 25ms 25ms,ONE,ONE,cassandra3,cassandra3,cassandra2,False,1,2,1,True,True,FAIL,
137,RYW,normal,netem delay 25ms 25ms,ONE,ONE,cassandra3,cassandra3,cassandra2,False,1,2,2,True,True,PASS,
138,RYW,normal,netem delay 25ms 25ms,ONE,ONE,cassandra2,cassandra3,cassandra1,False,1,2,2,True,True,PASS,
139,RYW,normal,netem delay 25ms 25ms,ONE,ONE,cassandra1,cassandra3,cassandra3,True,1,2,2,True,True,PASS,
140,RYW,normal,netem delay 25ms 25ms,ONE,ONE,cassandra1,cassandra3,cassandra2,False,1,2,2,True,True,PASS,
141,RYW,normal,netem delay 25ms 25ms,ONE,ONE,cassandra1,cassandra1,cassandra3,False,1,2,1,True,True,FAIL,
142,RYW,normal,netem delay 25ms 25ms,ONE,ONE,cassandra1,cassandra2,cassandra1,False,1,2,2,True,True,PASS,
143,RYW,normal,netem delay 25ms 25ms,ONE,ONE,cassandra2,cassandra1,cassandra2,False,1,2,1,True,True,FAIL,
144,RYW,normal,netem delay 25ms 25ms,ONE,ONE,cassandra3,cassandra2,cassandra1,False,1,2,2,True,True,PASS,
145,RYW,normal,netem delay 25ms 25ms,ONE,ONE,cassandra3,cassandra2,cassandra2,True,1,2,2,True,True,PASS,
146,RYW,normal,netem delay 25ms 25ms,ONE,ONE,cassandra2,cassandra2,cassandra3,False,1,2,2,True,True,PASS,
147,RYW,normal,netem delay 25ms 25ms,ONE,ONE,cassandra1,cassandra3,cassandra3,True,1,2,2,True,True,PASS,
148,RYW,normal,netem delay 25ms 25ms,ONE,ONE,cassandra1,cassandra2,cassandra1,False,1,2,2,True,True,PASS,
149,RYW,normal,netem delay 25ms 25ms,ONE,ONE,cassandra2,cassandra3,cassandra3,True,1,2,2,True,True,PASS,
150,RYW,normal,netem delay 25ms 25ms,ONE,ONE,cassandra3,cassandra3,cassandra2,False,1,2,2,True,True,PASS,
151,RYW,normal,netem delay 25ms 25ms,ONE,ONE,cassandra1,cassandra2,cassandra1,False,1,2,2,True,True,PASS,
152,RYW,normal,netem delay 25ms 25ms,ONE,ONE,cassandra2,cassandra1,cassandra1,True,1,2,2,True,True,PASS,
153,RYW,normal,netem delay 25ms 25ms,ONE,ONE,cassandra1,cassandra2,cassandra1,False,1,2,2,True,True,PASS,
154,RYW,normal,netem delay 25ms 25ms,ONE,ONE,cassandra2,cassandra3,cassandra2,False,1,2,2,True,True,PASS,
155,RYW,normal,netem delay 25ms 25ms,ONE,ONE,cassandra3,cassandra1,cassandra2,False,1,2,2,True,True,PASS,
156,RYW,normal,netem delay 25ms 25ms,ONE,ONE,cassandra3,cassandra3,cassandra2,False,1,2,1,True,True,FAIL,
157,RYW,normal,netem delay 25ms 25ms,ONE,ONE,cassandra1,cassandra1,cassandra1,True,1,2,2,True,True,PASS,
158,RYW,normal,netem delay 25ms 25ms,ONE,ONE,cassandra3,cassandra1,cassandra3,False,1,2,2,True,True,PASS,
159,RYW,normal,netem delay 25ms 25ms,ONE,ONE,cassandra3,cassandra1,cassandra3,False,1,2,1,True,True,FAIL,
160,RYW,normal,netem delay 25ms 25ms,ONE,ONE,cassandra2,cassandra1,cassandra3,False,1,2,2,True,True,PASS,
161,RYW,normal,netem delay 25ms 25ms,ONE,ONE,cassandra2,cassandra3,cassandra3,True,1,2,2,True,True,PASS,
162,RYW,normal,netem delay 25ms 25ms,ONE,ONE,cassandra2,cassandra1,cassandra1,True,1,2,2,True,True,PASS,
163,RYW,normal,netem delay 25ms 25ms,ONE,ONE,cassandra1,cassandra1,cassandra1,True,1,2,2,True,True,PASS,
164,RYW,normal,netem delay 25ms 25ms,ONE,ONE,cassandra3,cassandra1,cassandra1,True,1,2,2,True,True,PASS,
165,RYW,normal,netem delay 25ms 25ms,ONE,ONE,cassandra3,cassandra3,cassandra3,True,1,2,2,True,True,PASS,
166,RYW,normal,netem delay 25ms 25ms,ONE,ONE,cassandra1,cassandra1,cassandra3,False,1,2,2,True,True,PASS,
167,RYW,normal,netem delay 25ms 25ms,ONE,ONE,cassandra1,cassandra3,cassandra3,True,1,2,2,True,True,PASS,
168,RYW,normal,netem delay 25ms 25ms,ONE,ONE,cassandra2,cassandra1,cassandra2,False,1,2,2,True,True,PASS,
169,RYW,normal,netem delay 25ms 25ms,ONE,ONE,cassandra3,cassandra3,cassandra2,False,1,2,1,True,True,FAIL,
170,RYW,normal,netem delay 25ms 25ms,ONE,ONE,cassandra3,cassandra2,cassandra1,False,1,2,2,True,True,PASS,
171,RYW,normal,netem delay 25ms 25ms,ONE,ONE,cassandra2,cassandra2,cassandra2,True,1,2,2,True,True,PASS,
172,RYW,normal,netem delay 25ms 25ms,ONE,ONE,cassandra2,cassandra2,cassandra2,True,1,2,2,True,True,PASS,
173,RYW,normal,netem delay 25ms 25ms,ONE,ONE,cassandra1,cassandra3,cassandra2,False,1,2,2,True,True,PASS,
174,RYW,normal,netem delay 25ms 25ms,ONE,ONE,cassandra3,cassandra2,cassandra3,False,1,2,1,True,True,FAIL,
175,RYW,normal,netem delay 25ms 25ms,ONE,ONE,cassandra3,cassandra2,cassandra2,True,1,2,2,True,True,PASS,
176,RYW,normal,netem delay 25ms 25ms,ONE,ONE,cassandra1,cassandra2,cassandra3,False,1,2,2,True,True,PASS,
177,RYW,normal,netem delay 25ms 25ms,ONE,ONE,cassandra3,cassandra2,cassandra2,True,1,2,2,True,True,PASS,
178,RYW,normal,netem delay 25ms 25ms,ONE,ONE,cassandra2,cassandra2,cassandra3,False,1,2,2,True,True,PASS,
179,RYW,normal,netem delay 25ms 25ms,ONE,ONE,cassandra1,cassandra2,cassandra3,False,1,2,2,True,True,PASS,
180,RYW,normal,netem delay 25ms 25ms,ONE,ONE,cassandra2,cassandra1,cassandra3,False,1,2,2,True,True,PASS,
181,RYW,normal,netem delay 25ms 25ms,ONE,ONE,cassandra2,cassandra1,cassandra2,False,1,2,1,True,True,FAIL,
182,RYW,normal,netem delay 25ms 25ms,ONE,ONE,cassandra2,cassandra3,cassandra2,False,1,2,2,True,True,PASS,
183,RYW,normal,netem delay 25ms 25ms,ONE,ONE,cassandra3,cassandra3,cassandra2,False,1,2,2,True,True,PASS,
184,RYW,normal,netem delay 25ms 25ms,ONE,ONE,cassandra2,cassandra1,cassandra1,True,1,2,2,True,True,PASS,
185,RYW,normal,netem delay 25ms 25ms,ONE,ONE,cassandra1,cassandra1,cassandra2,False,1,2,2,True,True,PASS,
186,RYW,normal,netem delay 25ms 25ms,ONE,ONE,cassandra2,cassandra3,cassandra1,False,1,2,1,True,True,FAIL,
187,RYW,normal,netem delay 25ms 25ms,ONE,ONE,cassandra3,cassandra1,cassandra2,False,1,2,2,True,True,PASS,
188,RYW,normal,netem delay 25ms 25ms,ONE,ONE,cassandra3,cassandra3,cassandra3,True,1,2,2,True,True,PASS,
189,RYW,normal,netem delay 25ms 25ms,ONE,ONE,cassandra3,cassandra2,cassandra3,False,1,2,1,True,True,FAIL,
190,RYW,normal,netem delay 25ms 25ms,ONE,ONE,cassandra1,cassandra2,cassandra3,False,1,2,2,True,True,PASS,
191,RYW,normal,netem delay 25ms 25ms,ONE,ONE,cassandra3,cassandra2,cassandra2,True,1,2,2,True,True,PASS,
192,RYW,normal,netem delay 25ms 25ms,ONE,ONE,cassandra1,cassandra2,cassandra1,False,1,2,2,True,True,PASS,
193,RYW,normal,netem delay 25ms 25ms,ONE,ONE,cassandra3,cassandra1,cassandra3,False,1,2,2,True,True,PASS,
194,RYW,normal,netem delay 25ms 25ms,ONE,ONE,cassandra1,cassandra3,cassandra2,False,1,2,2,True,True,PASS,
195,RYW,normal,netem delay 25ms 25ms,ONE,ONE,cassandra1,cassandra3,cassandra3,True,1,2,2,True,True,PASS,
196,RYW,normal,netem delay 25ms 25ms,ONE,ONE,cassandra1,cassandra3,cassandra3,True,1,2,2,True,True,PASS,
197,RYW,normal,netem delay 25ms 25ms,ONE,ONE,cassandra3,cassandra2,cassandra1,False,1,2,2,True,True,PASS,
198,RYW,normal,netem delay 25ms 25ms,ONE,ONE,cassandra3,cassandra2,cassandra3,False,1,2,2,True,True,PASS,
199,RYW,normal,netem delay 25ms 25ms,ONE,ONE,cassandra3,cassandra1,cassandra1,True,1,2,2,True,True,PASS,
200,RYW,normal,netem delay 25ms 25ms,ONE,ONE,cassandra2,cassandra2,cassandra3,False,1,2,2,True,True,PASS,
1,RYW,normal,netem delay 25ms 25ms,ONE,QUORUM,cassandra3,cassandra2,cassandra1,False,1,2,2,True,True,PASS,
2,RYW,normal,netem delay 25ms 25ms,ONE,QUORUM,cassandra3,cassandra1,cassandra1,True,1,2,2,True,True,PASS,
3,RYW,normal,netem delay 25ms 25ms,ONE,QUORUM,cassandra3,cassandra1,cassandra2,False,1,2,2,True,True,PASS,
4,RYW,normal,netem delay 25ms 25ms,ONE,QUORUM,cassandra3,cassandra2,cassandra2,True,1,2,2,True,True,PASS,
5,RYW,normal,netem delay 25ms 25ms,ONE,QUORUM,cassandra1,cassandra3,cassandra1,False,1,2,2,True,True,PASS,
6,RYW,normal,netem delay 25ms 25ms,ONE,QUORUM,cassandra3,cassandra2,cassandra3,False,1,2,2,True,True,PASS,
7,RYW,normal,netem delay 25ms 25ms,ONE,QUORUM,cassandra3,cassandra1,cassandra3,False,1,2,2,True,True,PASS,
8,RYW,normal,netem delay 25ms 25ms,ONE,QUORUM,cassandra1,cassandra2,cassandra3,False,1,2,2,True,True,PASS,
9,RYW,normal,netem delay 25ms 25ms,ONE,QUORUM,cassandra1,cassandra2,cassandra2,True,1,2,2,True,True,PASS,
10,RYW,normal,netem delay 25ms 25ms,ONE,QUORUM,cassandra2,cassandra3,cassandra3,True,1,2,2,True,True,PASS,
11,RYW,normal,netem delay 25ms 25ms,ONE,QUORUM,cassandra1,cassandra3,cassandra3,True,1,2,2,True,True,PASS,
12,RYW,normal,netem delay 25ms 25ms,ONE,QUORUM,cassandra1,cassandra3,cassandra3,True,1,2,2,True,True,PASS,
13,RYW,normal,netem delay 25ms 25ms,ONE,QUORUM,cassandra2,cassandra2,cassandra1,False,1,2,2,True,True,PASS,
14,RYW,normal,netem delay 25ms 25ms,ONE,QUORUM,cassandra3,cassandra1,cassandra2,False,1,2,1,True,True,FAIL,
15,RYW,normal,netem delay 25ms 25ms,ONE,QUORUM,cassandra2,cassandra3,cassandra3,True,1,2,2,True,True,PASS,
16,RYW,normal,netem delay 25ms 25ms,ONE,QUORUM,cassandra3,cassandra3,cassandra2,False,1,2,2,True,True,PASS,
17,RYW,normal,netem delay 25ms 25ms,ONE,QUORUM,cassandra2,cassandra1,cassandra2,False,1,2,2,True,True,PASS,
18,RYW,normal,netem delay 25ms 25ms,ONE,QUORUM,cassandra3,cassandra1,cassandra2,False,1,2,2,True,True,PASS,
19,RYW,normal,netem delay 25ms 25ms,ONE,QUORUM,cassandra3,cassandra3,cassandra2,False,1,2,2,True,True,PASS,
20,RYW,normal,netem delay 25ms 25ms,ONE,QUORUM,cassandra3,cassandra3,cassandra2,False,1,2,2,True,True,PASS,
21,RYW,normal,netem delay 25ms 25ms,ONE,QUORUM,cassandra3,cassandra3,cassandra3,True,1,2,2,True,True,PASS,
22,RYW,normal,netem delay 25ms 25ms,ONE,QUORUM,cassandra3,cassandra1,cassandra1,True,1,2,2,True,True,PASS,
23,RYW,normal,netem delay 25ms 25ms,ONE,QUORUM,cassandra1,cassandra1,cassandra2,False,1,2,2,True,True,PASS,
24,RYW,normal,netem delay 25ms 25ms,ONE,QUORUM,cassandra2,cassandra3,cassandra3,True,1,2,2,True,True,PASS,
25,RYW,normal,netem delay 25ms 25ms,ONE,QUORUM,cassandra3,cassandra2,cassandra3,False,1,2,2,True,True,PASS,
26,RYW,normal,netem delay 25ms 25ms,ONE,QUORUM,cassandra1,cassandra3,cassandra1,False,1,2,2,True,True,PASS,
27,RYW,normal,netem delay 25ms 25ms,ONE,QUORUM,cassandra1,cassandra2,cassandra2,True,1,2,2,True,True,PASS,
28,RYW,normal,netem delay 25ms 25ms,ONE,QUORUM,cassandra2,cassandra1,cassandra2,False,1,2,2,True,True,PASS,
29,RYW,normal,netem delay 25ms 25ms,ONE,QUORUM,cassandra2,cassandra2,cassandra2,True,1,2,2,True,True,PASS,
30,RYW,normal,netem delay 25ms 25ms,ONE,QUORUM,cassandra2,cassandra2,cassandra3,False,1,2,2,True,True,PASS,
31,RYW,normal,netem delay 25ms 25ms,ONE,QUORUM,cassandra2,cassandra1,cassandra1,True,1,2,2,True,True,PASS,
32,RYW,normal,netem delay 25ms 25ms,ONE,QUORUM,cassandra3,cassandra3,cassandra3,True,1,2,2,True,True,PASS,
33,RYW,normal,netem delay 25ms 25ms,ONE,QUORUM,cassandra2,cassandra3,cassandra3,True,1,2,2,True,True,PASS,
34,RYW,normal,netem delay 25ms 25ms,ONE,QUORUM,cassandra2,cassandra2,cassandra1,False,1,2,2,True,True,PASS,
35,RYW,normal,netem delay 25ms 25ms,ONE,QUORUM,cassandra1,cassandra2,cassandra2,True,1,2,2,True,True,PASS,
36,RYW,normal,netem delay 25ms 25ms,ONE,QUORUM,cassandra2,cassandra1,cassandra1,True,1,2,2,True,True,PASS,
37,RYW,normal,netem delay 25ms 25ms,ONE,QUORUM,cassandra3,cassandra3,cassandra2,False,1,2,2,True,True,PASS,
38,RYW,normal,netem delay 25ms 25ms,ONE,QUORUM,cassandra3,cassandra2,cassandra3,False,1,2,2,True,True,PASS,
39,RYW,normal,netem delay 25ms 25ms,ONE,QUORUM,cassandra2,cassandra1,cassandra1,True,1,2,2,True,True,PASS,
40,RYW,normal,netem delay 25ms 25ms,ONE,QUORUM,cassandra2,cassandra2,cassandra3,False,1,2,2,True,True,PASS,
41,RYW,normal,netem delay 25ms 25ms,ONE,QUORUM,cassandra3,cassandra3,cassandra1,False,1,2,2,True,True,PASS,
42,RYW,normal,netem delay 25ms 25ms,ONE,QUORUM,cassandra2,cassandra2,cassandra1,False,1,2,2,True,True,PASS,
43,RYW,normal,netem delay 25ms 25ms,ONE,QUORUM,cassandra1,cassandra3,cassandra2,False,1,2,2,True,True,PASS,
44,RYW,normal,netem delay 25ms 25ms,ONE,QUORUM,cassandra2,cassandra3,cassandra2,False,1,2,2,True,True,PASS,
45,RYW,normal,netem delay 25ms 25ms,ONE,QUORUM,cassandra3,cassandra2,cassandra3,False,1,2,2,True,True,PASS,
46,RYW,normal,netem delay 25ms 25ms,ONE,QUORUM,cassandra2,cassandra1,cassandra2,False,1,2,2,True,True,PASS,
47,RYW,normal,netem delay 25ms 25ms,ONE,QUORUM,cassandra3,cassandra1,cassandra2,False,1,2,2,True,True,PASS,
48,RYW,normal,netem delay 25ms 25ms,ONE,QUORUM,cassandra2,cassandra3,cassandra1,False,1,2,2,True,True,PASS,
49,RYW,normal,netem delay 25ms 25ms,ONE,QUORUM,cassandra2,cassandra2,cassandra2,True,1,2,2,True,True,PASS,
50,RYW,normal,netem delay 25ms 25ms,ONE,QUORUM,cassandra3,cassandra3,cassandra3,True,1,2,2,True,True,PASS,
51,RYW,normal,netem delay 25ms 25ms,ONE,QUORUM,cassandra1,cassandra3,cassandra1,False,1,2,2,True,True,PASS,
52,RYW,normal,netem delay 25ms 25ms,ONE,QUORUM,cassandra1,cassandra1,cassandra2,False,1,2,2,True,True,PASS,
53,RYW,normal,netem delay 25ms 25ms,ONE,QUORUM,cassandra1,cassandra1,cassandra1,True,1,2,2,True,True,PASS,
54,RYW,normal,netem delay 25ms 25ms,ONE,QUORUM,cassandra2,cassandra3,cassandra3,True,1,2,2,True,True,PASS,
55,RYW,normal,netem delay 25ms 25ms,ONE,QUORUM,cassandra1,cassandra3,cassandra1,False,1,2,2,True,True,PASS,
56,RYW,normal,netem delay 25ms 25ms,ONE,QUORUM,cassandra1,cassandra1,cassandra3,False,1,2,2,True,True,PASS,
57,RYW,normal,netem delay 25ms 25ms,ONE,QUORUM,cassandra2,cassandra1,cassandra2,False,1,2,2,True,True,PASS,
58,RYW,normal,netem delay 25ms 25ms,ONE,QUORUM,cassandra3,cassandra2,cassandra3,False,1,2,2,True,True,PASS,
59,RYW,normal,netem delay 25ms 25ms,ONE,QUORUM,cassandra3,cassandra3,cassandra3,True,1,2,2,True,True,PASS,
60,RYW,normal,netem delay 25ms 25ms,ONE,QUORUM,cassandra2,cassandra1,cassandra1,True,1,2,2,True,True,PASS,
61,RYW,normal,netem delay 25ms 25ms,ONE,QUORUM,cassandra1,cassandra2,cassandra3,False,1,2,2,True,True,PASS,
62,RYW,normal,netem delay 25ms 25ms,ONE,QUORUM,cassandra1,cassandra2,cassandra1,False,1,2,2,True,True,PASS,
63,RYW,normal,netem delay 25ms 25ms,ONE,QUORUM,cassandra1,cassandra2,cassandra1,False,1,2,2,True,True,PASS,
64,RYW,normal,netem delay 25ms 25ms,ONE,QUORUM,cassandra3,cassandra1,cassandra3,False,1,2,2,True,True,PASS,
65,RYW,normal,netem delay 25ms 25ms,ONE,QUORUM,cassandra1,cassandra1,cassandra3,False,1,2,2,True,True,PASS,
66,RYW,normal,netem delay 25ms 25ms,ONE,QUORUM,cassandra3,cassandra2,cassandra2,True,1,2,2,True,True,PASS,
67,RYW,normal,netem delay 25ms 25ms,ONE,QUORUM,cassandra3,cassandra1,cassandra3,False,1,2,1,True,True,FAIL,
68,RYW,normal,netem delay 25ms 25ms,ONE,QUORUM,cassandra2,cassandra2,cassandra1,False,1,2,2,True,True,PASS,
69,RYW,normal,netem delay 25ms 25ms,ONE,QUORUM,cassandra3,cassandra1,cassandra1,True,1,2,2,True,True,PASS,
70,RYW,normal,netem delay 25ms 25ms,ONE,QUORUM,cassandra1,cassandra3,cassandra3,True,1,2,2,True,True,PASS,
71,RYW,normal,netem delay 25ms 25ms,ONE,QUORUM,cassandra1,cassandra2,cassandra3,False,1,2,2,True,True,PASS,
72,RYW,normal,netem delay 25ms 25ms,ONE,QUORUM,cassandra1,cassandra2,cassandra2,True,1,2,2,True,True,PASS,
73,RYW,normal,netem delay 25ms 25ms,ONE,QUORUM,cassandra2,cassandra3,cassandra2,False,1,2,2,True,True,PASS,
74,RYW,normal,netem delay 25ms 25ms,ONE,QUORUM,cassandra3,cassandra1,cassandra3,False,1,2,2,True,True,PASS,
75,RYW,normal,netem delay 25ms 25ms,ONE,QUORUM,cassandra2,cassandra3,cassandra1,False,1,2,2,True,True,PASS,
76,RYW,normal,netem delay 25ms 25ms,ONE,QUORUM,cassandra3,cassandra3,cassandra3,True,1,2,2,True,True,PASS,
77,RYW,normal,netem delay 25ms 25ms,ONE,QUORUM,cassandra1,cassandra3,cassandra2,False,1,2,2,True,True,PASS,
78,RYW,normal,netem delay 25ms 25ms,ONE,QUORUM,cassandra1,cassandra1,cassandra1,True,1,2,2,True,True,PASS,
79,RYW,normal,netem delay 25ms 25ms,ONE,QUORUM,cassandra1,cassandra3,cassandra2,False,1,2,2,True,True,PASS,
80,RYW,normal,netem delay 25ms 25ms,ONE,QUORUM,cassandra3,cassandra2,cassandra2,True,1,2,2,True,True,PASS,
81,RYW,normal,netem delay 25ms 25ms,ONE,QUORUM,cassandra1,cassandra2,cassandra1,False,1,2,2,True,True,PASS,
82,RYW,normal,netem delay 25ms 25ms,ONE,QUORUM,cassandra2,cassandra3,cassandra2,False,1,2,2,True,True,PASS,
83,RYW,normal,netem delay 25ms 25ms,ONE,QUORUM,cassandra3,cassandra3,cassandra1,False,1,2,2,True,True,PASS,
84,RYW,normal,netem delay 25ms 25ms,ONE,QUORUM,cassandra2,cassandra3,cassandra1,False,1,2,2,True,True,PASS,
85,RYW,normal,netem delay 25ms 25ms,ONE,QUORUM,cassandra2,cassandra1,cassandra2,False,1,2,2,True,True,PASS,
86,RYW,normal,netem delay 25ms 25ms,ONE,QUORUM,cassandra2,cassandra3,cassandra1,False,1,2,2,True,True,PASS,
87,RYW,normal,netem delay 25ms 25ms,ONE,QUORUM,cassandra1,cassandra3,cassandra3,True,1,2,2,True,True,PASS,
88,RYW,normal,netem delay 25ms 25ms,ONE,QUORUM,cassandra1,cassandra2,cassandra1,False,1,2,2,True,True,PASS,
89,RYW,normal,netem delay 25ms 25ms,ONE,QUORUM,cassandra3,cassandra3,cassandra2,False,1,2,2,True,True,PASS,
90,RYW,normal,netem delay 25ms 25ms,ONE,QUORUM,cassandra1,cassandra1,cassandra3,False,1,2,1,True,True,FAIL,
91,RYW,normal,netem delay 25ms 25ms,ONE,QUORUM,cassandra1,cassandra3,cassandra2,False,1,2,2,True,True,PASS,
92,RYW,normal,netem delay 25ms 25ms,ONE,QUORUM,cassandra2,cassandra2,cassandra1,False,1,2,2,True,True,PASS,
93,RYW,normal,netem delay 25ms 25ms,ONE,QUORUM,cassandra1,cassandra3,cassandra1,False,1,2,2,True,True,PASS,
94,RYW,normal,netem delay 25ms 25ms,ONE,QUORUM,cassandra3,cassandra1,cassandra3,False,1,2,2,True,True,PASS,
95,RYW,normal,netem delay 25ms 25ms,ONE,QUORUM,cassandra2,cassandra2,cassandra2,True,1,2,2,True,True,PASS,
96,RYW,normal,netem delay 25ms 25ms,ONE,QUORUM,cassandra3,cassandra3,cassandra1,False,1,2,2,True,True,PASS,
97,RYW,normal,netem delay 25ms 25ms,ONE,QUORUM,cassandra2,cassandra1,cassandra2,False,1,2,2,True,True,PASS,
98,RYW,normal,netem delay 25ms 25ms,ONE,QUORUM,cassandra2,cassandra2,cassandra3,False,1,2,2,True,True,PASS,
99,RYW,normal,netem delay 25ms 25ms,ONE,QUORUM,cassandra1,cassandra3,cassandra3,True,1,2,2,True,True,PASS,
100,RYW,normal,netem delay 25ms 25ms,ONE,QUORUM,cassandra1,cassandra3,cassandra1,False,1,2,2,True,True,PASS,
101,RYW,normal,netem delay 25ms 25ms,ONE,QUORUM,cassandra2,cassandra2,cassandra2,True,1,2,2,True,True,PASS,
102,RYW,normal,netem delay 25ms 25ms,ONE,QUORUM,cassandra3,cassandra1,cassandra3,False,1,2,2,True,True,PASS,
103,RYW,normal,netem delay 25ms 25ms,ONE,QUORUM,cassandra3,cassandra3,cassandra1,False,1,2,2,True,True,PASS,
104,RYW,normal,netem delay 25ms 25ms,ONE,QUORUM,cassandra2,cassandra3,cassandra3,True,1,2,2,True,True,PASS,
105,RYW,normal,netem delay 25ms 25ms,ONE,QUORUM,cassandra1,cassandra1,cassandra1,True,1,2,2,True,True,PASS,
106,RYW,normal,netem delay 25ms 25ms,ONE,QUORUM,cassandra2,cassandra3,cassandra3,True,1,2,2,True,True,PASS,
107,RYW,normal,netem delay 25ms 25ms,ONE,QUORUM,cassandra3,cassandra3,cassandra2,False,1,2,2,True,True,PASS,
108,RYW,normal,netem delay 25ms 25ms,ONE,QUORUM,cassandra2,cassandra1,cassandra3,False,1,2,2,True,True,PASS,
109,RYW,normal,netem delay 25ms 25ms,ONE,QUORUM,cassandra2,cassandra2,cassandra1,False,1,2,2,True,True,PASS,
110,RYW,normal,netem delay 25ms 25ms,ONE,QUORUM,cassandra2,cassandra2,cassandra2,True,1,2,2,True,True,PASS,
111,RYW,normal,netem delay 25ms 25ms,ONE,QUORUM,cassandra1,cassandra2,cassandra2,True,1,2,2,True,True,PASS,
112,RYW,normal,netem delay 25ms 25ms,ONE,QUORUM,cassandra1,cassandra3,cassandra3,True,1,2,2,True,True,PASS,
113,RYW,normal,netem delay 25ms 25ms,ONE,QUORUM,cassandra2,cassandra1,cassandra1,True,1,2,2,True,True,PASS,
114,RYW,normal,netem delay 25ms 25ms,ONE,QUORUM,cassandra3,cassandra2,cassandra2,True,1,2,2,True,True,PASS,
115,RYW,normal,netem delay 25ms 25ms,ONE,QUORUM,cassandra2,cassandra3,cassandra2,False,1,2,2,True,True,PASS,
116,RYW,normal,netem delay 25ms 25ms,ONE,QUORUM,cassandra1,cassandra1,cassandra1,True,1,2,2,True,True,PASS,
117,RYW,normal,netem delay 25ms 25ms,ONE,QUORUM,cassandra2,cassandra3,cassandra1,False,1,2,2,True,True,PASS,
118,RYW,normal,netem delay 25ms 25ms,ONE,QUORUM,cassandra3,cassandra2,cassandra1,False,1,2,2,True,True,PASS,
119,RYW,normal,netem delay 25ms 25ms,ONE,QUORUM,cassandra3,cassandra3,cassandra1,False,1,2,2,True,True,PASS,
120,RYW,normal,netem delay 25ms 25ms,ONE,QUORUM,cassandra1,cassandra1,cassandra3,False,1,2,2,True,True,PASS,
121,RYW,normal,netem delay 25ms 25ms,ONE,QUORUM,cassandra3,cassandra2,cassandra2,True,1,2,2,True,True,PASS,
122,RYW,normal,netem delay 25ms 25ms,ONE,QUORUM,cassandra1,cassandra2,cassandra3,False,1,2,2,True,True,PASS,
123,RYW,normal,netem delay 25ms 25ms,ONE,QUORUM,cassandra2,cassandra2,cassandra1,False,1,2,2,True,True,PASS,
124,RYW,normal,netem delay 25ms 25ms,ONE,QUORUM,cassandra3,cassandra2,cassandra1,False,1,2,2,True,True,PASS,
125,RYW,normal,netem delay 25ms 25ms,ONE,QUORUM,cassandra3,cassandra3,cassandra1,False,1,2,2,True,True,PASS,
126,RYW,normal,netem delay 25ms 25ms,ONE,QUORUM,cassandra1,cassandra2,cassandra3,False,1,2,2,True,True,PASS,
127,RYW,normal,netem delay 25ms 25ms,ONE,QUORUM,cassandra2,cassandra3,cassandra1,False,1,2,2,True,True,PASS,
128,RYW,normal,netem delay 25ms 25ms,ONE,QUORUM,cassandra3,cassandra2,cassandra3,False,1,2,2,True,True,PASS,
129,RYW,normal,netem delay 25ms 25ms,ONE,QUORUM,cassandra1,cassandra3,cassandra2,False,1,2,2,True,True,PASS,
130,RYW,normal,netem delay 25ms 25ms,ONE,QUORUM,cassandra2,cassandra3,cassandra3,True,1,2,2,True,True,PASS,
131,RYW,normal,netem delay 25ms 25ms,ONE,QUORUM,cassandra3,cassandra1,cassandra1,True,1,2,2,True,True,PASS,
132,RYW,normal,netem delay 25ms 25ms,ONE,QUORUM,cassandra2,cassandra3,cassandra1,False,1,2,2,True,True,PASS,
133,RYW,normal,netem delay 25ms 25ms,ONE,QUORUM,cassandra2,cassandra1,cassandra1,True,1,2,2,True,True,PASS,
134,RYW,normal,netem delay 25ms 25ms,ONE,QUORUM,cassandra1,cassandra2,cassandra2,True,1,2,2,True,True,PASS,
135,RYW,normal,netem delay 25ms 25ms,ONE,QUORUM,cassandra2,cassandra3,cassandra3,True,1,2,2,True,True,PASS,
136,RYW,normal,netem delay 25ms 25ms,ONE,QUORUM,cassandra2,cassandra3,cassandra1,False,1,2,2,True,True,PASS,
137,RYW,normal,netem delay 25ms 25ms,ONE,QUORUM,cassandra3,cassandra3,cassandra1,False,1,2,2,True,True,PASS,
138,RYW,normal,netem delay 25ms 25ms,ONE,QUORUM,cassandra2,cassandra2,cassandra3,False,1,2,2,True,True,PASS,
139,RYW,normal,netem delay 25ms 25ms,ONE,QUORUM,cassandra2,cassandra2,cassandra3,False,1,2,2,True,True,PASS,
140,RYW,normal,netem delay 25ms 25ms,ONE,QUORUM,cassandra1,cassandra2,cassandra2,True,1,2,2,True,True,PASS,
141,RYW,normal,netem delay 25ms 25ms,ONE,QUORUM,cassandra3,cassandra3,cassandra2,False,1,2,2,True,True,PASS,
142,RYW,normal,netem delay 25ms 25ms,ONE,QUORUM,cassandra2,cassandra3,cassandra1,False,1,2,2,True,True,PASS,
143,RYW,normal,netem delay 25ms 25ms,ONE,QUORUM,cassandra3,cassandra2,cassandra3,False,1,2,2,True,True,PASS,
144,RYW,normal,netem delay 25ms 25ms,ONE,QUORUM,cassandra3,cassandra1,cassandra1,True,1,2,2,True,True,PASS,
145,RYW,normal,netem delay 25ms 25ms,ONE,QUORUM,cassandra3,cassandra1,cassandra3,False,1,2,2,True,True,PASS,
146,RYW,normal,netem delay 25ms 25ms,ONE,QUORUM,cassandra1,cassandra2,cassandra1,False,1,2,2,True,True,PASS,
147,RYW,normal,netem delay 25ms 25ms,ONE,QUORUM,cassandra1,cassandra3,cassandra1,False,1,2,2,True,True,PASS,
148,RYW,normal,netem delay 25ms 25ms,ONE,QUORUM,cassandra1,cassandra3,cassandra2,False,1,2,2,True,True,PASS,
149,RYW,normal,netem delay 25ms 25ms,ONE,QUORUM,cassandra2,cassandra1,cassandra3,False,1,2,2,True,True,PASS,
150,RYW,normal,netem delay 25ms 25ms,ONE,QUORUM,cassandra3,cassandra2,cassandra1,False,1,2,2,True,True,PASS,
151,RYW,normal,netem delay 25ms 25ms,ONE,QUORUM,cassandra3,cassandra1,cassandra1,True,1,2,2,True,True,PASS,
152,RYW,normal,netem delay 25ms 25ms,ONE,QUORUM,cassandra1,cassandra2,cassandra3,False,1,2,2,True,True,PASS,
153,RYW,normal,netem delay 25ms 25ms,ONE,QUORUM,cassandra1,cassandra3,cassandra2,False,1,2,2,True,True,PASS,
154,RYW,normal,netem delay 25ms 25ms,ONE,QUORUM,cassandra2,cassandra1,cassandra1,True,1,2,2,True,True,PASS,
155,RYW,normal,netem delay 25ms 25ms,ONE,QUORUM,cassandra2,cassandra3,cassandra1,False,1,2,2,True,True,PASS,
156,RYW,normal,netem delay 25ms 25ms,ONE,QUORUM,cassandra1,cassandra2,cassandra1,False,1,2,1,True,True,FAIL,
157,RYW,normal,netem delay 25ms 25ms,ONE,QUORUM,cassandra1,cassandra1,cassandra1,True,1,2,2,True,True,PASS,
158,RYW,normal,netem delay 25ms 25ms,ONE,QUORUM,cassandra2,cassandra1,cassandra1,True,1,2,2,True,True,PASS,
159,RYW,normal,netem delay 25ms 25ms,ONE,QUORUM,cassandra2,cassandra1,cassandra3,False,1,2,2,True,True,PASS,
160,RYW,normal,netem delay 25ms 25ms,ONE,QUORUM,cassandra3,cassandra2,cassandra2,True,1,2,2,True,True,PASS,
161,RYW,normal,netem delay 25ms 25ms,ONE,QUORUM,cassandra3,cassandra1,cassandra2,False,1,2,2,True,True,PASS,
162,RYW,normal,netem delay 25ms 25ms,ONE,QUORUM,cassandra2,cassandra1,cassandra2,False,1,2,2,True,True,PASS,
163,RYW,normal,netem delay 25ms 25ms,ONE,QUORUM,cassandra3,cassandra1,cassandra2,False,1,2,2,True,True,PASS,
164,RYW,normal,netem delay 25ms 25ms,ONE,QUORUM,cassandra3,cassandra3,cassandra3,True,1,2,2,True,True,PASS,
165,RYW,normal,netem delay 25ms 25ms,ONE,QUORUM,cassandra2,cassandra1,cassandra2,False,1,2,2,True,True,PASS,
166,RYW,normal,netem delay 25ms 25ms,ONE,QUORUM,cassandra1,cassandra3,cassandra1,False,1,2,2,True,True,PASS,
167,RYW,normal,netem delay 25ms 25ms,ONE,QUORUM,cassandra3,cassandra3,cassandra3,True,1,2,2,True,True,PASS,
168,RYW,normal,netem delay 25ms 25ms,ONE,QUORUM,cassandra2,cassandra1,cassandra3,False,1,2,2,True,True,PASS,
169,RYW,normal,netem delay 25ms 25ms,ONE,QUORUM,cassandra3,cassandra2,cassandra3,False,1,2,2,True,True,PASS,
170,RYW,normal,netem delay 25ms 25ms,ONE,QUORUM,cassandra2,cassandra1,cassandra3,False,1,2,2,True,True,PASS,
171,RYW,normal,netem delay 25ms 25ms,ONE,QUORUM,cassandra2,cassandra3,cassandra2,False,1,2,2,True,True,PASS,
172,RYW,normal,netem delay 25ms 25ms,ONE,QUORUM,cassandra3,cassandra3,cassandra1,False,1,2,2,True,True,PASS,
173,RYW,normal,netem delay 25ms 25ms,ONE,QUORUM,cassandra3,cassandra2,cassandra1,False,1,2,2,True,True,PASS,
174,RYW,normal,netem delay 25ms 25ms,ONE,QUORUM,cassandra3,cassandra1,cassandra3,False,1,2,2,True,True,PASS,
175,RYW,normal,netem delay 25ms 25ms,ONE,QUORUM,cassandra3,cassandra3,cassandra2,False,1,2,2,True,True,PASS,
176,RYW,normal,netem delay 25ms 25ms,ONE,QUORUM,cassandra3,cassandra3,cassandra3,True,1,2,2,True,True,PASS,
177,RYW,normal,netem delay 25ms 25ms,ONE,QUORUM,cassandra1,cassandra3,cassandra3,True,1,2,2,True,True,PASS,
178,RYW,normal,netem delay 25ms 25ms,ONE,QUORUM,cassandra2,cassandra3,cassandra3,True,1,2,2,True,True,PASS,
179,RYW,normal,netem delay 25ms 25ms,ONE,QUORUM,cassandra3,cassandra1,cassandra1,True,1,2,2,True,True,PASS,
180,RYW,normal,netem delay 25ms 25ms,ONE,QUORUM,cassandra3,cassandra2,cassandra1,False,1,2,2,True,True,PASS,
181,RYW,normal,netem delay 25ms 25ms,ONE,QUORUM,cassandra2,cassandra3,cassandra3,True,1,2,2,True,True,PASS,
182,RYW,normal,netem delay 25ms 25ms,ONE,QUORUM,cassandra2,cassandra3,cassandra3,True,1,2,2,True,True,PASS,
183,RYW,normal,netem delay 25ms 25ms,ONE,QUORUM,cassandra2,cassandra2,cassandra1,False,1,2,2,True,True,PASS,
184,RYW,normal,netem delay 25ms 25ms,ONE,QUORUM,cassandra1,cassandra1,cassandra2,False,1,2,2,True,True,PASS,
185,RYW,normal,netem delay 25ms 25ms,ONE,QUORUM,cassandra1,cassandra1,cassandra2,False,1,2,2,True,True,PASS,
186,RYW,normal,netem delay 25ms 25ms,ONE,QUORUM,cassandra1,cassandra2,cassandra2,True,1,2,2,True,True,PASS,
187,RYW,normal,netem delay 25ms 25ms,ONE,QUORUM,cassandra2,cassandra3,cassandra2,False,1,2,2,True,True,PASS,
188,RYW,normal,netem delay 25ms 25ms,ONE,QUORUM,cassandra1,cassandra2,cassandra1,False,1,2,2,True,True,PASS,
189,RYW,normal,netem delay 25ms 25ms,ONE,QUORUM,cassandra3,cassandra3,cassandra2,False,1,2,2,True,True,PASS,
190,RYW,normal,netem delay 25ms 25ms,ONE,QUORUM,cassandra3,cassandra3,cassandra1,False,1,2,2,True,True,PASS,
191,RYW,normal,netem delay 25ms 25ms,ONE,QUORUM,cassandra3,cassandra2,cassandra2,True,1,2,2,True,True,PASS,
192,RYW,normal,netem delay 25ms 25ms,ONE,QUORUM,cassandra3,cassandra1,cassandra3,False,1,2,2,True,True,PASS,
193,RYW,normal,netem delay 25ms 25ms,ONE,QUORUM,cassandra1,cassandra1,cassandra1,True,1,2,2,True,True,PASS,
194,RYW,normal,netem delay 25ms 25ms,ONE,QUORUM,cassandra1,cassandra2,cassandra1,False,1,2,2,True,True,PASS,
195,RYW,normal,netem delay 25ms 25ms,ONE,QUORUM,cassandra3,cassandra3,cassandra2,False,1,2,2,True,True,PASS,
196,RYW,normal,netem delay 25ms 25ms,ONE,QUORUM,cassandra3,cassandra3,cassandra2,False,1,2,2,True,True,PASS,
197,RYW,normal,netem delay 25ms 25ms,ONE,QUORUM,cassandra2,cassandra2,cassandra2,True,1,2,2,True,True,PASS,
198,RYW,normal,netem delay 25ms 25ms,ONE,QUORUM,cassandra2,cassandra1,cassandra2,False,1,2,2,True,True,PASS,
199,RYW,normal,netem delay 25ms 25ms,ONE,QUORUM,cassandra2,cassandra2,cassandra1,False,1,2,2,True,True,PASS,
200,RYW,normal,netem delay 25ms 25ms,ONE,QUORUM,cassandra3,cassandra2,cassandra3,False,1,2,2,True,True,PASS,
1,RYW,normal,netem delay 25ms 25ms,ONE,ALL,cassandra3,cassandra2,cassandra1,False,1,2,2,True,True,PASS,
2,RYW,normal,netem delay 25ms 25ms,ONE,ALL,cassandra3,cassandra3,cassandra2,False,1,2,2,True,True,PASS,
3,RYW,normal,netem delay 25ms 25ms,ONE,ALL,cassandra1,cassandra3,cassandra1,False,1,2,2,True,True,PASS,
4,RYW,normal,netem delay 25ms 25ms,ONE,ALL,cassandra1,cassandra3,cassandra2,False,1,2,2,True,True,PASS,
5,RYW,normal,netem delay 25ms 25ms,ONE,ALL,cassandra2,cassandra1,cassandra2,False,1,2,2,True,True,PASS,
6,RYW,normal,netem delay 25ms 25ms,ONE,ALL,cassandra2,cassandra1,cassandra3,False,1,2,2,True,True,PASS,
7,RYW,normal,netem delay 25ms 25ms,ONE,ALL,cassandra3,cassandra2,cassandra3,False,1,2,2,True,True,PASS,
8,RYW,normal,netem delay 25ms 25ms,ONE,ALL,cassandra3,cassandra3,cassandra1,False,1,2,2,True,True,PASS,
9,RYW,normal,netem delay 25ms 25ms,ONE,ALL,cassandra3,cassandra2,cassandra3,False,1,2,2,True,True,PASS,
10,RYW,normal,netem delay 25ms 25ms,ONE,ALL,cassandra3,cassandra2,cassandra2,True,1,2,2,True,True,PASS,
11,RYW,normal,netem delay 25ms 25ms,ONE,ALL,cassandra2,cassandra3,cassandra3,True,1,2,2,True,True,PASS,
12,RYW,normal,netem delay 25ms 25ms,ONE,ALL,cassandra2,cassandra2,cassandra3,False,1,2,2,True,True,PASS,
13,RYW,normal,netem delay 25ms 25ms,ONE,ALL,cassandra3,cassandra2,cassandra2,True,1,2,2,True,True,PASS,
14,RYW,normal,netem delay 25ms 25ms,ONE,ALL,cassandra3,cassandra2,cassandra1,False,1,2,2,True,True,PASS,
15,RYW,normal,netem delay 25ms 25ms,ONE,ALL,cassandra3,cassandra3,cassandra3,True,1,2,2,True,True,PASS,
16,RYW,normal,netem delay 25ms 25ms,ONE,ALL,cassandra2,cassandra2,cassandra1,False,1,2,2,True,True,PASS,
17,RYW,normal,netem delay 25ms 25ms,ONE,ALL,cassandra1,cassandra2,cassandra1,False,1,2,2,True,True,PASS,
18,RYW,normal,netem delay 25ms 25ms,ONE,ALL,cassandra2,cassandra2,cassandra3,False,1,2,2,True,True,PASS,
19,RYW,normal,netem delay 25ms 25ms,ONE,ALL,cassandra2,cassandra2,cassandra3,False,1,2,2,True,True,PASS,
20,RYW,normal,netem delay 25ms 25ms,ONE,ALL,cassandra1,cassandra2,cassandra2,True,1,2,2,True,True,PASS,
21,RYW,normal,netem delay 25ms 25ms,ONE,ALL,cassandra2,cassandra3,cassandra1,False,1,2,2,True,True,PASS,
22,RYW,normal,netem delay 25ms 25ms,ONE,ALL,cassandra2,cassandra3,cassandra3,True,1,2,2,True,True,PASS,
23,RYW,normal,netem delay 25ms 25ms,ONE,ALL,cassandra3,cassandra2,cassandra3,False,1,2,2,True,True,PASS,
24,RYW,normal,netem delay 25ms 25ms,ONE,ALL,cassandra1,cassandra2,cassandra2,True,1,2,2,True,True,PASS,
25,RYW,normal,netem delay 25ms 25ms,ONE,ALL,cassandra1,cassandra2,cassandra1,False,1,2,2,True,True,PASS,
26,RYW,normal,netem delay 25ms 25ms,ONE,ALL,cassandra2,cassandra2,cassandra2,True,1,2,2,True,True,PASS,
27,RYW,normal,netem delay 25ms 25ms,ONE,ALL,cassandra2,cassandra1,cassandra2,False,1,2,2,True,True,PASS,
28,RYW,normal,netem delay 25ms 25ms,ONE,ALL,cassandra3,cassandra2,cassandra2,True,1,2,2,True,True,PASS,
29,RYW,normal,netem delay 25ms 25ms,ONE,ALL,cassandra2,cassandra3,cassandra1,False,1,2,2,True,True,PASS,
30,RYW,normal,netem delay 25ms 25ms,ONE,ALL,cassandra2,cassandra3,cassandra1,False,1,2,2,True,True,PASS,
31,RYW,normal,netem delay 25ms 25ms,ONE,ALL,cassandra1,cassandra3,cassandra3,True,1,2,2,True,True,PASS,
32,RYW,normal,netem delay 25ms 25ms,ONE,ALL,cassandra3,cassandra1,cassandra2,False,1,2,2,True,True,PASS,
33,RYW,normal,netem delay 25ms 25ms,ONE,ALL,cassandra3,cassandra1,cassandra1,True,1,2,2,True,True,PASS,
34,RYW,normal,netem delay 25ms 25ms,ONE,ALL,cassandra3,cassandra1,cassandra1,True,1,2,2,True,True,PASS,
35,RYW,normal,netem delay 25ms 25ms,ONE,ALL,cassandra2,cassandra2,cassandra1,False,1,2,2,True,True,PASS,
36,RYW,normal,netem delay 25ms 25ms,ONE,ALL,cassandra2,cassandra3,cassandra1,False,1,2,2,True,True,PASS,
37,RYW,normal,netem delay 25ms 25ms,ONE,ALL,cassandra1,cassandra2,cassandra1,False,1,2,2,True,True,PASS,
38,RYW,normal,netem delay 25ms 25ms,ONE,ALL,cassandra3,cassandra3,cassandra2,False,1,2,2,True,True,PASS,
39,RYW,normal,netem delay 25ms 25ms,ONE,ALL,cassandra3,cassandra2,cassandra1,False,1,2,2,True,True,PASS,
40,RYW,normal,netem delay 25ms 25ms,ONE,ALL,cassandra2,cassandra1,cassandra3,False,1,2,2,True,True,PASS,
41,RYW,normal,netem delay 25ms 25ms,ONE,ALL,cassandra2,cassandra3,cassandra2,False,1,2,2,True,True,PASS,
42,RYW,normal,netem delay 25ms 25ms,ONE,ALL,cassandra3,cassandra3,cassandra1,False,1,2,2,True,True,PASS,
43,RYW,normal,netem delay 25ms 25ms,ONE,ALL,cassandra3,cassandra1,cassandra2,False,1,2,2,True,True,PASS,
44,RYW,normal,netem delay 25ms 25ms,ONE,ALL,cassandra2,cassandra1,cassandra3,False,1,2,2,True,True,PASS,
45,RYW,normal,netem delay 25ms 25ms,ONE,ALL,cassandra3,cassandra3,cassandra1,False,1,2,2,True,True,PASS,
46,RYW,normal,netem delay 25ms 25ms,ONE,ALL,cassandra1,cassandra1,cassandra2,False,1,2,2,True,True,PASS,
47,RYW,normal,netem delay 25ms 25ms,ONE,ALL,cassandra2,cassandra2,cassandra3,False,1,2,2,True,True,PASS,
48,RYW,normal,netem delay 25ms 25ms,ONE,ALL,cassandra1,cassandra2,cassandra2,True,1,2,2,True,True,PASS,
49,RYW,normal,netem delay 25ms 25ms,ONE,ALL,cassandra1,cassandra1,cassandra2,False,1,2,2,True,True,PASS,
50,RYW,normal,netem delay 25ms 25ms,ONE,ALL,cassandra1,cassandra1,cassandra1,True,1,2,2,True,True,PASS,
51,RYW,normal,netem delay 25ms 25ms,ONE,ALL,cassandra2,cassandra3,cassandra1,False,1,2,2,True,True,PASS,
52,RYW,normal,netem delay 25ms 25ms,ONE,ALL,cassandra1,cassandra3,cassandra3,True,1,2,2,True,True,PASS,
53,RYW,normal,netem delay 25ms 25ms,ONE,ALL,cassandra1,cassandra2,cassandra3,False,1,2,2,True,True,PASS,
54,RYW,normal,netem delay 25ms 25ms,ONE,ALL,cassandra2,cassandra1,cassandra1,True,1,2,2,True,True,PASS,
55,RYW,normal,netem delay 25ms 25ms,ONE,ALL,cassandra1,cassandra2,cassandra1,False,1,2,2,True,True,PASS,
56,RYW,normal,netem delay 25ms 25ms,ONE,ALL,cassandra1,cassandra1,cassandra3,False,1,2,2,True,True,PASS,
57,RYW,normal,netem delay 25ms 25ms,ONE,ALL,cassandra3,cassandra2,cassandra2,True,1,2,2,True,True,PASS,
58,RYW,normal,netem delay 25ms 25ms,ONE,ALL,cassandra3,cassandra1,cassandra2,False,1,2,2,True,True,PASS,
59,RYW,normal,netem delay 25ms 25ms,ONE,ALL,cassandra1,cassandra3,cassandra2,False,1,2,2,True,True,PASS,
60,RYW,normal,netem delay 25ms 25ms,ONE,ALL,cassandra1,cassandra2,cassandra2,True,1,2,2,True,True,PASS,
61,RYW,normal,netem delay 25ms 25ms,ONE,ALL,cassandra3,cassandra3,cassandra3,True,1,2,2,True,True,PASS,
62,RYW,normal,netem delay 25ms 25ms,ONE,ALL,cassandra2,cassandra3,cassandra3,True,1,2,2,True,True,PASS,
63,RYW,normal,netem delay 25ms 25ms,ONE,ALL,cassandra1,cassandra3,cassandra1,False,1,2,2,True,True,PASS,
64,RYW,normal,netem delay 25ms 25ms,ONE,ALL,cassandra1,cassandra3,cassandra3,True,1,2,2,True,True,PASS,
65,RYW,normal,netem delay 25ms 25ms,ONE,ALL,cassandra2,cassandra2,cassandra2,True,1,2,2,True,True,PASS,
66,RYW,normal,netem delay 25ms 25ms,ONE,ALL,cassandra1,cassandra2,cassandra1,False,1,2,2,True,True,PASS,
67,RYW,normal,netem delay 25ms 25ms,ONE,ALL,cassandra3,cassandra2,cassandra2,True,1,2,2,True,True,PASS,
68,RYW,normal,netem delay 25ms 25ms,ONE,ALL,cassandra3,cassandra2,cassandra2,True,1,2,2,True,True,PASS,
69,RYW,normal,netem delay 25ms 25ms,ONE,ALL,cassandra1,cassandra1,cassandra2,False,1,2,2,True,True,PASS,
70,RYW,normal,netem delay 25ms 25ms,ONE,ALL,cassandra3,cassandra1,cassandra3,False,1,2,2,True,True,PASS,
71,RYW,normal,netem delay 25ms 25ms,ONE,ALL,cassandra1,cassandra1,cassandra3,False,1,2,2,True,True,PASS,
72,RYW,normal,netem delay 25ms 25ms,ONE,ALL,cassandra3,cassandra1,cassandra2,False,1,2,2,True,True,PASS,
73,RYW,normal,netem delay 25ms 25ms,ONE,ALL,cassandra3,cassandra1,cassandra2,False,1,2,2,True,True,PASS,
74,RYW,normal,netem delay 25ms 25ms,ONE,ALL,cassandra3,cassandra1,cassandra1,True,1,2,2,True,True,PASS,
75,RYW,normal,netem delay 25ms 25ms,ONE,ALL,cassandra2,cassandra1,cassandra2,False,1,2,2,True,True,PASS,
76,RYW,normal,netem delay 25ms 25ms,ONE,ALL,cassandra3,cassandra2,cassandra2,True,1,2,2,True,True,PASS,
77,RYW,normal,netem delay 25ms 25ms,ONE,ALL,cassandra3,cassandra1,cassandra2,False,1,2,2,True,True,PASS,
78,RYW,normal,netem delay 25ms 25ms,ONE,ALL,cassandra2,cassandra3,cassandra1,False,1,2,2,True,True,PASS,
79,RYW,normal,netem delay 25ms 25ms,ONE,ALL,cassandra3,cassandra2,cassandra2,True,1,2,2,True,True,PASS,
80,RYW,normal,netem delay 25ms 25ms,ONE,ALL,cassandra1,cassandra3,cassandra3,True,1,2,2,True,True,PASS,
81,RYW,normal,netem delay 25ms 25ms,ONE,ALL,cassandra2,cassandra1,cassandra3,False,1,2,2,True,True,PASS,
82,RYW,normal,netem delay 25ms 25ms,ONE,ALL,cassandra2,cassandra1,cassandra1,True,1,2,2,True,True,PASS,
83,RYW,normal,netem delay 25ms 25ms,ONE,ALL,cassandra2,cassandra1,cassandra3,False,1,2,2,True,True,PASS,
84,RYW,normal,netem delay 25ms 25ms,ONE,ALL,cassandra3,cassandra2,cassandra1,False,1,2,2,True,True,PASS,
85,RYW,normal,netem delay 25ms 25ms,ONE,ALL,cassandra3,cassandra1,cassandra2,False,1,2,2,True,True,PASS,
86,RYW,normal,netem delay 25ms 25ms,ONE,ALL,cassandra1,cassandra3,cassandra1,False,1,2,2,True,True,PASS,
87,RYW,normal,netem delay 25ms 25ms,ONE,ALL,cassandra2,cassandra1,cassandra2,False,1,2,2,True,True,PASS,
88,RYW,normal,netem delay 25ms 25ms,ONE,ALL,cassandra3,cassandra1,cassandra1,True,1,2,2,True,True,PASS,
89,RYW,normal,netem delay 25ms 25ms,ONE,ALL,cassandra3,cassandra1,cassandra2,False,1,2,2,True,True,PASS,
90,RYW,normal,netem delay 25ms 25ms,ONE,ALL,cassandra2,cassandra2,cassandra3,False,1,2,2,True,True,PASS,
91,RYW,normal,netem delay 25ms 25ms,ONE,ALL,cassandra2,cassandra2,cassandra1,False,1,2,2,True,True,PASS,
92,RYW,normal,netem delay 25ms 25ms,ONE,ALL,cassandra2,cassandra3,cassandra3,True,1,2,2,True,True,PASS,
93,RYW,normal,netem delay 25ms 25ms,ONE,ALL,cassandra2,cassandra1,cassandra3,False,1,2,2,True,True,PASS,
94,RYW,normal,netem delay 25ms 25ms,ONE,ALL,cassandra2,cassandra2,cassandra3,False,1,2,2,True,True,PASS,
95,RYW,normal,netem delay 25ms 25ms,ONE,ALL,cassandra2,cassandra1,cassandra2,False,1,2,2,True,True,PASS,
96,RYW,normal,netem delay 25ms 25ms,ONE,ALL,cassandra1,cassandra3,cassandra1,False,1,2,2,True,True,PASS,
97,RYW,normal,netem delay 25ms 25ms,ONE,ALL,cassandra1,cassandra1,cassandra3,False,1,2,2,True,True,PASS,
98,RYW,normal,netem delay 25ms 25ms,ONE,ALL,cassandra1,cassandra2,cassandra1,False,1,2,2,True,True,PASS,
99,RYW,normal,netem delay 25ms 25ms,ONE,ALL,cassandra2,cassandra3,cassandra3,True,1,2,2,True,True,PASS,
100,RYW,normal,netem delay 25ms 25ms,ONE,ALL,cassandra3,cassandra1,cassandra2,False,1,2,2,True,True,PASS,
101,RYW,normal,netem delay 25ms 25ms,ONE,ALL,cassandra3,cassandra1,cassandra1,True,1,2,2,True,True,PASS,
102,RYW,normal,netem delay 25ms 25ms,ONE,ALL,cassandra1,cassandra1,cassandra3,False,1,2,2,True,True,PASS,
103,RYW,normal,netem delay 25ms 25ms,ONE,ALL,cassandra1,cassandra2,cassandra2,True,1,2,2,True,True,PASS,
104,RYW,normal,netem delay 25ms 25ms,ONE,ALL,cassandra3,cassandra3,cassandra3,True,1,2,2,True,True,PASS,
105,RYW,normal,netem delay 25ms 25ms,ONE,ALL,cassandra3,cassandra2,cassandra2,True,1,2,2,True,True,PASS,
106,RYW,normal,netem delay 25ms 25ms,ONE,ALL,cassandra1,cassandra3,cassandra1,False,1,2,2,True,True,PASS,
107,RYW,normal,netem delay 25ms 25ms,ONE,ALL,cassandra2,cassandra1,cassandra3,False,1,2,2,True,True,PASS,
108,RYW,normal,netem delay 25ms 25ms,ONE,ALL,cassandra3,cassandra2,cassandra2,True,1,2,2,True,True,PASS,
109,RYW,normal,netem delay 25ms 25ms,ONE,ALL,cassandra3,cassandra2,cassandra1,False,1,2,2,True,True,PASS,
110,RYW,normal,netem delay 25ms 25ms,ONE,ALL,cassandra2,cassandra3,cassandra3,True,1,2,2,True,True,PASS,
111,RYW,normal,netem delay 25ms 25ms,ONE,ALL,cassandra2,cassandra3,cassandra1,False,1,2,2,True,True,PASS,
112,RYW,normal,netem delay 25ms 25ms,ONE,ALL,cassandra2,cassandra1,cassandra2,False,1,2,2,True,True,PASS,
113,RYW,normal,netem delay 25ms 25ms,ONE,ALL,cassandra1,cassandra3,cassandra2,False,1,2,2,True,True,PASS,
114,RYW,normal,netem delay 25ms 25ms,ONE,ALL,cassandra2,cassandra2,cassandra2,True,1,2,2,True,True,PASS,
115,RYW,normal,netem delay 25ms 25ms,ONE,ALL,cassandra1,cassandra1,cassandra2,False,1,2,2,True,True,PASS,
116,RYW,normal,netem delay 25ms 25ms,ONE,ALL,cassandra3,cassandra2,cassandra2,True,1,2,2,True,True,PASS,
117,RYW,normal,netem delay 25ms 25ms,ONE,ALL,cassandra3,cassandra2,cassandra2,True,1,2,2,True,True,PASS,
118,RYW,normal,netem delay 25ms 25ms,ONE,ALL,cassandra3,cassandra3,cassandra3,True,1,2,2,True,True,PASS,
119,RYW,normal,netem delay 25ms 25ms,ONE,ALL,cassandra1,cassandra3,cassandra1,False,1,2,2,True,True,PASS,
120,RYW,normal,netem delay 25ms 25ms,ONE,ALL,cassandra2,cassandra1,cassandra2,False,1,2,2,True,True,PASS,
121,RYW,normal,netem delay 25ms 25ms,ONE,ALL,cassandra3,cassandra1,cassandra1,True,1,2,2,True,True,PASS,
122,RYW,normal,netem delay 25ms 25ms,ONE,ALL,cassandra3,cassandra3,cassandra2,False,1,2,2,True,True,PASS,
123,RYW,normal,netem delay 25ms 25ms,ONE,ALL,cassandra3,cassandra3,cassandra3,True,1,2,2,True,True,PASS,
124,RYW,normal,netem delay 25ms 25ms,ONE,ALL,cassandra1,cassandra3,cassandra1,False,1,2,2,True,True,PASS,
125,RYW,normal,netem delay 25ms 25ms,ONE,ALL,cassandra2,cassandra3,cassandra2,False,1,2,2,True,True,PASS,
126,RYW,normal,netem delay 25ms 25ms,ONE,ALL,cassandra3,cassandra1,cassandra2,False,1,2,2,True,True,PASS,
127,RYW,normal,netem delay 25ms 25ms,ONE,ALL,cassandra1,cassandra3,cassandra1,False,1,2,2,True,True,PASS,
128,RYW,normal,netem delay 25ms 25ms,ONE,ALL,cassandra1,cassandra3,cassandra2,False,1,2,2,True,True,PASS,
129,RYW,normal,netem delay 25ms 25ms,ONE,ALL,cassandra2,cassandra1,cassandra2,False,1,2,2,True,True,PASS,
130,RYW,normal,netem delay 25ms 25ms,ONE,ALL,cassandra3,cassandra3,cassandra1,False,1,2,2,True,True,PASS,
131,RYW,normal,netem delay 25ms 25ms,ONE,ALL,cassandra1,cassandra2,cassandra1,False,1,2,2,True,True,PASS,
132,RYW,normal,netem delay 25ms 25ms,ONE,ALL,cassandra3,cassandra2,cassandra1,False,1,2,2,True,True,PASS,
133,RYW,normal,netem delay 25ms 25ms,ONE,ALL,cassandra1,cassandra1,cassandra3,False,1,2,2,True,True,PASS,
134,RYW,normal,netem delay 25ms 25ms,ONE,ALL,cassandra3,cassandra3,cassandra3,True,1,2,2,True,True,PASS,
135,RYW,normal,netem delay 25ms 25ms,ONE,ALL,cassandra1,cassandra2,cassandra1,False,1,2,2,True,True,PASS,
136,RYW,normal,netem delay 25ms 25ms,ONE,ALL,cassandra3,cassandra1,cassandra1,True,1,2,2,True,True,PASS,
137,RYW,normal,netem delay 25ms 25ms,ONE,ALL,cassandra3,cassandra1,cassandra3,False,1,2,2,True,True,PASS,
138,RYW,normal,netem delay 25ms 25ms,ONE,ALL,cassandra2,cassandra2,cassandra2,True,1,2,2,True,True,PASS,
139,RYW,normal,netem delay 25ms 25ms,ONE,ALL,cassandra2,cassandra1,cassandra1,True,1,2,2,True,True,PASS,
140,RYW,normal,netem delay 25ms 25ms,ONE,ALL,cassandra3,cassandra1,cassandra2,False,1,2,2,True,True,PASS,
141,RYW,normal,netem delay 25ms 25ms,ONE,ALL,cassandra1,cassandra3,cassandra3,True,1,2,2,True,True,PASS,
142,RYW,normal,netem delay 25ms 25ms,ONE,ALL,cassandra3,cassandra2,cassandra1,False,1,2,2,True,True,PASS,
143,RYW,normal,netem delay 25ms 25ms,ONE,ALL,cassandra1,cassandra3,cassandra1,False,1,2,2,True,True,PASS,
144,RYW,normal,netem delay 25ms 25ms,ONE,ALL,cassandra3,cassandra2,cassandra1,False,1,2,2,True,True,PASS,
145,RYW,normal,netem delay 25ms 25ms,ONE,ALL,cassandra2,cassandra1,cassandra3,False,1,2,2,True,True,PASS,
146,RYW,normal,netem delay 25ms 25ms,ONE,ALL,cassandra3,cassandra3,cassandra1,False,1,2,2,True,True,PASS,
147,RYW,normal,netem delay 25ms 25ms,ONE,ALL,cassandra3,cassandra2,cassandra3,False,1,2,2,True,True,PASS,
148,RYW,normal,netem delay 25ms 25ms,ONE,ALL,cassandra2,cassandra3,cassandra3,True,1,2,2,True,True,PASS,
149,RYW,normal,netem delay 25ms 25ms,ONE,ALL,cassandra3,cassandra1,cassandra2,False,1,2,2,True,True,PASS,
150,RYW,normal,netem delay 25ms 25ms,ONE,ALL,cassandra2,cassandra1,cassandra2,False,1,2,2,True,True,PASS,
151,RYW,normal,netem delay 25ms 25ms,ONE,ALL,cassandra2,cassandra1,cassandra3,False,1,2,2,True,True,PASS,
152,RYW,normal,netem delay 25ms 25ms,ONE,ALL,cassandra2,cassandra1,cassandra1,True,1,2,2,True,True,PASS,
153,RYW,normal,netem delay 25ms 25ms,ONE,ALL,cassandra3,cassandra3,cassandra1,False,1,2,2,True,True,PASS,
154,RYW,normal,netem delay 25ms 25ms,ONE,ALL,cassandra2,cassandra3,cassandra1,False,1,2,2,True,True,PASS,
155,RYW,normal,netem delay 25ms 25ms,ONE,ALL,cassandra2,cassandra3,cassandra2,False,1,2,2,True,True,PASS,
156,RYW,normal,netem delay 25ms 25ms,ONE,ALL,cassandra2,cassandra3,cassandra1,False,1,2,2,True,True,PASS,
157,RYW,normal,netem delay 25ms 25ms,ONE,ALL,cassandra3,cassandra1,cassandra1,True,1,2,2,True,True,PASS,
158,RYW,normal,netem delay 25ms 25ms,ONE,ALL,cassandra2,cassandra3,cassandra1,False,1,2,2,True,True,PASS,
159,RYW,normal,netem delay 25ms 25ms,ONE,ALL,cassandra1,cassandra3,cassandra3,True,1,2,2,True,True,PASS,
160,RYW,normal,netem delay 25ms 25ms,ONE,ALL,cassandra1,cassandra2,cassandra2,True,1,2,2,True,True,PASS,
161,RYW,normal,netem delay 25ms 25ms,ONE,ALL,cassandra2,cassandra3,cassandra2,False,1,2,2,True,True,PASS,
162,RYW,normal,netem delay 25ms 25ms,ONE,ALL,cassandra3,cassandra1,cassandra3,False,1,2,2,True,True,PASS,
163,RYW,normal,netem delay 25ms 25ms,ONE,ALL,cassandra2,cassandra2,cassandra2,True,1,2,2,True,True,PASS,
164,RYW,normal,netem delay 25ms 25ms,ONE,ALL,cassandra1,cassandra1,cassandra2,False,1,2,2,True,True,PASS,
165,RYW,normal,netem delay 25ms 25ms,ONE,ALL,cassandra3,cassandra3,cassandra1,False,1,2,2,True,True,PASS,
166,RYW,normal,netem delay 25ms 25ms,ONE,ALL,cassandra1,cassandra3,cassandra3,True,1,2,2,True,True,PASS,
167,RYW,normal,netem delay 25ms 25ms,ONE,ALL,cassandra3,cassandra1,cassandra3,False,1,2,2,True,True,PASS,
168,RYW,normal,netem delay 25ms 25ms,ONE,ALL,cassandra2,cassandra3,cassandra3,True,1,2,2,True,True,PASS,
169,RYW,normal,netem delay 25ms 25ms,ONE,ALL,cassandra3,cassandra3,cassandra3,True,1,2,2,True,True,PASS,
170,RYW,normal,netem delay 25ms 25ms,ONE,ALL,cassandra2,cassandra1,cassandra3,False,1,2,2,True,True,PASS,
171,RYW,normal,netem delay 25ms 25ms,ONE,ALL,cassandra2,cassandra1,cassandra2,False,1,2,2,True,True,PASS,
172,RYW,normal,netem delay 25ms 25ms,ONE,ALL,cassandra1,cassandra2,cassandra3,False,1,2,2,True,True,PASS,
173,RYW,normal,netem delay 25ms 25ms,ONE,ALL,cassandra3,cassandra3,cassandra1,False,1,2,2,True,True,PASS,
174,RYW,normal,netem delay 25ms 25ms,ONE,ALL,cassandra2,cassandra2,cassandra2,True,1,2,2,True,True,PASS,
175,RYW,normal,netem delay 25ms 25ms,ONE,ALL,cassandra3,cassandra2,cassandra2,True,1,2,2,True,True,PASS,
176,RYW,normal,netem delay 25ms 25ms,ONE,ALL,cassandra1,cassandra3,cassandra2,False,1,2,2,True,True,PASS,
177,RYW,normal,netem delay 25ms 25ms,ONE,ALL,cassandra2,cassandra2,cassandra1,False,1,2,2,True,True,PASS,
178,RYW,normal,netem delay 25ms 25ms,ONE,ALL,cassandra2,cassandra3,cassandra3,True,1,2,2,True,True,PASS,
179,RYW,normal,netem delay 25ms 25ms,ONE,ALL,cassandra3,cassandra1,cassandra1,True,1,2,2,True,True,PASS,
180,RYW,normal,netem delay 25ms 25ms,ONE,ALL,cassandra2,cassandra2,cassandra1,False,1,2,2,True,True,PASS,
181,RYW,normal,netem delay 25ms 25ms,ONE,ALL,cassandra2,cassandra3,cassandra1,False,1,2,2,True,True,PASS,
182,RYW,normal,netem delay 25ms 25ms,ONE,ALL,cassandra3,cassandra3,cassandra1,False,1,2,2,True,True,PASS,
183,RYW,normal,netem delay 25ms 25ms,ONE,ALL,cassandra2,cassandra3,cassandra1,False,1,2,2,True,True,PASS,
184,RYW,normal,netem delay 25ms 25ms,ONE,ALL,cassandra3,cassandra1,cassandra1,True,1,2,2,True,True,PASS,
185,RYW,normal,netem delay 25ms 25ms,ONE,ALL,cassandra1,cassandra3,cassandra3,True,1,2,2,True,True,PASS,
186,RYW,normal,netem delay 25ms 25ms,ONE,ALL,cassandra2,cassandra1,cassandra2,False,1,2,2,True,True,PASS,
187,RYW,normal,netem delay 25ms 25ms,ONE,ALL,cassandra2,cassandra3,cassandra3,True,1,2,2,True,True,PASS,
188,RYW,normal,netem delay 25ms 25ms,ONE,ALL,cassandra2,cassandra1,cassandra3,False,1,2,2,True,True,PASS,
189,RYW,normal,netem delay 25ms 25ms,ONE,ALL,cassandra2,cassandra3,cassandra2,False,1,2,2,True,True,PASS,
190,RYW,normal,netem delay 25ms 25ms,ONE,ALL,cassandra1,cassandra1,cassandra1,True,1,2,2,True,True,PASS,
191,RYW,normal,netem delay 25ms 25ms,ONE,ALL,cassandra2,cassandra3,cassandra2,False,1,2,2,True,True,PASS,
192,RYW,normal,netem delay 25ms 25ms,ONE,ALL,cassandra1,cassandra2,cassandra1,False,1,2,2,True,True,PASS,
193,RYW,normal,netem delay 25ms 25ms,ONE,ALL,cassandra3,cassandra2,cassandra2,True,1,2,2,True,True,PASS,
194,RYW,normal,netem delay 25ms 25ms,ONE,ALL,cassandra3,cassandra1,cassandra2,False,1,2,2,True,True,PASS,
195,RYW,normal,netem delay 25ms 25ms,ONE,ALL,cassandra1,cassandra1,cassandra2,False,1,2,2,True,True,PASS,
196,RYW,normal,netem delay 25ms 25ms,ONE,ALL,cassandra2,cassandra1,cassandra3,False,1,2,2,True,True,PASS,
197,RYW,normal,netem delay 25ms 25ms,ONE,ALL,cassandra3,cassandra1,cassandra2,False,1,2,2,True,True,PASS,
198,RYW,normal,netem delay 25ms 25ms,ONE,ALL,cassandra2,cassandra2,cassandra3,False,1,2,2,True,True,PASS,
199,RYW,normal,netem delay 25ms 25ms,ONE,ALL,cassandra3,cassandra2,cassandra3,False,1,2,2,True,True,PASS,
200,RYW,normal,netem delay 25ms 25ms,ONE,ALL,cassandra2,cassandra1,cassandra2,False,1,2,2,True,True,PASS,
1,RYW,normal,netem delay 25ms 25ms,QUORUM,ONE,cassandra2,cassandra1,cassandra3,False,1,2,2,True,True,PASS,
2,RYW,normal,netem delay 25ms 25ms,QUORUM,ONE,cassandra1,cassandra3,cassandra2,False,1,2,2,True,True,PASS,
3,RYW,normal,netem delay 25ms 25ms,QUORUM,ONE,cassandra3,cassandra3,cassandra1,False,1,2,2,True,True,PASS,
4,RYW,normal,netem delay 25ms 25ms,QUORUM,ONE,cassandra2,cassandra1,cassandra2,False,1,2,2,True,True,PASS,
5,RYW,normal,netem delay 25ms 25ms,QUORUM,ONE,cassandra2,cassandra2,cassandra3,False,1,2,2,True,True,PASS,
6,RYW,normal,netem delay 25ms 25ms,QUORUM,ONE,cassandra3,cassandra1,cassandra1,True,1,2,2,True,True,PASS,
7,RYW,normal,netem delay 25ms 25ms,QUORUM,ONE,cassandra3,cassandra2,cassandra2,True,1,2,2,True,True,PASS,
8,RYW,normal,netem delay 25ms 25ms,QUORUM,ONE,cassandra1,cassandra2,cassandra3,False,1,2,2,True,True,PASS,
9,RYW,normal,netem delay 25ms 25ms,QUORUM,ONE,cassandra2,cassandra2,cassandra3,False,1,2,2,True,True,PASS,
10,RYW,normal,netem delay 25ms 25ms,QUORUM,ONE,cassandra1,cassandra3,cassandra1,False,1,2,2,True,True,PASS,
11,RYW,normal,netem delay 25ms 25ms,QUORUM,ONE,cassandra3,cassandra3,cassandra3,True,1,2,2,True,True,PASS,
12,RYW,normal,netem delay 25ms 25ms,QUORUM,ONE,cassandra2,cassandra3,cassandra3,True,1,2,2,True,True,PASS,
13,RYW,normal,netem delay 25ms 25ms,QUORUM,ONE,cassandra1,cassandra2,cassandra3,False,1,2,2,True,True,PASS,
14,RYW,normal,netem delay 25ms 25ms,QUORUM,ONE,cassandra1,cassandra1,cassandra1,True,1,2,2,True,True,PASS,
15,RYW,normal,netem delay 25ms 25ms,QUORUM,ONE,cassandra1,cassandra3,cassandra1,False,1,2,2,True,True,PASS,
16,RYW,normal,netem delay 25ms 25ms,QUORUM,ONE,cassandra3,cassandra3,cassandra1,False,1,2,2,True,True,PASS,
17,RYW,normal,netem delay 25ms 25ms,QUORUM,ONE,cassandra3,cassandra3,cassandra1,False,1,2,2,True,True,PASS,
18,RYW,normal,netem delay 25ms 25ms,QUORUM,ONE,cassandra2,cassandra3,cassandra1,False,1,2,2,True,True,PASS,
19,RYW,normal,netem delay 25ms 25ms,QUORUM,ONE,cassandra2,cassandra1,cassandra2,False,1,2,2,True,True,PASS,
20,RYW,normal,netem delay 25ms 25ms,QUORUM,ONE,cassandra2,cassandra1,cassandra3,False,1,2,2,True,True,PASS,
21,RYW,normal,netem delay 25ms 25ms,QUORUM,ONE,cassandra2,cassandra2,cassandra2,True,1,2,2,True,True,PASS,
22,RYW,normal,netem delay 25ms 25ms,QUORUM,ONE,cassandra1,cassandra3,cassandra3,True,1,2,2,True,True,PASS,
23,RYW,normal,netem delay 25ms 25ms,QUORUM,ONE,cassandra2,cassandra2,cassandra2,True,1,2,2,True,True,PASS,
24,RYW,normal,netem delay 25ms 25ms,QUORUM,ONE,cassandra1,cassandra2,cassandra1,False,1,2,2,True,True,PASS,
25,RYW,normal,netem delay 25ms 25ms,QUORUM,ONE,cassandra2,cassandra2,cassandra2,True,1,2,2,True,True,PASS,
26,RYW,normal,netem delay 25ms 25ms,QUORUM,ONE,cassandra1,cassandra3,cassandra2,False,1,2,2,True,True,PASS,
27,RYW,normal,netem delay 25ms 25ms,QUORUM,ONE,cassandra2,cassandra1,cassandra2,False,1,2,2,True,True,PASS,
28,RYW,normal,netem delay 25ms 25ms,QUORUM,ONE,cassandra2,cassandra2,cassandra1,False,1,2,2,True,True,PASS,
29,RYW,normal,netem delay 25ms 25ms,QUORUM,ONE,cassandra3,cassandra1,cassandra2,False,1,2,2,True,True,PASS,
30,RYW,normal,netem delay 25ms 25ms,QUORUM,ONE,cassandra2,cassandra3,cassandra1,False,1,2,2,True,True,PASS,
31,RYW,normal,netem delay 25ms 25ms,QUORUM,ONE,cassandra3,cassandra1,cassandra3,False,1,2,2,True,True,PASS,
32,RYW,normal,netem delay 25ms 25ms,QUORUM,ONE,cassandra1,cassandra2,cassandra1,False,1,2,2,True,True,PASS,
33,RYW,normal,netem delay 25ms 25ms,QUORUM,ONE,cassandra2,cassandra2,cassandra3,False,1,2,2,True,True,PASS,
34,RYW,normal,netem delay 25ms 25ms,QUORUM,ONE,cassandra3,cassandra2,cassandra2,True,1,2,2,True,True,PASS,
35,RYW,normal,netem delay 25ms 25ms,QUORUM,ONE,cassandra2,cassandra2,cassandra2,True,1,2,2,True,True,PASS,
36,RYW,normal,netem delay 25ms 25ms,QUORUM,ONE,cassandra2,cassandra3,cassandra3,True,1,2,2,True,True,PASS,
37,RYW,normal,netem delay 25ms 25ms,QUORUM,ONE,cassandra3,cassandra2,cassandra2,True,1,2,2,True,True,PASS,
38,RYW,normal,netem delay 25ms 25ms,QUORUM,ONE,cassandra1,cassandra3,cassandra1,False,1,2,2,True,True,PASS,
39,RYW,normal,netem delay 25ms 25ms,QUORUM,ONE,cassandra3,cassandra2,cassandra1,False,1,2,2,True,True,PASS,
40,RYW,normal,netem delay 25ms 25ms,QUORUM,ONE,cassandra1,cassandra2,cassandra1,False,1,2,2,True,True,PASS,
41,RYW,normal,netem delay 25ms 25ms,QUORUM,ONE,cassandra1,cassandra2,cassandra2,True,1,2,2,True,True,PASS,
42,RYW,normal,netem delay 25ms 25ms,QUORUM,ONE,cassandra2,cassandra1,cassandra2,False,1,2,2,True,True,PASS,
43,RYW,normal,netem delay 25ms 25ms,QUORUM,ONE,cassandra1,cassandra2,cassandra2,True,1,2,2,True,True,PASS,
44,RYW,normal,netem delay 25ms 25ms,QUORUM,ONE,cassandra1,cassandra1,cassandra2,False,1,2,2,True,True,PASS,
45,RYW,normal,netem delay 25ms 25ms,QUORUM,ONE,cassandra3,cassandra3,cassandra1,False,1,2,2,True,True,PASS,
46,RYW,normal,netem delay 25ms 25ms,QUORUM,ONE,cassandra2,cassandra1,cassandra2,False,1,2,2,True,True,PASS,
47,RYW,normal,netem delay 25ms 25ms,QUORUM,ONE,cassandra3,cassandra3,cassandra1,False,1,2,2,True,True,PASS,
48,RYW,normal,netem delay 25ms 25ms,QUORUM,ONE,cassandra3,cassandra3,cassandra3,True,1,2,2,True,True,PASS,
49,RYW,normal,netem delay 25ms 25ms,QUORUM,ONE,cassandra1,cassandra3,cassandra3,True,1,2,2,True,True,PASS,
50,RYW,normal,netem delay 25ms 25ms,QUORUM,ONE,cassandra2,cassandra3,cassandra2,False,1,2,2,True,True,PASS,
51,RYW,normal,netem delay 25ms 25ms,QUORUM,ONE,cassandra2,cassandra2,cassandra1,False,1,2,2,True,True,PASS,
52,RYW,normal,netem delay 25ms 25ms,QUORUM,ONE,cassandra3,cassandra1,cassandra3,False,1,2,2,True,True,PASS,
53,RYW,normal,netem delay 25ms 25ms,QUORUM,ONE,cassandra3,cassandra3,cassandra1,False,1,2,2,True,True,PASS,
54,RYW,normal,netem delay 25ms 25ms,QUORUM,ONE,cassandra1,cassandra2,cassandra1,False,1,2,2,True,True,PASS,
55,RYW,normal,netem delay 25ms 25ms,QUORUM,ONE,cassandra2,cassandra2,cassandra2,True,1,2,2,True,True,PASS,
56,RYW,normal,netem delay 25ms 25ms,QUORUM,ONE,cassandra2,cassandra1,cassandra3,False,1,2,2,True,True,PASS,
57,RYW,normal,netem delay 25ms 25ms,QUORUM,ONE,cassandra2,cassandra3,cassandra2,False,1,2,2,True,True,PASS,
58,RYW,normal,netem delay 25ms 25ms,QUORUM,ONE,cassandra2,cassandra2,cassandra2,True,1,2,2,True,True,PASS,
59,RYW,normal,netem delay 25ms 25ms,QUORUM,ONE,cassandra1,cassandra2,cassandra1,False,1,2,2,True,True,PASS,
60,RYW,normal,netem delay 25ms 25ms,QUORUM,ONE,cassandra2,cassandra3,cassandra1,False,1,2,2,True,True,PASS,
61,RYW,normal,netem delay 25ms 25ms,QUORUM,ONE,cassandra1,cassandra2,cassandra3,False,1,2,2,True,True,PASS,
62,RYW,normal,netem delay 25ms 25ms,QUORUM,ONE,cassandra1,cassandra1,cassandra2,False,1,2,2,True,True,PASS,
63,RYW,normal,netem delay 25ms 25ms,QUORUM,ONE,cassandra3,cassandra2,cassandra2,True,1,2,2,True,True,PASS,
64,RYW,normal,netem delay 25ms 25ms,QUORUM,ONE,cassandra1,cassandra1,cassandra1,True,1,2,2,True,True,PASS,
65,RYW,normal,netem delay 25ms 25ms,QUORUM,ONE,cassandra2,cassandra1,cassandra3,False,1,2,1,True,True,FAIL,
66,RYW,normal,netem delay 25ms 25ms,QUORUM,ONE,cassandra3,cassandra3,cassandra2,False,1,2,2,True,True,PASS,
67,RYW,normal,netem delay 25ms 25ms,QUORUM,ONE,cassandra1,cassandra2,cassandra1,False,1,2,2,True,True,PASS,
68,RYW,normal,netem delay 25ms 25ms,QUORUM,ONE,cassandra3,cassandra2,cassandra3,False,1,2,2,True,True,PASS,
69,RYW,normal,netem delay 25ms 25ms,QUORUM,ONE,cassandra1,cassandra3,cassandra2,False,1,2,2,True,True,PASS,
70,RYW,normal,netem delay 25ms 25ms,QUORUM,ONE,cassandra3,cassandra2,cassandra2,True,1,2,2,True,True,PASS,
71,RYW,normal,netem delay 25ms 25ms,QUORUM,ONE,cassandra3,cassandra3,cassandra2,False,1,2,2,True,True,PASS,
72,RYW,normal,netem delay 25ms 25ms,QUORUM,ONE,cassandra2,cassandra3,cassandra3,True,1,2,2,True,True,PASS,
73,RYW,normal,netem delay 25ms 25ms,QUORUM,ONE,cassandra1,cassandra1,cassandra2,False,1,2,2,True,True,PASS,
74,RYW,normal,netem delay 25ms 25ms,QUORUM,ONE,cassandra3,cassandra1,cassandra2,False,1,2,2,True,True,PASS,
75,RYW,normal,netem delay 25ms 25ms,QUORUM,ONE,cassandra2,cassandra1,cassandra1,True,1,2,2,True,True,PASS,
76,RYW,normal,netem delay 25ms 25ms,QUORUM,ONE,cassandra3,cassandra2,cassandra1,False,1,2,2,True,True,PASS,
77,RYW,normal,netem delay 25ms 25ms,QUORUM,ONE,cassandra1,cassandra2,cassandra1,False,1,2,2,True,True,PASS,
78,RYW,normal,netem delay 25ms 25ms,QUORUM,ONE,cassandra2,cassandra1,cassandra3,False,1,2,2,True,True,PASS,
79,RYW,normal,netem delay 25ms 25ms,QUORUM,ONE,cassandra1,cassandra1,cassandra3,False,1,2,2,True,True,PASS,
80,RYW,normal,netem delay 25ms 25ms,QUORUM,ONE,cassandra1,cassandra1,cassandra3,False,1,2,2,True,True,PASS,
81,RYW,normal,netem delay 25ms 25ms,QUORUM,ONE,cassandra1,cassandra3,cassandra1,False,1,2,2,True,True,PASS,
82,RYW,normal,netem delay 25ms 25ms,QUORUM,ONE,cassandra2,cassandra3,cassandra3,True,1,2,2,True,True,PASS,
83,RYW,normal,netem delay 25ms 25ms,QUORUM,ONE,cassandra1,cassandra2,cassandra2,True,1,2,2,True,True,PASS,
84,RYW,normal,netem delay 25ms 25ms,QUORUM,ONE,cassandra1,cassandra1,cassandra2,False,1,2,2,True,True,PASS,
85,RYW,normal,netem delay 25ms 25ms,QUORUM,ONE,cassandra2,cassandra1,cassandra2,False,1,2,2,True,True,PASS,
86,RYW,normal,netem delay 25ms 25ms,QUORUM,ONE,cassandra3,cassandra1,cassandra3,False,1,2,2,True,True,PASS,
87,RYW,normal,netem delay 25ms 25ms,QUORUM,ONE,cassandra1,cassandra1,cassandra2,False,1,2,2,True,True,PASS,
88,RYW,normal,netem delay 25ms 25ms,QUORUM,ONE,cassandra1,cassandra2,cassandra1,False,1,2,2,True,True,PASS,
89,RYW,normal,netem delay 25ms 25ms,QUORUM,ONE,cassandra1,cassandra3,cassandra2,False,1,2,2,True,True,PASS,
90,RYW,normal,netem delay 25ms 25ms,QUORUM,ONE,cassandra2,cassandra2,cassandra2,True,1,2,2,True,True,PASS,
91,RYW,normal,netem delay 25ms 25ms,QUORUM,ONE,cassandra3,cassandra3,cassandra1,False,1,2,2,True,True,PASS,
92,RYW,normal,netem delay 25ms 25ms,QUORUM,ONE,cassandra3,cassandra1,cassandra1,True,1,2,2,True,True,PASS,
93,RYW,normal,netem delay 25ms 25ms,QUORUM,ONE,cassandra3,cassandra1,cassandra3,False,1,2,2,True,True,PASS,
94,RYW,normal,netem delay 25ms 25ms,QUORUM,ONE,cassandra2,cassandra3,cassandra3,True,1,2,2,True,True,PASS,
95,RYW,normal,netem delay 25ms 25ms,QUORUM,ONE,cassandra1,cassandra3,cassandra2,False,1,2,2,True,True,PASS,
96,RYW,normal,netem delay 25ms 25ms,QUORUM,ONE,cassandra1,cassandra1,cassandra2,False,1,2,2,True,True,PASS,
97,RYW,normal,netem delay 25ms 25ms,QUORUM,ONE,cassandra3,cassandra3,cassandra3,True,1,2,2,True,True,PASS,
98,RYW,normal,netem delay 25ms 25ms,QUORUM,ONE,cassandra3,cassandra1,cassandra3,False,1,2,2,True,True,PASS,
99,RYW,normal,netem delay 25ms 25ms,QUORUM,ONE,cassandra1,cassandra3,cassandra1,False,1,2,2,True,True,PASS,
100,RYW,normal,netem delay 25ms 25ms,QUORUM,ONE,cassandra2,cassandra2,cassandra2,True,1,2,2,True,True,PASS,
101,RYW,normal,netem delay 25ms 25ms,QUORUM,ONE,cassandra1,cassandra1,cassandra2,False,1,2,2,True,True,PASS,
102,RYW,normal,netem delay 25ms 25ms,QUORUM,ONE,cassandra2,cassandra1,cassandra1,True,1,2,2,True,True,PASS,
103,RYW,normal,netem delay 25ms 25ms,QUORUM,ONE,cassandra1,cassandra2,cassandra3,False,1,2,2,True,True,PASS,
104,RYW,normal,netem delay 25ms 25ms,QUORUM,ONE,cassandra1,cassandra3,cassandra1,False,1,2,2,True,True,PASS,
105,RYW,normal,netem delay 25ms 25ms,QUORUM,ONE,cassandra3,cassandra1,cassandra2,False,1,2,2,True,True,PASS,
106,RYW,normal,netem delay 25ms 25ms,QUORUM,ONE,cassandra2,cassandra3,cassandra2,False,1,2,2,True,True,PASS,
107,RYW,normal,netem delay 25ms 25ms,QUORUM,ONE,cassandra3,cassandra1,cassandra3,False,1,2,2,True,True,PASS,
108,RYW,normal,netem delay 25ms 25ms,QUORUM,ONE,cassandra1,cassandra2,cassandra3,False,1,2,2,True,True,PASS,
109,RYW,normal,netem delay 25ms 25ms,QUORUM,ONE,cassandra1,cassandra1,cassandra2,False,1,2,2,True,True,PASS,
110,RYW,normal,netem delay 25ms 25ms,QUORUM,ONE,cassandra3,cassandra3,cassandra2,False,1,2,2,True,True,PASS,
111,RYW,normal,netem delay 25ms 25ms,QUORUM,ONE,cassandra1,cassandra3,cassandra3,True,1,2,2,True,True,PASS,
112,RYW,normal,netem delay 25ms 25ms,QUORUM,ONE,cassandra3,cassandra2,cassandra3,False,1,2,2,True,True,PASS,
113,RYW,normal,netem delay 25ms 25ms,QUORUM,ONE,cassandra2,cassandra2,cassandra3,False,1,2,2,True,True,PASS,
114,RYW,normal,netem delay 25ms 25ms,QUORUM,ONE,cassandra2,cassandra3,cassandra2,False,1,2,2,True,True,PASS,
115,RYW,normal,netem delay 25ms 25ms,QUORUM,ONE,cassandra2,cassandra2,cassandra1,False,1,2,2,True,True,PASS,
116,RYW,normal,netem delay 25ms 25ms,QUORUM,ONE,cassandra2,cassandra1,cassandra2,False,1,2,2,True,True,PASS,
117,RYW,normal,netem delay 25ms 25ms,QUORUM,ONE,cassandra1,cassandra2,cassandra3,False,1,2,2,True,True,PASS,
118,RYW,normal,netem delay 25ms 25ms,QUORUM,ONE,cassandra1,cassandra1,cassandra1,True,1,2,2,True,True,PASS,
119,RYW,normal,netem delay 25ms 25ms,QUORUM,ONE,cassandra1,cassandra2,cassandra2,True,1,2,2,True,True,PASS,
120,RYW,normal,netem delay 25ms 25ms,QUORUM,ONE,cassandra1,cassandra2,cassandra2,True,1,2,2,True,True,PASS,
121,RYW,normal,netem delay 25ms 25ms,QUORUM,ONE,cassandra2,cassandra3,cassandra2,False,1,2,2,True,True,PASS,
122,RYW,normal,netem delay 25ms 25ms,QUORUM,ONE,cassandra3,cassandra1,cassandra3,False,1,2,2,True,True,PASS,
123,RYW,normal,netem delay 25ms 25ms,QUORUM,ONE,cassandra3,cassandra2,cassandra3,False,1,2,2,True,True,PASS,
124,RYW,normal,netem delay 25ms 25ms,QUORUM,ONE,cassandra2,cassandra1,cassandra1,True,1,2,2,True,True,PASS,
125,RYW,normal,netem delay 25ms 25ms,QUORUM,ONE,cassandra1,cassandra1,cassandra2,False,1,2,1,True,True,FAIL,
126,RYW,normal,netem delay 25ms 25ms,QUORUM,ONE,cassandra3,cassandra3,cassandra3,True,1,2,2,True,True,PASS,
127,RYW,normal,netem delay 25ms 25ms,QUORUM,ONE,cassandra1,cassandra3,cassandra1,False,1,2,2,True,True,PASS,
128,RYW,normal,netem delay 25ms 25ms,QUORUM,ONE,cassandra1,cassandra1,cassandra2,False,1,2,2,True,True,PASS,
129,RYW,normal,netem delay 25ms 25ms,QUORUM,ONE,cassandra1,cassandra1,cassandra1,True,1,2,2,True,True,PASS,
130,RYW,normal,netem delay 25ms 25ms,QUORUM,ONE,cassandra2,cassandra2,cassandra1,False,1,2,2,True,True,PASS,
131,RYW,normal,netem delay 25ms 25ms,QUORUM,ONE,cassandra1,cassandra1,cassandra3,False,1,2,2,True,True,PASS,
132,RYW,normal,netem delay 25ms 25ms,QUORUM,ONE,cassandra3,cassandra3,cassandra3,True,1,2,2,True,True,PASS,
133,RYW,normal,netem delay 25ms 25ms,QUORUM,ONE,cassandra1,cassandra2,cassandra1,False,1,2,2,True,True,PASS,
134,RYW,normal,netem delay 25ms 25ms,QUORUM,ONE,cassandra1,cassandra1,cassandra3,False,1,2,2,True,True,PASS,
135,RYW,normal,netem delay 25ms 25ms,QUORUM,ONE,cassandra1,cassandra3,cassandra3,True,1,2,2,True,True,PASS,
136,RYW,normal,netem delay 25ms 25ms,QUORUM,ONE,cassandra2,cassandra2,cassandra1,False,1,2,2,True,True,PASS,
137,RYW,normal,netem delay 25ms 25ms,QUORUM,ONE,cassandra2,cassandra3,cassandra3,True,1,2,2,True,True,PASS,
138,RYW,normal,netem delay 25ms 25ms,QUORUM,ONE,cassandra1,cassandra1,cassandra2,False,1,2,2,True,True,PASS,
139,RYW,normal,netem delay 25ms 25ms,QUORUM,ONE,cassandra1,cassandra2,cassandra3,False,1,2,2,True,True,PASS,
140,RYW,normal,netem delay 25ms 25ms,QUORUM,ONE,cassandra1,cassandra3,cassandra3,True,1,2,2,True,True,PASS,
141,RYW,normal,netem delay 25ms 25ms,QUORUM,ONE,cassandra3,cassandra2,cassandra2,True,1,2,2,True,True,PASS,
142,RYW,normal,netem delay 25ms 25ms,QUORUM,ONE,cassandra2,cassandra1,cassandra2,False,1,2,2,True,True,PASS,
143,RYW,normal,netem delay 25ms 25ms,QUORUM,ONE,cassandra1,cassandra2,cassandra2,True,1,2,2,True,True,PASS,
144,RYW,normal,netem delay 25ms 25ms,QUORUM,ONE,cassandra1,cassandra2,cassandra3,False,1,2,2,True,True,PASS,
145,RYW,normal,netem delay 25ms 25ms,QUORUM,ONE,cassandra1,cassandra1,cassandra3,False,1,2,2,True,True,PASS,
146,RYW,normal,netem delay 25ms 25ms,QUORUM,ONE,cassandra1,cassandra2,cassandra3,False,1,2,2,True,True,PASS,
147,RYW,normal,netem delay 25ms 25ms,QUORUM,ONE,cassandra1,cassandra3,cassandra3,True,1,2,2,True,True,PASS,
148,RYW,normal,netem delay 25ms 25ms,QUORUM,ONE,cassandra3,cassandra1,cassandra3,False,1,2,2,True,True,PASS,
149,RYW,normal,netem delay 25ms 25ms,QUORUM,ONE,cassandra2,cassandra1,cassandra2,False,1,2,2,True,True,PASS,
150,RYW,normal,netem delay 25ms 25ms,QUORUM,ONE,cassandra3,cassandra3,cassandra2,False,1,2,2,True,True,PASS,
151,RYW,normal,netem delay 25ms 25ms,QUORUM,ONE,cassandra1,cassandra2,cassandra2,True,1,2,2,True,True,PASS,
152,RYW,normal,netem delay 25ms 25ms,QUORUM,ONE,cassandra3,cassandra2,cassandra1,False,1,2,2,True,True,PASS,
153,RYW,normal,netem delay 25ms 25ms,QUORUM,ONE,cassandra2,cassandra1,cassandra3,False,1,2,2,True,True,PASS,
154,RYW,normal,netem delay 25ms 25ms,QUORUM,ONE,cassandra2,cassandra1,cassandra1,True,1,2,2,True,True,PASS,
155,RYW,normal,netem delay 25ms 25ms,QUORUM,ONE,cassandra3,cassandra3,cassandra3,True,1,2,2,True,True,PASS,
156,RYW,normal,netem delay 25ms 25ms,QUORUM,ONE,cassandra1,cassandra1,cassandra3,False,1,2,2,True,True,PASS,
157,RYW,normal,netem delay 25ms 25ms,QUORUM,ONE,cassandra1,cassandra1,cassandra2,False,1,2,2,True,True,PASS,
158,RYW,normal,netem delay 25ms 25ms,QUORUM,ONE,cassandra1,cassandra2,cassandra2,True,1,2,2,True,True,PASS,
159,RYW,normal,netem delay 25ms 25ms,QUORUM,ONE,cassandra1,cassandra2,cassandra3,False,1,2,2,True,True,PASS,
160,RYW,normal,netem delay 25ms 25ms,QUORUM,ONE,cassandra2,cassandra1,cassandra2,False,1,2,2,True,True,PASS,
161,RYW,normal,netem delay 25ms 25ms,QUORUM,ONE,cassandra1,cassandra1,cassandra1,True,1,2,2,True,True,PASS,
162,RYW,normal,netem delay 25ms 25ms,QUORUM,ONE,cassandra1,cassandra1,cassandra1,True,1,2,2,True,True,PASS,
163,RYW,normal,netem delay 25ms 25ms,QUORUM,ONE,cassandra2,cassandra1,cassandra2,False,1,2,2,True,True,PASS,
164,RYW,normal,netem delay 25ms 25ms,QUORUM,ONE,cassandra3,cassandra1,cassandra1,True,1,2,2,True,True,PASS,
165,RYW,normal,netem delay 25ms 25ms,QUORUM,ONE,cassandra1,cassandra1,cassandra1,True,1,2,2,True,True,PASS,
166,RYW,normal,netem delay 25ms 25ms,QUORUM,ONE,cassandra3,cassandra2,cassandra2,True,1,2,2,True,True,PASS,
167,RYW,normal,netem delay 25ms 25ms,QUORUM,ONE,cassandra1,cassandra3,cassandra2,False,1,2,2,True,True,PASS,
168,RYW,normal,netem delay 25ms 25ms,QUORUM,ONE,cassandra3,cassandra1,cassandra2,False,1,2,2,True,True,PASS,
169,RYW,normal,netem delay 25ms 25ms,QUORUM,ONE,cassandra3,cassandra3,cassandra3,True,1,2,2,True,True,PASS,
170,RYW,normal,netem delay 25ms 25ms,QUORUM,ONE,cassandra3,cassandra1,cassandra3,False,1,2,2,True,True,PASS,
171,RYW,normal,netem delay 25ms 25ms,QUORUM,ONE,cassandra1,cassandra2,cassandra3,False,1,2,2,True,True,PASS,
172,RYW,normal,netem delay 25ms 25ms,QUORUM,ONE,cassandra2,cassandra1,cassandra2,False,1,2,2,True,True,PASS,
173,RYW,normal,netem delay 25ms 25ms,QUORUM,ONE,cassandra2,cassandra2,cassandra1,False,1,2,2,True,True,PASS,
174,RYW,normal,netem delay 25ms 25ms,QUORUM,ONE,cassandra1,cassandra1,cassandra2,False,1,2,2,True,True,PASS,
175,RYW,normal,netem delay 25ms 25ms,QUORUM,ONE,cassandra2,cassandra2,cassandra1,False,1,2,2,True,True,PASS,
176,RYW,normal,netem delay 25ms 25ms,QUORUM,ONE,cassandra1,cassandra2,cassandra3,False,1,2,2,True,True,PASS,
177,RYW,normal,netem delay 25ms 25ms,QUORUM,ONE,cassandra1,cassandra3,cassandra2,False,1,2,2,True,True,PASS,
178,RYW,normal,netem delay 25ms 25ms,QUORUM,ONE,cassandra3,cassandra2,cassandra2,True,1,2,2,True,True,PASS,
179,RYW,normal,netem delay 25ms 25ms,QUORUM,ONE,cassandra2,cassandra3,cassandra3,True,1,2,2,True,True,PASS,
180,RYW,normal,netem delay 25ms 25ms,QUORUM,ONE,cassandra2,cassandra1,cassandra3,False,1,2,2,True,True,PASS,
181,RYW,normal,netem delay 25ms 25ms,QUORUM,ONE,cassandra1,cassandra2,cassandra2,True,1,2,2,True,True,PASS,
182,RYW,normal,netem delay 25ms 25ms,QUORUM,ONE,cassandra3,cassandra3,cassandra2,False,1,2,2,True,True,PASS,
183,RYW,normal,netem delay 25ms 25ms,QUORUM,ONE,cassandra1,cassandra1,cassandra2,False,1,2,2,True,True,PASS,
184,RYW,normal,netem delay 25ms 25ms,QUORUM,ONE,cassandra3,cassandra1,cassandra3,False,1,2,2,True,True,PASS,
185,RYW,normal,netem delay 25ms 25ms,QUORUM,ONE,cassandra3,cassandra1,cassandra2,False,1,2,2,True,True,PASS,
186,RYW,normal,netem delay 25ms 25ms,QUORUM,ONE,cassandra2,cassandra1,cassandra1,True,1,2,2,True,True,PASS,
187,RYW,normal,netem delay 25ms 25ms,QUORUM,ONE,cassandra2,cassandra2,cassandra2,True,1,2,2,True,True,PASS,
188,RYW,normal,netem delay 25ms 25ms,QUORUM,ONE,cassandra3,cassandra3,cassandra1,False,1,2,2,True,True,PASS,
189,RYW,normal,netem delay 25ms 25ms,QUORUM,ONE,cassandra2,cassandra1,cassandra2,False,1,2,2,True,True,PASS,
190,RYW,normal,netem delay 25ms 25ms,QUORUM,ONE,cassandra3,cassandra3,cassandra2,False,1,2,2,True,True,PASS,
191,RYW,normal,netem delay 25ms 25ms,QUORUM,ONE,cassandra1,cassandra3,cassandra1,False,1,2,2,True,True,PASS,
192,RYW,normal,netem delay 25ms 25ms,QUORUM,ONE,cassandra1,cassandra1,cassandra2,False,1,2,2,True,True,PASS,
193,RYW,normal,netem delay 25ms 25ms,QUORUM,ONE,cassandra1,cassandra3,cassandra3,True,1,2,2,True,True,PASS,
194,RYW,normal,netem delay 25ms 25ms,QUORUM,ONE,cassandra1,cassandra2,cassandra1,False,1,2,2,True,True,PASS,
195,RYW,normal,netem delay 25ms 25ms,QUORUM,ONE,cassandra3,cassandra1,cassandra1,True,1,2,2,True,True,PASS,
196,RYW,normal,netem delay 25ms 25ms,QUORUM,ONE,cassandra1,cassandra2,cassandra1,False,1,2,2,True,True,PASS,
197,RYW,normal,netem delay 25ms 25ms,QUORUM,ONE,cassandra2,cassandra2,cassandra1,False,1,2,2,True,True,PASS,
198,RYW,normal,netem delay 25ms 25ms,QUORUM,ONE,cassandra2,cassandra2,cassandra1,False,1,2,2,True,True,PASS,
199,RYW,normal,netem delay 25ms 25ms,QUORUM,ONE,cassandra1,cassandra3,cassandra1,False,1,2,2,True,True,PASS,
200,RYW,normal,netem delay 25ms 25ms,QUORUM,ONE,cassandra2,cassandra1,cassandra2,False,1,2,2,True,True,PASS,
1,RYW,normal,netem delay 25ms 25ms,QUORUM,QUORUM,cassandra3,cassandra3,cassandra1,False,1,2,2,True,True,PASS,
2,RYW,normal,netem delay 25ms 25ms,QUORUM,QUORUM,cassandra1,cassandra1,cassandra3,False,1,2,2,True,True,PASS,
3,RYW,normal,netem delay 25ms 25ms,QUORUM,QUORUM,cassandra2,cassandra1,cassandra1,True,1,2,2,True,True,PASS,
4,RYW,normal,netem delay 25ms 25ms,QUORUM,QUORUM,cassandra2,cassandra2,cassandra3,False,1,2,2,True,True,PASS,
5,RYW,normal,netem delay 25ms 25ms,QUORUM,QUORUM,cassandra2,cassandra1,cassandra2,False,1,2,2,True,True,PASS,
6,RYW,normal,netem delay 25ms 25ms,QUORUM,QUORUM,cassandra1,cassandra1,cassandra1,True,1,2,2,True,True,PASS,
7,RYW,normal,netem delay 25ms 25ms,QUORUM,QUORUM,cassandra1,cassandra2,cassandra1,False,1,2,2,True,True,PASS,
8,RYW,normal,netem delay 25ms 25ms,QUORUM,QUORUM,cassandra3,cassandra1,cassandra1,True,1,2,2,True,True,PASS,
9,RYW,normal,netem delay 25ms 25ms,QUORUM,QUORUM,cassandra3,cassandra2,cassandra2,True,1,2,2,True,True,PASS,
10,RYW,normal,netem delay 25ms 25ms,QUORUM,QUORUM,cassandra3,cassandra2,cassandra2,True,1,2,2,True,True,PASS,
11,RYW,normal,netem delay 25ms 25ms,QUORUM,QUORUM,cassandra2,cassandra1,cassandra3,False,1,2,2,True,True,PASS,
12,RYW,normal,netem delay 25ms 25ms,QUORUM,QUORUM,cassandra2,cassandra1,cassandra2,False,1,2,2,True,True,PASS,
13,RYW,normal,netem delay 25ms 25ms,QUORUM,QUORUM,cassandra1,cassandra2,cassandra1,False,1,2,2,True,True,PASS,
14,RYW,normal,netem delay 25ms 25ms,QUORUM,QUORUM,cassandra2,cassandra3,cassandra3,True,1,2,2,True,True,PASS,
15,RYW,normal,netem delay 25ms 25ms,QUORUM,QUORUM,cassandra2,cassandra1,cassandra3,False,1,2,2,True,True,PASS,
16,RYW,normal,netem delay 25ms 25ms,QUORUM,QUORUM,cassandra3,cassandra1,cassandra2,False,1,2,2,True,True,PASS,
17,RYW,normal,netem delay 25ms 25ms,QUORUM,QUORUM,cassandra2,cassandra3,cassandra3,True,1,2,2,True,True,PASS,
18,RYW,normal,netem delay 25ms 25ms,QUORUM,QUORUM,cassandra1,cassandra3,cassandra2,False,1,2,2,True,True,PASS,
19,RYW,normal,netem delay 25ms 25ms,QUORUM,QUORUM,cassandra1,cassandra2,cassandra3,False,1,2,2,True,True,PASS,
20,RYW,normal,netem delay 25ms 25ms,QUORUM,QUORUM,cassandra2,cassandra2,cassandra1,False,1,2,2,True,True,PASS,
21,RYW,normal,netem delay 25ms 25ms,QUORUM,QUORUM,cassandra1,cassandra3,cassandra3,True,1,2,2,True,True,PASS,
22,RYW,normal,netem delay 25ms 25ms,QUORUM,QUORUM,cassandra3,cassandra2,cassandra1,False,1,2,2,True,True,PASS,
23,RYW,normal,netem delay 25ms 25ms,QUORUM,QUORUM,cassandra3,cassandra3,cassandra3,True,1,2,2,True,True,PASS,
24,RYW,normal,netem delay 25ms 25ms,QUORUM,QUORUM,cassandra3,cassandra3,cassandra2,False,1,2,2,True,True,PASS,
25,RYW,normal,netem delay 25ms 25ms,QUORUM,QUORUM,cassandra3,cassandra2,cassandra1,False,1,2,2,True,True,PASS,
26,RYW,normal,netem delay 25ms 25ms,QUORUM,QUORUM,cassandra2,cassandra3,cassandra1,False,1,2,2,True,True,PASS,
27,RYW,normal,netem delay 25ms 25ms,QUORUM,QUORUM,cassandra3,cassandra1,cassandra3,False,1,2,2,True,True,PASS,
28,RYW,normal,netem delay 25ms 25ms,QUORUM,QUORUM,cassandra3,cassandra1,cassandra1,True,1,2,2,True,True,PASS,
29,RYW,normal,netem delay 25ms 25ms,QUORUM,QUORUM,cassandra3,cassandra1,cassandra3,False,1,2,2,True,True,PASS,
30,RYW,normal,netem delay 25ms 25ms,QUORUM,QUORUM,cassandra2,cassandra3,cassandra3,True,1,2,2,True,True,PASS,
31,RYW,normal,netem delay 25ms 25ms,QUORUM,QUORUM,cassandra2,cassandra3,cassandra3,True,1,2,2,True,True,PASS,
32,RYW,normal,netem delay 25ms 25ms,QUORUM,QUORUM,cassandra2,cassandra3,cassandra1,False,1,2,2,True,True,PASS,
33,RYW,normal,netem delay 25ms 25ms,QUORUM,QUORUM,cassandra2,cassandra2,cassandra2,True,1,2,2,True,True,PASS,
34,RYW,normal,netem delay 25ms 25ms,QUORUM,QUORUM,cassandra2,cassandra2,cassandra1,False,1,2,2,True,True,PASS,
35,RYW,normal,netem delay 25ms 25ms,QUORUM,QUORUM,cassandra1,cassandra2,cassandra3,False,1,2,2,True,True,PASS,
36,RYW,normal,netem delay 25ms 25ms,QUORUM,QUORUM,cassandra1,cassandra3,cassandra1,False,1,2,2,True,True,PASS,
37,RYW,normal,netem delay 25ms 25ms,QUORUM,QUORUM,cassandra2,cassandra1,cassandra3,False,1,2,2,True,True,PASS,
38,RYW,normal,netem delay 25ms 25ms,QUORUM,QUORUM,cassandra3,cassandra3,cassandra3,True,1,2,2,True,True,PASS,
39,RYW,normal,netem delay 25ms 25ms,QUORUM,QUORUM,cassandra3,cassandra2,cassandra2,True,1,2,2,True,True,PASS,
40,RYW,normal,netem delay 25ms 25ms,QUORUM,QUORUM,cassandra3,cassandra3,cassandra1,False,1,2,2,True,True,PASS,
41,RYW,normal,netem delay 25ms 25ms,QUORUM,QUORUM,cassandra1,cassandra3,cassandra2,False,1,2,2,True,True,PASS,
42,RYW,normal,netem delay 25ms 25ms,QUORUM,QUORUM,cassandra1,cassandra2,cassandra3,False,1,2,2,True,True,PASS,
43,RYW,normal,netem delay 25ms 25ms,QUORUM,QUORUM,cassandra2,cassandra2,cassandra3,False,1,2,2,True,True,PASS,
44,RYW,normal,netem delay 25ms 25ms,QUORUM,QUORUM,cassandra2,cassandra3,cassandra3,True,1,2,2,True,True,PASS,
45,RYW,normal,netem delay 25ms 25ms,QUORUM,QUORUM,cassandra1,cassandra3,cassandra3,True,1,2,2,True,True,PASS,
46,RYW,normal,netem delay 25ms 25ms,QUORUM,QUORUM,cassandra2,cassandra3,cassandra3,True,1,2,2,True,True,PASS,
47,RYW,normal,netem delay 25ms 25ms,QUORUM,QUORUM,cassandra3,cassandra1,cassandra1,True,1,2,2,True,True,PASS,
48,RYW,normal,netem delay 25ms 25ms,QUORUM,QUORUM,cassandra1,cassandra1,cassandra3,False,1,2,2,True,True,PASS,
49,RYW,normal,netem delay 25ms 25ms,QUORUM,QUORUM,cassandra2,cassandra3,cassandra1,False,1,2,2,True,True,PASS,
50,RYW,normal,netem delay 25ms 25ms,QUORUM,QUORUM,cassandra1,cassandra3,cassandra1,False,1,2,2,True,True,PASS,
51,RYW,normal,netem delay 25ms 25ms,QUORUM,QUORUM,cassandra1,cassandra2,cassandra2,True,1,2,2,True,True,PASS,
52,RYW,normal,netem delay 25ms 25ms,QUORUM,QUORUM,cassandra2,cassandra2,cassandra3,False,1,2,2,True,True,PASS,
53,RYW,normal,netem delay 25ms 25ms,QUORUM,QUORUM,cassandra2,cassandra1,cassandra1,True,1,2,2,True,True,PASS,
54,RYW,normal,netem delay 25ms 25ms,QUORUM,QUORUM,cassandra1,cassandra3,cassandra3,True,1,2,2,True,True,PASS,
55,RYW,normal,netem delay 25ms 25ms,QUORUM,QUORUM,cassandra3,cassandra3,cassandra3,True,1,2,2,True,True,PASS,
56,RYW,normal,netem delay 25ms 25ms,QUORUM,QUORUM,cassandra1,cassandra1,cassandra2,False,1,2,2,True,True,PASS,
57,RYW,normal,netem delay 25ms 25ms,QUORUM,QUORUM,cassandra1,cassandra1,cassandra3,False,1,2,2,True,True,PASS,
58,RYW,normal,netem delay 25ms 25ms,QUORUM,QUORUM,cassandra3,cassandra2,cassandra2,True,1,2,2,True,True,PASS,
59,RYW,normal,netem delay 25ms 25ms,QUORUM,QUORUM,cassandra2,cassandra2,cassandra1,False,1,2,2,True,True,PASS,
60,RYW,normal,netem delay 25ms 25ms,QUORUM,QUORUM,cassandra3,cassandra1,cassandra1,True,1,2,2,True,True,PASS,
61,RYW,normal,netem delay 25ms 25ms,QUORUM,QUORUM,cassandra1,cassandra1,cassandra3,False,1,2,2,True,True,PASS,
62,RYW,normal,netem delay 25ms 25ms,QUORUM,QUORUM,cassandra2,cassandra3,cassandra3,True,1,2,2,True,True,PASS,
63,RYW,normal,netem delay 25ms 25ms,QUORUM,QUORUM,cassandra2,cassandra1,cassandra1,True,1,2,2,True,True,PASS,
64,RYW,normal,netem delay 25ms 25ms,QUORUM,QUORUM,cassandra1,cassandra1,cassandra1,True,1,2,2,True,True,PASS,
65,RYW,normal,netem delay 25ms 25ms,QUORUM,QUORUM,cassandra1,cassandra1,cassandra3,False,1,2,2,True,True,PASS,
66,RYW,normal,netem delay 25ms 25ms,QUORUM,QUORUM,cassandra1,cassandra3,cassandra1,False,1,2,2,True,True,PASS,
67,RYW,normal,netem delay 25ms 25ms,QUORUM,QUORUM,cassandra3,cassandra1,cassandra1,True,1,2,2,True,True,PASS,
68,RYW,normal,netem delay 25ms 25ms,QUORUM,QUORUM,cassandra2,cassandra2,cassandra2,True,1,2,2,True,True,PASS,
69,RYW,normal,netem delay 25ms 25ms,QUORUM,QUORUM,cassandra3,cassandra2,cassandra3,False,1,2,2,True,True,PASS,
70,RYW,normal,netem delay 25ms 25ms,QUORUM,QUORUM,cassandra1,cassandra2,cassandra2,True,1,2,2,True,True,PASS,
71,RYW,normal,netem delay 25ms 25ms,QUORUM,QUORUM,cassandra3,cassandra3,cassandra2,False,1,2,2,True,True,PASS,
72,RYW,normal,netem delay 25ms 25ms,QUORUM,QUORUM,cassandra2,cassandra3,cassandra3,True,1,2,2,True,True,PASS,
73,RYW,normal,netem delay 25ms 25ms,QUORUM,QUORUM,cassandra3,cassandra1,cassandra2,False,1,2,2,True,True,PASS,
74,RYW,normal,netem delay 25ms 25ms,QUORUM,QUORUM,cassandra2,cassandra3,cassandra2,False,1,2,2,True,True,PASS,
75,RYW,normal,netem delay 25ms 25ms,QUORUM,QUORUM,cassandra3,cassandra3,cassandra3,True,1,2,2,True,True,PASS,
76,RYW,normal,netem delay 25ms 25ms,QUORUM,QUORUM,cassandra2,cassandra2,cassandra3,False,1,2,2,True,True,PASS,
77,RYW,normal,netem delay 25ms 25ms,QUORUM,QUORUM,cassandra3,cassandra3,cassandra2,False,1,2,2,True,True,PASS,
78,RYW,normal,netem delay 25ms 25ms,QUORUM,QUORUM,cassandra3,cassandra1,cassandra2,False,1,2,2,True,True,PASS,
79,RYW,normal,netem delay 25ms 25ms,QUORUM,QUORUM,cassandra2,cassandra3,cassandra1,False,1,2,2,True,True,PASS,
80,RYW,normal,netem delay 25ms 25ms,QUORUM,QUORUM,cassandra3,cassandra3,cassandra2,False,1,2,2,True,True,PASS,
81,RYW,normal,netem delay 25ms 25ms,QUORUM,QUORUM,cassandra1,cassandra1,cassandra1,True,1,2,2,True,True,PASS,
82,RYW,normal,netem delay 25ms 25ms,QUORUM,QUORUM,cassandra3,cassandra1,cassandra3,False,1,2,2,True,True,PASS,
83,RYW,normal,netem delay 25ms 25ms,QUORUM,QUORUM,cassandra3,cassandra1,cassandra3,False,1,2,2,True,True,PASS,
84,RYW,normal,netem delay 25ms 25ms,QUORUM,QUORUM,cassandra2,cassandra2,cassandra2,True,1,2,2,True,True,PASS,
85,RYW,normal,netem delay 25ms 25ms,QUORUM,QUORUM,cassandra3,cassandra3,cassandra3,True,1,2,2,True,True,PASS,
86,RYW,normal,netem delay 25ms 25ms,QUORUM,QUORUM,cassandra2,cassandra2,cassandra3,False,1,2,2,True,True,PASS,
87,RYW,normal,netem delay 25ms 25ms,QUORUM,QUORUM,cassandra3,cassandra1,cassandra2,False,1,2,2,True,True,PASS,
88,RYW,normal,netem delay 25ms 25ms,QUORUM,QUORUM,cassandra3,cassandra2,cassandra3,False,1,2,2,True,True,PASS,
89,RYW,normal,netem delay 25ms 25ms,QUORUM,QUORUM,cassandra1,cassandra3,cassandra3,True,1,2,2,True,True,PASS,
90,RYW,normal,netem delay 25ms 25ms,QUORUM,QUORUM,cassandra2,cassandra2,cassandra1,False,1,2,2,True,True,PASS,
91,RYW,normal,netem delay 25ms 25ms,QUORUM,QUORUM,cassandra1,cassandra2,cassandra2,True,1,2,2,True,True,PASS,
92,RYW,normal,netem delay 25ms 25ms,QUORUM,QUORUM,cassandra3,cassandra1,cassandra2,False,1,2,2,True,True,PASS,
93,RYW,normal,netem delay 25ms 25ms,QUORUM,QUORUM,cassandra2,cassandra3,cassandra2,False,1,2,2,True,True,PASS,
94,RYW,normal,netem delay 25ms 25ms,QUORUM,QUORUM,cassandra3,cassandra3,cassandra2,False,1,2,2,True,True,PASS,
95,RYW,normal,netem delay 25ms 25ms,QUORUM,QUORUM,cassandra2,cassandra2,cassandra1,False,1,2,2,True,True,PASS,
96,RYW,normal,netem delay 25ms 25ms,QUORUM,QUORUM,cassandra2,cassandra1,cassandra1,True,1,2,2,True,True,PASS,
97,RYW,normal,netem delay 25ms 25ms,QUORUM,QUORUM,cassandra1,cassandra1,cassandra1,True,1,2,2,True,True,PASS,
98,RYW,normal,netem delay 25ms 25ms,QUORUM,QUORUM,cassandra1,cassandra2,cassandra1,False,1,2,2,True,True,PASS,
99,RYW,normal,netem delay 25ms 25ms,QUORUM,QUORUM,cassandra1,cassandra2,cassandra2,True,1,2,2,True,True,PASS,
100,RYW,normal,netem delay 25ms 25ms,QUORUM,QUORUM,cassandra1,cassandra1,cassandra2,False,1,2,2,True,True,PASS,
101,RYW,normal,netem delay 25ms 25ms,QUORUM,QUORUM,cassandra3,cassandra3,cassandra2,False,1,2,2,True,True,PASS,
102,RYW,normal,netem delay 25ms 25ms,QUORUM,QUORUM,cassandra2,cassandra2,cassandra3,False,1,2,2,True,True,PASS,
103,RYW,normal,netem delay 25ms 25ms,QUORUM,QUORUM,cassandra1,cassandra1,cassandra3,False,1,2,2,True,True,PASS,
104,RYW,normal,netem delay 25ms 25ms,QUORUM,QUORUM,cassandra3,cassandra3,cassandra1,False,1,2,2,True,True,PASS,
105,RYW,normal,netem delay 25ms 25ms,QUORUM,QUORUM,cassandra2,cassandra1,cassandra3,False,1,2,2,True,True,PASS,
106,RYW,normal,netem delay 25ms 25ms,QUORUM,QUORUM,cassandra2,cassandra2,cassandra3,False,1,2,2,True,True,PASS,
107,RYW,normal,netem delay 25ms 25ms,QUORUM,QUORUM,cassandra2,cassandra3,cassandra3,True,1,2,2,True,True,PASS,
108,RYW,normal,netem delay 25ms 25ms,QUORUM,QUORUM,cassandra1,cassandra1,cassandra2,False,1,2,2,True,True,PASS,
109,RYW,normal,netem delay 25ms 25ms,QUORUM,QUORUM,cassandra1,cassandra1,cassandra2,False,1,2,2,True,True,PASS,
110,RYW,normal,netem delay 25ms 25ms,QUORUM,QUORUM,cassandra1,cassandra3,cassandra1,False,1,2,2,True,True,PASS,
111,RYW,normal,netem delay 25ms 25ms,QUORUM,QUORUM,cassandra1,cassandra2,cassandra1,False,1,2,2,True,True,PASS,
112,RYW,normal,netem delay 25ms 25ms,QUORUM,QUORUM,cassandra1,cassandra3,cassandra2,False,1,2,2,True,True,PASS,
113,RYW,normal,netem delay 25ms 25ms,QUORUM,QUORUM,cassandra2,cassandra2,cassandra1,False,1,2,2,True,True,PASS,
114,RYW,normal,netem delay 25ms 25ms,QUORUM,QUORUM,cassandra3,cassandra3,cassandra1,False,1,2,2,True,True,PASS,
115,RYW,normal,netem delay 25ms 25ms,QUORUM,QUORUM,cassandra3,cassandra3,cassandra2,False,1,2,2,True,True,PASS,
116,RYW,normal,netem delay 25ms 25ms,QUORUM,QUORUM,cassandra1,cassandra1,cassandra2,False,1,2,2,True,True,PASS,
117,RYW,normal,netem delay 25ms 25ms,QUORUM,QUORUM,cassandra3,cassandra1,cassandra2,False,1,2,2,True,True,PASS,
118,RYW,normal,netem delay 25ms 25ms,QUORUM,QUORUM,cassandra2,cassandra1,cassandra1,True,1,2,2,True,True,PASS,
119,RYW,normal,netem delay 25ms 25ms,QUORUM,QUORUM,cassandra1,cassandra2,cassandra3,False,1,2,2,True,True,PASS,
120,RYW,normal,netem delay 25ms 25ms,QUORUM,QUORUM,cassandra3,cassandra2,cassandra1,False,1,2,2,True,True,PASS,
121,RYW,normal,netem delay 25ms 25ms,QUORUM,QUORUM,cassandra1,cassandra2,cassandra2,True,1,2,2,True,True,PASS,
122,RYW,normal,netem delay 25ms 25ms,QUORUM,QUORUM,cassandra1,cassandra1,cassandra3,False,1,2,2,True,True,PASS,
123,RYW,normal,netem delay 25ms 25ms,QUORUM,QUORUM,cassandra2,cassandra1,cassandra1,True,1,2,2,True,True,PASS,
124,RYW,normal,netem delay 25ms 25ms,QUORUM,QUORUM,cassandra2,cassandra2,cassandra3,False,1,2,2,True,True,PASS,
125,RYW,normal,netem delay 25ms 25ms,QUORUM,QUORUM,cassandra1,cassandra1,cassandra1,True,1,2,2,True,True,PASS,
126,RYW,normal,netem delay 25ms 25ms,QUORUM,QUORUM,cassandra3,cassandra2,cassandra2,True,1,2,2,True,True,PASS,
127,RYW,normal,netem delay 25ms 25ms,QUORUM,QUORUM,cassandra1,cassandra2,cassandra2,True,1,2,2,True,True,PASS,
128,RYW,normal,netem delay 25ms 25ms,QUORUM,QUORUM,cassandra3,cassandra1,cassandra3,False,1,2,2,True,True,PASS,
129,RYW,normal,netem delay 25ms 25ms,QUORUM,QUORUM,cassandra2,cassandra1,cassandra2,False,1,2,2,True,True,PASS,
130,RYW,normal,netem delay 25ms 25ms,QUORUM,QUORUM,cassandra3,cassandra3,cassandra3,True,1,2,2,True,True,PASS,
131,RYW,normal,netem delay 25ms 25ms,QUORUM,QUORUM,cassandra1,cassandra2,cassandra1,False,1,2,2,True,True,PASS,
132,RYW,normal,netem delay 25ms 25ms,QUORUM,QUORUM,cassandra3,cassandra2,cassandra1,False,1,2,2,True,True,PASS,
133,RYW,normal,netem delay 25ms 25ms,QUORUM,QUORUM,cassandra1,cassandra2,cassandra2,True,1,2,2,True,True,PASS,
134,RYW,normal,netem delay 25ms 25ms,QUORUM,QUORUM,cassandra2,cassandra1,cassandra2,False,1,2,2,True,True,PASS,
135,RYW,normal,netem delay 25ms 25ms,QUORUM,QUORUM,cassandra3,cassandra2,cassandra1,False,1,2,2,True,True,PASS,
136,RYW,normal,netem delay 25ms 25ms,QUORUM,QUORUM,cassandra1,cassandra3,cassandra2,False,1,2,2,True,True,PASS,
137,RYW,normal,netem delay 25ms 25ms,QUORUM,QUORUM,cassandra3,cassandra3,cassandra2,False,1,2,2,True,True,PASS,
138,RYW,normal,netem delay 25ms 25ms,QUORUM,QUORUM,cassandra1,cassandra2,cassandra3,False,1,2,2,True,True,PASS,
139,RYW,normal,netem delay 25ms 25ms,QUORUM,QUORUM,cassandra1,cassandra1,cassandra2,False,1,2,2,True,True,PASS,
140,RYW,normal,netem delay 25ms 25ms,QUORUM,QUORUM,cassandra2,cassandra2,cassandra3,False,1,2,2,True,True,PASS,
141,RYW,normal,netem delay 25ms 25ms,QUORUM,QUORUM,cassandra2,cassandra1,cassandra1,True,1,2,2,True,True,PASS,
142,RYW,normal,netem delay 25ms 25ms,QUORUM,QUORUM,cassandra2,cassandra3,cassandra1,False,1,2,2,True,True,PASS,
143,RYW,normal,netem delay 25ms 25ms,QUORUM,QUORUM,cassandra3,cassandra3,cassandra2,False,1,2,2,True,True,PASS,
144,RYW,normal,netem delay 25ms 25ms,QUORUM,QUORUM,cassandra1,cassandra1,cassandra3,False,1,2,2,True,True,PASS,
145,RYW,normal,netem delay 25ms 25ms,QUORUM,QUORUM,cassandra3,cassandra2,cassandra2,True,1,2,2,True,True,PASS,
146,RYW,normal,netem delay 25ms 25ms,QUORUM,QUORUM,cassandra1,cassandra1,cassandra3,False,1,2,2,True,True,PASS,
147,RYW,normal,netem delay 25ms 25ms,QUORUM,QUORUM,cassandra1,cassandra3,cassandra3,True,1,2,2,True,True,PASS,
148,RYW,normal,netem delay 25ms 25ms,QUORUM,QUORUM,cassandra3,cassandra2,cassandra2,True,1,2,2,True,True,PASS,
149,RYW,normal,netem delay 25ms 25ms,QUORUM,QUORUM,cassandra3,cassandra1,cassandra1,True,1,2,2,True,True,PASS,
150,RYW,normal,netem delay 25ms 25ms,QUORUM,QUORUM,cassandra1,cassandra3,cassandra2,False,1,2,2,True,True,PASS,
151,RYW,normal,netem delay 25ms 25ms,QUORUM,QUORUM,cassandra1,cassandra2,cassandra3,False,1,2,2,True,True,PASS,
152,RYW,normal,netem delay 25ms 25ms,QUORUM,QUORUM,cassandra3,cassandra1,cassandra3,False,1,2,2,True,True,PASS,
153,RYW,normal,netem delay 25ms 25ms,QUORUM,QUORUM,cassandra1,cassandra3,cassandra3,True,1,2,2,True,True,PASS,
154,RYW,normal,netem delay 25ms 25ms,QUORUM,QUORUM,cassandra1,cassandra2,cassandra1,False,1,2,2,True,True,PASS,
155,RYW,normal,netem delay 25ms 25ms,QUORUM,QUORUM,cassandra3,cassandra2,cassandra3,False,1,2,2,True,True,PASS,
156,RYW,normal,netem delay 25ms 25ms,QUORUM,QUORUM,cassandra3,cassandra3,cassandra2,False,1,2,2,True,True,PASS,
157,RYW,normal,netem delay 25ms 25ms,QUORUM,QUORUM,cassandra1,cassandra1,cassandra2,False,1,2,2,True,True,PASS,
158,RYW,normal,netem delay 25ms 25ms,QUORUM,QUORUM,cassandra3,cassandra3,cassandra1,False,1,2,2,True,True,PASS,
159,RYW,normal,netem delay 25ms 25ms,QUORUM,QUORUM,cassandra1,cassandra3,cassandra1,False,1,2,2,True,True,PASS,
160,RYW,normal,netem delay 25ms 25ms,QUORUM,QUORUM,cassandra2,cassandra1,cassandra1,True,1,2,2,True,True,PASS,
161,RYW,normal,netem delay 25ms 25ms,QUORUM,QUORUM,cassandra2,cassandra1,cassandra1,True,1,2,2,True,True,PASS,
162,RYW,normal,netem delay 25ms 25ms,QUORUM,QUORUM,cassandra1,cassandra3,cassandra2,False,1,2,2,True,True,PASS,
163,RYW,normal,netem delay 25ms 25ms,QUORUM,QUORUM,cassandra3,cassandra2,cassandra3,False,1,2,2,True,True,PASS,
164,RYW,normal,netem delay 25ms 25ms,QUORUM,QUORUM,cassandra1,cassandra3,cassandra2,False,1,2,2,True,True,PASS,
165,RYW,normal,netem delay 25ms 25ms,QUORUM,QUORUM,cassandra1,cassandra2,cassandra3,False,1,2,2,True,True,PASS,
166,RYW,normal,netem delay 25ms 25ms,QUORUM,QUORUM,cassandra1,cassandra1,cassandra3,False,1,2,2,True,True,PASS,
167,RYW,normal,netem delay 25ms 25ms,QUORUM,QUORUM,cassandra3,cassandra3,cassandra1,False,1,2,2,True,True,PASS,
168,RYW,normal,netem delay 25ms 25ms,QUORUM,QUORUM,cassandra3,cassandra2,cassandra3,False,1,2,2,True,True,PASS,
169,RYW,normal,netem delay 25ms 25ms,QUORUM,QUORUM,cassandra2,cassandra1,cassandra2,False,1,2,2,True,True,PASS,
170,RYW,normal,netem delay 25ms 25ms,QUORUM,QUORUM,cassandra2,cassandra1,cassandra1,True,1,2,2,True,True,PASS,
171,RYW,normal,netem delay 25ms 25ms,QUORUM,QUORUM,cassandra2,cassandra1,cassandra2,False,1,2,2,True,True,PASS,
172,RYW,normal,netem delay 25ms 25ms,QUORUM,QUORUM,cassandra1,cassandra2,cassandra3,False,1,2,2,True,True,PASS,
173,RYW,normal,netem delay 25ms 25ms,QUORUM,QUORUM,cassandra3,cassandra1,cassandra1,True,1,2,2,True,True,PASS,
174,RYW,normal,netem delay 25ms 25ms,QUORUM,QUORUM,cassandra2,cassandra3,cassandra3,True,1,2,2,True,True,PASS,
175,RYW,normal,netem delay 25ms 25ms,QUORUM,QUORUM,cassandra1,cassandra3,cassandra2,False,1,2,2,True,True,PASS,
176,RYW,normal,netem delay 25ms 25ms,QUORUM,QUORUM,cassandra3,cassandra3,cassandra1,False,1,2,2,True,True,PASS,
177,RYW,normal,netem delay 25ms 25ms,QUORUM,QUORUM,cassandra2,cassandra1,cassandra3,False,1,2,2,True,True,PASS,
178,RYW,normal,netem delay 25ms 25ms,QUORUM,QUORUM,cassandra3,cassandra2,cassandra3,False,1,2,2,True,True,PASS,
179,RYW,normal,netem delay 25ms 25ms,QUORUM,QUORUM,cassandra2,cassandra2,cassandra2,True,1,2,2,True,True,PASS,
180,RYW,normal,netem delay 25ms 25ms,QUORUM,QUORUM,cassandra3,cassandra2,cassandra2,True,1,2,2,True,True,PASS,
181,RYW,normal,netem delay 25ms 25ms,QUORUM,QUORUM,cassandra2,cassandra3,cassandra2,False,1,2,2,True,True,PASS,
182,RYW,normal,netem delay 25ms 25ms,QUORUM,QUORUM,cassandra2,cassandra2,cassandra3,False,1,2,2,True,True,PASS,
183,RYW,normal,netem delay 25ms 25ms,QUORUM,QUORUM,cassandra1,cassandra1,cassandra2,False,1,2,2,True,True,PASS,
184,RYW,normal,netem delay 25ms 25ms,QUORUM,QUORUM,cassandra2,cassandra2,cassandra3,False,1,2,2,True,True,PASS,
185,RYW,normal,netem delay 25ms 25ms,QUORUM,QUORUM,cassandra3,cassandra1,cassandra2,False,1,2,2,True,True,PASS,
186,RYW,normal,netem delay 25ms 25ms,QUORUM,QUORUM,cassandra3,cassandra3,cassandra2,False,1,2,2,True,True,PASS,
187,RYW,normal,netem delay 25ms 25ms,QUORUM,QUORUM,cassandra1,cassandra3,cassandra1,False,1,2,2,True,True,PASS,
188,RYW,normal,netem delay 25ms 25ms,QUORUM,QUORUM,cassandra1,cassandra1,cassandra3,False,1,2,2,True,True,PASS,
189,RYW,normal,netem delay 25ms 25ms,QUORUM,QUORUM,cassandra3,cassandra3,cassandra1,False,1,2,2,True,True,PASS,
190,RYW,normal,netem delay 25ms 25ms,QUORUM,QUORUM,cassandra3,cassandra1,cassandra1,True,1,2,2,True,True,PASS,
191,RYW,normal,netem delay 25ms 25ms,QUORUM,QUORUM,cassandra1,cassandra3,cassandra3,True,1,2,2,True,True,PASS,
192,RYW,normal,netem delay 25ms 25ms,QUORUM,QUORUM,cassandra3,cassandra1,cassandra3,False,1,2,2,True,True,PASS,
193,RYW,normal,netem delay 25ms 25ms,QUORUM,QUORUM,cassandra3,cassandra1,cassandra1,True,1,2,2,True,True,PASS,
194,RYW,normal,netem delay 25ms 25ms,QUORUM,QUORUM,cassandra2,cassandra2,cassandra1,False,1,2,2,True,True,PASS,
195,RYW,normal,netem delay 25ms 25ms,QUORUM,QUORUM,cassandra3,cassandra1,cassandra1,True,1,2,2,True,True,PASS,
196,RYW,normal,netem delay 25ms 25ms,QUORUM,QUORUM,cassandra1,cassandra1,cassandra1,True,1,2,2,True,True,PASS,
197,RYW,normal,netem delay 25ms 25ms,QUORUM,QUORUM,cassandra3,cassandra3,cassandra3,True,1,2,2,True,True,PASS,
198,RYW,normal,netem delay 25ms 25ms,QUORUM,QUORUM,cassandra2,cassandra3,cassandra1,False,1,2,2,True,True,PASS,
199,RYW,normal,netem delay 25ms 25ms,QUORUM,QUORUM,cassandra2,cassandra2,cassandra3,False,1,2,2,True,True,PASS,
200,RYW,normal,netem delay 25ms 25ms,QUORUM,QUORUM,cassandra3,cassandra2,cassandra3,False,1,2,2,True,True,PASS,
1,RYW,normal,netem delay 25ms 25ms,QUORUM,ALL,cassandra2,cassandra3,cassandra2,False,1,2,2,True,True,PASS,
2,RYW,normal,netem delay 25ms 25ms,QUORUM,ALL,cassandra1,cassandra1,cassandra2,False,1,2,2,True,True,PASS,
3,RYW,normal,netem delay 25ms 25ms,QUORUM,ALL,cassandra3,cassandra3,cassandra1,False,1,2,2,True,True,PASS,
4,RYW,normal,netem delay 25ms 25ms,QUORUM,ALL,cassandra1,cassandra2,cassandra2,True,1,2,2,True,True,PASS,
5,RYW,normal,netem delay 25ms 25ms,QUORUM,ALL,cassandra1,cassandra2,cassandra1,False,1,2,2,True,True,PASS,
6,RYW,normal,netem delay 25ms 25ms,QUORUM,ALL,cassandra1,cassandra1,cassandra2,False,1,2,2,True,True,PASS,
7,RYW,normal,netem delay 25ms 25ms,QUORUM,ALL,cassandra2,cassandra3,cassandra3,True,1,2,2,True,True,PASS,
8,RYW,normal,netem delay 25ms 25ms,QUORUM,ALL,cassandra2,cassandra3,cassandra1,False,1,2,2,True,True,PASS,
9,RYW,normal,netem delay 25ms 25ms,QUORUM,ALL,cassandra1,cassandra1,cassandra2,False,1,2,2,True,True,PASS,
10,RYW,normal,netem delay 25ms 25ms,QUORUM,ALL,cassandra2,cassandra2,cassandra1,False,1,2,2,True,True,PASS,
11,RYW,normal,netem delay 25ms 25ms,QUORUM,ALL,cassandra1,cassandra3,cassandra3,True,1,2,2,True,True,PASS,
12,RYW,normal,netem delay 25ms 25ms,QUORUM,ALL,cassandra2,cassandra3,cassandra2,False,1,2,2,True,True,PASS,
13,RYW,normal,netem delay 25ms 25ms,QUORUM,ALL,cassandra2,cassandra2,cassandra3,False,1,2,2,True,True,PASS,
14,RYW,normal,netem delay 25ms 25ms,QUORUM,ALL,cassandra3,cassandra2,cassandra1,False,1,2,2,True,True,PASS,
15,RYW,normal,netem delay 25ms 25ms,QUORUM,ALL,cassandra3,cassandra1,cassandra3,False,1,2,2,True,True,PASS,
16,RYW,normal,netem delay 25ms 25ms,QUORUM,ALL,cassandra3,cassandra1,cassandra3,False,1,2,2,True,True,PASS,
17,RYW,normal,netem delay 25ms 25ms,QUORUM,ALL,cassandra3,cassandra1,cassandra2,False,1,2,2,True,True,PASS,
18,RYW,normal,netem delay 25ms 25ms,QUORUM,ALL,cassandra1,cassandra3,cassandra2,False,1,2,2,True,True,PASS,
19,RYW,normal,netem delay 25ms 25ms,QUORUM,ALL,cassandra1,cassandra3,cassandra1,False,1,2,2,True,True,PASS,
20,RYW,normal,netem delay 25ms 25ms,QUORUM,ALL,cassandra3,cassandra1,cassandra1,True,1,2,2,True,True,PASS,
21,RYW,normal,netem delay 25ms 25ms,QUORUM,ALL,cassandra1,cassandra1,cassandra1,True,1,2,2,True,True,PASS,
22,RYW,normal,netem delay 25ms 25ms,QUORUM,ALL,cassandra1,cassandra1,cassandra3,False,1,2,2,True,True,PASS,
23,RYW,normal,netem delay 25ms 25ms,QUORUM,ALL,cassandra2,cassandra2,cassandra2,True,1,2,2,True,True,PASS,
24,RYW,normal,netem delay 25ms 25ms,QUORUM,ALL,cassandra1,cassandra1,cassandra1,True,1,2,2,True,True,PASS,
25,RYW,normal,netem delay 25ms 25ms,QUORUM,ALL,cassandra3,cassandra1,cassandra3,False,1,2,2,True,True,PASS,
26,RYW,normal,netem delay 25ms 25ms,QUORUM,ALL,cassandra3,cassandra3,cassandra2,False,1,2,2,True,True,PASS,
27,RYW,normal,netem delay 25ms 25ms,QUORUM,ALL,cassandra3,cassandra2,cassandra2,True,1,2,2,True,True,PASS,
28,RYW,normal,netem delay 25ms 25ms,QUORUM,ALL,cassandra2,cassandra2,cassandra3,False,1,2,2,True,True,PASS,
29,RYW,normal,netem delay 25ms 25ms,QUORUM,ALL,cassandra3,cassandra3,cassandra2,False,1,2,2,True,True,PASS,
30,RYW,normal,netem delay 25ms 25ms,QUORUM,ALL,cassandra1,cassandra3,cassandra2,False,1,2,2,True,True,PASS,
31,RYW,normal,netem delay 25ms 25ms,QUORUM,ALL,cassandra3,cassandra3,cassandra1,False,1,2,2,True,True,PASS,
32,RYW,normal,netem delay 25ms 25ms,QUORUM,ALL,cassandra3,cassandra1,cassandra3,False,1,2,2,True,True,PASS,
33,RYW,normal,netem delay 25ms 25ms,QUORUM,ALL,cassandra1,cassandra2,cassandra2,True,1,2,2,True,True,PASS,
34,RYW,normal,netem delay 25ms 25ms,QUORUM,ALL,cassandra1,cassandra1,cassandra3,False,1,2,2,True,True,PASS,
35,RYW,normal,netem delay 25ms 25ms,QUORUM,ALL,cassandra2,cassandra3,cassandra2,False,1,2,2,True,True,PASS,
36,RYW,normal,netem delay 25ms 25ms,QUORUM,ALL,cassandra1,cassandra3,cassandra2,False,1,2,2,True,True,PASS,
37,RYW,normal,netem delay 25ms 25ms,QUORUM,ALL,cassandra1,cassandra3,cassandra2,False,1,2,2,True,True,PASS,
38,RYW,normal,netem delay 25ms 25ms,QUORUM,ALL,cassandra3,cassandra2,cassandra2,True,1,2,2,True,True,PASS,
39,RYW,normal,netem delay 25ms 25ms,QUORUM,ALL,cassandra2,cassandra2,cassandra2,True,1,2,2,True,True,PASS,
40,RYW,normal,netem delay 25ms 25ms,QUORUM,ALL,cassandra3,cassandra1,cassandra3,False,1,2,2,True,True,PASS,
41,RYW,normal,netem delay 25ms 25ms,QUORUM,ALL,cassandra2,cassandra1,cassandra3,False,1,2,2,True,True,PASS,
42,RYW,normal,netem delay 25ms 25ms,QUORUM,ALL,cassandra3,cassandra2,cassandra2,True,1,2,2,True,True,PASS,
43,RYW,normal,netem delay 25ms 25ms,QUORUM,ALL,cassandra1,cassandra2,cassandra2,True,1,2,2,True,True,PASS,
44,RYW,normal,netem delay 25ms 25ms,QUORUM,ALL,cassandra1,cassandra2,cassandra1,False,1,2,2,True,True,PASS,
45,RYW,normal,netem delay 25ms 25ms,QUORUM,ALL,cassandra1,cassandra3,cassandra1,False,1,2,2,True,True,PASS,
46,RYW,normal,netem delay 25ms 25ms,QUORUM,ALL,cassandra3,cassandra2,cassandra3,False,1,2,2,True,True,PASS,
47,RYW,normal,netem delay 25ms 25ms,QUORUM,ALL,cassandra3,cassandra2,cassandra1,False,1,2,2,True,True,PASS,
48,RYW,normal,netem delay 25ms 25ms,QUORUM,ALL,cassandra3,cassandra1,cassandra2,False,1,2,2,True,True,PASS,
49,RYW,normal,netem delay 25ms 25ms,QUORUM,ALL,cassandra3,cassandra3,cassandra1,False,1,2,2,True,True,PASS,
50,RYW,normal,netem delay 25ms 25ms,QUORUM,ALL,cassandra1,cassandra3,cassandra2,False,1,2,2,True,True,PASS,
51,RYW,normal,netem delay 25ms 25ms,QUORUM,ALL,cassandra1,cassandra3,cassandra3,True,1,2,2,True,True,PASS,
52,RYW,normal,netem delay 25ms 25ms,QUORUM,ALL,cassandra3,cassandra1,cassandra3,False,1,2,2,True,True,PASS,
53,RYW,normal,netem delay 25ms 25ms,QUORUM,ALL,cassandra2,cassandra3,cassandra1,False,1,2,2,True,True,PASS,
54,RYW,normal,netem delay 25ms 25ms,QUORUM,ALL,cassandra2,cassandra2,cassandra1,False,1,2,2,True,True,PASS,
55,RYW,normal,netem delay 25ms 25ms,QUORUM,ALL,cassandra3,cassandra3,cassandra3,True,1,2,2,True,True,PASS,
56,RYW,normal,netem delay 25ms 25ms,QUORUM,ALL,cassandra2,cassandra1,cassandra2,False,1,2,2,True,True,PASS,
57,RYW,normal,netem delay 25ms 25ms,QUORUM,ALL,cassandra3,cassandra3,cassandra1,False,1,2,2,True,True,PASS,
58,RYW,normal,netem delay 25ms 25ms,QUORUM,ALL,cassandra1,cassandra3,cassandra2,False,1,2,2,True,True,PASS,
59,RYW,normal,netem delay 25ms 25ms,QUORUM,ALL,cassandra1,cassandra3,cassandra2,False,1,2,2,True,True,PASS,
60,RYW,normal,netem delay 25ms 25ms,QUORUM,ALL,cassandra1,cassandra3,cassandra3,True,1,2,2,True,True,PASS,
61,RYW,normal,netem delay 25ms 25ms,QUORUM,ALL,cassandra1,cassandra2,cassandra3,False,1,2,2,True,True,PASS,
62,RYW,normal,netem delay 25ms 25ms,QUORUM,ALL,cassandra3,cassandra3,cassandra1,False,1,2,2,True,True,PASS,
63,RYW,normal,netem delay 25ms 25ms,QUORUM,ALL,cassandra2,cassandra3,cassandra1,False,1,2,2,True,True,PASS,
64,RYW,normal,netem delay 25ms 25ms,QUORUM,ALL,cassandra3,cassandra1,cassandra3,False,1,2,2,True,True,PASS,
65,RYW,normal,netem delay 25ms 25ms,QUORUM,ALL,cassandra3,cassandra2,cassandra3,False,1,2,2,True,True,PASS,
66,RYW,normal,netem delay 25ms 25ms,QUORUM,ALL,cassandra2,cassandra3,cassandra2,False,1,2,2,True,True,PASS,
67,RYW,normal,netem delay 25ms 25ms,QUORUM,ALL,cassandra1,cassandra2,cassandra3,False,1,2,2,True,True,PASS,
68,RYW,normal,netem delay 25ms 25ms,QUORUM,ALL,cassandra1,cassandra2,cassandra1,False,1,2,2,True,True,PASS,
69,RYW,normal,netem delay 25ms 25ms,QUORUM,ALL,cassandra2,cassandra3,cassandra2,False,1,2,2,True,True,PASS,
70,RYW,normal,netem delay 25ms 25ms,QUORUM,ALL,cassandra2,cassandra3,cassandra3,True,1,2,2,True,True,PASS,
71,RYW,normal,netem delay 25ms 25ms,QUORUM,ALL,cassandra3,cassandra1,cassandra3,False,1,2,2,True,True,PASS,
72,RYW,normal,netem delay 25ms 25ms,QUORUM,ALL,cassandra2,cassandra2,cassandra3,False,1,2,2,True,True,PASS,
73,RYW,normal,netem delay 25ms 25ms,QUORUM,ALL,cassandra2,cassandra1,cassandra2,False,1,2,2,True,True,PASS,
74,RYW,normal,netem delay 25ms 25ms,QUORUM,ALL,cassandra2,cassandra3,cassandra2,False,1,2,2,True,True,PASS,
75,RYW,normal,netem delay 25ms 25ms,QUORUM,ALL,cassandra1,cassandra2,cassandra2,True,1,2,2,True,True,PASS,
76,RYW,normal,netem delay 25ms 25ms,QUORUM,ALL,cassandra2,cassandra3,cassandra1,False,1,2,2,True,True,PASS,
77,RYW,normal,netem delay 25ms 25ms,QUORUM,ALL,cassandra3,cassandra3,cassandra1,False,1,2,2,True,True,PASS,
78,RYW,normal,netem delay 25ms 25ms,QUORUM,ALL,cassandra3,cassandra1,cassandra3,False,1,2,2,True,True,PASS,
79,RYW,normal,netem delay 25ms 25ms,QUORUM,ALL,cassandra1,cassandra2,cassandra2,True,1,2,2,True,True,PASS,
80,RYW,normal,netem delay 25ms 25ms,QUORUM,ALL,cassandra1,cassandra1,cassandra1,True,1,2,2,True,True,PASS,
81,RYW,normal,netem delay 25ms 25ms,QUORUM,ALL,cassandra3,cassandra2,cassandra2,True,1,2,2,True,True,PASS,
82,RYW,normal,netem delay 25ms 25ms,QUORUM,ALL,cassandra3,cassandra3,cassandra2,False,1,2,2,True,True,PASS,
83,RYW,normal,netem delay 25ms 25ms,QUORUM,ALL,cassandra1,cassandra2,cassandra3,False,1,2,2,True,True,PASS,
84,RYW,normal,netem delay 25ms 25ms,QUORUM,ALL,cassandra3,cassandra3,cassandra1,False,1,2,2,True,True,PASS,
85,RYW,normal,netem delay 25ms 25ms,QUORUM,ALL,cassandra1,cassandra2,cassandra3,False,1,2,2,True,True,PASS,
86,RYW,normal,netem delay 25ms 25ms,QUORUM,ALL,cassandra1,cassandra3,cassandra2,False,1,2,2,True,True,PASS,
87,RYW,normal,netem delay 25ms 25ms,QUORUM,ALL,cassandra3,cassandra2,cassandra3,False,1,2,2,True,True,PASS,
88,RYW,normal,netem delay 25ms 25ms,QUORUM,ALL,cassandra2,cassandra2,cassandra1,False,1,2,2,True,True,PASS,
89,RYW,normal,netem delay 25ms 25ms,QUORUM,ALL,cassandra3,cassandra1,cassandra1,True,1,2,2,True,True,PASS,
90,RYW,normal,netem delay 25ms 25ms,QUORUM,ALL,cassandra1,cassandra3,cassandra1,False,1,2,2,True,True,PASS,
91,RYW,normal,netem delay 25ms 25ms,QUORUM,ALL,cassandra3,cassandra1,cassandra3,False,1,2,2,True,True,PASS,
92,RYW,normal,netem delay 25ms 25ms,QUORUM,ALL,cassandra3,cassandra2,cassandra2,True,1,2,2,True,True,PASS,
93,RYW,normal,netem delay 25ms 25ms,QUORUM,ALL,cassandra3,cassandra3,cassandra3,True,1,2,2,True,True,PASS,
94,RYW,normal,netem delay 25ms 25ms,QUORUM,ALL,cassandra1,cassandra2,cassandra3,False,1,2,2,True,True,PASS,
95,RYW,normal,netem delay 25ms 25ms,QUORUM,ALL,cassandra3,cassandra2,cassandra2,True,1,2,2,True,True,PASS,
96,RYW,normal,netem delay 25ms 25ms,QUORUM,ALL,cassandra1,cassandra3,cassandra3,True,1,2,2,True,True,PASS,
97,RYW,normal,netem delay 25ms 25ms,QUORUM,ALL,cassandra2,cassandra1,cassandra2,False,1,2,2,True,True,PASS,
98,RYW,normal,netem delay 25ms 25ms,QUORUM,ALL,cassandra3,cassandra1,cassandra3,False,1,2,2,True,True,PASS,
99,RYW,normal,netem delay 25ms 25ms,QUORUM,ALL,cassandra2,cassandra3,cassandra3,True,1,2,2,True,True,PASS,
100,RYW,normal,netem delay 25ms 25ms,QUORUM,ALL,cassandra1,cassandra2,cassandra1,False,1,2,2,True,True,PASS,
101,RYW,normal,netem delay 25ms 25ms,QUORUM,ALL,cassandra3,cassandra3,cassandra1,False,1,2,2,True,True,PASS,
102,RYW,normal,netem delay 25ms 25ms,QUORUM,ALL,cassandra1,cassandra2,cassandra3,False,1,2,2,True,True,PASS,
103,RYW,normal,netem delay 25ms 25ms,QUORUM,ALL,cassandra1,cassandra2,cassandra2,True,1,2,2,True,True,PASS,
104,RYW,normal,netem delay 25ms 25ms,QUORUM,ALL,cassandra3,cassandra2,cassandra1,False,1,2,2,True,True,PASS,
105,RYW,normal,netem delay 25ms 25ms,QUORUM,ALL,cassandra2,cassandra3,cassandra1,False,1,2,2,True,True,PASS,
106,RYW,normal,netem delay 25ms 25ms,QUORUM,ALL,cassandra2,cassandra1,cassandra3,False,1,2,2,True,True,PASS,
107,RYW,normal,netem delay 25ms 25ms,QUORUM,ALL,cassandra3,cassandra2,cassandra3,False,1,2,2,True,True,PASS,
108,RYW,normal,netem delay 25ms 25ms,QUORUM,ALL,cassandra2,cassandra1,cassandra1,True,1,2,2,True,True,PASS,
109,RYW,normal,netem delay 25ms 25ms,QUORUM,ALL,cassandra2,cassandra1,cassandra2,False,1,2,2,True,True,PASS,
110,RYW,normal,netem delay 25ms 25ms,QUORUM,ALL,cassandra1,cassandra2,cassandra2,True,1,2,2,True,True,PASS,
111,RYW,normal,netem delay 25ms 25ms,QUORUM,ALL,cassandra3,cassandra2,cassandra1,False,1,2,2,True,True,PASS,
112,RYW,normal,netem delay 25ms 25ms,QUORUM,ALL,cassandra3,cassandra2,cassandra2,True,1,2,2,True,True,PASS,
113,RYW,normal,netem delay 25ms 25ms,QUORUM,ALL,cassandra1,cassandra3,cassandra3,True,1,2,2,True,True,PASS,
114,RYW,normal,netem delay 25ms 25ms,QUORUM,ALL,cassandra2,cassandra2,cassandra3,False,1,2,2,True,True,PASS,
115,RYW,normal,netem delay 25ms 25ms,QUORUM,ALL,cassandra1,cassandra3,cassandra2,False,1,2,2,True,True,PASS,
116,RYW,normal,netem delay 25ms 25ms,QUORUM,ALL,cassandra3,cassandra3,cassandra1,False,1,2,2,True,True,PASS,
117,RYW,normal,netem delay 25ms 25ms,QUORUM,ALL,cassandra3,cassandra1,cassandra2,False,1,2,2,True,True,PASS,
118,RYW,normal,netem delay 25ms 25ms,QUORUM,ALL,cassandra3,cassandra3,cassandra2,False,1,2,2,True,True,PASS,
119,RYW,normal,netem delay 25ms 25ms,QUORUM,ALL,cassandra2,cassandra2,cassandra3,False,1,2,2,True,True,PASS,
120,RYW,normal,netem delay 25ms 25ms,QUORUM,ALL,cassandra3,cassandra3,cassandra2,False,1,2,2,True,True,PASS,
121,RYW,normal,netem delay 25ms 25ms,QUORUM,ALL,cassandra2,cassandra1,cassandra1,True,1,2,2,True,True,PASS,
122,RYW,normal,netem delay 25ms 25ms,QUORUM,ALL,cassandra1,cassandra1,cassandra1,True,1,2,2,True,True,PASS,
123,RYW,normal,netem delay 25ms 25ms,QUORUM,ALL,cassandra3,cassandra3,cassandra1,False,1,2,2,True,True,PASS,
124,RYW,normal,netem delay 25ms 25ms,QUORUM,ALL,cassandra1,cassandra3,cassandra1,False,1,2,2,True,True,PASS,
125,RYW,normal,netem delay 25ms 25ms,QUORUM,ALL,cassandra2,cassandra3,cassandra1,False,1,2,2,True,True,PASS,
126,RYW,normal,netem delay 25ms 25ms,QUORUM,ALL,cassandra1,cassandra3,cassandra2,False,1,2,2,True,True,PASS,
127,RYW,normal,netem delay 25ms 25ms,QUORUM,ALL,cassandra1,cassandra2,cassandra1,False,1,2,2,True,True,PASS,
128,RYW,normal,netem delay 25ms 25ms,QUORUM,ALL,cassandra3,cassandra3,cassandra2,False,1,2,2,True,True,PASS,
129,RYW,normal,netem delay 25ms 25ms,QUORUM,ALL,cassandra1,cassandra1,cassandra3,False,1,2,2,True,True,PASS,
130,RYW,normal,netem delay 25ms 25ms,QUORUM,ALL,cassandra1,cassandra1,cassandra2,False,1,2,2,True,True,PASS,
131,RYW,normal,netem delay 25ms 25ms,QUORUM,ALL,cassandra3,cassandra1,cassandra2,False,1,2,2,True,True,PASS,
132,RYW,normal,netem delay 25ms 25ms,QUORUM,ALL,cassandra2,cassandra1,cassandra3,False,1,2,2,True,True,PASS,
133,RYW,normal,netem delay 25ms 25ms,QUORUM,ALL,cassandra3,cassandra1,cassandra1,True,1,2,2,True,True,PASS,
134,RYW,normal,netem delay 25ms 25ms,QUORUM,ALL,cassandra2,cassandra3,cassandra2,False,1,2,2,True,True,PASS,
135,RYW,normal,netem delay 25ms 25ms,QUORUM,ALL,cassandra2,cassandra1,cassandra2,False,1,2,2,True,True,PASS,
136,RYW,normal,netem delay 25ms 25ms,QUORUM,ALL,cassandra2,cassandra3,cassandra3,True,1,2,2,True,True,PASS,
137,RYW,normal,netem delay 25ms 25ms,QUORUM,ALL,cassandra1,cassandra1,cassandra2,False,1,2,2,True,True,PASS,
138,RYW,normal,netem delay 25ms 25ms,QUORUM,ALL,cassandra1,cassandra1,cassandra2,False,1,2,2,True,True,PASS,
139,RYW,normal,netem delay 25ms 25ms,QUORUM,ALL,cassandra1,cassandra3,cassandra1,False,1,2,2,True,True,PASS,
140,RYW,normal,netem delay 25ms 25ms,QUORUM,ALL,cassandra3,cassandra1,cassandra2,False,1,2,2,True,True,PASS,
141,RYW,normal,netem delay 25ms 25ms,QUORUM,ALL,cassandra3,cassandra1,cassandra3,False,1,2,2,True,True,PASS,
142,RYW,normal,netem delay 25ms 25ms,QUORUM,ALL,cassandra2,cassandra2,cassandra3,False,1,2,2,True,True,PASS,
143,RYW,normal,netem delay 25ms 25ms,QUORUM,ALL,cassandra2,cassandra3,cassandra2,False,1,2,2,True,True,PASS,
144,RYW,normal,netem delay 25ms 25ms,QUORUM,ALL,cassandra3,cassandra3,cassandra3,True,1,2,2,True,True,PASS,
145,RYW,normal,netem delay 25ms 25ms,QUORUM,ALL,cassandra2,cassandra1,cassandra3,False,1,2,2,True,True,PASS,
146,RYW,normal,netem delay 25ms 25ms,QUORUM,ALL,cassandra2,cassandra2,cassandra1,False,1,2,2,True,True,PASS,
147,RYW,normal,netem delay 25ms 25ms,QUORUM,ALL,cassandra2,cassandra2,cassandra2,True,1,2,2,True,True,PASS,
148,RYW,normal,netem delay 25ms 25ms,QUORUM,ALL,cassandra2,cassandra2,cassandra1,False,1,2,2,True,True,PASS,
149,RYW,normal,netem delay 25ms 25ms,QUORUM,ALL,cassandra3,cassandra3,cassandra2,False,1,2,2,True,True,PASS,
150,RYW,normal,netem delay 25ms 25ms,QUORUM,ALL,cassandra1,cassandra1,cassandra1,True,1,2,2,True,True,PASS,
151,RYW,normal,netem delay 25ms 25ms,QUORUM,ALL,cassandra1,cassandra1,cassandra1,True,1,2,2,True,True,PASS,
152,RYW,normal,netem delay 25ms 25ms,QUORUM,ALL,cassandra1,cassandra2,cassandra3,False,1,2,2,True,True,PASS,
153,RYW,normal,netem delay 25ms 25ms,QUORUM,ALL,cassandra2,cassandra1,cassandra2,False,1,2,2,True,True,PASS,
154,RYW,normal,netem delay 25ms 25ms,QUORUM,ALL,cassandra3,cassandra3,cassandra2,False,1,2,2,True,True,PASS,
155,RYW,normal,netem delay 25ms 25ms,QUORUM,ALL,cassandra2,cassandra1,cassandra1,True,1,2,2,True,True,PASS,
156,RYW,normal,netem delay 25ms 25ms,QUORUM,ALL,cassandra1,cassandra3,cassandra1,False,1,2,2,True,True,PASS,
157,RYW,normal,netem delay 25ms 25ms,QUORUM,ALL,cassandra2,cassandra2,cassandra1,False,1,2,2,True,True,PASS,
158,RYW,normal,netem delay 25ms 25ms,QUORUM,ALL,cassandra3,cassandra3,cassandra2,False,1,2,2,True,True,PASS,
159,RYW,normal,netem delay 25ms 25ms,QUORUM,ALL,cassandra3,cassandra2,cassandra1,False,1,2,2,True,True,PASS,
160,RYW,normal,netem delay 25ms 25ms,QUORUM,ALL,cassandra3,cassandra2,cassandra2,True,1,2,2,True,True,PASS,
161,RYW,normal,netem delay 25ms 25ms,QUORUM,ALL,cassandra2,cassandra1,cassandra2,False,1,2,2,True,True,PASS,
162,RYW,normal,netem delay 25ms 25ms,QUORUM,ALL,cassandra2,cassandra2,cassandra1,False,1,2,2,True,True,PASS,
163,RYW,normal,netem delay 25ms 25ms,QUORUM,ALL,cassandra1,cassandra1,cassandra3,False,1,2,2,True,True,PASS,
164,RYW,normal,netem delay 25ms 25ms,QUORUM,ALL,cassandra2,cassandra3,cassandra2,False,1,2,2,True,True,PASS,
165,RYW,normal,netem delay 25ms 25ms,QUORUM,ALL,cassandra2,cassandra3,cassandra3,True,1,2,2,True,True,PASS,
166,RYW,normal,netem delay 25ms 25ms,QUORUM,ALL,cassandra1,cassandra1,cassandra1,True,1,2,2,True,True,PASS,
167,RYW,normal,netem delay 25ms 25ms,QUORUM,ALL,cassandra2,cassandra1,cassandra2,False,1,2,2,True,True,PASS,
168,RYW,normal,netem delay 25ms 25ms,QUORUM,ALL,cassandra2,cassandra2,cassandra2,True,1,2,2,True,True,PASS,
169,RYW,normal,netem delay 25ms 25ms,QUORUM,ALL,cassandra1,cassandra3,cassandra1,False,1,2,2,True,True,PASS,
170,RYW,normal,netem delay 25ms 25ms,QUORUM,ALL,cassandra2,cassandra1,cassandra1,True,1,2,2,True,True,PASS,
171,RYW,normal,netem delay 25ms 25ms,QUORUM,ALL,cassandra3,cassandra3,cassandra1,False,1,2,2,True,True,PASS,
172,RYW,normal,netem delay 25ms 25ms,QUORUM,ALL,cassandra3,cassandra3,cassandra3,True,1,2,2,True,True,PASS,
173,RYW,normal,netem delay 25ms 25ms,QUORUM,ALL,cassandra3,cassandra1,cassandra1,True,1,2,2,True,True,PASS,
174,RYW,normal,netem delay 25ms 25ms,QUORUM,ALL,cassandra1,cassandra3,cassandra1,False,1,2,2,True,True,PASS,
175,RYW,normal,netem delay 25ms 25ms,QUORUM,ALL,cassandra1,cassandra1,cassandra1,True,1,2,2,True,True,PASS,
176,RYW,normal,netem delay 25ms 25ms,QUORUM,ALL,cassandra1,cassandra3,cassandra3,True,1,2,2,True,True,PASS,
177,RYW,normal,netem delay 25ms 25ms,QUORUM,ALL,cassandra1,cassandra2,cassandra1,False,1,2,2,True,True,PASS,
178,RYW,normal,netem delay 25ms 25ms,QUORUM,ALL,cassandra2,cassandra3,cassandra2,False,1,2,2,True,True,PASS,
179,RYW,normal,netem delay 25ms 25ms,QUORUM,ALL,cassandra1,cassandra1,cassandra3,False,1,2,2,True,True,PASS,
180,RYW,normal,netem delay 25ms 25ms,QUORUM,ALL,cassandra2,cassandra1,cassandra1,True,1,2,2,True,True,PASS,
181,RYW,normal,netem delay 25ms 25ms,QUORUM,ALL,cassandra1,cassandra1,cassandra1,True,1,2,2,True,True,PASS,
182,RYW,normal,netem delay 25ms 25ms,QUORUM,ALL,cassandra1,cassandra2,cassandra1,False,1,2,2,True,True,PASS,
183,RYW,normal,netem delay 25ms 25ms,QUORUM,ALL,cassandra2,cassandra3,cassandra2,False,1,2,2,True,True,PASS,
184,RYW,normal,netem delay 25ms 25ms,QUORUM,ALL,cassandra2,cassandra2,cassandra3,False,1,2,2,True,True,PASS,
185,RYW,normal,netem delay 25ms 25ms,QUORUM,ALL,cassandra3,cassandra3,cassandra1,False,1,2,2,True,True,PASS,
186,RYW,normal,netem delay 25ms 25ms,QUORUM,ALL,cassandra2,cassandra3,cassandra1,False,1,2,2,True,True,PASS,
187,RYW,normal,netem delay 25ms 25ms,QUORUM,ALL,cassandra2,cassandra1,cassandra3,False,1,2,2,True,True,PASS,
188,RYW,normal,netem delay 25ms 25ms,QUORUM,ALL,cassandra3,cassandra3,cassandra2,False,1,2,2,True,True,PASS,
189,RYW,normal,netem delay 25ms 25ms,QUORUM,ALL,cassandra2,cassandra2,cassandra2,True,1,2,2,True,True,PASS,
190,RYW,normal,netem delay 25ms 25ms,QUORUM,ALL,cassandra3,cassandra1,cassandra1,True,1,2,2,True,True,PASS,
191,RYW,normal,netem delay 25ms 25ms,QUORUM,ALL,cassandra3,cassandra3,cassandra3,True,1,2,2,True,True,PASS,
192,RYW,normal,netem delay 25ms 25ms,QUORUM,ALL,cassandra1,cassandra2,cassandra3,False,1,2,2,True,True,PASS,
193,RYW,normal,netem delay 25ms 25ms,QUORUM,ALL,cassandra2,cassandra1,cassandra2,False,1,2,2,True,True,PASS,
194,RYW,normal,netem delay 25ms 25ms,QUORUM,ALL,cassandra2,cassandra2,cassandra2,True,1,2,2,True,True,PASS,
195,RYW,normal,netem delay 25ms 25ms,QUORUM,ALL,cassandra1,cassandra1,cassandra3,False,1,2,2,True,True,PASS,
196,RYW,normal,netem delay 25ms 25ms,QUORUM,ALL,cassandra1,cassandra1,cassandra2,False,1,2,2,True,True,PASS,
197,RYW,normal,netem delay 25ms 25ms,QUORUM,ALL,cassandra2,cassandra1,cassandra3,False,1,2,2,True,True,PASS,
198,RYW,normal,netem delay 25ms 25ms,QUORUM,ALL,cassandra2,cassandra2,cassandra2,True,1,2,2,True,True,PASS,
199,RYW,normal,netem delay 25ms 25ms,QUORUM,ALL,cassandra2,cassandra3,cassandra2,False,1,2,2,True,True,PASS,
200,RYW,normal,netem delay 25ms 25ms,QUORUM,ALL,cassandra1,cassandra2,cassandra2,True,1,2,2,True,True,PASS,
1,RYW,normal,netem delay 25ms 25ms,ALL,ONE,cassandra1,cassandra2,cassandra1,False,1,2,2,True,True,PASS,
2,RYW,normal,netem delay 25ms 25ms,ALL,ONE,cassandra2,cassandra1,cassandra2,False,1,2,2,True,True,PASS,
3,RYW,normal,netem delay 25ms 25ms,ALL,ONE,cassandra3,cassandra2,cassandra3,False,1,2,2,True,True,PASS,
4,RYW,normal,netem delay 25ms 25ms,ALL,ONE,cassandra3,cassandra3,cassandra2,False,1,2,2,True,True,PASS,
5,RYW,normal,netem delay 25ms 25ms,ALL,ONE,cassandra3,cassandra2,cassandra1,False,1,2,2,True,True,PASS,
6,RYW,normal,netem delay 25ms 25ms,ALL,ONE,cassandra3,cassandra3,cassandra1,False,1,2,2,True,True,PASS,
7,RYW,normal,netem delay 25ms 25ms,ALL,ONE,cassandra3,cassandra3,cassandra2,False,1,2,2,True,True,PASS,
8,RYW,normal,netem delay 25ms 25ms,ALL,ONE,cassandra3,cassandra3,cassandra2,False,1,2,2,True,True,PASS,
9,RYW,normal,netem delay 25ms 25ms,ALL,ONE,cassandra3,cassandra2,cassandra1,False,1,2,2,True,True,PASS,
10,RYW,normal,netem delay 25ms 25ms,ALL,ONE,cassandra2,cassandra1,cassandra3,False,1,2,2,True,True,PASS,
11,RYW,normal,netem delay 25ms 25ms,ALL,ONE,cassandra3,cassandra2,cassandra1,False,1,2,2,True,True,PASS,
12,RYW,normal,netem delay 25ms 25ms,ALL,ONE,cassandra3,cassandra3,cassandra3,True,1,2,2,True,True,PASS,
13,RYW,normal,netem delay 25ms 25ms,ALL,ONE,cassandra1,cassandra3,cassandra1,False,1,2,2,True,True,PASS,
14,RYW,normal,netem delay 25ms 25ms,ALL,ONE,cassandra2,cassandra3,cassandra2,False,1,2,2,True,True,PASS,
15,RYW,normal,netem delay 25ms 25ms,ALL,ONE,cassandra2,cassandra2,cassandra1,False,1,2,2,True,True,PASS,
16,RYW,normal,netem delay 25ms 25ms,ALL,ONE,cassandra3,cassandra2,cassandra2,True,1,2,2,True,True,PASS,
17,RYW,normal,netem delay 25ms 25ms,ALL,ONE,cassandra2,cassandra1,cassandra1,True,1,2,2,True,True,PASS,
18,RYW,normal,netem delay 25ms 25ms,ALL,ONE,cassandra2,cassandra2,cassandra3,False,1,2,2,True,True,PASS,
19,RYW,normal,netem delay 25ms 25ms,ALL,ONE,cassandra3,cassandra3,cassandra1,False,1,2,2,True,True,PASS,
20,RYW,normal,netem delay 25ms 25ms,ALL,ONE,cassandra3,cassandra3,cassandra1,False,1,2,2,True,True,PASS,
21,RYW,normal,netem delay 25ms 25ms,ALL,ONE,cassandra3,cassandra1,cassandra2,False,1,2,2,True,True,PASS,
22,RYW,normal,netem delay 25ms 25ms,ALL,ONE,cassandra1,cassandra3,cassandra1,False,1,2,2,True,True,PASS,
23,RYW,normal,netem delay 25ms 25ms,ALL,ONE,cassandra1,cassandra1,cassandra1,True,1,2,2,True,True,PASS,
24,RYW,normal,netem delay 25ms 25ms,ALL,ONE,cassandra3,cassandra3,cassandra3,True,1,2,2,True,True,PASS,
25,RYW,normal,netem delay 25ms 25ms,ALL,ONE,cassandra1,cassandra2,cassandra3,False,1,2,2,True,True,PASS,
26,RYW,normal,netem delay 25ms 25ms,ALL,ONE,cassandra1,cassandra1,cassandra2,False,1,2,2,True,True,PASS,
27,RYW,normal,netem delay 25ms 25ms,ALL,ONE,cassandra2,cassandra2,cassandra1,False,1,2,2,True,True,PASS,
28,RYW,normal,netem delay 25ms 25ms,ALL,ONE,cassandra2,cassandra3,cassandra2,False,1,2,2,True,True,PASS,
29,RYW,normal,netem delay 25ms 25ms,ALL,ONE,cassandra2,cassandra1,cassandra2,False,1,2,2,True,True,PASS,
30,RYW,normal,netem delay 25ms 25ms,ALL,ONE,cassandra2,cassandra1,cassandra1,True,1,2,2,True,True,PASS,
31,RYW,normal,netem delay 25ms 25ms,ALL,ONE,cassandra2,cassandra2,cassandra3,False,1,2,2,True,True,PASS,
32,RYW,normal,netem delay 25ms 25ms,ALL,ONE,cassandra1,cassandra1,cassandra1,True,1,2,2,True,True,PASS,
33,RYW,normal,netem delay 25ms 25ms,ALL,ONE,cassandra3,cassandra1,cassandra3,False,1,2,2,True,True,PASS,
34,RYW,normal,netem delay 25ms 25ms,ALL,ONE,cassandra1,cassandra3,cassandra3,True,1,2,2,True,True,PASS,
35,RYW,normal,netem delay 25ms 25ms,ALL,ONE,cassandra3,cassandra1,cassandra3,False,1,2,2,True,True,PASS,
36,RYW,normal,netem delay 25ms 25ms,ALL,ONE,cassandra1,cassandra1,cassandra2,False,1,2,2,True,True,PASS,
37,RYW,normal,netem delay 25ms 25ms,ALL,ONE,cassandra1,cassandra1,cassandra1,True,1,2,2,True,True,PASS,
38,RYW,normal,netem delay 25ms 25ms,ALL,ONE,cassandra2,cassandra3,cassandra1,False,1,2,2,True,True,PASS,
39,RYW,normal,netem delay 25ms 25ms,ALL,ONE,cassandra1,cassandra3,cassandra2,False,1,2,2,True,True,PASS,
40,RYW,normal,netem delay 25ms 25ms,ALL,ONE,cassandra2,cassandra1,cassandra1,True,1,2,2,True,True,PASS,
41,RYW,normal,netem delay 25ms 25ms,ALL,ONE,cassandra2,cassandra3,cassandra2,False,1,2,2,True,True,PASS,
42,RYW,normal,netem delay 25ms 25ms,ALL,ONE,cassandra3,cassandra3,cassandra2,False,1,2,2,True,True,PASS,
43,RYW,normal,netem delay 25ms 25ms,ALL,ONE,cassandra2,cassandra1,cassandra2,False,1,2,2,True,True,PASS,
44,RYW,normal,netem delay 25ms 25ms,ALL,ONE,cassandra2,cassandra1,cassandra2,False,1,2,2,True,True,PASS,
45,RYW,normal,netem delay 25ms 25ms,ALL,ONE,cassandra3,cassandra1,cassandra1,True,1,2,2,True,True,PASS,
46,RYW,normal,netem delay 25ms 25ms,ALL,ONE,cassandra2,cassandra2,cassandra3,False,1,2,2,True,True,PASS,
47,RYW,normal,netem delay 25ms 25ms,ALL,ONE,cassandra3,cassandra1,cassandra3,False,1,2,2,True,True,PASS,
48,RYW,normal,netem delay 25ms 25ms,ALL,ONE,cassandra1,cassandra2,cassandra3,False,1,2,2,True,True,PASS,
49,RYW,normal,netem delay 25ms 25ms,ALL,ONE,cassandra1,cassandra2,cassandra2,True,1,2,2,True,True,PASS,
50,RYW,normal,netem delay 25ms 25ms,ALL,ONE,cassandra2,cassandra1,cassandra2,False,1,2,2,True,True,PASS,
51,RYW,normal,netem delay 25ms 25ms,ALL,ONE,cassandra2,cassandra1,cassandra1,True,1,2,2,True,True,PASS,
52,RYW,normal,netem delay 25ms 25ms,ALL,ONE,cassandra2,cassandra1,cassandra1,True,1,2,2,True,True,PASS,
53,RYW,normal,netem delay 25ms 25ms,ALL,ONE,cassandra1,cassandra2,cassandra1,False,1,2,2,True,True,PASS,
54,RYW,normal,netem delay 25ms 25ms,ALL,ONE,cassandra3,cassandra2,cassandra2,True,1,2,2,True,True,PASS,
55,RYW,normal,netem delay 25ms 25ms,ALL,ONE,cassandra1,cassandra2,cassandra3,False,1,2,2,True,True,PASS,
56,RYW,normal,netem delay 25ms 25ms,ALL,ONE,cassandra1,cassandra1,cassandra3,False,1,2,2,True,True,PASS,
57,RYW,normal,netem delay 25ms 25ms,ALL,ONE,cassandra2,cassandra3,cassandra3,True,1,2,2,True,True,PASS,
58,RYW,normal,netem delay 25ms 25ms,ALL,ONE,cassandra1,cassandra3,cassandra3,True,1,2,2,True,True,PASS,
59,RYW,normal,netem delay 25ms 25ms,ALL,ONE,cassandra1,cassandra3,cassandra2,False,1,2,2,True,True,PASS,
60,RYW,normal,netem delay 25ms 25ms,ALL,ONE,cassandra2,cassandra1,cassandra2,False,1,2,2,True,True,PASS,
61,RYW,normal,netem delay 25ms 25ms,ALL,ONE,cassandra3,cassandra2,cassandra3,False,1,2,2,True,True,PASS,
62,RYW,normal,netem delay 25ms 25ms,ALL,ONE,cassandra2,cassandra3,cassandra2,False,1,2,2,True,True,PASS,
63,RYW,normal,netem delay 25ms 25ms,ALL,ONE,cassandra3,cassandra1,cassandra2,False,1,2,2,True,True,PASS,
64,RYW,normal,netem delay 25ms 25ms,ALL,ONE,cassandra1,cassandra3,cassandra3,True,1,2,2,True,True,PASS,
65,RYW,normal,netem delay 25ms 25ms,ALL,ONE,cassandra2,cassandra3,cassandra2,False,1,2,2,True,True,PASS,
66,RYW,normal,netem delay 25ms 25ms,ALL,ONE,cassandra2,cassandra3,cassandra3,True,1,2,2,True,True,PASS,
67,RYW,normal,netem delay 25ms 25ms,ALL,ONE,cassandra1,cassandra3,cassandra2,False,1,2,2,True,True,PASS,
68,RYW,normal,netem delay 25ms 25ms,ALL,ONE,cassandra1,cassandra2,cassandra3,False,1,2,2,True,True,PASS,
69,RYW,normal,netem delay 25ms 25ms,ALL,ONE,cassandra2,cassandra1,cassandra2,False,1,2,2,True,True,PASS,
70,RYW,normal,netem delay 25ms 25ms,ALL,ONE,cassandra3,cassandra3,cassandra3,True,1,2,2,True,True,PASS,
71,RYW,normal,netem delay 25ms 25ms,ALL,ONE,cassandra2,cassandra3,cassandra3,True,1,2,2,True,True,PASS,
72,RYW,normal,netem delay 25ms 25ms,ALL,ONE,cassandra2,cassandra1,cassandra1,True,1,2,2,True,True,PASS,
73,RYW,normal,netem delay 25ms 25ms,ALL,ONE,cassandra3,cassandra2,cassandra3,False,1,2,2,True,True,PASS,
74,RYW,normal,netem delay 25ms 25ms,ALL,ONE,cassandra1,cassandra1,cassandra3,False,1,2,2,True,True,PASS,
75,RYW,normal,netem delay 25ms 25ms,ALL,ONE,cassandra3,cassandra2,cassandra1,False,1,2,2,True,True,PASS,
76,RYW,normal,netem delay 25ms 25ms,ALL,ONE,cassandra1,cassandra2,cassandra2,True,1,2,2,True,True,PASS,
77,RYW,normal,netem delay 25ms 25ms,ALL,ONE,cassandra1,cassandra3,cassandra1,False,1,2,2,True,True,PASS,
78,RYW,normal,netem delay 25ms 25ms,ALL,ONE,cassandra2,cassandra2,cassandra1,False,1,2,2,True,True,PASS,
79,RYW,normal,netem delay 25ms 25ms,ALL,ONE,cassandra1,cassandra3,cassandra1,False,1,2,2,True,True,PASS,
80,RYW,normal,netem delay 25ms 25ms,ALL,ONE,cassandra2,cassandra1,cassandra3,False,1,2,2,True,True,PASS,
81,RYW,normal,netem delay 25ms 25ms,ALL,ONE,cassandra1,cassandra2,cassandra3,False,1,2,2,True,True,PASS,
82,RYW,normal,netem delay 25ms 25ms,ALL,ONE,cassandra2,cassandra1,cassandra3,False,1,2,2,True,True,PASS,
83,RYW,normal,netem delay 25ms 25ms,ALL,ONE,cassandra1,cassandra3,cassandra1,False,1,2,2,True,True,PASS,
84,RYW,normal,netem delay 25ms 25ms,ALL,ONE,cassandra3,cassandra3,cassandra3,True,1,2,2,True,True,PASS,
85,RYW,normal,netem delay 25ms 25ms,ALL,ONE,cassandra3,cassandra3,cassandra1,False,1,2,2,True,True,PASS,
86,RYW,normal,netem delay 25ms 25ms,ALL,ONE,cassandra2,cassandra2,cassandra2,True,1,2,2,True,True,PASS,
87,RYW,normal,netem delay 25ms 25ms,ALL,ONE,cassandra1,cassandra1,cassandra2,False,1,2,2,True,True,PASS,
88,RYW,normal,netem delay 25ms 25ms,ALL,ONE,cassandra3,cassandra2,cassandra2,True,1,2,2,True,True,PASS,
89,RYW,normal,netem delay 25ms 25ms,ALL,ONE,cassandra3,cassandra2,cassandra3,False,1,2,2,True,True,PASS,
90,RYW,normal,netem delay 25ms 25ms,ALL,ONE,cassandra1,cassandra3,cassandra1,False,1,2,2,True,True,PASS,
91,RYW,normal,netem delay 25ms 25ms,ALL,ONE,cassandra1,cassandra2,cassandra2,True,1,2,2,True,True,PASS,
92,RYW,normal,netem delay 25ms 25ms,ALL,ONE,cassandra2,cassandra1,cassandra1,True,1,2,2,True,True,PASS,
93,RYW,normal,netem delay 25ms 25ms,ALL,ONE,cassandra2,cassandra2,cassandra3,False,1,2,2,True,True,PASS,
94,RYW,normal,netem delay 25ms 25ms,ALL,ONE,cassandra2,cassandra3,cassandra3,True,1,2,2,True,True,PASS,
95,RYW,normal,netem delay 25ms 25ms,ALL,ONE,cassandra2,cassandra3,cassandra1,False,1,2,2,True,True,PASS,
96,RYW,normal,netem delay 25ms 25ms,ALL,ONE,cassandra2,cassandra3,cassandra2,False,1,2,2,True,True,PASS,
97,RYW,normal,netem delay 25ms 25ms,ALL,ONE,cassandra1,cassandra3,cassandra2,False,1,2,2,True,True,PASS,
98,RYW,normal,netem delay 25ms 25ms,ALL,ONE,cassandra3,cassandra3,cassandra1,False,1,2,2,True,True,PASS,
99,RYW,normal,netem delay 25ms 25ms,ALL,ONE,cassandra1,cassandra1,cassandra2,False,1,2,2,True,True,PASS,
100,RYW,normal,netem delay 25ms 25ms,ALL,ONE,cassandra1,cassandra2,cassandra2,True,1,2,2,True,True,PASS,
101,RYW,normal,netem delay 25ms 25ms,ALL,ONE,cassandra3,cassandra3,cassandra2,False,1,2,2,True,True,PASS,
102,RYW,normal,netem delay 25ms 25ms,ALL,ONE,cassandra3,cassandra3,cassandra3,True,1,2,2,True,True,PASS,
103,RYW,normal,netem delay 25ms 25ms,ALL,ONE,cassandra3,cassandra2,cassandra3,False,1,2,2,True,True,PASS,
104,RYW,normal,netem delay 25ms 25ms,ALL,ONE,cassandra1,cassandra3,cassandra2,False,1,2,2,True,True,PASS,
105,RYW,normal,netem delay 25ms 25ms,ALL,ONE,cassandra1,cassandra2,cassandra2,True,1,2,2,True,True,PASS,
106,RYW,normal,netem delay 25ms 25ms,ALL,ONE,cassandra2,cassandra3,cassandra1,False,1,2,2,True,True,PASS,
107,RYW,normal,netem delay 25ms 25ms,ALL,ONE,cassandra2,cassandra3,cassandra2,False,1,2,2,True,True,PASS,
108,RYW,normal,netem delay 25ms 25ms,ALL,ONE,cassandra1,cassandra2,cassandra3,False,1,2,2,True,True,PASS,
109,RYW,normal,netem delay 25ms 25ms,ALL,ONE,cassandra1,cassandra1,cassandra1,True,1,2,2,True,True,PASS,
110,RYW,normal,netem delay 25ms 25ms,ALL,ONE,cassandra2,cassandra1,cassandra1,True,1,2,2,True,True,PASS,
111,RYW,normal,netem delay 25ms 25ms,ALL,ONE,cassandra3,cassandra1,cassandra2,False,1,2,2,True,True,PASS,
112,RYW,normal,netem delay 25ms 25ms,ALL,ONE,cassandra2,cassandra3,cassandra1,False,1,2,2,True,True,PASS,
113,RYW,normal,netem delay 25ms 25ms,ALL,ONE,cassandra3,cassandra1,cassandra3,False,1,2,2,True,True,PASS,
114,RYW,normal,netem delay 25ms 25ms,ALL,ONE,cassandra3,cassandra2,cassandra1,False,1,2,2,True,True,PASS,
115,RYW,normal,netem delay 25ms 25ms,ALL,ONE,cassandra1,cassandra1,cassandra3,False,1,2,2,True,True,PASS,
116,RYW,normal,netem delay 25ms 25ms,ALL,ONE,cassandra2,cassandra2,cassandra2,True,1,2,2,True,True,PASS,
117,RYW,normal,netem delay 25ms 25ms,ALL,ONE,cassandra1,cassandra2,cassandra2,True,1,2,2,True,True,PASS,
118,RYW,normal,netem delay 25ms 25ms,ALL,ONE,cassandra2,cassandra2,cassandra1,False,1,2,2,True,True,PASS,
119,RYW,normal,netem delay 25ms 25ms,ALL,ONE,cassandra3,cassandra3,cassandra3,True,1,2,2,True,True,PASS,
120,RYW,normal,netem delay 25ms 25ms,ALL,ONE,cassandra3,cassandra1,cassandra2,False,1,2,2,True,True,PASS,
121,RYW,normal,netem delay 25ms 25ms,ALL,ONE,cassandra1,cassandra1,cassandra3,False,1,2,2,True,True,PASS,
122,RYW,normal,netem delay 25ms 25ms,ALL,ONE,cassandra3,cassandra3,cassandra1,False,1,2,2,True,True,PASS,
123,RYW,normal,netem delay 25ms 25ms,ALL,ONE,cassandra1,cassandra1,cassandra2,False,1,2,2,True,True,PASS,
124,RYW,normal,netem delay 25ms 25ms,ALL,ONE,cassandra2,cassandra1,cassandra2,False,1,2,2,True,True,PASS,
125,RYW,normal,netem delay 25ms 25ms,ALL,ONE,cassandra1,cassandra1,cassandra3,False,1,2,2,True,True,PASS,
126,RYW,normal,netem delay 25ms 25ms,ALL,ONE,cassandra2,cassandra3,cassandra3,True,1,2,2,True,True,PASS,
127,RYW,normal,netem delay 25ms 25ms,ALL,ONE,cassandra1,cassandra2,cassandra2,True,1,2,2,True,True,PASS,
128,RYW,normal,netem delay 25ms 25ms,ALL,ONE,cassandra2,cassandra1,cassandra3,False,1,2,2,True,True,PASS,
129,RYW,normal,netem delay 25ms 25ms,ALL,ONE,cassandra3,cassandra1,cassandra1,True,1,2,2,True,True,PASS,
130,RYW,normal,netem delay 25ms 25ms,ALL,ONE,cassandra1,cassandra1,cassandra2,False,1,2,2,True,True,PASS,
131,RYW,normal,netem delay 25ms 25ms,ALL,ONE,cassandra1,cassandra3,cassandra2,False,1,2,2,True,True,PASS,
132,RYW,normal,netem delay 25ms 25ms,ALL,ONE,cassandra1,cassandra3,cassandra3,True,1,2,2,True,True,PASS,
133,RYW,normal,netem delay 25ms 25ms,ALL,ONE,cassandra1,cassandra3,cassandra3,True,1,2,2,True,True,PASS,
134,RYW,normal,netem delay 25ms 25ms,ALL,ONE,cassandra2,cassandra2,cassandra3,False,1,2,2,True,True,PASS,
135,RYW,normal,netem delay 25ms 25ms,ALL,ONE,cassandra1,cassandra3,cassandra3,True,1,2,2,True,True,PASS,
136,RYW,normal,netem delay 25ms 25ms,ALL,ONE,cassandra1,cassandra2,cassandra1,False,1,2,2,True,True,PASS,
137,RYW,normal,netem delay 25ms 25ms,ALL,ONE,cassandra2,cassandra1,cassandra3,False,1,2,2,True,True,PASS,
138,RYW,normal,netem delay 25ms 25ms,ALL,ONE,cassandra1,cassandra1,cassandra3,False,1,2,2,True,True,PASS,
139,RYW,normal,netem delay 25ms 25ms,ALL,ONE,cassandra3,cassandra3,cassandra2,False,1,2,2,True,True,PASS,
140,RYW,normal,netem delay 25ms 25ms,ALL,ONE,cassandra2,cassandra3,cassandra2,False,1,2,2,True,True,PASS,
141,RYW,normal,netem delay 25ms 25ms,ALL,ONE,cassandra1,cassandra1,cassandra3,False,1,2,2,True,True,PASS,
142,RYW,normal,netem delay 25ms 25ms,ALL,ONE,cassandra2,cassandra2,cassandra1,False,1,2,2,True,True,PASS,
143,RYW,normal,netem delay 25ms 25ms,ALL,ONE,cassandra2,cassandra2,cassandra1,False,1,2,2,True,True,PASS,
144,RYW,normal,netem delay 25ms 25ms,ALL,ONE,cassandra2,cassandra3,cassandra1,False,1,2,2,True,True,PASS,
145,RYW,normal,netem delay 25ms 25ms,ALL,ONE,cassandra3,cassandra3,cassandra2,False,1,2,2,True,True,PASS,
146,RYW,normal,netem delay 25ms 25ms,ALL,ONE,cassandra2,cassandra3,cassandra2,False,1,2,2,True,True,PASS,
147,RYW,normal,netem delay 25ms 25ms,ALL,ONE,cassandra2,cassandra2,cassandra2,True,1,2,2,True,True,PASS,
148,RYW,normal,netem delay 25ms 25ms,ALL,ONE,cassandra2,cassandra1,cassandra1,True,1,2,2,True,True,PASS,
149,RYW,normal,netem delay 25ms 25ms,ALL,ONE,cassandra1,cassandra2,cassandra1,False,1,2,2,True,True,PASS,
150,RYW,normal,netem delay 25ms 25ms,ALL,ONE,cassandra3,cassandra2,cassandra1,False,1,2,2,True,True,PASS,
151,RYW,normal,netem delay 25ms 25ms,ALL,ONE,cassandra1,cassandra3,cassandra1,False,1,2,2,True,True,PASS,
152,RYW,normal,netem delay 25ms 25ms,ALL,ONE,cassandra3,cassandra1,cassandra3,False,1,2,2,True,True,PASS,
153,RYW,normal,netem delay 25ms 25ms,ALL,ONE,cassandra3,cassandra2,cassandra3,False,1,2,2,True,True,PASS,
154,RYW,normal,netem delay 25ms 25ms,ALL,ONE,cassandra1,cassandra2,cassandra2,True,1,2,2,True,True,PASS,
155,RYW,normal,netem delay 25ms 25ms,ALL,ONE,cassandra3,cassandra3,cassandra2,False,1,2,2,True,True,PASS,
156,RYW,normal,netem delay 25ms 25ms,ALL,ONE,cassandra2,cassandra2,cassandra3,False,1,2,2,True,True,PASS,
157,RYW,normal,netem delay 25ms 25ms,ALL,ONE,cassandra3,cassandra1,cassandra2,False,1,2,2,True,True,PASS,
158,RYW,normal,netem delay 25ms 25ms,ALL,ONE,cassandra1,cassandra2,cassandra2,True,1,2,2,True,True,PASS,
159,RYW,normal,netem delay 25ms 25ms,ALL,ONE,cassandra3,cassandra1,cassandra3,False,1,2,2,True,True,PASS,
160,RYW,normal,netem delay 25ms 25ms,ALL,ONE,cassandra2,cassandra3,cassandra3,True,1,2,2,True,True,PASS,
161,RYW,normal,netem delay 25ms 25ms,ALL,ONE,cassandra1,cassandra2,cassandra1,False,1,2,2,True,True,PASS,
162,RYW,normal,netem delay 25ms 25ms,ALL,ONE,cassandra3,cassandra3,cassandra1,False,1,2,2,True,True,PASS,
163,RYW,normal,netem delay 25ms 25ms,ALL,ONE,cassandra3,cassandra3,cassandra2,False,1,2,2,True,True,PASS,
164,RYW,normal,netem delay 25ms 25ms,ALL,ONE,cassandra1,cassandra3,cassandra2,False,1,2,2,True,True,PASS,
165,RYW,normal,netem delay 25ms 25ms,ALL,ONE,cassandra1,cassandra3,cassandra2,False,1,2,2,True,True,PASS,
166,RYW,normal,netem delay 25ms 25ms,ALL,ONE,cassandra3,cassandra2,cassandra1,False,1,2,2,True,True,PASS,
167,RYW,normal,netem delay 25ms 25ms,ALL,ONE,cassandra1,cassandra1,cassandra1,True,1,2,2,True,True,PASS,
168,RYW,normal,netem delay 25ms 25ms,ALL,ONE,cassandra2,cassandra3,cassandra3,True,1,2,2,True,True,PASS,
169,RYW,normal,netem delay 25ms 25ms,ALL,ONE,cassandra2,cassandra2,cassandra1,False,1,2,2,True,True,PASS,
170,RYW,normal,netem delay 25ms 25ms,ALL,ONE,cassandra1,cassandra1,cassandra3,False,1,2,2,True,True,PASS,
171,RYW,normal,netem delay 25ms 25ms,ALL,ONE,cassandra2,cassandra1,cassandra1,True,1,2,2,True,True,PASS,
172,RYW,normal,netem delay 25ms 25ms,ALL,ONE,cassandra3,cassandra2,cassandra3,False,1,2,2,True,True,PASS,
173,RYW,normal,netem delay 25ms 25ms,ALL,ONE,cassandra2,cassandra3,cassandra2,False,1,2,2,True,True,PASS,
174,RYW,normal,netem delay 25ms 25ms,ALL,ONE,cassandra2,cassandra1,cassandra3,False,1,2,2,True,True,PASS,
175,RYW,normal,netem delay 25ms 25ms,ALL,ONE,cassandra2,cassandra1,cassandra3,False,1,2,2,True,True,PASS,
176,RYW,normal,netem delay 25ms 25ms,ALL,ONE,cassandra2,cassandra1,cassandra3,False,1,2,2,True,True,PASS,
177,RYW,normal,netem delay 25ms 25ms,ALL,ONE,cassandra1,cassandra2,cassandra1,False,1,2,2,True,True,PASS,
178,RYW,normal,netem delay 25ms 25ms,ALL,ONE,cassandra1,cassandra1,cassandra1,True,1,2,2,True,True,PASS,
179,RYW,normal,netem delay 25ms 25ms,ALL,ONE,cassandra2,cassandra1,cassandra3,False,1,2,2,True,True,PASS,
180,RYW,normal,netem delay 25ms 25ms,ALL,ONE,cassandra2,cassandra3,cassandra2,False,1,2,2,True,True,PASS,
181,RYW,normal,netem delay 25ms 25ms,ALL,ONE,cassandra2,cassandra1,cassandra3,False,1,2,2,True,True,PASS,
182,RYW,normal,netem delay 25ms 25ms,ALL,ONE,cassandra1,cassandra1,cassandra2,False,1,2,2,True,True,PASS,
183,RYW,normal,netem delay 25ms 25ms,ALL,ONE,cassandra1,cassandra3,cassandra2,False,1,2,2,True,True,PASS,
184,RYW,normal,netem delay 25ms 25ms,ALL,ONE,cassandra2,cassandra1,cassandra1,True,1,2,2,True,True,PASS,
185,RYW,normal,netem delay 25ms 25ms,ALL,ONE,cassandra1,cassandra2,cassandra3,False,1,2,2,True,True,PASS,
186,RYW,normal,netem delay 25ms 25ms,ALL,ONE,cassandra1,cassandra1,cassandra2,False,1,2,2,True,True,PASS,
187,RYW,normal,netem delay 25ms 25ms,ALL,ONE,cassandra1,cassandra1,cassandra2,False,1,2,2,True,True,PASS,
188,RYW,normal,netem delay 25ms 25ms,ALL,ONE,cassandra3,cassandra2,cassandra1,False,1,2,2,True,True,PASS,
189,RYW,normal,netem delay 25ms 25ms,ALL,ONE,cassandra3,cassandra2,cassandra1,False,1,2,2,True,True,PASS,
190,RYW,normal,netem delay 25ms 25ms,ALL,ONE,cassandra1,cassandra3,cassandra3,True,1,2,2,True,True,PASS,
191,RYW,normal,netem delay 25ms 25ms,ALL,ONE,cassandra2,cassandra1,cassandra3,False,1,2,2,True,True,PASS,
192,RYW,normal,netem delay 25ms 25ms,ALL,ONE,cassandra1,cassandra2,cassandra2,True,1,2,2,True,True,PASS,
193,RYW,normal,netem delay 25ms 25ms,ALL,ONE,cassandra3,cassandra1,cassandra1,True,1,2,2,True,True,PASS,
194,RYW,normal,netem delay 25ms 25ms,ALL,ONE,cassandra1,cassandra1,cassandra3,False,1,2,2,True,True,PASS,
195,RYW,normal,netem delay 25ms 25ms,ALL,ONE,cassandra3,cassandra2,cassandra3,False,1,2,2,True,True,PASS,
196,RYW,normal,netem delay 25ms 25ms,ALL,ONE,cassandra3,cassandra2,cassandra3,False,1,2,2,True,True,PASS,
197,RYW,normal,netem delay 25ms 25ms,ALL,ONE,cassandra2,cassandra1,cassandra2,False,1,2,2,True,True,PASS,
198,RYW,normal,netem delay 25ms 25ms,ALL,ONE,cassandra1,cassandra2,cassandra1,False,1,2,2,True,True,PASS,
199,RYW,normal,netem delay 25ms 25ms,ALL,ONE,cassandra2,cassandra2,cassandra1,False,1,2,2,True,True,PASS,
200,RYW,normal,netem delay 25ms 25ms,ALL,ONE,cassandra2,cassandra1,cassandra3,False,1,2,2,True,True,PASS,
1,RYW,normal,netem delay 25ms 25ms,ALL,QUORUM,cassandra2,cassandra3,cassandra1,False,1,2,2,True,True,PASS,
2,RYW,normal,netem delay 25ms 25ms,ALL,QUORUM,cassandra1,cassandra2,cassandra1,False,1,2,2,True,True,PASS,
3,RYW,normal,netem delay 25ms 25ms,ALL,QUORUM,cassandra3,cassandra1,cassandra1,True,1,2,2,True,True,PASS,
4,RYW,normal,netem delay 25ms 25ms,ALL,QUORUM,cassandra3,cassandra1,cassandra2,False,1,2,2,True,True,PASS,
5,RYW,normal,netem delay 25ms 25ms,ALL,QUORUM,cassandra2,cassandra3,cassandra1,False,1,2,2,True,True,PASS,
6,RYW,normal,netem delay 25ms 25ms,ALL,QUORUM,cassandra1,cassandra1,cassandra3,False,1,2,2,True,True,PASS,
7,RYW,normal,netem delay 25ms 25ms,ALL,QUORUM,cassandra2,cassandra1,cassandra2,False,1,2,2,True,True,PASS,
8,RYW,normal,netem delay 25ms 25ms,ALL,QUORUM,cassandra2,cassandra3,cassandra2,False,1,2,2,True,True,PASS,
9,RYW,normal,netem delay 25ms 25ms,ALL,QUORUM,cassandra3,cassandra1,cassandra1,True,1,2,2,True,True,PASS,
10,RYW,normal,netem delay 25ms 25ms,ALL,QUORUM,cassandra3,cassandra2,cassandra2,True,1,2,2,True,True,PASS,
11,RYW,normal,netem delay 25ms 25ms,ALL,QUORUM,cassandra2,cassandra2,cassandra1,False,1,2,2,True,True,PASS,
12,RYW,normal,netem delay 25ms 25ms,ALL,QUORUM,cassandra1,cassandra2,cassandra2,True,1,2,2,True,True,PASS,
13,RYW,normal,netem delay 25ms 25ms,ALL,QUORUM,cassandra3,cassandra1,cassandra1,True,1,2,2,True,True,PASS,
14,RYW,normal,netem delay 25ms 25ms,ALL,QUORUM,cassandra2,cassandra1,cassandra3,False,1,2,2,True,True,PASS,
15,RYW,normal,netem delay 25ms 25ms,ALL,QUORUM,cassandra1,cassandra3,cassandra2,False,1,2,2,True,True,PASS,
16,RYW,normal,netem delay 25ms 25ms,ALL,QUORUM,cassandra2,cassandra3,cassandra3,True,1,2,2,True,True,PASS,
17,RYW,normal,netem delay 25ms 25ms,ALL,QUORUM,cassandra3,cassandra2,cassandra3,False,1,2,2,True,True,PASS,
18,RYW,normal,netem delay 25ms 25ms,ALL,QUORUM,cassandra3,cassandra3,cassandra1,False,1,2,2,True,True,PASS,
19,RYW,normal,netem delay 25ms 25ms,ALL,QUORUM,cassandra3,cassandra3,cassandra2,False,1,2,2,True,True,PASS,
20,RYW,normal,netem delay 25ms 25ms,ALL,QUORUM,cassandra2,cassandra3,cassandra2,False,1,2,2,True,True,PASS,
21,RYW,normal,netem delay 25ms 25ms,ALL,QUORUM,cassandra2,cassandra1,cassandra1,True,1,2,2,True,True,PASS,
22,RYW,normal,netem delay 25ms 25ms,ALL,QUORUM,cassandra1,cassandra3,cassandra2,False,1,2,2,True,True,PASS,
23,RYW,normal,netem delay 25ms 25ms,ALL,QUORUM,cassandra1,cassandra2,cassandra2,True,1,2,2,True,True,PASS,
24,RYW,normal,netem delay 25ms 25ms,ALL,QUORUM,cassandra2,cassandra1,cassandra1,True,1,2,2,True,True,PASS,
25,RYW,normal,netem delay 25ms 25ms,ALL,QUORUM,cassandra1,cassandra2,cassandra2,True,1,2,2,True,True,PASS,
26,RYW,normal,netem delay 25ms 25ms,ALL,QUORUM,cassandra2,cassandra3,cassandra1,False,1,2,2,True,True,PASS,
27,RYW,normal,netem delay 25ms 25ms,ALL,QUORUM,cassandra3,cassandra1,cassandra2,False,1,2,2,True,True,PASS,
28,RYW,normal,netem delay 25ms 25ms,ALL,QUORUM,cassandra2,cassandra2,cassandra2,True,1,2,2,True,True,PASS,
29,RYW,normal,netem delay 25ms 25ms,ALL,QUORUM,cassandra2,cassandra1,cassandra3,False,1,2,2,True,True,PASS,
30,RYW,normal,netem delay 25ms 25ms,ALL,QUORUM,cassandra2,cassandra2,cassandra2,True,1,2,2,True,True,PASS,
31,RYW,normal,netem delay 25ms 25ms,ALL,QUORUM,cassandra3,cassandra1,cassandra1,True,1,2,2,True,True,PASS,
32,RYW,normal,netem delay 25ms 25ms,ALL,QUORUM,cassandra1,cassandra2,cassandra2,True,1,2,2,True,True,PASS,
33,RYW,normal,netem delay 25ms 25ms,ALL,QUORUM,cassandra3,cassandra3,cassandra2,False,1,2,2,True,True,PASS,
34,RYW,normal,netem delay 25ms 25ms,ALL,QUORUM,cassandra3,cassandra3,cassandra1,False,1,2,2,True,True,PASS,
35,RYW,normal,netem delay 25ms 25ms,ALL,QUORUM,cassandra3,cassandra2,cassandra3,False,1,2,2,True,True,PASS,
36,RYW,normal,netem delay 25ms 25ms,ALL,QUORUM,cassandra2,cassandra3,cassandra1,False,1,2,2,True,True,PASS,
37,RYW,normal,netem delay 25ms 25ms,ALL,QUORUM,cassandra3,cassandra3,cassandra2,False,1,2,2,True,True,PASS,
38,RYW,normal,netem delay 25ms 25ms,ALL,QUORUM,cassandra3,cassandra1,cassandra3,False,1,2,2,True,True,PASS,
39,RYW,normal,netem delay 25ms 25ms,ALL,QUORUM,cassandra3,cassandra1,cassandra2,False,1,2,2,True,True,PASS,
40,RYW,normal,netem delay 25ms 25ms,ALL,QUORUM,cassandra3,cassandra3,cassandra1,False,1,2,2,True,True,PASS,
41,RYW,normal,netem delay 25ms 25ms,ALL,QUORUM,cassandra2,cassandra1,cassandra3,False,1,2,2,True,True,PASS,
42,RYW,normal,netem delay 25ms 25ms,ALL,QUORUM,cassandra3,cassandra1,cassandra1,True,1,2,2,True,True,PASS,
43,RYW,normal,netem delay 25ms 25ms,ALL,QUORUM,cassandra2,cassandra3,cassandra2,False,1,2,2,True,True,PASS,
44,RYW,normal,netem delay 25ms 25ms,ALL,QUORUM,cassandra2,cassandra1,cassandra1,True,1,2,2,True,True,PASS,
45,RYW,normal,netem delay 25ms 25ms,ALL,QUORUM,cassandra1,cassandra3,cassandra3,True,1,2,2,True,True,PASS,
46,RYW,normal,netem delay 25ms 25ms,ALL,QUORUM,cassandra3,cassandra3,cassandra1,False,1,2,2,True,True,PASS,
47,RYW,normal,netem delay 25ms 25ms,ALL,QUORUM,cassandra1,cassandra3,cassandra2,False,1,2,2,True,True,PASS,
48,RYW,normal,netem delay 25ms 25ms,ALL,QUORUM,cassandra1,cassandra1,cassandra3,False,1,2,2,True,True,PASS,
49,RYW,normal,netem delay 25ms 25ms,ALL,QUORUM,cassandra3,cassandra3,cassandra1,False,1,2,2,True,True,PASS,
50,RYW,normal,netem delay 25ms 25ms,ALL,QUORUM,cassandra2,cassandra3,cassandra2,False,1,2,2,True,True,PASS,
51,RYW,normal,netem delay 25ms 25ms,ALL,QUORUM,cassandra3,cassandra2,cassandra3,False,1,2,2,True,True,PASS,
52,RYW,normal,netem delay 25ms 25ms,ALL,QUORUM,cassandra2,cassandra2,cassandra2,True,1,2,2,True,True,PASS,
53,RYW,normal,netem delay 25ms 25ms,ALL,QUORUM,cassandra2,cassandra3,cassandra2,False,1,2,2,True,True,PASS,
54,RYW,normal,netem delay 25ms 25ms,ALL,QUORUM,cassandra1,cassandra1,cassandra2,False,1,2,2,True,True,PASS,
55,RYW,normal,netem delay 25ms 25ms,ALL,QUORUM,cassandra1,cassandra3,cassandra3,True,1,2,2,True,True,PASS,
56,RYW,normal,netem delay 25ms 25ms,ALL,QUORUM,cassandra3,cassandra3,cassandra3,True,1,2,2,True,True,PASS,
57,RYW,normal,netem delay 25ms 25ms,ALL,QUORUM,cassandra3,cassandra3,cassandra3,True,1,2,2,True,True,PASS,
58,RYW,normal,netem delay 25ms 25ms,ALL,QUORUM,cassandra3,cassandra2,cassandra2,True,1,2,2,True,True,PASS,
59,RYW,normal,netem delay 25ms 25ms,ALL,QUORUM,cassandra1,cassandra3,cassandra1,False,1,2,2,True,True,PASS,
60,RYW,normal,netem delay 25ms 25ms,ALL,QUORUM,cassandra2,cassandra2,cassandra1,False,1,2,2,True,True,PASS,
61,RYW,normal,netem delay 25ms 25ms,ALL,QUORUM,cassandra1,cassandra2,cassandra2,True,1,2,2,True,True,PASS,
62,RYW,normal,netem delay 25ms 25ms,ALL,QUORUM,cassandra3,cassandra1,cassandra3,False,1,2,2,True,True,PASS,
63,RYW,normal,netem delay 25ms 25ms,ALL,QUORUM,cassandra1,cassandra3,cassandra1,False,1,2,2,True,True,PASS,
64,RYW,normal,netem delay 25ms 25ms,ALL,QUORUM,cassandra1,cassandra3,cassandra1,False,1,2,2,True,True,PASS,
65,RYW,normal,netem delay 25ms 25ms,ALL,QUORUM,cassandra1,cassandra2,cassandra2,True,1,2,2,True,True,PASS,
66,RYW,normal,netem delay 25ms 25ms,ALL,QUORUM,cassandra3,cassandra1,cassandra3,False,1,2,2,True,True,PASS,
67,RYW,normal,netem delay 25ms 25ms,ALL,QUORUM,cassandra3,cassandra3,cassandra3,True,1,2,2,True,True,PASS,
68,RYW,normal,netem delay 25ms 25ms,ALL,QUORUM,cassandra3,cassandra3,cassandra2,False,1,2,2,True,True,PASS,
69,RYW,normal,netem delay 25ms 25ms,ALL,QUORUM,cassandra2,cassandra3,cassandra1,False,1,2,2,True,True,PASS,
70,RYW,normal,netem delay 25ms 25ms,ALL,QUORUM,cassandra1,cassandra3,cassandra3,True,1,2,2,True,True,PASS,
71,RYW,normal,netem delay 25ms 25ms,ALL,QUORUM,cassandra1,cassandra1,cassandra2,False,1,2,2,True,True,PASS,
72,RYW,normal,netem delay 25ms 25ms,ALL,QUORUM,cassandra3,cassandra1,cassandra1,True,1,2,2,True,True,PASS,
73,RYW,normal,netem delay 25ms 25ms,ALL,QUORUM,cassandra1,cassandra3,cassandra1,False,1,2,2,True,True,PASS,
74,RYW,normal,netem delay 25ms 25ms,ALL,QUORUM,cassandra2,cassandra3,cassandra2,False,1,2,2,True,True,PASS,
75,RYW,normal,netem delay 25ms 25ms,ALL,QUORUM,cassandra1,cassandra3,cassandra3,True,1,2,2,True,True,PASS,
76,RYW,normal,netem delay 25ms 25ms,ALL,QUORUM,cassandra1,cassandra3,cassandra3,True,1,2,2,True,True,PASS,
77,RYW,normal,netem delay 25ms 25ms,ALL,QUORUM,cassandra2,cassandra2,cassandra3,False,1,2,2,True,True,PASS,
78,RYW,normal,netem delay 25ms 25ms,ALL,QUORUM,cassandra1,cassandra3,cassandra2,False,1,2,2,True,True,PASS,
79,RYW,normal,netem delay 25ms 25ms,ALL,QUORUM,cassandra3,cassandra3,cassandra2,False,1,2,2,True,True,PASS,
80,RYW,normal,netem delay 25ms 25ms,ALL,QUORUM,cassandra3,cassandra3,cassandra2,False,1,2,2,True,True,PASS,
81,RYW,normal,netem delay 25ms 25ms,ALL,QUORUM,cassandra1,cassandra3,cassandra3,True,1,2,2,True,True,PASS,
82,RYW,normal,netem delay 25ms 25ms,ALL,QUORUM,cassandra3,cassandra1,cassandra1,True,1,2,2,True,True,PASS,
83,RYW,normal,netem delay 25ms 25ms,ALL,QUORUM,cassandra2,cassandra3,cassandra1,False,1,2,2,True,True,PASS,
84,RYW,normal,netem delay 25ms 25ms,ALL,QUORUM,cassandra3,cassandra1,cassandra1,True,1,2,2,True,True,PASS,
85,RYW,normal,netem delay 25ms 25ms,ALL,QUORUM,cassandra2,cassandra3,cassandra2,False,1,2,2,True,True,PASS,
86,RYW,normal,netem delay 25ms 25ms,ALL,QUORUM,cassandra1,cassandra1,cassandra3,False,1,2,2,True,True,PASS,
87,RYW,normal,netem delay 25ms 25ms,ALL,QUORUM,cassandra2,cassandra3,cassandra2,False,1,2,2,True,True,PASS,
88,RYW,normal,netem delay 25ms 25ms,ALL,QUORUM,cassandra2,cassandra3,cassandra1,False,1,2,2,True,True,PASS,
89,RYW,normal,netem delay 25ms 25ms,ALL,QUORUM,cassandra3,cassandra1,cassandra2,False,1,2,2,True,True,PASS,
90,RYW,normal,netem delay 25ms 25ms,ALL,QUORUM,cassandra2,cassandra1,cassandra1,True,1,2,2,True,True,PASS,
91,RYW,normal,netem delay 25ms 25ms,ALL,QUORUM,cassandra3,cassandra3,cassandra3,True,1,2,2,True,True,PASS,
92,RYW,normal,netem delay 25ms 25ms,ALL,QUORUM,cassandra2,cassandra1,cassandra2,False,1,2,2,True,True,PASS,
93,RYW,normal,netem delay 25ms 25ms,ALL,QUORUM,cassandra1,cassandra3,cassandra1,False,1,2,2,True,True,PASS,
94,RYW,normal,netem delay 25ms 25ms,ALL,QUORUM,cassandra2,cassandra1,cassandra1,True,1,2,2,True,True,PASS,
95,RYW,normal,netem delay 25ms 25ms,ALL,QUORUM,cassandra2,cassandra3,cassandra2,False,1,2,2,True,True,PASS,
96,RYW,normal,netem delay 25ms 25ms,ALL,QUORUM,cassandra3,cassandra3,cassandra3,True,1,2,2,True,True,PASS,
97,RYW,normal,netem delay 25ms 25ms,ALL,QUORUM,cassandra1,cassandra3,cassandra1,False,1,2,2,True,True,PASS,
98,RYW,normal,netem delay 25ms 25ms,ALL,QUORUM,cassandra3,cassandra3,cassandra1,False,1,2,2,True,True,PASS,
99,RYW,normal,netem delay 25ms 25ms,ALL,QUORUM,cassandra1,cassandra1,cassandra1,True,1,2,2,True,True,PASS,
100,RYW,normal,netem delay 25ms 25ms,ALL,QUORUM,cassandra3,cassandra3,cassandra3,True,1,2,2,True,True,PASS,
101,RYW,normal,netem delay 25ms 25ms,ALL,QUORUM,cassandra2,cassandra3,cassandra1,False,1,2,2,True,True,PASS,
102,RYW,normal,netem delay 25ms 25ms,ALL,QUORUM,cassandra2,cassandra1,cassandra3,False,1,2,2,True,True,PASS,
103,RYW,normal,netem delay 25ms 25ms,ALL,QUORUM,cassandra3,cassandra1,cassandra2,False,1,2,2,True,True,PASS,
104,RYW,normal,netem delay 25ms 25ms,ALL,QUORUM,cassandra3,cassandra1,cassandra3,False,1,2,2,True,True,PASS,
105,RYW,normal,netem delay 25ms 25ms,ALL,QUORUM,cassandra3,cassandra1,cassandra3,False,1,2,2,True,True,PASS,
106,RYW,normal,netem delay 25ms 25ms,ALL,QUORUM,cassandra2,cassandra3,cassandra1,False,1,2,2,True,True,PASS,
107,RYW,normal,netem delay 25ms 25ms,ALL,QUORUM,cassandra3,cassandra1,cassandra2,False,1,2,2,True,True,PASS,
108,RYW,normal,netem delay 25ms 25ms,ALL,QUORUM,cassandra2,cassandra2,cassandra1,False,1,2,2,True,True,PASS,
109,RYW,normal,netem delay 25ms 25ms,ALL,QUORUM,cassandra1,cassandra3,cassandra1,False,1,2,2,True,True,PASS,
110,RYW,normal,netem delay 25ms 25ms,ALL,QUORUM,cassandra3,cassandra3,cassandra1,False,1,2,2,True,True,PASS,
111,RYW,normal,netem delay 25ms 25ms,ALL,QUORUM,cassandra3,cassandra3,cassandra2,False,1,2,2,True,True,PASS,
112,RYW,normal,netem delay 25ms 25ms,ALL,QUORUM,cassandra1,cassandra1,cassandra3,False,1,2,2,True,True,PASS,
113,RYW,normal,netem delay 25ms 25ms,ALL,QUORUM,cassandra1,cassandra1,cassandra3,False,1,2,2,True,True,PASS,
114,RYW,normal,netem delay 25ms 25ms,ALL,QUORUM,cassandra2,cassandra3,cassandra2,False,1,2,2,True,True,PASS,
115,RYW,normal,netem delay 25ms 25ms,ALL,QUORUM,cassandra3,cassandra3,cassandra3,True,1,2,2,True,True,PASS,
116,RYW,normal,netem delay 25ms 25ms,ALL,QUORUM,cassandra1,cassandra2,cassandra3,False,1,2,2,True,True,PASS,
117,RYW,normal,netem delay 25ms 25ms,ALL,QUORUM,cassandra2,cassandra3,cassandra1,False,1,2,2,True,True,PASS,
118,RYW,normal,netem delay 25ms 25ms,ALL,QUORUM,cassandra2,cassandra3,cassandra1,False,1,2,2,True,True,PASS,
119,RYW,normal,netem delay 25ms 25ms,ALL,QUORUM,cassandra1,cassandra1,cassandra1,True,1,2,2,True,True,PASS,
120,RYW,normal,netem delay 25ms 25ms,ALL,QUORUM,cassandra2,cassandra3,cassandra3,True,1,2,2,True,True,PASS,
121,RYW,normal,netem delay 25ms 25ms,ALL,QUORUM,cassandra2,cassandra3,cassandra2,False,1,2,2,True,True,PASS,
122,RYW,normal,netem delay 25ms 25ms,ALL,QUORUM,cassandra2,cassandra2,cassandra2,True,1,2,2,True,True,PASS,
123,RYW,normal,netem delay 25ms 25ms,ALL,QUORUM,cassandra3,cassandra1,cassandra2,False,1,2,2,True,True,PASS,
124,RYW,normal,netem delay 25ms 25ms,ALL,QUORUM,cassandra3,cassandra2,cassandra3,False,1,2,2,True,True,PASS,
125,RYW,normal,netem delay 25ms 25ms,ALL,QUORUM,cassandra2,cassandra2,cassandra3,False,1,2,2,True,True,PASS,
126,RYW,normal,netem delay 25ms 25ms,ALL,QUORUM,cassandra2,cassandra2,cassandra1,False,1,2,2,True,True,PASS,
127,RYW,normal,netem delay 25ms 25ms,ALL,QUORUM,cassandra1,cassandra2,cassandra2,True,1,2,2,True,True,PASS,
128,RYW,normal,netem delay 25ms 25ms,ALL,QUORUM,cassandra3,cassandra1,cassandra1,True,1,2,2,True,True,PASS,
129,RYW,normal,netem delay 25ms 25ms,ALL,QUORUM,cassandra3,cassandra3,cassandra2,False,1,2,2,True,True,PASS,
130,RYW,normal,netem delay 25ms 25ms,ALL,QUORUM,cassandra3,cassandra3,cassandra1,False,1,2,2,True,True,PASS,
131,RYW,normal,netem delay 25ms 25ms,ALL,QUORUM,cassandra2,cassandra3,cassandra3,True,1,2,2,True,True,PASS,
132,RYW,normal,netem delay 25ms 25ms,ALL,QUORUM,cassandra1,cassandra3,cassandra2,False,1,2,2,True,True,PASS,
133,RYW,normal,netem delay 25ms 25ms,ALL,QUORUM,cassandra1,cassandra3,cassandra2,False,1,2,2,True,True,PASS,
134,RYW,normal,netem delay 25ms 25ms,ALL,QUORUM,cassandra1,cassandra2,cassandra1,False,1,2,2,True,True,PASS,
135,RYW,normal,netem delay 25ms 25ms,ALL,QUORUM,cassandra2,cassandra3,cassandra1,False,1,2,2,True,True,PASS,
136,RYW,normal,netem delay 25ms 25ms,ALL,QUORUM,cassandra2,cassandra2,cassandra2,True,1,2,2,True,True,PASS,
137,RYW,normal,netem delay 25ms 25ms,ALL,QUORUM,cassandra1,cassandra2,cassandra2,True,1,2,2,True,True,PASS,
138,RYW,normal,netem delay 25ms 25ms,ALL,QUORUM,cassandra2,cassandra2,cassandra3,False,1,2,2,True,True,PASS,
139,RYW,normal,netem delay 25ms 25ms,ALL,QUORUM,cassandra2,cassandra3,cassandra1,False,1,2,2,True,True,PASS,
140,RYW,normal,netem delay 25ms 25ms,ALL,QUORUM,cassandra3,cassandra2,cassandra3,False,1,2,2,True,True,PASS,
141,RYW,normal,netem delay 25ms 25ms,ALL,QUORUM,cassandra1,cassandra1,cassandra1,True,1,2,2,True,True,PASS,
142,RYW,normal,netem delay 25ms 25ms,ALL,QUORUM,cassandra1,cassandra2,cassandra2,True,1,2,2,True,True,PASS,
143,RYW,normal,netem delay 25ms 25ms,ALL,QUORUM,cassandra3,cassandra3,cassandra3,True,1,2,2,True,True,PASS,
144,RYW,normal,netem delay 25ms 25ms,ALL,QUORUM,cassandra1,cassandra1,cassandra2,False,1,2,2,True,True,PASS,
145,RYW,normal,netem delay 25ms 25ms,ALL,QUORUM,cassandra3,cassandra1,cassandra1,True,1,2,2,True,True,PASS,
146,RYW,normal,netem delay 25ms 25ms,ALL,QUORUM,cassandra2,cassandra2,cassandra2,True,1,2,2,True,True,PASS,
147,RYW,normal,netem delay 25ms 25ms,ALL,QUORUM,cassandra2,cassandra3,cassandra1,False,1,2,2,True,True,PASS,
148,RYW,normal,netem delay 25ms 25ms,ALL,QUORUM,cassandra3,cassandra2,cassandra3,False,1,2,2,True,True,PASS,
149,RYW,normal,netem delay 25ms 25ms,ALL,QUORUM,cassandra3,cassandra2,cassandra3,False,1,2,2,True,True,PASS,
150,RYW,normal,netem delay 25ms 25ms,ALL,QUORUM,cassandra2,cassandra2,cassandra2,True,1,2,2,True,True,PASS,
151,RYW,normal,netem delay 25ms 25ms,ALL,QUORUM,cassandra1,cassandra3,cassandra1,False,1,2,2,True,True,PASS,
152,RYW,normal,netem delay 25ms 25ms,ALL,QUORUM,cassandra3,cassandra2,cassandra3,False,1,2,2,True,True,PASS,
153,RYW,normal,netem delay 25ms 25ms,ALL,QUORUM,cassandra3,cassandra2,cassandra1,False,1,2,2,True,True,PASS,
154,RYW,normal,netem delay 25ms 25ms,ALL,QUORUM,cassandra1,cassandra3,cassandra3,True,1,2,2,True,True,PASS,
155,RYW,normal,netem delay 25ms 25ms,ALL,QUORUM,cassandra2,cassandra1,cassandra3,False,1,2,2,True,True,PASS,
156,RYW,normal,netem delay 25ms 25ms,ALL,QUORUM,cassandra2,cassandra1,cassandra1,True,1,2,2,True,True,PASS,
157,RYW,normal,netem delay 25ms 25ms,ALL,QUORUM,cassandra3,cassandra1,cassandra1,True,1,2,2,True,True,PASS,
158,RYW,normal,netem delay 25ms 25ms,ALL,QUORUM,cassandra3,cassandra1,cassandra2,False,1,2,2,True,True,PASS,
159,RYW,normal,netem delay 25ms 25ms,ALL,QUORUM,cassandra3,cassandra2,cassandra1,False,1,2,2,True,True,PASS,
160,RYW,normal,netem delay 25ms 25ms,ALL,QUORUM,cassandra1,cassandra1,cassandra3,False,1,2,2,True,True,PASS,
161,RYW,normal,netem delay 25ms 25ms,ALL,QUORUM,cassandra1,cassandra1,cassandra1,True,1,2,2,True,True,PASS,
162,RYW,normal,netem delay 25ms 25ms,ALL,QUORUM,cassandra2,cassandra2,cassandra3,False,1,2,2,True,True,PASS,
163,RYW,normal,netem delay 25ms 25ms,ALL,QUORUM,cassandra3,cassandra3,cassandra3,True,1,2,2,True,True,PASS,
164,RYW,normal,netem delay 25ms 25ms,ALL,QUORUM,cassandra2,cassandra3,cassandra1,False,1,2,2,True,True,PASS,
165,RYW,normal,netem delay 25ms 25ms,ALL,QUORUM,cassandra3,cassandra1,cassandra3,False,1,2,2,True,True,PASS,
166,RYW,normal,netem delay 25ms 25ms,ALL,QUORUM,cassandra3,cassandra3,cassandra1,False,1,2,2,True,True,PASS,
167,RYW,normal,netem delay 25ms 25ms,ALL,QUORUM,cassandra1,cassandra3,cassandra3,True,1,2,2,True,True,PASS,
168,RYW,normal,netem delay 25ms 25ms,ALL,QUORUM,cassandra1,cassandra1,cassandra1,True,1,2,2,True,True,PASS,
169,RYW,normal,netem delay 25ms 25ms,ALL,QUORUM,cassandra1,cassandra2,cassandra1,False,1,2,2,True,True,PASS,
170,RYW,normal,netem delay 25ms 25ms,ALL,QUORUM,cassandra1,cassandra1,cassandra1,True,1,2,2,True,True,PASS,
171,RYW,normal,netem delay 25ms 25ms,ALL,QUORUM,cassandra2,cassandra1,cassandra2,False,1,2,2,True,True,PASS,
172,RYW,normal,netem delay 25ms 25ms,ALL,QUORUM,cassandra1,cassandra3,cassandra3,True,1,2,2,True,True,PASS,
173,RYW,normal,netem delay 25ms 25ms,ALL,QUORUM,cassandra1,cassandra1,cassandra2,False,1,2,2,True,True,PASS,
174,RYW,normal,netem delay 25ms 25ms,ALL,QUORUM,cassandra2,cassandra2,cassandra3,False,1,2,2,True,True,PASS,
175,RYW,normal,netem delay 25ms 25ms,ALL,QUORUM,cassandra2,cassandra2,cassandra2,True,1,2,2,True,True,PASS,
176,RYW,normal,netem delay 25ms 25ms,ALL,QUORUM,cassandra3,cassandra1,cassandra2,False,1,2,2,True,True,PASS,
177,RYW,normal,netem delay 25ms 25ms,ALL,QUORUM,cassandra3,cassandra2,cassandra3,False,1,2,2,True,True,PASS,
178,RYW,normal,netem delay 25ms 25ms,ALL,QUORUM,cassandra2,cassandra2,cassandra2,True,1,2,2,True,True,PASS,
179,RYW,normal,netem delay 25ms 25ms,ALL,QUORUM,cassandra1,cassandra2,cassandra2,True,1,2,2,True,True,PASS,
180,RYW,normal,netem delay 25ms 25ms,ALL,QUORUM,cassandra3,cassandra1,cassandra3,False,1,2,2,True,True,PASS,
181,RYW,normal,netem delay 25ms 25ms,ALL,QUORUM,cassandra3,cassandra2,cassandra2,True,1,2,2,True,True,PASS,
182,RYW,normal,netem delay 25ms 25ms,ALL,QUORUM,cassandra2,cassandra2,cassandra3,False,1,2,2,True,True,PASS,
183,RYW,normal,netem delay 25ms 25ms,ALL,QUORUM,cassandra3,cassandra3,cassandra3,True,1,2,2,True,True,PASS,
184,RYW,normal,netem delay 25ms 25ms,ALL,QUORUM,cassandra1,cassandra1,cassandra3,False,1,2,2,True,True,PASS,
185,RYW,normal,netem delay 25ms 25ms,ALL,QUORUM,cassandra1,cassandra2,cassandra1,False,1,2,2,True,True,PASS,
186,RYW,normal,netem delay 25ms 25ms,ALL,QUORUM,cassandra2,cassandra2,cassandra2,True,1,2,2,True,True,PASS,
187,RYW,normal,netem delay 25ms 25ms,ALL,QUORUM,cassandra3,cassandra3,cassandra2,False,1,2,2,True,True,PASS,
188,RYW,normal,netem delay 25ms 25ms,ALL,QUORUM,cassandra2,cassandra3,cassandra2,False,1,2,2,True,True,PASS,
189,RYW,normal,netem delay 25ms 25ms,ALL,QUORUM,cassandra1,cassandra3,cassandra2,False,1,2,2,True,True,PASS,
190,RYW,normal,netem delay 25ms 25ms,ALL,QUORUM,cassandra3,cassandra3,cassandra3,True,1,2,2,True,True,PASS,
191,RYW,normal,netem delay 25ms 25ms,ALL,QUORUM,cassandra2,cassandra1,cassandra2,False,1,2,2,True,True,PASS,
192,RYW,normal,netem delay 25ms 25ms,ALL,QUORUM,cassandra1,cassandra1,cassandra2,False,1,2,2,True,True,PASS,
193,RYW,normal,netem delay 25ms 25ms,ALL,QUORUM,cassandra2,cassandra1,cassandra1,True,1,2,2,True,True,PASS,
194,RYW,normal,netem delay 25ms 25ms,ALL,QUORUM,cassandra1,cassandra3,cassandra3,True,1,2,2,True,True,PASS,
195,RYW,normal,netem delay 25ms 25ms,ALL,QUORUM,cassandra3,cassandra1,cassandra1,True,1,2,2,True,True,PASS,
196,RYW,normal,netem delay 25ms 25ms,ALL,QUORUM,cassandra1,cassandra2,cassandra1,False,1,2,2,True,True,PASS,
197,RYW,normal,netem delay 25ms 25ms,ALL,QUORUM,cassandra1,cassandra3,cassandra1,False,1,2,2,True,True,PASS,
198,RYW,normal,netem delay 25ms 25ms,ALL,QUORUM,cassandra2,cassandra3,cassandra3,True,1,2,2,True,True,PASS,
199,RYW,normal,netem delay 25ms 25ms,ALL,QUORUM,cassandra2,cassandra2,cassandra1,False,1,2,2,True,True,PASS,
200,RYW,normal,netem delay 25ms 25ms,ALL,QUORUM,cassandra3,cassandra2,cassandra1,False,1,2,2,True,True,PASS,
1,RYW,normal,netem delay 25ms 25ms,ALL,ALL,cassandra1,cassandra3,cassandra2,False,1,2,2,True,True,PASS,
2,RYW,normal,netem delay 25ms 25ms,ALL,ALL,cassandra3,cassandra2,cassandra2,True,1,2,2,True,True,PASS,
3,RYW,normal,netem delay 25ms 25ms,ALL,ALL,cassandra3,cassandra1,cassandra2,False,1,2,2,True,True,PASS,
4,RYW,normal,netem delay 25ms 25ms,ALL,ALL,cassandra1,cassandra1,cassandra3,False,1,2,2,True,True,PASS,
5,RYW,normal,netem delay 25ms 25ms,ALL,ALL,cassandra2,cassandra3,cassandra2,False,1,2,2,True,True,PASS,
6,RYW,normal,netem delay 25ms 25ms,ALL,ALL,cassandra1,cassandra3,cassandra2,False,1,2,2,True,True,PASS,
7,RYW,normal,netem delay 25ms 25ms,ALL,ALL,cassandra2,cassandra3,cassandra3,True,1,2,2,True,True,PASS,
8,RYW,normal,netem delay 25ms 25ms,ALL,ALL,cassandra2,cassandra1,cassandra3,False,1,2,2,True,True,PASS,
9,RYW,normal,netem delay 25ms 25ms,ALL,ALL,cassandra2,cassandra1,cassandra1,True,1,2,2,True,True,PASS,
10,RYW,normal,netem delay 25ms 25ms,ALL,ALL,cassandra2,cassandra1,cassandra1,True,1,2,2,True,True,PASS,
11,RYW,normal,netem delay 25ms 25ms,ALL,ALL,cassandra1,cassandra2,cassandra3,False,1,2,2,True,True,PASS,
12,RYW,normal,netem delay 25ms 25ms,ALL,ALL,cassandra1,cassandra3,cassandra1,False,1,2,2,True,True,PASS,
13,RYW,normal,netem delay 25ms 25ms,ALL,ALL,cassandra2,cassandra2,cassandra2,True,1,2,2,True,True,PASS,
14,RYW,normal,netem delay 25ms 25ms,ALL,ALL,cassandra3,cassandra1,cassandra1,True,1,2,2,True,True,PASS,
15,RYW,normal,netem delay 25ms 25ms,ALL,ALL,cassandra2,cassandra1,cassandra2,False,1,2,2,True,True,PASS,
16,RYW,normal,netem delay 25ms 25ms,ALL,ALL,cassandra3,cassandra1,cassandra2,False,1,2,2,True,True,PASS,
17,RYW,normal,netem delay 25ms 25ms,ALL,ALL,cassandra1,cassandra3,cassandra3,True,1,2,2,True,True,PASS,
18,RYW,normal,netem delay 25ms 25ms,ALL,ALL,cassandra1,cassandra1,cassandra2,False,1,2,2,True,True,PASS,
19,RYW,normal,netem delay 25ms 25ms,ALL,ALL,cassandra3,cassandra2,cassandra1,False,1,2,2,True,True,PASS,
20,RYW,normal,netem delay 25ms 25ms,ALL,ALL,cassandra2,cassandra3,cassandra2,False,1,2,2,True,True,PASS,
21,RYW,normal,netem delay 25ms 25ms,ALL,ALL,cassandra1,cassandra2,cassandra2,True,1,2,2,True,True,PASS,
22,RYW,normal,netem delay 25ms 25ms,ALL,ALL,cassandra3,cassandra2,cassandra3,False,1,2,2,True,True,PASS,
23,RYW,normal,netem delay 25ms 25ms,ALL,ALL,cassandra3,cassandra1,cassandra1,True,1,2,2,True,True,PASS,
24,RYW,normal,netem delay 25ms 25ms,ALL,ALL,cassandra2,cassandra3,cassandra2,False,1,2,2,True,True,PASS,
25,RYW,normal,netem delay 25ms 25ms,ALL,ALL,cassandra1,cassandra3,cassandra2,False,1,2,2,True,True,PASS,
26,RYW,normal,netem delay 25ms 25ms,ALL,ALL,cassandra1,cassandra2,cassandra1,False,1,2,2,True,True,PASS,
27,RYW,normal,netem delay 25ms 25ms,ALL,ALL,cassandra1,cassandra3,cassandra1,False,1,2,2,True,True,PASS,
28,RYW,normal,netem delay 25ms 25ms,ALL,ALL,cassandra3,cassandra1,cassandra2,False,1,2,2,True,True,PASS,
29,RYW,normal,netem delay 25ms 25ms,ALL,ALL,cassandra3,cassandra1,cassandra1,True,1,2,2,True,True,PASS,
30,RYW,normal,netem delay 25ms 25ms,ALL,ALL,cassandra1,cassandra1,cassandra2,False,1,2,2,True,True,PASS,
31,RYW,normal,netem delay 25ms 25ms,ALL,ALL,cassandra2,cassandra2,cassandra3,False,1,2,2,True,True,PASS,
32,RYW,normal,netem delay 25ms 25ms,ALL,ALL,cassandra1,cassandra1,cassandra1,True,1,2,2,True,True,PASS,
33,RYW,normal,netem delay 25ms 25ms,ALL,ALL,cassandra2,cassandra1,cassandra3,False,1,2,2,True,True,PASS,
34,RYW,normal,netem delay 25ms 25ms,ALL,ALL,cassandra2,cassandra2,cassandra2,True,1,2,2,True,True,PASS,
35,RYW,normal,netem delay 25ms 25ms,ALL,ALL,cassandra1,cassandra3,cassandra3,True,1,2,2,True,True,PASS,
36,RYW,normal,netem delay 25ms 25ms,ALL,ALL,cassandra3,cassandra3,cassandra3,True,1,2,2,True,True,PASS,
37,RYW,normal,netem delay 25ms 25ms,ALL,ALL,cassandra1,cassandra2,cassandra2,True,1,2,2,True,True,PASS,
38,RYW,normal,netem delay 25ms 25ms,ALL,ALL,cassandra1,cassandra1,cassandra1,True,1,2,2,True,True,PASS,
39,RYW,normal,netem delay 25ms 25ms,ALL,ALL,cassandra2,cassandra2,cassandra1,False,1,2,2,True,True,PASS,
40,RYW,normal,netem delay 25ms 25ms,ALL,ALL,cassandra2,cassandra3,cassandra1,False,1,2,2,True,True,PASS,
41,RYW,normal,netem delay 25ms 25ms,ALL,ALL,cassandra3,cassandra1,cassandra3,False,1,2,2,True,True,PASS,
42,RYW,normal,netem delay 25ms 25ms,ALL,ALL,cassandra2,cassandra3,cassandra1,False,1,2,2,True,True,PASS,
43,RYW,normal,netem delay 25ms 25ms,ALL,ALL,cassandra2,cassandra2,cassandra1,False,1,2,2,True,True,PASS,
44,RYW,normal,netem delay 25ms 25ms,ALL,ALL,cassandra3,cassandra3,cassandra3,True,1,2,2,True,True,PASS,
45,RYW,normal,netem delay 25ms 25ms,ALL,ALL,cassandra3,cassandra2,cassandra2,True,1,2,2,True,True,PASS,
46,RYW,normal,netem delay 25ms 25ms,ALL,ALL,cassandra1,cassandra2,cassandra1,False,1,2,2,True,True,PASS,
47,RYW,normal,netem delay 25ms 25ms,ALL,ALL,cassandra2,cassandra3,cassandra1,False,1,2,2,True,True,PASS,
48,RYW,normal,netem delay 25ms 25ms,ALL,ALL,cassandra3,cassandra1,cassandra2,False,1,2,2,True,True,PASS,
49,RYW,normal,netem delay 25ms 25ms,ALL,ALL,cassandra3,cassandra3,cassandra3,True,1,2,2,True,True,PASS,
50,RYW,normal,netem delay 25ms 25ms,ALL,ALL,cassandra2,cassandra1,cassandra2,False,1,2,2,True,True,PASS,
51,RYW,normal,netem delay 25ms 25ms,ALL,ALL,cassandra2,cassandra2,cassandra2,True,1,2,2,True,True,PASS,
52,RYW,normal,netem delay 25ms 25ms,ALL,ALL,cassandra1,cassandra2,cassandra3,False,1,2,2,True,True,PASS,
53,RYW,normal,netem delay 25ms 25ms,ALL,ALL,cassandra3,cassandra1,cassandra2,False,1,2,2,True,True,PASS,
54,RYW,normal,netem delay 25ms 25ms,ALL,ALL,cassandra3,cassandra2,cassandra1,False,1,2,2,True,True,PASS,
55,RYW,normal,netem delay 25ms 25ms,ALL,ALL,cassandra2,cassandra2,cassandra3,False,1,2,2,True,True,PASS,
56,RYW,normal,netem delay 25ms 25ms,ALL,ALL,cassandra2,cassandra1,cassandra2,False,1,2,2,True,True,PASS,
57,RYW,normal,netem delay 25ms 25ms,ALL,ALL,cassandra2,cassandra3,cassandra1,False,1,2,2,True,True,PASS,
58,RYW,normal,netem delay 25ms 25ms,ALL,ALL,cassandra2,cassandra1,cassandra1,True,1,2,2,True,True,PASS,
59,RYW,normal,netem delay 25ms 25ms,ALL,ALL,cassandra3,cassandra2,cassandra2,True,1,2,2,True,True,PASS,
60,RYW,normal,netem delay 25ms 25ms,ALL,ALL,cassandra2,cassandra3,cassandra1,False,1,2,2,True,True,PASS,
61,RYW,normal,netem delay 25ms 25ms,ALL,ALL,cassandra3,cassandra2,cassandra3,False,1,2,2,True,True,PASS,
62,RYW,normal,netem delay 25ms 25ms,ALL,ALL,cassandra3,cassandra3,cassandra2,False,1,2,2,True,True,PASS,
63,RYW,normal,netem delay 25ms 25ms,ALL,ALL,cassandra2,cassandra1,cassandra2,False,1,2,2,True,True,PASS,
64,RYW,normal,netem delay 25ms 25ms,ALL,ALL,cassandra3,cassandra2,cassandra2,True,1,2,2,True,True,PASS,
65,RYW,normal,netem delay 25ms 25ms,ALL,ALL,cassandra3,cassandra3,cassandra1,False,1,2,2,True,True,PASS,
66,RYW,normal,netem delay 25ms 25ms,ALL,ALL,cassandra3,cassandra3,cassandra1,False,1,2,2,True,True,PASS,
67,RYW,normal,netem delay 25ms 25ms,ALL,ALL,cassandra1,cassandra1,cassandra3,False,1,2,2,True,True,PASS,
68,RYW,normal,netem delay 25ms 25ms,ALL,ALL,cassandra2,cassandra1,cassandra3,False,1,2,2,True,True,PASS,
69,RYW,normal,netem delay 25ms 25ms,ALL,ALL,cassandra1,cassandra1,cassandra1,True,1,2,2,True,True,PASS,
70,RYW,normal,netem delay 25ms 25ms,ALL,ALL,cassandra2,cassandra3,cassandra1,False,1,2,2,True,True,PASS,
71,RYW,normal,netem delay 25ms 25ms,ALL,ALL,cassandra3,cassandra3,cassandra2,False,1,2,2,True,True,PASS,
72,RYW,normal,netem delay 25ms 25ms,ALL,ALL,cassandra3,cassandra2,cassandra3,False,1,2,2,True,True,PASS,
73,RYW,normal,netem delay 25ms 25ms,ALL,ALL,cassandra3,cassandra2,cassandra1,False,1,2,2,True,True,PASS,
74,RYW,normal,netem delay 25ms 25ms,ALL,ALL,cassandra1,cassandra2,cassandra3,False,1,2,2,True,True,PASS,
75,RYW,normal,netem delay 25ms 25ms,ALL,ALL,cassandra1,cassandra1,cassandra1,True,1,2,2,True,True,PASS,
76,RYW,normal,netem delay 25ms 25ms,ALL,ALL,cassandra1,cassandra3,cassandra1,False,1,2,2,True,True,PASS,
77,RYW,normal,netem delay 25ms 25ms,ALL,ALL,cassandra3,cassandra2,cassandra1,False,1,2,2,True,True,PASS,
78,RYW,normal,netem delay 25ms 25ms,ALL,ALL,cassandra2,cassandra3,cassandra3,True,1,2,2,True,True,PASS,
79,RYW,normal,netem delay 25ms 25ms,ALL,ALL,cassandra3,cassandra3,cassandra3,True,1,2,2,True,True,PASS,
80,RYW,normal,netem delay 25ms 25ms,ALL,ALL,cassandra2,cassandra3,cassandra3,True,1,2,2,True,True,PASS,
81,RYW,normal,netem delay 25ms 25ms,ALL,ALL,cassandra2,cassandra1,cassandra2,False,1,2,2,True,True,PASS,
82,RYW,normal,netem delay 25ms 25ms,ALL,ALL,cassandra2,cassandra3,cassandra3,True,1,2,2,True,True,PASS,
83,RYW,normal,netem delay 25ms 25ms,ALL,ALL,cassandra2,cassandra3,cassandra2,False,1,2,2,True,True,PASS,
84,RYW,normal,netem delay 25ms 25ms,ALL,ALL,cassandra1,cassandra3,cassandra3,True,1,2,2,True,True,PASS,
85,RYW,normal,netem delay 25ms 25ms,ALL,ALL,cassandra2,cassandra3,cassandra2,False,1,2,2,True,True,PASS,
86,RYW,normal,netem delay 25ms 25ms,ALL,ALL,cassandra2,cassandra3,cassandra2,False,1,2,2,True,True,PASS,
87,RYW,normal,netem delay 25ms 25ms,ALL,ALL,cassandra3,cassandra2,cassandra1,False,1,2,2,True,True,PASS,
88,RYW,normal,netem delay 25ms 25ms,ALL,ALL,cassandra1,cassandra1,cassandra2,False,1,2,2,True,True,PASS,
89,RYW,normal,netem delay 25ms 25ms,ALL,ALL,cassandra1,cassandra3,cassandra3,True,1,2,2,True,True,PASS,
90,RYW,normal,netem delay 25ms 25ms,ALL,ALL,cassandra2,cassandra2,cassandra3,False,1,2,2,True,True,PASS,
91,RYW,normal,netem delay 25ms 25ms,ALL,ALL,cassandra2,cassandra3,cassandra1,False,1,2,2,True,True,PASS,
92,RYW,normal,netem delay 25ms 25ms,ALL,ALL,cassandra3,cassandra3,cassandra2,False,1,2,2,True,True,PASS,
93,RYW,normal,netem delay 25ms 25ms,ALL,ALL,cassandra1,cassandra3,cassandra3,True,1,2,2,True,True,PASS,
94,RYW,normal,netem delay 25ms 25ms,ALL,ALL,cassandra3,cassandra2,cassandra3,False,1,2,2,True,True,PASS,
95,RYW,normal,netem delay 25ms 25ms,ALL,ALL,cassandra3,cassandra3,cassandra2,False,1,2,2,True,True,PASS,
96,RYW,normal,netem delay 25ms 25ms,ALL,ALL,cassandra2,cassandra2,cassandra3,False,1,2,2,True,True,PASS,
97,RYW,normal,netem delay 25ms 25ms,ALL,ALL,cassandra1,cassandra3,cassandra1,False,1,2,2,True,True,PASS,
98,RYW,normal,netem delay 25ms 25ms,ALL,ALL,cassandra2,cassandra1,cassandra1,True,1,2,2,True,True,PASS,
99,RYW,normal,netem delay 25ms 25ms,ALL,ALL,cassandra2,cassandra3,cassandra3,True,1,2,2,True,True,PASS,
100,RYW,normal,netem delay 25ms 25ms,ALL,ALL,cassandra1,cassandra3,cassandra2,False,1,2,2,True,True,PASS,
101,RYW,normal,netem delay 25ms 25ms,ALL,ALL,cassandra2,cassandra3,cassandra2,False,1,2,2,True,True,PASS,
102,RYW,normal,netem delay 25ms 25ms,ALL,ALL,cassandra2,cassandra2,cassandra1,False,1,2,2,True,True,PASS,
103,RYW,normal,netem delay 25ms 25ms,ALL,ALL,cassandra1,cassandra3,cassandra1,False,1,2,2,True,True,PASS,
104,RYW,normal,netem delay 25ms 25ms,ALL,ALL,cassandra2,cassandra3,cassandra1,False,1,2,2,True,True,PASS,
105,RYW,normal,netem delay 25ms 25ms,ALL,ALL,cassandra2,cassandra1,cassandra3,False,1,2,2,True,True,PASS,
106,RYW,normal,netem delay 25ms 25ms,ALL,ALL,cassandra1,cassandra2,cassandra3,False,1,2,2,True,True,PASS,
107,RYW,normal,netem delay 25ms 25ms,ALL,ALL,cassandra3,cassandra2,cassandra2,True,1,2,2,True,True,PASS,
108,RYW,normal,netem delay 25ms 25ms,ALL,ALL,cassandra2,cassandra2,cassandra1,False,1,2,2,True,True,PASS,
109,RYW,normal,netem delay 25ms 25ms,ALL,ALL,cassandra2,cassandra3,cassandra2,False,1,2,2,True,True,PASS,
110,RYW,normal,netem delay 25ms 25ms,ALL,ALL,cassandra3,cassandra2,cassandra3,False,1,2,2,True,True,PASS,
111,RYW,normal,netem delay 25ms 25ms,ALL,ALL,cassandra3,cassandra2,cassandra2,True,1,2,2,True,True,PASS,
112,RYW,normal,netem delay 25ms 25ms,ALL,ALL,cassandra1,cassandra3,cassandra3,True,1,2,2,True,True,PASS,
113,RYW,normal,netem delay 25ms 25ms,ALL,ALL,cassandra2,cassandra2,cassandra2,True,1,2,2,True,True,PASS,
114,RYW,normal,netem delay 25ms 25ms,ALL,ALL,cassandra1,cassandra2,cassandra2,True,1,2,2,True,True,PASS,
115,RYW,normal,netem delay 25ms 25ms,ALL,ALL,cassandra3,cassandra2,cassandra2,True,1,2,2,True,True,PASS,
116,RYW,normal,netem delay 25ms 25ms,ALL,ALL,cassandra2,cassandra2,cassandra3,False,1,2,2,True,True,PASS,
117,RYW,normal,netem delay 25ms 25ms,ALL,ALL,cassandra3,cassandra1,cassandra3,False,1,2,2,True,True,PASS,
118,RYW,normal,netem delay 25ms 25ms,ALL,ALL,cassandra2,cassandra1,cassandra1,True,1,2,2,True,True,PASS,
119,RYW,normal,netem delay 25ms 25ms,ALL,ALL,cassandra3,cassandra2,cassandra3,False,1,2,2,True,True,PASS,
120,RYW,normal,netem delay 25ms 25ms,ALL,ALL,cassandra1,cassandra1,cassandra3,False,1,2,2,True,True,PASS,
121,RYW,normal,netem delay 25ms 25ms,ALL,ALL,cassandra2,cassandra2,cassandra2,True,1,2,2,True,True,PASS,
122,RYW,normal,netem delay 25ms 25ms,ALL,ALL,cassandra2,cassandra1,cassandra2,False,1,2,2,True,True,PASS,
123,RYW,normal,netem delay 25ms 25ms,ALL,ALL,cassandra2,cassandra1,cassandra1,True,1,2,2,True,True,PASS,
124,RYW,normal,netem delay 25ms 25ms,ALL,ALL,cassandra2,cassandra3,cassandra3,True,1,2,2,True,True,PASS,
125,RYW,normal,netem delay 25ms 25ms,ALL,ALL,cassandra1,cassandra1,cassandra2,False,1,2,2,True,True,PASS,
126,RYW,normal,netem delay 25ms 25ms,ALL,ALL,cassandra1,cassandra1,cassandra1,True,1,2,2,True,True,PASS,
127,RYW,normal,netem delay 25ms 25ms,ALL,ALL,cassandra3,cassandra3,cassandra2,False,1,2,2,True,True,PASS,
128,RYW,normal,netem delay 25ms 25ms,ALL,ALL,cassandra3,cassandra1,cassandra2,False,1,2,2,True,True,PASS,
129,RYW,normal,netem delay 25ms 25ms,ALL,ALL,cassandra1,cassandra3,cassandra2,False,1,2,2,True,True,PASS,
130,RYW,normal,netem delay 25ms 25ms,ALL,ALL,cassandra1,cassandra2,cassandra2,True,1,2,2,True,True,PASS,
131,RYW,normal,netem delay 25ms 25ms,ALL,ALL,cassandra2,cassandra1,cassandra3,False,1,2,2,True,True,PASS,
132,RYW,normal,netem delay 25ms 25ms,ALL,ALL,cassandra3,cassandra2,cassandra3,False,1,2,2,True,True,PASS,
133,RYW,normal,netem delay 25ms 25ms,ALL,ALL,cassandra2,cassandra3,cassandra3,True,1,2,2,True,True,PASS,
134,RYW,normal,netem delay 25ms 25ms,ALL,ALL,cassandra1,cassandra1,cassandra3,False,1,2,2,True,True,PASS,
135,RYW,normal,netem delay 25ms 25ms,ALL,ALL,cassandra3,cassandra3,cassandra1,False,1,2,2,True,True,PASS,
136,RYW,normal,netem delay 25ms 25ms,ALL,ALL,cassandra2,cassandra2,cassandra3,False,1,2,2,True,True,PASS,
137,RYW,normal,netem delay 25ms 25ms,ALL,ALL,cassandra3,cassandra2,cassandra2,True,1,2,2,True,True,PASS,
138,RYW,normal,netem delay 25ms 25ms,ALL,ALL,cassandra3,cassandra2,cassandra3,False,1,2,2,True,True,PASS,
139,RYW,normal,netem delay 25ms 25ms,ALL,ALL,cassandra2,cassandra3,cassandra1,False,1,2,2,True,True,PASS,
140,RYW,normal,netem delay 25ms 25ms,ALL,ALL,cassandra3,cassandra2,cassandra2,True,1,2,2,True,True,PASS,
141,RYW,normal,netem delay 25ms 25ms,ALL,ALL,cassandra3,cassandra3,cassandra2,False,1,2,2,True,True,PASS,
142,RYW,normal,netem delay 25ms 25ms,ALL,ALL,cassandra3,cassandra1,cassandra2,False,1,2,2,True,True,PASS,
143,RYW,normal,netem delay 25ms 25ms,ALL,ALL,cassandra3,cassandra3,cassandra3,True,1,2,2,True,True,PASS,
144,RYW,normal,netem delay 25ms 25ms,ALL,ALL,cassandra3,cassandra2,cassandra1,False,1,2,2,True,True,PASS,
145,RYW,normal,netem delay 25ms 25ms,ALL,ALL,cassandra2,cassandra2,cassandra2,True,1,2,2,True,True,PASS,
146,RYW,normal,netem delay 25ms 25ms,ALL,ALL,cassandra3,cassandra2,cassandra3,False,1,2,2,True,True,PASS,
147,RYW,normal,netem delay 25ms 25ms,ALL,ALL,cassandra1,cassandra2,cassandra3,False,1,2,2,True,True,PASS,
148,RYW,normal,netem delay 25ms 25ms,ALL,ALL,cassandra2,cassandra3,cassandra1,False,1,2,2,True,True,PASS,
149,RYW,normal,netem delay 25ms 25ms,ALL,ALL,cassandra3,cassandra3,cassandra2,False,1,2,2,True,True,PASS,
150,RYW,normal,netem delay 25ms 25ms,ALL,ALL,cassandra2,cassandra2,cassandra2,True,1,2,2,True,True,PASS,
151,RYW,normal,netem delay 25ms 25ms,ALL,ALL,cassandra1,cassandra2,cassandra3,False,1,2,2,True,True,PASS,
152,RYW,normal,netem delay 25ms 25ms,ALL,ALL,cassandra2,cassandra1,cassandra3,False,1,2,2,True,True,PASS,
153,RYW,normal,netem delay 25ms 25ms,ALL,ALL,cassandra2,cassandra1,cassandra3,False,1,2,2,True,True,PASS,
154,RYW,normal,netem delay 25ms 25ms,ALL,ALL,cassandra1,cassandra1,cassandra1,True,1,2,2,True,True,PASS,
155,RYW,normal,netem delay 25ms 25ms,ALL,ALL,cassandra2,cassandra1,cassandra2,False,1,2,2,True,True,PASS,
156,RYW,normal,netem delay 25ms 25ms,ALL,ALL,cassandra1,cassandra1,cassandra3,False,1,2,2,True,True,PASS,
157,RYW,normal,netem delay 25ms 25ms,ALL,ALL,cassandra1,cassandra2,cassandra1,False,1,2,2,True,True,PASS,
158,RYW,normal,netem delay 25ms 25ms,ALL,ALL,cassandra1,cassandra3,cassandra1,False,1,2,2,True,True,PASS,
159,RYW,normal,netem delay 25ms 25ms,ALL,ALL,cassandra2,cassandra3,cassandra2,False,1,2,2,True,True,PASS,
160,RYW,normal,netem delay 25ms 25ms,ALL,ALL,cassandra3,cassandra2,cassandra3,False,1,2,2,True,True,PASS,
161,RYW,normal,netem delay 25ms 25ms,ALL,ALL,cassandra3,cassandra3,cassandra1,False,1,2,2,True,True,PASS,
162,RYW,normal,netem delay 25ms 25ms,ALL,ALL,cassandra3,cassandra3,cassandra2,False,1,2,2,True,True,PASS,
163,RYW,normal,netem delay 25ms 25ms,ALL,ALL,cassandra1,cassandra3,cassandra3,True,1,2,2,True,True,PASS,
164,RYW,normal,netem delay 25ms 25ms,ALL,ALL,cassandra2,cassandra1,cassandra3,False,1,2,2,True,True,PASS,
165,RYW,normal,netem delay 25ms 25ms,ALL,ALL,cassandra2,cassandra2,cassandra2,True,1,2,2,True,True,PASS,
166,RYW,normal,netem delay 25ms 25ms,ALL,ALL,cassandra3,cassandra3,cassandra3,True,1,2,2,True,True,PASS,
167,RYW,normal,netem delay 25ms 25ms,ALL,ALL,cassandra3,cassandra2,cassandra3,False,1,2,2,True,True,PASS,
168,RYW,normal,netem delay 25ms 25ms,ALL,ALL,cassandra1,cassandra2,cassandra1,False,1,2,2,True,True,PASS,
169,RYW,normal,netem delay 25ms 25ms,ALL,ALL,cassandra3,cassandra3,cassandra3,True,1,2,2,True,True,PASS,
170,RYW,normal,netem delay 25ms 25ms,ALL,ALL,cassandra3,cassandra1,cassandra1,True,1,2,2,True,True,PASS,
171,RYW,normal,netem delay 25ms 25ms,ALL,ALL,cassandra3,cassandra2,cassandra2,True,1,2,2,True,True,PASS,
172,RYW,normal,netem delay 25ms 25ms,ALL,ALL,cassandra3,cassandra2,cassandra1,False,1,2,2,True,True,PASS,
173,RYW,normal,netem delay 25ms 25ms,ALL,ALL,cassandra2,cassandra3,cassandra1,False,1,2,2,True,True,PASS,
174,RYW,normal,netem delay 25ms 25ms,ALL,ALL,cassandra2,cassandra1,cassandra3,False,1,2,2,True,True,PASS,
175,RYW,normal,netem delay 25ms 25ms,ALL,ALL,cassandra1,cassandra1,cassandra2,False,1,2,2,True,True,PASS,
176,RYW,normal,netem delay 25ms 25ms,ALL,ALL,cassandra3,cassandra1,cassandra1,True,1,2,2,True,True,PASS,
177,RYW,normal,netem delay 25ms 25ms,ALL,ALL,cassandra2,cassandra2,cassandra1,False,1,2,2,True,True,PASS,
178,RYW,normal,netem delay 25ms 25ms,ALL,ALL,cassandra2,cassandra2,cassandra1,False,1,2,2,True,True,PASS,
179,RYW,normal,netem delay 25ms 25ms,ALL,ALL,cassandra2,cassandra3,cassandra2,False,1,2,2,True,True,PASS,
180,RYW,normal,netem delay 25ms 25ms,ALL,ALL,cassandra2,cassandra3,cassandra3,True,1,2,2,True,True,PASS,
181,RYW,normal,netem delay 25ms 25ms,ALL,ALL,cassandra1,cassandra2,cassandra3,False,1,2,2,True,True,PASS,
182,RYW,normal,netem delay 25ms 25ms,ALL,ALL,cassandra1,cassandra2,cassandra2,True,1,2,2,True,True,PASS,
183,RYW,normal,netem delay 25ms 25ms,ALL,ALL,cassandra3,cassandra2,cassandra1,False,1,2,2,True,True,PASS,
184,RYW,normal,netem delay 25ms 25ms,ALL,ALL,cassandra3,cassandra3,cassandra1,False,1,2,2,True,True,PASS,
185,RYW,normal,netem delay 25ms 25ms,ALL,ALL,cassandra1,cassandra2,cassandra1,False,1,2,2,True,True,PASS,
186,RYW,normal,netem delay 25ms 25ms,ALL,ALL,cassandra2,cassandra2,cassandra3,False,1,2,2,True,True,PASS,
187,RYW,normal,netem delay 25ms 25ms,ALL,ALL,cassandra1,cassandra1,cassandra1,True,1,2,2,True,True,PASS,
188,RYW,normal,netem delay 25ms 25ms,ALL,ALL,cassandra3,cassandra1,cassandra2,False,1,2,2,True,True,PASS,
189,RYW,normal,netem delay 25ms 25ms,ALL,ALL,cassandra2,cassandra3,cassandra3,True,1,2,2,True,True,PASS,
190,RYW,normal,netem delay 25ms 25ms,ALL,ALL,cassandra3,cassandra1,cassandra1,True,1,2,2,True,True,PASS,
191,RYW,normal,netem delay 25ms 25ms,ALL,ALL,cassandra2,cassandra2,cassandra1,False,1,2,2,True,True,PASS,
192,RYW,normal,netem delay 25ms 25ms,ALL,ALL,cassandra2,cassandra1,cassandra1,True,1,2,2,True,True,PASS,
193,RYW,normal,netem delay 25ms 25ms,ALL,ALL,cassandra2,cassandra2,cassandra1,False,1,2,2,True,True,PASS,
194,RYW,normal,netem delay 25ms 25ms,ALL,ALL,cassandra3,cassandra2,cassandra3,False,1,2,2,True,True,PASS,
195,RYW,normal,netem delay 25ms 25ms,ALL,ALL,cassandra3,cassandra1,cassandra1,True,1,2,2,True,True,PASS,
196,RYW,normal,netem delay 25ms 25ms,ALL,ALL,cassandra3,cassandra1,cassandra1,True,1,2,2,True,True,PASS,
197,RYW,normal,netem delay 25ms 25ms,ALL,ALL,cassandra1,cassandra2,cassandra3,False,1,2,2,True,True,PASS,
198,RYW,normal,netem delay 25ms 25ms,ALL,ALL,cassandra3,cassandra1,cassandra3,False,1,2,2,True,True,PASS,
199,RYW,normal,netem delay 25ms 25ms,ALL,ALL,cassandra1,cassandra3,cassandra2,False,1,2,2,True,True,PASS,
200,RYW,normal,netem delay 25ms 25ms,ALL,ALL,cassandra3,cassandra2,cassandra3,False,1,2,2,True,True,PASS,
