trial,property,scenario,network_delay,write_cl,read_cl,setup_attempts,write_completed,expected_reads,completed_reads,regressions,observed_sequence,result,error
1,MONOTONIC_READS,normal,netem delay 25ms 25ms,ONE,ONE,1,True,5,5,0,2|2|2|2|2,PASS,
2,MONOTONIC_READS,normal,netem delay 25ms 25ms,ONE,ONE,1,True,5,5,0,2|2|2|2|2,PASS,
3,MONOTONIC_READS,normal,netem delay 25ms 25ms,ONE,ONE,1,True,5,5,0,2|2|2|2|2,PASS,
4,MONOTONIC_READS,normal,netem delay 25ms 25ms,ONE,ONE,1,True,5,5,0,1|2|2|2|2,PASS,
5,MONOTONIC_READS,normal,netem delay 25ms 25ms,ONE,ONE,1,True,5,5,0,2|2|2|2|2,PASS,
6,MONOTONIC_READS,normal,netem delay 25ms 25ms,ONE,ONE,1,True,5,5,0,2|2|2|2|2,PASS,
7,MONOTONIC_READS,normal,netem delay 25ms 25ms,ONE,ONE,1,True,5,5,0,2|2|2|2|2,PASS,
8,MONOTONIC_READS,normal,netem delay 25ms 25ms,ONE,ONE,1,True,5,5,0,2|2|2|2|2,PASS,
9,MONOTONIC_READS,normal,netem delay 25ms 25ms,ONE,ONE,1,True,5,5,0,2|2|2|2|2,PASS,
10,MONOTONIC_READS,normal,netem delay 25ms 25ms,ONE,ONE,1,True,5,5,0,2|2|2|2|2,PASS,
11,MONOTONIC_READS,normal,netem delay 25ms 25ms,ONE,ONE,1,True,5,5,0,1|2|2|2|2,PASS,
12,MONOTONIC_READS,normal,netem delay 25ms 25ms,ONE,ONE,1,True,5,5,0,2|2|2|2|2,PASS,
13,MONOTONIC_READS,normal,netem delay 25ms 25ms,ONE,ONE,1,True,5,5,0,2|2|2|2|2,PASS,
14,MONOTONIC_READS,normal,netem delay 25ms 25ms,ONE,ONE,1,True,5,5,0,2|2|2|2|2,PASS,
15,MONOTONIC_READS,normal,netem delay 25ms 25ms,ONE,ONE,1,True,5,5,0,2|2|2|2|2,PASS,
16,MONOTONIC_READS,normal,netem delay 25ms 25ms,ONE,ONE,1,True,5,5,0,2|2|2|2|2,PASS,
17,MONOTONIC_READS,normal,netem delay 25ms 25ms,ONE,ONE,1,True,5,5,0,2|2|2|2|2,PASS,
18,MONOTONIC_READS,normal,netem delay 25ms 25ms,ONE,ONE,1,True,5,5,0,2|2|2|2|2,PASS,
19,MONOTONIC_READS,normal,netem delay 25ms 25ms,ONE,ONE,1,True,5,5,0,2|2|2|2|2,PASS,
20,MONOTONIC_READS,normal,netem delay 25ms 25ms,ONE,ONE,1,True,5,5,0,1|2|2|2|2,PASS,
21,MONOTONIC_READS,normal,netem delay 25ms 25ms,ONE,ONE,1,True,5,5,0,2|2|2|2|2,PASS,
22,MONOTONIC_READS,normal,netem delay 25ms 25ms,ONE,ONE,1,True,5,5,0,2|2|2|2|2,PASS,
23,MONOTONIC_READS,normal,netem delay 25ms 25ms,ONE,ONE,1,True,5,5,0,2|2|2|2|2,PASS,
24,MONOTONIC_READS,normal,netem delay 25ms 25ms,ONE,ONE,1,True,5,5,0,2|2|2|2|2,PASS,
25,MONOTONIC_READS,normal,netem delay 25ms 25ms,ONE,ONE,1,True,5,5,0,1|2|2|2|2,PASS,
26,MONOTONIC_READS,normal,netem delay 25ms 25ms,ONE,ONE,1,True,5,5,0,2|2|2|2|2,PASS,
27,MONOTONIC_READS,normal,netem delay 25ms 25ms,ONE,ONE,1,True,5,5,0,2|2|2|2|2,PASS,
28,MONOTONIC_READS,normal,netem delay 25ms 25ms,ONE,ONE,1,True,5,5,0,2|2|2|2|2,PASS,
29,MONOTONIC_READS,normal,netem delay 25ms 25ms,ONE,ONE,1,True,5,5,0,1|2|2|2|2,PASS,
30,MONOTONIC_READS,normal,netem delay 25ms 25ms,ONE,ONE,1,True,5,5,0,2|2|2|2|2,PASS,
31,MONOTONIC_READS,normal,netem delay 25ms 25ms,ONE,ONE,1,True,5,5,0,2|2|2|2|2,PASS,
32,MONOTONIC_READS,normal,netem delay 25ms 25ms,ONE,ONE,1,True,5,5,0,1|2|2|2|2,PASS,
33,MONOTONIC_READS,normal,netem delay 25ms 25ms,ONE,ONE,1,True,5,5,0,2|2|2|2|2,PASS,
34,MONOTONIC_READS,normal,netem delay 25ms 25ms,ONE,ONE,1,True,5,5,0,2|2|2|2|2,PASS,
35,MONOTONIC_READS,normal,netem delay 25ms 25ms,ONE,ONE,1,True,5,5,0,2|2|2|2|2,PASS,
36,MONOTONIC_READS,normal,netem delay 25ms 25ms,ONE,ONE,1,True,5,5,0,2|2|2|2|2,PASS,
37,MONOTONIC_READS,normal,netem delay 25ms 25ms,ONE,ONE,1,True,5,5,0,2|2|2|2|2,PASS,
38,MONOTONIC_READS,normal,netem delay 25ms 25ms,ONE,ONE,1,True,5,5,0,1|2|2|2|2,PASS,
39,MONOTONIC_READS,normal,netem delay 25ms 25ms,ONE,ONE,1,True,5,5,0,2|2|2|2|2,PASS,
40,MONOTONIC_READS,normal,netem delay 25ms 25ms,ONE,ONE,1,True,5,5,0,2|2|2|2|2,PASS,
41,MONOTONIC_READS,normal,netem delay 25ms 25ms,ONE,ONE,1,True,5,5,0,1|2|2|2|2,PASS,
42,MONOTONIC_READS,normal,netem delay 25ms 25ms,ONE,ONE,1,True,5,5,0,2|2|2|2|2,PASS,
43,MONOTONIC_READS,normal,netem delay 25ms 25ms,ONE,ONE,1,True,5,5,0,2|2|2|2|2,PASS,
44,MONOTONIC_READS,normal,netem delay 25ms 25ms,ONE,ONE,1,True,5,5,0,2|2|2|2|2,PASS,
45,MONOTONIC_READS,normal,netem delay 25ms 25ms,ONE,ONE,1,True,5,5,0,2|2|2|2|2,PASS,
46,MONOTONIC_READS,normal,netem delay 25ms 25ms,ONE,ONE,1,True,5,5,0,2|2|2|2|2,PASS,
47,MONOTONIC_READS,normal,netem delay 25ms 25ms,ONE,ONE,1,True,5,5,0,2|2|2|2|2,PASS,
48,MONOTONIC_READS,normal,netem delay 25ms 25ms,ONE,ONE,1,True,5,5,1,2|1|2|2|2,FAIL,
49,MONOTONIC_READS,normal,netem delay 25ms 25ms,ONE,ONE,1,True,5,5,0,2|2|2|2|2,PASS,
50,MONOTONIC_READS,normal,netem delay 25ms 25ms,ONE,ONE,1,True,5,5,0,2|2|2|2|2,PASS,
51,MONOTONIC_READS,normal,netem delay 25ms 25ms,ONE,ONE,1,True,5,5,0,2|2|2|2|2,PASS,
52,MONOTONIC_READS,normal,netem delay 25ms 25ms,ONE,ONE,1,True,5,5,0,1|2|2|2|2,PASS,
53,MONOTONIC_READS,normal,netem delay 25ms 25ms,ONE,ONE,1,True,5,5,0,2|2|2|2|2,PASS,
54,MONOTONIC_READS,normal,netem delay 25ms 25ms,ONE,ONE,1,True,5,5,0,2|2|2|2|2,PASS,
55,MONOTONIC_READS,normal,netem delay 25ms 25ms,ONE,ONE,1,True,5,5,0,1|2|2|2|2,PASS,
56,MONOTONIC_READS,normal,netem delay 25ms 25ms,ONE,ONE,1,True,5,5,0,2|2|2|2|2,PASS,
57,MONOTONIC_READS,normal,netem delay 25ms 25ms,ONE,ONE,1,True,5,5,0,2|2|2|2|2,PASS,
58,MONOTONIC_READS,normal,netem delay 25ms 25ms,ONE,ONE,1,True,5,5,0,1|2|2|2|2,PASS,
59,MONOTONIC_READS,normal,netem delay 25ms 25ms,ONE,ONE,1,True,5,5,0,2|2|2|2|2,PASS,
60,MONOTONIC_READS,normal,netem delay 25ms 25ms,ONE,ONE,1,True,5,5,0,2|2|2|2|2,PASS,
61,MONOTONIC_READS,normal,netem delay 25ms 25ms,ONE,ONE,1,True,5,5,0,2|2|2|2|2,PASS,
62,MONOTONIC_READS,normal,netem delay 25ms 25ms,ONE,ONE,1,True,5,5,0,2|2|2|2|2,PASS,
63,MONOTONIC_READS,normal,netem delay 25ms 25ms,ONE,ONE,1,True,5,5,0,1|2|2|2|2,PASS,
64,MONOTONIC_READS,normal,netem delay 25ms 25ms,ONE,ONE,1,True,5,5,0,2|2|2|2|2,PASS,
65,MONOTONIC_READS,normal,netem delay 25ms 25ms,ONE,ONE,1,True,5,5,0,2|2|2|2|2,PASS,
66,MONOTONIC_READS,normal,netem delay 25ms 25ms,ONE,ONE,1,True,5,5,0,2|2|2|2|2,PASS,
67,MONOTONIC_READS,normal,netem delay 25ms 25ms,ONE,ONE,1,True,5,5,0,2|2|2|2|2,PASS,
68,MONOTONIC_READS,normal,netem delay 25ms 25ms,ONE,ONE,1,True,5,5,0,2|2|2|2|2,PASS,
69,MONOTONIC_READS,normal,netem delay 25ms 25ms,ONE,ONE,1,True,5,5,0,2|2|2|2|2,PASS,
70,MONOTONIC_READS,normal,netem delay 25ms 25ms,ONE,ONE,1,True,5,5,0,2|2|2|2|2,PASS,
71,MONOTONIC_READS,normal,netem delay 25ms 25ms,ONE,ONE,1,True,5,5,0,2|2|2|2|2,PASS,
72,MONOTONIC_READS,normal,netem delay 25ms 25ms,ONE,ONE,1,True,5,5,0,2|2|2|2|2,PASS,
73,MONOTONIC_READS,normal,netem delay 25ms 25ms,ONE,ONE,1,True,5,5,0,2|2|2|2|2,PASS,
74,MONOTONIC_READS,normal,netem delay 25ms 25ms,ONE,ONE,1,True,5,5,0,1|2|2|2|2,PASS,
75,MONOTONIC_READS,normal,netem delay 25ms 25ms,ONE,ONE,1,True,5,5,0,2|2|2|2|2,PASS,
76,MONOTONIC_READS,normal,netem delay 25ms 25ms,ONE,ONE,1,True,5,5,0,2|2|2|2|2,PASS,
77,MONOTONIC_READS,normal,netem delay 25ms 25ms,ONE,ONE,1,True,5,5,0,2|2|2|2|2,PASS,
78,MONOTONIC_READS,normal,netem delay 25ms 25ms,ONE,ONE,1,True,5,5,0,2|2|2|2|2,PASS,
79,MONOTONIC_READS,normal,netem delay 25ms 25ms,ONE,ONE,1,True,5,5,0,2|2|2|2|2,PASS,
80,MONOTONIC_READS,normal,netem delay 25ms 25ms,ONE,ONE,1,True,5,5,0,2|2|2|2|2,PASS,
81,MONOTONIC_READS,normal,netem delay 25ms 25ms,ONE,ONE,1,True,5,5,0,2|2|2|2|2,PASS,
82,MONOTONIC_READS,normal,netem delay 25ms 25ms,ONE,ONE,1,True,5,5,0,1|2|2|2|2,PASS,
83,MONOTONIC_READS,normal,netem delay 25ms 25ms,ONE,ONE,1,True,5,5,0,2|2|2|2|2,PASS,
84,MONOTONIC_READS,normal,netem delay 25ms 25ms,ONE,ONE,1,True,5,5,0,2|2|2|2|2,PASS,
85,MONOTONIC_READS,normal,netem delay 25ms 25ms,ONE,ONE,1,True,5,5,0,2|2|2|2|2,PASS,
86,MONOTONIC_READS,normal,netem delay 25ms 25ms,ONE,ONE,1,True,5,5,0,2|2|2|2|2,PASS,
87,MONOTONIC_READS,normal,netem delay 25ms 25ms,ONE,ONE,1,True,5,5,0,2|2|2|2|2,PASS,
88,MONOTONIC_READS,normal,netem delay 25ms 25ms,ONE,ONE,1,True,5,5,0,2|2|2|2|2,PASS,
89,MONOTONIC_READS,normal,netem delay 25ms 25ms,ONE,ONE,1,True,5,5,0,2|2|2|2|2,PASS,
90,MONOTONIC_READS,normal,netem delay 25ms 25ms,ONE,ONE,1,True,5,5,0,2|2|2|2|2,PASS,
91,MONOTONIC_READS,normal,netem delay 25ms 25ms,ONE,ONE,1,True,5,5,0,2|2|2|2|2,PASS,
92,MONOTONIC_READS,normal,netem delay 25ms 25ms,ONE,ONE,1,True,5,5,0,2|2|2|2|2,PASS,
93,MONOTONIC_READS,normal,netem delay 25ms 25ms,ONE,ONE,1,True,5,5,0,2|2|2|2|2,PASS,
94,MONOTONIC_READS,normal,netem delay 25ms 25ms,ONE,ONE,1,True,5,5,0,2|2|2|2|2,PASS,
95,MONOTONIC_READS,normal,netem delay 25ms 25ms,ONE,ONE,1,True,5,5,0,2|2|2|2|2,PASS,
96,MONOTONIC_READS,normal,netem delay 25ms 25ms,ONE,ONE,1,True,5,5,0,2|2|2|2|2,PASS,
97,MONOTONIC_READS,normal,netem delay 25ms 25ms,ONE,ONE,1,True,5,5,0,2|2|2|2|2,PASS,
98,MONOTONIC_READS,normal,netem delay 25ms 25ms,ONE,ONE,1,True,5,5,0,2|2|2|2|2,PASS,
99,MONOTONIC_READS,normal,netem delay 25ms 25ms,ONE,ONE,1,True,5,5,0,2|2|2|2|2,PASS,
100,MONOTONIC_READS,normal,netem delay 25ms 25ms,ONE,ONE,1,True,5,5,0,2|2|2|2|2,PASS,
101,MONOTONIC_READS,normal,netem delay 25ms 25ms,ONE,ONE,1,True,5,5,0,2|2|2|2|2,PASS,
102,MONOTONIC_READS,normal,netem delay 25ms 25ms,ONE,ONE,1,True,5,5,0,2|2|2|2|2,PASS,
103,MONOTONIC_READS,normal,netem delay 25ms 25ms,ONE,ONE,1,True,5,5,0,2|2|2|2|2,PASS,
104,MONOTONIC_READS,normal,netem delay 25ms 25ms,ONE,ONE,1,True,5,5,0,2|2|2|2|2,PASS,
105,MONOTONIC_READS,normal,netem delay 25ms 25ms,ONE,ONE,1,True,5,5,0,2|2|2|2|2,PASS,
106,MONOTONIC_READS,normal,netem delay 25ms 25ms,ONE,ONE,1,True,5,5,0,2|2|2|2|2,PASS,
107,MONOTONIC_READS,normal,netem delay 25ms 25ms,ONE,ONE,1,True,5,5,0,2|2|2|2|2,PASS,
108,MONOTONIC_READS,normal,netem delay 25ms 25ms,ONE,ONE,1,True,5,5,0,2|2|2|2|2,PASS,
109,MONOTONIC_READS,normal,netem delay 25ms 25ms,ONE,ONE,1,True,5,5,0,2|2|2|2|2,PASS,
110,MONOTONIC_READS,normal,netem delay 25ms 25ms,ONE,ONE,1,True,5,5,0,1|2|2|2|2,PASS,
111,MONOTONIC_READS,normal,netem delay 25ms 25ms,ONE,ONE,1,True,5,5,0,2|2|2|2|2,PASS,
112,MONOTONIC_READS,normal,netem delay 25ms 25ms,ONE,ONE,1,True,5,5,0,2|2|2|2|2,PASS,
113,MONOTONIC_READS,normal,netem delay 25ms 25ms,ONE,ONE,1,True,5,5,0,1|2|2|2|2,PASS,
114,MONOTONIC_READS,normal,netem delay 25ms 25ms,ONE,ONE,1,True,5,5,0,2|2|2|2|2,PASS,
115,MONOTONIC_READS,normal,netem delay 25ms 25ms,ONE,ONE,1,True,5,5,0,2|2|2|2|2,PASS,
116,MONOTONIC_READS,normal,netem delay 25ms 25ms,ONE,ONE,1,True,5,5,0,1|2|2|2|2,PASS,
117,MONOTONIC_READS,normal,netem delay 25ms 25ms,ONE,ONE,1,True,5,5,0,1|2|2|2|2,PASS,
118,MONOTONIC_READS,normal,netem delay 25ms 25ms,ONE,ONE,1,True,5,5,0,2|2|2|2|2,PASS,
119,MONOTONIC_READS,normal,netem delay 25ms 25ms,ONE,ONE,1,True,5,5,0,2|2|2|2|2,PASS,
120,MONOTONIC_READS,normal,netem delay 25ms 25ms,ONE,ONE,1,True,5,5,0,2|2|2|2|2,PASS,
121,MONOTONIC_READS,normal,netem delay 25ms 25ms,ONE,ONE,1,True,5,5,0,2|2|2|2|2,PASS,
122,MONOTONIC_READS,normal,netem delay 25ms 25ms,ONE,ONE,1,True,5,5,0,2|2|2|2|2,PASS,
123,MONOTONIC_READS,normal,netem delay 25ms 25ms,ONE,ONE,1,True,5,5,0,2|2|2|2|2,PASS,
124,MONOTONIC_READS,normal,netem delay 25ms 25ms,ONE,ONE,1,True,5,5,0,1|2|2|2|2,PASS,
125,MONOTONIC_READS,normal,netem delay 25ms 25ms,ONE,ONE,1,True,5,5,0,2|2|2|2|2,PASS,
126,MONOTONIC_READS,normal,netem delay 25ms 25ms,ONE,ONE,1,True,5,5,0,2|2|2|2|2,PASS,
127,MONOTONIC_READS,normal,netem delay 25ms 25ms,ONE,ONE,1,True,5,5,0,1|2|2|2|2,PASS,
128,MONOTONIC_READS,normal,netem delay 25ms 25ms,ONE,ONE,1,True,5,5,0,2|2|2|2|2,PASS,
129,MONOTONIC_READS,normal,netem delay 25ms 25ms,ONE,ONE,1,True,5,5,0,2|2|2|2|2,PASS,
130,MONOTONIC_READS,normal,netem delay 25ms 25ms,ONE,ONE,1,True,5,5,0,2|2|2|2|2,PASS,
131,MONOTONIC_READS,normal,netem delay 25ms 25ms,ONE,ONE,1,True,5,5,0,1|2|2|2|2,PASS,
132,MONOTONIC_READS,normal,netem delay 25ms 25ms,ONE,ONE,1,True,5,5,0,2|2|2|2|2,PASS,
133,MONOTONIC_READS,normal,netem delay 25ms 25ms,ONE,ONE,1,True,5,5,0,1|2|2|2|2,PASS,
134,MONOTONIC_READS,normal,netem delay 25ms 25ms,ONE,ONE,1,True,5,5,0,2|2|2|2|2,PASS,
135,MONOTONIC_READS,normal,netem delay 25ms 25ms,ONE,ONE,1,True,5,5,0,2|2|2|2|2,PASS,
136,MONOTONIC_READS,normal,netem delay 25ms 25ms,ONE,ONE,1,True,5,5,0,2|2|2|2|2,PASS,
137,MONOTONIC_READS,normal,netem delay 25ms 25ms,ONE,ONE,1,True,5,5,0,2|2|2|2|2,PASS,
138,MONOTONIC_READS,normal,netem delay 25ms 25ms,ONE,ONE,1,True,5,5,0,2|2|2|2|2,PASS,
139,MONOTONIC_READS,normal,netem delay 25ms 25ms,ONE,ONE,1,True,5,5,0,1|2|2|2|2,PASS,
140,MONOTONIC_READS,normal,netem delay 25ms 25ms,ONE,ONE,1,True,5,5,0,1|2|2|2|2,PASS,
141,MONOTONIC_READS,normal,netem delay 25ms 25ms,ONE,ONE,1,True,5,5,0,1|2|2|2|2,PASS,
142,MONOTONIC_READS,normal,netem delay 25ms 25ms,ONE,ONE,1,True,5,5,0,2|2|2|2|2,PASS,
143,MONOTONIC_READS,normal,netem delay 25ms 25ms,ONE,ONE,1,True,5,5,0,1|2|2|2|2,PASS,
144,MONOTONIC_READS,normal,netem delay 25ms 25ms,ONE,ONE,1,True,5,5,0,2|2|2|2|2,PASS,
145,MONOTONIC_READS,normal,netem delay 25ms 25ms,ONE,ONE,1,True,5,5,0,1|1|2|2|2,PASS,
146,MONOTONIC_READS,normal,netem delay 25ms 25ms,ONE,ONE,1,True,5,5,0,1|2|2|2|2,PASS,
147,MONOTONIC_READS,normal,netem delay 25ms 25ms,ONE,ONE,1,True,5,5,0,2|2|2|2|2,PASS,
148,MONOTONIC_READS,normal,netem delay 25ms 25ms,ONE,ONE,1,True,5,5,1,2|1|2|2|2,FAIL,
149,MONOTONIC_READS,normal,netem delay 25ms 25ms,ONE,ONE,1,True,5,5,0,2|2|2|2|2,PASS,
150,MONOTONIC_READS,normal,netem delay 25ms 25ms,ONE,ONE,1,True,5,5,0,2|2|2|2|2,PASS,
151,MONOTONIC_READS,normal,netem delay 25ms 25ms,ONE,ONE,1,True,5,5,0,2|2|2|2|2,PASS,
152,MONOTONIC_READS,normal,netem delay 25ms 25ms,ONE,ONE,1,True,5,5,0,2|2|2|2|2,PASS,
153,MONOTONIC_READS,normal,netem delay 25ms 25ms,ONE,ONE,1,True,5,5,0,2|2|2|2|2,PASS,
154,MONOTONIC_READS,normal,netem delay 25ms 25ms,ONE,ONE,1,True,5,5,0,2|2|2|2|2,PASS,
155,MONOTONIC_READS,normal,netem delay 25ms 25ms,ONE,ONE,1,True,5,5,0,2|2|2|2|2,PASS,
156,MONOTONIC_READS,normal,netem delay 25ms 25ms,ONE,ONE,1,True,5,5,0,2|2|2|2|2,PASS,
157,MONOTONIC_READS,normal,netem delay 25ms 25ms,ONE,ONE,1,True,5,5,0,2|2|2|2|2,PASS,
158,MONOTONIC_READS,normal,netem delay 25ms 25ms,ONE,ONE,1,True,5,5,0,2|2|2|2|2,PASS,
159,MONOTONIC_READS,normal,netem delay 25ms 25ms,ONE,ONE,1,True,5,5,0,2|2|2|2|2,PASS,
160,MONOTONIC_READS,normal,netem delay 25ms 25ms,ONE,ONE,1,True,5,5,0,2|2|2|2|2,PASS,
161,MONOTONIC_READS,normal,netem delay 25ms 25ms,ONE,ONE,1,True,5,5,0,2|2|2|2|2,PASS,
162,MONOTONIC_READS,normal,netem delay 25ms 25ms,ONE,ONE,1,True,5,5,0,2|2|2|2|2,PASS,
163,MONOTONIC_READS,normal,netem delay 25ms 25ms,ONE,ONE,1,True,5,5,0,2|2|2|2|2,PASS,
164,MONOTONIC_READS,normal,netem delay 25ms 25ms,ONE,ONE,1,True,5,5,0,2|2|2|2|2,PASS,
165,MONOTONIC_READS,normal,netem delay 25ms 25ms,ONE,ONE,1,True,5,5,0,1|2|2|2|2,PASS,
166,MONOTONIC_READS,normal,netem delay 25ms 25ms,ONE,ONE,1,True,5,5,0,2|2|2|2|2,PASS,
167,MONOTONIC_READS,normal,netem delay 25ms 25ms,ONE,ONE,1,True,5,5,0,2|2|2|2|2,PASS,
168,MONOTONIC_READS,normal,netem delay 25ms 25ms,ONE,ONE,1,True,5,5,0,2|2|2|2|2,PASS,
169,MONOTONIC_READS,normal,netem delay 25ms 25ms,ONE,ONE,1,True,5,5,0,2|2|2|2|2,PASS,
170,MONOTONIC_READS,normal,netem delay 25ms 25ms,ONE,ONE,1,True,5,5,0,2|2|2|2|2,PASS,
171,MONOTONIC_READS,normal,netem delay 25ms 25ms,ONE,ONE,1,True,5,5,0,1|2|2|2|2,PASS,
172,MONOTONIC_READS,normal,netem delay 25ms 25ms,ONE,ONE,1,True,5,5,0,2|2|2|2|2,PASS,
173,MONOTONIC_READS,normal,netem delay 25ms 25ms,ONE,ONE,1,True,5,5,0,2|2|2|2|2,PASS,
174,MONOTONIC_READS,normal,netem delay 25ms 25ms,ONE,ONE,1,True,5,5,0,2|2|2|2|2,PASS,
175,MONOTONIC_READS,normal,netem delay 25ms 25ms,ONE,ONE,1,True,5,5,0,2|2|2|2|2,PASS,
176,MONOTONIC_READS,normal,netem delay 25ms 25ms,ONE,ONE,1,True,5,5,0,2|2|2|2|2,PASS,
177,MONOTONIC_READS,normal,netem delay 25ms 25ms,ONE,ONE,1,True,5,5,0,2|2|2|2|2,PASS,
178,MONOTONIC_READS,normal,netem delay 25ms 25ms,ONE,ONE,1,True,5,5,0,2|2|2|2|2,PASS,
179,MONOTONIC_READS,normal,netem delay 25ms 25ms,ONE,ONE,1,True,5,5,0,2|2|2|2|2,PASS,
180,MONOTONIC_READS,normal,netem delay 25ms 25ms,ONE,ONE,1,True,5,5,0,2|2|2|2|2,PASS,
181,MONOTONIC_READS,normal,netem delay 25ms 25ms,ONE,ONE,1,True,5,5,0,1|2|2|2|2,PASS,
182,MONOTONIC_READS,normal,netem delay 25ms 25ms,ONE,ONE,1,True,5,5,0,2|2|2|2|2,PASS,
183,MONOTONIC_READS,normal,netem delay 25ms 25ms,ONE,ONE,1,True,5,5,0,2|2|2|2|2,PASS,
184,MONOTONIC_READS,normal,netem delay 25ms 25ms,ONE,ONE,1,True,5,5,0,2|2|2|2|2,PASS,
185,MONOTONIC_READS,normal,netem delay 25ms 25ms,ONE,ONE,1,True,5,5,0,2|2|2|2|2,PASS,
186,MONOTONIC_READS,normal,netem delay 25ms 25ms,ONE,ONE,1,True,5,5,1,2|1|2|2|2,FAIL,
187,MONOTONIC_READS,normal,netem delay 25ms 25ms,ONE,ONE,1,True,5,5,0,2|2|2|2|2,PASS,
188,MONOTONIC_READS,normal,netem delay 25ms 25ms,ONE,ONE,1,True,5,5,0,1|2|2|2|2,PASS,
189,MONOTONIC_READS,normal,netem delay 25ms 25ms,ONE,ONE,1,True,5,5,0,2|2|2|2|2,PASS,
190,MONOTONIC_READS,normal,netem delay 25ms 25ms,ONE,ONE,1,True,5,5,0,2|2|2|2|2,PASS,
191,MONOTONIC_READS,normal,netem delay 25ms 25ms,ONE,ONE,1,True,5,5,0,2|2|2|2|2,PASS,
192,MONOTONIC_READS,normal,netem delay 25ms 25ms,ONE,ONE,1,True,5,5,0,1|2|2|2|2,PASS,
193,MONOTONIC_READS,normal,netem delay 25ms 25ms,ONE,ONE,1,True,5,5,0,2|2|2|2|2,PASS,
194,MONOTONIC_READS,normal,netem delay 25ms 25ms,ONE,ONE,1,True,5,5,0,2|2|2|2|2,PASS,
195,MONOTONIC_READS,normal,netem delay 25ms 25ms,ONE,ONE,1,True,5,5,0,1|2|2|2|2,PASS,
196,MONOTONIC_READS,normal,netem delay 25ms 25ms,ONE,ONE,1,True,5,5,0,2|2|2|2|2,PASS,
197,MONOTONIC_READS,normal,netem delay 25ms 25ms,ONE,ONE,1,True,5,5,0,1|2|2|2|2,PASS,
198,MONOTONIC_READS,normal,netem delay 25ms 25ms,ONE,ONE,1,True,5,5,0,2|2|2|2|2,PASS,
199,MONOTONIC_READS,normal,netem delay 25ms 25ms,ONE,ONE,1,True,5,5,0,1|2|2|2|2,PASS,
200,MONOTONIC_READS,normal,netem delay 25ms 25ms,ONE,ONE,1,True,5,5,0,2|2|2|2|2,PASS,
1,MONOTONIC_READS,normal,netem delay 25ms 25ms,ONE,QUORUM,1,True,5,5,0,2|2|2|2|2,PASS,
2,MONOTONIC_READS,normal,netem delay 25ms 25ms,ONE,QUORUM,1,True,5,5,0,2|2|2|2|2,PASS,
3,MONOTONIC_READS,normal,netem delay 25ms 25ms,ONE,QUORUM,1,True,5,5,0,2|2|2|2|2,PASS,
4,MONOTONIC_READS,normal,netem delay 25ms 25ms,ONE,QUORUM,1,True,5,5,0,2|2|2|2|2,PASS,
5,MONOTONIC_READS,normal,netem delay 25ms 25ms,ONE,QUORUM,1,True,5,5,0,2|2|2|2|2,PASS,
6,MONOTONIC_READS,normal,netem delay 25ms 25ms,ONE,QUORUM,1,True,5,5,0,2|2|2|2|2,PASS,
7,MONOTONIC_READS,normal,netem delay 25ms 25ms,ONE,QUORUM,1,True,5,5,0,2|2|2|2|2,PASS,
8,MONOTONIC_READS,normal,netem delay 25ms 25ms,ONE,QUORUM,1,True,5,5,0,2|2|2|2|2,PASS,
9,MONOTONIC_READS,normal,netem delay 25ms 25ms,ONE,QUORUM,1,True,5,5,0,2|2|2|2|2,PASS,
10,MONOTONIC_READS,normal,netem delay 25ms 25ms,ONE,QUORUM,1,True,5,5,0,2|2|2|2|2,PASS,
11,MONOTONIC_READS,normal,netem delay 25ms 25ms,ONE,QUORUM,1,True,5,5,0,2|2|2|2|2,PASS,
12,MONOTONIC_READS,normal,netem delay 25ms 25ms,ONE,QUORUM,1,True,5,5,0,2|2|2|2|2,PASS,
13,MONOTONIC_READS,normal,netem delay 25ms 25ms,ONE,QUORUM,1,True,5,5,0,2|2|2|2|2,PASS,
14,MONOTONIC_READS,normal,netem delay 25ms 25ms,ONE,QUORUM,1,True,5,5,0,2|2|2|2|2,PASS,
15,MONOTONIC_READS,normal,netem delay 25ms 25ms,ONE,QUORUM,1,True,5,5,0,2|2|2|2|2,PASS,
16,MONOTONIC_READS,normal,netem delay 25ms 25ms,ONE,QUORUM,1,True,5,5,0,2|2|2|2|2,PASS,
17,MONOTONIC_READS,normal,netem delay 25ms 25ms,ONE,QUORUM,1,True,5,5,0,2|2|2|2|2,PASS,
18,MONOTONIC_READS,normal,netem delay 25ms 25ms,ONE,QUORUM,1,True,5,5,0,2|2|2|2|2,PASS,
19,MONOTONIC_READS,normal,netem delay 25ms 25ms,ONE,QUORUM,1,True,5,5,0,2|2|2|2|2,PASS,
20,MONOTONIC_READS,normal,netem delay 25ms 25ms,ONE,QUORUM,1,True,5,5,0,2|2|2|2|2,PASS,
21,MONOTONIC_READS,normal,netem delay 25ms 25ms,ONE,QUORUM,1,True,5,5,0,2|2|2|2|2,PASS,
22,MONOTONIC_READS,normal,netem delay 25ms 25ms,ONE,QUORUM,1,True,5,5,0,2|2|2|2|2,PASS,
23,MONOTONIC_READS,normal,netem delay 25ms 25ms,ONE,QUORUM,1,True,5,5,0,2|2|2|2|2,PASS,
24,MONOTONIC_READS,normal,netem delay 25ms 25ms,ONE,QUORUM,1,True,5,5,0,2|2|2|2|2,PASS,
25,MONOTONIC_READS,normal,netem delay 25ms 25ms,ONE,QUORUM,1,True,5,5,0,2|2|2|2|2,PASS,
26,MONOTONIC_READS,normal,netem delay 25ms 25ms,ONE,QUORUM,1,True,5,5,0,2|2|2|2|2,PASS,
27,MONOTONIC_READS,normal,netem delay 25ms 25ms,ONE,QUORUM,1,True,5,5,0,2|2|2|2|2,PASS,
28,MONOTONIC_READS,normal,netem delay 25ms 25ms,ONE,QUORUM,1,True,5,5,0,2|2|2|2|2,PASS,
29,MONOTONIC_READS,normal,netem delay 25ms 25ms,ONE,QUORUM,1,True,5,5,0,2|2|2|2|2,PASS,
30,MONOTONIC_READS,normal,netem delay 25ms 25ms,ONE,QUORUM,1,True,5,5,0,2|2|2|2|2,PASS,
31,MONOTONIC_READS,normal,netem delay 25ms 25ms,ONE,QUORUM,1,True,5,5,0,2|2|2|2|2,PASS,
32,MONOTONIC_READS,normal,netem delay 25ms 25ms,ONE,QUORUM,1,True,5,5,0,2|2|2|2|2,PASS,
33,MONOTONIC_READS,normal,netem delay 25ms 25ms,ONE,QUORUM,1,True,5,5,0,2|2|2|2|2,PASS,
34,MONOTONIC_READS,normal,netem delay 25ms 25ms,ONE,QUORUM,1,True,5,5,0,2|2|2|2|2,PASS,
35,MONOTONIC_READS,normal,netem delay 25ms 25ms,ONE,QUORUM,1,True,5,5,0,2|2|2|2|2,PASS,
36,MONOTONIC_READS,normal,netem delay 25ms 25ms,ONE,QUORUM,1,True,5,5,0,2|2|2|2|2,PASS,
37,MONOTONIC_READS,normal,netem delay 25ms 25ms,ONE,QUORUM,1,True,5,5,0,2|2|2|2|2,PASS,
38,MONOTONIC_READS,normal,netem delay 25ms 25ms,ONE,QUORUM,1,True,5,5,0,2|2|2|2|2,PASS,
39,MONOTONIC_READS,normal,netem delay 25ms 25ms,ONE,QUORUM,1,True,5,5,0,2|2|2|2|2,PASS,
40,MONOTONIC_READS,normal,netem delay 25ms 25ms,ONE,QUORUM,1,True,5,5,0,2|2|2|2|2,PASS,
41,MONOTONIC_READS,normal,netem delay 25ms 25ms,ONE,QUORUM,1,True,5,5,0,2|2|2|2|2,PASS,
42,MONOTONIC_READS,normal,netem delay 25ms 25ms,ONE,QUORUM,1,True,5,5,0,2|2|2|2|2,PASS,
43,MONOTONIC_READS,normal,netem delay 25ms 25ms,ONE,QUORUM,1,True,5,5,0,2|2|2|2|2,PASS,
44,MONOTONIC_READS,normal,netem delay 25ms 25ms,ONE,QUORUM,1,True,5,5,0,2|2|2|2|2,PASS,
45,MONOTONIC_READS,normal,netem delay 25ms 25ms,ONE,QUORUM,1,True,5,5,0,2|2|2|2|2,PASS,
46,MONOTONIC_READS,normal,netem delay 25ms 25ms,ONE,QUORUM,1,True,5,5,0,2|2|2|2|2,PASS,
47,MONOTONIC_READS,normal,netem delay 25ms 25ms,ONE,QUORUM,1,True,5,5,0,2|2|2|2|2,PASS,
48,MONOTONIC_READS,normal,netem delay 25ms 25ms,ONE,QUORUM,1,True,5,5,0,2|2|2|2|2,PASS,
49,MONOTONIC_READS,normal,netem delay 25ms 25ms,ONE,QUORUM,1,True,5,5,0,2|2|2|2|2,PASS,
50,MONOTONIC_READS,normal,netem delay 25ms 25ms,ONE,QUORUM,1,True,5,5,0,2|2|2|2|2,PASS,
51,MONOTONIC_READS,normal,netem delay 25ms 25ms,ONE,QUORUM,1,True,5,5,0,2|2|2|2|2,PASS,
52,MONOTONIC_READS,normal,netem delay 25ms 25ms,ONE,QUORUM,1,True,5,5,0,2|2|2|2|2,PASS,
53,MONOTONIC_READS,normal,netem delay 25ms 25ms,ONE,QUORUM,1,True,5,5,0,2|2|2|2|2,PASS,
54,MONOTONIC_READS,normal,netem delay 25ms 25ms,ONE,QUORUM,1,True,5,5,0,2|2|2|2|2,PASS,
55,MONOTONIC_READS,normal,netem delay 25ms 25ms,ONE,QUORUM,1,True,5,5,0,2|2|2|2|2,PASS,
56,MONOTONIC_READS,normal,netem delay 25ms 25ms,ONE,QUORUM,1,True,5,5,0,2|2|2|2|2,PASS,
57,MONOTONIC_READS,normal,netem delay 25ms 25ms,ONE,QUORUM,1,True,5,5,0,2|2|2|2|2,PASS,
58,MONOTONIC_READS,normal,netem delay 25ms 25ms,ONE,QUORUM,1,True,5,5,0,2|2|2|2|2,PASS,
59,MONOTONIC_READS,normal,netem delay 25ms 25ms,ONE,QUORUM,1,True,5,5,0,2|2|2|2|2,PASS,
60,MONOTONIC_READS,normal,netem delay 25ms 25ms,ONE,QUORUM,1,True,5,5,0,2|2|2|2|2,PASS,
61,MONOTONIC_READS,normal,netem delay 25ms 25ms,ONE,QUORUM,1,True,5,5,0,2|2|2|2|2,PASS,
62,MONOTONIC_READS,normal,netem delay 25ms 25ms,ONE,QUORUM,1,True,5,5,0,2|2|2|2|2,PASS,
63,MONOTONIC_READS,normal,netem delay 25ms 25ms,ONE,QUORUM,1,True,5,5,0,2|2|2|2|2,PASS,
64,MONOTONIC_READS,normal,netem delay 25ms 25ms,ONE,QUORUM,1,True,5,5,0,2|2|2|2|2,PASS,
65,MONOTONIC_READS,normal,netem delay 25ms 25ms,ONE,QUORUM,1,True,5,5,0,2|2|2|2|2,PASS,
66,MONOTONIC_READS,normal,netem delay 25ms 25ms,ONE,QUORUM,1,True,5,5,0,2|2|2|2|2,PASS,
67,MONOTONIC_READS,normal,netem delay 25ms 25ms,ONE,QUORUM,1,True,5,5,0,2|2|2|2|2,PASS,
68,MONOTONIC_READS,normal,netem delay 25ms 25ms,ONE,QUORUM,1,True,5,5,0,2|2|2|2|2,PASS,
69,MONOTONIC_READS,normal,netem delay 25ms 25ms,ONE,QUORUM,1,True,5,5,0,2|2|2|2|2,PASS,
70,MONOTONIC_READS,normal,netem delay 25ms 25ms,ONE,QUORUM,1,True,5,5,0,2|2|2|2|2,PASS,
71,MONOTONIC_READS,normal,netem delay 25ms 25ms,ONE,QUORUM,1,True,5,5,0,2|2|2|2|2,PASS,
72,MONOTONIC_READS,normal,netem delay 25ms 25ms,ONE,QUORUM,1,True,5,5,0,2|2|2|2|2,PASS,
73,MONOTONIC_READS,normal,netem delay 25ms 25ms,ONE,QUORUM,1,True,5,5,0,2|2|2|2|2,PASS,
74,MONOTONIC_READS,normal,netem delay 25ms 25ms,ONE,QUORUM,1,True,5,5,0,2|2|2|2|2,PASS,
75,MONOTONIC_READS,normal,netem delay 25ms 25ms,ONE,QUORUM,1,True,5,5,0,2|2|2|2|2,PASS,
76,MONOTONIC_READS,normal,netem delay 25ms 25ms,ONE,QUORUM,1,True,5,5,0,2|2|2|2|2,PASS,
77,MONOTONIC_READS,normal,netem delay 25ms 25ms,ONE,QUORUM,1,True,5,5,0,2|2|2|2|2,PASS,
78,MONOTONIC_READS,normal,netem delay 25ms 25ms,ONE,QUORUM,1,True,5,5,0,2|2|2|2|2,PASS,
79,MONOTONIC_READS,normal,netem delay 25ms 25ms,ONE,QUORUM,1,True,5,5,0,2|2|2|2|2,PASS,
80,MONOTONIC_READS,normal,netem delay 25ms 25ms,ONE,QUORUM,1,True,5,5,0,2|2|2|2|2,PASS,
81,MONOTONIC_READS,normal,netem delay 25ms 25ms,ONE,QUORUM,1,True,5,5,0,2|2|2|2|2,PASS,
82,MONOTONIC_READS,normal,netem delay 25ms 25ms,ONE,QUORUM,1,True,5,5,0,2|2|2|2|2,PASS,
83,MONOTONIC_READS,normal,netem delay 25ms 25ms,ONE,QUORUM,1,True,5,5,0,2|2|2|2|2,PASS,
84,MONOTONIC_READS,normal,netem delay 25ms 25ms,ONE,QUORUM,1,True,5,5,0,2|2|2|2|2,PASS,
85,MONOTONIC_READS,normal,netem delay 25ms 25ms,ONE,QUORUM,1,True,5,5,0,2|2|2|2|2,PASS,
86,MONOTONIC_READS,normal,netem delay 25ms 25ms,ONE,QUORUM,1,True,5,5,0,2|2|2|2|2,PASS,
87,MONOTONIC_READS,normal,netem delay 25ms 25ms,ONE,QUORUM,1,True,5,5,0,2|2|2|2|2,PASS,
88,MONOTONIC_READS,normal,netem delay 25ms 25ms,ONE,QUORUM,1,True,5,5,0,2|2|2|2|2,PASS,
89,MONOTONIC_READS,normal,netem delay 25ms 25ms,ONE,QUORUM,1,True,5,5,0,2|2|2|2|2,PASS,
90,MONOTONIC_READS,normal,netem delay 25ms 25ms,ONE,QUORUM,1,True,5,5,0,2|2|2|2|2,PASS,
91,MONOTONIC_READS,normal,netem delay 25ms 25ms,ONE,QUORUM,1,True,5,5,0,2|2|2|2|2,PASS,
92,MONOTONIC_READS,normal,netem delay 25ms 25ms,ONE,QUORUM,1,True,5,5,0,2|2|2|2|2,PASS,
93,MONOTONIC_READS,normal,netem delay 25ms 25ms,ONE,QUORUM,1,True,5,5,0,2|2|2|2|2,PASS,
94,MONOTONIC_READS,normal,netem delay 25ms 25ms,ONE,QUORUM,1,True,5,5,0,2|2|2|2|2,PASS,
95,MONOTONIC_READS,normal,netem delay 25ms 25ms,ONE,QUORUM,1,True,5,5,0,2|2|2|2|2,PASS,
96,MONOTONIC_READS,normal,netem delay 25ms 25ms,ONE,QUORUM,1,True,5,5,0,2|2|2|2|2,PASS,
97,MONOTONIC_READS,normal,netem delay 25ms 25ms,ONE,QUORUM,1,True,5,5,0,2|2|2|2|2,PASS,
98,MONOTONIC_READS,normal,netem delay 25ms 25ms,ONE,QUORUM,1,True,5,5,0,2|2|2|2|2,PASS,
99,MONOTONIC_READS,normal,netem delay 25ms 25ms,ONE,QUORUM,1,True,5,5,0,2|2|2|2|2,PASS,
100,MONOTONIC_READS,normal,netem delay 25ms 25ms,ONE,QUORUM,1,True,5,5,0,2|2|2|2|2,PASS,
101,MONOTONIC_READS,normal,netem delay 25ms 25ms,ONE,QUORUM,1,True,5,5,0,2|2|2|2|2,PASS,
102,MONOTONIC_READS,normal,netem delay 25ms 25ms,ONE,QUORUM,1,True,5,5,0,2|2|2|2|2,PASS,
103,MONOTONIC_READS,normal,netem delay 25ms 25ms,ONE,QUORUM,1,True,5,5,0,2|2|2|2|2,PASS,
104,MONOTONIC_READS,normal,netem delay 25ms 25ms,ONE,QUORUM,1,True,5,5,0,2|2|2|2|2,PASS,
105,MONOTONIC_READS,normal,netem delay 25ms 25ms,ONE,QUORUM,1,True,5,5,0,2|2|2|2|2,PASS,
106,MONOTONIC_READS,normal,netem delay 25ms 25ms,ONE,QUORUM,1,True,5,5,0,2|2|2|2|2,PASS,
107,MONOTONIC_READS,normal,netem delay 25ms 25ms,ONE,QUORUM,1,True,5,5,0,2|2|2|2|2,PASS,
108,MONOTONIC_READS,normal,netem delay 25ms 25ms,ONE,QUORUM,1,True,5,5,0,2|2|2|2|2,PASS,
109,MONOTONIC_READS,normal,netem delay 25ms 25ms,ONE,QUORUM,1,True,5,5,0,2|2|2|2|2,PASS,
110,MONOTONIC_READS,normal,netem delay 25ms 25ms,ONE,QUORUM,1,True,5,5,0,2|2|2|2|2,PASS,
111,MONOTONIC_READS,normal,netem delay 25ms 25ms,ONE,QUORUM,1,True,5,5,0,2|2|2|2|2,PASS,
112,MONOTONIC_READS,normal,netem delay 25ms 25ms,ONE,QUORUM,1,True,5,5,0,2|2|2|2|2,PASS,
113,MONOTONIC_READS,normal,netem delay 25ms 25ms,ONE,QUORUM,1,True,5,5,0,2|2|2|2|2,PASS,
114,MONOTONIC_READS,normal,netem delay 25ms 25ms,ONE,QUORUM,1,True,5,5,0,1|2|2|2|2,PASS,
115,MONOTONIC_READS,normal,netem delay 25ms 25ms,ONE,QUORUM,1,True,5,5,0,2|2|2|2|2,PASS,
116,MONOTONIC_READS,normal,netem delay 25ms 25ms,ONE,QUORUM,1,True,5,5,0,2|2|2|2|2,PASS,
117,MONOTONIC_READS,normal,netem delay 25ms 25ms,ONE,QUORUM,1,True,5,5,0,2|2|2|2|2,PASS,
118,MONOTONIC_READS,normal,netem delay 25ms 25ms,ONE,QUORUM,1,True,5,5,0,2|2|2|2|2,PASS,
119,MONOTONIC_READS,normal,netem delay 25ms 25ms,ONE,QUORUM,1,True,5,5,0,2|2|2|2|2,PASS,
120,MONOTONIC_READS,normal,netem delay 25ms 25ms,ONE,QUORUM,1,True,5,5,0,2|2|2|2|2,PASS,
121,MONOTONIC_READS,normal,netem delay 25ms 25ms,ONE,QUORUM,1,True,5,5,0,2|2|2|2|2,PASS,
122,MONOTONIC_READS,normal,netem delay 25ms 25ms,ONE,QUORUM,1,True,5,5,0,2|2|2|2|2,PASS,
123,MONOTONIC_READS,normal,netem delay 25ms 25ms,ONE,QUORUM,1,True,5,5,0,2|2|2|2|2,PASS,
124,MONOTONIC_READS,normal,netem delay 25ms 25ms,ONE,QUORUM,1,True,5,5,0,2|2|2|2|2,PASS,
125,MONOTONIC_READS,normal,netem delay 25ms 25ms,ONE,QUORUM,1,True,5,5,0,2|2|2|2|2,PASS,
126,MONOTONIC_READS,normal,netem delay 25ms 25ms,ONE,QUORUM,1,True,5,5,0,2|2|2|2|2,PASS,
127,MONOTONIC_READS,normal,netem delay 25ms 25ms,ONE,QUORUM,1,True,5,5,0,2|2|2|2|2,PASS,
128,MONOTONIC_READS,normal,netem delay 25ms 25ms,ONE,QUORUM,1,True,5,5,0,2|2|2|2|2,PASS,
129,MONOTONIC_READS,normal,netem delay 25ms 25ms,ONE,QUORUM,1,True,5,5,0,2|2|2|2|2,PASS,
130,MONOTONIC_READS,normal,netem delay 25ms 25ms,ONE,QUORUM,1,True,5,5,0,2|2|2|2|2,PASS,
131,MONOTONIC_READS,normal,netem delay 25ms 25ms,ONE,QUORUM,1,True,5,5,0,2|2|2|2|2,PASS,
132,MONOTONIC_READS,normal,netem delay 25ms 25ms,ONE,QUORUM,1,True,5,5,0,2|2|2|2|2,PASS,
133,MONOTONIC_READS,normal,netem delay 25ms 25ms,ONE,QUORUM,1,True,5,5,0,2|2|2|2|2,PASS,
134,MONOTONIC_READS,normal,netem delay 25ms 25ms,ONE,QUORUM,1,True,5,5,0,2|2|2|2|2,PASS,
135,MONOTONIC_READS,normal,netem delay 25ms 25ms,ONE,QUORUM,1,True,5,5,0,2|2|2|2|2,PASS,
136,MONOTONIC_READS,normal,netem delay 25ms 25ms,ONE,QUORUM,1,True,5,5,0,2|2|2|2|2,PASS,
137,MONOTONIC_READS,normal,netem delay 25ms 25ms,ONE,QUORUM,1,True,5,5,0,2|2|2|2|2,PASS,
138,MONOTONIC_READS,normal,netem delay 25ms 25ms,ONE,QUORUM,1,True,5,5,0,2|2|2|2|2,PASS,
139,MONOTONIC_READS,normal,netem delay 25ms 25ms,ONE,QUORUM,1,True,5,5,0,2|2|2|2|2,PASS,
140,MONOTONIC_READS,normal,netem delay 25ms 25ms,ONE,QUORUM,1,True,5,5,0,2|2|2|2|2,PASS,
141,MONOTONIC_READS,normal,netem delay 25ms 25ms,ONE,QUORUM,1,True,5,5,0,2|2|2|2|2,PASS,
142,MONOTONIC_READS,normal,netem delay 25ms 25ms,ONE,QUORUM,1,True,5,5,0,2|2|2|2|2,PASS,
143,MONOTONIC_READS,normal,netem delay 25ms 25ms,ONE,QUORUM,1,True,5,5,0,2|2|2|2|2,PASS,
144,MONOTONIC_READS,normal,netem delay 25ms 25ms,ONE,QUORUM,1,True,5,5,0,2|2|2|2|2,PASS,
145,MONOTONIC_READS,normal,netem delay 25ms 25ms,ONE,QUORUM,1,True,5,5,0,2|2|2|2|2,PASS,
146,MONOTONIC_READS,normal,netem delay 25ms 25ms,ONE,QUORUM,1,True,5,5,0,2|2|2|2|2,PASS,
147,MONOTONIC_READS,normal,netem delay 25ms 25ms,ONE,QUORUM,1,True,5,5,0,2|2|2|2|2,PASS,
148,MONOTONIC_READS,normal,netem delay 25ms 25ms,ONE,QUORUM,1,True,5,5,0,2|2|2|2|2,PASS,
149,MONOTONIC_READS,normal,netem delay 25ms 25ms,ONE,QUORUM,1,True,5,5,0,2|2|2|2|2,PASS,
150,MONOTONIC_READS,normal,netem delay 25ms 25ms,ONE,QUORUM,1,True,5,5,0,2|2|2|2|2,PASS,
151,MONOTONIC_READS,normal,netem delay 25ms 25ms,ONE,QUORUM,1,True,5,5,0,2|2|2|2|2,PASS,
152,MONOTONIC_READS,normal,netem delay 25ms 25ms,ONE,QUORUM,1,True,5,5,0,2|2|2|2|2,PASS,
153,MONOTONIC_READS,normal,netem delay 25ms 25ms,ONE,QUORUM,1,True,5,5,0,2|2|2|2|2,PASS,
154,MONOTONIC_READS,normal,netem delay 25ms 25ms,ONE,QUORUM,1,True,5,5,0,2|2|2|2|2,PASS,
155,MONOTONIC_READS,normal,netem delay 25ms 25ms,ONE,QUORUM,1,True,5,5,0,2|2|2|2|2,PASS,
156,MONOTONIC_READS,normal,netem delay 25ms 25ms,ONE,QUORUM,1,True,5,5,0,2|2|2|2|2,PASS,
157,MONOTONIC_READS,normal,netem delay 25ms 25ms,ONE,QUORUM,1,True,5,5,0,2|2|2|2|2,PASS,
158,MONOTONIC_READS,normal,netem delay 25ms 25ms,ONE,QUORUM,1,True,5,5,0,2|2|2|2|2,PASS,
159,MONOTONIC_READS,normal,netem delay 25ms 25ms,ONE,QUORUM,1,True,5,5,0,2|2|2|2|2,PASS,
160,MONOTONIC_READS,normal,netem delay 25ms 25ms,ONE,QUORUM,1,True,5,5,0,2|2|2|2|2,PASS,
161,MONOTONIC_READS,normal,netem delay 25ms 25ms,ONE,QUORUM,1,True,5,5,0,2|2|2|2|2,PASS,
162,MONOTONIC_READS,normal,netem delay 25ms 25ms,ONE,QUORUM,1,True,5,5,0,2|2|2|2|2,PASS,
163,MONOTONIC_READS,normal,netem delay 25ms 25ms,ONE,QUORUM,1,True,5,5,0,2|2|2|2|2,PASS,
164,MONOTONIC_READS,normal,netem delay 25ms 25ms,ONE,QUORUM,1,True,5,5,0,2|2|2|2|2,PASS,
165,MONOTONIC_READS,normal,netem delay 25ms 25ms,ONE,QUORUM,1,True,5,5,0,2|2|2|2|2,PASS,
166,MONOTONIC_READS,normal,netem delay 25ms 25ms,ONE,QUORUM,1,True,5,5,0,2|2|2|2|2,PASS,
167,MONOTONIC_READS,normal,netem delay 25ms 25ms,ONE,QUORUM,1,True,5,5,0,2|2|2|2|2,PASS,
168,MONOTONIC_READS,normal,netem delay 25ms 25ms,ONE,QUORUM,1,True,5,5,0,2|2|2|2|2,PASS,
169,MONOTONIC_READS,normal,netem delay 25ms 25ms,ONE,QUORUM,3,False,5,0,0,,SETUP_ERROR,"WriteTimeout: Error from server: code=1100 [Coordinator node timed out waiting for replica nodes' responses] message=""Operation timed out - received only 2 responses."" info={'consistency': 'ALL', 'required_responses': 3, 'received_responses': 2, 'write_type': 'SIMPLE'}"
170,MONOTONIC_READS,normal,netem delay 25ms 25ms,ONE,QUORUM,3,False,5,0,0,,SETUP_ERROR,"WriteTimeout: Error from server: code=1100 [Coordinator node timed out waiting for replica nodes' responses] message=""Operation timed out - received only 2 responses."" info={'consistency': 'ALL', 'required_responses': 3, 'received_responses': 2, 'write_type': 'SIMPLE'}"
171,MONOTONIC_READS,normal,netem delay 25ms 25ms,ONE,QUORUM,2,True,5,5,0,2|2|2|2|2,PASS,
172,MONOTONIC_READS,normal,netem delay 25ms 25ms,ONE,QUORUM,1,True,5,5,0,2|2|2|2|2,PASS,
173,MONOTONIC_READS,normal,netem delay 25ms 25ms,ONE,QUORUM,3,True,5,5,0,2|2|2|2|2,PASS,
174,MONOTONIC_READS,normal,netem delay 25ms 25ms,ONE,QUORUM,3,False,5,0,0,,SETUP_ERROR,"WriteTimeout: Error from server: code=1100 [Coordinator node timed out waiting for replica nodes' responses] message=""Operation timed out - received only 2 responses."" info={'consistency': 'ALL', 'required_responses': 3, 'received_responses': 2, 'write_type': 'SIMPLE'}"
175,MONOTONIC_READS,normal,netem delay 25ms 25ms,ONE,QUORUM,3,True,5,0,0,,ERROR,"ReadTimeout: Error from server: code=1200 [Coordinator node timed out waiting for replica nodes' responses] message=""Operation timed out - received only 1 responses."" info={'consistency': 'QUORUM', 'required_responses': 2, 'received_responses': 1}"
176,MONOTONIC_READS,normal,netem delay 25ms 25ms,ONE,QUORUM,1,True,5,5,0,2|2|2|2|2,PASS,
177,MONOTONIC_READS,normal,netem delay 25ms 25ms,ONE,QUORUM,1,True,5,5,0,2|2|2|2|2,PASS,
178,MONOTONIC_READS,normal,netem delay 25ms 25ms,ONE,QUORUM,1,True,5,5,0,2|2|2|2|2,PASS,
179,MONOTONIC_READS,normal,netem delay 25ms 25ms,ONE,QUORUM,1,True,5,5,0,2|2|2|2|2,PASS,
180,MONOTONIC_READS,normal,netem delay 25ms 25ms,ONE,QUORUM,1,True,5,5,0,2|2|2|2|2,PASS,
181,MONOTONIC_READS,normal,netem delay 25ms 25ms,ONE,QUORUM,1,True,5,5,0,2|2|2|2|2,PASS,
182,MONOTONIC_READS,normal,netem delay 25ms 25ms,ONE,QUORUM,1,True,5,5,0,2|2|2|2|2,PASS,
183,MONOTONIC_READS,normal,netem delay 25ms 25ms,ONE,QUORUM,1,True,5,5,0,2|2|2|2|2,PASS,
184,MONOTONIC_READS,normal,netem delay 25ms 25ms,ONE,QUORUM,1,True,5,5,0,2|2|2|2|2,PASS,
185,MONOTONIC_READS,normal,netem delay 25ms 25ms,ONE,QUORUM,1,True,5,5,0,2|2|2|2|2,PASS,
186,MONOTONIC_READS,normal,netem delay 25ms 25ms,ONE,QUORUM,1,True,5,5,0,2|2|2|2|2,PASS,
187,MONOTONIC_READS,normal,netem delay 25ms 25ms,ONE,QUORUM,1,True,5,5,0,2|2|2|2|2,PASS,
188,MONOTONIC_READS,normal,netem delay 25ms 25ms,ONE,QUORUM,1,True,5,5,0,2|2|2|2|2,PASS,
189,MONOTONIC_READS,normal,netem delay 25ms 25ms,ONE,QUORUM,1,True,5,5,0,2|2|2|2|2,PASS,
190,MONOTONIC_READS,normal,netem delay 25ms 25ms,ONE,QUORUM,1,True,5,5,0,2|2|2|2|2,PASS,
191,MONOTONIC_READS,normal,netem delay 25ms 25ms,ONE,QUORUM,1,True,5,5,0,2|2|2|2|2,PASS,
192,MONOTONIC_READS,normal,netem delay 25ms 25ms,ONE,QUORUM,1,True,5,5,0,2|2|2|2|2,PASS,
193,MONOTONIC_READS,normal,netem delay 25ms 25ms,ONE,QUORUM,1,True,5,5,0,2|2|2|2|2,PASS,
194,MONOTONIC_READS,normal,netem delay 25ms 25ms,ONE,QUORUM,1,True,5,5,0,2|2|2|2|2,PASS,
195,MONOTONIC_READS,normal,netem delay 25ms 25ms,ONE,QUORUM,1,True,5,5,0,2|2|2|2|2,PASS,
196,MONOTONIC_READS,normal,netem delay 25ms 25ms,ONE,QUORUM,1,True,5,5,0,2|2|2|2|2,PASS,
197,MONOTONIC_READS,normal,netem delay 25ms 25ms,ONE,QUORUM,1,True,5,5,0,2|2|2|2|2,PASS,
198,MONOTONIC_READS,normal,netem delay 25ms 25ms,ONE,QUORUM,1,True,5,5,0,2|2|2|2|2,PASS,
199,MONOTONIC_READS,normal,netem delay 25ms 25ms,ONE,QUORUM,1,True,5,5,0,2|2|2|2|2,PASS,
200,MONOTONIC_READS,normal,netem delay 25ms 25ms,ONE,QUORUM,1,True,5,5,0,2|2|2|2|2,PASS,
1,MONOTONIC_READS,normal,netem delay 25ms 25ms,ONE,ALL,1,True,5,5,0,2|2|2|2|2,PASS,
2,MONOTONIC_READS,normal,netem delay 25ms 25ms,ONE,ALL,1,True,5,5,0,2|2|2|2|2,PASS,
3,MONOTONIC_READS,normal,netem delay 25ms 25ms,ONE,ALL,1,True,5,5,0,2|2|2|2|2,PASS,
4,MONOTONIC_READS,normal,netem delay 25ms 25ms,ONE,ALL,1,True,5,5,0,2|2|2|2|2,PASS,
5,MONOTONIC_READS,normal,netem delay 25ms 25ms,ONE,ALL,1,True,5,5,0,2|2|2|2|2,PASS,
6,MONOTONIC_READS,normal,netem delay 25ms 25ms,ONE,ALL,1,True,5,5,0,2|2|2|2|2,PASS,
7,MONOTONIC_READS,normal,netem delay 25ms 25ms,ONE,ALL,1,True,5,5,0,2|2|2|2|2,PASS,
8,MONOTONIC_READS,normal,netem delay 25ms 25ms,ONE,ALL,1,True,5,5,0,2|2|2|2|2,PASS,
9,MONOTONIC_READS,normal,netem delay 25ms 25ms,ONE,ALL,1,True,5,5,0,2|2|2|2|2,PASS,
10,MONOTONIC_READS,normal,netem delay 25ms 25ms,ONE,ALL,1,True,5,5,0,2|2|2|2|2,PASS,
11,MONOTONIC_READS,normal,netem delay 25ms 25ms,ONE,ALL,1,True,5,5,0,2|2|2|2|2,PASS,
12,MONOTONIC_READS,normal,netem delay 25ms 25ms,ONE,ALL,1,True,5,5,0,2|2|2|2|2,PASS,
13,MONOTONIC_READS,normal,netem delay 25ms 25ms,ONE,ALL,1,True,5,5,0,2|2|2|2|2,PASS,
14,MONOTONIC_READS,normal,netem delay 25ms 25ms,ONE,ALL,1,True,5,5,0,2|2|2|2|2,PASS,
15,MONOTONIC_READS,normal,netem delay 25ms 25ms,ONE,ALL,1,True,5,5,0,2|2|2|2|2,PASS,
16,MONOTONIC_READS,normal,netem delay 25ms 25ms,ONE,ALL,1,True,5,5,0,2|2|2|2|2,PASS,
17,MONOTONIC_READS,normal,netem delay 25ms 25ms,ONE,ALL,1,True,5,5,0,2|2|2|2|2,PASS,
18,MONOTONIC_READS,normal,netem delay 25ms 25ms,ONE,ALL,1,True,5,5,0,2|2|2|2|2,PASS,
19,MONOTONIC_READS,normal,netem delay 25ms 25ms,ONE,ALL,1,True,5,5,0,2|2|2|2|2,PASS,
20,MONOTONIC_READS,normal,netem delay 25ms 25ms,ONE,ALL,1,True,5,5,0,2|2|2|2|2,PASS,
21,MONOTONIC_READS,normal,netem delay 25ms 25ms,ONE,ALL,1,True,5,5,0,2|2|2|2|2,PASS,
22,MONOTONIC_READS,normal,netem delay 25ms 25ms,ONE,ALL,1,True,5,5,0,2|2|2|2|2,PASS,
23,MONOTONIC_READS,normal,netem delay 25ms 25ms,ONE,ALL,1,True,5,5,0,2|2|2|2|2,PASS,
24,MONOTONIC_READS,normal,netem delay 25ms 25ms,ONE,ALL,1,True,5,5,0,2|2|2|2|2,PASS,
25,MONOTONIC_READS,normal,netem delay 25ms 25ms,ONE,ALL,1,True,5,5,0,2|2|2|2|2,PASS,
26,MONOTONIC_READS,normal,netem delay 25ms 25ms,ONE,ALL,1,True,5,5,0,2|2|2|2|2,PASS,
27,MONOTONIC_READS,normal,netem delay 25ms 25ms,ONE,ALL,1,True,5,5,0,2|2|2|2|2,PASS,
28,MONOTONIC_READS,normal,netem delay 25ms 25ms,ONE,ALL,1,True,5,5,0,2|2|2|2|2,PASS,
29,MONOTONIC_READS,normal,netem delay 25ms 25ms,ONE,ALL,1,True,5,5,0,2|2|2|2|2,PASS,
30,MONOTONIC_READS,normal,netem delay 25ms 25ms,ONE,ALL,1,True,5,5,0,2|2|2|2|2,PASS,
31,MONOTONIC_READS,normal,netem delay 25ms 25ms,ONE,ALL,1,True,5,5,0,2|2|2|2|2,PASS,
32,MONOTONIC_READS,normal,netem delay 25ms 25ms,ONE,ALL,1,True,5,5,0,2|2|2|2|2,PASS,
33,MONOTONIC_READS,normal,netem delay 25ms 25ms,ONE,ALL,1,True,5,5,0,2|2|2|2|2,PASS,
34,MONOTONIC_READS,normal,netem delay 25ms 25ms,ONE,ALL,1,True,5,5,0,2|2|2|2|2,PASS,
35,MONOTONIC_READS,normal,netem delay 25ms 25ms,ONE,ALL,1,True,5,5,0,2|2|2|2|2,PASS,
36,MONOTONIC_READS,normal,netem delay 25ms 25ms,ONE,ALL,1,True,5,5,0,2|2|2|2|2,PASS,
37,MONOTONIC_READS,normal,netem delay 25ms 25ms,ONE,ALL,1,True,5,5,0,2|2|2|2|2,PASS,
38,MONOTONIC_READS,normal,netem delay 25ms 25ms,ONE,ALL,1,True,5,5,0,2|2|2|2|2,PASS,
39,MONOTONIC_READS,normal,netem delay 25ms 25ms,ONE,ALL,1,True,5,5,0,2|2|2|2|2,PASS,
40,MONOTONIC_READS,normal,netem delay 25ms 25ms,ONE,ALL,1,True,5,5,0,2|2|2|2|2,PASS,
41,MONOTONIC_READS,normal,netem delay 25ms 25ms,ONE,ALL,1,True,5,5,0,2|2|2|2|2,PASS,
42,MONOTONIC_READS,normal,netem delay 25ms 25ms,ONE,ALL,1,True,5,5,0,2|2|2|2|2,PASS,
43,MONOTONIC_READS,normal,netem delay 25ms 25ms,ONE,ALL,1,True,5,5,0,2|2|2|2|2,PASS,
44,MONOTONIC_READS,normal,netem delay 25ms 25ms,ONE,ALL,1,True,5,5,0,2|2|2|2|2,PASS,
45,MONOTONIC_READS,normal,netem delay 25ms 25ms,ONE,ALL,1,True,5,5,0,2|2|2|2|2,PASS,
46,MONOTONIC_READS,normal,netem delay 25ms 25ms,ONE,ALL,1,True,5,5,0,2|2|2|2|2,PASS,
47,MONOTONIC_READS,normal,netem delay 25ms 25ms,ONE,ALL,1,True,5,5,0,2|2|2|2|2,PASS,
48,MONOTONIC_READS,normal,netem delay 25ms 25ms,ONE,ALL,1,True,5,5,0,2|2|2|2|2,PASS,
49,MONOTONIC_READS,normal,netem delay 25ms 25ms,ONE,ALL,1,True,5,5,0,2|2|2|2|2,PASS,
50,MONOTONIC_READS,normal,netem delay 25ms 25ms,ONE,ALL,1,True,5,5,0,2|2|2|2|2,PASS,
51,MONOTONIC_READS,normal,netem delay 25ms 25ms,ONE,ALL,1,True,5,5,0,2|2|2|2|2,PASS,
52,MONOTONIC_READS,normal,netem delay 25ms 25ms,ONE,ALL,1,True,5,5,0,2|2|2|2|2,PASS,
53,MONOTONIC_READS,normal,netem delay 25ms 25ms,ONE,ALL,1,True,5,5,0,2|2|2|2|2,PASS,
54,MONOTONIC_READS,normal,netem delay 25ms 25ms,ONE,ALL,1,True,5,5,0,2|2|2|2|2,PASS,
55,MONOTONIC_READS,normal,netem delay 25ms 25ms,ONE,ALL,1,True,5,5,0,2|2|2|2|2,PASS,
56,MONOTONIC_READS,normal,netem delay 25ms 25ms,ONE,ALL,1,True,5,5,0,2|2|2|2|2,PASS,
57,MONOTONIC_READS,normal,netem delay 25ms 25ms,ONE,ALL,1,True,5,5,0,2|2|2|2|2,PASS,
58,MONOTONIC_READS,normal,netem delay 25ms 25ms,ONE,ALL,1,True,5,5,0,2|2|2|2|2,PASS,
59,MONOTONIC_READS,normal,netem delay 25ms 25ms,ONE,ALL,1,True,5,5,0,2|2|2|2|2,PASS,
60,MONOTONIC_READS,normal,netem delay 25ms 25ms,ONE,ALL,1,True,5,5,0,2|2|2|2|2,PASS,
61,MONOTONIC_READS,normal,netem delay 25ms 25ms,ONE,ALL,1,True,5,5,0,2|2|2|2|2,PASS,
62,MONOTONIC_READS,normal,netem delay 25ms 25ms,ONE,ALL,1,True,5,5,0,2|2|2|2|2,PASS,
63,MONOTONIC_READS,normal,netem delay 25ms 25ms,ONE,ALL,1,True,5,5,0,2|2|2|2|2,PASS,
64,MONOTONIC_READS,normal,netem delay 25ms 25ms,ONE,ALL,1,True,5,5,0,2|2|2|2|2,PASS,
65,MONOTONIC_READS,normal,netem delay 25ms 25ms,ONE,ALL,1,True,5,5,0,2|2|2|2|2,PASS,
66,MONOTONIC_READS,normal,netem delay 25ms 25ms,ONE,ALL,1,True,5,5,0,2|2|2|2|2,PASS,
67,MONOTONIC_READS,normal,netem delay 25ms 25ms,ONE,ALL,1,True,5,5,0,2|2|2|2|2,PASS,
68,MONOTONIC_READS,normal,netem delay 25ms 25ms,ONE,ALL,1,True,5,5,0,2|2|2|2|2,PASS,
69,MONOTONIC_READS,normal,netem delay 25ms 25ms,ONE,ALL,1,True,5,5,0,2|2|2|2|2,PASS,
70,MONOTONIC_READS,normal,netem delay 25ms 25ms,ONE,ALL,1,True,5,5,0,2|2|2|2|2,PASS,
71,MONOTONIC_READS,normal,netem delay 25ms 25ms,ONE,ALL,1,True,5,5,0,2|2|2|2|2,PASS,
72,MONOTONIC_READS,normal,netem delay 25ms 25ms,ONE,ALL,1,True,5,5,0,2|2|2|2|2,PASS,
73,MONOTONIC_READS,normal,netem delay 25ms 25ms,ONE,ALL,1,True,5,5,0,2|2|2|2|2,PASS,
74,MONOTONIC_READS,normal,netem delay 25ms 25ms,ONE,ALL,1,True,5,5,0,2|2|2|2|2,PASS,
75,MONOTONIC_READS,normal,netem delay 25ms 25ms,ONE,ALL,1,True,5,5,0,2|2|2|2|2,PASS,
76,MONOTONIC_READS,normal,netem delay 25ms 25ms,ONE,ALL,1,True,5,5,0,2|2|2|2|2,PASS,
77,MONOTONIC_READS,normal,netem delay 25ms 25ms,ONE,ALL,1,True,5,5,0,2|2|2|2|2,PASS,
78,MONOTONIC_READS,normal,netem delay 25ms 25ms,ONE,ALL,1,True,5,5,0,2|2|2|2|2,PASS,
79,MONOTONIC_READS,normal,netem delay 25ms 25ms,ONE,ALL,1,True,5,5,0,2|2|2|2|2,PASS,
80,MONOTONIC_READS,normal,netem delay 25ms 25ms,ONE,ALL,1,True,5,5,0,2|2|2|2|2,PASS,
81,MONOTONIC_READS,normal,netem delay 25ms 25ms,ONE,ALL,1,True,5,5,0,2|2|2|2|2,PASS,
82,MONOTONIC_READS,normal,netem delay 25ms 25ms,ONE,ALL,1,True,5,5,0,2|2|2|2|2,PASS,
83,MONOTONIC_READS,normal,netem delay 25ms 25ms,ONE,ALL,1,True,5,5,0,2|2|2|2|2,PASS,
84,MONOTONIC_READS,normal,netem delay 25ms 25ms,ONE,ALL,1,True,5,5,0,2|2|2|2|2,PASS,
85,MONOTONIC_READS,normal,netem delay 25ms 25ms,ONE,ALL,1,True,5,5,0,2|2|2|2|2,PASS,
86,MONOTONIC_READS,normal,netem delay 25ms 25ms,ONE,ALL,1,True,5,5,0,2|2|2|2|2,PASS,
87,MONOTONIC_READS,normal,netem delay 25ms 25ms,ONE,ALL,1,True,5,5,0,2|2|2|2|2,PASS,
88,MONOTONIC_READS,normal,netem delay 25ms 25ms,ONE,ALL,1,True,5,5,0,2|2|2|2|2,PASS,
89,MONOTONIC_READS,normal,netem delay 25ms 25ms,ONE,ALL,1,True,5,5,0,2|2|2|2|2,PASS,
90,MONOTONIC_READS,normal,netem delay 25ms 25ms,ONE,ALL,1,True,5,5,0,2|2|2|2|2,PASS,
91,MONOTONIC_READS,normal,netem delay 25ms 25ms,ONE,ALL,1,True,5,5,0,2|2|2|2|2,PASS,
92,MONOTONIC_READS,normal,netem delay 25ms 25ms,ONE,ALL,1,True,5,5,0,2|2|2|2|2,PASS,
93,MONOTONIC_READS,normal,netem delay 25ms 25ms,ONE,ALL,1,True,5,5,0,2|2|2|2|2,PASS,
94,MONOTONIC_READS,normal,netem delay 25ms 25ms,ONE,ALL,1,True,5,5,0,2|2|2|2|2,PASS,
95,MONOTONIC_READS,normal,netem delay 25ms 25ms,ONE,ALL,1,True,5,5,0,2|2|2|2|2,PASS,
96,MONOTONIC_READS,normal,netem delay 25ms 25ms,ONE,ALL,1,True,5,5,0,2|2|2|2|2,PASS,
97,MONOTONIC_READS,normal,netem delay 25ms 25ms,ONE,ALL,1,True,5,5,0,2|2|2|2|2,PASS,
98,MONOTONIC_READS,normal,netem delay 25ms 25ms,ONE,ALL,1,True,5,5,0,2|2|2|2|2,PASS,
99,MONOTONIC_READS,normal,netem delay 25ms 25ms,ONE,ALL,1,True,5,5,0,2|2|2|2|2,PASS,
100,MONOTONIC_READS,normal,netem delay 25ms 25ms,ONE,ALL,1,True,5,5,0,2|2|2|2|2,PASS,
101,MONOTONIC_READS,normal,netem delay 25ms 25ms,ONE,ALL,1,True,5,5,0,2|2|2|2|2,PASS,
102,MONOTONIC_READS,normal,netem delay 25ms 25ms,ONE,ALL,1,True,5,5,0,2|2|2|2|2,PASS,
103,MONOTONIC_READS,normal,netem delay 25ms 25ms,ONE,ALL,1,True,5,5,0,2|2|2|2|2,PASS,
104,MONOTONIC_READS,normal,netem delay 25ms 25ms,ONE,ALL,1,True,5,5,0,2|2|2|2|2,PASS,
105,MONOTONIC_READS,normal,netem delay 25ms 25ms,ONE,ALL,1,True,5,5,0,2|2|2|2|2,PASS,
106,MONOTONIC_READS,normal,netem delay 25ms 25ms,ONE,ALL,1,True,5,5,0,2|2|2|2|2,PASS,
107,MONOTONIC_READS,normal,netem delay 25ms 25ms,ONE,ALL,1,True,5,5,0,2|2|2|2|2,PASS,
108,MONOTONIC_READS,normal,netem delay 25ms 25ms,ONE,ALL,1,True,5,5,0,2|2|2|2|2,PASS,
109,MONOTONIC_READS,normal,netem delay 25ms 25ms,ONE,ALL,1,True,5,5,0,2|2|2|2|2,PASS,
110,MONOTONIC_READS,normal,netem delay 25ms 25ms,ONE,ALL,1,True,5,5,0,2|2|2|2|2,PASS,
111,MONOTONIC_READS,normal,netem delay 25ms 25ms,ONE,ALL,1,True,5,5,0,2|2|2|2|2,PASS,
112,MONOTONIC_READS,normal,netem delay 25ms 25ms,ONE,ALL,1,True,5,5,0,2|2|2|2|2,PASS,
113,MONOTONIC_READS,normal,netem delay 25ms 25ms,ONE,ALL,1,True,5,5,0,2|2|2|2|2,PASS,
114,MONOTONIC_READS,normal,netem delay 25ms 25ms,ONE,ALL,1,True,5,5,0,2|2|2|2|2,PASS,
115,MONOTONIC_READS,normal,netem delay 25ms 25ms,ONE,ALL,1,True,5,5,0,2|2|2|2|2,PASS,
116,MONOTONIC_READS,normal,netem delay 25ms 25ms,ONE,ALL,1,True,5,5,0,2|2|2|2|2,PASS,
117,MONOTONIC_READS,normal,netem delay 25ms 25ms,ONE,ALL,1,True,5,5,0,2|2|2|2|2,PASS,
118,MONOTONIC_READS,normal,netem delay 25ms 25ms,ONE,ALL,1,True,5,5,0,2|2|2|2|2,PASS,
119,MONOTONIC_READS,normal,netem delay 25ms 25ms,ONE,ALL,1,True,5,5,0,2|2|2|2|2,PASS,
120,MONOTONIC_READS,normal,netem delay 25ms 25ms,ONE,ALL,1,True,5,5,0,2|2|2|2|2,PASS,
121,MONOTONIC_READS,normal,netem delay 25ms 25ms,ONE,ALL,1,True,5,5,0,2|2|2|2|2,PASS,
122,MONOTONIC_READS,normal,netem delay 25ms 25ms,ONE,ALL,1,True,5,5,0,2|2|2|2|2,PASS,
123,MONOTONIC_READS,normal,netem delay 25ms 25ms,ONE,ALL,1,True,5,5,0,2|2|2|2|2,PASS,
124,MONOTONIC_READS,normal,netem delay 25ms 25ms,ONE,ALL,1,True,5,5,0,2|2|2|2|2,PASS,
125,MONOTONIC_READS,normal,netem delay 25ms 25ms,ONE,ALL,1,True,5,5,0,2|2|2|2|2,PASS,
126,MONOTONIC_READS,normal,netem delay 25ms 25ms,ONE,ALL,1,True,5,5,0,2|2|2|2|2,PASS,
127,MONOTONIC_READS,normal,netem delay 25ms 25ms,ONE,ALL,1,True,5,5,0,2|2|2|2|2,PASS,
128,MONOTONIC_READS,normal,netem delay 25ms 25ms,ONE,ALL,1,True,5,5,0,2|2|2|2|2,PASS,
129,MONOTONIC_READS,normal,netem delay 25ms 25ms,ONE,ALL,1,True,5,5,0,2|2|2|2|2,PASS,
130,MONOTONIC_READS,normal,netem delay 25ms 25ms,ONE,ALL,1,True,5,5,0,2|2|2|2|2,PASS,
131,MONOTONIC_READS,normal,netem delay 25ms 25ms,ONE,ALL,1,True,5,5,0,2|2|2|2|2,PASS,
132,MONOTONIC_READS,normal,netem delay 25ms 25ms,ONE,ALL,1,True,5,5,0,2|2|2|2|2,PASS,
133,MONOTONIC_READS,normal,netem delay 25ms 25ms,ONE,ALL,1,True,5,5,0,2|2|2|2|2,PASS,
134,MONOTONIC_READS,normal,netem delay 25ms 25ms,ONE,ALL,1,True,5,5,0,2|2|2|2|2,PASS,
135,MONOTONIC_READS,normal,netem delay 25ms 25ms,ONE,ALL,1,True,5,5,0,2|2|2|2|2,PASS,
136,MONOTONIC_READS,normal,netem delay 25ms 25ms,ONE,ALL,1,True,5,5,0,2|2|2|2|2,PASS,
137,MONOTONIC_READS,normal,netem delay 25ms 25ms,ONE,ALL,1,True,5,5,0,2|2|2|2|2,PASS,
138,MONOTONIC_READS,normal,netem delay 25ms 25ms,ONE,ALL,1,True,5,5,0,2|2|2|2|2,PASS,
139,MONOTONIC_READS,normal,netem delay 25ms 25ms,ONE,ALL,1,True,5,5,0,2|2|2|2|2,PASS,
140,MONOTONIC_READS,normal,netem delay 25ms 25ms,ONE,ALL,1,True,5,5,0,2|2|2|2|2,PASS,
141,MONOTONIC_READS,normal,netem delay 25ms 25ms,ONE,ALL,1,True,5,5,0,2|2|2|2|2,PASS,
142,MONOTONIC_READS,normal,netem delay 25ms 25ms,ONE,ALL,1,True,5,5,0,2|2|2|2|2,PASS,
143,MONOTONIC_READS,normal,netem delay 25ms 25ms,ONE,ALL,1,True,5,5,0,2|2|2|2|2,PASS,
144,MONOTONIC_READS,normal,netem delay 25ms 25ms,ONE,ALL,1,True,5,5,0,2|2|2|2|2,PASS,
145,MONOTONIC_READS,normal,netem delay 25ms 25ms,ONE,ALL,1,True,5,5,0,2|2|2|2|2,PASS,
146,MONOTONIC_READS,normal,netem delay 25ms 25ms,ONE,ALL,1,True,5,5,0,2|2|2|2|2,PASS,
147,MONOTONIC_READS,normal,netem delay 25ms 25ms,ONE,ALL,1,True,5,5,0,2|2|2|2|2,PASS,
148,MONOTONIC_READS,normal,netem delay 25ms 25ms,ONE,ALL,1,True,5,5,0,2|2|2|2|2,PASS,
149,MONOTONIC_READS,normal,netem delay 25ms 25ms,ONE,ALL,1,True,5,5,0,2|2|2|2|2,PASS,
150,MONOTONIC_READS,normal,netem delay 25ms 25ms,ONE,ALL,1,True,5,5,0,2|2|2|2|2,PASS,
151,MONOTONIC_READS,normal,netem delay 25ms 25ms,ONE,ALL,1,True,5,5,0,2|2|2|2|2,PASS,
152,MONOTONIC_READS,normal,netem delay 25ms 25ms,ONE,ALL,1,True,5,5,0,2|2|2|2|2,PASS,
153,MONOTONIC_READS,normal,netem delay 25ms 25ms,ONE,ALL,1,True,5,5,0,2|2|2|2|2,PASS,
154,MONOTONIC_READS,normal,netem delay 25ms 25ms,ONE,ALL,1,True,5,5,0,2|2|2|2|2,PASS,
155,MONOTONIC_READS,normal,netem delay 25ms 25ms,ONE,ALL,1,True,5,5,0,2|2|2|2|2,PASS,
156,MONOTONIC_READS,normal,netem delay 25ms 25ms,ONE,ALL,1,True,5,5,0,2|2|2|2|2,PASS,
157,MONOTONIC_READS,normal,netem delay 25ms 25ms,ONE,ALL,1,True,5,5,0,2|2|2|2|2,PASS,
158,MONOTONIC_READS,normal,netem delay 25ms 25ms,ONE,ALL,1,True,5,5,0,2|2|2|2|2,PASS,
159,MONOTONIC_READS,normal,netem delay 25ms 25ms,ONE,ALL,1,True,5,5,0,2|2|2|2|2,PASS,
160,MONOTONIC_READS,normal,netem delay 25ms 25ms,ONE,ALL,1,True,5,5,0,2|2|2|2|2,PASS,
161,MONOTONIC_READS,normal,netem delay 25ms 25ms,ONE,ALL,1,True,5,5,0,2|2|2|2|2,PASS,
162,MONOTONIC_READS,normal,netem delay 25ms 25ms,ONE,ALL,1,True,5,5,0,2|2|2|2|2,PASS,
163,MONOTONIC_READS,normal,netem delay 25ms 25ms,ONE,ALL,1,True,5,5,0,2|2|2|2|2,PASS,
164,MONOTONIC_READS,normal,netem delay 25ms 25ms,ONE,ALL,1,True,5,5,0,2|2|2|2|2,PASS,
165,MONOTONIC_READS,normal,netem delay 25ms 25ms,ONE,ALL,1,True,5,5,0,2|2|2|2|2,PASS,
166,MONOTONIC_READS,normal,netem delay 25ms 25ms,ONE,ALL,1,True,5,5,0,2|2|2|2|2,PASS,
167,MONOTONIC_READS,normal,netem delay 25ms 25ms,ONE,ALL,1,True,5,5,0,2|2|2|2|2,PASS,
168,MONOTONIC_READS,normal,netem delay 25ms 25ms,ONE,ALL,1,True,5,5,0,2|2|2|2|2,PASS,
169,MONOTONIC_READS,normal,netem delay 25ms 25ms,ONE,ALL,1,True,5,5,0,2|2|2|2|2,PASS,
170,MONOTONIC_READS,normal,netem delay 25ms 25ms,ONE,ALL,1,True,5,5,0,2|2|2|2|2,PASS,
171,MONOTONIC_READS,normal,netem delay 25ms 25ms,ONE,ALL,1,True,5,5,0,2|2|2|2|2,PASS,
172,MONOTONIC_READS,normal,netem delay 25ms 25ms,ONE,ALL,1,True,5,5,0,2|2|2|2|2,PASS,
173,MONOTONIC_READS,normal,netem delay 25ms 25ms,ONE,ALL,1,True,5,5,0,2|2|2|2|2,PASS,
174,MONOTONIC_READS,normal,netem delay 25ms 25ms,ONE,ALL,1,True,5,5,0,2|2|2|2|2,PASS,
175,MONOTONIC_READS,normal,netem delay 25ms 25ms,ONE,ALL,1,True,5,5,0,2|2|2|2|2,PASS,
176,MONOTONIC_READS,normal,netem delay 25ms 25ms,ONE,ALL,1,True,5,5,0,2|2|2|2|2,PASS,
177,MONOTONIC_READS,normal,netem delay 25ms 25ms,ONE,ALL,1,True,5,5,0,2|2|2|2|2,PASS,
178,MONOTONIC_READS,normal,netem delay 25ms 25ms,ONE,ALL,1,True,5,5,0,2|2|2|2|2,PASS,
179,MONOTONIC_READS,normal,netem delay 25ms 25ms,ONE,ALL,1,True,5,5,0,2|2|2|2|2,PASS,
180,MONOTONIC_READS,normal,netem delay 25ms 25ms,ONE,ALL,1,True,5,5,0,2|2|2|2|2,PASS,
181,MONOTONIC_READS,normal,netem delay 25ms 25ms,ONE,ALL,1,True,5,5,0,2|2|2|2|2,PASS,
182,MONOTONIC_READS,normal,netem delay 25ms 25ms,ONE,ALL,1,True,5,5,0,2|2|2|2|2,PASS,
183,MONOTONIC_READS,normal,netem delay 25ms 25ms,ONE,ALL,1,True,5,5,0,2|2|2|2|2,PASS,
184,MONOTONIC_READS,normal,netem delay 25ms 25ms,ONE,ALL,1,True,5,5,0,2|2|2|2|2,PASS,
185,MONOTONIC_READS,normal,netem delay 25ms 25ms,ONE,ALL,1,True,5,5,0,2|2|2|2|2,PASS,
186,MONOTONIC_READS,normal,netem delay 25ms 25ms,ONE,ALL,1,True,5,5,0,2|2|2|2|2,PASS,
187,MONOTONIC_READS,normal,netem delay 25ms 25ms,ONE,ALL,1,True,5,5,0,2|2|2|2|2,PASS,
188,MONOTONIC_READS,normal,netem delay 25ms 25ms,ONE,ALL,1,True,5,5,0,2|2|2|2|2,PASS,
189,MONOTONIC_READS,normal,netem delay 25ms 25ms,ONE,ALL,1,True,5,5,0,2|2|2|2|2,PASS,
190,MONOTONIC_READS,normal,netem delay 25ms 25ms,ONE,ALL,1,True,5,5,0,2|2|2|2|2,PASS,
191,MONOTONIC_READS,normal,netem delay 25ms 25ms,ONE,ALL,1,True,5,5,0,2|2|2|2|2,PASS,
192,MONOTONIC_READS,normal,netem delay 25ms 25ms,ONE,ALL,1,True,5,5,0,2|2|2|2|2,PASS,
193,MONOTONIC_READS,normal,netem delay 25ms 25ms,ONE,ALL,1,True,5,5,0,2|2|2|2|2,PASS,
194,MONOTONIC_READS,normal,netem delay 25ms 25ms,ONE,ALL,1,True,5,5,0,2|2|2|2|2,PASS,
195,MONOTONIC_READS,normal,netem delay 25ms 25ms,ONE,ALL,1,True,5,5,0,2|2|2|2|2,PASS,
196,MONOTONIC_READS,normal,netem delay 25ms 25ms,ONE,ALL,1,True,5,5,0,2|2|2|2|2,PASS,
197,MONOTONIC_READS,normal,netem delay 25ms 25ms,ONE,ALL,1,True,5,5,0,2|2|2|2|2,PASS,
198,MONOTONIC_READS,normal,netem delay 25ms 25ms,ONE,ALL,1,True,5,5,0,2|2|2|2|2,PASS,
199,MONOTONIC_READS,normal,netem delay 25ms 25ms,ONE,ALL,1,True,5,5,0,2|2|2|2|2,PASS,
200,MONOTONIC_READS,normal,netem delay 25ms 25ms,ONE,ALL,1,True,5,5,0,2|2|2|2|2,PASS,
1,MONOTONIC_READS,normal,netem delay 25ms 25ms,QUORUM,ONE,1,True,5,5,0,2|2|2|2|2,PASS,
2,MONOTONIC_READS,normal,netem delay 25ms 25ms,QUORUM,ONE,1,True,5,5,0,2|2|2|2|2,PASS,
3,MONOTONIC_READS,normal,netem delay 25ms 25ms,QUORUM,ONE,1,True,5,5,0,2|2|2|2|2,PASS,
4,MONOTONIC_READS,normal,netem delay 25ms 25ms,QUORUM,ONE,1,True,5,5,0,2|2|2|2|2,PASS,
5,MONOTONIC_READS,normal,netem delay 25ms 25ms,QUORUM,ONE,1,True,5,5,0,2|2|2|2|2,PASS,
6,MONOTONIC_READS,normal,netem delay 25ms 25ms,QUORUM,ONE,1,True,5,5,0,2|2|2|2|2,PASS,
7,MONOTONIC_READS,normal,netem delay 25ms 25ms,QUORUM,ONE,1,True,5,5,0,2|2|2|2|2,PASS,
8,MONOTONIC_READS,normal,netem delay 25ms 25ms,QUORUM,ONE,1,True,5,5,0,2|2|2|2|2,PASS,
9,MONOTONIC_READS,normal,netem delay 25ms 25ms,QUORUM,ONE,1,True,5,5,0,2|2|2|2|2,PASS,
10,MONOTONIC_READS,normal,netem delay 25ms 25ms,QUORUM,ONE,1,True,5,5,0,2|2|2|2|2,PASS,
11,MONOTONIC_READS,normal,netem delay 25ms 25ms,QUORUM,ONE,1,True,5,5,0,2|2|2|2|2,PASS,
12,MONOTONIC_READS,normal,netem delay 25ms 25ms,QUORUM,ONE,1,True,5,5,0,2|2|2|2|2,PASS,
13,MONOTONIC_READS,normal,netem delay 25ms 25ms,QUORUM,ONE,1,True,5,5,0,2|2|2|2|2,PASS,
14,MONOTONIC_READS,normal,netem delay 25ms 25ms,QUORUM,ONE,1,True,5,5,0,2|2|2|2|2,PASS,
15,MONOTONIC_READS,normal,netem delay 25ms 25ms,QUORUM,ONE,1,True,5,5,0,2|2|2|2|2,PASS,
16,MONOTONIC_READS,normal,netem delay 25ms 25ms,QUORUM,ONE,1,True,5,5,0,2|2|2|2|2,PASS,
17,MONOTONIC_READS,normal,netem delay 25ms 25ms,QUORUM,ONE,1,True,5,5,0,2|2|2|2|2,PASS,
18,MONOTONIC_READS,normal,netem delay 25ms 25ms,QUORUM,ONE,1,True,5,5,0,2|2|2|2|2,PASS,
19,MONOTONIC_READS,normal,netem delay 25ms 25ms,QUORUM,ONE,1,True,5,5,0,2|2|2|2|2,PASS,
20,MONOTONIC_READS,normal,netem delay 25ms 25ms,QUORUM,ONE,1,True,5,5,0,2|2|2|2|2,PASS,
21,MONOTONIC_READS,normal,netem delay 25ms 25ms,QUORUM,ONE,1,True,5,5,0,2|2|2|2|2,PASS,
22,MONOTONIC_READS,normal,netem delay 25ms 25ms,QUORUM,ONE,1,True,5,5,0,2|2|2|2|2,PASS,
23,MONOTONIC_READS,normal,netem delay 25ms 25ms,QUORUM,ONE,1,True,5,5,0,2|2|2|2|2,PASS,
24,MONOTONIC_READS,normal,netem delay 25ms 25ms,QUORUM,ONE,1,True,5,5,0,2|2|2|2|2,PASS,
25,MONOTONIC_READS,normal,netem delay 25ms 25ms,QUORUM,ONE,1,True,5,5,0,2|2|2|2|2,PASS,
26,MONOTONIC_READS,normal,netem delay 25ms 25ms,QUORUM,ONE,1,True,5,5,0,2|2|2|2|2,PASS,
27,MONOTONIC_READS,normal,netem delay 25ms 25ms,QUORUM,ONE,1,True,5,5,0,2|2|2|2|2,PASS,
28,MONOTONIC_READS,normal,netem delay 25ms 25ms,QUORUM,ONE,1,True,5,5,0,2|2|2|2|2,PASS,
29,MONOTONIC_READS,normal,netem delay 25ms 25ms,QUORUM,ONE,1,True,5,5,0,2|2|2|2|2,PASS,
30,MONOTONIC_READS,normal,netem delay 25ms 25ms,QUORUM,ONE,1,True,5,5,0,2|2|2|2|2,PASS,
31,MONOTONIC_READS,normal,netem delay 25ms 25ms,QUORUM,ONE,1,True,5,5,0,2|2|2|2|2,PASS,
32,MONOTONIC_READS,normal,netem delay 25ms 25ms,QUORUM,ONE,1,True,5,5,0,2|2|2|2|2,PASS,
33,MONOTONIC_READS,normal,netem delay 25ms 25ms,QUORUM,ONE,1,True,5,5,0,2|2|2|2|2,PASS,
34,MONOTONIC_READS,normal,netem delay 25ms 25ms,QUORUM,ONE,1,True,5,5,0,2|2|2|2|2,PASS,
35,MONOTONIC_READS,normal,netem delay 25ms 25ms,QUORUM,ONE,1,True,5,5,0,2|2|2|2|2,PASS,
36,MONOTONIC_READS,normal,netem delay 25ms 25ms,QUORUM,ONE,1,True,5,5,0,2|2|2|2|2,PASS,
37,MONOTONIC_READS,normal,netem delay 25ms 25ms,QUORUM,ONE,1,True,5,5,0,1|2|2|2|2,PASS,
38,MONOTONIC_READS,normal,netem delay 25ms 25ms,QUORUM,ONE,1,True,5,5,0,2|2|2|2|2,PASS,
39,MONOTONIC_READS,normal,netem delay 25ms 25ms,QUORUM,ONE,1,True,5,5,0,2|2|2|2|2,PASS,
40,MONOTONIC_READS,normal,netem delay 25ms 25ms,QUORUM,ONE,1,True,5,5,0,2|2|2|2|2,PASS,
41,MONOTONIC_READS,normal,netem delay 25ms 25ms,QUORUM,ONE,1,True,5,5,0,2|2|2|2|2,PASS,
42,MONOTONIC_READS,normal,netem delay 25ms 25ms,QUORUM,ONE,1,True,5,5,0,2|2|2|2|2,PASS,
43,MONOTONIC_READS,normal,netem delay 25ms 25ms,QUORUM,ONE,1,True,5,5,0,1|2|2|2|2,PASS,
44,MONOTONIC_READS,normal,netem delay 25ms 25ms,QUORUM,ONE,1,True,5,5,0,2|2|2|2|2,PASS,
45,MONOTONIC_READS,normal,netem delay 25ms 25ms,QUORUM,ONE,1,True,5,5,0,2|2|2|2|2,PASS,
46,MONOTONIC_READS,normal,netem delay 25ms 25ms,QUORUM,ONE,1,True,5,5,0,2|2|2|2|2,PASS,
47,MONOTONIC_READS,normal,netem delay 25ms 25ms,QUORUM,ONE,1,True,5,5,0,2|2|2|2|2,PASS,
48,MONOTONIC_READS,normal,netem delay 25ms 25ms,QUORUM,ONE,1,True,5,5,0,2|2|2|2|2,PASS,
49,MONOTONIC_READS,normal,netem delay 25ms 25ms,QUORUM,ONE,1,True,5,5,0,2|2|2|2|2,PASS,
50,MONOTONIC_READS,normal,netem delay 25ms 25ms,QUORUM,ONE,1,True,5,5,0,2|2|2|2|2,PASS,
51,MONOTONIC_READS,normal,netem delay 25ms 25ms,QUORUM,ONE,1,True,5,5,0,2|2|2|2|2,PASS,
52,MONOTONIC_READS,normal,netem delay 25ms 25ms,QUORUM,ONE,1,True,5,5,0,2|2|2|2|2,PASS,
53,MONOTONIC_READS,normal,netem delay 25ms 25ms,QUORUM,ONE,1,True,5,5,0,2|2|2|2|2,PASS,
54,MONOTONIC_READS,normal,netem delay 25ms 25ms,QUORUM,ONE,1,True,5,5,0,2|2|2|2|2,PASS,
55,MONOTONIC_READS,normal,netem delay 25ms 25ms,QUORUM,ONE,1,True,5,5,0,2|2|2|2|2,PASS,
56,MONOTONIC_READS,normal,netem delay 25ms 25ms,QUORUM,ONE,1,True,5,5,0,2|2|2|2|2,PASS,
57,MONOTONIC_READS,normal,netem delay 25ms 25ms,QUORUM,ONE,1,True,5,5,0,2|2|2|2|2,PASS,
58,MONOTONIC_READS,normal,netem delay 25ms 25ms,QUORUM,ONE,1,True,5,5,0,2|2|2|2|2,PASS,
59,MONOTONIC_READS,normal,netem delay 25ms 25ms,QUORUM,ONE,1,True,5,5,0,2|2|2|2|2,PASS,
60,MONOTONIC_READS,normal,netem delay 25ms 25ms,QUORUM,ONE,1,True,5,5,0,2|2|2|2|2,PASS,
61,MONOTONIC_READS,normal,netem delay 25ms 25ms,QUORUM,ONE,1,True,5,5,0,2|2|2|2|2,PASS,
62,MONOTONIC_READS,normal,netem delay 25ms 25ms,QUORUM,ONE,1,True,5,5,0,2|2|2|2|2,PASS,
63,MONOTONIC_READS,normal,netem delay 25ms 25ms,QUORUM,ONE,1,True,5,5,0,2|2|2|2|2,PASS,
64,MONOTONIC_READS,normal,netem delay 25ms 25ms,QUORUM,ONE,1,True,5,5,0,2|2|2|2|2,PASS,
65,MONOTONIC_READS,normal,netem delay 25ms 25ms,QUORUM,ONE,1,True,5,5,0,2|2|2|2|2,PASS,
66,MONOTONIC_READS,normal,netem delay 25ms 25ms,QUORUM,ONE,1,True,5,5,0,2|2|2|2|2,PASS,
67,MONOTONIC_READS,normal,netem delay 25ms 25ms,QUORUM,ONE,1,True,5,5,0,2|2|2|2|2,PASS,
68,MONOTONIC_READS,normal,netem delay 25ms 25ms,QUORUM,ONE,1,True,5,5,0,2|2|2|2|2,PASS,
69,MONOTONIC_READS,normal,netem delay 25ms 25ms,QUORUM,ONE,1,True,5,5,0,2|2|2|2|2,PASS,
70,MONOTONIC_READS,normal,netem delay 25ms 25ms,QUORUM,ONE,1,True,5,5,0,2|2|2|2|2,PASS,
71,MONOTONIC_READS,normal,netem delay 25ms 25ms,QUORUM,ONE,1,True,5,5,0,2|2|2|2|2,PASS,
72,MONOTONIC_READS,normal,netem delay 25ms 25ms,QUORUM,ONE,1,True,5,5,0,2|2|2|2|2,PASS,
73,MONOTONIC_READS,normal,netem delay 25ms 25ms,QUORUM,ONE,1,True,5,5,0,2|2|2|2|2,PASS,
74,MONOTONIC_READS,normal,netem delay 25ms 25ms,QUORUM,ONE,1,True,5,5,0,2|2|2|2|2,PASS,
75,MONOTONIC_READS,normal,netem delay 25ms 25ms,QUORUM,ONE,1,True,5,5,0,2|2|2|2|2,PASS,
76,MONOTONIC_READS,normal,netem delay 25ms 25ms,QUORUM,ONE,1,True,5,5,0,2|2|2|2|2,PASS,
77,MONOTONIC_READS,normal,netem delay 25ms 25ms,QUORUM,ONE,1,True,5,5,0,2|2|2|2|2,PASS,
78,MONOTONIC_READS,normal,netem delay 25ms 25ms,QUORUM,ONE,1,True,5,5,0,2|2|2|2|2,PASS,
79,MONOTONIC_READS,normal,netem delay 25ms 25ms,QUORUM,ONE,1,True,5,5,0,2|2|2|2|2,PASS,
80,MONOTONIC_READS,normal,netem delay 25ms 25ms,QUORUM,ONE,1,True,5,5,0,2|2|2|2|2,PASS,
81,MONOTONIC_READS,normal,netem delay 25ms 25ms,QUORUM,ONE,1,True,5,5,0,2|2|2|2|2,PASS,
82,MONOTONIC_READS,normal,netem delay 25ms 25ms,QUORUM,ONE,1,True,5,5,0,2|2|2|2|2,PASS,
83,MONOTONIC_READS,normal,netem delay 25ms 25ms,QUORUM,ONE,1,True,5,5,0,2|2|2|2|2,PASS,
84,MONOTONIC_READS,normal,netem delay 25ms 25ms,QUORUM,ONE,1,True,5,5,0,2|2|2|2|2,PASS,
85,MONOTONIC_READS,normal,netem delay 25ms 25ms,QUORUM,ONE,1,True,5,5,0,2|2|2|2|2,PASS,
86,MONOTONIC_READS,normal,netem delay 25ms 25ms,QUORUM,ONE,1,True,5,5,0,2|2|2|2|2,PASS,
87,MONOTONIC_READS,normal,netem delay 25ms 25ms,QUORUM,ONE,1,True,5,5,0,2|2|2|2|2,PASS,
88,MONOTONIC_READS,normal,netem delay 25ms 25ms,QUORUM,ONE,1,True,5,5,0,2|2|2|2|2,PASS,
89,MONOTONIC_READS,normal,netem delay 25ms 25ms,QUORUM,ONE,1,True,5,5,0,2|2|2|2|2,PASS,
90,MONOTONIC_READS,normal,netem delay 25ms 25ms,QUORUM,ONE,1,True,5,5,0,2|2|2|2|2,PASS,
91,MONOTONIC_READS,normal,netem delay 25ms 25ms,QUORUM,ONE,1,True,5,5,0,2|2|2|2|2,PASS,
92,MONOTONIC_READS,normal,netem delay 25ms 25ms,QUORUM,ONE,1,True,5,5,0,2|2|2|2|2,PASS,
93,MONOTONIC_READS,normal,netem delay 25ms 25ms,QUORUM,ONE,1,True,5,5,0,2|2|2|2|2,PASS,
94,MONOTONIC_READS,normal,netem delay 25ms 25ms,QUORUM,ONE,1,True,5,5,0,2|2|2|2|2,PASS,
95,MONOTONIC_READS,normal,netem delay 25ms 25ms,QUORUM,ONE,1,True,5,5,0,2|2|2|2|2,PASS,
96,MONOTONIC_READS,normal,netem delay 25ms 25ms,QUORUM,ONE,1,True,5,5,0,2|2|2|2|2,PASS,
97,MONOTONIC_READS,normal,netem delay 25ms 25ms,QUORUM,ONE,1,True,5,5,0,2|2|2|2|2,PASS,
98,MONOTONIC_READS,normal,netem delay 25ms 25ms,QUORUM,ONE,1,True,5,5,0,2|2|2|2|2,PASS,
99,MONOTONIC_READS,normal,netem delay 25ms 25ms,QUORUM,ONE,1,True,5,5,0,2|2|2|2|2,PASS,
100,MONOTONIC_READS,normal,netem delay 25ms 25ms,QUORUM,ONE,1,True,5,5,0,2|2|2|2|2,PASS,
101,MONOTONIC_READS,normal,netem delay 25ms 25ms,QUORUM,ONE,1,True,5,5,0,2|2|2|2|2,PASS,
102,MONOTONIC_READS,normal,netem delay 25ms 25ms,QUORUM,ONE,1,True,5,5,0,2|2|2|2|2,PASS,
103,MONOTONIC_READS,normal,netem delay 25ms 25ms,QUORUM,ONE,1,True,5,5,0,2|2|2|2|2,PASS,
104,MONOTONIC_READS,normal,netem delay 25ms 25ms,QUORUM,ONE,1,True,5,5,0,2|2|2|2|2,PASS,
105,MONOTONIC_READS,normal,netem delay 25ms 25ms,QUORUM,ONE,1,True,5,5,0,2|2|2|2|2,PASS,
106,MONOTONIC_READS,normal,netem delay 25ms 25ms,QUORUM,ONE,1,True,5,5,0,2|2|2|2|2,PASS,
107,MONOTONIC_READS,normal,netem delay 25ms 25ms,QUORUM,ONE,1,True,5,5,0,2|2|2|2|2,PASS,
108,MONOTONIC_READS,normal,netem delay 25ms 25ms,QUORUM,ONE,1,True,5,5,0,1|2|2|2|2,PASS,
109,MONOTONIC_READS,normal,netem delay 25ms 25ms,QUORUM,ONE,1,True,5,5,0,2|2|2|2|2,PASS,
110,MONOTONIC_READS,normal,netem delay 25ms 25ms,QUORUM,ONE,1,True,5,5,0,2|2|2|2|2,PASS,
111,MONOTONIC_READS,normal,netem delay 25ms 25ms,QUORUM,ONE,1,True,5,5,0,2|2|2|2|2,PASS,
112,MONOTONIC_READS,normal,netem delay 25ms 25ms,QUORUM,ONE,1,True,5,5,0,1|2|2|2|2,PASS,
113,MONOTONIC_READS,normal,netem delay 25ms 25ms,QUORUM,ONE,1,True,5,5,0,2|2|2|2|2,PASS,
114,MONOTONIC_READS,normal,netem delay 25ms 25ms,QUORUM,ONE,1,True,5,5,0,2|2|2|2|2,PASS,
115,MONOTONIC_READS,normal,netem delay 25ms 25ms,QUORUM,ONE,1,True,5,5,0,2|2|2|2|2,PASS,
116,MONOTONIC_READS,normal,netem delay 25ms 25ms,QUORUM,ONE,1,True,5,5,0,2|2|2|2|2,PASS,
117,MONOTONIC_READS,normal,netem delay 25ms 25ms,QUORUM,ONE,1,True,5,5,0,2|2|2|2|2,PASS,
118,MONOTONIC_READS,normal,netem delay 25ms 25ms,QUORUM,ONE,1,True,5,5,0,2|2|2|2|2,PASS,
119,MONOTONIC_READS,normal,netem delay 25ms 25ms,QUORUM,ONE,1,True,5,5,0,2|2|2|2|2,PASS,
120,MONOTONIC_READS,normal,netem delay 25ms 25ms,QUORUM,ONE,1,True,5,5,0,2|2|2|2|2,PASS,
121,MONOTONIC_READS,normal,netem delay 25ms 25ms,QUORUM,ONE,1,True,5,5,0,2|2|2|2|2,PASS,
122,MONOTONIC_READS,normal,netem delay 25ms 25ms,QUORUM,ONE,1,True,5,5,0,2|2|2|2|2,PASS,
123,MONOTONIC_READS,normal,netem delay 25ms 25ms,QUORUM,ONE,1,True,5,5,0,2|2|2|2|2,PASS,
124,MONOTONIC_READS,normal,netem delay 25ms 25ms,QUORUM,ONE,1,True,5,5,0,2|2|2|2|2,PASS,
125,MONOTONIC_READS,normal,netem delay 25ms 25ms,QUORUM,ONE,1,True,5,5,0,2|2|2|2|2,PASS,
126,MONOTONIC_READS,normal,netem delay 25ms 25ms,QUORUM,ONE,1,True,5,5,0,2|2|2|2|2,PASS,
127,MONOTONIC_READS,normal,netem delay 25ms 25ms,QUORUM,ONE,1,True,5,5,0,2|2|2|2|2,PASS,
128,MONOTONIC_READS,normal,netem delay 25ms 25ms,QUORUM,ONE,1,True,5,5,0,2|2|2|2|2,PASS,
129,MONOTONIC_READS,normal,netem delay 25ms 25ms,QUORUM,ONE,1,True,5,5,0,2|2|2|2|2,PASS,
130,MONOTONIC_READS,normal,netem delay 25ms 25ms,QUORUM,ONE,1,True,5,5,0,2|2|2|2|2,PASS,
131,MONOTONIC_READS,normal,netem delay 25ms 25ms,QUORUM,ONE,1,True,5,5,0,2|2|2|2|2,PASS,
132,MONOTONIC_READS,normal,netem delay 25ms 25ms,QUORUM,ONE,1,True,5,5,0,2|2|2|2|2,PASS,
133,MONOTONIC_READS,normal,netem delay 25ms 25ms,QUORUM,ONE,1,True,5,5,0,2|2|2|2|2,PASS,
134,MONOTONIC_READS,normal,netem delay 25ms 25ms,QUORUM,ONE,1,True,5,5,0,2|2|2|2|2,PASS,
135,MONOTONIC_READS,normal,netem delay 25ms 25ms,QUORUM,ONE,1,True,5,5,0,2|2|2|2|2,PASS,
136,MONOTONIC_READS,normal,netem delay 25ms 25ms,QUORUM,ONE,1,True,5,5,0,2|2|2|2|2,PASS,
137,MONOTONIC_READS,normal,netem delay 25ms 25ms,QUORUM,ONE,1,True,5,5,0,2|2|2|2|2,PASS,
138,MONOTONIC_READS,normal,netem delay 25ms 25ms,QUORUM,ONE,1,True,5,5,0,2|2|2|2|2,PASS,
139,MONOTONIC_READS,normal,netem delay 25ms 25ms,QUORUM,ONE,1,True,5,5,0,2|2|2|2|2,PASS,
140,MONOTONIC_READS,normal,netem delay 25ms 25ms,QUORUM,ONE,1,True,5,5,0,2|2|2|2|2,PASS,
141,MONOTONIC_READS,normal,netem delay 25ms 25ms,QUORUM,ONE,1,True,5,5,0,1|2|2|2|2,PASS,
142,MONOTONIC_READS,normal,netem delay 25ms 25ms,QUORUM,ONE,1,True,5,5,0,2|2|2|2|2,PASS,
143,MONOTONIC_READS,normal,netem delay 25ms 25ms,QUORUM,ONE,2,True,5,5,0,2|2|2|2|2,PASS,
144,MONOTONIC_READS,normal,netem delay 25ms 25ms,QUORUM,ONE,2,True,5,5,0,2|2|2|2|2,PASS,
145,MONOTONIC_READS,normal,netem delay 25ms 25ms,QUORUM,ONE,2,True,5,5,0,2|2|2|2|2,PASS,
146,MONOTONIC_READS,normal,netem delay 25ms 25ms,QUORUM,ONE,1,True,5,5,0,2|2|2|2|2,PASS,
147,MONOTONIC_READS,normal,netem delay 25ms 25ms,QUORUM,ONE,1,True,5,5,1,2|2|1|2|2,FAIL,
148,MONOTONIC_READS,normal,netem delay 25ms 25ms,QUORUM,ONE,1,True,5,5,0,2|2|2|2|2,PASS,
149,MONOTONIC_READS,normal,netem delay 25ms 25ms,QUORUM,ONE,1,True,5,5,0,2|2|2|2|2,PASS,
150,MONOTONIC_READS,normal,netem delay 25ms 25ms,QUORUM,ONE,3,True,5,5,0,2|2|2|2|2,PASS,
151,MONOTONIC_READS,normal,netem delay 25ms 25ms,QUORUM,ONE,1,True,5,5,1,1|1|2|2|1,FAIL,
152,MONOTONIC_READS,normal,netem delay 25ms 25ms,QUORUM,ONE,1,True,5,5,0,2|2|2|2|2,PASS,
153,MONOTONIC_READS,normal,netem delay 25ms 25ms,QUORUM,ONE,2,True,5,5,0,2|2|2|2|2,PASS,
154,MONOTONIC_READS,normal,netem delay 25ms 25ms,QUORUM,ONE,1,True,5,5,0,2|2|2|2|2,PASS,
155,MONOTONIC_READS,normal,netem delay 25ms 25ms,QUORUM,ONE,1,True,5,5,0,2|2|2|2|2,PASS,
156,MONOTONIC_READS,normal,netem delay 25ms 25ms,QUORUM,ONE,1,True,5,5,0,2|2|2|2|2,PASS,
157,MONOTONIC_READS,normal,netem delay 25ms 25ms,QUORUM,ONE,1,True,5,5,0,2|2|2|2|2,PASS,
158,MONOTONIC_READS,normal,netem delay 25ms 25ms,QUORUM,ONE,2,True,5,5,0,2|2|2|2|2,PASS,
159,MONOTONIC_READS,normal,netem delay 25ms 25ms,QUORUM,ONE,1,True,5,5,0,2|2|2|2|2,PASS,
160,MONOTONIC_READS,normal,netem delay 25ms 25ms,QUORUM,ONE,1,True,5,5,1,1|2|2|2|1,FAIL,
161,MONOTONIC_READS,normal,netem delay 25ms 25ms,QUORUM,ONE,1,True,5,5,0,2|2|2|2|2,PASS,
162,MONOTONIC_READS,normal,netem delay 25ms 25ms,QUORUM,ONE,1,True,5,5,0,2|2|2|2|2,PASS,
163,MONOTONIC_READS,normal,netem delay 25ms 25ms,QUORUM,ONE,2,True,5,5,0,2|2|2|2|2,PASS,
164,MONOTONIC_READS,normal,netem delay 25ms 25ms,QUORUM,ONE,2,True,5,5,0,2|2|2|2|2,PASS,
165,MONOTONIC_READS,normal,netem delay 25ms 25ms,QUORUM,ONE,3,True,5,5,0,2|2|2|2|2,PASS,
166,MONOTONIC_READS,normal,netem delay 25ms 25ms,QUORUM,ONE,1,True,5,5,0,2|2|2|2|2,PASS,
167,MONOTONIC_READS,normal,netem delay 25ms 25ms,QUORUM,ONE,1,False,5,0,0,,ERROR,"WriteTimeout: Error from server: code=1100 [Coordinator node timed out waiting for replica nodes' responses] message=""Operation timed out - received only 1 responses."" info={'consistency': 'QUORUM', 'required_responses': 2, 'received_responses': 1, 'write_type': 'SIMPLE'}"
168,MONOTONIC_READS,normal,netem delay 25ms 25ms,QUORUM,ONE,1,False,5,0,0,,ERROR,"WriteTimeout: Error from server: code=1100 [Coordinator node timed out waiting for replica nodes' responses] message=""Operation timed out - received only 1 responses."" info={'consistency': 'QUORUM', 'required_responses': 2, 'received_responses': 1, 'write_type': 'SIMPLE'}"
169,MONOTONIC_READS,normal,netem delay 25ms 25ms,QUORUM,ONE,1,True,5,5,0,2|2|2|2|2,PASS,
170,MONOTONIC_READS,normal,netem delay 25ms 25ms,QUORUM,ONE,3,True,5,5,0,2|2|2|2|2,PASS,
171,MONOTONIC_READS,normal,netem delay 25ms 25ms,QUORUM,ONE,1,True,5,5,0,2|2|2|2|2,PASS,
172,MONOTONIC_READS,normal,netem delay 25ms 25ms,QUORUM,ONE,1,True,5,5,0,1|2|2|2|2,PASS,
173,MONOTONIC_READS,normal,netem delay 25ms 25ms,QUORUM,ONE,1,True,5,5,0,2|2|2|2|2,PASS,
174,MONOTONIC_READS,normal,netem delay 25ms 25ms,QUORUM,ONE,1,True,5,5,0,2|2|2|2|2,PASS,
175,MONOTONIC_READS,normal,netem delay 25ms 25ms,QUORUM,ONE,1,True,5,5,0,2|2|2|2|2,PASS,
176,MONOTONIC_READS,normal,netem delay 25ms 25ms,QUORUM,ONE,1,True,5,5,0,1|2|2|2|2,PASS,
177,MONOTONIC_READS,normal,netem delay 25ms 25ms,QUORUM,ONE,1,True,5,5,0,2|2|2|2|2,PASS,
178,MONOTONIC_READS,normal,netem delay 25ms 25ms,QUORUM,ONE,1,True,5,5,0,2|2|2|2|2,PASS,
179,MONOTONIC_READS,normal,netem delay 25ms 25ms,QUORUM,ONE,1,True,5,5,0,2|2|2|2|2,PASS,
180,MONOTONIC_READS,normal,netem delay 25ms 25ms,QUORUM,ONE,1,True,5,5,0,2|2|2|2|2,PASS,
181,MONOTONIC_READS,normal,netem delay 25ms 25ms,QUORUM,ONE,1,True,5,5,0,2|2|2|2|2,PASS,
182,MONOTONIC_READS,normal,netem delay 25ms 25ms,QUORUM,ONE,1,True,5,5,0,2|2|2|2|2,PASS,
183,MONOTONIC_READS,normal,netem delay 25ms 25ms,QUORUM,ONE,1,True,5,5,0,2|2|2|2|2,PASS,
184,MONOTONIC_READS,normal,netem delay 25ms 25ms,QUORUM,ONE,1,True,5,5,0,2|2|2|2|2,PASS,
185,MONOTONIC_READS,normal,netem delay 25ms 25ms,QUORUM,ONE,1,True,5,5,0,2|2|2|2|2,PASS,
186,MONOTONIC_READS,normal,netem delay 25ms 25ms,QUORUM,ONE,1,True,5,5,0,2|2|2|2|2,PASS,
187,MONOTONIC_READS,normal,netem delay 25ms 25ms,QUORUM,ONE,1,True,5,5,0,2|2|2|2|2,PASS,
188,MONOTONIC_READS,normal,netem delay 25ms 25ms,QUORUM,ONE,1,True,5,5,0,2|2|2|2|2,PASS,
189,MONOTONIC_READS,normal,netem delay 25ms 25ms,QUORUM,ONE,1,True,5,5,0,2|2|2|2|2,PASS,
190,MONOTONIC_READS,normal,netem delay 25ms 25ms,QUORUM,ONE,1,True,5,5,0,2|2|2|2|2,PASS,
191,MONOTONIC_READS,normal,netem delay 25ms 25ms,QUORUM,ONE,1,True,5,5,0,2|2|2|2|2,PASS,
192,MONOTONIC_READS,normal,netem delay 25ms 25ms,QUORUM,ONE,1,True,5,5,0,2|2|2|2|2,PASS,
193,MONOTONIC_READS,normal,netem delay 25ms 25ms,QUORUM,ONE,1,True,5,5,0,2|2|2|2|2,PASS,
194,MONOTONIC_READS,normal,netem delay 25ms 25ms,QUORUM,ONE,1,True,5,5,0,2|2|2|2|2,PASS,
195,MONOTONIC_READS,normal,netem delay 25ms 25ms,QUORUM,ONE,1,True,5,5,0,2|2|2|2|2,PASS,
196,MONOTONIC_READS,normal,netem delay 25ms 25ms,QUORUM,ONE,1,True,5,5,0,2|2|2|2|2,PASS,
197,MONOTONIC_READS,normal,netem delay 25ms 25ms,QUORUM,ONE,1,True,5,5,0,2|2|2|2|2,PASS,
198,MONOTONIC_READS,normal,netem delay 25ms 25ms,QUORUM,ONE,1,True,5,5,0,2|2|2|2|2,PASS,
199,MONOTONIC_READS,normal,netem delay 25ms 25ms,QUORUM,ONE,1,True,5,5,0,2|2|2|2|2,PASS,
200,MONOTONIC_READS,normal,netem delay 25ms 25ms,QUORUM,ONE,1,True,5,5,0,2|2|2|2|2,PASS,
1,MONOTONIC_READS,normal,netem delay 25ms 25ms,QUORUM,QUORUM,1,True,5,5,0,2|2|2|2|2,PASS,
2,MONOTONIC_READS,normal,netem delay 25ms 25ms,QUORUM,QUORUM,1,True,5,5,0,2|2|2|2|2,PASS,
3,MONOTONIC_READS,normal,netem delay 25ms 25ms,QUORUM,QUORUM,1,True,5,5,0,2|2|2|2|2,PASS,
4,MONOTONIC_READS,normal,netem delay 25ms 25ms,QUORUM,QUORUM,1,True,5,5,0,2|2|2|2|2,PASS,
5,MONOTONIC_READS,normal,netem delay 25ms 25ms,QUORUM,QUORUM,1,True,5,5,0,2|2|2|2|2,PASS,
6,MONOTONIC_READS,normal,netem delay 25ms 25ms,QUORUM,QUORUM,1,True,5,5,0,2|2|2|2|2,PASS,
7,MONOTONIC_READS,normal,netem delay 25ms 25ms,QUORUM,QUORUM,1,True,5,5,0,2|2|2|2|2,PASS,
8,MONOTONIC_READS,normal,netem delay 25ms 25ms,QUORUM,QUORUM,1,True,5,5,0,2|2|2|2|2,PASS,
9,MONOTONIC_READS,normal,netem delay 25ms 25ms,QUORUM,QUORUM,1,True,5,5,0,2|2|2|2|2,PASS,
10,MONOTONIC_READS,normal,netem delay 25ms 25ms,QUORUM,QUORUM,1,True,5,5,0,2|2|2|2|2,PASS,
11,MONOTONIC_READS,normal,netem delay 25ms 25ms,QUORUM,QUORUM,1,True,5,5,0,2|2|2|2|2,PASS,
12,MONOTONIC_READS,normal,netem delay 25ms 25ms,QUORUM,QUORUM,1,True,5,5,0,2|2|2|2|2,PASS,
13,MONOTONIC_READS,normal,netem delay 25ms 25ms,QUORUM,QUORUM,1,True,5,5,0,2|2|2|2|2,PASS,
14,MONOTONIC_READS,normal,netem delay 25ms 25ms,QUORUM,QUORUM,1,True,5,5,0,2|2|2|2|2,PASS,
15,MONOTONIC_READS,normal,netem delay 25ms 25ms,QUORUM,QUORUM,1,True,5,5,0,2|2|2|2|2,PASS,
16,MONOTONIC_READS,normal,netem delay 25ms 25ms,QUORUM,QUORUM,1,True,5,5,0,2|2|2|2|2,PASS,
17,MONOTONIC_READS,normal,netem delay 25ms 25ms,QUORUM,QUORUM,1,True,5,5,0,2|2|2|2|2,PASS,
18,MONOTONIC_READS,normal,netem delay 25ms 25ms,QUORUM,QUORUM,1,True,5,5,0,2|2|2|2|2,PASS,
19,MONOTONIC_READS,normal,netem delay 25ms 25ms,QUORUM,QUORUM,1,True,5,5,0,2|2|2|2|2,PASS,
20,MONOTONIC_READS,normal,netem delay 25ms 25ms,QUORUM,QUORUM,1,True,5,5,0,2|2|2|2|2,PASS,
21,MONOTONIC_READS,normal,netem delay 25ms 25ms,QUORUM,QUORUM,1,True,5,5,0,2|2|2|2|2,PASS,
22,MONOTONIC_READS,normal,netem delay 25ms 25ms,QUORUM,QUORUM,1,True,5,5,0,2|2|2|2|2,PASS,
23,MONOTONIC_READS,normal,netem delay 25ms 25ms,QUORUM,QUORUM,1,True,5,5,0,2|2|2|2|2,PASS,
24,MONOTONIC_READS,normal,netem delay 25ms 25ms,QUORUM,QUORUM,1,True,5,5,0,2|2|2|2|2,PASS,
25,MONOTONIC_READS,normal,netem delay 25ms 25ms,QUORUM,QUORUM,1,True,5,5,0,2|2|2|2|2,PASS,
26,MONOTONIC_READS,normal,netem delay 25ms 25ms,QUORUM,QUORUM,1,True,5,5,0,2|2|2|2|2,PASS,
27,MONOTONIC_READS,normal,netem delay 25ms 25ms,QUORUM,QUORUM,1,True,5,5,0,2|2|2|2|2,PASS,
28,MONOTONIC_READS,normal,netem delay 25ms 25ms,QUORUM,QUORUM,1,True,5,5,0,2|2|2|2|2,PASS,
29,MONOTONIC_READS,normal,netem delay 25ms 25ms,QUORUM,QUORUM,1,True,5,5,0,2|2|2|2|2,PASS,
30,MONOTONIC_READS,normal,netem delay 25ms 25ms,QUORUM,QUORUM,1,True,5,5,0,2|2|2|2|2,PASS,
31,MONOTONIC_READS,normal,netem delay 25ms 25ms,QUORUM,QUORUM,1,True,5,5,0,2|2|2|2|2,PASS,
32,MONOTONIC_READS,normal,netem delay 25ms 25ms,QUORUM,QUORUM,1,True,5,5,0,2|2|2|2|2,PASS,
33,MONOTONIC_READS,normal,netem delay 25ms 25ms,QUORUM,QUORUM,1,True,5,5,0,2|2|2|2|2,PASS,
34,MONOTONIC_READS,normal,netem delay 25ms 25ms,QUORUM,QUORUM,1,True,5,5,0,2|2|2|2|2,PASS,
35,MONOTONIC_READS,normal,netem delay 25ms 25ms,QUORUM,QUORUM,1,True,5,5,0,2|2|2|2|2,PASS,
36,MONOTONIC_READS,normal,netem delay 25ms 25ms,QUORUM,QUORUM,1,True,5,5,0,2|2|2|2|2,PASS,
37,MONOTONIC_READS,normal,netem delay 25ms 25ms,QUORUM,QUORUM,1,True,5,5,0,2|2|2|2|2,PASS,
38,MONOTONIC_READS,normal,netem delay 25ms 25ms,QUORUM,QUORUM,1,True,5,5,0,2|2|2|2|2,PASS,
39,MONOTONIC_READS,normal,netem delay 25ms 25ms,QUORUM,QUORUM,1,True,5,5,0,2|2|2|2|2,PASS,
40,MONOTONIC_READS,normal,netem delay 25ms 25ms,QUORUM,QUORUM,1,True,5,5,0,2|2|2|2|2,PASS,
41,MONOTONIC_READS,normal,netem delay 25ms 25ms,QUORUM,QUORUM,1,True,5,5,0,2|2|2|2|2,PASS,
42,MONOTONIC_READS,normal,netem delay 25ms 25ms,QUORUM,QUORUM,1,True,5,5,0,2|2|2|2|2,PASS,
43,MONOTONIC_READS,normal,netem delay 25ms 25ms,QUORUM,QUORUM,1,True,5,5,0,2|2|2|2|2,PASS,
44,MONOTONIC_READS,normal,netem delay 25ms 25ms,QUORUM,QUORUM,1,True,5,5,0,2|2|2|2|2,PASS,
45,MONOTONIC_READS,normal,netem delay 25ms 25ms,QUORUM,QUORUM,1,True,5,5,0,2|2|2|2|2,PASS,
46,MONOTONIC_READS,normal,netem delay 25ms 25ms,QUORUM,QUORUM,1,True,5,5,0,2|2|2|2|2,PASS,
47,MONOTONIC_READS,normal,netem delay 25ms 25ms,QUORUM,QUORUM,1,True,5,5,0,2|2|2|2|2,PASS,
48,MONOTONIC_READS,normal,netem delay 25ms 25ms,QUORUM,QUORUM,1,True,5,5,0,2|2|2|2|2,PASS,
49,MONOTONIC_READS,normal,netem delay 25ms 25ms,QUORUM,QUORUM,1,True,5,5,0,2|2|2|2|2,PASS,
50,MONOTONIC_READS,normal,netem delay 25ms 25ms,QUORUM,QUORUM,1,True,5,5,0,2|2|2|2|2,PASS,
51,MONOTONIC_READS,normal,netem delay 25ms 25ms,QUORUM,QUORUM,1,True,5,5,0,2|2|2|2|2,PASS,
52,MONOTONIC_READS,normal,netem delay 25ms 25ms,QUORUM,QUORUM,1,True,5,5,0,2|2|2|2|2,PASS,
53,MONOTONIC_READS,normal,netem delay 25ms 25ms,QUORUM,QUORUM,1,True,5,5,0,2|2|2|2|2,PASS,
54,MONOTONIC_READS,normal,netem delay 25ms 25ms,QUORUM,QUORUM,1,True,5,5,0,2|2|2|2|2,PASS,
55,MONOTONIC_READS,normal,netem delay 25ms 25ms,QUORUM,QUORUM,1,True,5,5,0,2|2|2|2|2,PASS,
56,MONOTONIC_READS,normal,netem delay 25ms 25ms,QUORUM,QUORUM,1,True,5,5,0,2|2|2|2|2,PASS,
57,MONOTONIC_READS,normal,netem delay 25ms 25ms,QUORUM,QUORUM,1,True,5,5,0,2|2|2|2|2,PASS,
58,MONOTONIC_READS,normal,netem delay 25ms 25ms,QUORUM,QUORUM,1,True,5,5,0,2|2|2|2|2,PASS,
59,MONOTONIC_READS,normal,netem delay 25ms 25ms,QUORUM,QUORUM,1,True,5,5,0,2|2|2|2|2,PASS,
60,MONOTONIC_READS,normal,netem delay 25ms 25ms,QUORUM,QUORUM,1,True,5,5,0,2|2|2|2|2,PASS,
61,MONOTONIC_READS,normal,netem delay 25ms 25ms,QUORUM,QUORUM,1,True,5,5,0,2|2|2|2|2,PASS,
62,MONOTONIC_READS,normal,netem delay 25ms 25ms,QUORUM,QUORUM,1,True,5,5,0,2|2|2|2|2,PASS,
63,MONOTONIC_READS,normal,netem delay 25ms 25ms,QUORUM,QUORUM,1,True,5,5,0,2|2|2|2|2,PASS,
64,MONOTONIC_READS,normal,netem delay 25ms 25ms,QUORUM,QUORUM,1,True,5,5,0,2|2|2|2|2,PASS,
65,MONOTONIC_READS,normal,netem delay 25ms 25ms,QUORUM,QUORUM,1,True,5,5,0,2|2|2|2|2,PASS,
66,MONOTONIC_READS,normal,netem delay 25ms 25ms,QUORUM,QUORUM,1,True,5,5,0,2|2|2|2|2,PASS,
67,MONOTONIC_READS,normal,netem delay 25ms 25ms,QUORUM,QUORUM,1,True,5,5,0,2|2|2|2|2,PASS,
68,MONOTONIC_READS,normal,netem delay 25ms 25ms,QUORUM,QUORUM,1,True,5,5,0,2|2|2|2|2,PASS,
69,MONOTONIC_READS,normal,netem delay 25ms 25ms,QUORUM,QUORUM,1,True,5,5,0,2|2|2|2|2,PASS,
70,MONOTONIC_READS,normal,netem delay 25ms 25ms,QUORUM,QUORUM,1,True,5,5,0,2|2|2|2|2,PASS,
71,MONOTONIC_READS,normal,netem delay 25ms 25ms,QUORUM,QUORUM,1,True,5,5,0,2|2|2|2|2,PASS,
72,MONOTONIC_READS,normal,netem delay 25ms 25ms,QUORUM,QUORUM,1,True,5,5,0,2|2|2|2|2,PASS,
73,MONOTONIC_READS,normal,netem delay 25ms 25ms,QUORUM,QUORUM,1,True,5,5,0,2|2|2|2|2,PASS,
74,MONOTONIC_READS,normal,netem delay 25ms 25ms,QUORUM,QUORUM,1,True,5,5,0,2|2|2|2|2,PASS,
75,MONOTONIC_READS,normal,netem delay 25ms 25ms,QUORUM,QUORUM,1,True,5,5,0,2|2|2|2|2,PASS,
76,MONOTONIC_READS,normal,netem delay 25ms 25ms,QUORUM,QUORUM,1,True,5,5,0,2|2|2|2|2,PASS,
77,MONOTONIC_READS,normal,netem delay 25ms 25ms,QUORUM,QUORUM,1,True,5,5,0,2|2|2|2|2,PASS,
78,MONOTONIC_READS,normal,netem delay 25ms 25ms,QUORUM,QUORUM,1,True,5,5,0,2|2|2|2|2,PASS,
79,MONOTONIC_READS,normal,netem delay 25ms 25ms,QUORUM,QUORUM,1,True,5,5,0,2|2|2|2|2,PASS,
80,MONOTONIC_READS,normal,netem delay 25ms 25ms,QUORUM,QUORUM,1,True,5,5,0,2|2|2|2|2,PASS,
81,MONOTONIC_READS,normal,netem delay 25ms 25ms,QUORUM,QUORUM,1,True,5,5,0,2|2|2|2|2,PASS,
82,MONOTONIC_READS,normal,netem delay 25ms 25ms,QUORUM,QUORUM,1,True,5,5,0,2|2|2|2|2,PASS,
83,MONOTONIC_READS,normal,netem delay 25ms 25ms,QUORUM,QUORUM,1,True,5,5,0,2|2|2|2|2,PASS,
84,MONOTONIC_READS,normal,netem delay 25ms 25ms,QUORUM,QUORUM,1,True,5,5,0,2|2|2|2|2,PASS,
85,MONOTONIC_READS,normal,netem delay 25ms 25ms,QUORUM,QUORUM,1,True,5,5,0,2|2|2|2|2,PASS,
86,MONOTONIC_READS,normal,netem delay 25ms 25ms,QUORUM,QUORUM,1,True,5,5,0,2|2|2|2|2,PASS,
87,MONOTONIC_READS,normal,netem delay 25ms 25ms,QUORUM,QUORUM,1,True,5,5,0,2|2|2|2|2,PASS,
88,MONOTONIC_READS,normal,netem delay 25ms 25ms,QUORUM,QUORUM,1,True,5,5,0,2|2|2|2|2,PASS,
89,MONOTONIC_READS,normal,netem delay 25ms 25ms,QUORUM,QUORUM,1,True,5,5,0,2|2|2|2|2,PASS,
90,MONOTONIC_READS,normal,netem delay 25ms 25ms,QUORUM,QUORUM,1,True,5,5,0,2|2|2|2|2,PASS,
91,MONOTONIC_READS,normal,netem delay 25ms 25ms,QUORUM,QUORUM,1,True,5,5,0,2|2|2|2|2,PASS,
92,MONOTONIC_READS,normal,netem delay 25ms 25ms,QUORUM,QUORUM,1,True,5,5,0,2|2|2|2|2,PASS,
93,MONOTONIC_READS,normal,netem delay 25ms 25ms,QUORUM,QUORUM,1,True,5,5,0,2|2|2|2|2,PASS,
94,MONOTONIC_READS,normal,netem delay 25ms 25ms,QUORUM,QUORUM,1,True,5,5,0,2|2|2|2|2,PASS,
95,MONOTONIC_READS,normal,netem delay 25ms 25ms,QUORUM,QUORUM,1,True,5,5,0,2|2|2|2|2,PASS,
96,MONOTONIC_READS,normal,netem delay 25ms 25ms,QUORUM,QUORUM,1,True,5,5,0,2|2|2|2|2,PASS,
97,MONOTONIC_READS,normal,netem delay 25ms 25ms,QUORUM,QUORUM,1,True,5,5,0,2|2|2|2|2,PASS,
98,MONOTONIC_READS,normal,netem delay 25ms 25ms,QUORUM,QUORUM,1,True,5,5,0,2|2|2|2|2,PASS,
99,MONOTONIC_READS,normal,netem delay 25ms 25ms,QUORUM,QUORUM,1,True,5,5,0,2|2|2|2|2,PASS,
100,MONOTONIC_READS,normal,netem delay 25ms 25ms,QUORUM,QUORUM,1,True,5,5,0,2|2|2|2|2,PASS,
101,MONOTONIC_READS,normal,netem delay 25ms 25ms,QUORUM,QUORUM,1,True,5,5,0,2|2|2|2|2,PASS,
102,MONOTONIC_READS,normal,netem delay 25ms 25ms,QUORUM,QUORUM,1,True,5,5,0,2|2|2|2|2,PASS,
103,MONOTONIC_READS,normal,netem delay 25ms 25ms,QUORUM,QUORUM,1,True,5,5,0,2|2|2|2|2,PASS,
104,MONOTONIC_READS,normal,netem delay 25ms 25ms,QUORUM,QUORUM,1,True,5,5,0,2|2|2|2|2,PASS,
105,MONOTONIC_READS,normal,netem delay 25ms 25ms,QUORUM,QUORUM,1,True,5,5,0,2|2|2|2|2,PASS,
106,MONOTONIC_READS,normal,netem delay 25ms 25ms,QUORUM,QUORUM,1,True,5,5,0,2|2|2|2|2,PASS,
107,MONOTONIC_READS,normal,netem delay 25ms 25ms,QUORUM,QUORUM,1,True,5,5,0,2|2|2|2|2,PASS,
108,MONOTONIC_READS,normal,netem delay 25ms 25ms,QUORUM,QUORUM,1,True,5,5,0,2|2|2|2|2,PASS,
109,MONOTONIC_READS,normal,netem delay 25ms 25ms,QUORUM,QUORUM,1,True,5,5,0,2|2|2|2|2,PASS,
110,MONOTONIC_READS,normal,netem delay 25ms 25ms,QUORUM,QUORUM,1,True,5,5,0,2|2|2|2|2,PASS,
111,MONOTONIC_READS,normal,netem delay 25ms 25ms,QUORUM,QUORUM,1,True,5,5,0,2|2|2|2|2,PASS,
112,MONOTONIC_READS,normal,netem delay 25ms 25ms,QUORUM,QUORUM,1,True,5,5,0,2|2|2|2|2,PASS,
113,MONOTONIC_READS,normal,netem delay 25ms 25ms,QUORUM,QUORUM,1,True,5,5,0,2|2|2|2|2,PASS,
114,MONOTONIC_READS,normal,netem delay 25ms 25ms,QUORUM,QUORUM,1,True,5,5,0,2|2|2|2|2,PASS,
115,MONOTONIC_READS,normal,netem delay 25ms 25ms,QUORUM,QUORUM,1,True,5,5,0,2|2|2|2|2,PASS,
116,MONOTONIC_READS,normal,netem delay 25ms 25ms,QUORUM,QUORUM,1,True,5,5,0,2|2|2|2|2,PASS,
117,MONOTONIC_READS,normal,netem delay 25ms 25ms,QUORUM,QUORUM,1,True,5,5,0,2|2|2|2|2,PASS,
118,MONOTONIC_READS,normal,netem delay 25ms 25ms,QUORUM,QUORUM,1,True,5,5,0,2|2|2|2|2,PASS,
119,MONOTONIC_READS,normal,netem delay 25ms 25ms,QUORUM,QUORUM,1,True,5,5,0,2|2|2|2|2,PASS,
120,MONOTONIC_READS,normal,netem delay 25ms 25ms,QUORUM,QUORUM,1,True,5,5,0,2|2|2|2|2,PASS,
121,MONOTONIC_READS,normal,netem delay 25ms 25ms,QUORUM,QUORUM,1,True,5,5,0,2|2|2|2|2,PASS,
122,MONOTONIC_READS,normal,netem delay 25ms 25ms,QUORUM,QUORUM,1,True,5,5,0,2|2|2|2|2,PASS,
123,MONOTONIC_READS,normal,netem delay 25ms 25ms,QUORUM,QUORUM,1,True,5,5,0,2|2|2|2|2,PASS,
124,MONOTONIC_READS,normal,netem delay 25ms 25ms,QUORUM,QUORUM,1,True,5,5,0,2|2|2|2|2,PASS,
125,MONOTONIC_READS,normal,netem delay 25ms 25ms,QUORUM,QUORUM,1,True,5,5,0,2|2|2|2|2,PASS,
126,MONOTONIC_READS,normal,netem delay 25ms 25ms,QUORUM,QUORUM,1,True,5,5,0,2|2|2|2|2,PASS,
127,MONOTONIC_READS,normal,netem delay 25ms 25ms,QUORUM,QUORUM,1,True,5,5,0,2|2|2|2|2,PASS,
128,MONOTONIC_READS,normal,netem delay 25ms 25ms,QUORUM,QUORUM,1,True,5,5,0,2|2|2|2|2,PASS,
129,MONOTONIC_READS,normal,netem delay 25ms 25ms,QUORUM,QUORUM,1,True,5,5,0,2|2|2|2|2,PASS,
130,MONOTONIC_READS,normal,netem delay 25ms 25ms,QUORUM,QUORUM,1,True,5,5,0,2|2|2|2|2,PASS,
131,MONOTONIC_READS,normal,netem delay 25ms 25ms,QUORUM,QUORUM,1,True,5,5,0,2|2|2|2|2,PASS,
132,MONOTONIC_READS,normal,netem delay 25ms 25ms,QUORUM,QUORUM,1,True,5,5,0,2|2|2|2|2,PASS,
133,MONOTONIC_READS,normal,netem delay 25ms 25ms,QUORUM,QUORUM,1,True,5,5,0,2|2|2|2|2,PASS,
134,MONOTONIC_READS,normal,netem delay 25ms 25ms,QUORUM,QUORUM,1,True,5,5,0,2|2|2|2|2,PASS,
135,MONOTONIC_READS,normal,netem delay 25ms 25ms,QUORUM,QUORUM,1,True,5,5,0,2|2|2|2|2,PASS,
136,MONOTONIC_READS,normal,netem delay 25ms 25ms,QUORUM,QUORUM,1,True,5,5,0,2|2|2|2|2,PASS,
137,MONOTONIC_READS,normal,netem delay 25ms 25ms,QUORUM,QUORUM,1,True,5,5,0,2|2|2|2|2,PASS,
138,MONOTONIC_READS,normal,netem delay 25ms 25ms,QUORUM,QUORUM,1,True,5,5,0,2|2|2|2|2,PASS,
139,MONOTONIC_READS,normal,netem delay 25ms 25ms,QUORUM,QUORUM,1,True,5,5,0,2|2|2|2|2,PASS,
140,MONOTONIC_READS,normal,netem delay 25ms 25ms,QUORUM,QUORUM,1,True,5,5,0,2|2|2|2|2,PASS,
141,MONOTONIC_READS,normal,netem delay 25ms 25ms,QUORUM,QUORUM,1,True,5,5,0,2|2|2|2|2,PASS,
142,MONOTONIC_READS,normal,netem delay 25ms 25ms,QUORUM,QUORUM,1,True,5,5,0,2|2|2|2|2,PASS,
143,MONOTONIC_READS,normal,netem delay 25ms 25ms,QUORUM,QUORUM,1,True,5,5,0,2|2|2|2|2,PASS,
144,MONOTONIC_READS,normal,netem delay 25ms 25ms,QUORUM,QUORUM,1,True,5,5,0,2|2|2|2|2,PASS,
145,MONOTONIC_READS,normal,netem delay 25ms 25ms,QUORUM,QUORUM,1,True,5,5,0,2|2|2|2|2,PASS,
146,MONOTONIC_READS,normal,netem delay 25ms 25ms,QUORUM,QUORUM,1,True,5,5,0,2|2|2|2|2,PASS,
147,MONOTONIC_READS,normal,netem delay 25ms 25ms,QUORUM,QUORUM,1,True,5,5,0,2|2|2|2|2,PASS,
148,MONOTONIC_READS,normal,netem delay 25ms 25ms,QUORUM,QUORUM,1,True,5,5,0,2|2|2|2|2,PASS,
149,MONOTONIC_READS,normal,netem delay 25ms 25ms,QUORUM,QUORUM,1,True,5,5,0,2|2|2|2|2,PASS,
150,MONOTONIC_READS,normal,netem delay 25ms 25ms,QUORUM,QUORUM,1,True,5,5,0,2|2|2|2|2,PASS,
151,MONOTONIC_READS,normal,netem delay 25ms 25ms,QUORUM,QUORUM,1,True,5,5,0,2|2|2|2|2,PASS,
152,MONOTONIC_READS,normal,netem delay 25ms 25ms,QUORUM,QUORUM,1,True,5,5,0,2|2|2|2|2,PASS,
153,MONOTONIC_READS,normal,netem delay 25ms 25ms,QUORUM,QUORUM,1,True,5,5,0,2|2|2|2|2,PASS,
154,MONOTONIC_READS,normal,netem delay 25ms 25ms,QUORUM,QUORUM,1,True,5,5,0,2|2|2|2|2,PASS,
155,MONOTONIC_READS,normal,netem delay 25ms 25ms,QUORUM,QUORUM,1,True,5,5,0,2|2|2|2|2,PASS,
156,MONOTONIC_READS,normal,netem delay 25ms 25ms,QUORUM,QUORUM,1,True,5,5,0,2|2|2|2|2,PASS,
157,MONOTONIC_READS,normal,netem delay 25ms 25ms,QUORUM,QUORUM,1,True,5,5,0,2|2|2|2|2,PASS,
158,MONOTONIC_READS,normal,netem delay 25ms 25ms,QUORUM,QUORUM,1,True,5,5,0,2|2|2|2|2,PASS,
159,MONOTONIC_READS,normal,netem delay 25ms 25ms,QUORUM,QUORUM,1,True,5,5,0,2|2|2|2|2,PASS,
160,MONOTONIC_READS,normal,netem delay 25ms 25ms,QUORUM,QUORUM,1,True,5,5,0,2|2|2|2|2,PASS,
161,MONOTONIC_READS,normal,netem delay 25ms 25ms,QUORUM,QUORUM,1,True,5,5,0,2|2|2|2|2,PASS,
162,MONOTONIC_READS,normal,netem delay 25ms 25ms,QUORUM,QUORUM,1,True,5,5,0,2|2|2|2|2,PASS,
163,MONOTONIC_READS,normal,netem delay 25ms 25ms,QUORUM,QUORUM,1,True,5,5,0,2|2|2|2|2,PASS,
164,MONOTONIC_READS,normal,netem delay 25ms 25ms,QUORUM,QUORUM,1,True,5,5,0,2|2|2|2|2,PASS,
165,MONOTONIC_READS,normal,netem delay 25ms 25ms,QUORUM,QUORUM,1,True,5,5,0,2|2|2|2|2,PASS,
166,MONOTONIC_READS,normal,netem delay 25ms 25ms,QUORUM,QUORUM,1,True,5,5,0,2|2|2|2|2,PASS,
167,MONOTONIC_READS,normal,netem delay 25ms 25ms,QUORUM,QUORUM,1,True,5,5,0,2|2|2|2|2,PASS,
168,MONOTONIC_READS,normal,netem delay 25ms 25ms,QUORUM,QUORUM,1,True,5,5,0,2|2|2|2|2,PASS,
169,MONOTONIC_READS,normal,netem delay 25ms 25ms,QUORUM,QUORUM,1,True,5,5,0,2|2|2|2|2,PASS,
170,MONOTONIC_READS,normal,netem delay 25ms 25ms,QUORUM,QUORUM,1,True,5,5,0,2|2|2|2|2,PASS,
171,MONOTONIC_READS,normal,netem delay 25ms 25ms,QUORUM,QUORUM,1,True,5,5,0,2|2|2|2|2,PASS,
172,MONOTONIC_READS,normal,netem delay 25ms 25ms,QUORUM,QUORUM,1,True,5,5,0,2|2|2|2|2,PASS,
173,MONOTONIC_READS,normal,netem delay 25ms 25ms,QUORUM,QUORUM,1,True,5,5,0,2|2|2|2|2,PASS,
174,MONOTONIC_READS,normal,netem delay 25ms 25ms,QUORUM,QUORUM,1,True,5,5,0,2|2|2|2|2,PASS,
175,MONOTONIC_READS,normal,netem delay 25ms 25ms,QUORUM,QUORUM,1,True,5,5,0,2|2|2|2|2,PASS,
176,MONOTONIC_READS,normal,netem delay 25ms 25ms,QUORUM,QUORUM,1,True,5,5,0,2|2|2|2|2,PASS,
177,MONOTONIC_READS,normal,netem delay 25ms 25ms,QUORUM,QUORUM,1,True,5,5,0,2|2|2|2|2,PASS,
178,MONOTONIC_READS,normal,netem delay 25ms 25ms,QUORUM,QUORUM,1,True,5,5,0,2|2|2|2|2,PASS,
179,MONOTONIC_READS,normal,netem delay 25ms 25ms,QUORUM,QUORUM,1,True,5,5,0,2|2|2|2|2,PASS,
180,MONOTONIC_READS,normal,netem delay 25ms 25ms,QUORUM,QUORUM,1,True,5,5,0,2|2|2|2|2,PASS,
181,MONOTONIC_READS,normal,netem delay 25ms 25ms,QUORUM,QUORUM,1,True,5,5,0,2|2|2|2|2,PASS,
182,MONOTONIC_READS,normal,netem delay 25ms 25ms,QUORUM,QUORUM,1,True,5,5,0,2|2|2|2|2,PASS,
183,MONOTONIC_READS,normal,netem delay 25ms 25ms,QUORUM,QUORUM,1,True,5,5,0,2|2|2|2|2,PASS,
184,MONOTONIC_READS,normal,netem delay 25ms 25ms,QUORUM,QUORUM,1,True,5,5,0,2|2|2|2|2,PASS,
185,MONOTONIC_READS,normal,netem delay 25ms 25ms,QUORUM,QUORUM,1,True,5,5,0,2|2|2|2|2,PASS,
186,MONOTONIC_READS,normal,netem delay 25ms 25ms,QUORUM,QUORUM,1,True,5,5,0,2|2|2|2|2,PASS,
187,MONOTONIC_READS,normal,netem delay 25ms 25ms,QUORUM,QUORUM,1,True,5,5,0,2|2|2|2|2,PASS,
188,MONOTONIC_READS,normal,netem delay 25ms 25ms,QUORUM,QUORUM,1,True,5,5,0,2|2|2|2|2,PASS,
189,MONOTONIC_READS,normal,netem delay 25ms 25ms,QUORUM,QUORUM,1,True,5,5,0,2|2|2|2|2,PASS,
190,MONOTONIC_READS,normal,netem delay 25ms 25ms,QUORUM,QUORUM,1,True,5,5,0,2|2|2|2|2,PASS,
191,MONOTONIC_READS,normal,netem delay 25ms 25ms,QUORUM,QUORUM,1,True,5,5,0,2|2|2|2|2,PASS,
192,MONOTONIC_READS,normal,netem delay 25ms 25ms,QUORUM,QUORUM,1,True,5,5,0,2|2|2|2|2,PASS,
193,MONOTONIC_READS,normal,netem delay 25ms 25ms,QUORUM,QUORUM,1,True,5,5,0,2|2|2|2|2,PASS,
194,MONOTONIC_READS,normal,netem delay 25ms 25ms,QUORUM,QUORUM,1,True,5,5,0,2|2|2|2|2,PASS,
195,MONOTONIC_READS,normal,netem delay 25ms 25ms,QUORUM,QUORUM,1,True,5,5,0,2|2|2|2|2,PASS,
196,MONOTONIC_READS,normal,netem delay 25ms 25ms,QUORUM,QUORUM,1,True,5,5,0,2|2|2|2|2,PASS,
197,MONOTONIC_READS,normal,netem delay 25ms 25ms,QUORUM,QUORUM,1,True,5,5,0,2|2|2|2|2,PASS,
198,MONOTONIC_READS,normal,netem delay 25ms 25ms,QUORUM,QUORUM,1,True,5,5,0,2|2|2|2|2,PASS,
199,MONOTONIC_READS,normal,netem delay 25ms 25ms,QUORUM,QUORUM,1,True,5,5,0,2|2|2|2|2,PASS,
200,MONOTONIC_READS,normal,netem delay 25ms 25ms,QUORUM,QUORUM,1,True,5,5,0,2|2|2|2|2,PASS,
1,MONOTONIC_READS,normal,netem delay 25ms 25ms,QUORUM,ALL,1,True,5,5,0,2|2|2|2|2,PASS,
2,MONOTONIC_READS,normal,netem delay 25ms 25ms,QUORUM,ALL,1,True,5,5,0,2|2|2|2|2,PASS,
3,MONOTONIC_READS,normal,netem delay 25ms 25ms,QUORUM,ALL,1,True,5,5,0,2|2|2|2|2,PASS,
4,MONOTONIC_READS,normal,netem delay 25ms 25ms,QUORUM,ALL,1,True,5,5,0,2|2|2|2|2,PASS,
5,MONOTONIC_READS,normal,netem delay 25ms 25ms,QUORUM,ALL,1,True,5,5,0,2|2|2|2|2,PASS,
6,MONOTONIC_READS,normal,netem delay 25ms 25ms,QUORUM,ALL,1,True,5,5,0,2|2|2|2|2,PASS,
7,MONOTONIC_READS,normal,netem delay 25ms 25ms,QUORUM,ALL,1,True,5,5,0,2|2|2|2|2,PASS,
8,MONOTONIC_READS,normal,netem delay 25ms 25ms,QUORUM,ALL,1,True,5,5,0,2|2|2|2|2,PASS,
9,MONOTONIC_READS,normal,netem delay 25ms 25ms,QUORUM,ALL,1,True,5,5,0,2|2|2|2|2,PASS,
10,MONOTONIC_READS,normal,netem delay 25ms 25ms,QUORUM,ALL,1,True,5,5,0,2|2|2|2|2,PASS,
11,MONOTONIC_READS,normal,netem delay 25ms 25ms,QUORUM,ALL,1,True,5,5,0,2|2|2|2|2,PASS,
12,MONOTONIC_READS,normal,netem delay 25ms 25ms,QUORUM,ALL,1,True,5,5,0,2|2|2|2|2,PASS,
13,MONOTONIC_READS,normal,netem delay 25ms 25ms,QUORUM,ALL,1,True,5,5,0,2|2|2|2|2,PASS,
14,MONOTONIC_READS,normal,netem delay 25ms 25ms,QUORUM,ALL,1,True,5,5,0,2|2|2|2|2,PASS,
15,MONOTONIC_READS,normal,netem delay 25ms 25ms,QUORUM,ALL,1,True,5,5,0,2|2|2|2|2,PASS,
16,MONOTONIC_READS,normal,netem delay 25ms 25ms,QUORUM,ALL,1,True,5,5,0,2|2|2|2|2,PASS,
17,MONOTONIC_READS,normal,netem delay 25ms 25ms,QUORUM,ALL,1,True,5,5,0,2|2|2|2|2,PASS,
18,MONOTONIC_READS,normal,netem delay 25ms 25ms,QUORUM,ALL,1,True,5,5,0,2|2|2|2|2,PASS,
19,MONOTONIC_READS,normal,netem delay 25ms 25ms,QUORUM,ALL,1,True,5,5,0,2|2|2|2|2,PASS,
20,MONOTONIC_READS,normal,netem delay 25ms 25ms,QUORUM,ALL,1,True,5,5,0,2|2|2|2|2,PASS,
21,MONOTONIC_READS,normal,netem delay 25ms 25ms,QUORUM,ALL,1,True,5,5,0,2|2|2|2|2,PASS,
22,MONOTONIC_READS,normal,netem delay 25ms 25ms,QUORUM,ALL,1,True,5,5,0,2|2|2|2|2,PASS,
23,MONOTONIC_READS,normal,netem delay 25ms 25ms,QUORUM,ALL,1,True,5,5,0,2|2|2|2|2,PASS,
24,MONOTONIC_READS,normal,netem delay 25ms 25ms,QUORUM,ALL,1,True,5,5,0,2|2|2|2|2,PASS,
25,MONOTONIC_READS,normal,netem delay 25ms 25ms,QUORUM,ALL,1,True,5,5,0,2|2|2|2|2,PASS,
26,MONOTONIC_READS,normal,netem delay 25ms 25ms,QUORUM,ALL,1,True,5,5,0,2|2|2|2|2,PASS,
27,MONOTONIC_READS,normal,netem delay 25ms 25ms,QUORUM,ALL,1,True,5,5,0,2|2|2|2|2,PASS,
28,MONOTONIC_READS,normal,netem delay 25ms 25ms,QUORUM,ALL,1,True,5,5,0,2|2|2|2|2,PASS,
29,MONOTONIC_READS,normal,netem delay 25ms 25ms,QUORUM,ALL,1,True,5,5,0,2|2|2|2|2,PASS,
30,MONOTONIC_READS,normal,netem delay 25ms 25ms,QUORUM,ALL,1,True,5,5,0,2|2|2|2|2,PASS,
31,MONOTONIC_READS,normal,netem delay 25ms 25ms,QUORUM,ALL,1,True,5,5,0,2|2|2|2|2,PASS,
32,MONOTONIC_READS,normal,netem delay 25ms 25ms,QUORUM,ALL,1,True,5,5,0,2|2|2|2|2,PASS,
33,MONOTONIC_READS,normal,netem delay 25ms 25ms,QUORUM,ALL,1,True,5,5,0,2|2|2|2|2,PASS,
34,MONOTONIC_READS,normal,netem delay 25ms 25ms,QUORUM,ALL,1,True,5,5,0,2|2|2|2|2,PASS,
35,MONOTONIC_READS,normal,netem delay 25ms 25ms,QUORUM,ALL,1,True,5,5,0,2|2|2|2|2,PASS,
36,MONOTONIC_READS,normal,netem delay 25ms 25ms,QUORUM,ALL,1,True,5,5,0,2|2|2|2|2,PASS,
37,MONOTONIC_READS,normal,netem delay 25ms 25ms,QUORUM,ALL,1,True,5,5,0,2|2|2|2|2,PASS,
38,MONOTONIC_READS,normal,netem delay 25ms 25ms,QUORUM,ALL,1,True,5,5,0,2|2|2|2|2,PASS,
39,MONOTONIC_READS,normal,netem delay 25ms 25ms,QUORUM,ALL,1,True,5,5,0,2|2|2|2|2,PASS,
40,MONOTONIC_READS,normal,netem delay 25ms 25ms,QUORUM,ALL,1,True,5,5,0,2|2|2|2|2,PASS,
41,MONOTONIC_READS,normal,netem delay 25ms 25ms,QUORUM,ALL,1,True,5,5,0,2|2|2|2|2,PASS,
42,MONOTONIC_READS,normal,netem delay 25ms 25ms,QUORUM,ALL,1,True,5,5,0,2|2|2|2|2,PASS,
43,MONOTONIC_READS,normal,netem delay 25ms 25ms,QUORUM,ALL,1,True,5,5,0,2|2|2|2|2,PASS,
44,MONOTONIC_READS,normal,netem delay 25ms 25ms,QUORUM,ALL,1,True,5,5,0,2|2|2|2|2,PASS,
45,MONOTONIC_READS,normal,netem delay 25ms 25ms,QUORUM,ALL,1,True,5,5,0,2|2|2|2|2,PASS,
46,MONOTONIC_READS,normal,netem delay 25ms 25ms,QUORUM,ALL,1,True,5,5,0,2|2|2|2|2,PASS,
47,MONOTONIC_READS,normal,netem delay 25ms 25ms,QUORUM,ALL,1,True,5,5,0,2|2|2|2|2,PASS,
48,MONOTONIC_READS,normal,netem delay 25ms 25ms,QUORUM,ALL,1,True,5,5,0,2|2|2|2|2,PASS,
49,MONOTONIC_READS,normal,netem delay 25ms 25ms,QUORUM,ALL,1,True,5,5,0,2|2|2|2|2,PASS,
50,MONOTONIC_READS,normal,netem delay 25ms 25ms,QUORUM,ALL,1,True,5,5,0,2|2|2|2|2,PASS,
51,MONOTONIC_READS,normal,netem delay 25ms 25ms,QUORUM,ALL,1,True,5,5,0,2|2|2|2|2,PASS,
52,MONOTONIC_READS,normal,netem delay 25ms 25ms,QUORUM,ALL,1,True,5,5,0,2|2|2|2|2,PASS,
53,MONOTONIC_READS,normal,netem delay 25ms 25ms,QUORUM,ALL,1,True,5,5,0,2|2|2|2|2,PASS,
54,MONOTONIC_READS,normal,netem delay 25ms 25ms,QUORUM,ALL,1,True,5,5,0,2|2|2|2|2,PASS,
55,MONOTONIC_READS,normal,netem delay 25ms 25ms,QUORUM,ALL,1,True,5,5,0,2|2|2|2|2,PASS,
56,MONOTONIC_READS,normal,netem delay 25ms 25ms,QUORUM,ALL,1,True,5,5,0,2|2|2|2|2,PASS,
57,MONOTONIC_READS,normal,netem delay 25ms 25ms,QUORUM,ALL,1,True,5,5,0,2|2|2|2|2,PASS,
58,MONOTONIC_READS,normal,netem delay 25ms 25ms,QUORUM,ALL,1,True,5,5,0,2|2|2|2|2,PASS,
59,MONOTONIC_READS,normal,netem delay 25ms 25ms,QUORUM,ALL,1,True,5,5,0,2|2|2|2|2,PASS,
60,MONOTONIC_READS,normal,netem delay 25ms 25ms,QUORUM,ALL,1,True,5,5,0,2|2|2|2|2,PASS,
61,MONOTONIC_READS,normal,netem delay 25ms 25ms,QUORUM,ALL,1,True,5,5,0,2|2|2|2|2,PASS,
62,MONOTONIC_READS,normal,netem delay 25ms 25ms,QUORUM,ALL,1,True,5,5,0,2|2|2|2|2,PASS,
63,MONOTONIC_READS,normal,netem delay 25ms 25ms,QUORUM,ALL,1,True,5,5,0,2|2|2|2|2,PASS,
64,MONOTONIC_READS,normal,netem delay 25ms 25ms,QUORUM,ALL,1,True,5,5,0,2|2|2|2|2,PASS,
65,MONOTONIC_READS,normal,netem delay 25ms 25ms,QUORUM,ALL,1,True,5,5,0,2|2|2|2|2,PASS,
66,MONOTONIC_READS,normal,netem delay 25ms 25ms,QUORUM,ALL,1,True,5,5,0,2|2|2|2|2,PASS,
67,MONOTONIC_READS,normal,netem delay 25ms 25ms,QUORUM,ALL,1,True,5,5,0,2|2|2|2|2,PASS,
68,MONOTONIC_READS,normal,netem delay 25ms 25ms,QUORUM,ALL,1,True,5,5,0,2|2|2|2|2,PASS,
69,MONOTONIC_READS,normal,netem delay 25ms 25ms,QUORUM,ALL,1,True,5,5,0,2|2|2|2|2,PASS,
70,MONOTONIC_READS,normal,netem delay 25ms 25ms,QUORUM,ALL,1,True,5,5,0,2|2|2|2|2,PASS,
71,MONOTONIC_READS,normal,netem delay 25ms 25ms,QUORUM,ALL,1,True,5,5,0,2|2|2|2|2,PASS,
72,MONOTONIC_READS,normal,netem delay 25ms 25ms,QUORUM,ALL,1,True,5,5,0,2|2|2|2|2,PASS,
73,MONOTONIC_READS,normal,netem delay 25ms 25ms,QUORUM,ALL,1,True,5,5,0,2|2|2|2|2,PASS,
74,MONOTONIC_READS,normal,netem delay 25ms 25ms,QUORUM,ALL,1,True,5,5,0,2|2|2|2|2,PASS,
75,MONOTONIC_READS,normal,netem delay 25ms 25ms,QUORUM,ALL,1,True,5,5,0,2|2|2|2|2,PASS,
76,MONOTONIC_READS,normal,netem delay 25ms 25ms,QUORUM,ALL,1,True,5,5,0,2|2|2|2|2,PASS,
77,MONOTONIC_READS,normal,netem delay 25ms 25ms,QUORUM,ALL,1,True,5,5,0,2|2|2|2|2,PASS,
78,MONOTONIC_READS,normal,netem delay 25ms 25ms,QUORUM,ALL,1,True,5,5,0,2|2|2|2|2,PASS,
79,MONOTONIC_READS,normal,netem delay 25ms 25ms,QUORUM,ALL,1,True,5,5,0,2|2|2|2|2,PASS,
80,MONOTONIC_READS,normal,netem delay 25ms 25ms,QUORUM,ALL,1,True,5,5,0,2|2|2|2|2,PASS,
81,MONOTONIC_READS,normal,netem delay 25ms 25ms,QUORUM,ALL,1,True,5,5,0,2|2|2|2|2,PASS,
82,MONOTONIC_READS,normal,netem delay 25ms 25ms,QUORUM,ALL,1,True,5,5,0,2|2|2|2|2,PASS,
83,MONOTONIC_READS,normal,netem delay 25ms 25ms,QUORUM,ALL,1,True,5,5,0,2|2|2|2|2,PASS,
84,MONOTONIC_READS,normal,netem delay 25ms 25ms,QUORUM,ALL,1,True,5,5,0,2|2|2|2|2,PASS,
85,MONOTONIC_READS,normal,netem delay 25ms 25ms,QUORUM,ALL,1,True,5,5,0,2|2|2|2|2,PASS,
86,MONOTONIC_READS,normal,netem delay 25ms 25ms,QUORUM,ALL,1,True,5,5,0,2|2|2|2|2,PASS,
87,MONOTONIC_READS,normal,netem delay 25ms 25ms,QUORUM,ALL,1,True,5,5,0,2|2|2|2|2,PASS,
88,MONOTONIC_READS,normal,netem delay 25ms 25ms,QUORUM,ALL,1,True,5,5,0,2|2|2|2|2,PASS,
89,MONOTONIC_READS,normal,netem delay 25ms 25ms,QUORUM,ALL,1,True,5,5,0,2|2|2|2|2,PASS,
90,MONOTONIC_READS,normal,netem delay 25ms 25ms,QUORUM,ALL,1,True,5,5,0,2|2|2|2|2,PASS,
91,MONOTONIC_READS,normal,netem delay 25ms 25ms,QUORUM,ALL,1,True,5,5,0,2|2|2|2|2,PASS,
92,MONOTONIC_READS,normal,netem delay 25ms 25ms,QUORUM,ALL,1,True,5,5,0,2|2|2|2|2,PASS,
93,MONOTONIC_READS,normal,netem delay 25ms 25ms,QUORUM,ALL,1,True,5,5,0,2|2|2|2|2,PASS,
94,MONOTONIC_READS,normal,netem delay 25ms 25ms,QUORUM,ALL,1,True,5,5,0,2|2|2|2|2,PASS,
95,MONOTONIC_READS,normal,netem delay 25ms 25ms,QUORUM,ALL,1,True,5,5,0,2|2|2|2|2,PASS,
96,MONOTONIC_READS,normal,netem delay 25ms 25ms,QUORUM,ALL,1,True,5,5,0,2|2|2|2|2,PASS,
97,MONOTONIC_READS,normal,netem delay 25ms 25ms,QUORUM,ALL,1,True,5,5,0,2|2|2|2|2,PASS,
98,MONOTONIC_READS,normal,netem delay 25ms 25ms,QUORUM,ALL,1,True,5,5,0,2|2|2|2|2,PASS,
99,MONOTONIC_READS,normal,netem delay 25ms 25ms,QUORUM,ALL,1,True,5,5,0,2|2|2|2|2,PASS,
100,MONOTONIC_READS,normal,netem delay 25ms 25ms,QUORUM,ALL,1,True,5,5,0,2|2|2|2|2,PASS,
101,MONOTONIC_READS,normal,netem delay 25ms 25ms,QUORUM,ALL,1,True,5,5,0,2|2|2|2|2,PASS,
102,MONOTONIC_READS,normal,netem delay 25ms 25ms,QUORUM,ALL,1,True,5,5,0,2|2|2|2|2,PASS,
103,MONOTONIC_READS,normal,netem delay 25ms 25ms,QUORUM,ALL,1,True,5,5,0,2|2|2|2|2,PASS,
104,MONOTONIC_READS,normal,netem delay 25ms 25ms,QUORUM,ALL,1,True,5,5,0,2|2|2|2|2,PASS,
105,MONOTONIC_READS,normal,netem delay 25ms 25ms,QUORUM,ALL,1,True,5,5,0,2|2|2|2|2,PASS,
106,MONOTONIC_READS,normal,netem delay 25ms 25ms,QUORUM,ALL,1,True,5,5,0,2|2|2|2|2,PASS,
107,MONOTONIC_READS,normal,netem delay 25ms 25ms,QUORUM,ALL,1,True,5,5,0,2|2|2|2|2,PASS,
108,MONOTONIC_READS,normal,netem delay 25ms 25ms,QUORUM,ALL,1,True,5,5,0,2|2|2|2|2,PASS,
109,MONOTONIC_READS,normal,netem delay 25ms 25ms,QUORUM,ALL,1,True,5,5,0,2|2|2|2|2,PASS,
110,MONOTONIC_READS,normal,netem delay 25ms 25ms,QUORUM,ALL,1,True,5,5,0,2|2|2|2|2,PASS,
111,MONOTONIC_READS,normal,netem delay 25ms 25ms,QUORUM,ALL,1,True,5,5,0,2|2|2|2|2,PASS,
112,MONOTONIC_READS,normal,netem delay 25ms 25ms,QUORUM,ALL,1,True,5,5,0,2|2|2|2|2,PASS,
113,MONOTONIC_READS,normal,netem delay 25ms 25ms,QUORUM,ALL,1,True,5,5,0,2|2|2|2|2,PASS,
114,MONOTONIC_READS,normal,netem delay 25ms 25ms,QUORUM,ALL,1,True,5,5,0,2|2|2|2|2,PASS,
115,MONOTONIC_READS,normal,netem delay 25ms 25ms,QUORUM,ALL,1,True,5,5,0,2|2|2|2|2,PASS,
116,MONOTONIC_READS,normal,netem delay 25ms 25ms,QUORUM,ALL,1,True,5,5,0,2|2|2|2|2,PASS,
117,MONOTONIC_READS,normal,netem delay 25ms 25ms,QUORUM,ALL,1,True,5,5,0,2|2|2|2|2,PASS,
118,MONOTONIC_READS,normal,netem delay 25ms 25ms,QUORUM,ALL,1,True,5,5,0,2|2|2|2|2,PASS,
119,MONOTONIC_READS,normal,netem delay 25ms 25ms,QUORUM,ALL,1,True,5,5,0,2|2|2|2|2,PASS,
120,MONOTONIC_READS,normal,netem delay 25ms 25ms,QUORUM,ALL,1,True,5,5,0,2|2|2|2|2,PASS,
121,MONOTONIC_READS,normal,netem delay 25ms 25ms,QUORUM,ALL,1,True,5,5,0,2|2|2|2|2,PASS,
122,MONOTONIC_READS,normal,netem delay 25ms 25ms,QUORUM,ALL,1,True,5,5,0,2|2|2|2|2,PASS,
123,MONOTONIC_READS,normal,netem delay 25ms 25ms,QUORUM,ALL,1,True,5,5,0,2|2|2|2|2,PASS,
124,MONOTONIC_READS,normal,netem delay 25ms 25ms,QUORUM,ALL,1,True,5,5,0,2|2|2|2|2,PASS,
125,MONOTONIC_READS,normal,netem delay 25ms 25ms,QUORUM,ALL,1,True,5,5,0,2|2|2|2|2,PASS,
126,MONOTONIC_READS,normal,netem delay 25ms 25ms,QUORUM,ALL,1,True,5,5,0,2|2|2|2|2,PASS,
127,MONOTONIC_READS,normal,netem delay 25ms 25ms,QUORUM,ALL,1,True,5,5,0,2|2|2|2|2,PASS,
128,MONOTONIC_READS,normal,netem delay 25ms 25ms,QUORUM,ALL,1,True,5,5,0,2|2|2|2|2,PASS,
129,MONOTONIC_READS,normal,netem delay 25ms 25ms,QUORUM,ALL,1,True,5,5,0,2|2|2|2|2,PASS,
130,MONOTONIC_READS,normal,netem delay 25ms 25ms,QUORUM,ALL,1,True,5,5,0,2|2|2|2|2,PASS,
131,MONOTONIC_READS,normal,netem delay 25ms 25ms,QUORUM,ALL,1,True,5,5,0,2|2|2|2|2,PASS,
132,MONOTONIC_READS,normal,netem delay 25ms 25ms,QUORUM,ALL,1,True,5,5,0,2|2|2|2|2,PASS,
133,MONOTONIC_READS,normal,netem delay 25ms 25ms,QUORUM,ALL,1,True,5,5,0,2|2|2|2|2,PASS,
134,MONOTONIC_READS,normal,netem delay 25ms 25ms,QUORUM,ALL,1,True,5,5,0,2|2|2|2|2,PASS,
135,MONOTONIC_READS,normal,netem delay 25ms 25ms,QUORUM,ALL,1,True,5,5,0,2|2|2|2|2,PASS,
136,MONOTONIC_READS,normal,netem delay 25ms 25ms,QUORUM,ALL,1,True,5,5,0,2|2|2|2|2,PASS,
137,MONOTONIC_READS,normal,netem delay 25ms 25ms,QUORUM,ALL,1,True,5,5,0,2|2|2|2|2,PASS,
138,MONOTONIC_READS,normal,netem delay 25ms 25ms,QUORUM,ALL,1,True,5,5,0,2|2|2|2|2,PASS,
139,MONOTONIC_READS,normal,netem delay 25ms 25ms,QUORUM,ALL,1,True,5,5,0,2|2|2|2|2,PASS,
140,MONOTONIC_READS,normal,netem delay 25ms 25ms,QUORUM,ALL,1,True,5,5,0,2|2|2|2|2,PASS,
141,MONOTONIC_READS,normal,netem delay 25ms 25ms,QUORUM,ALL,1,True,5,5,0,2|2|2|2|2,PASS,
142,MONOTONIC_READS,normal,netem delay 25ms 25ms,QUORUM,ALL,1,True,5,5,0,2|2|2|2|2,PASS,
143,MONOTONIC_READS,normal,netem delay 25ms 25ms,QUORUM,ALL,1,True,5,5,0,2|2|2|2|2,PASS,
144,MONOTONIC_READS,normal,netem delay 25ms 25ms,QUORUM,ALL,1,True,5,5,0,2|2|2|2|2,PASS,
145,MONOTONIC_READS,normal,netem delay 25ms 25ms,QUORUM,ALL,1,True,5,5,0,2|2|2|2|2,PASS,
146,MONOTONIC_READS,normal,netem delay 25ms 25ms,QUORUM,ALL,1,True,5,5,0,2|2|2|2|2,PASS,
147,MONOTONIC_READS,normal,netem delay 25ms 25ms,QUORUM,ALL,1,True,5,5,0,2|2|2|2|2,PASS,
148,MONOTONIC_READS,normal,netem delay 25ms 25ms,QUORUM,ALL,1,True,5,5,0,2|2|2|2|2,PASS,
149,MONOTONIC_READS,normal,netem delay 25ms 25ms,QUORUM,ALL,1,True,5,5,0,2|2|2|2|2,PASS,
150,MONOTONIC_READS,normal,netem delay 25ms 25ms,QUORUM,ALL,1,True,5,5,0,2|2|2|2|2,PASS,
151,MONOTONIC_READS,normal,netem delay 25ms 25ms,QUORUM,ALL,1,True,5,5,0,2|2|2|2|2,PASS,
152,MONOTONIC_READS,normal,netem delay 25ms 25ms,QUORUM,ALL,1,True,5,5,0,2|2|2|2|2,PASS,
153,MONOTONIC_READS,normal,netem delay 25ms 25ms,QUORUM,ALL,1,True,5,5,0,2|2|2|2|2,PASS,
154,MONOTONIC_READS,normal,netem delay 25ms 25ms,QUORUM,ALL,1,True,5,5,0,2|2|2|2|2,PASS,
155,MONOTONIC_READS,normal,netem delay 25ms 25ms,QUORUM,ALL,1,True,5,5,0,2|2|2|2|2,PASS,
156,MONOTONIC_READS,normal,netem delay 25ms 25ms,QUORUM,ALL,1,True,5,5,0,2|2|2|2|2,PASS,
157,MONOTONIC_READS,normal,netem delay 25ms 25ms,QUORUM,ALL,1,True,5,5,0,2|2|2|2|2,PASS,
158,MONOTONIC_READS,normal,netem delay 25ms 25ms,QUORUM,ALL,1,True,5,5,0,2|2|2|2|2,PASS,
159,MONOTONIC_READS,normal,netem delay 25ms 25ms,QUORUM,ALL,1,True,5,5,0,2|2|2|2|2,PASS,
160,MONOTONIC_READS,normal,netem delay 25ms 25ms,QUORUM,ALL,1,True,5,5,0,2|2|2|2|2,PASS,
161,MONOTONIC_READS,normal,netem delay 25ms 25ms,QUORUM,ALL,1,True,5,5,0,2|2|2|2|2,PASS,
162,MONOTONIC_READS,normal,netem delay 25ms 25ms,QUORUM,ALL,1,True,5,5,0,2|2|2|2|2,PASS,
163,MONOTONIC_READS,normal,netem delay 25ms 25ms,QUORUM,ALL,1,True,5,5,0,2|2|2|2|2,PASS,
164,MONOTONIC_READS,normal,netem delay 25ms 25ms,QUORUM,ALL,1,True,5,5,0,2|2|2|2|2,PASS,
165,MONOTONIC_READS,normal,netem delay 25ms 25ms,QUORUM,ALL,1,True,5,5,0,2|2|2|2|2,PASS,
166,MONOTONIC_READS,normal,netem delay 25ms 25ms,QUORUM,ALL,1,True,5,5,0,2|2|2|2|2,PASS,
167,MONOTONIC_READS,normal,netem delay 25ms 25ms,QUORUM,ALL,1,True,5,5,0,2|2|2|2|2,PASS,
168,MONOTONIC_READS,normal,netem delay 25ms 25ms,QUORUM,ALL,1,True,5,5,0,2|2|2|2|2,PASS,
169,MONOTONIC_READS,normal,netem delay 25ms 25ms,QUORUM,ALL,1,True,5,5,0,2|2|2|2|2,PASS,
170,MONOTONIC_READS,normal,netem delay 25ms 25ms,QUORUM,ALL,1,True,5,5,0,2|2|2|2|2,PASS,
171,MONOTONIC_READS,normal,netem delay 25ms 25ms,QUORUM,ALL,1,True,5,5,0,2|2|2|2|2,PASS,
172,MONOTONIC_READS,normal,netem delay 25ms 25ms,QUORUM,ALL,1,True,5,5,0,2|2|2|2|2,PASS,
173,MONOTONIC_READS,normal,netem delay 25ms 25ms,QUORUM,ALL,1,True,5,5,0,2|2|2|2|2,PASS,
174,MONOTONIC_READS,normal,netem delay 25ms 25ms,QUORUM,ALL,1,True,5,5,0,2|2|2|2|2,PASS,
175,MONOTONIC_READS,normal,netem delay 25ms 25ms,QUORUM,ALL,1,True,5,5,0,2|2|2|2|2,PASS,
176,MONOTONIC_READS,normal,netem delay 25ms 25ms,QUORUM,ALL,1,True,5,5,0,2|2|2|2|2,PASS,
177,MONOTONIC_READS,normal,netem delay 25ms 25ms,QUORUM,ALL,1,True,5,5,0,2|2|2|2|2,PASS,
178,MONOTONIC_READS,normal,netem delay 25ms 25ms,QUORUM,ALL,1,True,5,5,0,2|2|2|2|2,PASS,
179,MONOTONIC_READS,normal,netem delay 25ms 25ms,QUORUM,ALL,1,True,5,5,0,2|2|2|2|2,PASS,
180,MONOTONIC_READS,normal,netem delay 25ms 25ms,QUORUM,ALL,1,True,5,5,0,2|2|2|2|2,PASS,
181,MONOTONIC_READS,normal,netem delay 25ms 25ms,QUORUM,ALL,1,True,5,5,0,2|2|2|2|2,PASS,
182,MONOTONIC_READS,normal,netem delay 25ms 25ms,QUORUM,ALL,1,True,5,5,0,2|2|2|2|2,PASS,
183,MONOTONIC_READS,normal,netem delay 25ms 25ms,QUORUM,ALL,1,True,5,5,0,2|2|2|2|2,PASS,
184,MONOTONIC_READS,normal,netem delay 25ms 25ms,QUORUM,ALL,1,True,5,5,0,2|2|2|2|2,PASS,
185,MONOTONIC_READS,normal,netem delay 25ms 25ms,QUORUM,ALL,1,True,5,5,0,2|2|2|2|2,PASS,
186,MONOTONIC_READS,normal,netem delay 25ms 25ms,QUORUM,ALL,1,True,5,5,0,2|2|2|2|2,PASS,
187,MONOTONIC_READS,normal,netem delay 25ms 25ms,QUORUM,ALL,1,True,5,5,0,2|2|2|2|2,PASS,
188,MONOTONIC_READS,normal,netem delay 25ms 25ms,QUORUM,ALL,1,True,5,5,0,2|2|2|2|2,PASS,
189,MONOTONIC_READS,normal,netem delay 25ms 25ms,QUORUM,ALL,1,True,5,5,0,2|2|2|2|2,PASS,
190,MONOTONIC_READS,normal,netem delay 25ms 25ms,QUORUM,ALL,1,True,5,5,0,2|2|2|2|2,PASS,
191,MONOTONIC_READS,normal,netem delay 25ms 25ms,QUORUM,ALL,1,True,5,5,0,2|2|2|2|2,PASS,
192,MONOTONIC_READS,normal,netem delay 25ms 25ms,QUORUM,ALL,1,True,5,5,0,2|2|2|2|2,PASS,
193,MONOTONIC_READS,normal,netem delay 25ms 25ms,QUORUM,ALL,1,True,5,5,0,2|2|2|2|2,PASS,
194,MONOTONIC_READS,normal,netem delay 25ms 25ms,QUORUM,ALL,1,True,5,5,0,2|2|2|2|2,PASS,
195,MONOTONIC_READS,normal,netem delay 25ms 25ms,QUORUM,ALL,1,True,5,5,0,2|2|2|2|2,PASS,
196,MONOTONIC_READS,normal,netem delay 25ms 25ms,QUORUM,ALL,1,True,5,5,0,2|2|2|2|2,PASS,
197,MONOTONIC_READS,normal,netem delay 25ms 25ms,QUORUM,ALL,1,True,5,5,0,2|2|2|2|2,PASS,
198,MONOTONIC_READS,normal,netem delay 25ms 25ms,QUORUM,ALL,1,True,5,5,0,2|2|2|2|2,PASS,
199,MONOTONIC_READS,normal,netem delay 25ms 25ms,QUORUM,ALL,1,True,5,5,0,2|2|2|2|2,PASS,
200,MONOTONIC_READS,normal,netem delay 25ms 25ms,QUORUM,ALL,1,True,5,5,0,2|2|2|2|2,PASS,
1,MONOTONIC_READS,normal,netem delay 25ms 25ms,ALL,ONE,1,True,5,5,0,2|2|2|2|2,PASS,
2,MONOTONIC_READS,normal,netem delay 25ms 25ms,ALL,ONE,1,True,5,5,0,2|2|2|2|2,PASS,
3,MONOTONIC_READS,normal,netem delay 25ms 25ms,ALL,ONE,1,True,5,5,0,2|2|2|2|2,PASS,
4,MONOTONIC_READS,normal,netem delay 25ms 25ms,ALL,ONE,1,True,5,5,0,2|2|2|2|2,PASS,
5,MONOTONIC_READS,normal,netem delay 25ms 25ms,ALL,ONE,1,True,5,5,0,2|2|2|2|2,PASS,
6,MONOTONIC_READS,normal,netem delay 25ms 25ms,ALL,ONE,1,True,5,5,0,2|2|2|2|2,PASS,
7,MONOTONIC_READS,normal,netem delay 25ms 25ms,ALL,ONE,1,True,5,5,0,2|2|2|2|2,PASS,
8,MONOTONIC_READS,normal,netem delay 25ms 25ms,ALL,ONE,1,True,5,5,0,2|2|2|2|2,PASS,
9,MONOTONIC_READS,normal,netem delay 25ms 25ms,ALL,ONE,1,True,5,5,0,2|2|2|2|2,PASS,
10,MONOTONIC_READS,normal,netem delay 25ms 25ms,ALL,ONE,1,True,5,5,0,2|2|2|2|2,PASS,
11,MONOTONIC_READS,normal,netem delay 25ms 25ms,ALL,ONE,1,True,5,5,0,2|2|2|2|2,PASS,
12,MONOTONIC_READS,normal,netem delay 25ms 25ms,ALL,ONE,1,True,5,5,0,2|2|2|2|2,PASS,
13,MONOTONIC_READS,normal,netem delay 25ms 25ms,ALL,ONE,1,True,5,5,0,2|2|2|2|2,PASS,
14,MONOTONIC_READS,normal,netem delay 25ms 25ms,ALL,ONE,1,True,5,5,0,2|2|2|2|2,PASS,
15,MONOTONIC_READS,normal,netem delay 25ms 25ms,ALL,ONE,1,True,5,5,0,2|2|2|2|2,PASS,
16,MONOTONIC_READS,normal,netem delay 25ms 25ms,ALL,ONE,1,True,5,5,0,2|2|2|2|2,PASS,
17,MONOTONIC_READS,normal,netem delay 25ms 25ms,ALL,ONE,1,True,5,5,0,2|2|2|2|2,PASS,
18,MONOTONIC_READS,normal,netem delay 25ms 25ms,ALL,ONE,1,True,5,5,0,2|2|2|2|2,PASS,
19,MONOTONIC_READS,normal,netem delay 25ms 25ms,ALL,ONE,1,True,5,5,0,2|2|2|2|2,PASS,
20,MONOTONIC_READS,normal,netem delay 25ms 25ms,ALL,ONE,1,True,5,5,0,2|2|2|2|2,PASS,
21,MONOTONIC_READS,normal,netem delay 25ms 25ms,ALL,ONE,1,True,5,5,0,2|2|2|2|2,PASS,
22,MONOTONIC_READS,normal,netem delay 25ms 25ms,ALL,ONE,1,True,5,5,0,2|2|2|2|2,PASS,
23,MONOTONIC_READS,normal,netem delay 25ms 25ms,ALL,ONE,1,True,5,5,0,2|2|2|2|2,PASS,
24,MONOTONIC_READS,normal,netem delay 25ms 25ms,ALL,ONE,1,True,5,5,0,2|2|2|2|2,PASS,
25,MONOTONIC_READS,normal,netem delay 25ms 25ms,ALL,ONE,1,True,5,5,0,2|2|2|2|2,PASS,
26,MONOTONIC_READS,normal,netem delay 25ms 25ms,ALL,ONE,1,True,5,5,0,2|2|2|2|2,PASS,
27,MONOTONIC_READS,normal,netem delay 25ms 25ms,ALL,ONE,1,True,5,5,0,2|2|2|2|2,PASS,
28,MONOTONIC_READS,normal,netem delay 25ms 25ms,ALL,ONE,1,True,5,5,0,2|2|2|2|2,PASS,
29,MONOTONIC_READS,normal,netem delay 25ms 25ms,ALL,ONE,1,True,5,5,0,2|2|2|2|2,PASS,
30,MONOTONIC_READS,normal,netem delay 25ms 25ms,ALL,ONE,1,True,5,5,0,2|2|2|2|2,PASS,
31,MONOTONIC_READS,normal,netem delay 25ms 25ms,ALL,ONE,1,True,5,5,0,2|2|2|2|2,PASS,
32,MONOTONIC_READS,normal,netem delay 25ms 25ms,ALL,ONE,1,True,5,5,0,2|2|2|2|2,PASS,
33,MONOTONIC_READS,normal,netem delay 25ms 25ms,ALL,ONE,1,True,5,5,0,2|2|2|2|2,PASS,
34,MONOTONIC_READS,normal,netem delay 25ms 25ms,ALL,ONE,1,True,5,5,0,2|2|2|2|2,PASS,
35,MONOTONIC_READS,normal,netem delay 25ms 25ms,ALL,ONE,1,True,5,5,0,2|2|2|2|2,PASS,
36,MONOTONIC_READS,normal,netem delay 25ms 25ms,ALL,ONE,1,True,5,5,0,2|2|2|2|2,PASS,
37,MONOTONIC_READS,normal,netem delay 25ms 25ms,ALL,ONE,1,True,5,5,0,2|2|2|2|2,PASS,
38,MONOTONIC_READS,normal,netem delay 25ms 25ms,ALL,ONE,1,True,5,5,0,2|2|2|2|2,PASS,
39,MONOTONIC_READS,normal,netem delay 25ms 25ms,ALL,ONE,1,True,5,5,0,2|2|2|2|2,PASS,
40,MONOTONIC_READS,normal,netem delay 25ms 25ms,ALL,ONE,1,True,5,5,0,2|2|2|2|2,PASS,
41,MONOTONIC_READS,normal,netem delay 25ms 25ms,ALL,ONE,1,True,5,5,0,2|2|2|2|2,PASS,
42,MONOTONIC_READS,normal,netem delay 25ms 25ms,ALL,ONE,1,True,5,5,0,2|2|2|2|2,PASS,
43,MONOTONIC_READS,normal,netem delay 25ms 25ms,ALL,ONE,1,True,5,5,0,2|2|2|2|2,PASS,
44,MONOTONIC_READS,normal,netem delay 25ms 25ms,ALL,ONE,1,True,5,5,0,2|2|2|2|2,PASS,
45,MONOTONIC_READS,normal,netem delay 25ms 25ms,ALL,ONE,1,True,5,5,0,2|2|2|2|2,PASS,
46,MONOTONIC_READS,normal,netem delay 25ms 25ms,ALL,ONE,1,True,5,5,0,2|2|2|2|2,PASS,
47,MONOTONIC_READS,normal,netem delay 25ms 25ms,ALL,ONE,1,True,5,5,0,2|2|2|2|2,PASS,
48,MONOTONIC_READS,normal,netem delay 25ms 25ms,ALL,ONE,1,True,5,5,0,2|2|2|2|2,PASS,
49,MONOTONIC_READS,normal,netem delay 25ms 25ms,ALL,ONE,1,True,5,5,0,2|2|2|2|2,PASS,
50,MONOTONIC_READS,normal,netem delay 25ms 25ms,ALL,ONE,1,True,5,5,0,2|2|2|2|2,PASS,
51,MONOTONIC_READS,normal,netem delay 25ms 25ms,ALL,ONE,1,True,5,5,0,2|2|2|2|2,PASS,
52,MONOTONIC_READS,normal,netem delay 25ms 25ms,ALL,ONE,1,True,5,5,0,2|2|2|2|2,PASS,
53,MONOTONIC_READS,normal,netem delay 25ms 25ms,ALL,ONE,1,True,5,5,0,2|2|2|2|2,PASS,
54,MONOTONIC_READS,normal,netem delay 25ms 25ms,ALL,ONE,1,True,5,5,0,2|2|2|2|2,PASS,
55,MONOTONIC_READS,normal,netem delay 25ms 25ms,ALL,ONE,1,True,5,5,0,2|2|2|2|2,PASS,
56,MONOTONIC_READS,normal,netem delay 25ms 25ms,ALL,ONE,1,True,5,5,0,2|2|2|2|2,PASS,
57,MONOTONIC_READS,normal,netem delay 25ms 25ms,ALL,ONE,1,True,5,5,0,2|2|2|2|2,PASS,
58,MONOTONIC_READS,normal,netem delay 25ms 25ms,ALL,ONE,1,True,5,5,0,2|2|2|2|2,PASS,
59,MONOTONIC_READS,normal,netem delay 25ms 25ms,ALL,ONE,1,True,5,5,0,2|2|2|2|2,PASS,
60,MONOTONIC_READS,normal,netem delay 25ms 25ms,ALL,ONE,1,True,5,5,0,2|2|2|2|2,PASS,
61,MONOTONIC_READS,normal,netem delay 25ms 25ms,ALL,ONE,1,True,5,5,0,2|2|2|2|2,PASS,
62,MONOTONIC_READS,normal,netem delay 25ms 25ms,ALL,ONE,1,True,5,5,0,2|2|2|2|2,PASS,
63,MONOTONIC_READS,normal,netem delay 25ms 25ms,ALL,ONE,1,True,5,5,0,2|2|2|2|2,PASS,
64,MONOTONIC_READS,normal,netem delay 25ms 25ms,ALL,ONE,1,True,5,5,0,2|2|2|2|2,PASS,
65,MONOTONIC_READS,normal,netem delay 25ms 25ms,ALL,ONE,1,True,5,5,0,2|2|2|2|2,PASS,
66,MONOTONIC_READS,normal,netem delay 25ms 25ms,ALL,ONE,1,True,5,5,0,2|2|2|2|2,PASS,
67,MONOTONIC_READS,normal,netem delay 25ms 25ms,ALL,ONE,1,True,5,5,0,2|2|2|2|2,PASS,
68,MONOTONIC_READS,normal,netem delay 25ms 25ms,ALL,ONE,1,True,5,5,0,2|2|2|2|2,PASS,
69,MONOTONIC_READS,normal,netem delay 25ms 25ms,ALL,ONE,1,True,5,5,0,2|2|2|2|2,PASS,
70,MONOTONIC_READS,normal,netem delay 25ms 25ms,ALL,ONE,1,True,5,5,0,2|2|2|2|2,PASS,
71,MONOTONIC_READS,normal,netem delay 25ms 25ms,ALL,ONE,1,True,5,5,0,2|2|2|2|2,PASS,
72,MONOTONIC_READS,normal,netem delay 25ms 25ms,ALL,ONE,1,True,5,5,0,2|2|2|2|2,PASS,
73,MONOTONIC_READS,normal,netem delay 25ms 25ms,ALL,ONE,1,True,5,5,0,2|2|2|2|2,PASS,
74,MONOTONIC_READS,normal,netem delay 25ms 25ms,ALL,ONE,1,True,5,5,0,2|2|2|2|2,PASS,
75,MONOTONIC_READS,normal,netem delay 25ms 25ms,ALL,ONE,1,True,5,5,0,2|2|2|2|2,PASS,
76,MONOTONIC_READS,normal,netem delay 25ms 25ms,ALL,ONE,1,True,5,5,0,2|2|2|2|2,PASS,
77,MONOTONIC_READS,normal,netem delay 25ms 25ms,ALL,ONE,1,True,5,5,0,2|2|2|2|2,PASS,
78,MONOTONIC_READS,normal,netem delay 25ms 25ms,ALL,ONE,1,True,5,5,0,2|2|2|2|2,PASS,
79,MONOTONIC_READS,normal,netem delay 25ms 25ms,ALL,ONE,1,True,5,5,0,2|2|2|2|2,PASS,
80,MONOTONIC_READS,normal,netem delay 25ms 25ms,ALL,ONE,1,True,5,5,0,2|2|2|2|2,PASS,
81,MONOTONIC_READS,normal,netem delay 25ms 25ms,ALL,ONE,1,True,5,5,0,2|2|2|2|2,PASS,
82,MONOTONIC_READS,normal,netem delay 25ms 25ms,ALL,ONE,1,True,5,5,0,2|2|2|2|2,PASS,
83,MONOTONIC_READS,normal,netem delay 25ms 25ms,ALL,ONE,1,True,5,5,0,2|2|2|2|2,PASS,
84,MONOTONIC_READS,normal,netem delay 25ms 25ms,ALL,ONE,1,True,5,5,0,2|2|2|2|2,PASS,
85,MONOTONIC_READS,normal,netem delay 25ms 25ms,ALL,ONE,1,True,5,5,0,2|2|2|2|2,PASS,
86,MONOTONIC_READS,normal,netem delay 25ms 25ms,ALL,ONE,1,True,5,5,0,2|2|2|2|2,PASS,
87,MONOTONIC_READS,normal,netem delay 25ms 25ms,ALL,ONE,1,True,5,5,0,2|2|2|2|2,PASS,
88,MONOTONIC_READS,normal,netem delay 25ms 25ms,ALL,ONE,1,True,5,5,0,2|2|2|2|2,PASS,
89,MONOTONIC_READS,normal,netem delay 25ms 25ms,ALL,ONE,1,True,5,5,0,2|2|2|2|2,PASS,
90,MONOTONIC_READS,normal,netem delay 25ms 25ms,ALL,ONE,1,True,5,5,0,2|2|2|2|2,PASS,
91,MONOTONIC_READS,normal,netem delay 25ms 25ms,ALL,ONE,1,True,5,5,0,2|2|2|2|2,PASS,
92,MONOTONIC_READS,normal,netem delay 25ms 25ms,ALL,ONE,1,True,5,5,0,2|2|2|2|2,PASS,
93,MONOTONIC_READS,normal,netem delay 25ms 25ms,ALL,ONE,1,True,5,5,0,2|2|2|2|2,PASS,
94,MONOTONIC_READS,normal,netem delay 25ms 25ms,ALL,ONE,1,True,5,5,0,2|2|2|2|2,PASS,
95,MONOTONIC_READS,normal,netem delay 25ms 25ms,ALL,ONE,1,True,5,5,0,2|2|2|2|2,PASS,
96,MONOTONIC_READS,normal,netem delay 25ms 25ms,ALL,ONE,1,True,5,5,0,2|2|2|2|2,PASS,
97,MONOTONIC_READS,normal,netem delay 25ms 25ms,ALL,ONE,1,True,5,5,0,2|2|2|2|2,PASS,
98,MONOTONIC_READS,normal,netem delay 25ms 25ms,ALL,ONE,1,True,5,5,0,2|2|2|2|2,PASS,
99,MONOTONIC_READS,normal,netem delay 25ms 25ms,ALL,ONE,1,True,5,5,0,2|2|2|2|2,PASS,
100,MONOTONIC_READS,normal,netem delay 25ms 25ms,ALL,ONE,1,True,5,5,0,2|2|2|2|2,PASS,
101,MONOTONIC_READS,normal,netem delay 25ms 25ms,ALL,ONE,1,True,5,5,0,2|2|2|2|2,PASS,
102,MONOTONIC_READS,normal,netem delay 25ms 25ms,ALL,ONE,1,True,5,5,0,2|2|2|2|2,PASS,
103,MONOTONIC_READS,normal,netem delay 25ms 25ms,ALL,ONE,1,True,5,5,0,2|2|2|2|2,PASS,
104,MONOTONIC_READS,normal,netem delay 25ms 25ms,ALL,ONE,1,True,5,5,0,2|2|2|2|2,PASS,
105,MONOTONIC_READS,normal,netem delay 25ms 25ms,ALL,ONE,1,True,5,5,0,2|2|2|2|2,PASS,
106,MONOTONIC_READS,normal,netem delay 25ms 25ms,ALL,ONE,1,True,5,5,0,2|2|2|2|2,PASS,
107,MONOTONIC_READS,normal,netem delay 25ms 25ms,ALL,ONE,1,True,5,5,0,2|2|2|2|2,PASS,
108,MONOTONIC_READS,normal,netem delay 25ms 25ms,ALL,ONE,1,True,5,5,0,2|2|2|2|2,PASS,
109,MONOTONIC_READS,normal,netem delay 25ms 25ms,ALL,ONE,1,True,5,5,0,2|2|2|2|2,PASS,
110,MONOTONIC_READS,normal,netem delay 25ms 25ms,ALL,ONE,1,True,5,5,0,2|2|2|2|2,PASS,
111,MONOTONIC_READS,normal,netem delay 25ms 25ms,ALL,ONE,1,True,5,5,0,2|2|2|2|2,PASS,
112,MONOTONIC_READS,normal,netem delay 25ms 25ms,ALL,ONE,1,True,5,5,0,2|2|2|2|2,PASS,
113,MONOTONIC_READS,normal,netem delay 25ms 25ms,ALL,ONE,1,True,5,5,0,2|2|2|2|2,PASS,
114,MONOTONIC_READS,normal,netem delay 25ms 25ms,ALL,ONE,1,True,5,5,0,2|2|2|2|2,PASS,
115,MONOTONIC_READS,normal,netem delay 25ms 25ms,ALL,ONE,1,True,5,5,0,2|2|2|2|2,PASS,
116,MONOTONIC_READS,normal,netem delay 25ms 25ms,ALL,ONE,1,True,5,5,0,2|2|2|2|2,PASS,
117,MONOTONIC_READS,normal,netem delay 25ms 25ms,ALL,ONE,1,True,5,5,0,2|2|2|2|2,PASS,
118,MONOTONIC_READS,normal,netem delay 25ms 25ms,ALL,ONE,1,True,5,5,0,2|2|2|2|2,PASS,
119,MONOTONIC_READS,normal,netem delay 25ms 25ms,ALL,ONE,1,True,5,5,0,2|2|2|2|2,PASS,
120,MONOTONIC_READS,normal,netem delay 25ms 25ms,ALL,ONE,1,True,5,5,0,2|2|2|2|2,PASS,
121,MONOTONIC_READS,normal,netem delay 25ms 25ms,ALL,ONE,1,True,5,5,0,2|2|2|2|2,PASS,
122,MONOTONIC_READS,normal,netem delay 25ms 25ms,ALL,ONE,1,True,5,5,0,2|2|2|2|2,PASS,
123,MONOTONIC_READS,normal,netem delay 25ms 25ms,ALL,ONE,1,True,5,5,0,2|2|2|2|2,PASS,
124,MONOTONIC_READS,normal,netem delay 25ms 25ms,ALL,ONE,1,True,5,5,0,2|2|2|2|2,PASS,
125,MONOTONIC_READS,normal,netem delay 25ms 25ms,ALL,ONE,1,True,5,5,0,2|2|2|2|2,PASS,
126,MONOTONIC_READS,normal,netem delay 25ms 25ms,ALL,ONE,1,True,5,5,0,2|2|2|2|2,PASS,
127,MONOTONIC_READS,normal,netem delay 25ms 25ms,ALL,ONE,1,True,5,5,0,2|2|2|2|2,PASS,
128,MONOTONIC_READS,normal,netem delay 25ms 25ms,ALL,ONE,1,True,5,5,0,2|2|2|2|2,PASS,
129,MONOTONIC_READS,normal,netem delay 25ms 25ms,ALL,ONE,1,True,5,5,0,2|2|2|2|2,PASS,
130,MONOTONIC_READS,normal,netem delay 25ms 25ms,ALL,ONE,1,True,5,5,0,2|2|2|2|2,PASS,
131,MONOTONIC_READS,normal,netem delay 25ms 25ms,ALL,ONE,1,True,5,5,0,2|2|2|2|2,PASS,
132,MONOTONIC_READS,normal,netem delay 25ms 25ms,ALL,ONE,1,True,5,5,0,2|2|2|2|2,PASS,
133,MONOTONIC_READS,normal,netem delay 25ms 25ms,ALL,ONE,1,True,5,5,0,2|2|2|2|2,PASS,
134,MONOTONIC_READS,normal,netem delay 25ms 25ms,ALL,ONE,1,True,5,5,0,2|2|2|2|2,PASS,
135,MONOTONIC_READS,normal,netem delay 25ms 25ms,ALL,ONE,1,True,5,5,0,2|2|2|2|2,PASS,
136,MONOTONIC_READS,normal,netem delay 25ms 25ms,ALL,ONE,1,True,5,5,0,2|2|2|2|2,PASS,
137,MONOTONIC_READS,normal,netem delay 25ms 25ms,ALL,ONE,1,True,5,5,0,2|2|2|2|2,PASS,
138,MONOTONIC_READS,normal,netem delay 25ms 25ms,ALL,ONE,1,True,5,5,0,2|2|2|2|2,PASS,
139,MONOTONIC_READS,normal,netem delay 25ms 25ms,ALL,ONE,1,True,5,5,0,2|2|2|2|2,PASS,
140,MONOTONIC_READS,normal,netem delay 25ms 25ms,ALL,ONE,1,True,5,5,0,2|2|2|2|2,PASS,
141,MONOTONIC_READS,normal,netem delay 25ms 25ms,ALL,ONE,1,True,5,5,0,2|2|2|2|2,PASS,
142,MONOTONIC_READS,normal,netem delay 25ms 25ms,ALL,ONE,1,True,5,5,0,2|2|2|2|2,PASS,
143,MONOTONIC_READS,normal,netem delay 25ms 25ms,ALL,ONE,1,True,5,5,0,2|2|2|2|2,PASS,
144,MONOTONIC_READS,normal,netem delay 25ms 25ms,ALL,ONE,1,True,5,5,0,2|2|2|2|2,PASS,
145,MONOTONIC_READS,normal,netem delay 25ms 25ms,ALL,ONE,1,True,5,5,0,2|2|2|2|2,PASS,
146,MONOTONIC_READS,normal,netem delay 25ms 25ms,ALL,ONE,1,True,5,5,0,2|2|2|2|2,PASS,
147,MONOTONIC_READS,normal,netem delay 25ms 25ms,ALL,ONE,1,True,5,5,0,2|2|2|2|2,PASS,
148,MONOTONIC_READS,normal,netem delay 25ms 25ms,ALL,ONE,1,True,5,5,0,2|2|2|2|2,PASS,
149,MONOTONIC_READS,normal,netem delay 25ms 25ms,ALL,ONE,1,True,5,5,0,2|2|2|2|2,PASS,
150,MONOTONIC_READS,normal,netem delay 25ms 25ms,ALL,ONE,1,True,5,5,0,2|2|2|2|2,PASS,
151,MONOTONIC_READS,normal,netem delay 25ms 25ms,ALL,ONE,1,True,5,5,0,2|2|2|2|2,PASS,
152,MONOTONIC_READS,normal,netem delay 25ms 25ms,ALL,ONE,1,True,5,5,0,2|2|2|2|2,PASS,
153,MONOTONIC_READS,normal,netem delay 25ms 25ms,ALL,ONE,1,True,5,5,0,2|2|2|2|2,PASS,
154,MONOTONIC_READS,normal,netem delay 25ms 25ms,ALL,ONE,1,True,5,5,0,2|2|2|2|2,PASS,
155,MONOTONIC_READS,normal,netem delay 25ms 25ms,ALL,ONE,1,True,5,5,0,2|2|2|2|2,PASS,
156,MONOTONIC_READS,normal,netem delay 25ms 25ms,ALL,ONE,1,True,5,5,0,2|2|2|2|2,PASS,
157,MONOTONIC_READS,normal,netem delay 25ms 25ms,ALL,ONE,1,True,5,5,0,2|2|2|2|2,PASS,
158,MONOTONIC_READS,normal,netem delay 25ms 25ms,ALL,ONE,1,True,5,5,0,2|2|2|2|2,PASS,
159,MONOTONIC_READS,normal,netem delay 25ms 25ms,ALL,ONE,1,True,5,5,0,2|2|2|2|2,PASS,
160,MONOTONIC_READS,normal,netem delay 25ms 25ms,ALL,ONE,1,True,5,5,0,2|2|2|2|2,PASS,
161,MONOTONIC_READS,normal,netem delay 25ms 25ms,ALL,ONE,1,True,5,5,0,2|2|2|2|2,PASS,
162,MONOTONIC_READS,normal,netem delay 25ms 25ms,ALL,ONE,1,True,5,5,0,2|2|2|2|2,PASS,
163,MONOTONIC_READS,normal,netem delay 25ms 25ms,ALL,ONE,1,True,5,5,0,2|2|2|2|2,PASS,
164,MONOTONIC_READS,normal,netem delay 25ms 25ms,ALL,ONE,1,True,5,5,0,2|2|2|2|2,PASS,
165,MONOTONIC_READS,normal,netem delay 25ms 25ms,ALL,ONE,1,True,5,5,0,2|2|2|2|2,PASS,
166,MONOTONIC_READS,normal,netem delay 25ms 25ms,ALL,ONE,1,True,5,5,0,2|2|2|2|2,PASS,
167,MONOTONIC_READS,normal,netem delay 25ms 25ms,ALL,ONE,1,True,5,5,0,2|2|2|2|2,PASS,
168,MONOTONIC_READS,normal,netem delay 25ms 25ms,ALL,ONE,1,True,5,5,0,2|2|2|2|2,PASS,
169,MONOTONIC_READS,normal,netem delay 25ms 25ms,ALL,ONE,1,True,5,5,0,2|2|2|2|2,PASS,
170,MONOTONIC_READS,normal,netem delay 25ms 25ms,ALL,ONE,1,True,5,5,0,2|2|2|2|2,PASS,
171,MONOTONIC_READS,normal,netem delay 25ms 25ms,ALL,ONE,1,True,5,5,0,2|2|2|2|2,PASS,
172,MONOTONIC_READS,normal,netem delay 25ms 25ms,ALL,ONE,1,True,5,5,0,2|2|2|2|2,PASS,
173,MONOTONIC_READS,normal,netem delay 25ms 25ms,ALL,ONE,1,True,5,5,0,2|2|2|2|2,PASS,
174,MONOTONIC_READS,normal,netem delay 25ms 25ms,ALL,ONE,1,True,5,5,0,2|2|2|2|2,PASS,
175,MONOTONIC_READS,normal,netem delay 25ms 25ms,ALL,ONE,1,True,5,5,0,2|2|2|2|2,PASS,
176,MONOTONIC_READS,normal,netem delay 25ms 25ms,ALL,ONE,1,True,5,5,0,2|2|2|2|2,PASS,
177,MONOTONIC_READS,normal,netem delay 25ms 25ms,ALL,ONE,1,True,5,5,0,2|2|2|2|2,PASS,
178,MONOTONIC_READS,normal,netem delay 25ms 25ms,ALL,ONE,1,True,5,5,0,2|2|2|2|2,PASS,
179,MONOTONIC_READS,normal,netem delay 25ms 25ms,ALL,ONE,1,True,5,5,0,2|2|2|2|2,PASS,
180,MONOTONIC_READS,normal,netem delay 25ms 25ms,ALL,ONE,1,True,5,5,0,2|2|2|2|2,PASS,
181,MONOTONIC_READS,normal,netem delay 25ms 25ms,ALL,ONE,1,True,5,5,0,2|2|2|2|2,PASS,
182,MONOTONIC_READS,normal,netem delay 25ms 25ms,ALL,ONE,1,True,5,5,0,2|2|2|2|2,PASS,
183,MONOTONIC_READS,normal,netem delay 25ms 25ms,ALL,ONE,1,True,5,5,0,2|2|2|2|2,PASS,
184,MONOTONIC_READS,normal,netem delay 25ms 25ms,ALL,ONE,1,True,5,5,0,2|2|2|2|2,PASS,
185,MONOTONIC_READS,normal,netem delay 25ms 25ms,ALL,ONE,1,True,5,5,0,2|2|2|2|2,PASS,
186,MONOTONIC_READS,normal,netem delay 25ms 25ms,ALL,ONE,1,True,5,5,0,2|2|2|2|2,PASS,
187,MONOTONIC_READS,normal,netem delay 25ms 25ms,ALL,ONE,1,True,5,5,0,2|2|2|2|2,PASS,
188,MONOTONIC_READS,normal,netem delay 25ms 25ms,ALL,ONE,1,True,5,5,0,2|2|2|2|2,PASS,
189,MONOTONIC_READS,normal,netem delay 25ms 25ms,ALL,ONE,1,True,5,5,0,2|2|2|2|2,PASS,
190,MONOTONIC_READS,normal,netem delay 25ms 25ms,ALL,ONE,1,True,5,5,0,2|2|2|2|2,PASS,
191,MONOTONIC_READS,normal,netem delay 25ms 25ms,ALL,ONE,1,True,5,5,0,2|2|2|2|2,PASS,
192,MONOTONIC_READS,normal,netem delay 25ms 25ms,ALL,ONE,1,True,5,5,0,2|2|2|2|2,PASS,
193,MONOTONIC_READS,normal,netem delay 25ms 25ms,ALL,ONE,1,True,5,5,0,2|2|2|2|2,PASS,
194,MONOTONIC_READS,normal,netem delay 25ms 25ms,ALL,ONE,1,True,5,5,0,2|2|2|2|2,PASS,
195,MONOTONIC_READS,normal,netem delay 25ms 25ms,ALL,ONE,1,True,5,5,0,2|2|2|2|2,PASS,
196,MONOTONIC_READS,normal,netem delay 25ms 25ms,ALL,ONE,1,True,5,5,0,2|2|2|2|2,PASS,
197,MONOTONIC_READS,normal,netem delay 25ms 25ms,ALL,ONE,1,True,5,5,0,2|2|2|2|2,PASS,
198,MONOTONIC_READS,normal,netem delay 25ms 25ms,ALL,ONE,1,True,5,5,0,2|2|2|2|2,PASS,
199,MONOTONIC_READS,normal,netem delay 25ms 25ms,ALL,ONE,1,True,5,5,0,2|2|2|2|2,PASS,
200,MONOTONIC_READS,normal,netem delay 25ms 25ms,ALL,ONE,1,True,5,5,0,2|2|2|2|2,PASS,
1,MONOTONIC_READS,normal,netem delay 25ms 25ms,ALL,QUORUM,1,True,5,5,0,2|2|2|2|2,PASS,
2,MONOTONIC_READS,normal,netem delay 25ms 25ms,ALL,QUORUM,1,True,5,5,0,2|2|2|2|2,PASS,
3,MONOTONIC_READS,normal,netem delay 25ms 25ms,ALL,QUORUM,1,True,5,5,0,2|2|2|2|2,PASS,
4,MONOTONIC_READS,normal,netem delay 25ms 25ms,ALL,QUORUM,1,True,5,5,0,2|2|2|2|2,PASS,
5,MONOTONIC_READS,normal,netem delay 25ms 25ms,ALL,QUORUM,1,True,5,5,0,2|2|2|2|2,PASS,
6,MONOTONIC_READS,normal,netem delay 25ms 25ms,ALL,QUORUM,1,True,5,5,0,2|2|2|2|2,PASS,
7,MONOTONIC_READS,normal,netem delay 25ms 25ms,ALL,QUORUM,1,True,5,5,0,2|2|2|2|2,PASS,
8,MONOTONIC_READS,normal,netem delay 25ms 25ms,ALL,QUORUM,1,True,5,5,0,2|2|2|2|2,PASS,
9,MONOTONIC_READS,normal,netem delay 25ms 25ms,ALL,QUORUM,1,True,5,5,0,2|2|2|2|2,PASS,
10,MONOTONIC_READS,normal,netem delay 25ms 25ms,ALL,QUORUM,1,True,5,5,0,2|2|2|2|2,PASS,
11,MONOTONIC_READS,normal,netem delay 25ms 25ms,ALL,QUORUM,1,True,5,5,0,2|2|2|2|2,PASS,
12,MONOTONIC_READS,normal,netem delay 25ms 25ms,ALL,QUORUM,1,True,5,5,0,2|2|2|2|2,PASS,
13,MONOTONIC_READS,normal,netem delay 25ms 25ms,ALL,QUORUM,1,True,5,5,0,2|2|2|2|2,PASS,
14,MONOTONIC_READS,normal,netem delay 25ms 25ms,ALL,QUORUM,1,True,5,5,0,2|2|2|2|2,PASS,
15,MONOTONIC_READS,normal,netem delay 25ms 25ms,ALL,QUORUM,1,True,5,5,0,2|2|2|2|2,PASS,
16,MONOTONIC_READS,normal,netem delay 25ms 25ms,ALL,QUORUM,1,True,5,5,0,2|2|2|2|2,PASS,
17,MONOTONIC_READS,normal,netem delay 25ms 25ms,ALL,QUORUM,1,True,5,5,0,2|2|2|2|2,PASS,
18,MONOTONIC_READS,normal,netem delay 25ms 25ms,ALL,QUORUM,1,True,5,5,0,2|2|2|2|2,PASS,
19,MONOTONIC_READS,normal,netem delay 25ms 25ms,ALL,QUORUM,1,True,5,5,0,2|2|2|2|2,PASS,
20,MONOTONIC_READS,normal,netem delay 25ms 25ms,ALL,QUORUM,1,True,5,5,0,2|2|2|2|2,PASS,
21,MONOTONIC_READS,normal,netem delay 25ms 25ms,ALL,QUORUM,1,True,5,5,0,2|2|2|2|2,PASS,
22,MONOTONIC_READS,normal,netem delay 25ms 25ms,ALL,QUORUM,1,True,5,5,0,2|2|2|2|2,PASS,
23,MONOTONIC_READS,normal,netem delay 25ms 25ms,ALL,QUORUM,1,True,5,5,0,2|2|2|2|2,PASS,
24,MONOTONIC_READS,normal,netem delay 25ms 25ms,ALL,QUORUM,1,True,5,5,0,2|2|2|2|2,PASS,
25,MONOTONIC_READS,normal,netem delay 25ms 25ms,ALL,QUORUM,1,True,5,5,0,2|2|2|2|2,PASS,
26,MONOTONIC_READS,normal,netem delay 25ms 25ms,ALL,QUORUM,1,True,5,5,0,2|2|2|2|2,PASS,
27,MONOTONIC_READS,normal,netem delay 25ms 25ms,ALL,QUORUM,1,True,5,5,0,2|2|2|2|2,PASS,
28,MONOTONIC_READS,normal,netem delay 25ms 25ms,ALL,QUORUM,1,True,5,5,0,2|2|2|2|2,PASS,
29,MONOTONIC_READS,normal,netem delay 25ms 25ms,ALL,QUORUM,1,True,5,5,0,2|2|2|2|2,PASS,
30,MONOTONIC_READS,normal,netem delay 25ms 25ms,ALL,QUORUM,1,True,5,5,0,2|2|2|2|2,PASS,
31,MONOTONIC_READS,normal,netem delay 25ms 25ms,ALL,QUORUM,1,True,5,5,0,2|2|2|2|2,PASS,
32,MONOTONIC_READS,normal,netem delay 25ms 25ms,ALL,QUORUM,1,True,5,5,0,2|2|2|2|2,PASS,
33,MONOTONIC_READS,normal,netem delay 25ms 25ms,ALL,QUORUM,1,True,5,5,0,2|2|2|2|2,PASS,
34,MONOTONIC_READS,normal,netem delay 25ms 25ms,ALL,QUORUM,1,True,5,5,0,2|2|2|2|2,PASS,
35,MONOTONIC_READS,normal,netem delay 25ms 25ms,ALL,QUORUM,1,True,5,5,0,2|2|2|2|2,PASS,
36,MONOTONIC_READS,normal,netem delay 25ms 25ms,ALL,QUORUM,1,True,5,5,0,2|2|2|2|2,PASS,
37,MONOTONIC_READS,normal,netem delay 25ms 25ms,ALL,QUORUM,1,True,5,5,0,2|2|2|2|2,PASS,
38,MONOTONIC_READS,normal,netem delay 25ms 25ms,ALL,QUORUM,1,True,5,5,0,2|2|2|2|2,PASS,
39,MONOTONIC_READS,normal,netem delay 25ms 25ms,ALL,QUORUM,1,True,5,5,0,2|2|2|2|2,PASS,
40,MONOTONIC_READS,normal,netem delay 25ms 25ms,ALL,QUORUM,1,True,5,5,0,2|2|2|2|2,PASS,
41,MONOTONIC_READS,normal,netem delay 25ms 25ms,ALL,QUORUM,1,True,5,5,0,2|2|2|2|2,PASS,
42,MONOTONIC_READS,normal,netem delay 25ms 25ms,ALL,QUORUM,1,True,5,5,0,2|2|2|2|2,PASS,
43,MONOTONIC_READS,normal,netem delay 25ms 25ms,ALL,QUORUM,1,True,5,5,0,2|2|2|2|2,PASS,
44,MONOTONIC_READS,normal,netem delay 25ms 25ms,ALL,QUORUM,1,True,5,5,0,2|2|2|2|2,PASS,
45,MONOTONIC_READS,normal,netem delay 25ms 25ms,ALL,QUORUM,1,True,5,5,0,2|2|2|2|2,PASS,
46,MONOTONIC_READS,normal,netem delay 25ms 25ms,ALL,QUORUM,1,True,5,5,0,2|2|2|2|2,PASS,
47,MONOTONIC_READS,normal,netem delay 25ms 25ms,ALL,QUORUM,1,True,5,5,0,2|2|2|2|2,PASS,
48,MONOTONIC_READS,normal,netem delay 25ms 25ms,ALL,QUORUM,1,True,5,5,0,2|2|2|2|2,PASS,
49,MONOTONIC_READS,normal,netem delay 25ms 25ms,ALL,QUORUM,1,True,5,5,0,2|2|2|2|2,PASS,
50,MONOTONIC_READS,normal,netem delay 25ms 25ms,ALL,QUORUM,1,True,5,5,0,2|2|2|2|2,PASS,
51,MONOTONIC_READS,normal,netem delay 25ms 25ms,ALL,QUORUM,1,True,5,5,0,2|2|2|2|2,PASS,
52,MONOTONIC_READS,normal,netem delay 25ms 25ms,ALL,QUORUM,1,True,5,5,0,2|2|2|2|2,PASS,
53,MONOTONIC_READS,normal,netem delay 25ms 25ms,ALL,QUORUM,1,True,5,5,0,2|2|2|2|2,PASS,
54,MONOTONIC_READS,normal,netem delay 25ms 25ms,ALL,QUORUM,1,True,5,5,0,2|2|2|2|2,PASS,
55,MONOTONIC_READS,normal,netem delay 25ms 25ms,ALL,QUORUM,1,True,5,5,0,2|2|2|2|2,PASS,
56,MONOTONIC_READS,normal,netem delay 25ms 25ms,ALL,QUORUM,1,True,5,5,0,2|2|2|2|2,PASS,
57,MONOTONIC_READS,normal,netem delay 25ms 25ms,ALL,QUORUM,1,True,5,5,0,2|2|2|2|2,PASS,
58,MONOTONIC_READS,normal,netem delay 25ms 25ms,ALL,QUORUM,1,True,5,5,0,2|2|2|2|2,PASS,
59,MONOTONIC_READS,normal,netem delay 25ms 25ms,ALL,QUORUM,1,True,5,5,0,2|2|2|2|2,PASS,
60,MONOTONIC_READS,normal,netem delay 25ms 25ms,ALL,QUORUM,1,True,5,5,0,2|2|2|2|2,PASS,
61,MONOTONIC_READS,normal,netem delay 25ms 25ms,ALL,QUORUM,1,True,5,5,0,2|2|2|2|2,PASS,
62,MONOTONIC_READS,normal,netem delay 25ms 25ms,ALL,QUORUM,1,True,5,5,0,2|2|2|2|2,PASS,
63,MONOTONIC_READS,normal,netem delay 25ms 25ms,ALL,QUORUM,1,True,5,5,0,2|2|2|2|2,PASS,
64,MONOTONIC_READS,normal,netem delay 25ms 25ms,ALL,QUORUM,1,True,5,5,0,2|2|2|2|2,PASS,
65,MONOTONIC_READS,normal,netem delay 25ms 25ms,ALL,QUORUM,1,True,5,5,0,2|2|2|2|2,PASS,
66,MONOTONIC_READS,normal,netem delay 25ms 25ms,ALL,QUORUM,1,True,5,5,0,2|2|2|2|2,PASS,
67,MONOTONIC_READS,normal,netem delay 25ms 25ms,ALL,QUORUM,1,True,5,5,0,2|2|2|2|2,PASS,
68,MONOTONIC_READS,normal,netem delay 25ms 25ms,ALL,QUORUM,1,True,5,5,0,2|2|2|2|2,PASS,
69,MONOTONIC_READS,normal,netem delay 25ms 25ms,ALL,QUORUM,1,True,5,5,0,2|2|2|2|2,PASS,
70,MONOTONIC_READS,normal,netem delay 25ms 25ms,ALL,QUORUM,1,True,5,5,0,2|2|2|2|2,PASS,
71,MONOTONIC_READS,normal,netem delay 25ms 25ms,ALL,QUORUM,1,True,5,5,0,2|2|2|2|2,PASS,
72,MONOTONIC_READS,normal,netem delay 25ms 25ms,ALL,QUORUM,1,True,5,5,0,2|2|2|2|2,PASS,
73,MONOTONIC_READS,normal,netem delay 25ms 25ms,ALL,QUORUM,1,True,5,5,0,2|2|2|2|2,PASS,
74,MONOTONIC_READS,normal,netem delay 25ms 25ms,ALL,QUORUM,1,True,5,5,0,2|2|2|2|2,PASS,
75,MONOTONIC_READS,normal,netem delay 25ms 25ms,ALL,QUORUM,1,True,5,5,0,2|2|2|2|2,PASS,
76,MONOTONIC_READS,normal,netem delay 25ms 25ms,ALL,QUORUM,1,True,5,5,0,2|2|2|2|2,PASS,
77,MONOTONIC_READS,normal,netem delay 25ms 25ms,ALL,QUORUM,1,True,5,5,0,2|2|2|2|2,PASS,
78,MONOTONIC_READS,normal,netem delay 25ms 25ms,ALL,QUORUM,1,True,5,5,0,2|2|2|2|2,PASS,
79,MONOTONIC_READS,normal,netem delay 25ms 25ms,ALL,QUORUM,1,True,5,5,0,2|2|2|2|2,PASS,
80,MONOTONIC_READS,normal,netem delay 25ms 25ms,ALL,QUORUM,1,True,5,5,0,2|2|2|2|2,PASS,
81,MONOTONIC_READS,normal,netem delay 25ms 25ms,ALL,QUORUM,1,True,5,5,0,2|2|2|2|2,PASS,
82,MONOTONIC_READS,normal,netem delay 25ms 25ms,ALL,QUORUM,1,True,5,5,0,2|2|2|2|2,PASS,
83,MONOTONIC_READS,normal,netem delay 25ms 25ms,ALL,QUORUM,1,True,5,5,0,2|2|2|2|2,PASS,
84,MONOTONIC_READS,normal,netem delay 25ms 25ms,ALL,QUORUM,1,True,5,5,0,2|2|2|2|2,PASS,
85,MONOTONIC_READS,normal,netem delay 25ms 25ms,ALL,QUORUM,1,True,5,5,0,2|2|2|2|2,PASS,
86,MONOTONIC_READS,normal,netem delay 25ms 25ms,ALL,QUORUM,1,True,5,5,0,2|2|2|2|2,PASS,
87,MONOTONIC_READS,normal,netem delay 25ms 25ms,ALL,QUORUM,1,True,5,5,0,2|2|2|2|2,PASS,
88,MONOTONIC_READS,normal,netem delay 25ms 25ms,ALL,QUORUM,1,True,5,5,0,2|2|2|2|2,PASS,
89,MONOTONIC_READS,normal,netem delay 25ms 25ms,ALL,QUORUM,1,True,5,5,0,2|2|2|2|2,PASS,
90,MONOTONIC_READS,normal,netem delay 25ms 25ms,ALL,QUORUM,1,True,5,5,0,2|2|2|2|2,PASS,
91,MONOTONIC_READS,normal,netem delay 25ms 25ms,ALL,QUORUM,1,True,5,5,0,2|2|2|2|2,PASS,
92,MONOTONIC_READS,normal,netem delay 25ms 25ms,ALL,QUORUM,1,True,5,5,0,2|2|2|2|2,PASS,
93,MONOTONIC_READS,normal,netem delay 25ms 25ms,ALL,QUORUM,1,True,5,5,0,2|2|2|2|2,PASS,
94,MONOTONIC_READS,normal,netem delay 25ms 25ms,ALL,QUORUM,1,True,5,5,0,2|2|2|2|2,PASS,
95,MONOTONIC_READS,normal,netem delay 25ms 25ms,ALL,QUORUM,1,True,5,5,0,2|2|2|2|2,PASS,
96,MONOTONIC_READS,normal,netem delay 25ms 25ms,ALL,QUORUM,1,True,5,5,0,2|2|2|2|2,PASS,
97,MONOTONIC_READS,normal,netem delay 25ms 25ms,ALL,QUORUM,1,True,5,5,0,2|2|2|2|2,PASS,
98,MONOTONIC_READS,normal,netem delay 25ms 25ms,ALL,QUORUM,1,True,5,5,0,2|2|2|2|2,PASS,
99,MONOTONIC_READS,normal,netem delay 25ms 25ms,ALL,QUORUM,1,True,5,5,0,2|2|2|2|2,PASS,
100,MONOTONIC_READS,normal,netem delay 25ms 25ms,ALL,QUORUM,1,True,5,5,0,2|2|2|2|2,PASS,
101,MONOTONIC_READS,normal,netem delay 25ms 25ms,ALL,QUORUM,1,True,5,5,0,2|2|2|2|2,PASS,
102,MONOTONIC_READS,normal,netem delay 25ms 25ms,ALL,QUORUM,1,True,5,5,0,2|2|2|2|2,PASS,
103,MONOTONIC_READS,normal,netem delay 25ms 25ms,ALL,QUORUM,1,True,5,5,0,2|2|2|2|2,PASS,
104,MONOTONIC_READS,normal,netem delay 25ms 25ms,ALL,QUORUM,1,True,5,5,0,2|2|2|2|2,PASS,
105,MONOTONIC_READS,normal,netem delay 25ms 25ms,ALL,QUORUM,1,True,5,5,0,2|2|2|2|2,PASS,
106,MONOTONIC_READS,normal,netem delay 25ms 25ms,ALL,QUORUM,1,True,5,5,0,2|2|2|2|2,PASS,
107,MONOTONIC_READS,normal,netem delay 25ms 25ms,ALL,QUORUM,1,True,5,5,0,2|2|2|2|2,PASS,
108,MONOTONIC_READS,normal,netem delay 25ms 25ms,ALL,QUORUM,1,True,5,5,0,2|2|2|2|2,PASS,
109,MONOTONIC_READS,normal,netem delay 25ms 25ms,ALL,QUORUM,1,True,5,5,0,2|2|2|2|2,PASS,
110,MONOTONIC_READS,normal,netem delay 25ms 25ms,ALL,QUORUM,1,True,5,5,0,2|2|2|2|2,PASS,
111,MONOTONIC_READS,normal,netem delay 25ms 25ms,ALL,QUORUM,1,True,5,5,0,2|2|2|2|2,PASS,
112,MONOTONIC_READS,normal,netem delay 25ms 25ms,ALL,QUORUM,1,True,5,5,0,2|2|2|2|2,PASS,
113,MONOTONIC_READS,normal,netem delay 25ms 25ms,ALL,QUORUM,1,True,5,5,0,2|2|2|2|2,PASS,
114,MONOTONIC_READS,normal,netem delay 25ms 25ms,ALL,QUORUM,1,True,5,5,0,2|2|2|2|2,PASS,
115,MONOTONIC_READS,normal,netem delay 25ms 25ms,ALL,QUORUM,1,True,5,5,0,2|2|2|2|2,PASS,
116,MONOTONIC_READS,normal,netem delay 25ms 25ms,ALL,QUORUM,1,True,5,5,0,2|2|2|2|2,PASS,
117,MONOTONIC_READS,normal,netem delay 25ms 25ms,ALL,QUORUM,1,True,5,5,0,2|2|2|2|2,PASS,
118,MONOTONIC_READS,normal,netem delay 25ms 25ms,ALL,QUORUM,1,True,5,5,0,2|2|2|2|2,PASS,
119,MONOTONIC_READS,normal,netem delay 25ms 25ms,ALL,QUORUM,1,True,5,5,0,2|2|2|2|2,PASS,
120,MONOTONIC_READS,normal,netem delay 25ms 25ms,ALL,QUORUM,1,True,5,5,0,2|2|2|2|2,PASS,
121,MONOTONIC_READS,normal,netem delay 25ms 25ms,ALL,QUORUM,1,True,5,5,0,2|2|2|2|2,PASS,
122,MONOTONIC_READS,normal,netem delay 25ms 25ms,ALL,QUORUM,1,True,5,5,0,2|2|2|2|2,PASS,
123,MONOTONIC_READS,normal,netem delay 25ms 25ms,ALL,QUORUM,1,True,5,5,0,2|2|2|2|2,PASS,
124,MONOTONIC_READS,normal,netem delay 25ms 25ms,ALL,QUORUM,1,True,5,5,0,2|2|2|2|2,PASS,
125,MONOTONIC_READS,normal,netem delay 25ms 25ms,ALL,QUORUM,1,True,5,5,0,2|2|2|2|2,PASS,
126,MONOTONIC_READS,normal,netem delay 25ms 25ms,ALL,QUORUM,1,True,5,5,0,2|2|2|2|2,PASS,
127,MONOTONIC_READS,normal,netem delay 25ms 25ms,ALL,QUORUM,1,True,5,5,0,2|2|2|2|2,PASS,
128,MONOTONIC_READS,normal,netem delay 25ms 25ms,ALL,QUORUM,1,True,5,5,0,2|2|2|2|2,PASS,
129,MONOTONIC_READS,normal,netem delay 25ms 25ms,ALL,QUORUM,1,True,5,5,0,2|2|2|2|2,PASS,
130,MONOTONIC_READS,normal,netem delay 25ms 25ms,ALL,QUORUM,1,True,5,5,0,2|2|2|2|2,PASS,
131,MONOTONIC_READS,normal,netem delay 25ms 25ms,ALL,QUORUM,1,True,5,5,0,2|2|2|2|2,PASS,
132,MONOTONIC_READS,normal,netem delay 25ms 25ms,ALL,QUORUM,1,True,5,5,0,2|2|2|2|2,PASS,
133,MONOTONIC_READS,normal,netem delay 25ms 25ms,ALL,QUORUM,1,True,5,5,0,2|2|2|2|2,PASS,
134,MONOTONIC_READS,normal,netem delay 25ms 25ms,ALL,QUORUM,1,True,5,5,0,2|2|2|2|2,PASS,
135,MONOTONIC_READS,normal,netem delay 25ms 25ms,ALL,QUORUM,1,True,5,5,0,2|2|2|2|2,PASS,
136,MONOTONIC_READS,normal,netem delay 25ms 25ms,ALL,QUORUM,1,True,5,5,0,2|2|2|2|2,PASS,
137,MONOTONIC_READS,normal,netem delay 25ms 25ms,ALL,QUORUM,1,True,5,5,0,2|2|2|2|2,PASS,
138,MONOTONIC_READS,normal,netem delay 25ms 25ms,ALL,QUORUM,1,True,5,5,0,2|2|2|2|2,PASS,
139,MONOTONIC_READS,normal,netem delay 25ms 25ms,ALL,QUORUM,1,True,5,5,0,2|2|2|2|2,PASS,
140,MONOTONIC_READS,normal,netem delay 25ms 25ms,ALL,QUORUM,1,True,5,5,0,2|2|2|2|2,PASS,
141,MONOTONIC_READS,normal,netem delay 25ms 25ms,ALL,QUORUM,1,True,5,5,0,2|2|2|2|2,PASS,
142,MONOTONIC_READS,normal,netem delay 25ms 25ms,ALL,QUORUM,1,True,5,5,0,2|2|2|2|2,PASS,
143,MONOTONIC_READS,normal,netem delay 25ms 25ms,ALL,QUORUM,1,True,5,5,0,2|2|2|2|2,PASS,
144,MONOTONIC_READS,normal,netem delay 25ms 25ms,ALL,QUORUM,1,True,5,5,0,2|2|2|2|2,PASS,
145,MONOTONIC_READS,normal,netem delay 25ms 25ms,ALL,QUORUM,1,True,5,5,0,2|2|2|2|2,PASS,
146,MONOTONIC_READS,normal,netem delay 25ms 25ms,ALL,QUORUM,1,True,5,5,0,2|2|2|2|2,PASS,
147,MONOTONIC_READS,normal,netem delay 25ms 25ms,ALL,QUORUM,1,True,5,5,0,2|2|2|2|2,PASS,
148,MONOTONIC_READS,normal,netem delay 25ms 25ms,ALL,QUORUM,1,True,5,5,0,2|2|2|2|2,PASS,
149,MONOTONIC_READS,normal,netem delay 25ms 25ms,ALL,QUORUM,1,True,5,5,0,2|2|2|2|2,PASS,
150,MONOTONIC_READS,normal,netem delay 25ms 25ms,ALL,QUORUM,1,True,5,5,0,2|2|2|2|2,PASS,
151,MONOTONIC_READS,normal,netem delay 25ms 25ms,ALL,QUORUM,1,True,5,5,0,2|2|2|2|2,PASS,
152,MONOTONIC_READS,normal,netem delay 25ms 25ms,ALL,QUORUM,1,True,5,5,0,2|2|2|2|2,PASS,
153,MONOTONIC_READS,normal,netem delay 25ms 25ms,ALL,QUORUM,1,True,5,5,0,2|2|2|2|2,PASS,
154,MONOTONIC_READS,normal,netem delay 25ms 25ms,ALL,QUORUM,1,True,5,5,0,2|2|2|2|2,PASS,
155,MONOTONIC_READS,normal,netem delay 25ms 25ms,ALL,QUORUM,1,True,5,5,0,2|2|2|2|2,PASS,
156,MONOTONIC_READS,normal,netem delay 25ms 25ms,ALL,QUORUM,1,True,5,5,0,2|2|2|2|2,PASS,
157,MONOTONIC_READS,normal,netem delay 25ms 25ms,ALL,QUORUM,1,True,5,5,0,2|2|2|2|2,PASS,
158,MONOTONIC_READS,normal,netem delay 25ms 25ms,ALL,QUORUM,1,True,5,5,0,2|2|2|2|2,PASS,
159,MONOTONIC_READS,normal,netem delay 25ms 25ms,ALL,QUORUM,1,True,5,5,0,2|2|2|2|2,PASS,
160,MONOTONIC_READS,normal,netem delay 25ms 25ms,ALL,QUORUM,1,True,5,5,0,2|2|2|2|2,PASS,
161,MONOTONIC_READS,normal,netem delay 25ms 25ms,ALL,QUORUM,1,True,5,5,0,2|2|2|2|2,PASS,
162,MONOTONIC_READS,normal,netem delay 25ms 25ms,ALL,QUORUM,1,True,5,5,0,2|2|2|2|2,PASS,
163,MONOTONIC_READS,normal,netem delay 25ms 25ms,ALL,QUORUM,1,True,5,5,0,2|2|2|2|2,PASS,
164,MONOTONIC_READS,normal,netem delay 25ms 25ms,ALL,QUORUM,1,True,5,5,0,2|2|2|2|2,PASS,
165,MONOTONIC_READS,normal,netem delay 25ms 25ms,ALL,QUORUM,1,True,5,5,0,2|2|2|2|2,PASS,
166,MONOTONIC_READS,normal,netem delay 25ms 25ms,ALL,QUORUM,1,True,5,5,0,2|2|2|2|2,PASS,
167,MONOTONIC_READS,normal,netem delay 25ms 25ms,ALL,QUORUM,1,True,5,5,0,2|2|2|2|2,PASS,
168,MONOTONIC_READS,normal,netem delay 25ms 25ms,ALL,QUORUM,1,True,5,5,0,2|2|2|2|2,PASS,
169,MONOTONIC_READS,normal,netem delay 25ms 25ms,ALL,QUORUM,1,True,5,5,0,2|2|2|2|2,PASS,
170,MONOTONIC_READS,normal,netem delay 25ms 25ms,ALL,QUORUM,1,True,5,5,0,2|2|2|2|2,PASS,
171,MONOTONIC_READS,normal,netem delay 25ms 25ms,ALL,QUORUM,1,True,5,5,0,2|2|2|2|2,PASS,
172,MONOTONIC_READS,normal,netem delay 25ms 25ms,ALL,QUORUM,1,True,5,5,0,2|2|2|2|2,PASS,
173,MONOTONIC_READS,normal,netem delay 25ms 25ms,ALL,QUORUM,1,True,5,5,0,2|2|2|2|2,PASS,
174,MONOTONIC_READS,normal,netem delay 25ms 25ms,ALL,QUORUM,1,True,5,5,0,2|2|2|2|2,PASS,
175,MONOTONIC_READS,normal,netem delay 25ms 25ms,ALL,QUORUM,1,True,5,5,0,2|2|2|2|2,PASS,
176,MONOTONIC_READS,normal,netem delay 25ms 25ms,ALL,QUORUM,1,True,5,5,0,2|2|2|2|2,PASS,
177,MONOTONIC_READS,normal,netem delay 25ms 25ms,ALL,QUORUM,1,True,5,5,0,2|2|2|2|2,PASS,
178,MONOTONIC_READS,normal,netem delay 25ms 25ms,ALL,QUORUM,1,True,5,5,0,2|2|2|2|2,PASS,
179,MONOTONIC_READS,normal,netem delay 25ms 25ms,ALL,QUORUM,1,True,5,5,0,2|2|2|2|2,PASS,
180,MONOTONIC_READS,normal,netem delay 25ms 25ms,ALL,QUORUM,1,True,5,5,0,2|2|2|2|2,PASS,
181,MONOTONIC_READS,normal,netem delay 25ms 25ms,ALL,QUORUM,1,True,5,5,0,2|2|2|2|2,PASS,
182,MONOTONIC_READS,normal,netem delay 25ms 25ms,ALL,QUORUM,1,True,5,5,0,2|2|2|2|2,PASS,
183,MONOTONIC_READS,normal,netem delay 25ms 25ms,ALL,QUORUM,1,True,5,5,0,2|2|2|2|2,PASS,
184,MONOTONIC_READS,normal,netem delay 25ms 25ms,ALL,QUORUM,1,True,5,5,0,2|2|2|2|2,PASS,
185,MONOTONIC_READS,normal,netem delay 25ms 25ms,ALL,QUORUM,1,True,5,5,0,2|2|2|2|2,PASS,
186,MONOTONIC_READS,normal,netem delay 25ms 25ms,ALL,QUORUM,1,True,5,5,0,2|2|2|2|2,PASS,
187,MONOTONIC_READS,normal,netem delay 25ms 25ms,ALL,QUORUM,1,True,5,5,0,2|2|2|2|2,PASS,
188,MONOTONIC_READS,normal,netem delay 25ms 25ms,ALL,QUORUM,1,True,5,5,0,2|2|2|2|2,PASS,
189,MONOTONIC_READS,normal,netem delay 25ms 25ms,ALL,QUORUM,1,True,5,5,0,2|2|2|2|2,PASS,
190,MONOTONIC_READS,normal,netem delay 25ms 25ms,ALL,QUORUM,1,True,5,5,0,2|2|2|2|2,PASS,
191,MONOTONIC_READS,normal,netem delay 25ms 25ms,ALL,QUORUM,1,True,5,5,0,2|2|2|2|2,PASS,
192,MONOTONIC_READS,normal,netem delay 25ms 25ms,ALL,QUORUM,1,True,5,5,0,2|2|2|2|2,PASS,
193,MONOTONIC_READS,normal,netem delay 25ms 25ms,ALL,QUORUM,1,True,5,5,0,2|2|2|2|2,PASS,
194,MONOTONIC_READS,normal,netem delay 25ms 25ms,ALL,QUORUM,1,True,5,5,0,2|2|2|2|2,PASS,
195,MONOTONIC_READS,normal,netem delay 25ms 25ms,ALL,QUORUM,1,True,5,5,0,2|2|2|2|2,PASS,
196,MONOTONIC_READS,normal,netem delay 25ms 25ms,ALL,QUORUM,1,True,5,5,0,2|2|2|2|2,PASS,
197,MONOTONIC_READS,normal,netem delay 25ms 25ms,ALL,QUORUM,1,True,5,5,0,2|2|2|2|2,PASS,
198,MONOTONIC_READS,normal,netem delay 25ms 25ms,ALL,QUORUM,1,True,5,5,0,2|2|2|2|2,PASS,
199,MONOTONIC_READS,normal,netem delay 25ms 25ms,ALL,QUORUM,1,True,5,5,0,2|2|2|2|2,PASS,
200,MONOTONIC_READS,normal,netem delay 25ms 25ms,ALL,QUORUM,1,True,5,5,0,2|2|2|2|2,PASS,
1,MONOTONIC_READS,normal,netem delay 25ms 25ms,ALL,ALL,1,True,5,5,0,2|2|2|2|2,PASS,
2,MONOTONIC_READS,normal,netem delay 25ms 25ms,ALL,ALL,1,True,5,5,0,2|2|2|2|2,PASS,
3,MONOTONIC_READS,normal,netem delay 25ms 25ms,ALL,ALL,1,True,5,5,0,2|2|2|2|2,PASS,
4,MONOTONIC_READS,normal,netem delay 25ms 25ms,ALL,ALL,1,True,5,5,0,2|2|2|2|2,PASS,
5,MONOTONIC_READS,normal,netem delay 25ms 25ms,ALL,ALL,1,True,5,5,0,2|2|2|2|2,PASS,
6,MONOTONIC_READS,normal,netem delay 25ms 25ms,ALL,ALL,1,True,5,5,0,2|2|2|2|2,PASS,
7,MONOTONIC_READS,normal,netem delay 25ms 25ms,ALL,ALL,1,True,5,5,0,2|2|2|2|2,PASS,
8,MONOTONIC_READS,normal,netem delay 25ms 25ms,ALL,ALL,1,True,5,5,0,2|2|2|2|2,PASS,
9,MONOTONIC_READS,normal,netem delay 25ms 25ms,ALL,ALL,1,True,5,5,0,2|2|2|2|2,PASS,
10,MONOTONIC_READS,normal,netem delay 25ms 25ms,ALL,ALL,1,True,5,5,0,2|2|2|2|2,PASS,
11,MONOTONIC_READS,normal,netem delay 25ms 25ms,ALL,ALL,1,True,5,5,0,2|2|2|2|2,PASS,
12,MONOTONIC_READS,normal,netem delay 25ms 25ms,ALL,ALL,1,True,5,5,0,2|2|2|2|2,PASS,
13,MONOTONIC_READS,normal,netem delay 25ms 25ms,ALL,ALL,1,True,5,5,0,2|2|2|2|2,PASS,
14,MONOTONIC_READS,normal,netem delay 25ms 25ms,ALL,ALL,1,True,5,5,0,2|2|2|2|2,PASS,
15,MONOTONIC_READS,normal,netem delay 25ms 25ms,ALL,ALL,1,True,5,5,0,2|2|2|2|2,PASS,
16,MONOTONIC_READS,normal,netem delay 25ms 25ms,ALL,ALL,1,True,5,5,0,2|2|2|2|2,PASS,
17,MONOTONIC_READS,normal,netem delay 25ms 25ms,ALL,ALL,1,True,5,5,0,2|2|2|2|2,PASS,
18,MONOTONIC_READS,normal,netem delay 25ms 25ms,ALL,ALL,1,True,5,5,0,2|2|2|2|2,PASS,
19,MONOTONIC_READS,normal,netem delay 25ms 25ms,ALL,ALL,1,True,5,5,0,2|2|2|2|2,PASS,
20,MONOTONIC_READS,normal,netem delay 25ms 25ms,ALL,ALL,1,True,5,5,0,2|2|2|2|2,PASS,
21,MONOTONIC_READS,normal,netem delay 25ms 25ms,ALL,ALL,1,True,5,5,0,2|2|2|2|2,PASS,
22,MONOTONIC_READS,normal,netem delay 25ms 25ms,ALL,ALL,1,True,5,5,0,2|2|2|2|2,PASS,
23,MONOTONIC_READS,normal,netem delay 25ms 25ms,ALL,ALL,1,True,5,5,0,2|2|2|2|2,PASS,
24,MONOTONIC_READS,normal,netem delay 25ms 25ms,ALL,ALL,1,True,5,5,0,2|2|2|2|2,PASS,
25,MONOTONIC_READS,normal,netem delay 25ms 25ms,ALL,ALL,1,True,5,5,0,2|2|2|2|2,PASS,
26,MONOTONIC_READS,normal,netem delay 25ms 25ms,ALL,ALL,1,True,5,5,0,2|2|2|2|2,PASS,
27,MONOTONIC_READS,normal,netem delay 25ms 25ms,ALL,ALL,1,True,5,5,0,2|2|2|2|2,PASS,
28,MONOTONIC_READS,normal,netem delay 25ms 25ms,ALL,ALL,1,True,5,5,0,2|2|2|2|2,PASS,
29,MONOTONIC_READS,normal,netem delay 25ms 25ms,ALL,ALL,1,True,5,5,0,2|2|2|2|2,PASS,
30,MONOTONIC_READS,normal,netem delay 25ms 25ms,ALL,ALL,1,True,5,5,0,2|2|2|2|2,PASS,
31,MONOTONIC_READS,normal,netem delay 25ms 25ms,ALL,ALL,1,True,5,5,0,2|2|2|2|2,PASS,
32,MONOTONIC_READS,normal,netem delay 25ms 25ms,ALL,ALL,1,True,5,5,0,2|2|2|2|2,PASS,
33,MONOTONIC_READS,normal,netem delay 25ms 25ms,ALL,ALL,1,True,5,5,0,2|2|2|2|2,PASS,
34,MONOTONIC_READS,normal,netem delay 25ms 25ms,ALL,ALL,1,True,5,5,0,2|2|2|2|2,PASS,
35,MONOTONIC_READS,normal,netem delay 25ms 25ms,ALL,ALL,1,True,5,5,0,2|2|2|2|2,PASS,
36,MONOTONIC_READS,normal,netem delay 25ms 25ms,ALL,ALL,1,True,5,5,0,2|2|2|2|2,PASS,
37,MONOTONIC_READS,normal,netem delay 25ms 25ms,ALL,ALL,1,True,5,5,0,2|2|2|2|2,PASS,
38,MONOTONIC_READS,normal,netem delay 25ms 25ms,ALL,ALL,1,True,5,5,0,2|2|2|2|2,PASS,
39,MONOTONIC_READS,normal,netem delay 25ms 25ms,ALL,ALL,1,True,5,5,0,2|2|2|2|2,PASS,
40,MONOTONIC_READS,normal,netem delay 25ms 25ms,ALL,ALL,1,True,5,5,0,2|2|2|2|2,PASS,
41,MONOTONIC_READS,normal,netem delay 25ms 25ms,ALL,ALL,1,True,5,5,0,2|2|2|2|2,PASS,
42,MONOTONIC_READS,normal,netem delay 25ms 25ms,ALL,ALL,1,True,5,5,0,2|2|2|2|2,PASS,
43,MONOTONIC_READS,normal,netem delay 25ms 25ms,ALL,ALL,1,True,5,5,0,2|2|2|2|2,PASS,
44,MONOTONIC_READS,normal,netem delay 25ms 25ms,ALL,ALL,1,True,5,5,0,2|2|2|2|2,PASS,
45,MONOTONIC_READS,normal,netem delay 25ms 25ms,ALL,ALL,1,True,5,5,0,2|2|2|2|2,PASS,
46,MONOTONIC_READS,normal,netem delay 25ms 25ms,ALL,ALL,1,True,5,5,0,2|2|2|2|2,PASS,
47,MONOTONIC_READS,normal,netem delay 25ms 25ms,ALL,ALL,1,True,5,5,0,2|2|2|2|2,PASS,
48,MONOTONIC_READS,normal,netem delay 25ms 25ms,ALL,ALL,1,True,5,5,0,2|2|2|2|2,PASS,
49,MONOTONIC_READS,normal,netem delay 25ms 25ms,ALL,ALL,1,True,5,5,0,2|2|2|2|2,PASS,
50,MONOTONIC_READS,normal,netem delay 25ms 25ms,ALL,ALL,1,True,5,5,0,2|2|2|2|2,PASS,
51,MONOTONIC_READS,normal,netem delay 25ms 25ms,ALL,ALL,1,True,5,5,0,2|2|2|2|2,PASS,
52,MONOTONIC_READS,normal,netem delay 25ms 25ms,ALL,ALL,1,True,5,5,0,2|2|2|2|2,PASS,
53,MONOTONIC_READS,normal,netem delay 25ms 25ms,ALL,ALL,1,True,5,5,0,2|2|2|2|2,PASS,
54,MONOTONIC_READS,normal,netem delay 25ms 25ms,ALL,ALL,1,True,5,5,0,2|2|2|2|2,PASS,
55,MONOTONIC_READS,normal,netem delay 25ms 25ms,ALL,ALL,1,True,5,5,0,2|2|2|2|2,PASS,
56,MONOTONIC_READS,normal,netem delay 25ms 25ms,ALL,ALL,1,True,5,5,0,2|2|2|2|2,PASS,
57,MONOTONIC_READS,normal,netem delay 25ms 25ms,ALL,ALL,1,True,5,5,0,2|2|2|2|2,PASS,
58,MONOTONIC_READS,normal,netem delay 25ms 25ms,ALL,ALL,1,True,5,5,0,2|2|2|2|2,PASS,
59,MONOTONIC_READS,normal,netem delay 25ms 25ms,ALL,ALL,1,True,5,5,0,2|2|2|2|2,PASS,
60,MONOTONIC_READS,normal,netem delay 25ms 25ms,ALL,ALL,1,True,5,5,0,2|2|2|2|2,PASS,
61,MONOTONIC_READS,normal,netem delay 25ms 25ms,ALL,ALL,1,True,5,5,0,2|2|2|2|2,PASS,
62,MONOTONIC_READS,normal,netem delay 25ms 25ms,ALL,ALL,1,True,5,5,0,2|2|2|2|2,PASS,
63,MONOTONIC_READS,normal,netem delay 25ms 25ms,ALL,ALL,1,True,5,5,0,2|2|2|2|2,PASS,
64,MONOTONIC_READS,normal,netem delay 25ms 25ms,ALL,ALL,1,True,5,5,0,2|2|2|2|2,PASS,
65,MONOTONIC_READS,normal,netem delay 25ms 25ms,ALL,ALL,1,True,5,5,0,2|2|2|2|2,PASS,
66,MONOTONIC_READS,normal,netem delay 25ms 25ms,ALL,ALL,1,True,5,5,0,2|2|2|2|2,PASS,
67,MONOTONIC_READS,normal,netem delay 25ms 25ms,ALL,ALL,1,True,5,5,0,2|2|2|2|2,PASS,
68,MONOTONIC_READS,normal,netem delay 25ms 25ms,ALL,ALL,1,True,5,5,0,2|2|2|2|2,PASS,
69,MONOTONIC_READS,normal,netem delay 25ms 25ms,ALL,ALL,1,True,5,5,0,2|2|2|2|2,PASS,
70,MONOTONIC_READS,normal,netem delay 25ms 25ms,ALL,ALL,1,True,5,5,0,2|2|2|2|2,PASS,
71,MONOTONIC_READS,normal,netem delay 25ms 25ms,ALL,ALL,1,True,5,5,0,2|2|2|2|2,PASS,
72,MONOTONIC_READS,normal,netem delay 25ms 25ms,ALL,ALL,1,True,5,5,0,2|2|2|2|2,PASS,
73,MONOTONIC_READS,normal,netem delay 25ms 25ms,ALL,ALL,1,True,5,5,0,2|2|2|2|2,PASS,
74,MONOTONIC_READS,normal,netem delay 25ms 25ms,ALL,ALL,1,True,5,5,0,2|2|2|2|2,PASS,
75,MONOTONIC_READS,normal,netem delay 25ms 25ms,ALL,ALL,1,True,5,5,0,2|2|2|2|2,PASS,
76,MONOTONIC_READS,normal,netem delay 25ms 25ms,ALL,ALL,1,True,5,5,0,2|2|2|2|2,PASS,
77,MONOTONIC_READS,normal,netem delay 25ms 25ms,ALL,ALL,1,True,5,5,0,2|2|2|2|2,PASS,
78,MONOTONIC_READS,normal,netem delay 25ms 25ms,ALL,ALL,1,True,5,5,0,2|2|2|2|2,PASS,
79,MONOTONIC_READS,normal,netem delay 25ms 25ms,ALL,ALL,1,True,5,5,0,2|2|2|2|2,PASS,
80,MONOTONIC_READS,normal,netem delay 25ms 25ms,ALL,ALL,1,True,5,5,0,2|2|2|2|2,PASS,
81,MONOTONIC_READS,normal,netem delay 25ms 25ms,ALL,ALL,1,True,5,5,0,2|2|2|2|2,PASS,
82,MONOTONIC_READS,normal,netem delay 25ms 25ms,ALL,ALL,1,True,5,5,0,2|2|2|2|2,PASS,
83,MONOTONIC_READS,normal,netem delay 25ms 25ms,ALL,ALL,1,True,5,5,0,2|2|2|2|2,PASS,
84,MONOTONIC_READS,normal,netem delay 25ms 25ms,ALL,ALL,1,True,5,5,0,2|2|2|2|2,PASS,
85,MONOTONIC_READS,normal,netem delay 25ms 25ms,ALL,ALL,1,True,5,5,0,2|2|2|2|2,PASS,
86,MONOTONIC_READS,normal,netem delay 25ms 25ms,ALL,ALL,1,True,5,5,0,2|2|2|2|2,PASS,
87,MONOTONIC_READS,normal,netem delay 25ms 25ms,ALL,ALL,1,True,5,5,0,2|2|2|2|2,PASS,
88,MONOTONIC_READS,normal,netem delay 25ms 25ms,ALL,ALL,1,True,5,5,0,2|2|2|2|2,PASS,
89,MONOTONIC_READS,normal,netem delay 25ms 25ms,ALL,ALL,1,True,5,5,0,2|2|2|2|2,PASS,
90,MONOTONIC_READS,normal,netem delay 25ms 25ms,ALL,ALL,1,True,5,5,0,2|2|2|2|2,PASS,
91,MONOTONIC_READS,normal,netem delay 25ms 25ms,ALL,ALL,1,True,5,5,0,2|2|2|2|2,PASS,
92,MONOTONIC_READS,normal,netem delay 25ms 25ms,ALL,ALL,1,True,5,5,0,2|2|2|2|2,PASS,
93,MONOTONIC_READS,normal,netem delay 25ms 25ms,ALL,ALL,1,True,5,5,0,2|2|2|2|2,PASS,
94,MONOTONIC_READS,normal,netem delay 25ms 25ms,ALL,ALL,1,True,5,5,0,2|2|2|2|2,PASS,
95,MONOTONIC_READS,normal,netem delay 25ms 25ms,ALL,ALL,1,True,5,5,0,2|2|2|2|2,PASS,
96,MONOTONIC_READS,normal,netem delay 25ms 25ms,ALL,ALL,1,True,5,5,0,2|2|2|2|2,PASS,
97,MONOTONIC_READS,normal,netem delay 25ms 25ms,ALL,ALL,1,True,5,5,0,2|2|2|2|2,PASS,
98,MONOTONIC_READS,normal,netem delay 25ms 25ms,ALL,ALL,1,True,5,5,0,2|2|2|2|2,PASS,
99,MONOTONIC_READS,normal,netem delay 25ms 25ms,ALL,ALL,1,True,5,5,0,2|2|2|2|2,PASS,
100,MONOTONIC_READS,normal,netem delay 25ms 25ms,ALL,ALL,1,True,5,5,0,2|2|2|2|2,PASS,
101,MONOTONIC_READS,normal,netem delay 25ms 25ms,ALL,ALL,1,True,5,5,0,2|2|2|2|2,PASS,
102,MONOTONIC_READS,normal,netem delay 25ms 25ms,ALL,ALL,1,True,5,5,0,2|2|2|2|2,PASS,
103,MONOTONIC_READS,normal,netem delay 25ms 25ms,ALL,ALL,1,True,5,5,0,2|2|2|2|2,PASS,
104,MONOTONIC_READS,normal,netem delay 25ms 25ms,ALL,ALL,1,True,5,5,0,2|2|2|2|2,PASS,
105,MONOTONIC_READS,normal,netem delay 25ms 25ms,ALL,ALL,1,True,5,5,0,2|2|2|2|2,PASS,
106,MONOTONIC_READS,normal,netem delay 25ms 25ms,ALL,ALL,1,True,5,5,0,2|2|2|2|2,PASS,
107,MONOTONIC_READS,normal,netem delay 25ms 25ms,ALL,ALL,1,True,5,5,0,2|2|2|2|2,PASS,
108,MONOTONIC_READS,normal,netem delay 25ms 25ms,ALL,ALL,1,True,5,5,0,2|2|2|2|2,PASS,
109,MONOTONIC_READS,normal,netem delay 25ms 25ms,ALL,ALL,1,True,5,5,0,2|2|2|2|2,PASS,
110,MONOTONIC_READS,normal,netem delay 25ms 25ms,ALL,ALL,1,True,5,5,0,2|2|2|2|2,PASS,
111,MONOTONIC_READS,normal,netem delay 25ms 25ms,ALL,ALL,1,True,5,5,0,2|2|2|2|2,PASS,
112,MONOTONIC_READS,normal,netem delay 25ms 25ms,ALL,ALL,1,True,5,5,0,2|2|2|2|2,PASS,
113,MONOTONIC_READS,normal,netem delay 25ms 25ms,ALL,ALL,1,True,5,5,0,2|2|2|2|2,PASS,
114,MONOTONIC_READS,normal,netem delay 25ms 25ms,ALL,ALL,1,True,5,5,0,2|2|2|2|2,PASS,
115,MONOTONIC_READS,normal,netem delay 25ms 25ms,ALL,ALL,1,True,5,5,0,2|2|2|2|2,PASS,
116,MONOTONIC_READS,normal,netem delay 25ms 25ms,ALL,ALL,1,True,5,5,0,2|2|2|2|2,PASS,
117,MONOTONIC_READS,normal,netem delay 25ms 25ms,ALL,ALL,1,True,5,5,0,2|2|2|2|2,PASS,
118,MONOTONIC_READS,normal,netem delay 25ms 25ms,ALL,ALL,1,True,5,5,0,2|2|2|2|2,PASS,
119,MONOTONIC_READS,normal,netem delay 25ms 25ms,ALL,ALL,1,True,5,5,0,2|2|2|2|2,PASS,
120,MONOTONIC_READS,normal,netem delay 25ms 25ms,ALL,ALL,1,True,5,5,0,2|2|2|2|2,PASS,
121,MONOTONIC_READS,normal,netem delay 25ms 25ms,ALL,ALL,1,True,5,5,0,2|2|2|2|2,PASS,
122,MONOTONIC_READS,normal,netem delay 25ms 25ms,ALL,ALL,1,True,5,5,0,2|2|2|2|2,PASS,
123,MONOTONIC_READS,normal,netem delay 25ms 25ms,ALL,ALL,1,True,5,5,0,2|2|2|2|2,PASS,
124,MONOTONIC_READS,normal,netem delay 25ms 25ms,ALL,ALL,1,True,5,5,0,2|2|2|2|2,PASS,
125,MONOTONIC_READS,normal,netem delay 25ms 25ms,ALL,ALL,1,True,5,5,0,2|2|2|2|2,PASS,
126,MONOTONIC_READS,normal,netem delay 25ms 25ms,ALL,ALL,1,True,5,5,0,2|2|2|2|2,PASS,
127,MONOTONIC_READS,normal,netem delay 25ms 25ms,ALL,ALL,1,True,5,5,0,2|2|2|2|2,PASS,
128,MONOTONIC_READS,normal,netem delay 25ms 25ms,ALL,ALL,1,True,5,5,0,2|2|2|2|2,PASS,
129,MONOTONIC_READS,normal,netem delay 25ms 25ms,ALL,ALL,1,True,5,5,0,2|2|2|2|2,PASS,
130,MONOTONIC_READS,normal,netem delay 25ms 25ms,ALL,ALL,1,True,5,5,0,2|2|2|2|2,PASS,
131,MONOTONIC_READS,normal,netem delay 25ms 25ms,ALL,ALL,1,True,5,5,0,2|2|2|2|2,PASS,
132,MONOTONIC_READS,normal,netem delay 25ms 25ms,ALL,ALL,1,True,5,5,0,2|2|2|2|2,PASS,
133,MONOTONIC_READS,normal,netem delay 25ms 25ms,ALL,ALL,1,True,5,5,0,2|2|2|2|2,PASS,
134,MONOTONIC_READS,normal,netem delay 25ms 25ms,ALL,ALL,1,True,5,5,0,2|2|2|2|2,PASS,
135,MONOTONIC_READS,normal,netem delay 25ms 25ms,ALL,ALL,1,True,5,5,0,2|2|2|2|2,PASS,
136,MONOTONIC_READS,normal,netem delay 25ms 25ms,ALL,ALL,1,True,5,5,0,2|2|2|2|2,PASS,
137,MONOTONIC_READS,normal,netem delay 25ms 25ms,ALL,ALL,1,True,5,5,0,2|2|2|2|2,PASS,
138,MONOTONIC_READS,normal,netem delay 25ms 25ms,ALL,ALL,1,True,5,5,0,2|2|2|2|2,PASS,
139,MONOTONIC_READS,normal,netem delay 25ms 25ms,ALL,ALL,1,True,5,5,0,2|2|2|2|2,PASS,
140,MONOTONIC_READS,normal,netem delay 25ms 25ms,ALL,ALL,1,True,5,5,0,2|2|2|2|2,PASS,
141,MONOTONIC_READS,normal,netem delay 25ms 25ms,ALL,ALL,1,True,5,5,0,2|2|2|2|2,PASS,
142,MONOTONIC_READS,normal,netem delay 25ms 25ms,ALL,ALL,1,True,5,5,0,2|2|2|2|2,PASS,
143,MONOTONIC_READS,normal,netem delay 25ms 25ms,ALL,ALL,1,True,5,5,0,2|2|2|2|2,PASS,
144,MONOTONIC_READS,normal,netem delay 25ms 25ms,ALL,ALL,1,True,5,5,0,2|2|2|2|2,PASS,
145,MONOTONIC_READS,normal,netem delay 25ms 25ms,ALL,ALL,1,True,5,5,0,2|2|2|2|2,PASS,
146,MONOTONIC_READS,normal,netem delay 25ms 25ms,ALL,ALL,1,True,5,5,0,2|2|2|2|2,PASS,
147,MONOTONIC_READS,normal,netem delay 25ms 25ms,ALL,ALL,1,True,5,5,0,2|2|2|2|2,PASS,
148,MONOTONIC_READS,normal,netem delay 25ms 25ms,ALL,ALL,1,True,5,5,0,2|2|2|2|2,PASS,
149,MONOTONIC_READS,normal,netem delay 25ms 25ms,ALL,ALL,1,True,5,5,0,2|2|2|2|2,PASS,
150,MONOTONIC_READS,normal,netem delay 25ms 25ms,ALL,ALL,1,True,5,5,0,2|2|2|2|2,PASS,
151,MONOTONIC_READS,normal,netem delay 25ms 25ms,ALL,ALL,1,True,5,5,0,2|2|2|2|2,PASS,
152,MONOTONIC_READS,normal,netem delay 25ms 25ms,ALL,ALL,1,True,5,5,0,2|2|2|2|2,PASS,
153,MONOTONIC_READS,normal,netem delay 25ms 25ms,ALL,ALL,1,True,5,5,0,2|2|2|2|2,PASS,
154,MONOTONIC_READS,normal,netem delay 25ms 25ms,ALL,ALL,1,True,5,5,0,2|2|2|2|2,PASS,
155,MONOTONIC_READS,normal,netem delay 25ms 25ms,ALL,ALL,1,True,5,5,0,2|2|2|2|2,PASS,
156,MONOTONIC_READS,normal,netem delay 25ms 25ms,ALL,ALL,1,True,5,5,0,2|2|2|2|2,PASS,
157,MONOTONIC_READS,normal,netem delay 25ms 25ms,ALL,ALL,1,True,5,5,0,2|2|2|2|2,PASS,
158,MONOTONIC_READS,normal,netem delay 25ms 25ms,ALL,ALL,1,True,5,5,0,2|2|2|2|2,PASS,
159,MONOTONIC_READS,normal,netem delay 25ms 25ms,ALL,ALL,1,True,5,5,0,2|2|2|2|2,PASS,
160,MONOTONIC_READS,normal,netem delay 25ms 25ms,ALL,ALL,1,True,5,5,0,2|2|2|2|2,PASS,
161,MONOTONIC_READS,normal,netem delay 25ms 25ms,ALL,ALL,1,True,5,5,0,2|2|2|2|2,PASS,
162,MONOTONIC_READS,normal,netem delay 25ms 25ms,ALL,ALL,1,True,5,5,0,2|2|2|2|2,PASS,
163,MONOTONIC_READS,normal,netem delay 25ms 25ms,ALL,ALL,1,True,5,5,0,2|2|2|2|2,PASS,
164,MONOTONIC_READS,normal,netem delay 25ms 25ms,ALL,ALL,1,True,5,5,0,2|2|2|2|2,PASS,
165,MONOTONIC_READS,normal,netem delay 25ms 25ms,ALL,ALL,1,True,5,5,0,2|2|2|2|2,PASS,
166,MONOTONIC_READS,normal,netem delay 25ms 25ms,ALL,ALL,1,True,5,5,0,2|2|2|2|2,PASS,
167,MONOTONIC_READS,normal,netem delay 25ms 25ms,ALL,ALL,1,True,5,5,0,2|2|2|2|2,PASS,
168,MONOTONIC_READS,normal,netem delay 25ms 25ms,ALL,ALL,1,True,5,5,0,2|2|2|2|2,PASS,
169,MONOTONIC_READS,normal,netem delay 25ms 25ms,ALL,ALL,1,True,5,5,0,2|2|2|2|2,PASS,
170,MONOTONIC_READS,normal,netem delay 25ms 25ms,ALL,ALL,1,True,5,5,0,2|2|2|2|2,PASS,
171,MONOTONIC_READS,normal,netem delay 25ms 25ms,ALL,ALL,1,True,5,5,0,2|2|2|2|2,PASS,
172,MONOTONIC_READS,normal,netem delay 25ms 25ms,ALL,ALL,1,True,5,5,0,2|2|2|2|2,PASS,
173,MONOTONIC_READS,normal,netem delay 25ms 25ms,ALL,ALL,1,True,5,5,0,2|2|2|2|2,PASS,
174,MONOTONIC_READS,normal,netem delay 25ms 25ms,ALL,ALL,1,True,5,5,0,2|2|2|2|2,PASS,
175,MONOTONIC_READS,normal,netem delay 25ms 25ms,ALL,ALL,1,True,5,5,0,2|2|2|2|2,PASS,
176,MONOTONIC_READS,normal,netem delay 25ms 25ms,ALL,ALL,1,True,5,5,0,2|2|2|2|2,PASS,
177,MONOTONIC_READS,normal,netem delay 25ms 25ms,ALL,ALL,1,True,5,5,0,2|2|2|2|2,PASS,
178,MONOTONIC_READS,normal,netem delay 25ms 25ms,ALL,ALL,1,True,5,5,0,2|2|2|2|2,PASS,
179,MONOTONIC_READS,normal,netem delay 25ms 25ms,ALL,ALL,1,True,5,5,0,2|2|2|2|2,PASS,
180,MONOTONIC_READS,normal,netem delay 25ms 25ms,ALL,ALL,1,True,5,5,0,2|2|2|2|2,PASS,
181,MONOTONIC_READS,normal,netem delay 25ms 25ms,ALL,ALL,1,True,5,5,0,2|2|2|2|2,PASS,
182,MONOTONIC_READS,normal,netem delay 25ms 25ms,ALL,ALL,1,True,5,5,0,2|2|2|2|2,PASS,
183,MONOTONIC_READS,normal,netem delay 25ms 25ms,ALL,ALL,1,True,5,5,0,2|2|2|2|2,PASS,
184,MONOTONIC_READS,normal,netem delay 25ms 25ms,ALL,ALL,1,True,5,5,0,2|2|2|2|2,PASS,
185,MONOTONIC_READS,normal,netem delay 25ms 25ms,ALL,ALL,1,True,5,5,0,2|2|2|2|2,PASS,
186,MONOTONIC_READS,normal,netem delay 25ms 25ms,ALL,ALL,1,True,5,5,0,2|2|2|2|2,PASS,
187,MONOTONIC_READS,normal,netem delay 25ms 25ms,ALL,ALL,1,True,5,5,0,2|2|2|2|2,PASS,
188,MONOTONIC_READS,normal,netem delay 25ms 25ms,ALL,ALL,1,True,5,5,0,2|2|2|2|2,PASS,
189,MONOTONIC_READS,normal,netem delay 25ms 25ms,ALL,ALL,1,True,5,5,0,2|2|2|2|2,PASS,
190,MONOTONIC_READS,normal,netem delay 25ms 25ms,ALL,ALL,1,True,5,5,0,2|2|2|2|2,PASS,
191,MONOTONIC_READS,normal,netem delay 25ms 25ms,ALL,ALL,1,True,5,5,0,2|2|2|2|2,PASS,
192,MONOTONIC_READS,normal,netem delay 25ms 25ms,ALL,ALL,1,True,5,5,0,2|2|2|2|2,PASS,
193,MONOTONIC_READS,normal,netem delay 25ms 25ms,ALL,ALL,1,True,5,5,0,2|2|2|2|2,PASS,
194,MONOTONIC_READS,normal,netem delay 25ms 25ms,ALL,ALL,1,True,5,5,0,2|2|2|2|2,PASS,
195,MONOTONIC_READS,normal,netem delay 25ms 25ms,ALL,ALL,1,True,5,5,0,2|2|2|2|2,PASS,
196,MONOTONIC_READS,normal,netem delay 25ms 25ms,ALL,ALL,1,True,5,5,0,2|2|2|2|2,PASS,
197,MONOTONIC_READS,normal,netem delay 25ms 25ms,ALL,ALL,1,True,5,5,0,2|2|2|2|2,PASS,
198,MONOTONIC_READS,normal,netem delay 25ms 25ms,ALL,ALL,1,True,5,5,0,2|2|2|2|2,PASS,
199,MONOTONIC_READS,normal,netem delay 25ms 25ms,ALL,ALL,1,True,5,5,0,2|2|2|2|2,PASS,
200,MONOTONIC_READS,normal,netem delay 25ms 25ms,ALL,ALL,1,True,5,5,0,2|2|2|2|2,PASS,
