trial,read_number,property,scenario,network_delay,write_cl,read_cl,write_coordinator,read_coordinator,same_as_write_coordinator,previous_observed_version,observed_version,regression
1,1,MONOTONIC_READS,normal,netem delay 25ms 25ms,ONE,ONE,cassandra2,cassandra2,True,,2,False
1,2,MONOTONIC_READS,normal,netem delay 25ms 25ms,ONE,ONE,cassandra2,cassandra3,False,2,2,False
1,3,MONOTONIC_READS,normal,netem delay 25ms 25ms,ONE,ONE,cassandra2,cassandra3,False,2,2,False
1,4,MONOTONIC_READS,normal,netem delay 25ms 25ms,ONE,ONE,cassandra2,cassandra2,True,2,2,False
1,5,MONOTONIC_READS,normal,netem delay 25ms 25ms,ONE,ONE,cassandra2,cassandra3,False,2,2,False
2,1,MONOTONIC_READS,normal,netem delay 25ms 25ms,ONE,ONE,cassandra3,cassandra3,True,,2,False
2,2,MONOTONIC_READS,normal,netem delay 25ms 25ms,ONE,ONE,cassandra3,cassandra3,True,2,2,False
2,3,MONOTONIC_READS,normal,netem delay 25ms 25ms,ONE,ONE,cassandra3,cassandra3,True,2,2,False
2,4,MONOTONIC_READS,normal,netem delay 25ms 25ms,ONE,ONE,cassandra3,cassandra1,False,2,2,False
2,5,MONOTONIC_READS,normal,netem delay 25ms 25ms,ONE,ONE,cassandra3,cassandra1,False,2,2,False
3,1,MONOTONIC_READS,normal,netem delay 25ms 25ms,ONE,ONE,cassandra3,cassandra1,False,,2,False
3,2,MONOTONIC_READS,normal,netem delay 25ms 25ms,ONE,ONE,cassandra3,cassandra2,False,2,2,False
3,3,MONOTONIC_READS,normal,netem delay 25ms 25ms,ONE,ONE,cassandra3,cassandra3,True,2,2,False
3,4,MONOTONIC_READS,normal,netem delay 25ms 25ms,ONE,ONE,cassandra3,cassandra2,False,2,2,False
3,5,MONOTONIC_READS,normal,netem delay 25ms 25ms,ONE,ONE,cassandra3,cassandra3,True,2,2,False
4,1,MONOTONIC_READS,normal,netem delay 25ms 25ms,ONE,ONE,cassandra1,cassandra3,False,,1,False
4,2,MONOTONIC_READS,normal,netem delay 25ms 25ms,ONE,ONE,cassandra1,cassandra1,True,1,2,False
4,3,MONOTONIC_READS,normal,netem delay 25ms 25ms,ONE,ONE,cassandra1,cassandra2,False,2,2,False
4,4,MONOTONIC_READS,normal,netem delay 25ms 25ms,ONE,ONE,cassandra1,cassandra1,True,2,2,False
4,5,MONOTONIC_READS,normal,netem delay 25ms 25ms,ONE,ONE,cassandra1,cassandra3,False,2,2,False
5,1,MONOTONIC_READS,normal,netem delay 25ms 25ms,ONE,ONE,cassandra2,cassandra2,True,,2,False
5,2,MONOTONIC_READS,normal,netem delay 25ms 25ms,ONE,ONE,cassandra2,cassandra1,False,2,2,False
5,3,MONOTONIC_READS,normal,netem delay 25ms 25ms,ONE,ONE,cassandra2,cassandra3,False,2,2,False
5,4,MONOTONIC_READS,normal,netem delay 25ms 25ms,ONE,ONE,cassandra2,cassandra3,False,2,2,False
5,5,MONOTONIC_READS,normal,netem delay 25ms 25ms,ONE,ONE,cassandra2,cassandra2,True,2,2,False
6,1,MONOTONIC_READS,normal,netem delay 25ms 25ms,ONE,ONE,cassandra2,cassandra3,False,,2,False
6,2,MONOTONIC_READS,normal,netem delay 25ms 25ms,ONE,ONE,cassandra2,cassandra2,True,2,2,False
6,3,MONOTONIC_READS,normal,netem delay 25ms 25ms,ONE,ONE,cassandra2,cassandra3,False,2,2,False
6,4,MONOTONIC_READS,normal,netem delay 25ms 25ms,ONE,ONE,cassandra2,cassandra2,True,2,2,False
6,5,MONOTONIC_READS,normal,netem delay 25ms 25ms,ONE,ONE,cassandra2,cassandra2,True,2,2,False
7,1,MONOTONIC_READS,normal,netem delay 25ms 25ms,ONE,ONE,cassandra2,cassandra1,False,,2,False
7,2,MONOTONIC_READS,normal,netem delay 25ms 25ms,ONE,ONE,cassandra2,cassandra3,False,2,2,False
7,3,MONOTONIC_READS,normal,netem delay 25ms 25ms,ONE,ONE,cassandra2,cassandra1,False,2,2,False
7,4,MONOTONIC_READS,normal,netem delay 25ms 25ms,ONE,ONE,cassandra2,cassandra3,False,2,2,False
7,5,MONOTONIC_READS,normal,netem delay 25ms 25ms,ONE,ONE,cassandra2,cassandra2,True,2,2,False
8,1,MONOTONIC_READS,normal,netem delay 25ms 25ms,ONE,ONE,cassandra3,cassandra2,False,,2,False
8,2,MONOTONIC_READS,normal,netem delay 25ms 25ms,ONE,ONE,cassandra3,cassandra1,False,2,2,False
8,3,MONOTONIC_READS,normal,netem delay 25ms 25ms,ONE,ONE,cassandra3,cassandra3,True,2,2,False
8,4,MONOTONIC_READS,normal,netem delay 25ms 25ms,ONE,ONE,cassandra3,cassandra3,True,2,2,False
8,5,MONOTONIC_READS,normal,netem delay 25ms 25ms,ONE,ONE,cassandra3,cassandra2,False,2,2,False
9,1,MONOTONIC_READS,normal,netem delay 25ms 25ms,ONE,ONE,cassandra2,cassandra2,True,,2,False
9,2,MONOTONIC_READS,normal,netem delay 25ms 25ms,ONE,ONE,cassandra2,cassandra3,False,2,2,False
9,3,MONOTONIC_READS,normal,netem delay 25ms 25ms,ONE,ONE,cassandra2,cassandra2,True,2,2,False
9,4,MONOTONIC_READS,normal,netem delay 25ms 25ms,ONE,ONE,cassandra2,cassandra1,False,2,2,False
9,5,MONOTONIC_READS,normal,netem delay 25ms 25ms,ONE,ONE,cassandra2,cassandra2,True,2,2,False
10,1,MONOTONIC_READS,normal,netem delay 25ms 25ms,ONE,ONE,cassandra3,cassandra1,False,,2,False
10,2,MONOTONIC_READS,normal,netem delay 25ms 25ms,ONE,ONE,cassandra3,cassandra1,False,2,2,False
10,3,MONOTONIC_READS,normal,netem delay 25ms 25ms,ONE,ONE,cassandra3,cassandra2,False,2,2,False
10,4,MONOTONIC_READS,normal,netem delay 25ms 25ms,ONE,ONE,cassandra3,cassandra3,True,2,2,False
10,5,MONOTONIC_READS,normal,netem delay 25ms 25ms,ONE,ONE,cassandra3,cassandra3,True,2,2,False
11,1,MONOTONIC_READS,normal,netem delay 25ms 25ms,ONE,ONE,cassandra1,cassandra2,False,,1,False
11,2,MONOTONIC_READS,normal,netem delay 25ms 25ms,ONE,ONE,cassandra1,cassandra3,False,1,2,False
11,3,MONOTONIC_READS,normal,netem delay 25ms 25ms,ONE,ONE,cassandra1,cassandra3,False,2,2,False
11,4,MONOTONIC_READS,normal,netem delay 25ms 25ms,ONE,ONE,cassandra1,cassandra3,False,2,2,False
11,5,MONOTONIC_READS,normal,netem delay 25ms 25ms,ONE,ONE,cassandra1,cassandra1,True,2,2,False
12,1,MONOTONIC_READS,normal,netem delay 25ms 25ms,ONE,ONE,cassandra2,cassandra1,False,,2,False
12,2,MONOTONIC_READS,normal,netem delay 25ms 25ms,ONE,ONE,cassandra2,cassandra1,False,2,2,False
12,3,MONOTONIC_READS,normal,netem delay 25ms 25ms,ONE,ONE,cassandra2,cassandra1,False,2,2,False
12,4,MONOTONIC_READS,normal,netem delay 25ms 25ms,ONE,ONE,cassandra2,cassandra2,True,2,2,False
12,5,MONOTONIC_READS,normal,netem delay 25ms 25ms,ONE,ONE,cassandra2,cassandra1,False,2,2,False
13,1,MONOTONIC_READS,normal,netem delay 25ms 25ms,ONE,ONE,cassandra1,cassandra1,True,,2,False
13,2,MONOTONIC_READS,normal,netem delay 25ms 25ms,ONE,ONE,cassandra1,cassandra3,False,2,2,False
13,3,MONOTONIC_READS,normal,netem delay 25ms 25ms,ONE,ONE,cassandra1,cassandra2,False,2,2,False
13,4,MONOTONIC_READS,normal,netem delay 25ms 25ms,ONE,ONE,cassandra1,cassandra3,False,2,2,False
13,5,MONOTONIC_READS,normal,netem delay 25ms 25ms,ONE,ONE,cassandra1,cassandra2,False,2,2,False
14,1,MONOTONIC_READS,normal,netem delay 25ms 25ms,ONE,ONE,cassandra2,cassandra2,True,,2,False
14,2,MONOTONIC_READS,normal,netem delay 25ms 25ms,ONE,ONE,cassandra2,cassandra1,False,2,2,False
14,3,MONOTONIC_READS,normal,netem delay 25ms 25ms,ONE,ONE,cassandra2,cassandra2,True,2,2,False
14,4,MONOTONIC_READS,normal,netem delay 25ms 25ms,ONE,ONE,cassandra2,cassandra3,False,2,2,False
14,5,MONOTONIC_READS,normal,netem delay 25ms 25ms,ONE,ONE,cassandra2,cassandra2,True,2,2,False
15,1,MONOTONIC_READS,normal,netem delay 25ms 25ms,ONE,ONE,cassandra3,cassandra3,True,,2,False
15,2,MONOTONIC_READS,normal,netem delay 25ms 25ms,ONE,ONE,cassandra3,cassandra1,False,2,2,False
15,3,MONOTONIC_READS,normal,netem delay 25ms 25ms,ONE,ONE,cassandra3,cassandra3,True,2,2,False
15,4,MONOTONIC_READS,normal,netem delay 25ms 25ms,ONE,ONE,cassandra3,cassandra1,False,2,2,False
15,5,MONOTONIC_READS,normal,netem delay 25ms 25ms,ONE,ONE,cassandra3,cassandra1,False,2,2,False
16,1,MONOTONIC_READS,normal,netem delay 25ms 25ms,ONE,ONE,cassandra1,cassandra1,True,,2,False
16,2,MONOTONIC_READS,normal,netem delay 25ms 25ms,ONE,ONE,cassandra1,cassandra1,True,2,2,False
16,3,MONOTONIC_READS,normal,netem delay 25ms 25ms,ONE,ONE,cassandra1,cassandra2,False,2,2,False
16,4,MONOTONIC_READS,normal,netem delay 25ms 25ms,ONE,ONE,cassandra1,cassandra1,True,2,2,False
16,5,MONOTONIC_READS,normal,netem delay 25ms 25ms,ONE,ONE,cassandra1,cassandra2,False,2,2,False
17,1,MONOTONIC_READS,normal,netem delay 25ms 25ms,ONE,ONE,cassandra2,cassandra2,True,,2,False
17,2,MONOTONIC_READS,normal,netem delay 25ms 25ms,ONE,ONE,cassandra2,cassandra3,False,2,2,False
17,3,MONOTONIC_READS,normal,netem delay 25ms 25ms,ONE,ONE,cassandra2,cassandra3,False,2,2,False
17,4,MONOTONIC_READS,normal,netem delay 25ms 25ms,ONE,ONE,cassandra2,cassandra1,False,2,2,False
17,5,MONOTONIC_READS,normal,netem delay 25ms 25ms,ONE,ONE,cassandra2,cassandra2,True,2,2,False
18,1,MONOTONIC_READS,normal,netem delay 25ms 25ms,ONE,ONE,cassandra2,cassandra3,False,,2,False
18,2,MONOTONIC_READS,normal,netem delay 25ms 25ms,ONE,ONE,cassandra2,cassandra1,False,2,2,False
18,3,MONOTONIC_READS,normal,netem delay 25ms 25ms,ONE,ONE,cassandra2,cassandra2,True,2,2,False
18,4,MONOTONIC_READS,normal,netem delay 25ms 25ms,ONE,ONE,cassandra2,cassandra3,False,2,2,False
18,5,MONOTONIC_READS,normal,netem delay 25ms 25ms,ONE,ONE,cassandra2,cassandra3,False,2,2,False
19,1,MONOTONIC_READS,normal,netem delay 25ms 25ms,ONE,ONE,cassandra3,cassandra1,False,,2,False
19,2,MONOTONIC_READS,normal,netem delay 25ms 25ms,ONE,ONE,cassandra3,cassandra1,False,2,2,False
19,3,MONOTONIC_READS,normal,netem delay 25ms 25ms,ONE,ONE,cassandra3,cassandra3,True,2,2,False
19,4,MONOTONIC_READS,normal,netem delay 25ms 25ms,ONE,ONE,cassandra3,cassandra3,True,2,2,False
19,5,MONOTONIC_READS,normal,netem delay 25ms 25ms,ONE,ONE,cassandra3,cassandra2,False,2,2,False
20,1,MONOTONIC_READS,normal,netem delay 25ms 25ms,ONE,ONE,cassandra2,cassandra1,False,,1,False
20,2,MONOTONIC_READS,normal,netem delay 25ms 25ms,ONE,ONE,cassandra2,cassandra3,False,1,2,False
20,3,MONOTONIC_READS,normal,netem delay 25ms 25ms,ONE,ONE,cassandra2,cassandra1,False,2,2,False
20,4,MONOTONIC_READS,normal,netem delay 25ms 25ms,ONE,ONE,cassandra2,cassandra3,False,2,2,False
20,5,MONOTONIC_READS,normal,netem delay 25ms 25ms,ONE,ONE,cassandra2,cassandra3,False,2,2,False
21,1,MONOTONIC_READS,normal,netem delay 25ms 25ms,ONE,ONE,cassandra1,cassandra1,True,,2,False
21,2,MONOTONIC_READS,normal,netem delay 25ms 25ms,ONE,ONE,cassandra1,cassandra2,False,2,2,False
21,3,MONOTONIC_READS,normal,netem delay 25ms 25ms,ONE,ONE,cassandra1,cassandra2,False,2,2,False
21,4,MONOTONIC_READS,normal,netem delay 25ms 25ms,ONE,ONE,cassandra1,cassandra1,True,2,2,False
21,5,MONOTONIC_READS,normal,netem delay 25ms 25ms,ONE,ONE,cassandra1,cassandra3,False,2,2,False
22,1,MONOTONIC_READS,normal,netem delay 25ms 25ms,ONE,ONE,cassandra3,cassandra3,True,,2,False
22,2,MONOTONIC_READS,normal,netem delay 25ms 25ms,ONE,ONE,cassandra3,cassandra1,False,2,2,False
22,3,MONOTONIC_READS,normal,netem delay 25ms 25ms,ONE,ONE,cassandra3,cassandra1,False,2,2,False
22,4,MONOTONIC_READS,normal,netem delay 25ms 25ms,ONE,ONE,cassandra3,cassandra2,False,2,2,False
22,5,MONOTONIC_READS,normal,netem delay 25ms 25ms,ONE,ONE,cassandra3,cassandra2,False,2,2,False
23,1,MONOTONIC_READS,normal,netem delay 25ms 25ms,ONE,ONE,cassandra1,cassandra3,False,,2,False
23,2,MONOTONIC_READS,normal,netem delay 25ms 25ms,ONE,ONE,cassandra1,cassandra2,False,2,2,False
23,3,MONOTONIC_READS,normal,netem delay 25ms 25ms,ONE,ONE,cassandra1,cassandra2,False,2,2,False
23,4,MONOTONIC_READS,normal,netem delay 25ms 25ms,ONE,ONE,cassandra1,cassandra3,False,2,2,False
23,5,MONOTONIC_READS,normal,netem delay 25ms 25ms,ONE,ONE,cassandra1,cassandra1,True,2,2,False
24,1,MONOTONIC_READS,normal,netem delay 25ms 25ms,ONE,ONE,cassandra2,cassandra3,False,,2,False
24,2,MONOTONIC_READS,normal,netem delay 25ms 25ms,ONE,ONE,cassandra2,cassandra2,True,2,2,False
24,3,MONOTONIC_READS,normal,netem delay 25ms 25ms,ONE,ONE,cassandra2,cassandra1,False,2,2,False
24,4,MONOTONIC_READS,normal,netem delay 25ms 25ms,ONE,ONE,cassandra2,cassandra1,False,2,2,False
24,5,MONOTONIC_READS,normal,netem delay 25ms 25ms,ONE,ONE,cassandra2,cassandra1,False,2,2,False
25,1,MONOTONIC_READS,normal,netem delay 25ms 25ms,ONE,ONE,cassandra1,cassandra3,False,,1,False
25,2,MONOTONIC_READS,normal,netem delay 25ms 25ms,ONE,ONE,cassandra1,cassandra3,False,1,2,False
25,3,MONOTONIC_READS,normal,netem delay 25ms 25ms,ONE,ONE,cassandra1,cassandra1,True,2,2,False
25,4,MONOTONIC_READS,normal,netem delay 25ms 25ms,ONE,ONE,cassandra1,cassandra3,False,2,2,False
25,5,MONOTONIC_READS,normal,netem delay 25ms 25ms,ONE,ONE,cassandra1,cassandra3,False,2,2,False
26,1,MONOTONIC_READS,normal,netem delay 25ms 25ms,ONE,ONE,cassandra2,cassandra3,False,,2,False
26,2,MONOTONIC_READS,normal,netem delay 25ms 25ms,ONE,ONE,cassandra2,cassandra1,False,2,2,False
26,3,MONOTONIC_READS,normal,netem delay 25ms 25ms,ONE,ONE,cassandra2,cassandra1,False,2,2,False
26,4,MONOTONIC_READS,normal,netem delay 25ms 25ms,ONE,ONE,cassandra2,cassandra2,True,2,2,False
26,5,MONOTONIC_READS,normal,netem delay 25ms 25ms,ONE,ONE,cassandra2,cassandra1,False,2,2,False
27,1,MONOTONIC_READS,normal,netem delay 25ms 25ms,ONE,ONE,cassandra1,cassandra1,True,,2,False
27,2,MONOTONIC_READS,normal,netem delay 25ms 25ms,ONE,ONE,cassandra1,cassandra3,False,2,2,False
27,3,MONOTONIC_READS,normal,netem delay 25ms 25ms,ONE,ONE,cassandra1,cassandra2,False,2,2,False
27,4,MONOTONIC_READS,normal,netem delay 25ms 25ms,ONE,ONE,cassandra1,cassandra3,False,2,2,False
27,5,MONOTONIC_READS,normal,netem delay 25ms 25ms,ONE,ONE,cassandra1,cassandra3,False,2,2,False
28,1,MONOTONIC_READS,normal,netem delay 25ms 25ms,ONE,ONE,cassandra3,cassandra2,False,,2,False
28,2,MONOTONIC_READS,normal,netem delay 25ms 25ms,ONE,ONE,cassandra3,cassandra3,True,2,2,False
28,3,MONOTONIC_READS,normal,netem delay 25ms 25ms,ONE,ONE,cassandra3,cassandra3,True,2,2,False
28,4,MONOTONIC_READS,normal,netem delay 25ms 25ms,ONE,ONE,cassandra3,cassandra3,True,2,2,False
28,5,MONOTONIC_READS,normal,netem delay 25ms 25ms,ONE,ONE,cassandra3,cassandra3,True,2,2,False
29,1,MONOTONIC_READS,normal,netem delay 25ms 25ms,ONE,ONE,cassandra3,cassandra1,False,,1,False
29,2,MONOTONIC_READS,normal,netem delay 25ms 25ms,ONE,ONE,cassandra3,cassandra1,False,1,2,False
29,3,MONOTONIC_READS,normal,netem delay 25ms 25ms,ONE,ONE,cassandra3,cassandra2,False,2,2,False
29,4,MONOTONIC_READS,normal,netem delay 25ms 25ms,ONE,ONE,cassandra3,cassandra2,False,2,2,False
29,5,MONOTONIC_READS,normal,netem delay 25ms 25ms,ONE,ONE,cassandra3,cassandra2,False,2,2,False
30,1,MONOTONIC_READS,normal,netem delay 25ms 25ms,ONE,ONE,cassandra2,cassandra1,False,,2,False
30,2,MONOTONIC_READS,normal,netem delay 25ms 25ms,ONE,ONE,cassandra2,cassandra2,True,2,2,False
30,3,MONOTONIC_READS,normal,netem delay 25ms 25ms,ONE,ONE,cassandra2,cassandra3,False,2,2,False
30,4,MONOTONIC_READS,normal,netem delay 25ms 25ms,ONE,ONE,cassandra2,cassandra3,False,2,2,False
30,5,MONOTONIC_READS,normal,netem delay 25ms 25ms,ONE,ONE,cassandra2,cassandra1,False,2,2,False
31,1,MONOTONIC_READS,normal,netem delay 25ms 25ms,ONE,ONE,cassandra2,cassandra2,True,,2,False
31,2,MONOTONIC_READS,normal,netem delay 25ms 25ms,ONE,ONE,cassandra2,cassandra2,True,2,2,False
31,3,MONOTONIC_READS,normal,netem delay 25ms 25ms,ONE,ONE,cassandra2,cassandra2,True,2,2,False
31,4,MONOTONIC_READS,normal,netem delay 25ms 25ms,ONE,ONE,cassandra2,cassandra1,False,2,2,False
31,5,MONOTONIC_READS,normal,netem delay 25ms 25ms,ONE,ONE,cassandra2,cassandra2,True,2,2,False
32,1,MONOTONIC_READS,normal,netem delay 25ms 25ms,ONE,ONE,cassandra2,cassandra3,False,,1,False
32,2,MONOTONIC_READS,normal,netem delay 25ms 25ms,ONE,ONE,cassandra2,cassandra3,False,1,2,False
32,3,MONOTONIC_READS,normal,netem delay 25ms 25ms,ONE,ONE,cassandra2,cassandra1,False,2,2,False
32,4,MONOTONIC_READS,normal,netem delay 25ms 25ms,ONE,ONE,cassandra2,cassandra3,False,2,2,False
32,5,MONOTONIC_READS,normal,netem delay 25ms 25ms,ONE,ONE,cassandra2,cassandra3,False,2,2,False
33,1,MONOTONIC_READS,normal,netem delay 25ms 25ms,ONE,ONE,cassandra3,cassandra2,False,,2,False
33,2,MONOTONIC_READS,normal,netem delay 25ms 25ms,ONE,ONE,cassandra3,cassandra2,False,2,2,False
33,3,MONOTONIC_READS,normal,netem delay 25ms 25ms,ONE,ONE,cassandra3,cassandra2,False,2,2,False
33,4,MONOTONIC_READS,normal,netem delay 25ms 25ms,ONE,ONE,cassandra3,cassandra2,False,2,2,False
33,5,MONOTONIC_READS,normal,netem delay 25ms 25ms,ONE,ONE,cassandra3,cassandra1,False,2,2,False
34,1,MONOTONIC_READS,normal,netem delay 25ms 25ms,ONE,ONE,cassandra2,cassandra1,False,,2,False
34,2,MONOTONIC_READS,normal,netem delay 25ms 25ms,ONE,ONE,cassandra2,cassandra2,True,2,2,False
34,3,MONOTONIC_READS,normal,netem delay 25ms 25ms,ONE,ONE,cassandra2,cassandra2,True,2,2,False
34,4,MONOTONIC_READS,normal,netem delay 25ms 25ms,ONE,ONE,cassandra2,cassandra1,False,2,2,False
34,5,MONOTONIC_READS,normal,netem delay 25ms 25ms,ONE,ONE,cassandra2,cassandra1,False,2,2,False
35,1,MONOTONIC_READS,normal,netem delay 25ms 25ms,ONE,ONE,cassandra3,cassandra2,False,,2,False
35,2,MONOTONIC_READS,normal,netem delay 25ms 25ms,ONE,ONE,cassandra3,cassandra2,False,2,2,False
35,3,MONOTONIC_READS,normal,netem delay 25ms 25ms,ONE,ONE,cassandra3,cassandra2,False,2,2,False
35,4,MONOTONIC_READS,normal,netem delay 25ms 25ms,ONE,ONE,cassandra3,cassandra2,False,2,2,False
35,5,MONOTONIC_READS,normal,netem delay 25ms 25ms,ONE,ONE,cassandra3,cassandra3,True,2,2,False
36,1,MONOTONIC_READS,normal,netem delay 25ms 25ms,ONE,ONE,cassandra1,cassandra3,False,,2,False
36,2,MONOTONIC_READS,normal,netem delay 25ms 25ms,ONE,ONE,cassandra1,cassandra3,False,2,2,False
36,3,MONOTONIC_READS,normal,netem delay 25ms 25ms,ONE,ONE,cassandra1,cassandra2,False,2,2,False
36,4,MONOTONIC_READS,normal,netem delay 25ms 25ms,ONE,ONE,cassandra1,cassandra1,True,2,2,False
36,5,MONOTONIC_READS,normal,netem delay 25ms 25ms,ONE,ONE,cassandra1,cassandra3,False,2,2,False
37,1,MONOTONIC_READS,normal,netem delay 25ms 25ms,ONE,ONE,cassandra2,cassandra2,True,,2,False
37,2,MONOTONIC_READS,normal,netem delay 25ms 25ms,ONE,ONE,cassandra2,cassandra3,False,2,2,False
37,3,MONOTONIC_READS,normal,netem delay 25ms 25ms,ONE,ONE,cassandra2,cassandra2,True,2,2,False
37,4,MONOTONIC_READS,normal,netem delay 25ms 25ms,ONE,ONE,cassandra2,cassandra1,False,2,2,False
37,5,MONOTONIC_READS,normal,netem delay 25ms 25ms,ONE,ONE,cassandra2,cassandra1,False,2,2,False
38,1,MONOTONIC_READS,normal,netem delay 25ms 25ms,ONE,ONE,cassandra2,cassandra3,False,,1,False
38,2,MONOTONIC_READS,normal,netem delay 25ms 25ms,ONE,ONE,cassandra2,cassandra1,False,1,2,False
38,3,MONOTONIC_READS,normal,netem delay 25ms 25ms,ONE,ONE,cassandra2,cassandra2,True,2,2,False
38,4,MONOTONIC_READS,normal,netem delay 25ms 25ms,ONE,ONE,cassandra2,cassandra2,True,2,2,False
38,5,MONOTONIC_READS,normal,netem delay 25ms 25ms,ONE,ONE,cassandra2,cassandra1,False,2,2,False
39,1,MONOTONIC_READS,normal,netem delay 25ms 25ms,ONE,ONE,cassandra1,cassandra2,False,,2,False
39,2,MONOTONIC_READS,normal,netem delay 25ms 25ms,ONE,ONE,cassandra1,cassandra1,True,2,2,False
39,3,MONOTONIC_READS,normal,netem delay 25ms 25ms,ONE,ONE,cassandra1,cassandra2,False,2,2,False
39,4,MONOTONIC_READS,normal,netem delay 25ms 25ms,ONE,ONE,cassandra1,cassandra1,True,2,2,False
39,5,MONOTONIC_READS,normal,netem delay 25ms 25ms,ONE,ONE,cassandra1,cassandra1,True,2,2,False
40,1,MONOTONIC_READS,normal,netem delay 25ms 25ms,ONE,ONE,cassandra1,cassandra1,True,,2,False
40,2,MONOTONIC_READS,normal,netem delay 25ms 25ms,ONE,ONE,cassandra1,cassandra3,False,2,2,False
40,3,MONOTONIC_READS,normal,netem delay 25ms 25ms,ONE,ONE,cassandra1,cassandra2,False,2,2,False
40,4,MONOTONIC_READS,normal,netem delay 25ms 25ms,ONE,ONE,cassandra1,cassandra2,False,2,2,False
40,5,MONOTONIC_READS,normal,netem delay 25ms 25ms,ONE,ONE,cassandra1,cassandra1,True,2,2,False
41,1,MONOTONIC_READS,normal,netem delay 25ms 25ms,ONE,ONE,cassandra2,cassandra1,False,,1,False
41,2,MONOTONIC_READS,normal,netem delay 25ms 25ms,ONE,ONE,cassandra2,cassandra3,False,1,2,False
41,3,MONOTONIC_READS,normal,netem delay 25ms 25ms,ONE,ONE,cassandra2,cassandra2,True,2,2,False
41,4,MONOTONIC_READS,normal,netem delay 25ms 25ms,ONE,ONE,cassandra2,cassandra1,False,2,2,False
41,5,MONOTONIC_READS,normal,netem delay 25ms 25ms,ONE,ONE,cassandra2,cassandra1,False,2,2,False
42,1,MONOTONIC_READS,normal,netem delay 25ms 25ms,ONE,ONE,cassandra1,cassandra3,False,,2,False
42,2,MONOTONIC_READS,normal,netem delay 25ms 25ms,ONE,ONE,cassandra1,cassandra1,True,2,2,False
42,3,MONOTONIC_READS,normal,netem delay 25ms 25ms,ONE,ONE,cassandra1,cassandra1,True,2,2,False
42,4,MONOTONIC_READS,normal,netem delay 25ms 25ms,ONE,ONE,cassandra1,cassandra1,True,2,2,False
42,5,MONOTONIC_READS,normal,netem delay 25ms 25ms,ONE,ONE,cassandra1,cassandra1,True,2,2,False
43,1,MONOTONIC_READS,normal,netem delay 25ms 25ms,ONE,ONE,cassandra2,cassandra1,False,,2,False
43,2,MONOTONIC_READS,normal,netem delay 25ms 25ms,ONE,ONE,cassandra2,cassandra2,True,2,2,False
43,3,MONOTONIC_READS,normal,netem delay 25ms 25ms,ONE,ONE,cassandra2,cassandra3,False,2,2,False
43,4,MONOTONIC_READS,normal,netem delay 25ms 25ms,ONE,ONE,cassandra2,cassandra1,False,2,2,False
43,5,MONOTONIC_READS,normal,netem delay 25ms 25ms,ONE,ONE,cassandra2,cassandra2,True,2,2,False
44,1,MONOTONIC_READS,normal,netem delay 25ms 25ms,ONE,ONE,cassandra2,cassandra3,False,,2,False
44,2,MONOTONIC_READS,normal,netem delay 25ms 25ms,ONE,ONE,cassandra2,cassandra1,False,2,2,False
44,3,MONOTONIC_READS,normal,netem delay 25ms 25ms,ONE,ONE,cassandra2,cassandra1,False,2,2,False
44,4,MONOTONIC_READS,normal,netem delay 25ms 25ms,ONE,ONE,cassandra2,cassandra2,True,2,2,False
44,5,MONOTONIC_READS,normal,netem delay 25ms 25ms,ONE,ONE,cassandra2,cassandra3,False,2,2,False
45,1,MONOTONIC_READS,normal,netem delay 25ms 25ms,ONE,ONE,cassandra3,cassandra2,False,,2,False
45,2,MONOTONIC_READS,normal,netem delay 25ms 25ms,ONE,ONE,cassandra3,cassandra3,True,2,2,False
45,3,MONOTONIC_READS,normal,netem delay 25ms 25ms,ONE,ONE,cassandra3,cassandra2,False,2,2,False
45,4,MONOTONIC_READS,normal,netem delay 25ms 25ms,ONE,ONE,cassandra3,cassandra2,False,2,2,False
45,5,MONOTONIC_READS,normal,netem delay 25ms 25ms,ONE,ONE,cassandra3,cassandra1,False,2,2,False
46,1,MONOTONIC_READS,normal,netem delay 25ms 25ms,ONE,ONE,cassandra2,cassandra3,False,,2,False
46,2,MONOTONIC_READS,normal,netem delay 25ms 25ms,ONE,ONE,cassandra2,cassandra2,True,2,2,False
46,3,MONOTONIC_READS,normal,netem delay 25ms 25ms,ONE,ONE,cassandra2,cassandra3,False,2,2,False
46,4,MONOTONIC_READS,normal,netem delay 25ms 25ms,ONE,ONE,cassandra2,cassandra2,True,2,2,False
46,5,MONOTONIC_READS,normal,netem delay 25ms 25ms,ONE,ONE,cassandra2,cassandra2,True,2,2,False
47,1,MONOTONIC_READS,normal,netem delay 25ms 25ms,ONE,ONE,cassandra3,cassandra3,True,,2,False
47,2,MONOTONIC_READS,normal,netem delay 25ms 25ms,ONE,ONE,cassandra3,cassandra3,True,2,2,False
47,3,MONOTONIC_READS,normal,netem delay 25ms 25ms,ONE,ONE,cassandra3,cassandra1,False,2,2,False
47,4,MONOTONIC_READS,normal,netem delay 25ms 25ms,ONE,ONE,cassandra3,cassandra3,True,2,2,False
47,5,MONOTONIC_READS,normal,netem delay 25ms 25ms,ONE,ONE,cassandra3,cassandra1,False,2,2,False
48,1,MONOTONIC_READS,normal,netem delay 25ms 25ms,ONE,ONE,cassandra1,cassandra2,False,,2,False
48,2,MONOTONIC_READS,normal,netem delay 25ms 25ms,ONE,ONE,cassandra1,cassandra3,False,2,1,True
48,3,MONOTONIC_READS,normal,netem delay 25ms 25ms,ONE,ONE,cassandra1,cassandra3,False,1,2,False
48,4,MONOTONIC_READS,normal,netem delay 25ms 25ms,ONE,ONE,cassandra1,cassandra1,True,2,2,False
48,5,MONOTONIC_READS,normal,netem delay 25ms 25ms,ONE,ONE,cassandra1,cassandra2,False,2,2,False
49,1,MONOTONIC_READS,normal,netem delay 25ms 25ms,ONE,ONE,cassandra3,cassandra1,False,,2,False
49,2,MONOTONIC_READS,normal,netem delay 25ms 25ms,ONE,ONE,cassandra3,cassandra1,False,2,2,False
49,3,MONOTONIC_READS,normal,netem delay 25ms 25ms,ONE,ONE,cassandra3,cassandra2,False,2,2,False
49,4,MONOTONIC_READS,normal,netem delay 25ms 25ms,ONE,ONE,cassandra3,cassandra3,True,2,2,False
49,5,MONOTONIC_READS,normal,netem delay 25ms 25ms,ONE,ONE,cassandra3,cassandra1,False,2,2,False
50,1,MONOTONIC_READS,normal,netem delay 25ms 25ms,ONE,ONE,cassandra1,cassandra2,False,,2,False
50,2,MONOTONIC_READS,normal,netem delay 25ms 25ms,ONE,ONE,cassandra1,cassandra3,False,2,2,False
50,3,MONOTONIC_READS,normal,netem delay 25ms 25ms,ONE,ONE,cassandra1,cassandra3,False,2,2,False
50,4,MONOTONIC_READS,normal,netem delay 25ms 25ms,ONE,ONE,cassandra1,cassandra3,False,2,2,False
50,5,MONOTONIC_READS,normal,netem delay 25ms 25ms,ONE,ONE,cassandra1,cassandra1,True,2,2,False
51,1,MONOTONIC_READS,normal,netem delay 25ms 25ms,ONE,ONE,cassandra2,cassandra3,False,,2,False
51,2,MONOTONIC_READS,normal,netem delay 25ms 25ms,ONE,ONE,cassandra2,cassandra2,True,2,2,False
51,3,MONOTONIC_READS,normal,netem delay 25ms 25ms,ONE,ONE,cassandra2,cassandra1,False,2,2,False
51,4,MONOTONIC_READS,normal,netem delay 25ms 25ms,ONE,ONE,cassandra2,cassandra1,False,2,2,False
51,5,MONOTONIC_READS,normal,netem delay 25ms 25ms,ONE,ONE,cassandra2,cassandra1,False,2,2,False
52,1,MONOTONIC_READS,normal,netem delay 25ms 25ms,ONE,ONE,cassandra3,cassandra1,False,,1,False
52,2,MONOTONIC_READS,normal,netem delay 25ms 25ms,ONE,ONE,cassandra3,cassandra1,False,1,2,False
52,3,MONOTONIC_READS,normal,netem delay 25ms 25ms,ONE,ONE,cassandra3,cassandra3,True,2,2,False
52,4,MONOTONIC_READS,normal,netem delay 25ms 25ms,ONE,ONE,cassandra3,cassandra1,False,2,2,False
52,5,MONOTONIC_READS,normal,netem delay 25ms 25ms,ONE,ONE,cassandra3,cassandra3,True,2,2,False
53,1,MONOTONIC_READS,normal,netem delay 25ms 25ms,ONE,ONE,cassandra1,cassandra1,True,,2,False
53,2,MONOTONIC_READS,normal,netem delay 25ms 25ms,ONE,ONE,cassandra1,cassandra2,False,2,2,False
53,3,MONOTONIC_READS,normal,netem delay 25ms 25ms,ONE,ONE,cassandra1,cassandra3,False,2,2,False
53,4,MONOTONIC_READS,normal,netem delay 25ms 25ms,ONE,ONE,cassandra1,cassandra2,False,2,2,False
53,5,MONOTONIC_READS,normal,netem delay 25ms 25ms,ONE,ONE,cassandra1,cassandra3,False,2,2,False
54,1,MONOTONIC_READS,normal,netem delay 25ms 25ms,ONE,ONE,cassandra2,cassandra2,True,,2,False
54,2,MONOTONIC_READS,normal,netem delay 25ms 25ms,ONE,ONE,cassandra2,cassandra1,False,2,2,False
54,3,MONOTONIC_READS,normal,netem delay 25ms 25ms,ONE,ONE,cassandra2,cassandra1,False,2,2,False
54,4,MONOTONIC_READS,normal,netem delay 25ms 25ms,ONE,ONE,cassandra2,cassandra2,True,2,2,False
54,5,MONOTONIC_READS,normal,netem delay 25ms 25ms,ONE,ONE,cassandra2,cassandra1,False,2,2,False
55,1,MONOTONIC_READS,normal,netem delay 25ms 25ms,ONE,ONE,cassandra1,cassandra2,False,,1,False
55,2,MONOTONIC_READS,normal,netem delay 25ms 25ms,ONE,ONE,cassandra1,cassandra1,True,1,2,False
55,3,MONOTONIC_READS,normal,netem delay 25ms 25ms,ONE,ONE,cassandra1,cassandra2,False,2,2,False
55,4,MONOTONIC_READS,normal,netem delay 25ms 25ms,ONE,ONE,cassandra1,cassandra2,False,2,2,False
55,5,MONOTONIC_READS,normal,netem delay 25ms 25ms,ONE,ONE,cassandra1,cassandra1,True,2,2,False
56,1,MONOTONIC_READS,normal,netem delay 25ms 25ms,ONE,ONE,cassandra2,cassandra2,True,,2,False
56,2,MONOTONIC_READS,normal,netem delay 25ms 25ms,ONE,ONE,cassandra2,cassandra2,True,2,2,False
56,3,MONOTONIC_READS,normal,netem delay 25ms 25ms,ONE,ONE,cassandra2,cassandra3,False,2,2,False
56,4,MONOTONIC_READS,normal,netem delay 25ms 25ms,ONE,ONE,cassandra2,cassandra2,True,2,2,False
56,5,MONOTONIC_READS,normal,netem delay 25ms 25ms,ONE,ONE,cassandra2,cassandra1,False,2,2,False
57,1,MONOTONIC_READS,normal,netem delay 25ms 25ms,ONE,ONE,cassandra3,cassandra2,False,,2,False
57,2,MONOTONIC_READS,normal,netem delay 25ms 25ms,ONE,ONE,cassandra3,cassandra2,False,2,2,False
57,3,MONOTONIC_READS,normal,netem delay 25ms 25ms,ONE,ONE,cassandra3,cassandra2,False,2,2,False
57,4,MONOTONIC_READS,normal,netem delay 25ms 25ms,ONE,ONE,cassandra3,cassandra3,True,2,2,False
57,5,MONOTONIC_READS,normal,netem delay 25ms 25ms,ONE,ONE,cassandra3,cassandra2,False,2,2,False
58,1,MONOTONIC_READS,normal,netem delay 25ms 25ms,ONE,ONE,cassandra1,cassandra2,False,,1,False
58,2,MONOTONIC_READS,normal,netem delay 25ms 25ms,ONE,ONE,cassandra1,cassandra2,False,1,2,False
58,3,MONOTONIC_READS,normal,netem delay 25ms 25ms,ONE,ONE,cassandra1,cassandra1,True,2,2,False
58,4,MONOTONIC_READS,normal,netem delay 25ms 25ms,ONE,ONE,cassandra1,cassandra3,False,2,2,False
58,5,MONOTONIC_READS,normal,netem delay 25ms 25ms,ONE,ONE,cassandra1,cassandra3,False,2,2,False
59,1,MONOTONIC_READS,normal,netem delay 25ms 25ms,ONE,ONE,cassandra3,cassandra2,False,,2,False
59,2,MONOTONIC_READS,normal,netem delay 25ms 25ms,ONE,ONE,cassandra3,cassandra2,False,2,2,False
59,3,MONOTONIC_READS,normal,netem delay 25ms 25ms,ONE,ONE,cassandra3,cassandra1,False,2,2,False
59,4,MONOTONIC_READS,normal,netem delay 25ms 25ms,ONE,ONE,cassandra3,cassandra3,True,2,2,False
59,5,MONOTONIC_READS,normal,netem delay 25ms 25ms,ONE,ONE,cassandra3,cassandra2,False,2,2,False
60,1,MONOTONIC_READS,normal,netem delay 25ms 25ms,ONE,ONE,cassandra1,cassandra1,True,,2,False
60,2,MONOTONIC_READS,normal,netem delay 25ms 25ms,ONE,ONE,cassandra1,cassandra1,True,2,2,False
60,3,MONOTONIC_READS,normal,netem delay 25ms 25ms,ONE,ONE,cassandra1,cassandra1,True,2,2,False
60,4,MONOTONIC_READS,normal,netem delay 25ms 25ms,ONE,ONE,cassandra1,cassandra3,False,2,2,False
60,5,MONOTONIC_READS,normal,netem delay 25ms 25ms,ONE,ONE,cassandra1,cassandra1,True,2,2,False
61,1,MONOTONIC_READS,normal,netem delay 25ms 25ms,ONE,ONE,cassandra2,cassandra2,True,,2,False
61,2,MONOTONIC_READS,normal,netem delay 25ms 25ms,ONE,ONE,cassandra2,cassandra2,True,2,2,False
61,3,MONOTONIC_READS,normal,netem delay 25ms 25ms,ONE,ONE,cassandra2,cassandra3,False,2,2,False
61,4,MONOTONIC_READS,normal,netem delay 25ms 25ms,ONE,ONE,cassandra2,cassandra1,False,2,2,False
61,5,MONOTONIC_READS,normal,netem delay 25ms 25ms,ONE,ONE,cassandra2,cassandra2,True,2,2,False
62,1,MONOTONIC_READS,normal,netem delay 25ms 25ms,ONE,ONE,cassandra3,cassandra3,True,,2,False
62,2,MONOTONIC_READS,normal,netem delay 25ms 25ms,ONE,ONE,cassandra3,cassandra3,True,2,2,False
62,3,MONOTONIC_READS,normal,netem delay 25ms 25ms,ONE,ONE,cassandra3,cassandra3,True,2,2,False
62,4,MONOTONIC_READS,normal,netem delay 25ms 25ms,ONE,ONE,cassandra3,cassandra3,True,2,2,False
62,5,MONOTONIC_READS,normal,netem delay 25ms 25ms,ONE,ONE,cassandra3,cassandra2,False,2,2,False
63,1,MONOTONIC_READS,normal,netem delay 25ms 25ms,ONE,ONE,cassandra2,cassandra1,False,,1,False
63,2,MONOTONIC_READS,normal,netem delay 25ms 25ms,ONE,ONE,cassandra2,cassandra2,True,1,2,False
63,3,MONOTONIC_READS,normal,netem delay 25ms 25ms,ONE,ONE,cassandra2,cassandra2,True,2,2,False
63,4,MONOTONIC_READS,normal,netem delay 25ms 25ms,ONE,ONE,cassandra2,cassandra3,False,2,2,False
63,5,MONOTONIC_READS,normal,netem delay 25ms 25ms,ONE,ONE,cassandra2,cassandra2,True,2,2,False
64,1,MONOTONIC_READS,normal,netem delay 25ms 25ms,ONE,ONE,cassandra2,cassandra2,True,,2,False
64,2,MONOTONIC_READS,normal,netem delay 25ms 25ms,ONE,ONE,cassandra2,cassandra1,False,2,2,False
64,3,MONOTONIC_READS,normal,netem delay 25ms 25ms,ONE,ONE,cassandra2,cassandra3,False,2,2,False
64,4,MONOTONIC_READS,normal,netem delay 25ms 25ms,ONE,ONE,cassandra2,cassandra2,True,2,2,False
64,5,MONOTONIC_READS,normal,netem delay 25ms 25ms,ONE,ONE,cassandra2,cassandra1,False,2,2,False
65,1,MONOTONIC_READS,normal,netem delay 25ms 25ms,ONE,ONE,cassandra3,cassandra2,False,,2,False
65,2,MONOTONIC_READS,normal,netem delay 25ms 25ms,ONE,ONE,cassandra3,cassandra3,True,2,2,False
65,3,MONOTONIC_READS,normal,netem delay 25ms 25ms,ONE,ONE,cassandra3,cassandra1,False,2,2,False
65,4,MONOTONIC_READS,normal,netem delay 25ms 25ms,ONE,ONE,cassandra3,cassandra3,True,2,2,False
65,5,MONOTONIC_READS,normal,netem delay 25ms 25ms,ONE,ONE,cassandra3,cassandra1,False,2,2,False
66,1,MONOTONIC_READS,normal,netem delay 25ms 25ms,ONE,ONE,cassandra2,cassandra2,True,,2,False
66,2,MONOTONIC_READS,normal,netem delay 25ms 25ms,ONE,ONE,cassandra2,cassandra3,False,2,2,False
66,3,MONOTONIC_READS,normal,netem delay 25ms 25ms,ONE,ONE,cassandra2,cassandra2,True,2,2,False
66,4,MONOTONIC_READS,normal,netem delay 25ms 25ms,ONE,ONE,cassandra2,cassandra3,False,2,2,False
66,5,MONOTONIC_READS,normal,netem delay 25ms 25ms,ONE,ONE,cassandra2,cassandra1,False,2,2,False
67,1,MONOTONIC_READS,normal,netem delay 25ms 25ms,ONE,ONE,cassandra1,cassandra1,True,,2,False
67,2,MONOTONIC_READS,normal,netem delay 25ms 25ms,ONE,ONE,cassandra1,cassandra1,True,2,2,False
67,3,MONOTONIC_READS,normal,netem delay 25ms 25ms,ONE,ONE,cassandra1,cassandra3,False,2,2,False
67,4,MONOTONIC_READS,normal,netem delay 25ms 25ms,ONE,ONE,cassandra1,cassandra1,True,2,2,False
67,5,MONOTONIC_READS,normal,netem delay 25ms 25ms,ONE,ONE,cassandra1,cassandra3,False,2,2,False
68,1,MONOTONIC_READS,normal,netem delay 25ms 25ms,ONE,ONE,cassandra2,cassandra3,False,,2,False
68,2,MONOTONIC_READS,normal,netem delay 25ms 25ms,ONE,ONE,cassandra2,cassandra3,False,2,2,False
68,3,MONOTONIC_READS,normal,netem delay 25ms 25ms,ONE,ONE,cassandra2,cassandra3,False,2,2,False
68,4,MONOTONIC_READS,normal,netem delay 25ms 25ms,ONE,ONE,cassandra2,cassandra3,False,2,2,False
68,5,MONOTONIC_READS,normal,netem delay 25ms 25ms,ONE,ONE,cassandra2,cassandra3,False,2,2,False
69,1,MONOTONIC_READS,normal,netem delay 25ms 25ms,ONE,ONE,cassandra3,cassandra1,False,,2,False
69,2,MONOTONIC_READS,normal,netem delay 25ms 25ms,ONE,ONE,cassandra3,cassandra3,True,2,2,False
69,3,MONOTONIC_READS,normal,netem delay 25ms 25ms,ONE,ONE,cassandra3,cassandra3,True,2,2,False
69,4,MONOTONIC_READS,normal,netem delay 25ms 25ms,ONE,ONE,cassandra3,cassandra3,True,2,2,False
69,5,MONOTONIC_READS,normal,netem delay 25ms 25ms,ONE,ONE,cassandra3,cassandra1,False,2,2,False
70,1,MONOTONIC_READS,normal,netem delay 25ms 25ms,ONE,ONE,cassandra1,cassandra2,False,,2,False
70,2,MONOTONIC_READS,normal,netem delay 25ms 25ms,ONE,ONE,cassandra1,cassandra3,False,2,2,False
70,3,MONOTONIC_READS,normal,netem delay 25ms 25ms,ONE,ONE,cassandra1,cassandra1,True,2,2,False
70,4,MONOTONIC_READS,normal,netem delay 25ms 25ms,ONE,ONE,cassandra1,cassandra2,False,2,2,False
70,5,MONOTONIC_READS,normal,netem delay 25ms 25ms,ONE,ONE,cassandra1,cassandra3,False,2,2,False
71,1,MONOTONIC_READS,normal,netem delay 25ms 25ms,ONE,ONE,cassandra3,cassandra1,False,,2,False
71,2,MONOTONIC_READS,normal,netem delay 25ms 25ms,ONE,ONE,cassandra3,cassandra2,False,2,2,False
71,3,MONOTONIC_READS,normal,netem delay 25ms 25ms,ONE,ONE,cassandra3,cassandra3,True,2,2,False
71,4,MONOTONIC_READS,normal,netem delay 25ms 25ms,ONE,ONE,cassandra3,cassandra2,False,2,2,False
71,5,MONOTONIC_READS,normal,netem delay 25ms 25ms,ONE,ONE,cassandra3,cassandra3,True,2,2,False
72,1,MONOTONIC_READS,normal,netem delay 25ms 25ms,ONE,ONE,cassandra3,cassandra1,False,,2,False
72,2,MONOTONIC_READS,normal,netem delay 25ms 25ms,ONE,ONE,cassandra3,cassandra1,False,2,2,False
72,3,MONOTONIC_READS,normal,netem delay 25ms 25ms,ONE,ONE,cassandra3,cassandra3,True,2,2,False
72,4,MONOTONIC_READS,normal,netem delay 25ms 25ms,ONE,ONE,cassandra3,cassandra2,False,2,2,False
72,5,MONOTONIC_READS,normal,netem delay 25ms 25ms,ONE,ONE,cassandra3,cassandra2,False,2,2,False
73,1,MONOTONIC_READS,normal,netem delay 25ms 25ms,ONE,ONE,cassandra2,cassandra1,False,,2,False
73,2,MONOTONIC_READS,normal,netem delay 25ms 25ms,ONE,ONE,cassandra2,cassandra3,False,2,2,False
73,3,MONOTONIC_READS,normal,netem delay 25ms 25ms,ONE,ONE,cassandra2,cassandra2,True,2,2,False
73,4,MONOTONIC_READS,normal,netem delay 25ms 25ms,ONE,ONE,cassandra2,cassandra2,True,2,2,False
73,5,MONOTONIC_READS,normal,netem delay 25ms 25ms,ONE,ONE,cassandra2,cassandra2,True,2,2,False
74,1,MONOTONIC_READS,normal,netem delay 25ms 25ms,ONE,ONE,cassandra1,cassandra3,False,,1,False
74,2,MONOTONIC_READS,normal,netem delay 25ms 25ms,ONE,ONE,cassandra1,cassandra2,False,1,2,False
74,3,MONOTONIC_READS,normal,netem delay 25ms 25ms,ONE,ONE,cassandra1,cassandra3,False,2,2,False
74,4,MONOTONIC_READS,normal,netem delay 25ms 25ms,ONE,ONE,cassandra1,cassandra1,True,2,2,False
74,5,MONOTONIC_READS,normal,netem delay 25ms 25ms,ONE,ONE,cassandra1,cassandra1,True,2,2,False
75,1,MONOTONIC_READS,normal,netem delay 25ms 25ms,ONE,ONE,cassandra2,cassandra1,False,,2,False
75,2,MONOTONIC_READS,normal,netem delay 25ms 25ms,ONE,ONE,cassandra2,cassandra3,False,2,2,False
75,3,MONOTONIC_READS,normal,netem delay 25ms 25ms,ONE,ONE,cassandra2,cassandra2,True,2,2,False
75,4,MONOTONIC_READS,normal,netem delay 25ms 25ms,ONE,ONE,cassandra2,cassandra1,False,2,2,False
75,5,MONOTONIC_READS,normal,netem delay 25ms 25ms,ONE,ONE,cassandra2,cassandra1,False,2,2,False
76,1,MONOTONIC_READS,normal,netem delay 25ms 25ms,ONE,ONE,cassandra3,cassandra2,False,,2,False
76,2,MONOTONIC_READS,normal,netem delay 25ms 25ms,ONE,ONE,cassandra3,cassandra2,False,2,2,False
76,3,MONOTONIC_READS,normal,netem delay 25ms 25ms,ONE,ONE,cassandra3,cassandra3,True,2,2,False
76,4,MONOTONIC_READS,normal,netem delay 25ms 25ms,ONE,ONE,cassandra3,cassandra1,False,2,2,False
76,5,MONOTONIC_READS,normal,netem delay 25ms 25ms,ONE,ONE,cassandra3,cassandra3,True,2,2,False
77,1,MONOTONIC_READS,normal,netem delay 25ms 25ms,ONE,ONE,cassandra1,cassandra3,False,,2,False
77,2,MONOTONIC_READS,normal,netem delay 25ms 25ms,ONE,ONE,cassandra1,cassandra2,False,2,2,False
77,3,MONOTONIC_READS,normal,netem delay 25ms 25ms,ONE,ONE,cassandra1,cassandra3,False,2,2,False
77,4,MONOTONIC_READS,normal,netem delay 25ms 25ms,ONE,ONE,cassandra1,cassandra3,False,2,2,False
77,5,MONOTONIC_READS,normal,netem delay 25ms 25ms,ONE,ONE,cassandra1,cassandra3,False,2,2,False
78,1,MONOTONIC_READS,normal,netem delay 25ms 25ms,ONE,ONE,cassandra1,cassandra2,False,,2,False
78,2,MONOTONIC_READS,normal,netem delay 25ms 25ms,ONE,ONE,cassandra1,cassandra2,False,2,2,False
78,3,MONOTONIC_READS,normal,netem delay 25ms 25ms,ONE,ONE,cassandra1,cassandra3,False,2,2,False
78,4,MONOTONIC_READS,normal,netem delay 25ms 25ms,ONE,ONE,cassandra1,cassandra3,False,2,2,False
78,5,MONOTONIC_READS,normal,netem delay 25ms 25ms,ONE,ONE,cassandra1,cassandra3,False,2,2,False
79,1,MONOTONIC_READS,normal,netem delay 25ms 25ms,ONE,ONE,cassandra1,cassandra2,False,,2,False
79,2,MONOTONIC_READS,normal,netem delay 25ms 25ms,ONE,ONE,cassandra1,cassandra3,False,2,2,False
79,3,MONOTONIC_READS,normal,netem delay 25ms 25ms,ONE,ONE,cassandra1,cassandra3,False,2,2,False
79,4,MONOTONIC_READS,normal,netem delay 25ms 25ms,ONE,ONE,cassandra1,cassandra2,False,2,2,False
79,5,MONOTONIC_READS,normal,netem delay 25ms 25ms,ONE,ONE,cassandra1,cassandra2,False,2,2,False
80,1,MONOTONIC_READS,normal,netem delay 25ms 25ms,ONE,ONE,cassandra2,cassandra2,True,,2,False
80,2,MONOTONIC_READS,normal,netem delay 25ms 25ms,ONE,ONE,cassandra2,cassandra3,False,2,2,False
80,3,MONOTONIC_READS,normal,netem delay 25ms 25ms,ONE,ONE,cassandra2,cassandra1,False,2,2,False
80,4,MONOTONIC_READS,normal,netem delay 25ms 25ms,ONE,ONE,cassandra2,cassandra2,True,2,2,False
80,5,MONOTONIC_READS,normal,netem delay 25ms 25ms,ONE,ONE,cassandra2,cassandra2,True,2,2,False
81,1,MONOTONIC_READS,normal,netem delay 25ms 25ms,ONE,ONE,cassandra1,cassandra1,True,,2,False
81,2,MONOTONIC_READS,normal,netem delay 25ms 25ms,ONE,ONE,cassandra1,cassandra2,False,2,2,False
81,3,MONOTONIC_READS,normal,netem delay 25ms 25ms,ONE,ONE,cassandra1,cassandra2,False,2,2,False
81,4,MONOTONIC_READS,normal,netem delay 25ms 25ms,ONE,ONE,cassandra1,cassandra3,False,2,2,False
81,5,MONOTONIC_READS,normal,netem delay 25ms 25ms,ONE,ONE,cassandra1,cassandra1,True,2,2,False
82,1,MONOTONIC_READS,normal,netem delay 25ms 25ms,ONE,ONE,cassandra1,cassandra3,False,,1,False
82,2,MONOTONIC_READS,normal,netem delay 25ms 25ms,ONE,ONE,cassandra1,cassandra1,True,1,2,False
82,3,MONOTONIC_READS,normal,netem delay 25ms 25ms,ONE,ONE,cassandra1,cassandra1,True,2,2,False
82,4,MONOTONIC_READS,normal,netem delay 25ms 25ms,ONE,ONE,cassandra1,cassandra2,False,2,2,False
82,5,MONOTONIC_READS,normal,netem delay 25ms 25ms,ONE,ONE,cassandra1,cassandra2,False,2,2,False
83,1,MONOTONIC_READS,normal,netem delay 25ms 25ms,ONE,ONE,cassandra2,cassandra1,False,,2,False
83,2,MONOTONIC_READS,normal,netem delay 25ms 25ms,ONE,ONE,cassandra2,cassandra3,False,2,2,False
83,3,MONOTONIC_READS,normal,netem delay 25ms 25ms,ONE,ONE,cassandra2,cassandra2,True,2,2,False
83,4,MONOTONIC_READS,normal,netem delay 25ms 25ms,ONE,ONE,cassandra2,cassandra1,False,2,2,False
83,5,MONOTONIC_READS,normal,netem delay 25ms 25ms,ONE,ONE,cassandra2,cassandra3,False,2,2,False
84,1,MONOTONIC_READS,normal,netem delay 25ms 25ms,ONE,ONE,cassandra2,cassandra3,False,,2,False
84,2,MONOTONIC_READS,normal,netem delay 25ms 25ms,ONE,ONE,cassandra2,cassandra3,False,2,2,False
84,3,MONOTONIC_READS,normal,netem delay 25ms 25ms,ONE,ONE,cassandra2,cassandra1,False,2,2,False
84,4,MONOTONIC_READS,normal,netem delay 25ms 25ms,ONE,ONE,cassandra2,cassandra2,True,2,2,False
84,5,MONOTONIC_READS,normal,netem delay 25ms 25ms,ONE,ONE,cassandra2,cassandra3,False,2,2,False
85,1,MONOTONIC_READS,normal,netem delay 25ms 25ms,ONE,ONE,cassandra1,cassandra1,True,,2,False
85,2,MONOTONIC_READS,normal,netem delay 25ms 25ms,ONE,ONE,cassandra1,cassandra1,True,2,2,False
85,3,MONOTONIC_READS,normal,netem delay 25ms 25ms,ONE,ONE,cassandra1,cassandra3,False,2,2,False
85,4,MONOTONIC_READS,normal,netem delay 25ms 25ms,ONE,ONE,cassandra1,cassandra3,False,2,2,False
85,5,MONOTONIC_READS,normal,netem delay 25ms 25ms,ONE,ONE,cassandra1,cassandra1,True,2,2,False
86,1,MONOTONIC_READS,normal,netem delay 25ms 25ms,ONE,ONE,cassandra1,cassandra1,True,,2,False
86,2,MONOTONIC_READS,normal,netem delay 25ms 25ms,ONE,ONE,cassandra1,cassandra2,False,2,2,False
86,3,MONOTONIC_READS,normal,netem delay 25ms 25ms,ONE,ONE,cassandra1,cassandra2,False,2,2,False
86,4,MONOTONIC_READS,normal,netem delay 25ms 25ms,ONE,ONE,cassandra1,cassandra1,True,2,2,False
86,5,MONOTONIC_READS,normal,netem delay 25ms 25ms,ONE,ONE,cassandra1,cassandra3,False,2,2,False
87,1,MONOTONIC_READS,normal,netem delay 25ms 25ms,ONE,ONE,cassandra1,cassandra3,False,,2,False
87,2,MONOTONIC_READS,normal,netem delay 25ms 25ms,ONE,ONE,cassandra1,cassandra1,True,2,2,False
87,3,MONOTONIC_READS,normal,netem delay 25ms 25ms,ONE,ONE,cassandra1,cassandra1,True,2,2,False
87,4,MONOTONIC_READS,normal,netem delay 25ms 25ms,ONE,ONE,cassandra1,cassandra2,False,2,2,False
87,5,MONOTONIC_READS,normal,netem delay 25ms 25ms,ONE,ONE,cassandra1,cassandra3,False,2,2,False
88,1,MONOTONIC_READS,normal,netem delay 25ms 25ms,ONE,ONE,cassandra1,cassandra1,True,,2,False
88,2,MONOTONIC_READS,normal,netem delay 25ms 25ms,ONE,ONE,cassandra1,cassandra2,False,2,2,False
88,3,MONOTONIC_READS,normal,netem delay 25ms 25ms,ONE,ONE,cassandra1,cassandra2,False,2,2,False
88,4,MONOTONIC_READS,normal,netem delay 25ms 25ms,ONE,ONE,cassandra1,cassandra2,False,2,2,False
88,5,MONOTONIC_READS,normal,netem delay 25ms 25ms,ONE,ONE,cassandra1,cassandra2,False,2,2,False
89,1,MONOTONIC_READS,normal,netem delay 25ms 25ms,ONE,ONE,cassandra2,cassandra3,False,,2,False
89,2,MONOTONIC_READS,normal,netem delay 25ms 25ms,ONE,ONE,cassandra2,cassandra1,False,2,2,False
89,3,MONOTONIC_READS,normal,netem delay 25ms 25ms,ONE,ONE,cassandra2,cassandra1,False,2,2,False
89,4,MONOTONIC_READS,normal,netem delay 25ms 25ms,ONE,ONE,cassandra2,cassandra1,False,2,2,False
89,5,MONOTONIC_READS,normal,netem delay 25ms 25ms,ONE,ONE,cassandra2,cassandra1,False,2,2,False
90,1,MONOTONIC_READS,normal,netem delay 25ms 25ms,ONE,ONE,cassandra1,cassandra2,False,,2,False
90,2,MONOTONIC_READS,normal,netem delay 25ms 25ms,ONE,ONE,cassandra1,cassandra2,False,2,2,False
90,3,MONOTONIC_READS,normal,netem delay 25ms 25ms,ONE,ONE,cassandra1,cassandra1,True,2,2,False
90,4,MONOTONIC_READS,normal,netem delay 25ms 25ms,ONE,ONE,cassandra1,cassandra3,False,2,2,False
90,5,MONOTONIC_READS,normal,netem delay 25ms 25ms,ONE,ONE,cassandra1,cassandra2,False,2,2,False
91,1,MONOTONIC_READS,normal,netem delay 25ms 25ms,ONE,ONE,cassandra3,cassandra1,False,,2,False
91,2,MONOTONIC_READS,normal,netem delay 25ms 25ms,ONE,ONE,cassandra3,cassandra1,False,2,2,False
91,3,MONOTONIC_READS,normal,netem delay 25ms 25ms,ONE,ONE,cassandra3,cassandra1,False,2,2,False
91,4,MONOTONIC_READS,normal,netem delay 25ms 25ms,ONE,ONE,cassandra3,cassandra3,True,2,2,False
91,5,MONOTONIC_READS,normal,netem delay 25ms 25ms,ONE,ONE,cassandra3,cassandra2,False,2,2,False
92,1,MONOTONIC_READS,normal,netem delay 25ms 25ms,ONE,ONE,cassandra1,cassandra1,True,,2,False
92,2,MONOTONIC_READS,normal,netem delay 25ms 25ms,ONE,ONE,cassandra1,cassandra3,False,2,2,False
92,3,MONOTONIC_READS,normal,netem delay 25ms 25ms,ONE,ONE,cassandra1,cassandra3,False,2,2,False
92,4,MONOTONIC_READS,normal,netem delay 25ms 25ms,ONE,ONE,cassandra1,cassandra3,False,2,2,False
92,5,MONOTONIC_READS,normal,netem delay 25ms 25ms,ONE,ONE,cassandra1,cassandra2,False,2,2,False
93,1,MONOTONIC_READS,normal,netem delay 25ms 25ms,ONE,ONE,cassandra3,cassandra1,False,,2,False
93,2,MONOTONIC_READS,normal,netem delay 25ms 25ms,ONE,ONE,cassandra3,cassandra3,True,2,2,False
93,3,MONOTONIC_READS,normal,netem delay 25ms 25ms,ONE,ONE,cassandra3,cassandra3,True,2,2,False
93,4,MONOTONIC_READS,normal,netem delay 25ms 25ms,ONE,ONE,cassandra3,cassandra1,False,2,2,False
93,5,MONOTONIC_READS,normal,netem delay 25ms 25ms,ONE,ONE,cassandra3,cassandra2,False,2,2,False
94,1,MONOTONIC_READS,normal,netem delay 25ms 25ms,ONE,ONE,cassandra2,cassandra2,True,,2,False
94,2,MONOTONIC_READS,normal,netem delay 25ms 25ms,ONE,ONE,cassandra2,cassandra2,True,2,2,False
94,3,MONOTONIC_READS,normal,netem delay 25ms 25ms,ONE,ONE,cassandra2,cassandra1,False,2,2,False
94,4,MONOTONIC_READS,normal,netem delay 25ms 25ms,ONE,ONE,cassandra2,cassandra1,False,2,2,False
94,5,MONOTONIC_READS,normal,netem delay 25ms 25ms,ONE,ONE,cassandra2,cassandra3,False,2,2,False
95,1,MONOTONIC_READS,normal,netem delay 25ms 25ms,ONE,ONE,cassandra2,cassandra3,False,,2,False
95,2,MONOTONIC_READS,normal,netem delay 25ms 25ms,ONE,ONE,cassandra2,cassandra1,False,2,2,False
95,3,MONOTONIC_READS,normal,netem delay 25ms 25ms,ONE,ONE,cassandra2,cassandra2,True,2,2,False
95,4,MONOTONIC_READS,normal,netem delay 25ms 25ms,ONE,ONE,cassandra2,cassandra2,True,2,2,False
95,5,MONOTONIC_READS,normal,netem delay 25ms 25ms,ONE,ONE,cassandra2,cassandra3,False,2,2,False
96,1,MONOTONIC_READS,normal,netem delay 25ms 25ms,ONE,ONE,cassandra1,cassandra1,True,,2,False
96,2,MONOTONIC_READS,normal,netem delay 25ms 25ms,ONE,ONE,cassandra1,cassandra3,False,2,2,False
96,3,MONOTONIC_READS,normal,netem delay 25ms 25ms,ONE,ONE,cassandra1,cassandra2,False,2,2,False
96,4,MONOTONIC_READS,normal,netem delay 25ms 25ms,ONE,ONE,cassandra1,cassandra2,False,2,2,False
96,5,MONOTONIC_READS,normal,netem delay 25ms 25ms,ONE,ONE,cassandra1,cassandra2,False,2,2,False
97,1,MONOTONIC_READS,normal,netem delay 25ms 25ms,ONE,ONE,cassandra3,cassandra3,True,,2,False
97,2,MONOTONIC_READS,normal,netem delay 25ms 25ms,ONE,ONE,cassandra3,cassandra1,False,2,2,False
97,3,MONOTONIC_READS,normal,netem delay 25ms 25ms,ONE,ONE,cassandra3,cassandra1,False,2,2,False
97,4,MONOTONIC_READS,normal,netem delay 25ms 25ms,ONE,ONE,cassandra3,cassandra1,False,2,2,False
97,5,MONOTONIC_READS,normal,netem delay 25ms 25ms,ONE,ONE,cassandra3,cassandra2,False,2,2,False
98,1,MONOTONIC_READS,normal,netem delay 25ms 25ms,ONE,ONE,cassandra1,cassandra2,False,,2,False
98,2,MONOTONIC_READS,normal,netem delay 25ms 25ms,ONE,ONE,cassandra1,cassandra2,False,2,2,False
98,3,MONOTONIC_READS,normal,netem delay 25ms 25ms,ONE,ONE,cassandra1,cassandra2,False,2,2,False
98,4,MONOTONIC_READS,normal,netem delay 25ms 25ms,ONE,ONE,cassandra1,cassandra3,False,2,2,False
98,5,MONOTONIC_READS,normal,netem delay 25ms 25ms,ONE,ONE,cassandra1,cassandra2,False,2,2,False
99,1,MONOTONIC_READS,normal,netem delay 25ms 25ms,ONE,ONE,cassandra3,cassandra1,False,,2,False
99,2,MONOTONIC_READS,normal,netem delay 25ms 25ms,ONE,ONE,cassandra3,cassandra2,False,2,2,False
99,3,MONOTONIC_READS,normal,netem delay 25ms 25ms,ONE,ONE,cassandra3,cassandra1,False,2,2,False
99,4,MONOTONIC_READS,normal,netem delay 25ms 25ms,ONE,ONE,cassandra3,cassandra3,True,2,2,False
99,5,MONOTONIC_READS,normal,netem delay 25ms 25ms,ONE,ONE,cassandra3,cassandra1,False,2,2,False
100,1,MONOTONIC_READS,normal,netem delay 25ms 25ms,ONE,ONE,cassandra3,cassandra1,False,,2,False
100,2,MONOTONIC_READS,normal,netem delay 25ms 25ms,ONE,ONE,cassandra3,cassandra2,False,2,2,False
100,3,MONOTONIC_READS,normal,netem delay 25ms 25ms,ONE,ONE,cassandra3,cassandra2,False,2,2,False
100,4,MONOTONIC_READS,normal,netem delay 25ms 25ms,ONE,ONE,cassandra3,cassandra2,False,2,2,False
100,5,MONOTONIC_READS,normal,netem delay 25ms 25ms,ONE,ONE,cassandra3,cassandra2,False,2,2,False
101,1,MONOTONIC_READS,normal,netem delay 25ms 25ms,ONE,ONE,cassandra3,cassandra2,False,,2,False
101,2,MONOTONIC_READS,normal,netem delay 25ms 25ms,ONE,ONE,cassandra3,cassandra3,True,2,2,False
101,3,MONOTONIC_READS,normal,netem delay 25ms 25ms,ONE,ONE,cassandra3,cassandra1,False,2,2,False
101,4,MONOTONIC_READS,normal,netem delay 25ms 25ms,ONE,ONE,cassandra3,cassandra1,False,2,2,False
101,5,MONOTONIC_READS,normal,netem delay 25ms 25ms,ONE,ONE,cassandra3,cassandra3,True,2,2,False
102,1,MONOTONIC_READS,normal,netem delay 25ms 25ms,ONE,ONE,cassandra2,cassandra2,True,,2,False
102,2,MONOTONIC_READS,normal,netem delay 25ms 25ms,ONE,ONE,cassandra2,cassandra1,False,2,2,False
102,3,MONOTONIC_READS,normal,netem delay 25ms 25ms,ONE,ONE,cassandra2,cassandra2,True,2,2,False
102,4,MONOTONIC_READS,normal,netem delay 25ms 25ms,ONE,ONE,cassandra2,cassandra3,False,2,2,False
102,5,MONOTONIC_READS,normal,netem delay 25ms 25ms,ONE,ONE,cassandra2,cassandra3,False,2,2,False
103,1,MONOTONIC_READS,normal,netem delay 25ms 25ms,ONE,ONE,cassandra3,cassandra3,True,,2,False
103,2,MONOTONIC_READS,normal,netem delay 25ms 25ms,ONE,ONE,cassandra3,cassandra1,False,2,2,False
103,3,MONOTONIC_READS,normal,netem delay 25ms 25ms,ONE,ONE,cassandra3,cassandra2,False,2,2,False
103,4,MONOTONIC_READS,normal,netem delay 25ms 25ms,ONE,ONE,cassandra3,cassandra1,False,2,2,False
103,5,MONOTONIC_READS,normal,netem delay 25ms 25ms,ONE,ONE,cassandra3,cassandra2,False,2,2,False
104,1,MONOTONIC_READS,normal,netem delay 25ms 25ms,ONE,ONE,cassandra1,cassandra1,True,,2,False
104,2,MONOTONIC_READS,normal,netem delay 25ms 25ms,ONE,ONE,cassandra1,cassandra3,False,2,2,False
104,3,MONOTONIC_READS,normal,netem delay 25ms 25ms,ONE,ONE,cassandra1,cassandra2,False,2,2,False
104,4,MONOTONIC_READS,normal,netem delay 25ms 25ms,ONE,ONE,cassandra1,cassandra1,True,2,2,False
104,5,MONOTONIC_READS,normal,netem delay 25ms 25ms,ONE,ONE,cassandra1,cassandra2,False,2,2,False
105,1,MONOTONIC_READS,normal,netem delay 25ms 25ms,ONE,ONE,cassandra2,cassandra2,True,,2,False
105,2,MONOTONIC_READS,normal,netem delay 25ms 25ms,ONE,ONE,cassandra2,cassandra2,True,2,2,False
105,3,MONOTONIC_READS,normal,netem delay 25ms 25ms,ONE,ONE,cassandra2,cassandra3,False,2,2,False
105,4,MONOTONIC_READS,normal,netem delay 25ms 25ms,ONE,ONE,cassandra2,cassandra1,False,2,2,False
105,5,MONOTONIC_READS,normal,netem delay 25ms 25ms,ONE,ONE,cassandra2,cassandra1,False,2,2,False
106,1,MONOTONIC_READS,normal,netem delay 25ms 25ms,ONE,ONE,cassandra3,cassandra1,False,,2,False
106,2,MONOTONIC_READS,normal,netem delay 25ms 25ms,ONE,ONE,cassandra3,cassandra3,True,2,2,False
106,3,MONOTONIC_READS,normal,netem delay 25ms 25ms,ONE,ONE,cassandra3,cassandra2,False,2,2,False
106,4,MONOTONIC_READS,normal,netem delay 25ms 25ms,ONE,ONE,cassandra3,cassandra1,False,2,2,False
106,5,MONOTONIC_READS,normal,netem delay 25ms 25ms,ONE,ONE,cassandra3,cassandra1,False,2,2,False
107,1,MONOTONIC_READS,normal,netem delay 25ms 25ms,ONE,ONE,cassandra3,cassandra2,False,,2,False
107,2,MONOTONIC_READS,normal,netem delay 25ms 25ms,ONE,ONE,cassandra3,cassandra3,True,2,2,False
107,3,MONOTONIC_READS,normal,netem delay 25ms 25ms,ONE,ONE,cassandra3,cassandra3,True,2,2,False
107,4,MONOTONIC_READS,normal,netem delay 25ms 25ms,ONE,ONE,cassandra3,cassandra2,False,2,2,False
107,5,MONOTONIC_READS,normal,netem delay 25ms 25ms,ONE,ONE,cassandra3,cassandra3,True,2,2,False
108,1,MONOTONIC_READS,normal,netem delay 25ms 25ms,ONE,ONE,cassandra1,cassandra1,True,,2,False
108,2,MONOTONIC_READS,normal,netem delay 25ms 25ms,ONE,ONE,cassandra1,cassandra3,False,2,2,False
108,3,MONOTONIC_READS,normal,netem delay 25ms 25ms,ONE,ONE,cassandra1,cassandra1,True,2,2,False
108,4,MONOTONIC_READS,normal,netem delay 25ms 25ms,ONE,ONE,cassandra1,cassandra2,False,2,2,False
108,5,MONOTONIC_READS,normal,netem delay 25ms 25ms,ONE,ONE,cassandra1,cassandra1,True,2,2,False
109,1,MONOTONIC_READS,normal,netem delay 25ms 25ms,ONE,ONE,cassandra3,cassandra1,False,,2,False
109,2,MONOTONIC_READS,normal,netem delay 25ms 25ms,ONE,ONE,cassandra3,cassandra3,True,2,2,False
109,3,MONOTONIC_READS,normal,netem delay 25ms 25ms,ONE,ONE,cassandra3,cassandra1,False,2,2,False
109,4,MONOTONIC_READS,normal,netem delay 25ms 25ms,ONE,ONE,cassandra3,cassandra3,True,2,2,False
109,5,MONOTONIC_READS,normal,netem delay 25ms 25ms,ONE,ONE,cassandra3,cassandra1,False,2,2,False
110,1,MONOTONIC_READS,normal,netem delay 25ms 25ms,ONE,ONE,cassandra2,cassandra1,False,,1,False
110,2,MONOTONIC_READS,normal,netem delay 25ms 25ms,ONE,ONE,cassandra2,cassandra1,False,1,2,False
110,3,MONOTONIC_READS,normal,netem delay 25ms 25ms,ONE,ONE,cassandra2,cassandra1,False,2,2,False
110,4,MONOTONIC_READS,normal,netem delay 25ms 25ms,ONE,ONE,cassandra2,cassandra1,False,2,2,False
110,5,MONOTONIC_READS,normal,netem delay 25ms 25ms,ONE,ONE,cassandra2,cassandra1,False,2,2,False
111,1,MONOTONIC_READS,normal,netem delay 25ms 25ms,ONE,ONE,cassandra2,cassandra3,False,,2,False
111,2,MONOTONIC_READS,normal,netem delay 25ms 25ms,ONE,ONE,cassandra2,cassandra1,False,2,2,False
111,3,MONOTONIC_READS,normal,netem delay 25ms 25ms,ONE,ONE,cassandra2,cassandra3,False,2,2,False
111,4,MONOTONIC_READS,normal,netem delay 25ms 25ms,ONE,ONE,cassandra2,cassandra2,True,2,2,False
111,5,MONOTONIC_READS,normal,netem delay 25ms 25ms,ONE,ONE,cassandra2,cassandra3,False,2,2,False
112,1,MONOTONIC_READS,normal,netem delay 25ms 25ms,ONE,ONE,cassandra2,cassandra3,False,,2,False
112,2,MONOTONIC_READS,normal,netem delay 25ms 25ms,ONE,ONE,cassandra2,cassandra3,False,2,2,False
112,3,MONOTONIC_READS,normal,netem delay 25ms 25ms,ONE,ONE,cassandra2,cassandra3,False,2,2,False
112,4,MONOTONIC_READS,normal,netem delay 25ms 25ms,ONE,ONE,cassandra2,cassandra2,True,2,2,False
112,5,MONOTONIC_READS,normal,netem delay 25ms 25ms,ONE,ONE,cassandra2,cassandra3,False,2,2,False
113,1,MONOTONIC_READS,normal,netem delay 25ms 25ms,ONE,ONE,cassandra2,cassandra1,False,,1,False
113,2,MONOTONIC_READS,normal,netem delay 25ms 25ms,ONE,ONE,cassandra2,cassandra1,False,1,2,False
113,3,MONOTONIC_READS,normal,netem delay 25ms 25ms,ONE,ONE,cassandra2,cassandra3,False,2,2,False
113,4,MONOTONIC_READS,normal,netem delay 25ms 25ms,ONE,ONE,cassandra2,cassandra2,True,2,2,False
113,5,MONOTONIC_READS,normal,netem delay 25ms 25ms,ONE,ONE,cassandra2,cassandra1,False,2,2,False
114,1,MONOTONIC_READS,normal,netem delay 25ms 25ms,ONE,ONE,cassandra2,cassandra2,True,,2,False
114,2,MONOTONIC_READS,normal,netem delay 25ms 25ms,ONE,ONE,cassandra2,cassandra2,True,2,2,False
114,3,MONOTONIC_READS,normal,netem delay 25ms 25ms,ONE,ONE,cassandra2,cassandra1,False,2,2,False
114,4,MONOTONIC_READS,normal,netem delay 25ms 25ms,ONE,ONE,cassandra2,cassandra2,True,2,2,False
114,5,MONOTONIC_READS,normal,netem delay 25ms 25ms,ONE,ONE,cassandra2,cassandra1,False,2,2,False
115,1,MONOTONIC_READS,normal,netem delay 25ms 25ms,ONE,ONE,cassandra1,cassandra1,True,,2,False
115,2,MONOTONIC_READS,normal,netem delay 25ms 25ms,ONE,ONE,cassandra1,cassandra1,True,2,2,False
115,3,MONOTONIC_READS,normal,netem delay 25ms 25ms,ONE,ONE,cassandra1,cassandra2,False,2,2,False
115,4,MONOTONIC_READS,normal,netem delay 25ms 25ms,ONE,ONE,cassandra1,cassandra2,False,2,2,False
115,5,MONOTONIC_READS,normal,netem delay 25ms 25ms,ONE,ONE,cassandra1,cassandra2,False,2,2,False
116,1,MONOTONIC_READS,normal,netem delay 25ms 25ms,ONE,ONE,cassandra1,cassandra3,False,,1,False
116,2,MONOTONIC_READS,normal,netem delay 25ms 25ms,ONE,ONE,cassandra1,cassandra2,False,1,2,False
116,3,MONOTONIC_READS,normal,netem delay 25ms 25ms,ONE,ONE,cassandra1,cassandra2,False,2,2,False
116,4,MONOTONIC_READS,normal,netem delay 25ms 25ms,ONE,ONE,cassandra1,cassandra1,True,2,2,False
116,5,MONOTONIC_READS,normal,netem delay 25ms 25ms,ONE,ONE,cassandra1,cassandra2,False,2,2,False
117,1,MONOTONIC_READS,normal,netem delay 25ms 25ms,ONE,ONE,cassandra3,cassandra1,False,,1,False
117,2,MONOTONIC_READS,normal,netem delay 25ms 25ms,ONE,ONE,cassandra3,cassandra3,True,1,2,False
117,3,MONOTONIC_READS,normal,netem delay 25ms 25ms,ONE,ONE,cassandra3,cassandra3,True,2,2,False
117,4,MONOTONIC_READS,normal,netem delay 25ms 25ms,ONE,ONE,cassandra3,cassandra2,False,2,2,False
117,5,MONOTONIC_READS,normal,netem delay 25ms 25ms,ONE,ONE,cassandra3,cassandra1,False,2,2,False
118,1,MONOTONIC_READS,normal,netem delay 25ms 25ms,ONE,ONE,cassandra1,cassandra2,False,,2,False
118,2,MONOTONIC_READS,normal,netem delay 25ms 25ms,ONE,ONE,cassandra1,cassandra3,False,2,2,False
118,3,MONOTONIC_READS,normal,netem delay 25ms 25ms,ONE,ONE,cassandra1,cassandra3,False,2,2,False
118,4,MONOTONIC_READS,normal,netem delay 25ms 25ms,ONE,ONE,cassandra1,cassandra1,True,2,2,False
118,5,MONOTONIC_READS,normal,netem delay 25ms 25ms,ONE,ONE,cassandra1,cassandra1,True,2,2,False
119,1,MONOTONIC_READS,normal,netem delay 25ms 25ms,ONE,ONE,cassandra2,cassandra3,False,,2,False
119,2,MONOTONIC_READS,normal,netem delay 25ms 25ms,ONE,ONE,cassandra2,cassandra1,False,2,2,False
119,3,MONOTONIC_READS,normal,netem delay 25ms 25ms,ONE,ONE,cassandra2,cassandra2,True,2,2,False
119,4,MONOTONIC_READS,normal,netem delay 25ms 25ms,ONE,ONE,cassandra2,cassandra2,True,2,2,False
119,5,MONOTONIC_READS,normal,netem delay 25ms 25ms,ONE,ONE,cassandra2,cassandra3,False,2,2,False
120,1,MONOTONIC_READS,normal,netem delay 25ms 25ms,ONE,ONE,cassandra1,cassandra3,False,,2,False
120,2,MONOTONIC_READS,normal,netem delay 25ms 25ms,ONE,ONE,cassandra1,cassandra1,True,2,2,False
120,3,MONOTONIC_READS,normal,netem delay 25ms 25ms,ONE,ONE,cassandra1,cassandra3,False,2,2,False
120,4,MONOTONIC_READS,normal,netem delay 25ms 25ms,ONE,ONE,cassandra1,cassandra1,True,2,2,False
120,5,MONOTONIC_READS,normal,netem delay 25ms 25ms,ONE,ONE,cassandra1,cassandra2,False,2,2,False
121,1,MONOTONIC_READS,normal,netem delay 25ms 25ms,ONE,ONE,cassandra2,cassandra1,False,,2,False
121,2,MONOTONIC_READS,normal,netem delay 25ms 25ms,ONE,ONE,cassandra2,cassandra2,True,2,2,False
121,3,MONOTONIC_READS,normal,netem delay 25ms 25ms,ONE,ONE,cassandra2,cassandra3,False,2,2,False
121,4,MONOTONIC_READS,normal,netem delay 25ms 25ms,ONE,ONE,cassandra2,cassandra2,True,2,2,False
121,5,MONOTONIC_READS,normal,netem delay 25ms 25ms,ONE,ONE,cassandra2,cassandra1,False,2,2,False
122,1,MONOTONIC_READS,normal,netem delay 25ms 25ms,ONE,ONE,cassandra2,cassandra3,False,,2,False
122,2,MONOTONIC_READS,normal,netem delay 25ms 25ms,ONE,ONE,cassandra2,cassandra3,False,2,2,False
122,3,MONOTONIC_READS,normal,netem delay 25ms 25ms,ONE,ONE,cassandra2,cassandra1,False,2,2,False
122,4,MONOTONIC_READS,normal,netem delay 25ms 25ms,ONE,ONE,cassandra2,cassandra2,True,2,2,False
122,5,MONOTONIC_READS,normal,netem delay 25ms 25ms,ONE,ONE,cassandra2,cassandra3,False,2,2,False
123,1,MONOTONIC_READS,normal,netem delay 25ms 25ms,ONE,ONE,cassandra3,cassandra2,False,,2,False
123,2,MONOTONIC_READS,normal,netem delay 25ms 25ms,ONE,ONE,cassandra3,cassandra1,False,2,2,False
123,3,MONOTONIC_READS,normal,netem delay 25ms 25ms,ONE,ONE,cassandra3,cassandra1,False,2,2,False
123,4,MONOTONIC_READS,normal,netem delay 25ms 25ms,ONE,ONE,cassandra3,cassandra1,False,2,2,False
123,5,MONOTONIC_READS,normal,netem delay 25ms 25ms,ONE,ONE,cassandra3,cassandra3,True,2,2,False
124,1,MONOTONIC_READS,normal,netem delay 25ms 25ms,ONE,ONE,cassandra2,cassandra3,False,,1,False
124,2,MONOTONIC_READS,normal,netem delay 25ms 25ms,ONE,ONE,cassandra2,cassandra3,False,1,2,False
124,3,MONOTONIC_READS,normal,netem delay 25ms 25ms,ONE,ONE,cassandra2,cassandra1,False,2,2,False
124,4,MONOTONIC_READS,normal,netem delay 25ms 25ms,ONE,ONE,cassandra2,cassandra2,True,2,2,False
124,5,MONOTONIC_READS,normal,netem delay 25ms 25ms,ONE,ONE,cassandra2,cassandra1,False,2,2,False
125,1,MONOTONIC_READS,normal,netem delay 25ms 25ms,ONE,ONE,cassandra1,cassandra3,False,,2,False
125,2,MONOTONIC_READS,normal,netem delay 25ms 25ms,ONE,ONE,cassandra1,cassandra3,False,2,2,False
125,3,MONOTONIC_READS,normal,netem delay 25ms 25ms,ONE,ONE,cassandra1,cassandra1,True,2,2,False
125,4,MONOTONIC_READS,normal,netem delay 25ms 25ms,ONE,ONE,cassandra1,cassandra1,True,2,2,False
125,5,MONOTONIC_READS,normal,netem delay 25ms 25ms,ONE,ONE,cassandra1,cassandra3,False,2,2,False
126,1,MONOTONIC_READS,normal,netem delay 25ms 25ms,ONE,ONE,cassandra3,cassandra2,False,,2,False
126,2,MONOTONIC_READS,normal,netem delay 25ms 25ms,ONE,ONE,cassandra3,cassandra2,False,2,2,False
126,3,MONOTONIC_READS,normal,netem delay 25ms 25ms,ONE,ONE,cassandra3,cassandra3,True,2,2,False
126,4,MONOTONIC_READS,normal,netem delay 25ms 25ms,ONE,ONE,cassandra3,cassandra1,False,2,2,False
126,5,MONOTONIC_READS,normal,netem delay 25ms 25ms,ONE,ONE,cassandra3,cassandra1,False,2,2,False
127,1,MONOTONIC_READS,normal,netem delay 25ms 25ms,ONE,ONE,cassandra3,cassandra2,False,,1,False
127,2,MONOTONIC_READS,normal,netem delay 25ms 25ms,ONE,ONE,cassandra3,cassandra3,True,1,2,False
127,3,MONOTONIC_READS,normal,netem delay 25ms 25ms,ONE,ONE,cassandra3,cassandra3,True,2,2,False
127,4,MONOTONIC_READS,normal,netem delay 25ms 25ms,ONE,ONE,cassandra3,cassandra1,False,2,2,False
127,5,MONOTONIC_READS,normal,netem delay 25ms 25ms,ONE,ONE,cassandra3,cassandra3,True,2,2,False
128,1,MONOTONIC_READS,normal,netem delay 25ms 25ms,ONE,ONE,cassandra1,cassandra1,True,,2,False
128,2,MONOTONIC_READS,normal,netem delay 25ms 25ms,ONE,ONE,cassandra1,cassandra3,False,2,2,False
128,3,MONOTONIC_READS,normal,netem delay 25ms 25ms,ONE,ONE,cassandra1,cassandra3,False,2,2,False
128,4,MONOTONIC_READS,normal,netem delay 25ms 25ms,ONE,ONE,cassandra1,cassandra3,False,2,2,False
128,5,MONOTONIC_READS,normal,netem delay 25ms 25ms,ONE,ONE,cassandra1,cassandra1,True,2,2,False
129,1,MONOTONIC_READS,normal,netem delay 25ms 25ms,ONE,ONE,cassandra1,cassandra1,True,,2,False
129,2,MONOTONIC_READS,normal,netem delay 25ms 25ms,ONE,ONE,cassandra1,cassandra2,False,2,2,False
129,3,MONOTONIC_READS,normal,netem delay 25ms 25ms,ONE,ONE,cassandra1,cassandra2,False,2,2,False
129,4,MONOTONIC_READS,normal,netem delay 25ms 25ms,ONE,ONE,cassandra1,cassandra3,False,2,2,False
129,5,MONOTONIC_READS,normal,netem delay 25ms 25ms,ONE,ONE,cassandra1,cassandra3,False,2,2,False
130,1,MONOTONIC_READS,normal,netem delay 25ms 25ms,ONE,ONE,cassandra2,cassandra3,False,,2,False
130,2,MONOTONIC_READS,normal,netem delay 25ms 25ms,ONE,ONE,cassandra2,cassandra1,False,2,2,False
130,3,MONOTONIC_READS,normal,netem delay 25ms 25ms,ONE,ONE,cassandra2,cassandra2,True,2,2,False
130,4,MONOTONIC_READS,normal,netem delay 25ms 25ms,ONE,ONE,cassandra2,cassandra1,False,2,2,False
130,5,MONOTONIC_READS,normal,netem delay 25ms 25ms,ONE,ONE,cassandra2,cassandra2,True,2,2,False
131,1,MONOTONIC_READS,normal,netem delay 25ms 25ms,ONE,ONE,cassandra1,cassandra3,False,,1,False
131,2,MONOTONIC_READS,normal,netem delay 25ms 25ms,ONE,ONE,cassandra1,cassandra3,False,1,2,False
131,3,MONOTONIC_READS,normal,netem delay 25ms 25ms,ONE,ONE,cassandra1,cassandra3,False,2,2,False
131,4,MONOTONIC_READS,normal,netem delay 25ms 25ms,ONE,ONE,cassandra1,cassandra3,False,2,2,False
131,5,MONOTONIC_READS,normal,netem delay 25ms 25ms,ONE,ONE,cassandra1,cassandra1,True,2,2,False
132,1,MONOTONIC_READS,normal,netem delay 25ms 25ms,ONE,ONE,cassandra1,cassandra2,False,,2,False
132,2,MONOTONIC_READS,normal,netem delay 25ms 25ms,ONE,ONE,cassandra1,cassandra3,False,2,2,False
132,3,MONOTONIC_READS,normal,netem delay 25ms 25ms,ONE,ONE,cassandra1,cassandra3,False,2,2,False
132,4,MONOTONIC_READS,normal,netem delay 25ms 25ms,ONE,ONE,cassandra1,cassandra3,False,2,2,False
132,5,MONOTONIC_READS,normal,netem delay 25ms 25ms,ONE,ONE,cassandra1,cassandra1,True,2,2,False
133,1,MONOTONIC_READS,normal,netem delay 25ms 25ms,ONE,ONE,cassandra1,cassandra2,False,,1,False
133,2,MONOTONIC_READS,normal,netem delay 25ms 25ms,ONE,ONE,cassandra1,cassandra1,True,1,2,False
133,3,MONOTONIC_READS,normal,netem delay 25ms 25ms,ONE,ONE,cassandra1,cassandra2,False,2,2,False
133,4,MONOTONIC_READS,normal,netem delay 25ms 25ms,ONE,ONE,cassandra1,cassandra1,True,2,2,False
133,5,MONOTONIC_READS,normal,netem delay 25ms 25ms,ONE,ONE,cassandra1,cassandra3,False,2,2,False
134,1,MONOTONIC_READS,normal,netem delay 25ms 25ms,ONE,ONE,cassandra3,cassandra2,False,,2,False
134,2,MONOTONIC_READS,normal,netem delay 25ms 25ms,ONE,ONE,cassandra3,cassandra2,False,2,2,False
134,3,MONOTONIC_READS,normal,netem delay 25ms 25ms,ONE,ONE,cassandra3,cassandra1,False,2,2,False
134,4,MONOTONIC_READS,normal,netem delay 25ms 25ms,ONE,ONE,cassandra3,cassandra2,False,2,2,False
134,5,MONOTONIC_READS,normal,netem delay 25ms 25ms,ONE,ONE,cassandra3,cassandra1,False,2,2,False
135,1,MONOTONIC_READS,normal,netem delay 25ms 25ms,ONE,ONE,cassandra1,cassandra2,False,,2,False
135,2,MONOTONIC_READS,normal,netem delay 25ms 25ms,ONE,ONE,cassandra1,cassandra2,False,2,2,False
135,3,MONOTONIC_READS,normal,netem delay 25ms 25ms,ONE,ONE,cassandra1,cassandra3,False,2,2,False
135,4,MONOTONIC_READS,normal,netem delay 25ms 25ms,ONE,ONE,cassandra1,cassandra3,False,2,2,False
135,5,MONOTONIC_READS,normal,netem delay 25ms 25ms,ONE,ONE,cassandra1,cassandra3,False,2,2,False
136,1,MONOTONIC_READS,normal,netem delay 25ms 25ms,ONE,ONE,cassandra1,cassandra3,False,,2,False
136,2,MONOTONIC_READS,normal,netem delay 25ms 25ms,ONE,ONE,cassandra1,cassandra3,False,2,2,False
136,3,MONOTONIC_READS,normal,netem delay 25ms 25ms,ONE,ONE,cassandra1,cassandra2,False,2,2,False
136,4,MONOTONIC_READS,normal,netem delay 25ms 25ms,ONE,ONE,cassandra1,cassandra3,False,2,2,False
136,5,MONOTONIC_READS,normal,netem delay 25ms 25ms,ONE,ONE,cassandra1,cassandra1,True,2,2,False
137,1,MONOTONIC_READS,normal,netem delay 25ms 25ms,ONE,ONE,cassandra1,cassandra3,False,,2,False
137,2,MONOTONIC_READS,normal,netem delay 25ms 25ms,ONE,ONE,cassandra1,cassandra2,False,2,2,False
137,3,MONOTONIC_READS,normal,netem delay 25ms 25ms,ONE,ONE,cassandra1,cassandra3,False,2,2,False
137,4,MONOTONIC_READS,normal,netem delay 25ms 25ms,ONE,ONE,cassandra1,cassandra1,True,2,2,False
137,5,MONOTONIC_READS,normal,netem delay 25ms 25ms,ONE,ONE,cassandra1,cassandra3,False,2,2,False
138,1,MONOTONIC_READS,normal,netem delay 25ms 25ms,ONE,ONE,cassandra1,cassandra2,False,,2,False
138,2,MONOTONIC_READS,normal,netem delay 25ms 25ms,ONE,ONE,cassandra1,cassandra3,False,2,2,False
138,3,MONOTONIC_READS,normal,netem delay 25ms 25ms,ONE,ONE,cassandra1,cassandra3,False,2,2,False
138,4,MONOTONIC_READS,normal,netem delay 25ms 25ms,ONE,ONE,cassandra1,cassandra3,False,2,2,False
138,5,MONOTONIC_READS,normal,netem delay 25ms 25ms,ONE,ONE,cassandra1,cassandra3,False,2,2,False
139,1,MONOTONIC_READS,normal,netem delay 25ms 25ms,ONE,ONE,cassandra1,cassandra2,False,,1,False
139,2,MONOTONIC_READS,normal,netem delay 25ms 25ms,ONE,ONE,cassandra1,cassandra1,True,1,2,False
139,3,MONOTONIC_READS,normal,netem delay 25ms 25ms,ONE,ONE,cassandra1,cassandra3,False,2,2,False
139,4,MONOTONIC_READS,normal,netem delay 25ms 25ms,ONE,ONE,cassandra1,cassandra1,True,2,2,False
139,5,MONOTONIC_READS,normal,netem delay 25ms 25ms,ONE,ONE,cassandra1,cassandra2,False,2,2,False
140,1,MONOTONIC_READS,normal,netem delay 25ms 25ms,ONE,ONE,cassandra2,cassandra3,False,,1,False
140,2,MONOTONIC_READS,normal,netem delay 25ms 25ms,ONE,ONE,cassandra2,cassandra1,False,1,2,False
140,3,MONOTONIC_READS,normal,netem delay 25ms 25ms,ONE,ONE,cassandra2,cassandra1,False,2,2,False
140,4,MONOTONIC_READS,normal,netem delay 25ms 25ms,ONE,ONE,cassandra2,cassandra3,False,2,2,False
140,5,MONOTONIC_READS,normal,netem delay 25ms 25ms,ONE,ONE,cassandra2,cassandra3,False,2,2,False
141,1,MONOTONIC_READS,normal,netem delay 25ms 25ms,ONE,ONE,cassandra2,cassandra3,False,,1,False
141,2,MONOTONIC_READS,normal,netem delay 25ms 25ms,ONE,ONE,cassandra2,cassandra1,False,1,2,False
141,3,MONOTONIC_READS,normal,netem delay 25ms 25ms,ONE,ONE,cassandra2,cassandra1,False,2,2,False
141,4,MONOTONIC_READS,normal,netem delay 25ms 25ms,ONE,ONE,cassandra2,cassandra2,True,2,2,False
141,5,MONOTONIC_READS,normal,netem delay 25ms 25ms,ONE,ONE,cassandra2,cassandra2,True,2,2,False
142,1,MONOTONIC_READS,normal,netem delay 25ms 25ms,ONE,ONE,cassandra2,cassandra3,False,,2,False
142,2,MONOTONIC_READS,normal,netem delay 25ms 25ms,ONE,ONE,cassandra2,cassandra2,True,2,2,False
142,3,MONOTONIC_READS,normal,netem delay 25ms 25ms,ONE,ONE,cassandra2,cassandra1,False,2,2,False
142,4,MONOTONIC_READS,normal,netem delay 25ms 25ms,ONE,ONE,cassandra2,cassandra2,True,2,2,False
142,5,MONOTONIC_READS,normal,netem delay 25ms 25ms,ONE,ONE,cassandra2,cassandra3,False,2,2,False
143,1,MONOTONIC_READS,normal,netem delay 25ms 25ms,ONE,ONE,cassandra3,cassandra1,False,,1,False
143,2,MONOTONIC_READS,normal,netem delay 25ms 25ms,ONE,ONE,cassandra3,cassandra3,True,1,2,False
143,3,MONOTONIC_READS,normal,netem delay 25ms 25ms,ONE,ONE,cassandra3,cassandra2,False,2,2,False
143,4,MONOTONIC_READS,normal,netem delay 25ms 25ms,ONE,ONE,cassandra3,cassandra2,False,2,2,False
143,5,MONOTONIC_READS,normal,netem delay 25ms 25ms,ONE,ONE,cassandra3,cassandra1,False,2,2,False
144,1,MONOTONIC_READS,normal,netem delay 25ms 25ms,ONE,ONE,cassandra3,cassandra2,False,,2,False
144,2,MONOTONIC_READS,normal,netem delay 25ms 25ms,ONE,ONE,cassandra3,cassandra1,False,2,2,False
144,3,MONOTONIC_READS,normal,netem delay 25ms 25ms,ONE,ONE,cassandra3,cassandra2,False,2,2,False
144,4,MONOTONIC_READS,normal,netem delay 25ms 25ms,ONE,ONE,cassandra3,cassandra2,False,2,2,False
144,5,MONOTONIC_READS,normal,netem delay 25ms 25ms,ONE,ONE,cassandra3,cassandra2,False,2,2,False
145,1,MONOTONIC_READS,normal,netem delay 25ms 25ms,ONE,ONE,cassandra1,cassandra3,False,,1,False
145,2,MONOTONIC_READS,normal,netem delay 25ms 25ms,ONE,ONE,cassandra1,cassandra3,False,1,1,False
145,3,MONOTONIC_READS,normal,netem delay 25ms 25ms,ONE,ONE,cassandra1,cassandra2,False,1,2,False
145,4,MONOTONIC_READS,normal,netem delay 25ms 25ms,ONE,ONE,cassandra1,cassandra3,False,2,2,False
145,5,MONOTONIC_READS,normal,netem delay 25ms 25ms,ONE,ONE,cassandra1,cassandra2,False,2,2,False
146,1,MONOTONIC_READS,normal,netem delay 25ms 25ms,ONE,ONE,cassandra3,cassandra1,False,,1,False
146,2,MONOTONIC_READS,normal,netem delay 25ms 25ms,ONE,ONE,cassandra3,cassandra1,False,1,2,False
146,3,MONOTONIC_READS,normal,netem delay 25ms 25ms,ONE,ONE,cassandra3,cassandra3,True,2,2,False
146,4,MONOTONIC_READS,normal,netem delay 25ms 25ms,ONE,ONE,cassandra3,cassandra3,True,2,2,False
146,5,MONOTONIC_READS,normal,netem delay 25ms 25ms,ONE,ONE,cassandra3,cassandra1,False,2,2,False
147,1,MONOTONIC_READS,normal,netem delay 25ms 25ms,ONE,ONE,cassandra3,cassandra1,False,,2,False
147,2,MONOTONIC_READS,normal,netem delay 25ms 25ms,ONE,ONE,cassandra3,cassandra1,False,2,2,False
147,3,MONOTONIC_READS,normal,netem delay 25ms 25ms,ONE,ONE,cassandra3,cassandra2,False,2,2,False
147,4,MONOTONIC_READS,normal,netem delay 25ms 25ms,ONE,ONE,cassandra3,cassandra3,True,2,2,False
147,5,MONOTONIC_READS,normal,netem delay 25ms 25ms,ONE,ONE,cassandra3,cassandra1,False,2,2,False
148,1,MONOTONIC_READS,normal,netem delay 25ms 25ms,ONE,ONE,cassandra1,cassandra1,True,,2,False
148,2,MONOTONIC_READS,normal,netem delay 25ms 25ms,ONE,ONE,cassandra1,cassandra2,False,2,1,True
148,3,MONOTONIC_READS,normal,netem delay 25ms 25ms,ONE,ONE,cassandra1,cassandra2,False,1,2,False
148,4,MONOTONIC_READS,normal,netem delay 25ms 25ms,ONE,ONE,cassandra1,cassandra2,False,2,2,False
148,5,MONOTONIC_READS,normal,netem delay 25ms 25ms,ONE,ONE,cassandra1,cassandra3,False,2,2,False
149,1,MONOTONIC_READS,normal,netem delay 25ms 25ms,ONE,ONE,cassandra1,cassandra1,True,,2,False
149,2,MONOTONIC_READS,normal,netem delay 25ms 25ms,ONE,ONE,cassandra1,cassandra2,False,2,2,False
149,3,MONOTONIC_READS,normal,netem delay 25ms 25ms,ONE,ONE,cassandra1,cassandra1,True,2,2,False
149,4,MONOTONIC_READS,normal,netem delay 25ms 25ms,ONE,ONE,cassandra1,cassandra1,True,2,2,False
149,5,MONOTONIC_READS,normal,netem delay 25ms 25ms,ONE,ONE,cassandra1,cassandra3,False,2,2,False
150,1,MONOTONIC_READS,normal,netem delay 25ms 25ms,ONE,ONE,cassandra3,cassandra3,True,,2,False
150,2,MONOTONIC_READS,normal,netem delay 25ms 25ms,ONE,ONE,cassandra3,cassandra3,True,2,2,False
150,3,MONOTONIC_READS,normal,netem delay 25ms 25ms,ONE,ONE,cassandra3,cassandra3,True,2,2,False
150,4,MONOTONIC_READS,normal,netem delay 25ms 25ms,ONE,ONE,cassandra3,cassandra1,False,2,2,False
150,5,MONOTONIC_READS,normal,netem delay 25ms 25ms,ONE,ONE,cassandra3,cassandra1,False,2,2,False
151,1,MONOTONIC_READS,normal,netem delay 25ms 25ms,ONE,ONE,cassandra3,cassandra2,False,,2,False
151,2,MONOTONIC_READS,normal,netem delay 25ms 25ms,ONE,ONE,cassandra3,cassandra2,False,2,2,False
151,3,MONOTONIC_READS,normal,netem delay 25ms 25ms,ONE,ONE,cassandra3,cassandra2,False,2,2,False
151,4,MONOTONIC_READS,normal,netem delay 25ms 25ms,ONE,ONE,cassandra3,cassandra3,True,2,2,False
151,5,MONOTONIC_READS,normal,netem delay 25ms 25ms,ONE,ONE,cassandra3,cassandra2,False,2,2,False
152,1,MONOTONIC_READS,normal,netem delay 25ms 25ms,ONE,ONE,cassandra2,cassandra3,False,,2,False
152,2,MONOTONIC_READS,normal,netem delay 25ms 25ms,ONE,ONE,cassandra2,cassandra3,False,2,2,False
152,3,MONOTONIC_READS,normal,netem delay 25ms 25ms,ONE,ONE,cassandra2,cassandra1,False,2,2,False
152,4,MONOTONIC_READS,normal,netem delay 25ms 25ms,ONE,ONE,cassandra2,cassandra2,True,2,2,False
152,5,MONOTONIC_READS,normal,netem delay 25ms 25ms,ONE,ONE,cassandra2,cassandra1,False,2,2,False
153,1,MONOTONIC_READS,normal,netem delay 25ms 25ms,ONE,ONE,cassandra1,cassandra1,True,,2,False
153,2,MONOTONIC_READS,normal,netem delay 25ms 25ms,ONE,ONE,cassandra1,cassandra2,False,2,2,False
153,3,MONOTONIC_READS,normal,netem delay 25ms 25ms,ONE,ONE,cassandra1,cassandra3,False,2,2,False
153,4,MONOTONIC_READS,normal,netem delay 25ms 25ms,ONE,ONE,cassandra1,cassandra2,False,2,2,False
153,5,MONOTONIC_READS,normal,netem delay 25ms 25ms,ONE,ONE,cassandra1,cassandra1,True,2,2,False
154,1,MONOTONIC_READS,normal,netem delay 25ms 25ms,ONE,ONE,cassandra3,cassandra1,False,,2,False
154,2,MONOTONIC_READS,normal,netem delay 25ms 25ms,ONE,ONE,cassandra3,cassandra2,False,2,2,False
154,3,MONOTONIC_READS,normal,netem delay 25ms 25ms,ONE,ONE,cassandra3,cassandra2,False,2,2,False
154,4,MONOTONIC_READS,normal,netem delay 25ms 25ms,ONE,ONE,cassandra3,cassandra3,True,2,2,False
154,5,MONOTONIC_READS,normal,netem delay 25ms 25ms,ONE,ONE,cassandra3,cassandra1,False,2,2,False
155,1,MONOTONIC_READS,normal,netem delay 25ms 25ms,ONE,ONE,cassandra3,cassandra1,False,,2,False
155,2,MONOTONIC_READS,normal,netem delay 25ms 25ms,ONE,ONE,cassandra3,cassandra3,True,2,2,False
155,3,MONOTONIC_READS,normal,netem delay 25ms 25ms,ONE,ONE,cassandra3,cassandra2,False,2,2,False
155,4,MONOTONIC_READS,normal,netem delay 25ms 25ms,ONE,ONE,cassandra3,cassandra1,False,2,2,False
155,5,MONOTONIC_READS,normal,netem delay 25ms 25ms,ONE,ONE,cassandra3,cassandra1,False,2,2,False
156,1,MONOTONIC_READS,normal,netem delay 25ms 25ms,ONE,ONE,cassandra3,cassandra3,True,,2,False
156,2,MONOTONIC_READS,normal,netem delay 25ms 25ms,ONE,ONE,cassandra3,cassandra1,False,2,2,False
156,3,MONOTONIC_READS,normal,netem delay 25ms 25ms,ONE,ONE,cassandra3,cassandra2,False,2,2,False
156,4,MONOTONIC_READS,normal,netem delay 25ms 25ms,ONE,ONE,cassandra3,cassandra1,False,2,2,False
156,5,MONOTONIC_READS,normal,netem delay 25ms 25ms,ONE,ONE,cassandra3,cassandra3,True,2,2,False
157,1,MONOTONIC_READS,normal,netem delay 25ms 25ms,ONE,ONE,cassandra3,cassandra1,False,,2,False
157,2,MONOTONIC_READS,normal,netem delay 25ms 25ms,ONE,ONE,cassandra3,cassandra2,False,2,2,False
157,3,MONOTONIC_READS,normal,netem delay 25ms 25ms,ONE,ONE,cassandra3,cassandra2,False,2,2,False
157,4,MONOTONIC_READS,normal,netem delay 25ms 25ms,ONE,ONE,cassandra3,cassandra3,True,2,2,False
157,5,MONOTONIC_READS,normal,netem delay 25ms 25ms,ONE,ONE,cassandra3,cassandra2,False,2,2,False
158,1,MONOTONIC_READS,normal,netem delay 25ms 25ms,ONE,ONE,cassandra2,cassandra1,False,,2,False
158,2,MONOTONIC_READS,normal,netem delay 25ms 25ms,ONE,ONE,cassandra2,cassandra1,False,2,2,False
158,3,MONOTONIC_READS,normal,netem delay 25ms 25ms,ONE,ONE,cassandra2,cassandra1,False,2,2,False
158,4,MONOTONIC_READS,normal,netem delay 25ms 25ms,ONE,ONE,cassandra2,cassandra1,False,2,2,False
158,5,MONOTONIC_READS,normal,netem delay 25ms 25ms,ONE,ONE,cassandra2,cassandra2,True,2,2,False
159,1,MONOTONIC_READS,normal,netem delay 25ms 25ms,ONE,ONE,cassandra1,cassandra1,True,,2,False
159,2,MONOTONIC_READS,normal,netem delay 25ms 25ms,ONE,ONE,cassandra1,cassandra1,True,2,2,False
159,3,MONOTONIC_READS,normal,netem delay 25ms 25ms,ONE,ONE,cassandra1,cassandra2,False,2,2,False
159,4,MONOTONIC_READS,normal,netem delay 25ms 25ms,ONE,ONE,cassandra1,cassandra2,False,2,2,False
159,5,MONOTONIC_READS,normal,netem delay 25ms 25ms,ONE,ONE,cassandra1,cassandra3,False,2,2,False
160,1,MONOTONIC_READS,normal,netem delay 25ms 25ms,ONE,ONE,cassandra2,cassandra2,True,,2,False
160,2,MONOTONIC_READS,normal,netem delay 25ms 25ms,ONE,ONE,cassandra2,cassandra1,False,2,2,False
160,3,MONOTONIC_READS,normal,netem delay 25ms 25ms,ONE,ONE,cassandra2,cassandra3,False,2,2,False
160,4,MONOTONIC_READS,normal,netem delay 25ms 25ms,ONE,ONE,cassandra2,cassandra1,False,2,2,False
160,5,MONOTONIC_READS,normal,netem delay 25ms 25ms,ONE,ONE,cassandra2,cassandra1,False,2,2,False
161,1,MONOTONIC_READS,normal,netem delay 25ms 25ms,ONE,ONE,cassandra2,cassandra3,False,,2,False
161,2,MONOTONIC_READS,normal,netem delay 25ms 25ms,ONE,ONE,cassandra2,cassandra1,False,2,2,False
161,3,MONOTONIC_READS,normal,netem delay 25ms 25ms,ONE,ONE,cassandra2,cassandra3,False,2,2,False
161,4,MONOTONIC_READS,normal,netem delay 25ms 25ms,ONE,ONE,cassandra2,cassandra3,False,2,2,False
161,5,MONOTONIC_READS,normal,netem delay 25ms 25ms,ONE,ONE,cassandra2,cassandra1,False,2,2,False
162,1,MONOTONIC_READS,normal,netem delay 25ms 25ms,ONE,ONE,cassandra2,cassandra1,False,,2,False
162,2,MONOTONIC_READS,normal,netem delay 25ms 25ms,ONE,ONE,cassandra2,cassandra2,True,2,2,False
162,3,MONOTONIC_READS,normal,netem delay 25ms 25ms,ONE,ONE,cassandra2,cassandra3,False,2,2,False
162,4,MONOTONIC_READS,normal,netem delay 25ms 25ms,ONE,ONE,cassandra2,cassandra1,False,2,2,False
162,5,MONOTONIC_READS,normal,netem delay 25ms 25ms,ONE,ONE,cassandra2,cassandra3,False,2,2,False
163,1,MONOTONIC_READS,normal,netem delay 25ms 25ms,ONE,ONE,cassandra3,cassandra1,False,,2,False
163,2,MONOTONIC_READS,normal,netem delay 25ms 25ms,ONE,ONE,cassandra3,cassandra2,False,2,2,False
163,3,MONOTONIC_READS,normal,netem delay 25ms 25ms,ONE,ONE,cassandra3,cassandra2,False,2,2,False
163,4,MONOTONIC_READS,normal,netem delay 25ms 25ms,ONE,ONE,cassandra3,cassandra2,False,2,2,False
163,5,MONOTONIC_READS,normal,netem delay 25ms 25ms,ONE,ONE,cassandra3,cassandra2,False,2,2,False
164,1,MONOTONIC_READS,normal,netem delay 25ms 25ms,ONE,ONE,cassandra3,cassandra3,True,,2,False
164,2,MONOTONIC_READS,normal,netem delay 25ms 25ms,ONE,ONE,cassandra3,cassandra2,False,2,2,False
164,3,MONOTONIC_READS,normal,netem delay 25ms 25ms,ONE,ONE,cassandra3,cassandra3,True,2,2,False
164,4,MONOTONIC_READS,normal,netem delay 25ms 25ms,ONE,ONE,cassandra3,cassandra2,False,2,2,False
164,5,MONOTONIC_READS,normal,netem delay 25ms 25ms,ONE,ONE,cassandra3,cassandra1,False,2,2,False
165,1,MONOTONIC_READS,normal,netem delay 25ms 25ms,ONE,ONE,cassandra3,cassandra1,False,,1,False
165,2,MONOTONIC_READS,normal,netem delay 25ms 25ms,ONE,ONE,cassandra3,cassandra2,False,1,2,False
165,3,MONOTONIC_READS,normal,netem delay 25ms 25ms,ONE,ONE,cassandra3,cassandra1,False,2,2,False
165,4,MONOTONIC_READS,normal,netem delay 25ms 25ms,ONE,ONE,cassandra3,cassandra1,False,2,2,False
165,5,MONOTONIC_READS,normal,netem delay 25ms 25ms,ONE,ONE,cassandra3,cassandra2,False,2,2,False
166,1,MONOTONIC_READS,normal,netem delay 25ms 25ms,ONE,ONE,cassandra1,cassandra1,True,,2,False
166,2,MONOTONIC_READS,normal,netem delay 25ms 25ms,ONE,ONE,cassandra1,cassandra3,False,2,2,False
166,3,MONOTONIC_READS,normal,netem delay 25ms 25ms,ONE,ONE,cassandra1,cassandra2,False,2,2,False
166,4,MONOTONIC_READS,normal,netem delay 25ms 25ms,ONE,ONE,cassandra1,cassandra1,True,2,2,False
166,5,MONOTONIC_READS,normal,netem delay 25ms 25ms,ONE,ONE,cassandra1,cassandra3,False,2,2,False
167,1,MONOTONIC_READS,normal,netem delay 25ms 25ms,ONE,ONE,cassandra2,cassandra2,True,,2,False
167,2,MONOTONIC_READS,normal,netem delay 25ms 25ms,ONE,ONE,cassandra2,cassandra1,False,2,2,False
167,3,MONOTONIC_READS,normal,netem delay 25ms 25ms,ONE,ONE,cassandra2,cassandra2,True,2,2,False
167,4,MONOTONIC_READS,normal,netem delay 25ms 25ms,ONE,ONE,cassandra2,cassandra3,False,2,2,False
167,5,MONOTONIC_READS,normal,netem delay 25ms 25ms,ONE,ONE,cassandra2,cassandra3,False,2,2,False
168,1,MONOTONIC_READS,normal,netem delay 25ms 25ms,ONE,ONE,cassandra3,cassandra3,True,,2,False
168,2,MONOTONIC_READS,normal,netem delay 25ms 25ms,ONE,ONE,cassandra3,cassandra3,True,2,2,False
168,3,MONOTONIC_READS,normal,netem delay 25ms 25ms,ONE,ONE,cassandra3,cassandra1,False,2,2,False
168,4,MONOTONIC_READS,normal,netem delay 25ms 25ms,ONE,ONE,cassandra3,cassandra2,False,2,2,False
168,5,MONOTONIC_READS,normal,netem delay 25ms 25ms,ONE,ONE,cassandra3,cassandra1,False,2,2,False
169,1,MONOTONIC_READS,normal,netem delay 25ms 25ms,ONE,ONE,cassandra1,cassandra3,False,,2,False
169,2,MONOTONIC_READS,normal,netem delay 25ms 25ms,ONE,ONE,cassandra1,cassandra2,False,2,2,False
169,3,MONOTONIC_READS,normal,netem delay 25ms 25ms,ONE,ONE,cassandra1,cassandra3,False,2,2,False
169,4,MONOTONIC_READS,normal,netem delay 25ms 25ms,ONE,ONE,cassandra1,cassandra1,True,2,2,False
169,5,MONOTONIC_READS,normal,netem delay 25ms 25ms,ONE,ONE,cassandra1,cassandra1,True,2,2,False
170,1,MONOTONIC_READS,normal,netem delay 25ms 25ms,ONE,ONE,cassandra2,cassandra2,True,,2,False
170,2,MONOTONIC_READS,normal,netem delay 25ms 25ms,ONE,ONE,cassandra2,cassandra2,True,2,2,False
170,3,MONOTONIC_READS,normal,netem delay 25ms 25ms,ONE,ONE,cassandra2,cassandra3,False,2,2,False
170,4,MONOTONIC_READS,normal,netem delay 25ms 25ms,ONE,ONE,cassandra2,cassandra1,False,2,2,False
170,5,MONOTONIC_READS,normal,netem delay 25ms 25ms,ONE,ONE,cassandra2,cassandra2,True,2,2,False
171,1,MONOTONIC_READS,normal,netem delay 25ms 25ms,ONE,ONE,cassandra1,cassandra2,False,,1,False
171,2,MONOTONIC_READS,normal,netem delay 25ms 25ms,ONE,ONE,cassandra1,cassandra1,True,1,2,False
171,3,MONOTONIC_READS,normal,netem delay 25ms 25ms,ONE,ONE,cassandra1,cassandra1,True,2,2,False
171,4,MONOTONIC_READS,normal,netem delay 25ms 25ms,ONE,ONE,cassandra1,cassandra3,False,2,2,False
171,5,MONOTONIC_READS,normal,netem delay 25ms 25ms,ONE,ONE,cassandra1,cassandra3,False,2,2,False
172,1,MONOTONIC_READS,normal,netem delay 25ms 25ms,ONE,ONE,cassandra3,cassandra3,True,,2,False
172,2,MONOTONIC_READS,normal,netem delay 25ms 25ms,ONE,ONE,cassandra3,cassandra3,True,2,2,False
172,3,MONOTONIC_READS,normal,netem delay 25ms 25ms,ONE,ONE,cassandra3,cassandra1,False,2,2,False
172,4,MONOTONIC_READS,normal,netem delay 25ms 25ms,ONE,ONE,cassandra3,cassandra2,False,2,2,False
172,5,MONOTONIC_READS,normal,netem delay 25ms 25ms,ONE,ONE,cassandra3,cassandra2,False,2,2,False
173,1,MONOTONIC_READS,normal,netem delay 25ms 25ms,ONE,ONE,cassandra3,cassandra2,False,,2,False
173,2,MONOTONIC_READS,normal,netem delay 25ms 25ms,ONE,ONE,cassandra3,cassandra3,True,2,2,False
173,3,MONOTONIC_READS,normal,netem delay 25ms 25ms,ONE,ONE,cassandra3,cassandra3,True,2,2,False
173,4,MONOTONIC_READS,normal,netem delay 25ms 25ms,ONE,ONE,cassandra3,cassandra2,False,2,2,False
173,5,MONOTONIC_READS,normal,netem delay 25ms 25ms,ONE,ONE,cassandra3,cassandra3,True,2,2,False
174,1,MONOTONIC_READS,normal,netem delay 25ms 25ms,ONE,ONE,cassandra3,cassandra1,False,,2,False
174,2,MONOTONIC_READS,normal,netem delay 25ms 25ms,ONE,ONE,cassandra3,cassandra1,False,2,2,False
174,3,MONOTONIC_READS,normal,netem delay 25ms 25ms,ONE,ONE,cassandra3,cassandra3,True,2,2,False
174,4,MONOTONIC_READS,normal,netem delay 25ms 25ms,ONE,ONE,cassandra3,cassandra3,True,2,2,False
174,5,MONOTONIC_READS,normal,netem delay 25ms 25ms,ONE,ONE,cassandra3,cassandra3,True,2,2,False
175,1,MONOTONIC_READS,normal,netem delay 25ms 25ms,ONE,ONE,cassandra1,cassandra2,False,,2,False
175,2,MONOTONIC_READS,normal,netem delay 25ms 25ms,ONE,ONE,cassandra1,cassandra2,False,2,2,False
175,3,MONOTONIC_READS,normal,netem delay 25ms 25ms,ONE,ONE,cassandra1,cassandra2,False,2,2,False
175,4,MONOTONIC_READS,normal,netem delay 25ms 25ms,ONE,ONE,cassandra1,cassandra2,False,2,2,False
175,5,MONOTONIC_READS,normal,netem delay 25ms 25ms,ONE,ONE,cassandra1,cassandra2,False,2,2,False
176,1,MONOTONIC_READS,normal,netem delay 25ms 25ms,ONE,ONE,cassandra1,cassandra1,True,,2,False
176,2,MONOTONIC_READS,normal,netem delay 25ms 25ms,ONE,ONE,cassandra1,cassandra3,False,2,2,False
176,3,MONOTONIC_READS,normal,netem delay 25ms 25ms,ONE,ONE,cassandra1,cassandra2,False,2,2,False
176,4,MONOTONIC_READS,normal,netem delay 25ms 25ms,ONE,ONE,cassandra1,cassandra1,True,2,2,False
176,5,MONOTONIC_READS,normal,netem delay 25ms 25ms,ONE,ONE,cassandra1,cassandra1,True,2,2,False
177,1,MONOTONIC_READS,normal,netem delay 25ms 25ms,ONE,ONE,cassandra3,cassandra3,True,,2,False
177,2,MONOTONIC_READS,normal,netem delay 25ms 25ms,ONE,ONE,cassandra3,cassandra3,True,2,2,False
177,3,MONOTONIC_READS,normal,netem delay 25ms 25ms,ONE,ONE,cassandra3,cassandra2,False,2,2,False
177,4,MONOTONIC_READS,normal,netem delay 25ms 25ms,ONE,ONE,cassandra3,cassandra3,True,2,2,False
177,5,MONOTONIC_READS,normal,netem delay 25ms 25ms,ONE,ONE,cassandra3,cassandra2,False,2,2,False
178,1,MONOTONIC_READS,normal,netem delay 25ms 25ms,ONE,ONE,cassandra2,cassandra2,True,,2,False
178,2,MONOTONIC_READS,normal,netem delay 25ms 25ms,ONE,ONE,cassandra2,cassandra2,True,2,2,False
178,3,MONOTONIC_READS,normal,netem delay 25ms 25ms,ONE,ONE,cassandra2,cassandra1,False,2,2,False
178,4,MONOTONIC_READS,normal,netem delay 25ms 25ms,ONE,ONE,cassandra2,cassandra2,True,2,2,False
178,5,MONOTONIC_READS,normal,netem delay 25ms 25ms,ONE,ONE,cassandra2,cassandra2,True,2,2,False
179,1,MONOTONIC_READS,normal,netem delay 25ms 25ms,ONE,ONE,cassandra2,cassandra1,False,,2,False
179,2,MONOTONIC_READS,normal,netem delay 25ms 25ms,ONE,ONE,cassandra2,cassandra3,False,2,2,False
179,3,MONOTONIC_READS,normal,netem delay 25ms 25ms,ONE,ONE,cassandra2,cassandra1,False,2,2,False
179,4,MONOTONIC_READS,normal,netem delay 25ms 25ms,ONE,ONE,cassandra2,cassandra2,True,2,2,False
179,5,MONOTONIC_READS,normal,netem delay 25ms 25ms,ONE,ONE,cassandra2,cassandra2,True,2,2,False
180,1,MONOTONIC_READS,normal,netem delay 25ms 25ms,ONE,ONE,cassandra3,cassandra3,True,,2,False
180,2,MONOTONIC_READS,normal,netem delay 25ms 25ms,ONE,ONE,cassandra3,cassandra3,True,2,2,False
180,3,MONOTONIC_READS,normal,netem delay 25ms 25ms,ONE,ONE,cassandra3,cassandra2,False,2,2,False
180,4,MONOTONIC_READS,normal,netem delay 25ms 25ms,ONE,ONE,cassandra3,cassandra3,True,2,2,False
180,5,MONOTONIC_READS,normal,netem delay 25ms 25ms,ONE,ONE,cassandra3,cassandra3,True,2,2,False
181,1,MONOTONIC_READS,normal,netem delay 25ms 25ms,ONE,ONE,cassandra2,cassandra3,False,,1,False
181,2,MONOTONIC_READS,normal,netem delay 25ms 25ms,ONE,ONE,cassandra2,cassandra1,False,1,2,False
181,3,MONOTONIC_READS,normal,netem delay 25ms 25ms,ONE,ONE,cassandra2,cassandra3,False,2,2,False
181,4,MONOTONIC_READS,normal,netem delay 25ms 25ms,ONE,ONE,cassandra2,cassandra2,True,2,2,False
181,5,MONOTONIC_READS,normal,netem delay 25ms 25ms,ONE,ONE,cassandra2,cassandra3,False,2,2,False
182,1,MONOTONIC_READS,normal,netem delay 25ms 25ms,ONE,ONE,cassandra3,cassandra3,True,,2,False
182,2,MONOTONIC_READS,normal,netem delay 25ms 25ms,ONE,ONE,cassandra3,cassandra3,True,2,2,False
182,3,MONOTONIC_READS,normal,netem delay 25ms 25ms,ONE,ONE,cassandra3,cassandra3,True,2,2,False
182,4,MONOTONIC_READS,normal,netem delay 25ms 25ms,ONE,ONE,cassandra3,cassandra2,False,2,2,False
182,5,MONOTONIC_READS,normal,netem delay 25ms 25ms,ONE,ONE,cassandra3,cassandra3,True,2,2,False
183,1,MONOTONIC_READS,normal,netem delay 25ms 25ms,ONE,ONE,cassandra1,cassandra2,False,,2,False
183,2,MONOTONIC_READS,normal,netem delay 25ms 25ms,ONE,ONE,cassandra1,cassandra3,False,2,2,False
183,3,MONOTONIC_READS,normal,netem delay 25ms 25ms,ONE,ONE,cassandra1,cassandra2,False,2,2,False
183,4,MONOTONIC_READS,normal,netem delay 25ms 25ms,ONE,ONE,cassandra1,cassandra3,False,2,2,False
183,5,MONOTONIC_READS,normal,netem delay 25ms 25ms,ONE,ONE,cassandra1,cassandra3,False,2,2,False
184,1,MONOTONIC_READS,normal,netem delay 25ms 25ms,ONE,ONE,cassandra3,cassandra2,False,,2,False
184,2,MONOTONIC_READS,normal,netem delay 25ms 25ms,ONE,ONE,cassandra3,cassandra1,False,2,2,False
184,3,MONOTONIC_READS,normal,netem delay 25ms 25ms,ONE,ONE,cassandra3,cassandra2,False,2,2,False
184,4,MONOTONIC_READS,normal,netem delay 25ms 25ms,ONE,ONE,cassandra3,cassandra1,False,2,2,False
184,5,MONOTONIC_READS,normal,netem delay 25ms 25ms,ONE,ONE,cassandra3,cassandra2,False,2,2,False
185,1,MONOTONIC_READS,normal,netem delay 25ms 25ms,ONE,ONE,cassandra3,cassandra3,True,,2,False
185,2,MONOTONIC_READS,normal,netem delay 25ms 25ms,ONE,ONE,cassandra3,cassandra3,True,2,2,False
185,3,MONOTONIC_READS,normal,netem delay 25ms 25ms,ONE,ONE,cassandra3,cassandra3,True,2,2,False
185,4,MONOTONIC_READS,normal,netem delay 25ms 25ms,ONE,ONE,cassandra3,cassandra2,False,2,2,False
185,5,MONOTONIC_READS,normal,netem delay 25ms 25ms,ONE,ONE,cassandra3,cassandra2,False,2,2,False
186,1,MONOTONIC_READS,normal,netem delay 25ms 25ms,ONE,ONE,cassandra3,cassandra3,True,,2,False
186,2,MONOTONIC_READS,normal,netem delay 25ms 25ms,ONE,ONE,cassandra3,cassandra2,False,2,1,True
186,3,MONOTONIC_READS,normal,netem delay 25ms 25ms,ONE,ONE,cassandra3,cassandra1,False,1,2,False
186,4,MONOTONIC_READS,normal,netem delay 25ms 25ms,ONE,ONE,cassandra3,cassandra1,False,2,2,False
186,5,MONOTONIC_READS,normal,netem delay 25ms 25ms,ONE,ONE,cassandra3,cassandra2,False,2,2,False
187,1,MONOTONIC_READS,normal,netem delay 25ms 25ms,ONE,ONE,cassandra3,cassandra2,False,,2,False
187,2,MONOTONIC_READS,normal,netem delay 25ms 25ms,ONE,ONE,cassandra3,cassandra3,True,2,2,False
187,3,MONOTONIC_READS,normal,netem delay 25ms 25ms,ONE,ONE,cassandra3,cassandra2,False,2,2,False
187,4,MONOTONIC_READS,normal,netem delay 25ms 25ms,ONE,ONE,cassandra3,cassandra1,False,2,2,False
187,5,MONOTONIC_READS,normal,netem delay 25ms 25ms,ONE,ONE,cassandra3,cassandra1,False,2,2,False
188,1,MONOTONIC_READS,normal,netem delay 25ms 25ms,ONE,ONE,cassandra2,cassandra1,False,,1,False
188,2,MONOTONIC_READS,normal,netem delay 25ms 25ms,ONE,ONE,cassandra2,cassandra3,False,1,2,False
188,3,MONOTONIC_READS,normal,netem delay 25ms 25ms,ONE,ONE,cassandra2,cassandra1,False,2,2,False
188,4,MONOTONIC_READS,normal,netem delay 25ms 25ms,ONE,ONE,cassandra2,cassandra3,False,2,2,False
188,5,MONOTONIC_READS,normal,netem delay 25ms 25ms,ONE,ONE,cassandra2,cassandra1,False,2,2,False
189,1,MONOTONIC_READS,normal,netem delay 25ms 25ms,ONE,ONE,cassandra3,cassandra3,True,,2,False
189,2,MONOTONIC_READS,normal,netem delay 25ms 25ms,ONE,ONE,cassandra3,cassandra2,False,2,2,False
189,3,MONOTONIC_READS,normal,netem delay 25ms 25ms,ONE,ONE,cassandra3,cassandra3,True,2,2,False
189,4,MONOTONIC_READS,normal,netem delay 25ms 25ms,ONE,ONE,cassandra3,cassandra1,False,2,2,False
189,5,MONOTONIC_READS,normal,netem delay 25ms 25ms,ONE,ONE,cassandra3,cassandra1,False,2,2,False
190,1,MONOTONIC_READS,normal,netem delay 25ms 25ms,ONE,ONE,cassandra3,cassandra2,False,,2,False
190,2,MONOTONIC_READS,normal,netem delay 25ms 25ms,ONE,ONE,cassandra3,cassandra1,False,2,2,False
190,3,MONOTONIC_READS,normal,netem delay 25ms 25ms,ONE,ONE,cassandra3,cassandra3,True,2,2,False
190,4,MONOTONIC_READS,normal,netem delay 25ms 25ms,ONE,ONE,cassandra3,cassandra3,True,2,2,False
190,5,MONOTONIC_READS,normal,netem delay 25ms 25ms,ONE,ONE,cassandra3,cassandra1,False,2,2,False
191,1,MONOTONIC_READS,normal,netem delay 25ms 25ms,ONE,ONE,cassandra3,cassandra1,False,,2,False
191,2,MONOTONIC_READS,normal,netem delay 25ms 25ms,ONE,ONE,cassandra3,cassandra1,False,2,2,False
191,3,MONOTONIC_READS,normal,netem delay 25ms 25ms,ONE,ONE,cassandra3,cassandra2,False,2,2,False
191,4,MONOTONIC_READS,normal,netem delay 25ms 25ms,ONE,ONE,cassandra3,cassandra3,True,2,2,False
191,5,MONOTONIC_READS,normal,netem delay 25ms 25ms,ONE,ONE,cassandra3,cassandra3,True,2,2,False
192,1,MONOTONIC_READS,normal,netem delay 25ms 25ms,ONE,ONE,cassandra2,cassandra3,False,,1,False
192,2,MONOTONIC_READS,normal,netem delay 25ms 25ms,ONE,ONE,cassandra2,cassandra2,True,1,2,False
192,3,MONOTONIC_READS,normal,netem delay 25ms 25ms,ONE,ONE,cassandra2,cassandra3,False,2,2,False
192,4,MONOTONIC_READS,normal,netem delay 25ms 25ms,ONE,ONE,cassandra2,cassandra2,True,2,2,False
192,5,MONOTONIC_READS,normal,netem delay 25ms 25ms,ONE,ONE,cassandra2,cassandra1,False,2,2,False
193,1,MONOTONIC_READS,normal,netem delay 25ms 25ms,ONE,ONE,cassandra2,cassandra2,True,,2,False
193,2,MONOTONIC_READS,normal,netem delay 25ms 25ms,ONE,ONE,cassandra2,cassandra3,False,2,2,False
193,3,MONOTONIC_READS,normal,netem delay 25ms 25ms,ONE,ONE,cassandra2,cassandra3,False,2,2,False
193,4,MONOTONIC_READS,normal,netem delay 25ms 25ms,ONE,ONE,cassandra2,cassandra3,False,2,2,False
193,5,MONOTONIC_READS,normal,netem delay 25ms 25ms,ONE,ONE,cassandra2,cassandra2,True,2,2,False
194,1,MONOTONIC_READS,normal,netem delay 25ms 25ms,ONE,ONE,cassandra2,cassandra2,True,,2,False
194,2,MONOTONIC_READS,normal,netem delay 25ms 25ms,ONE,ONE,cassandra2,cassandra1,False,2,2,False
194,3,MONOTONIC_READS,normal,netem delay 25ms 25ms,ONE,ONE,cassandra2,cassandra3,False,2,2,False
194,4,MONOTONIC_READS,normal,netem delay 25ms 25ms,ONE,ONE,cassandra2,cassandra2,True,2,2,False
194,5,MONOTONIC_READS,normal,netem delay 25ms 25ms,ONE,ONE,cassandra2,cassandra2,True,2,2,False
195,1,MONOTONIC_READS,normal,netem delay 25ms 25ms,ONE,ONE,cassandra1,cassandra3,False,,1,False
195,2,MONOTONIC_READS,normal,netem delay 25ms 25ms,ONE,ONE,cassandra1,cassandra3,False,1,2,False
195,3,MONOTONIC_READS,normal,netem delay 25ms 25ms,ONE,ONE,cassandra1,cassandra2,False,2,2,False
195,4,MONOTONIC_READS,normal,netem delay 25ms 25ms,ONE,ONE,cassandra1,cassandra1,True,2,2,False
195,5,MONOTONIC_READS,normal,netem delay 25ms 25ms,ONE,ONE,cassandra1,cassandra1,True,2,2,False
196,1,MONOTONIC_READS,normal,netem delay 25ms 25ms,ONE,ONE,cassandra3,cassandra1,False,,2,False
196,2,MONOTONIC_READS,normal,netem delay 25ms 25ms,ONE,ONE,cassandra3,cassandra3,True,2,2,False
196,3,MONOTONIC_READS,normal,netem delay 25ms 25ms,ONE,ONE,cassandra3,cassandra1,False,2,2,False
196,4,MONOTONIC_READS,normal,netem delay 25ms 25ms,ONE,ONE,cassandra3,cassandra2,False,2,2,False
196,5,MONOTONIC_READS,normal,netem delay 25ms 25ms,ONE,ONE,cassandra3,cassandra2,False,2,2,False
197,1,MONOTONIC_READS,normal,netem delay 25ms 25ms,ONE,ONE,cassandra3,cassandra2,False,,1,False
197,2,MONOTONIC_READS,normal,netem delay 25ms 25ms,ONE,ONE,cassandra3,cassandra1,False,1,2,False
197,3,MONOTONIC_READS,normal,netem delay 25ms 25ms,ONE,ONE,cassandra3,cassandra3,True,2,2,False
197,4,MONOTONIC_READS,normal,netem delay 25ms 25ms,ONE,ONE,cassandra3,cassandra3,True,2,2,False
197,5,MONOTONIC_READS,normal,netem delay 25ms 25ms,ONE,ONE,cassandra3,cassandra2,False,2,2,False
198,1,MONOTONIC_READS,normal,netem delay 25ms 25ms,ONE,ONE,cassandra3,cassandra1,False,,2,False
198,2,MONOTONIC_READS,normal,netem delay 25ms 25ms,ONE,ONE,cassandra3,cassandra1,False,2,2,False
198,3,MONOTONIC_READS,normal,netem delay 25ms 25ms,ONE,ONE,cassandra3,cassandra1,False,2,2,False
198,4,MONOTONIC_READS,normal,netem delay 25ms 25ms,ONE,ONE,cassandra3,cassandra2,False,2,2,False
198,5,MONOTONIC_READS,normal,netem delay 25ms 25ms,ONE,ONE,cassandra3,cassandra1,False,2,2,False
199,1,MONOTONIC_READS,normal,netem delay 25ms 25ms,ONE,ONE,cassandra3,cassandra1,False,,1,False
199,2,MONOTONIC_READS,normal,netem delay 25ms 25ms,ONE,ONE,cassandra3,cassandra2,False,1,2,False
199,3,MONOTONIC_READS,normal,netem delay 25ms 25ms,ONE,ONE,cassandra3,cassandra3,True,2,2,False
199,4,MONOTONIC_READS,normal,netem delay 25ms 25ms,ONE,ONE,cassandra3,cassandra2,False,2,2,False
199,5,MONOTONIC_READS,normal,netem delay 25ms 25ms,ONE,ONE,cassandra3,cassandra1,False,2,2,False
200,1,MONOTONIC_READS,normal,netem delay 25ms 25ms,ONE,ONE,cassandra2,cassandra1,False,,2,False
200,2,MONOTONIC_READS,normal,netem delay 25ms 25ms,ONE,ONE,cassandra2,cassandra2,True,2,2,False
200,3,MONOTONIC_READS,normal,netem delay 25ms 25ms,ONE,ONE,cassandra2,cassandra3,False,2,2,False
200,4,MONOTONIC_READS,normal,netem delay 25ms 25ms,ONE,ONE,cassandra2,cassandra1,False,2,2,False
200,5,MONOTONIC_READS,normal,netem delay 25ms 25ms,ONE,ONE,cassandra2,cassandra1,False,2,2,False
1,1,MONOTONIC_READS,normal,netem delay 25ms 25ms,ONE,QUORUM,cassandra1,cassandra2,False,,2,False
1,2,MONOTONIC_READS,normal,netem delay 25ms 25ms,ONE,QUORUM,cassandra1,cassandra1,True,2,2,False
1,3,MONOTONIC_READS,normal,netem delay 25ms 25ms,ONE,QUORUM,cassandra1,cassandra2,False,2,2,False
1,4,MONOTONIC_READS,normal,netem delay 25ms 25ms,ONE,QUORUM,cassandra1,cassandra1,True,2,2,False
1,5,MONOTONIC_READS,normal,netem delay 25ms 25ms,ONE,QUORUM,cassandra1,cassandra1,True,2,2,False
2,1,MONOTONIC_READS,normal,netem delay 25ms 25ms,ONE,QUORUM,cassandra3,cassandra3,True,,2,False
2,2,MONOTONIC_READS,normal,netem delay 25ms 25ms,ONE,QUORUM,cassandra3,cassandra1,False,2,2,False
2,3,MONOTONIC_READS,normal,netem delay 25ms 25ms,ONE,QUORUM,cassandra3,cassandra2,False,2,2,False
2,4,MONOTONIC_READS,normal,netem delay 25ms 25ms,ONE,QUORUM,cassandra3,cassandra2,False,2,2,False
2,5,MONOTONIC_READS,normal,netem delay 25ms 25ms,ONE,QUORUM,cassandra3,cassandra3,True,2,2,False
3,1,MONOTONIC_READS,normal,netem delay 25ms 25ms,ONE,QUORUM,cassandra2,cassandra1,False,,2,False
3,2,MONOTONIC_READS,normal,netem delay 25ms 25ms,ONE,QUORUM,cassandra2,cassandra1,False,2,2,False
3,3,MONOTONIC_READS,normal,netem delay 25ms 25ms,ONE,QUORUM,cassandra2,cassandra2,True,2,2,False
3,4,MONOTONIC_READS,normal,netem delay 25ms 25ms,ONE,QUORUM,cassandra2,cassandra3,False,2,2,False
3,5,MONOTONIC_READS,normal,netem delay 25ms 25ms,ONE,QUORUM,cassandra2,cassandra1,False,2,2,False
4,1,MONOTONIC_READS,normal,netem delay 25ms 25ms,ONE,QUORUM,cassandra3,cassandra1,False,,2,False
4,2,MONOTONIC_READS,normal,netem delay 25ms 25ms,ONE,QUORUM,cassandra3,cassandra1,False,2,2,False
4,3,MONOTONIC_READS,normal,netem delay 25ms 25ms,ONE,QUORUM,cassandra3,cassandra1,False,2,2,False
4,4,MONOTONIC_READS,normal,netem delay 25ms 25ms,ONE,QUORUM,cassandra3,cassandra1,False,2,2,False
4,5,MONOTONIC_READS,normal,netem delay 25ms 25ms,ONE,QUORUM,cassandra3,cassandra3,True,2,2,False
5,1,MONOTONIC_READS,normal,netem delay 25ms 25ms,ONE,QUORUM,cassandra1,cassandra2,False,,2,False
5,2,MONOTONIC_READS,normal,netem delay 25ms 25ms,ONE,QUORUM,cassandra1,cassandra2,False,2,2,False
5,3,MONOTONIC_READS,normal,netem delay 25ms 25ms,ONE,QUORUM,cassandra1,cassandra3,False,2,2,False
5,4,MONOTONIC_READS,normal,netem delay 25ms 25ms,ONE,QUORUM,cassandra1,cassandra2,False,2,2,False
5,5,MONOTONIC_READS,normal,netem delay 25ms 25ms,ONE,QUORUM,cassandra1,cassandra2,False,2,2,False
6,1,MONOTONIC_READS,normal,netem delay 25ms 25ms,ONE,QUORUM,cassandra2,cassandra3,False,,2,False
6,2,MONOTONIC_READS,normal,netem delay 25ms 25ms,ONE,QUORUM,cassandra2,cassandra1,False,2,2,False
6,3,MONOTONIC_READS,normal,netem delay 25ms 25ms,ONE,QUORUM,cassandra2,cassandra3,False,2,2,False
6,4,MONOTONIC_READS,normal,netem delay 25ms 25ms,ONE,QUORUM,cassandra2,cassandra3,False,2,2,False
6,5,MONOTONIC_READS,normal,netem delay 25ms 25ms,ONE,QUORUM,cassandra2,cassandra2,True,2,2,False
7,1,MONOTONIC_READS,normal,netem delay 25ms 25ms,ONE,QUORUM,cassandra1,cassandra2,False,,2,False
7,2,MONOTONIC_READS,normal,netem delay 25ms 25ms,ONE,QUORUM,cassandra1,cassandra2,False,2,2,False
7,3,MONOTONIC_READS,normal,netem delay 25ms 25ms,ONE,QUORUM,cassandra1,cassandra1,True,2,2,False
7,4,MONOTONIC_READS,normal,netem delay 25ms 25ms,ONE,QUORUM,cassandra1,cassandra2,False,2,2,False
7,5,MONOTONIC_READS,normal,netem delay 25ms 25ms,ONE,QUORUM,cassandra1,cassandra3,False,2,2,False
8,1,MONOTONIC_READS,normal,netem delay 25ms 25ms,ONE,QUORUM,cassandra3,cassandra2,False,,2,False
8,2,MONOTONIC_READS,normal,netem delay 25ms 25ms,ONE,QUORUM,cassandra3,cassandra2,False,2,2,False
8,3,MONOTONIC_READS,normal,netem delay 25ms 25ms,ONE,QUORUM,cassandra3,cassandra3,True,2,2,False
8,4,MONOTONIC_READS,normal,netem delay 25ms 25ms,ONE,QUORUM,cassandra3,cassandra2,False,2,2,False
8,5,MONOTONIC_READS,normal,netem delay 25ms 25ms,ONE,QUORUM,cassandra3,cassandra3,True,2,2,False
9,1,MONOTONIC_READS,normal,netem delay 25ms 25ms,ONE,QUORUM,cassandra3,cassandra2,False,,2,False
9,2,MONOTONIC_READS,normal,netem delay 25ms 25ms,ONE,QUORUM,cassandra3,cassandra1,False,2,2,False
9,3,MONOTONIC_READS,normal,netem delay 25ms 25ms,ONE,QUORUM,cassandra3,cassandra2,False,2,2,False
9,4,MONOTONIC_READS,normal,netem delay 25ms 25ms,ONE,QUORUM,cassandra3,cassandra2,False,2,2,False
9,5,MONOTONIC_READS,normal,netem delay 25ms 25ms,ONE,QUORUM,cassandra3,cassandra2,False,2,2,False
10,1,MONOTONIC_READS,normal,netem delay 25ms 25ms,ONE,QUORUM,cassandra1,cassandra2,False,,2,False
10,2,MONOTONIC_READS,normal,netem delay 25ms 25ms,ONE,QUORUM,cassandra1,cassandra1,True,2,2,False
10,3,MONOTONIC_READS,normal,netem delay 25ms 25ms,ONE,QUORUM,cassandra1,cassandra2,False,2,2,False
10,4,MONOTONIC_READS,normal,netem delay 25ms 25ms,ONE,QUORUM,cassandra1,cassandra3,False,2,2,False
10,5,MONOTONIC_READS,normal,netem delay 25ms 25ms,ONE,QUORUM,cassandra1,cassandra3,False,2,2,False
11,1,MONOTONIC_READS,normal,netem delay 25ms 25ms,ONE,QUORUM,cassandra3,cassandra2,False,,2,False
11,2,MONOTONIC_READS,normal,netem delay 25ms 25ms,ONE,QUORUM,cassandra3,cassandra3,True,2,2,False
11,3,MONOTONIC_READS,normal,netem delay 25ms 25ms,ONE,QUORUM,cassandra3,cassandra1,False,2,2,False
11,4,MONOTONIC_READS,normal,netem delay 25ms 25ms,ONE,QUORUM,cassandra3,cassandra2,False,2,2,False
11,5,MONOTONIC_READS,normal,netem delay 25ms 25ms,ONE,QUORUM,cassandra3,cassandra2,False,2,2,False
12,1,MONOTONIC_READS,normal,netem delay 25ms 25ms,ONE,QUORUM,cassandra2,cassandra2,True,,2,False
12,2,MONOTONIC_READS,normal,netem delay 25ms 25ms,ONE,QUORUM,cassandra2,cassandra3,False,2,2,False
12,3,MONOTONIC_READS,normal,netem delay 25ms 25ms,ONE,QUORUM,cassandra2,cassandra3,False,2,2,False
12,4,MONOTONIC_READS,normal,netem delay 25ms 25ms,ONE,QUORUM,cassandra2,cassandra1,False,2,2,False
12,5,MONOTONIC_READS,normal,netem delay 25ms 25ms,ONE,QUORUM,cassandra2,cassandra3,False,2,2,False
13,1,MONOTONIC_READS,normal,netem delay 25ms 25ms,ONE,QUORUM,cassandra2,cassandra1,False,,2,False
13,2,MONOTONIC_READS,normal,netem delay 25ms 25ms,ONE,QUORUM,cassandra2,cassandra3,False,2,2,False
13,3,MONOTONIC_READS,normal,netem delay 25ms 25ms,ONE,QUORUM,cassandra2,cassandra1,False,2,2,False
13,4,MONOTONIC_READS,normal,netem delay 25ms 25ms,ONE,QUORUM,cassandra2,cassandra3,False,2,2,False
13,5,MONOTONIC_READS,normal,netem delay 25ms 25ms,ONE,QUORUM,cassandra2,cassandra1,False,2,2,False
14,1,MONOTONIC_READS,normal,netem delay 25ms 25ms,ONE,QUORUM,cassandra2,cassandra3,False,,2,False
14,2,MONOTONIC_READS,normal,netem delay 25ms 25ms,ONE,QUORUM,cassandra2,cassandra1,False,2,2,False
14,3,MONOTONIC_READS,normal,netem delay 25ms 25ms,ONE,QUORUM,cassandra2,cassandra2,True,2,2,False
14,4,MONOTONIC_READS,normal,netem delay 25ms 25ms,ONE,QUORUM,cassandra2,cassandra1,False,2,2,False
14,5,MONOTONIC_READS,normal,netem delay 25ms 25ms,ONE,QUORUM,cassandra2,cassandra3,False,2,2,False
15,1,MONOTONIC_READS,normal,netem delay 25ms 25ms,ONE,QUORUM,cassandra1,cassandra2,False,,2,False
15,2,MONOTONIC_READS,normal,netem delay 25ms 25ms,ONE,QUORUM,cassandra1,cassandra3,False,2,2,False
15,3,MONOTONIC_READS,normal,netem delay 25ms 25ms,ONE,QUORUM,cassandra1,cassandra3,False,2,2,False
15,4,MONOTONIC_READS,normal,netem delay 25ms 25ms,ONE,QUORUM,cassandra1,cassandra2,False,2,2,False
15,5,MONOTONIC_READS,normal,netem delay 25ms 25ms,ONE,QUORUM,cassandra1,cassandra3,False,2,2,False
16,1,MONOTONIC_READS,normal,netem delay 25ms 25ms,ONE,QUORUM,cassandra3,cassandra1,False,,2,False
16,2,MONOTONIC_READS,normal,netem delay 25ms 25ms,ONE,QUORUM,cassandra3,cassandra3,True,2,2,False
16,3,MONOTONIC_READS,normal,netem delay 25ms 25ms,ONE,QUORUM,cassandra3,cassandra1,False,2,2,False
16,4,MONOTONIC_READS,normal,netem delay 25ms 25ms,ONE,QUORUM,cassandra3,cassandra1,False,2,2,False
16,5,MONOTONIC_READS,normal,netem delay 25ms 25ms,ONE,QUORUM,cassandra3,cassandra2,False,2,2,False
17,1,MONOTONIC_READS,normal,netem delay 25ms 25ms,ONE,QUORUM,cassandra1,cassandra3,False,,2,False
17,2,MONOTONIC_READS,normal,netem delay 25ms 25ms,ONE,QUORUM,cassandra1,cassandra2,False,2,2,False
17,3,MONOTONIC_READS,normal,netem delay 25ms 25ms,ONE,QUORUM,cassandra1,cassandra3,False,2,2,False
17,4,MONOTONIC_READS,normal,netem delay 25ms 25ms,ONE,QUORUM,cassandra1,cassandra3,False,2,2,False
17,5,MONOTONIC_READS,normal,netem delay 25ms 25ms,ONE,QUORUM,cassandra1,cassandra3,False,2,2,False
18,1,MONOTONIC_READS,normal,netem delay 25ms 25ms,ONE,QUORUM,cassandra2,cassandra3,False,,2,False
18,2,MONOTONIC_READS,normal,netem delay 25ms 25ms,ONE,QUORUM,cassandra2,cassandra1,False,2,2,False
18,3,MONOTONIC_READS,normal,netem delay 25ms 25ms,ONE,QUORUM,cassandra2,cassandra3,False,2,2,False
18,4,MONOTONIC_READS,normal,netem delay 25ms 25ms,ONE,QUORUM,cassandra2,cassandra3,False,2,2,False
18,5,MONOTONIC_READS,normal,netem delay 25ms 25ms,ONE,QUORUM,cassandra2,cassandra2,True,2,2,False
19,1,MONOTONIC_READS,normal,netem delay 25ms 25ms,ONE,QUORUM,cassandra3,cassandra3,True,,2,False
19,2,MONOTONIC_READS,normal,netem delay 25ms 25ms,ONE,QUORUM,cassandra3,cassandra3,True,2,2,False
19,3,MONOTONIC_READS,normal,netem delay 25ms 25ms,ONE,QUORUM,cassandra3,cassandra3,True,2,2,False
19,4,MONOTONIC_READS,normal,netem delay 25ms 25ms,ONE,QUORUM,cassandra3,cassandra3,True,2,2,False
19,5,MONOTONIC_READS,normal,netem delay 25ms 25ms,ONE,QUORUM,cassandra3,cassandra2,False,2,2,False
20,1,MONOTONIC_READS,normal,netem delay 25ms 25ms,ONE,QUORUM,cassandra1,cassandra3,False,,2,False
20,2,MONOTONIC_READS,normal,netem delay 25ms 25ms,ONE,QUORUM,cassandra1,cassandra2,False,2,2,False
20,3,MONOTONIC_READS,normal,netem delay 25ms 25ms,ONE,QUORUM,cassandra1,cassandra1,True,2,2,False
20,4,MONOTONIC_READS,normal,netem delay 25ms 25ms,ONE,QUORUM,cassandra1,cassandra3,False,2,2,False
20,5,MONOTONIC_READS,normal,netem delay 25ms 25ms,ONE,QUORUM,cassandra1,cassandra3,False,2,2,False
21,1,MONOTONIC_READS,normal,netem delay 25ms 25ms,ONE,QUORUM,cassandra3,cassandra2,False,,2,False
21,2,MONOTONIC_READS,normal,netem delay 25ms 25ms,ONE,QUORUM,cassandra3,cassandra3,True,2,2,False
21,3,MONOTONIC_READS,normal,netem delay 25ms 25ms,ONE,QUORUM,cassandra3,cassandra3,True,2,2,False
21,4,MONOTONIC_READS,normal,netem delay 25ms 25ms,ONE,QUORUM,cassandra3,cassandra2,False,2,2,False
21,5,MONOTONIC_READS,normal,netem delay 25ms 25ms,ONE,QUORUM,cassandra3,cassandra2,False,2,2,False
22,1,MONOTONIC_READS,normal,netem delay 25ms 25ms,ONE,QUORUM,cassandra1,cassandra2,False,,2,False
22,2,MONOTONIC_READS,normal,netem delay 25ms 25ms,ONE,QUORUM,cassandra1,cassandra1,True,2,2,False
22,3,MONOTONIC_READS,normal,netem delay 25ms 25ms,ONE,QUORUM,cassandra1,cassandra1,True,2,2,False
22,4,MONOTONIC_READS,normal,netem delay 25ms 25ms,ONE,QUORUM,cassandra1,cassandra2,False,2,2,False
22,5,MONOTONIC_READS,normal,netem delay 25ms 25ms,ONE,QUORUM,cassandra1,cassandra2,False,2,2,False
23,1,MONOTONIC_READS,normal,netem delay 25ms 25ms,ONE,QUORUM,cassandra2,cassandra1,False,,2,False
23,2,MONOTONIC_READS,normal,netem delay 25ms 25ms,ONE,QUORUM,cassandra2,cassandra3,False,2,2,False
23,3,MONOTONIC_READS,normal,netem delay 25ms 25ms,ONE,QUORUM,cassandra2,cassandra3,False,2,2,False
23,4,MONOTONIC_READS,normal,netem delay 25ms 25ms,ONE,QUORUM,cassandra2,cassandra1,False,2,2,False
23,5,MONOTONIC_READS,normal,netem delay 25ms 25ms,ONE,QUORUM,cassandra2,cassandra3,False,2,2,False
24,1,MONOTONIC_READS,normal,netem delay 25ms 25ms,ONE,QUORUM,cassandra3,cassandra3,True,,2,False
24,2,MONOTONIC_READS,normal,netem delay 25ms 25ms,ONE,QUORUM,cassandra3,cassandra2,False,2,2,False
24,3,MONOTONIC_READS,normal,netem delay 25ms 25ms,ONE,QUORUM,cassandra3,cassandra2,False,2,2,False
24,4,MONOTONIC_READS,normal,netem delay 25ms 25ms,ONE,QUORUM,cassandra3,cassandra2,False,2,2,False
24,5,MONOTONIC_READS,normal,netem delay 25ms 25ms,ONE,QUORUM,cassandra3,cassandra3,True,2,2,False
25,1,MONOTONIC_READS,normal,netem delay 25ms 25ms,ONE,QUORUM,cassandra1,cassandra3,False,,2,False
25,2,MONOTONIC_READS,normal,netem delay 25ms 25ms,ONE,QUORUM,cassandra1,cassandra1,True,2,2,False
25,3,MONOTONIC_READS,normal,netem delay 25ms 25ms,ONE,QUORUM,cassandra1,cassandra3,False,2,2,False
25,4,MONOTONIC_READS,normal,netem delay 25ms 25ms,ONE,QUORUM,cassandra1,cassandra1,True,2,2,False
25,5,MONOTONIC_READS,normal,netem delay 25ms 25ms,ONE,QUORUM,cassandra1,cassandra1,True,2,2,False
26,1,MONOTONIC_READS,normal,netem delay 25ms 25ms,ONE,QUORUM,cassandra3,cassandra3,True,,2,False
26,2,MONOTONIC_READS,normal,netem delay 25ms 25ms,ONE,QUORUM,cassandra3,cassandra3,True,2,2,False
26,3,MONOTONIC_READS,normal,netem delay 25ms 25ms,ONE,QUORUM,cassandra3,cassandra2,False,2,2,False
26,4,MONOTONIC_READS,normal,netem delay 25ms 25ms,ONE,QUORUM,cassandra3,cassandra1,False,2,2,False
26,5,MONOTONIC_READS,normal,netem delay 25ms 25ms,ONE,QUORUM,cassandra3,cassandra2,False,2,2,False
27,1,MONOTONIC_READS,normal,netem delay 25ms 25ms,ONE,QUORUM,cassandra3,cassandra2,False,,2,False
27,2,MONOTONIC_READS,normal,netem delay 25ms 25ms,ONE,QUORUM,cassandra3,cassandra3,True,2,2,False
27,3,MONOTONIC_READS,normal,netem delay 25ms 25ms,ONE,QUORUM,cassandra3,cassandra3,True,2,2,False
27,4,MONOTONIC_READS,normal,netem delay 25ms 25ms,ONE,QUORUM,cassandra3,cassandra1,False,2,2,False
27,5,MONOTONIC_READS,normal,netem delay 25ms 25ms,ONE,QUORUM,cassandra3,cassandra1,False,2,2,False
28,1,MONOTONIC_READS,normal,netem delay 25ms 25ms,ONE,QUORUM,cassandra2,cassandra3,False,,2,False
28,2,MONOTONIC_READS,normal,netem delay 25ms 25ms,ONE,QUORUM,cassandra2,cassandra1,False,2,2,False
28,3,MONOTONIC_READS,normal,netem delay 25ms 25ms,ONE,QUORUM,cassandra2,cassandra3,False,2,2,False
28,4,MONOTONIC_READS,normal,netem delay 25ms 25ms,ONE,QUORUM,cassandra2,cassandra1,False,2,2,False
28,5,MONOTONIC_READS,normal,netem delay 25ms 25ms,ONE,QUORUM,cassandra2,cassandra3,False,2,2,False
29,1,MONOTONIC_READS,normal,netem delay 25ms 25ms,ONE,QUORUM,cassandra2,cassandra3,False,,2,False
29,2,MONOTONIC_READS,normal,netem delay 25ms 25ms,ONE,QUORUM,cassandra2,cassandra3,False,2,2,False
29,3,MONOTONIC_READS,normal,netem delay 25ms 25ms,ONE,QUORUM,cassandra2,cassandra1,False,2,2,False
29,4,MONOTONIC_READS,normal,netem delay 25ms 25ms,ONE,QUORUM,cassandra2,cassandra3,False,2,2,False
29,5,MONOTONIC_READS,normal,netem delay 25ms 25ms,ONE,QUORUM,cassandra2,cassandra1,False,2,2,False
30,1,MONOTONIC_READS,normal,netem delay 25ms 25ms,ONE,QUORUM,cassandra3,cassandra3,True,,2,False
30,2,MONOTONIC_READS,normal,netem delay 25ms 25ms,ONE,QUORUM,cassandra3,cassandra2,False,2,2,False
30,3,MONOTONIC_READS,normal,netem delay 25ms 25ms,ONE,QUORUM,cassandra3,cassandra1,False,2,2,False
30,4,MONOTONIC_READS,normal,netem delay 25ms 25ms,ONE,QUORUM,cassandra3,cassandra1,False,2,2,False
30,5,MONOTONIC_READS,normal,netem delay 25ms 25ms,ONE,QUORUM,cassandra3,cassandra3,True,2,2,False
31,1,MONOTONIC_READS,normal,netem delay 25ms 25ms,ONE,QUORUM,cassandra3,cassandra3,True,,2,False
31,2,MONOTONIC_READS,normal,netem delay 25ms 25ms,ONE,QUORUM,cassandra3,cassandra2,False,2,2,False
31,3,MONOTONIC_READS,normal,netem delay 25ms 25ms,ONE,QUORUM,cassandra3,cassandra3,True,2,2,False
31,4,MONOTONIC_READS,normal,netem delay 25ms 25ms,ONE,QUORUM,cassandra3,cassandra2,False,2,2,False
31,5,MONOTONIC_READS,normal,netem delay 25ms 25ms,ONE,QUORUM,cassandra3,cassandra3,True,2,2,False
32,1,MONOTONIC_READS,normal,netem delay 25ms 25ms,ONE,QUORUM,cassandra2,cassandra1,False,,2,False
32,2,MONOTONIC_READS,normal,netem delay 25ms 25ms,ONE,QUORUM,cassandra2,cassandra2,True,2,2,False
32,3,MONOTONIC_READS,normal,netem delay 25ms 25ms,ONE,QUORUM,cassandra2,cassandra3,False,2,2,False
32,4,MONOTONIC_READS,normal,netem delay 25ms 25ms,ONE,QUORUM,cassandra2,cassandra2,True,2,2,False
32,5,MONOTONIC_READS,normal,netem delay 25ms 25ms,ONE,QUORUM,cassandra2,cassandra2,True,2,2,False
33,1,MONOTONIC_READS,normal,netem delay 25ms 25ms,ONE,QUORUM,cassandra2,cassandra1,False,,2,False
33,2,MONOTONIC_READS,normal,netem delay 25ms 25ms,ONE,QUORUM,cassandra2,cassandra1,False,2,2,False
33,3,MONOTONIC_READS,normal,netem delay 25ms 25ms,ONE,QUORUM,cassandra2,cassandra1,False,2,2,False
33,4,MONOTONIC_READS,normal,netem delay 25ms 25ms,ONE,QUORUM,cassandra2,cassandra3,False,2,2,False
33,5,MONOTONIC_READS,normal,netem delay 25ms 25ms,ONE,QUORUM,cassandra2,cassandra3,False,2,2,False
34,1,MONOTONIC_READS,normal,netem delay 25ms 25ms,ONE,QUORUM,cassandra1,cassandra2,False,,2,False
34,2,MONOTONIC_READS,normal,netem delay 25ms 25ms,ONE,QUORUM,cassandra1,cassandra3,False,2,2,False
34,3,MONOTONIC_READS,normal,netem delay 25ms 25ms,ONE,QUORUM,cassandra1,cassandra1,True,2,2,False
34,4,MONOTONIC_READS,normal,netem delay 25ms 25ms,ONE,QUORUM,cassandra1,cassandra3,False,2,2,False
34,5,MONOTONIC_READS,normal,netem delay 25ms 25ms,ONE,QUORUM,cassandra1,cassandra1,True,2,2,False
35,1,MONOTONIC_READS,normal,netem delay 25ms 25ms,ONE,QUORUM,cassandra2,cassandra2,True,,2,False
35,2,MONOTONIC_READS,normal,netem delay 25ms 25ms,ONE,QUORUM,cassandra2,cassandra1,False,2,2,False
35,3,MONOTONIC_READS,normal,netem delay 25ms 25ms,ONE,QUORUM,cassandra2,cassandra3,False,2,2,False
35,4,MONOTONIC_READS,normal,netem delay 25ms 25ms,ONE,QUORUM,cassandra2,cassandra3,False,2,2,False
35,5,MONOTONIC_READS,normal,netem delay 25ms 25ms,ONE,QUORUM,cassandra2,cassandra3,False,2,2,False
36,1,MONOTONIC_READS,normal,netem delay 25ms 25ms,ONE,QUORUM,cassandra3,cassandra2,False,,2,False
36,2,MONOTONIC_READS,normal,netem delay 25ms 25ms,ONE,QUORUM,cassandra3,cassandra1,False,2,2,False
36,3,MONOTONIC_READS,normal,netem delay 25ms 25ms,ONE,QUORUM,cassandra3,cassandra2,False,2,2,False
36,4,MONOTONIC_READS,normal,netem delay 25ms 25ms,ONE,QUORUM,cassandra3,cassandra3,True,2,2,False
36,5,MONOTONIC_READS,normal,netem delay 25ms 25ms,ONE,QUORUM,cassandra3,cassandra1,False,2,2,False
37,1,MONOTONIC_READS,normal,netem delay 25ms 25ms,ONE,QUORUM,cassandra3,cassandra3,True,,2,False
37,2,MONOTONIC_READS,normal,netem delay 25ms 25ms,ONE,QUORUM,cassandra3,cassandra3,True,2,2,False
37,3,MONOTONIC_READS,normal,netem delay 25ms 25ms,ONE,QUORUM,cassandra3,cassandra2,False,2,2,False
37,4,MONOTONIC_READS,normal,netem delay 25ms 25ms,ONE,QUORUM,cassandra3,cassandra3,True,2,2,False
37,5,MONOTONIC_READS,normal,netem delay 25ms 25ms,ONE,QUORUM,cassandra3,cassandra2,False,2,2,False
38,1,MONOTONIC_READS,normal,netem delay 25ms 25ms,ONE,QUORUM,cassandra3,cassandra2,False,,2,False
38,2,MONOTONIC_READS,normal,netem delay 25ms 25ms,ONE,QUORUM,cassandra3,cassandra1,False,2,2,False
38,3,MONOTONIC_READS,normal,netem delay 25ms 25ms,ONE,QUORUM,cassandra3,cassandra1,False,2,2,False
38,4,MONOTONIC_READS,normal,netem delay 25ms 25ms,ONE,QUORUM,cassandra3,cassandra1,False,2,2,False
38,5,MONOTONIC_READS,normal,netem delay 25ms 25ms,ONE,QUORUM,cassandra3,cassandra1,False,2,2,False
39,1,MONOTONIC_READS,normal,netem delay 25ms 25ms,ONE,QUORUM,cassandra1,cassandra2,False,,2,False
39,2,MONOTONIC_READS,normal,netem delay 25ms 25ms,ONE,QUORUM,cassandra1,cassandra1,True,2,2,False
39,3,MONOTONIC_READS,normal,netem delay 25ms 25ms,ONE,QUORUM,cassandra1,cassandra2,False,2,2,False
39,4,MONOTONIC_READS,normal,netem delay 25ms 25ms,ONE,QUORUM,cassandra1,cassandra2,False,2,2,False
39,5,MONOTONIC_READS,normal,netem delay 25ms 25ms,ONE,QUORUM,cassandra1,cassandra1,True,2,2,False
40,1,MONOTONIC_READS,normal,netem delay 25ms 25ms,ONE,QUORUM,cassandra2,cassandra1,False,,2,False
40,2,MONOTONIC_READS,normal,netem delay 25ms 25ms,ONE,QUORUM,cassandra2,cassandra2,True,2,2,False
40,3,MONOTONIC_READS,normal,netem delay 25ms 25ms,ONE,QUORUM,cassandra2,cassandra1,False,2,2,False
40,4,MONOTONIC_READS,normal,netem delay 25ms 25ms,ONE,QUORUM,cassandra2,cassandra2,True,2,2,False
40,5,MONOTONIC_READS,normal,netem delay 25ms 25ms,ONE,QUORUM,cassandra2,cassandra3,False,2,2,False
41,1,MONOTONIC_READS,normal,netem delay 25ms 25ms,ONE,QUORUM,cassandra3,cassandra2,False,,2,False
41,2,MONOTONIC_READS,normal,netem delay 25ms 25ms,ONE,QUORUM,cassandra3,cassandra1,False,2,2,False
41,3,MONOTONIC_READS,normal,netem delay 25ms 25ms,ONE,QUORUM,cassandra3,cassandra1,False,2,2,False
41,4,MONOTONIC_READS,normal,netem delay 25ms 25ms,ONE,QUORUM,cassandra3,cassandra3,True,2,2,False
41,5,MONOTONIC_READS,normal,netem delay 25ms 25ms,ONE,QUORUM,cassandra3,cassandra1,False,2,2,False
42,1,MONOTONIC_READS,normal,netem delay 25ms 25ms,ONE,QUORUM,cassandra1,cassandra2,False,,2,False
42,2,MONOTONIC_READS,normal,netem delay 25ms 25ms,ONE,QUORUM,cassandra1,cassandra3,False,2,2,False
42,3,MONOTONIC_READS,normal,netem delay 25ms 25ms,ONE,QUORUM,cassandra1,cassandra1,True,2,2,False
42,4,MONOTONIC_READS,normal,netem delay 25ms 25ms,ONE,QUORUM,cassandra1,cassandra3,False,2,2,False
42,5,MONOTONIC_READS,normal,netem delay 25ms 25ms,ONE,QUORUM,cassandra1,cassandra1,True,2,2,False
43,1,MONOTONIC_READS,normal,netem delay 25ms 25ms,ONE,QUORUM,cassandra2,cassandra1,False,,2,False
43,2,MONOTONIC_READS,normal,netem delay 25ms 25ms,ONE,QUORUM,cassandra2,cassandra1,False,2,2,False
43,3,MONOTONIC_READS,normal,netem delay 25ms 25ms,ONE,QUORUM,cassandra2,cassandra2,True,2,2,False
43,4,MONOTONIC_READS,normal,netem delay 25ms 25ms,ONE,QUORUM,cassandra2,cassandra2,True,2,2,False
43,5,MONOTONIC_READS,normal,netem delay 25ms 25ms,ONE,QUORUM,cassandra2,cassandra3,False,2,2,False
44,1,MONOTONIC_READS,normal,netem delay 25ms 25ms,ONE,QUORUM,cassandra3,cassandra3,True,,2,False
44,2,MONOTONIC_READS,normal,netem delay 25ms 25ms,ONE,QUORUM,cassandra3,cassandra2,False,2,2,False
44,3,MONOTONIC_READS,normal,netem delay 25ms 25ms,ONE,QUORUM,cassandra3,cassandra1,False,2,2,False
44,4,MONOTONIC_READS,normal,netem delay 25ms 25ms,ONE,QUORUM,cassandra3,cassandra3,True,2,2,False
44,5,MONOTONIC_READS,normal,netem delay 25ms 25ms,ONE,QUORUM,cassandra3,cassandra3,True,2,2,False
45,1,MONOTONIC_READS,normal,netem delay 25ms 25ms,ONE,QUORUM,cassandra2,cassandra3,False,,2,False
45,2,MONOTONIC_READS,normal,netem delay 25ms 25ms,ONE,QUORUM,cassandra2,cassandra1,False,2,2,False
45,3,MONOTONIC_READS,normal,netem delay 25ms 25ms,ONE,QUORUM,cassandra2,cassandra2,True,2,2,False
45,4,MONOTONIC_READS,normal,netem delay 25ms 25ms,ONE,QUORUM,cassandra2,cassandra1,False,2,2,False
45,5,MONOTONIC_READS,normal,netem delay 25ms 25ms,ONE,QUORUM,cassandra2,cassandra1,False,2,2,False
46,1,MONOTONIC_READS,normal,netem delay 25ms 25ms,ONE,QUORUM,cassandra2,cassandra1,False,,2,False
46,2,MONOTONIC_READS,normal,netem delay 25ms 25ms,ONE,QUORUM,cassandra2,cassandra3,False,2,2,False
46,3,MONOTONIC_READS,normal,netem delay 25ms 25ms,ONE,QUORUM,cassandra2,cassandra3,False,2,2,False
46,4,MONOTONIC_READS,normal,netem delay 25ms 25ms,ONE,QUORUM,cassandra2,cassandra2,True,2,2,False
46,5,MONOTONIC_READS,normal,netem delay 25ms 25ms,ONE,QUORUM,cassandra2,cassandra3,False,2,2,False
47,1,MONOTONIC_READS,normal,netem delay 25ms 25ms,ONE,QUORUM,cassandra2,cassandra2,True,,2,False
47,2,MONOTONIC_READS,normal,netem delay 25ms 25ms,ONE,QUORUM,cassandra2,cassandra1,False,2,2,False
47,3,MONOTONIC_READS,normal,netem delay 25ms 25ms,ONE,QUORUM,cassandra2,cassandra1,False,2,2,False
47,4,MONOTONIC_READS,normal,netem delay 25ms 25ms,ONE,QUORUM,cassandra2,cassandra1,False,2,2,False
47,5,MONOTONIC_READS,normal,netem delay 25ms 25ms,ONE,QUORUM,cassandra2,cassandra2,True,2,2,False
48,1,MONOTONIC_READS,normal,netem delay 25ms 25ms,ONE,QUORUM,cassandra3,cassandra2,False,,2,False
48,2,MONOTONIC_READS,normal,netem delay 25ms 25ms,ONE,QUORUM,cassandra3,cassandra3,True,2,2,False
48,3,MONOTONIC_READS,normal,netem delay 25ms 25ms,ONE,QUORUM,cassandra3,cassandra1,False,2,2,False
48,4,MONOTONIC_READS,normal,netem delay 25ms 25ms,ONE,QUORUM,cassandra3,cassandra2,False,2,2,False
48,5,MONOTONIC_READS,normal,netem delay 25ms 25ms,ONE,QUORUM,cassandra3,cassandra3,True,2,2,False
49,1,MONOTONIC_READS,normal,netem delay 25ms 25ms,ONE,QUORUM,cassandra3,cassandra2,False,,2,False
49,2,MONOTONIC_READS,normal,netem delay 25ms 25ms,ONE,QUORUM,cassandra3,cassandra1,False,2,2,False
49,3,MONOTONIC_READS,normal,netem delay 25ms 25ms,ONE,QUORUM,cassandra3,cassandra1,False,2,2,False
49,4,MONOTONIC_READS,normal,netem delay 25ms 25ms,ONE,QUORUM,cassandra3,cassandra1,False,2,2,False
49,5,MONOTONIC_READS,normal,netem delay 25ms 25ms,ONE,QUORUM,cassandra3,cassandra1,False,2,2,False
50,1,MONOTONIC_READS,normal,netem delay 25ms 25ms,ONE,QUORUM,cassandra1,cassandra1,True,,2,False
50,2,MONOTONIC_READS,normal,netem delay 25ms 25ms,ONE,QUORUM,cassandra1,cassandra2,False,2,2,False
50,3,MONOTONIC_READS,normal,netem delay 25ms 25ms,ONE,QUORUM,cassandra1,cassandra3,False,2,2,False
50,4,MONOTONIC_READS,normal,netem delay 25ms 25ms,ONE,QUORUM,cassandra1,cassandra2,False,2,2,False
50,5,MONOTONIC_READS,normal,netem delay 25ms 25ms,ONE,QUORUM,cassandra1,cassandra2,False,2,2,False
51,1,MONOTONIC_READS,normal,netem delay 25ms 25ms,ONE,QUORUM,cassandra3,cassandra3,True,,2,False
51,2,MONOTONIC_READS,normal,netem delay 25ms 25ms,ONE,QUORUM,cassandra3,cassandra3,True,2,2,False
51,3,MONOTONIC_READS,normal,netem delay 25ms 25ms,ONE,QUORUM,cassandra3,cassandra1,False,2,2,False
51,4,MONOTONIC_READS,normal,netem delay 25ms 25ms,ONE,QUORUM,cassandra3,cassandra1,False,2,2,False
51,5,MONOTONIC_READS,normal,netem delay 25ms 25ms,ONE,QUORUM,cassandra3,cassandra2,False,2,2,False
52,1,MONOTONIC_READS,normal,netem delay 25ms 25ms,ONE,QUORUM,cassandra2,cassandra1,False,,2,False
52,2,MONOTONIC_READS,normal,netem delay 25ms 25ms,ONE,QUORUM,cassandra2,cassandra3,False,2,2,False
52,3,MONOTONIC_READS,normal,netem delay 25ms 25ms,ONE,QUORUM,cassandra2,cassandra3,False,2,2,False
52,4,MONOTONIC_READS,normal,netem delay 25ms 25ms,ONE,QUORUM,cassandra2,cassandra2,True,2,2,False
52,5,MONOTONIC_READS,normal,netem delay 25ms 25ms,ONE,QUORUM,cassandra2,cassandra2,True,2,2,False
53,1,MONOTONIC_READS,normal,netem delay 25ms 25ms,ONE,QUORUM,cassandra1,cassandra3,False,,2,False
53,2,MONOTONIC_READS,normal,netem delay 25ms 25ms,ONE,QUORUM,cassandra1,cassandra2,False,2,2,False
53,3,MONOTONIC_READS,normal,netem delay 25ms 25ms,ONE,QUORUM,cassandra1,cassandra3,False,2,2,False
53,4,MONOTONIC_READS,normal,netem delay 25ms 25ms,ONE,QUORUM,cassandra1,cassandra2,False,2,2,False
53,5,MONOTONIC_READS,normal,netem delay 25ms 25ms,ONE,QUORUM,cassandra1,cassandra2,False,2,2,False
54,1,MONOTONIC_READS,normal,netem delay 25ms 25ms,ONE,QUORUM,cassandra1,cassandra3,False,,2,False
54,2,MONOTONIC_READS,normal,netem delay 25ms 25ms,ONE,QUORUM,cassandra1,cassandra2,False,2,2,False
54,3,MONOTONIC_READS,normal,netem delay 25ms 25ms,ONE,QUORUM,cassandra1,cassandra3,False,2,2,False
54,4,MONOTONIC_READS,normal,netem delay 25ms 25ms,ONE,QUORUM,cassandra1,cassandra3,False,2,2,False
54,5,MONOTONIC_READS,normal,netem delay 25ms 25ms,ONE,QUORUM,cassandra1,cassandra3,False,2,2,False
55,1,MONOTONIC_READS,normal,netem delay 25ms 25ms,ONE,QUORUM,cassandra3,cassandra1,False,,2,False
55,2,MONOTONIC_READS,normal,netem delay 25ms 25ms,ONE,QUORUM,cassandra3,cassandra2,False,2,2,False
55,3,MONOTONIC_READS,normal,netem delay 25ms 25ms,ONE,QUORUM,cassandra3,cassandra3,True,2,2,False
55,4,MONOTONIC_READS,normal,netem delay 25ms 25ms,ONE,QUORUM,cassandra3,cassandra1,False,2,2,False
55,5,MONOTONIC_READS,normal,netem delay 25ms 25ms,ONE,QUORUM,cassandra3,cassandra3,True,2,2,False
56,1,MONOTONIC_READS,normal,netem delay 25ms 25ms,ONE,QUORUM,cassandra1,cassandra2,False,,2,False
56,2,MONOTONIC_READS,normal,netem delay 25ms 25ms,ONE,QUORUM,cassandra1,cassandra1,True,2,2,False
56,3,MONOTONIC_READS,normal,netem delay 25ms 25ms,ONE,QUORUM,cassandra1,cassandra2,False,2,2,False
56,4,MONOTONIC_READS,normal,netem delay 25ms 25ms,ONE,QUORUM,cassandra1,cassandra2,False,2,2,False
56,5,MONOTONIC_READS,normal,netem delay 25ms 25ms,ONE,QUORUM,cassandra1,cassandra2,False,2,2,False
57,1,MONOTONIC_READS,normal,netem delay 25ms 25ms,ONE,QUORUM,cassandra2,cassandra3,False,,2,False
57,2,MONOTONIC_READS,normal,netem delay 25ms 25ms,ONE,QUORUM,cassandra2,cassandra3,False,2,2,False
57,3,MONOTONIC_READS,normal,netem delay 25ms 25ms,ONE,QUORUM,cassandra2,cassandra2,True,2,2,False
57,4,MONOTONIC_READS,normal,netem delay 25ms 25ms,ONE,QUORUM,cassandra2,cassandra1,False,2,2,False
57,5,MONOTONIC_READS,normal,netem delay 25ms 25ms,ONE,QUORUM,cassandra2,cassandra3,False,2,2,False
58,1,MONOTONIC_READS,normal,netem delay 25ms 25ms,ONE,QUORUM,cassandra2,cassandra1,False,,2,False
58,2,MONOTONIC_READS,normal,netem delay 25ms 25ms,ONE,QUORUM,cassandra2,cassandra2,True,2,2,False
58,3,MONOTONIC_READS,normal,netem delay 25ms 25ms,ONE,QUORUM,cassandra2,cassandra3,False,2,2,False
58,4,MONOTONIC_READS,normal,netem delay 25ms 25ms,ONE,QUORUM,cassandra2,cassandra2,True,2,2,False
58,5,MONOTONIC_READS,normal,netem delay 25ms 25ms,ONE,QUORUM,cassandra2,cassandra2,True,2,2,False
59,1,MONOTONIC_READS,normal,netem delay 25ms 25ms,ONE,QUORUM,cassandra2,cassandra3,False,,2,False
59,2,MONOTONIC_READS,normal,netem delay 25ms 25ms,ONE,QUORUM,cassandra2,cassandra1,False,2,2,False
59,3,MONOTONIC_READS,normal,netem delay 25ms 25ms,ONE,QUORUM,cassandra2,cassandra1,False,2,2,False
59,4,MONOTONIC_READS,normal,netem delay 25ms 25ms,ONE,QUORUM,cassandra2,cassandra3,False,2,2,False
59,5,MONOTONIC_READS,normal,netem delay 25ms 25ms,ONE,QUORUM,cassandra2,cassandra3,False,2,2,False
60,1,MONOTONIC_READS,normal,netem delay 25ms 25ms,ONE,QUORUM,cassandra1,cassandra2,False,,2,False
60,2,MONOTONIC_READS,normal,netem delay 25ms 25ms,ONE,QUORUM,cassandra1,cassandra2,False,2,2,False
60,3,MONOTONIC_READS,normal,netem delay 25ms 25ms,ONE,QUORUM,cassandra1,cassandra3,False,2,2,False
60,4,MONOTONIC_READS,normal,netem delay 25ms 25ms,ONE,QUORUM,cassandra1,cassandra1,True,2,2,False
60,5,MONOTONIC_READS,normal,netem delay 25ms 25ms,ONE,QUORUM,cassandra1,cassandra1,True,2,2,False
61,1,MONOTONIC_READS,normal,netem delay 25ms 25ms,ONE,QUORUM,cassandra3,cassandra1,False,,2,False
61,2,MONOTONIC_READS,normal,netem delay 25ms 25ms,ONE,QUORUM,cassandra3,cassandra3,True,2,2,False
61,3,MONOTONIC_READS,normal,netem delay 25ms 25ms,ONE,QUORUM,cassandra3,cassandra3,True,2,2,False
61,4,MONOTONIC_READS,normal,netem delay 25ms 25ms,ONE,QUORUM,cassandra3,cassandra2,False,2,2,False
61,5,MONOTONIC_READS,normal,netem delay 25ms 25ms,ONE,QUORUM,cassandra3,cassandra3,True,2,2,False
62,1,MONOTONIC_READS,normal,netem delay 25ms 25ms,ONE,QUORUM,cassandra2,cassandra1,False,,2,False
62,2,MONOTONIC_READS,normal,netem delay 25ms 25ms,ONE,QUORUM,cassandra2,cassandra3,False,2,2,False
62,3,MONOTONIC_READS,normal,netem delay 25ms 25ms,ONE,QUORUM,cassandra2,cassandra2,True,2,2,False
62,4,MONOTONIC_READS,normal,netem delay 25ms 25ms,ONE,QUORUM,cassandra2,cassandra2,True,2,2,False
62,5,MONOTONIC_READS,normal,netem delay 25ms 25ms,ONE,QUORUM,cassandra2,cassandra3,False,2,2,False
63,1,MONOTONIC_READS,normal,netem delay 25ms 25ms,ONE,QUORUM,cassandra3,cassandra1,False,,2,False
63,2,MONOTONIC_READS,normal,netem delay 25ms 25ms,ONE,QUORUM,cassandra3,cassandra3,True,2,2,False
63,3,MONOTONIC_READS,normal,netem delay 25ms 25ms,ONE,QUORUM,cassandra3,cassandra3,True,2,2,False
63,4,MONOTONIC_READS,normal,netem delay 25ms 25ms,ONE,QUORUM,cassandra3,cassandra3,True,2,2,False
63,5,MONOTONIC_READS,normal,netem delay 25ms 25ms,ONE,QUORUM,cassandra3,cassandra3,True,2,2,False
64,1,MONOTONIC_READS,normal,netem delay 25ms 25ms,ONE,QUORUM,cassandra1,cassandra3,False,,2,False
64,2,MONOTONIC_READS,normal,netem delay 25ms 25ms,ONE,QUORUM,cassandra1,cassandra2,False,2,2,False
64,3,MONOTONIC_READS,normal,netem delay 25ms 25ms,ONE,QUORUM,cassandra1,cassandra1,True,2,2,False
64,4,MONOTONIC_READS,normal,netem delay 25ms 25ms,ONE,QUORUM,cassandra1,cassandra2,False,2,2,False
64,5,MONOTONIC_READS,normal,netem delay 25ms 25ms,ONE,QUORUM,cassandra1,cassandra1,True,2,2,False
65,1,MONOTONIC_READS,normal,netem delay 25ms 25ms,ONE,QUORUM,cassandra1,cassandra2,False,,2,False
65,2,MONOTONIC_READS,normal,netem delay 25ms 25ms,ONE,QUORUM,cassandra1,cassandra1,True,2,2,False
65,3,MONOTONIC_READS,normal,netem delay 25ms 25ms,ONE,QUORUM,cassandra1,cassandra3,False,2,2,False
65,4,MONOTONIC_READS,normal,netem delay 25ms 25ms,ONE,QUORUM,cassandra1,cassandra1,True,2,2,False
65,5,MONOTONIC_READS,normal,netem delay 25ms 25ms,ONE,QUORUM,cassandra1,cassandra2,False,2,2,False
66,1,MONOTONIC_READS,normal,netem delay 25ms 25ms,ONE,QUORUM,cassandra3,cassandra2,False,,2,False
66,2,MONOTONIC_READS,normal,netem delay 25ms 25ms,ONE,QUORUM,cassandra3,cassandra2,False,2,2,False
66,3,MONOTONIC_READS,normal,netem delay 25ms 25ms,ONE,QUORUM,cassandra3,cassandra2,False,2,2,False
66,4,MONOTONIC_READS,normal,netem delay 25ms 25ms,ONE,QUORUM,cassandra3,cassandra3,True,2,2,False
66,5,MONOTONIC_READS,normal,netem delay 25ms 25ms,ONE,QUORUM,cassandra3,cassandra3,True,2,2,False
67,1,MONOTONIC_READS,normal,netem delay 25ms 25ms,ONE,QUORUM,cassandra1,cassandra2,False,,2,False
67,2,MONOTONIC_READS,normal,netem delay 25ms 25ms,ONE,QUORUM,cassandra1,cassandra1,True,2,2,False
67,3,MONOTONIC_READS,normal,netem delay 25ms 25ms,ONE,QUORUM,cassandra1,cassandra2,False,2,2,False
67,4,MONOTONIC_READS,normal,netem delay 25ms 25ms,ONE,QUORUM,cassandra1,cassandra1,True,2,2,False
67,5,MONOTONIC_READS,normal,netem delay 25ms 25ms,ONE,QUORUM,cassandra1,cassandra2,False,2,2,False
68,1,MONOTONIC_READS,normal,netem delay 25ms 25ms,ONE,QUORUM,cassandra3,cassandra3,True,,2,False
68,2,MONOTONIC_READS,normal,netem delay 25ms 25ms,ONE,QUORUM,cassandra3,cassandra2,False,2,2,False
68,3,MONOTONIC_READS,normal,netem delay 25ms 25ms,ONE,QUORUM,cassandra3,cassandra3,True,2,2,False
68,4,MONOTONIC_READS,normal,netem delay 25ms 25ms,ONE,QUORUM,cassandra3,cassandra2,False,2,2,False
68,5,MONOTONIC_READS,normal,netem delay 25ms 25ms,ONE,QUORUM,cassandra3,cassandra1,False,2,2,False
69,1,MONOTONIC_READS,normal,netem delay 25ms 25ms,ONE,QUORUM,cassandra3,cassandra2,False,,2,False
69,2,MONOTONIC_READS,normal,netem delay 25ms 25ms,ONE,QUORUM,cassandra3,cassandra3,True,2,2,False
69,3,MONOTONIC_READS,normal,netem delay 25ms 25ms,ONE,QUORUM,cassandra3,cassandra1,False,2,2,False
69,4,MONOTONIC_READS,normal,netem delay 25ms 25ms,ONE,QUORUM,cassandra3,cassandra2,False,2,2,False
69,5,MONOTONIC_READS,normal,netem delay 25ms 25ms,ONE,QUORUM,cassandra3,cassandra1,False,2,2,False
70,1,MONOTONIC_READS,normal,netem delay 25ms 25ms,ONE,QUORUM,cassandra2,cassandra1,False,,2,False
70,2,MONOTONIC_READS,normal,netem delay 25ms 25ms,ONE,QUORUM,cassandra2,cassandra1,False,2,2,False
70,3,MONOTONIC_READS,normal,netem delay 25ms 25ms,ONE,QUORUM,cassandra2,cassandra3,False,2,2,False
70,4,MONOTONIC_READS,normal,netem delay 25ms 25ms,ONE,QUORUM,cassandra2,cassandra3,False,2,2,False
70,5,MONOTONIC_READS,normal,netem delay 25ms 25ms,ONE,QUORUM,cassandra2,cassandra1,False,2,2,False
71,1,MONOTONIC_READS,normal,netem delay 25ms 25ms,ONE,QUORUM,cassandra1,cassandra2,False,,2,False
71,2,MONOTONIC_READS,normal,netem delay 25ms 25ms,ONE,QUORUM,cassandra1,cassandra3,False,2,2,False
71,3,MONOTONIC_READS,normal,netem delay 25ms 25ms,ONE,QUORUM,cassandra1,cassandra3,False,2,2,False
71,4,MONOTONIC_READS,normal,netem delay 25ms 25ms,ONE,QUORUM,cassandra1,cassandra1,True,2,2,False
71,5,MONOTONIC_READS,normal,netem delay 25ms 25ms,ONE,QUORUM,cassandra1,cassandra2,False,2,2,False
72,1,MONOTONIC_READS,normal,netem delay 25ms 25ms,ONE,QUORUM,cassandra2,cassandra2,True,,2,False
72,2,MONOTONIC_READS,normal,netem delay 25ms 25ms,ONE,QUORUM,cassandra2,cassandra3,False,2,2,False
72,3,MONOTONIC_READS,normal,netem delay 25ms 25ms,ONE,QUORUM,cassandra2,cassandra2,True,2,2,False
72,4,MONOTONIC_READS,normal,netem delay 25ms 25ms,ONE,QUORUM,cassandra2,cassandra2,True,2,2,False
72,5,MONOTONIC_READS,normal,netem delay 25ms 25ms,ONE,QUORUM,cassandra2,cassandra3,False,2,2,False
73,1,MONOTONIC_READS,normal,netem delay 25ms 25ms,ONE,QUORUM,cassandra3,cassandra1,False,,2,False
73,2,MONOTONIC_READS,normal,netem delay 25ms 25ms,ONE,QUORUM,cassandra3,cassandra1,False,2,2,False
73,3,MONOTONIC_READS,normal,netem delay 25ms 25ms,ONE,QUORUM,cassandra3,cassandra1,False,2,2,False
73,4,MONOTONIC_READS,normal,netem delay 25ms 25ms,ONE,QUORUM,cassandra3,cassandra1,False,2,2,False
73,5,MONOTONIC_READS,normal,netem delay 25ms 25ms,ONE,QUORUM,cassandra3,cassandra1,False,2,2,False
74,1,MONOTONIC_READS,normal,netem delay 25ms 25ms,ONE,QUORUM,cassandra2,cassandra2,True,,2,False
74,2,MONOTONIC_READS,normal,netem delay 25ms 25ms,ONE,QUORUM,cassandra2,cassandra2,True,2,2,False
74,3,MONOTONIC_READS,normal,netem delay 25ms 25ms,ONE,QUORUM,cassandra2,cassandra2,True,2,2,False
74,4,MONOTONIC_READS,normal,netem delay 25ms 25ms,ONE,QUORUM,cassandra2,cassandra2,True,2,2,False
74,5,MONOTONIC_READS,normal,netem delay 25ms 25ms,ONE,QUORUM,cassandra2,cassandra2,True,2,2,False
75,1,MONOTONIC_READS,normal,netem delay 25ms 25ms,ONE,QUORUM,cassandra1,cassandra2,False,,2,False
75,2,MONOTONIC_READS,normal,netem delay 25ms 25ms,ONE,QUORUM,cassandra1,cassandra2,False,2,2,False
75,3,MONOTONIC_READS,normal,netem delay 25ms 25ms,ONE,QUORUM,cassandra1,cassandra3,False,2,2,False
75,4,MONOTONIC_READS,normal,netem delay 25ms 25ms,ONE,QUORUM,cassandra1,cassandra3,False,2,2,False
75,5,MONOTONIC_READS,normal,netem delay 25ms 25ms,ONE,QUORUM,cassandra1,cassandra3,False,2,2,False
76,1,MONOTONIC_READS,normal,netem delay 25ms 25ms,ONE,QUORUM,cassandra3,cassandra3,True,,2,False
76,2,MONOTONIC_READS,normal,netem delay 25ms 25ms,ONE,QUORUM,cassandra3,cassandra1,False,2,2,False
76,3,MONOTONIC_READS,normal,netem delay 25ms 25ms,ONE,QUORUM,cassandra3,cassandra2,False,2,2,False
76,4,MONOTONIC_READS,normal,netem delay 25ms 25ms,ONE,QUORUM,cassandra3,cassandra2,False,2,2,False
76,5,MONOTONIC_READS,normal,netem delay 25ms 25ms,ONE,QUORUM,cassandra3,cassandra2,False,2,2,False
77,1,MONOTONIC_READS,normal,netem delay 25ms 25ms,ONE,QUORUM,cassandra1,cassandra3,False,,2,False
77,2,MONOTONIC_READS,normal,netem delay 25ms 25ms,ONE,QUORUM,cassandra1,cassandra3,False,2,2,False
77,3,MONOTONIC_READS,normal,netem delay 25ms 25ms,ONE,QUORUM,cassandra1,cassandra1,True,2,2,False
77,4,MONOTONIC_READS,normal,netem delay 25ms 25ms,ONE,QUORUM,cassandra1,cassandra3,False,2,2,False
77,5,MONOTONIC_READS,normal,netem delay 25ms 25ms,ONE,QUORUM,cassandra1,cassandra2,False,2,2,False
78,1,MONOTONIC_READS,normal,netem delay 25ms 25ms,ONE,QUORUM,cassandra1,cassandra2,False,,2,False
78,2,MONOTONIC_READS,normal,netem delay 25ms 25ms,ONE,QUORUM,cassandra1,cassandra3,False,2,2,False
78,3,MONOTONIC_READS,normal,netem delay 25ms 25ms,ONE,QUORUM,cassandra1,cassandra1,True,2,2,False
78,4,MONOTONIC_READS,normal,netem delay 25ms 25ms,ONE,QUORUM,cassandra1,cassandra3,False,2,2,False
78,5,MONOTONIC_READS,normal,netem delay 25ms 25ms,ONE,QUORUM,cassandra1,cassandra1,True,2,2,False
79,1,MONOTONIC_READS,normal,netem delay 25ms 25ms,ONE,QUORUM,cassandra2,cassandra3,False,,2,False
79,2,MONOTONIC_READS,normal,netem delay 25ms 25ms,ONE,QUORUM,cassandra2,cassandra2,True,2,2,False
79,3,MONOTONIC_READS,normal,netem delay 25ms 25ms,ONE,QUORUM,cassandra2,cassandra2,True,2,2,False
79,4,MONOTONIC_READS,normal,netem delay 25ms 25ms,ONE,QUORUM,cassandra2,cassandra1,False,2,2,False
79,5,MONOTONIC_READS,normal,netem delay 25ms 25ms,ONE,QUORUM,cassandra2,cassandra1,False,2,2,False
80,1,MONOTONIC_READS,normal,netem delay 25ms 25ms,ONE,QUORUM,cassandra3,cassandra3,True,,2,False
80,2,MONOTONIC_READS,normal,netem delay 25ms 25ms,ONE,QUORUM,cassandra3,cassandra1,False,2,2,False
80,3,MONOTONIC_READS,normal,netem delay 25ms 25ms,ONE,QUORUM,cassandra3,cassandra3,True,2,2,False
80,4,MONOTONIC_READS,normal,netem delay 25ms 25ms,ONE,QUORUM,cassandra3,cassandra3,True,2,2,False
80,5,MONOTONIC_READS,normal,netem delay 25ms 25ms,ONE,QUORUM,cassandra3,cassandra3,True,2,2,False
81,1,MONOTONIC_READS,normal,netem delay 25ms 25ms,ONE,QUORUM,cassandra1,cassandra3,False,,2,False
81,2,MONOTONIC_READS,normal,netem delay 25ms 25ms,ONE,QUORUM,cassandra1,cassandra1,True,2,2,False
81,3,MONOTONIC_READS,normal,netem delay 25ms 25ms,ONE,QUORUM,cassandra1,cassandra2,False,2,2,False
81,4,MONOTONIC_READS,normal,netem delay 25ms 25ms,ONE,QUORUM,cassandra1,cassandra2,False,2,2,False
81,5,MONOTONIC_READS,normal,netem delay 25ms 25ms,ONE,QUORUM,cassandra1,cassandra2,False,2,2,False
82,1,MONOTONIC_READS,normal,netem delay 25ms 25ms,ONE,QUORUM,cassandra3,cassandra2,False,,2,False
82,2,MONOTONIC_READS,normal,netem delay 25ms 25ms,ONE,QUORUM,cassandra3,cassandra1,False,2,2,False
82,3,MONOTONIC_READS,normal,netem delay 25ms 25ms,ONE,QUORUM,cassandra3,cassandra1,False,2,2,False
82,4,MONOTONIC_READS,normal,netem delay 25ms 25ms,ONE,QUORUM,cassandra3,cassandra1,False,2,2,False
82,5,MONOTONIC_READS,normal,netem delay 25ms 25ms,ONE,QUORUM,cassandra3,cassandra1,False,2,2,False
83,1,MONOTONIC_READS,normal,netem delay 25ms 25ms,ONE,QUORUM,cassandra1,cassandra1,True,,2,False
83,2,MONOTONIC_READS,normal,netem delay 25ms 25ms,ONE,QUORUM,cassandra1,cassandra1,True,2,2,False
83,3,MONOTONIC_READS,normal,netem delay 25ms 25ms,ONE,QUORUM,cassandra1,cassandra2,False,2,2,False
83,4,MONOTONIC_READS,normal,netem delay 25ms 25ms,ONE,QUORUM,cassandra1,cassandra2,False,2,2,False
83,5,MONOTONIC_READS,normal,netem delay 25ms 25ms,ONE,QUORUM,cassandra1,cassandra1,True,2,2,False
84,1,MONOTONIC_READS,normal,netem delay 25ms 25ms,ONE,QUORUM,cassandra1,cassandra3,False,,2,False
84,2,MONOTONIC_READS,normal,netem delay 25ms 25ms,ONE,QUORUM,cassandra1,cassandra1,True,2,2,False
84,3,MONOTONIC_READS,normal,netem delay 25ms 25ms,ONE,QUORUM,cassandra1,cassandra1,True,2,2,False
84,4,MONOTONIC_READS,normal,netem delay 25ms 25ms,ONE,QUORUM,cassandra1,cassandra3,False,2,2,False
84,5,MONOTONIC_READS,normal,netem delay 25ms 25ms,ONE,QUORUM,cassandra1,cassandra2,False,2,2,False
85,1,MONOTONIC_READS,normal,netem delay 25ms 25ms,ONE,QUORUM,cassandra1,cassandra1,True,,2,False
85,2,MONOTONIC_READS,normal,netem delay 25ms 25ms,ONE,QUORUM,cassandra1,cassandra1,True,2,2,False
85,3,MONOTONIC_READS,normal,netem delay 25ms 25ms,ONE,QUORUM,cassandra1,cassandra3,False,2,2,False
85,4,MONOTONIC_READS,normal,netem delay 25ms 25ms,ONE,QUORUM,cassandra1,cassandra1,True,2,2,False
85,5,MONOTONIC_READS,normal,netem delay 25ms 25ms,ONE,QUORUM,cassandra1,cassandra3,False,2,2,False
86,1,MONOTONIC_READS,normal,netem delay 25ms 25ms,ONE,QUORUM,cassandra3,cassandra3,True,,2,False
86,2,MONOTONIC_READS,normal,netem delay 25ms 25ms,ONE,QUORUM,cassandra3,cassandra2,False,2,2,False
86,3,MONOTONIC_READS,normal,netem delay 25ms 25ms,ONE,QUORUM,cassandra3,cassandra3,True,2,2,False
86,4,MONOTONIC_READS,normal,netem delay 25ms 25ms,ONE,QUORUM,cassandra3,cassandra1,False,2,2,False
86,5,MONOTONIC_READS,normal,netem delay 25ms 25ms,ONE,QUORUM,cassandra3,cassandra1,False,2,2,False
87,1,MONOTONIC_READS,normal,netem delay 25ms 25ms,ONE,QUORUM,cassandra2,cassandra1,False,,2,False
87,2,MONOTONIC_READS,normal,netem delay 25ms 25ms,ONE,QUORUM,cassandra2,cassandra3,False,2,2,False
87,3,MONOTONIC_READS,normal,netem delay 25ms 25ms,ONE,QUORUM,cassandra2,cassandra2,True,2,2,False
87,4,MONOTONIC_READS,normal,netem delay 25ms 25ms,ONE,QUORUM,cassandra2,cassandra3,False,2,2,False
87,5,MONOTONIC_READS,normal,netem delay 25ms 25ms,ONE,QUORUM,cassandra2,cassandra2,True,2,2,False
88,1,MONOTONIC_READS,normal,netem delay 25ms 25ms,ONE,QUORUM,cassandra3,cassandra2,False,,2,False
88,2,MONOTONIC_READS,normal,netem delay 25ms 25ms,ONE,QUORUM,cassandra3,cassandra2,False,2,2,False
88,3,MONOTONIC_READS,normal,netem delay 25ms 25ms,ONE,QUORUM,cassandra3,cassandra1,False,2,2,False
88,4,MONOTONIC_READS,normal,netem delay 25ms 25ms,ONE,QUORUM,cassandra3,cassandra3,True,2,2,False
88,5,MONOTONIC_READS,normal,netem delay 25ms 25ms,ONE,QUORUM,cassandra3,cassandra2,False,2,2,False
89,1,MONOTONIC_READS,normal,netem delay 25ms 25ms,ONE,QUORUM,cassandra3,cassandra3,True,,2,False
89,2,MONOTONIC_READS,normal,netem delay 25ms 25ms,ONE,QUORUM,cassandra3,cassandra3,True,2,2,False
89,3,MONOTONIC_READS,normal,netem delay 25ms 25ms,ONE,QUORUM,cassandra3,cassandra3,True,2,2,False
89,4,MONOTONIC_READS,normal,netem delay 25ms 25ms,ONE,QUORUM,cassandra3,cassandra1,False,2,2,False
89,5,MONOTONIC_READS,normal,netem delay 25ms 25ms,ONE,QUORUM,cassandra3,cassandra2,False,2,2,False
90,1,MONOTONIC_READS,normal,netem delay 25ms 25ms,ONE,QUORUM,cassandra3,cassandra1,False,,2,False
90,2,MONOTONIC_READS,normal,netem delay 25ms 25ms,ONE,QUORUM,cassandra3,cassandra1,False,2,2,False
90,3,MONOTONIC_READS,normal,netem delay 25ms 25ms,ONE,QUORUM,cassandra3,cassandra2,False,2,2,False
90,4,MONOTONIC_READS,normal,netem delay 25ms 25ms,ONE,QUORUM,cassandra3,cassandra2,False,2,2,False
90,5,MONOTONIC_READS,normal,netem delay 25ms 25ms,ONE,QUORUM,cassandra3,cassandra3,True,2,2,False
91,1,MONOTONIC_READS,normal,netem delay 25ms 25ms,ONE,QUORUM,cassandra3,cassandra1,False,,2,False
91,2,MONOTONIC_READS,normal,netem delay 25ms 25ms,ONE,QUORUM,cassandra3,cassandra3,True,2,2,False
91,3,MONOTONIC_READS,normal,netem delay 25ms 25ms,ONE,QUORUM,cassandra3,cassandra1,False,2,2,False
91,4,MONOTONIC_READS,normal,netem delay 25ms 25ms,ONE,QUORUM,cassandra3,cassandra3,True,2,2,False
91,5,MONOTONIC_READS,normal,netem delay 25ms 25ms,ONE,QUORUM,cassandra3,cassandra3,True,2,2,False
92,1,MONOTONIC_READS,normal,netem delay 25ms 25ms,ONE,QUORUM,cassandra2,cassandra3,False,,2,False
92,2,MONOTONIC_READS,normal,netem delay 25ms 25ms,ONE,QUORUM,cassandra2,cassandra3,False,2,2,False
92,3,MONOTONIC_READS,normal,netem delay 25ms 25ms,ONE,QUORUM,cassandra2,cassandra3,False,2,2,False
92,4,MONOTONIC_READS,normal,netem delay 25ms 25ms,ONE,QUORUM,cassandra2,cassandra3,False,2,2,False
92,5,MONOTONIC_READS,normal,netem delay 25ms 25ms,ONE,QUORUM,cassandra2,cassandra1,False,2,2,False
93,1,MONOTONIC_READS,normal,netem delay 25ms 25ms,ONE,QUORUM,cassandra3,cassandra3,True,,2,False
93,2,MONOTONIC_READS,normal,netem delay 25ms 25ms,ONE,QUORUM,cassandra3,cassandra3,True,2,2,False
93,3,MONOTONIC_READS,normal,netem delay 25ms 25ms,ONE,QUORUM,cassandra3,cassandra3,True,2,2,False
93,4,MONOTONIC_READS,normal,netem delay 25ms 25ms,ONE,QUORUM,cassandra3,cassandra3,True,2,2,False
93,5,MONOTONIC_READS,normal,netem delay 25ms 25ms,ONE,QUORUM,cassandra3,cassandra3,True,2,2,False
94,1,MONOTONIC_READS,normal,netem delay 25ms 25ms,ONE,QUORUM,cassandra3,cassandra1,False,,2,False
94,2,MONOTONIC_READS,normal,netem delay 25ms 25ms,ONE,QUORUM,cassandra3,cassandra3,True,2,2,False
94,3,MONOTONIC_READS,normal,netem delay 25ms 25ms,ONE,QUORUM,cassandra3,cassandra3,True,2,2,False
94,4,MONOTONIC_READS,normal,netem delay 25ms 25ms,ONE,QUORUM,cassandra3,cassandra1,False,2,2,False
94,5,MONOTONIC_READS,normal,netem delay 25ms 25ms,ONE,QUORUM,cassandra3,cassandra3,True,2,2,False
95,1,MONOTONIC_READS,normal,netem delay 25ms 25ms,ONE,QUORUM,cassandra2,cassandra1,False,,2,False
95,2,MONOTONIC_READS,normal,netem delay 25ms 25ms,ONE,QUORUM,cassandra2,cassandra1,False,2,2,False
95,3,MONOTONIC_READS,normal,netem delay 25ms 25ms,ONE,QUORUM,cassandra2,cassandra1,False,2,2,False
95,4,MONOTONIC_READS,normal,netem delay 25ms 25ms,ONE,QUORUM,cassandra2,cassandra3,False,2,2,False
95,5,MONOTONIC_READS,normal,netem delay 25ms 25ms,ONE,QUORUM,cassandra2,cassandra1,False,2,2,False
96,1,MONOTONIC_READS,normal,netem delay 25ms 25ms,ONE,QUORUM,cassandra1,cassandra2,False,,2,False
96,2,MONOTONIC_READS,normal,netem delay 25ms 25ms,ONE,QUORUM,cassandra1,cassandra2,False,2,2,False
96,3,MONOTONIC_READS,normal,netem delay 25ms 25ms,ONE,QUORUM,cassandra1,cassandra2,False,2,2,False
96,4,MONOTONIC_READS,normal,netem delay 25ms 25ms,ONE,QUORUM,cassandra1,cassandra3,False,2,2,False
96,5,MONOTONIC_READS,normal,netem delay 25ms 25ms,ONE,QUORUM,cassandra1,cassandra1,True,2,2,False
97,1,MONOTONIC_READS,normal,netem delay 25ms 25ms,ONE,QUORUM,cassandra1,cassandra3,False,,2,False
97,2,MONOTONIC_READS,normal,netem delay 25ms 25ms,ONE,QUORUM,cassandra1,cassandra3,False,2,2,False
97,3,MONOTONIC_READS,normal,netem delay 25ms 25ms,ONE,QUORUM,cassandra1,cassandra2,False,2,2,False
97,4,MONOTONIC_READS,normal,netem delay 25ms 25ms,ONE,QUORUM,cassandra1,cassandra3,False,2,2,False
97,5,MONOTONIC_READS,normal,netem delay 25ms 25ms,ONE,QUORUM,cassandra1,cassandra2,False,2,2,False
98,1,MONOTONIC_READS,normal,netem delay 25ms 25ms,ONE,QUORUM,cassandra1,cassandra2,False,,2,False
98,2,MONOTONIC_READS,normal,netem delay 25ms 25ms,ONE,QUORUM,cassandra1,cassandra1,True,2,2,False
98,3,MONOTONIC_READS,normal,netem delay 25ms 25ms,ONE,QUORUM,cassandra1,cassandra2,False,2,2,False
98,4,MONOTONIC_READS,normal,netem delay 25ms 25ms,ONE,QUORUM,cassandra1,cassandra2,False,2,2,False
98,5,MONOTONIC_READS,normal,netem delay 25ms 25ms,ONE,QUORUM,cassandra1,cassandra2,False,2,2,False
99,1,MONOTONIC_READS,normal,netem delay 25ms 25ms,ONE,QUORUM,cassandra1,cassandra1,True,,2,False
99,2,MONOTONIC_READS,normal,netem delay 25ms 25ms,ONE,QUORUM,cassandra1,cassandra2,False,2,2,False
99,3,MONOTONIC_READS,normal,netem delay 25ms 25ms,ONE,QUORUM,cassandra1,cassandra1,True,2,2,False
99,4,MONOTONIC_READS,normal,netem delay 25ms 25ms,ONE,QUORUM,cassandra1,cassandra2,False,2,2,False
99,5,MONOTONIC_READS,normal,netem delay 25ms 25ms,ONE,QUORUM,cassandra1,cassandra2,False,2,2,False
100,1,MONOTONIC_READS,normal,netem delay 25ms 25ms,ONE,QUORUM,cassandra1,cassandra3,False,,2,False
100,2,MONOTONIC_READS,normal,netem delay 25ms 25ms,ONE,QUORUM,cassandra1,cassandra2,False,2,2,False
100,3,MONOTONIC_READS,normal,netem delay 25ms 25ms,ONE,QUORUM,cassandra1,cassandra3,False,2,2,False
100,4,MONOTONIC_READS,normal,netem delay 25ms 25ms,ONE,QUORUM,cassandra1,cassandra3,False,2,2,False
100,5,MONOTONIC_READS,normal,netem delay 25ms 25ms,ONE,QUORUM,cassandra1,cassandra2,False,2,2,False
101,1,MONOTONIC_READS,normal,netem delay 25ms 25ms,ONE,QUORUM,cassandra3,cassandra2,False,,2,False
101,2,MONOTONIC_READS,normal,netem delay 25ms 25ms,ONE,QUORUM,cassandra3,cassandra2,False,2,2,False
101,3,MONOTONIC_READS,normal,netem delay 25ms 25ms,ONE,QUORUM,cassandra3,cassandra1,False,2,2,False
101,4,MONOTONIC_READS,normal,netem delay 25ms 25ms,ONE,QUORUM,cassandra3,cassandra3,True,2,2,False
101,5,MONOTONIC_READS,normal,netem delay 25ms 25ms,ONE,QUORUM,cassandra3,cassandra3,True,2,2,False
102,1,MONOTONIC_READS,normal,netem delay 25ms 25ms,ONE,QUORUM,cassandra3,cassandra1,False,,2,False
102,2,MONOTONIC_READS,normal,netem delay 25ms 25ms,ONE,QUORUM,cassandra3,cassandra3,True,2,2,False
102,3,MONOTONIC_READS,normal,netem delay 25ms 25ms,ONE,QUORUM,cassandra3,cassandra3,True,2,2,False
102,4,MONOTONIC_READS,normal,netem delay 25ms 25ms,ONE,QUORUM,cassandra3,cassandra1,False,2,2,False
102,5,MONOTONIC_READS,normal,netem delay 25ms 25ms,ONE,QUORUM,cassandra3,cassandra1,False,2,2,False
103,1,MONOTONIC_READS,normal,netem delay 25ms 25ms,ONE,QUORUM,cassandra1,cassandra1,True,,2,False
103,2,MONOTONIC_READS,normal,netem delay 25ms 25ms,ONE,QUORUM,cassandra1,cassandra1,True,2,2,False
103,3,MONOTONIC_READS,normal,netem delay 25ms 25ms,ONE,QUORUM,cassandra1,cassandra1,True,2,2,False
103,4,MONOTONIC_READS,normal,netem delay 25ms 25ms,ONE,QUORUM,cassandra1,cassandra3,False,2,2,False
103,5,MONOTONIC_READS,normal,netem delay 25ms 25ms,ONE,QUORUM,cassandra1,cassandra3,False,2,2,False
104,1,MONOTONIC_READS,normal,netem delay 25ms 25ms,ONE,QUORUM,cassandra2,cassandra3,False,,2,False
104,2,MONOTONIC_READS,normal,netem delay 25ms 25ms,ONE,QUORUM,cassandra2,cassandra2,True,2,2,False
104,3,MONOTONIC_READS,normal,netem delay 25ms 25ms,ONE,QUORUM,cassandra2,cassandra3,False,2,2,False
104,4,MONOTONIC_READS,normal,netem delay 25ms 25ms,ONE,QUORUM,cassandra2,cassandra1,False,2,2,False
104,5,MONOTONIC_READS,normal,netem delay 25ms 25ms,ONE,QUORUM,cassandra2,cassandra2,True,2,2,False
105,1,MONOTONIC_READS,normal,netem delay 25ms 25ms,ONE,QUORUM,cassandra2,cassandra1,False,,2,False
105,2,MONOTONIC_READS,normal,netem delay 25ms 25ms,ONE,QUORUM,cassandra2,cassandra2,True,2,2,False
105,3,MONOTONIC_READS,normal,netem delay 25ms 25ms,ONE,QUORUM,cassandra2,cassandra3,False,2,2,False
105,4,MONOTONIC_READS,normal,netem delay 25ms 25ms,ONE,QUORUM,cassandra2,cassandra2,True,2,2,False
105,5,MONOTONIC_READS,normal,netem delay 25ms 25ms,ONE,QUORUM,cassandra2,cassandra3,False,2,2,False
106,1,MONOTONIC_READS,normal,netem delay 25ms 25ms,ONE,QUORUM,cassandra1,cassandra1,True,,2,False
106,2,MONOTONIC_READS,normal,netem delay 25ms 25ms,ONE,QUORUM,cassandra1,cassandra3,False,2,2,False
106,3,MONOTONIC_READS,normal,netem delay 25ms 25ms,ONE,QUORUM,cassandra1,cassandra2,False,2,2,False
106,4,MONOTONIC_READS,normal,netem delay 25ms 25ms,ONE,QUORUM,cassandra1,cassandra1,True,2,2,False
106,5,MONOTONIC_READS,normal,netem delay 25ms 25ms,ONE,QUORUM,cassandra1,cassandra3,False,2,2,False
107,1,MONOTONIC_READS,normal,netem delay 25ms 25ms,ONE,QUORUM,cassandra2,cassandra3,False,,2,False
107,2,MONOTONIC_READS,normal,netem delay 25ms 25ms,ONE,QUORUM,cassandra2,cassandra2,True,2,2,False
107,3,MONOTONIC_READS,normal,netem delay 25ms 25ms,ONE,QUORUM,cassandra2,cassandra3,False,2,2,False
107,4,MONOTONIC_READS,normal,netem delay 25ms 25ms,ONE,QUORUM,cassandra2,cassandra1,False,2,2,False
107,5,MONOTONIC_READS,normal,netem delay 25ms 25ms,ONE,QUORUM,cassandra2,cassandra3,False,2,2,False
108,1,MONOTONIC_READS,normal,netem delay 25ms 25ms,ONE,QUORUM,cassandra2,cassandra3,False,,2,False
108,2,MONOTONIC_READS,normal,netem delay 25ms 25ms,ONE,QUORUM,cassandra2,cassandra1,False,2,2,False
108,3,MONOTONIC_READS,normal,netem delay 25ms 25ms,ONE,QUORUM,cassandra2,cassandra3,False,2,2,False
108,4,MONOTONIC_READS,normal,netem delay 25ms 25ms,ONE,QUORUM,cassandra2,cassandra2,True,2,2,False
108,5,MONOTONIC_READS,normal,netem delay 25ms 25ms,ONE,QUORUM,cassandra2,cassandra3,False,2,2,False
109,1,MONOTONIC_READS,normal,netem delay 25ms 25ms,ONE,QUORUM,cassandra2,cassandra2,True,,2,False
109,2,MONOTONIC_READS,normal,netem delay 25ms 25ms,ONE,QUORUM,cassandra2,cassandra3,False,2,2,False
109,3,MONOTONIC_READS,normal,netem delay 25ms 25ms,ONE,QUORUM,cassandra2,cassandra1,False,2,2,False
109,4,MONOTONIC_READS,normal,netem delay 25ms 25ms,ONE,QUORUM,cassandra2,cassandra3,False,2,2,False
109,5,MONOTONIC_READS,normal,netem delay 25ms 25ms,ONE,QUORUM,cassandra2,cassandra2,True,2,2,False
110,1,MONOTONIC_READS,normal,netem delay 25ms 25ms,ONE,QUORUM,cassandra1,cassandra3,False,,2,False
110,2,MONOTONIC_READS,normal,netem delay 25ms 25ms,ONE,QUORUM,cassandra1,cassandra3,False,2,2,False
110,3,MONOTONIC_READS,normal,netem delay 25ms 25ms,ONE,QUORUM,cassandra1,cassandra1,True,2,2,False
110,4,MONOTONIC_READS,normal,netem delay 25ms 25ms,ONE,QUORUM,cassandra1,cassandra2,False,2,2,False
110,5,MONOTONIC_READS,normal,netem delay 25ms 25ms,ONE,QUORUM,cassandra1,cassandra1,True,2,2,False
111,1,MONOTONIC_READS,normal,netem delay 25ms 25ms,ONE,QUORUM,cassandra3,cassandra3,True,,2,False
111,2,MONOTONIC_READS,normal,netem delay 25ms 25ms,ONE,QUORUM,cassandra3,cassandra1,False,2,2,False
111,3,MONOTONIC_READS,normal,netem delay 25ms 25ms,ONE,QUORUM,cassandra3,cassandra1,False,2,2,False
111,4,MONOTONIC_READS,normal,netem delay 25ms 25ms,ONE,QUORUM,cassandra3,cassandra3,True,2,2,False
111,5,MONOTONIC_READS,normal,netem delay 25ms 25ms,ONE,QUORUM,cassandra3,cassandra2,False,2,2,False
112,1,MONOTONIC_READS,normal,netem delay 25ms 25ms,ONE,QUORUM,cassandra3,cassandra2,False,,2,False
112,2,MONOTONIC_READS,normal,netem delay 25ms 25ms,ONE,QUORUM,cassandra3,cassandra1,False,2,2,False
112,3,MONOTONIC_READS,normal,netem delay 25ms 25ms,ONE,QUORUM,cassandra3,cassandra3,True,2,2,False
112,4,MONOTONIC_READS,normal,netem delay 25ms 25ms,ONE,QUORUM,cassandra3,cassandra3,True,2,2,False
112,5,MONOTONIC_READS,normal,netem delay 25ms 25ms,ONE,QUORUM,cassandra3,cassandra3,True,2,2,False
113,1,MONOTONIC_READS,normal,netem delay 25ms 25ms,ONE,QUORUM,cassandra3,cassandra3,True,,2,False
113,2,MONOTONIC_READS,normal,netem delay 25ms 25ms,ONE,QUORUM,cassandra3,cassandra2,False,2,2,False
113,3,MONOTONIC_READS,normal,netem delay 25ms 25ms,ONE,QUORUM,cassandra3,cassandra3,True,2,2,False
113,4,MONOTONIC_READS,normal,netem delay 25ms 25ms,ONE,QUORUM,cassandra3,cassandra1,False,2,2,False
113,5,MONOTONIC_READS,normal,netem delay 25ms 25ms,ONE,QUORUM,cassandra3,cassandra1,False,2,2,False
114,1,MONOTONIC_READS,normal,netem delay 25ms 25ms,ONE,QUORUM,cassandra3,cassandra1,False,,1,False
114,2,MONOTONIC_READS,normal,netem delay 25ms 25ms,ONE,QUORUM,cassandra3,cassandra3,True,1,2,False
114,3,MONOTONIC_READS,normal,netem delay 25ms 25ms,ONE,QUORUM,cassandra3,cassandra2,False,2,2,False
114,4,MONOTONIC_READS,normal,netem delay 25ms 25ms,ONE,QUORUM,cassandra3,cassandra1,False,2,2,False
114,5,MONOTONIC_READS,normal,netem delay 25ms 25ms,ONE,QUORUM,cassandra3,cassandra2,False,2,2,False
115,1,MONOTONIC_READS,normal,netem delay 25ms 25ms,ONE,QUORUM,cassandra2,cassandra3,False,,2,False
115,2,MONOTONIC_READS,normal,netem delay 25ms 25ms,ONE,QUORUM,cassandra2,cassandra1,False,2,2,False
115,3,MONOTONIC_READS,normal,netem delay 25ms 25ms,ONE,QUORUM,cassandra2,cassandra1,False,2,2,False
115,4,MONOTONIC_READS,normal,netem delay 25ms 25ms,ONE,QUORUM,cassandra2,cassandra1,False,2,2,False
115,5,MONOTONIC_READS,normal,netem delay 25ms 25ms,ONE,QUORUM,cassandra2,cassandra1,False,2,2,False
116,1,MONOTONIC_READS,normal,netem delay 25ms 25ms,ONE,QUORUM,cassandra1,cassandra3,False,,2,False
116,2,MONOTONIC_READS,normal,netem delay 25ms 25ms,ONE,QUORUM,cassandra1,cassandra3,False,2,2,False
116,3,MONOTONIC_READS,normal,netem delay 25ms 25ms,ONE,QUORUM,cassandra1,cassandra3,False,2,2,False
116,4,MONOTONIC_READS,normal,netem delay 25ms 25ms,ONE,QUORUM,cassandra1,cassandra2,False,2,2,False
116,5,MONOTONIC_READS,normal,netem delay 25ms 25ms,ONE,QUORUM,cassandra1,cassandra2,False,2,2,False
117,1,MONOTONIC_READS,normal,netem delay 25ms 25ms,ONE,QUORUM,cassandra1,cassandra3,False,,2,False
117,2,MONOTONIC_READS,normal,netem delay 25ms 25ms,ONE,QUORUM,cassandra1,cassandra2,False,2,2,False
117,3,MONOTONIC_READS,normal,netem delay 25ms 25ms,ONE,QUORUM,cassandra1,cassandra1,True,2,2,False
117,4,MONOTONIC_READS,normal,netem delay 25ms 25ms,ONE,QUORUM,cassandra1,cassandra2,False,2,2,False
117,5,MONOTONIC_READS,normal,netem delay 25ms 25ms,ONE,QUORUM,cassandra1,cassandra1,True,2,2,False
118,1,MONOTONIC_READS,normal,netem delay 25ms 25ms,ONE,QUORUM,cassandra2,cassandra2,True,,2,False
118,2,MONOTONIC_READS,normal,netem delay 25ms 25ms,ONE,QUORUM,cassandra2,cassandra2,True,2,2,False
118,3,MONOTONIC_READS,normal,netem delay 25ms 25ms,ONE,QUORUM,cassandra2,cassandra1,False,2,2,False
118,4,MONOTONIC_READS,normal,netem delay 25ms 25ms,ONE,QUORUM,cassandra2,cassandra3,False,2,2,False
118,5,MONOTONIC_READS,normal,netem delay 25ms 25ms,ONE,QUORUM,cassandra2,cassandra3,False,2,2,False
119,1,MONOTONIC_READS,normal,netem delay 25ms 25ms,ONE,QUORUM,cassandra2,cassandra2,True,,2,False
119,2,MONOTONIC_READS,normal,netem delay 25ms 25ms,ONE,QUORUM,cassandra2,cassandra1,False,2,2,False
119,3,MONOTONIC_READS,normal,netem delay 25ms 25ms,ONE,QUORUM,cassandra2,cassandra3,False,2,2,False
119,4,MONOTONIC_READS,normal,netem delay 25ms 25ms,ONE,QUORUM,cassandra2,cassandra3,False,2,2,False
119,5,MONOTONIC_READS,normal,netem delay 25ms 25ms,ONE,QUORUM,cassandra2,cassandra1,False,2,2,False
120,1,MONOTONIC_READS,normal,netem delay 25ms 25ms,ONE,QUORUM,cassandra3,cassandra2,False,,2,False
120,2,MONOTONIC_READS,normal,netem delay 25ms 25ms,ONE,QUORUM,cassandra3,cassandra1,False,2,2,False
120,3,MONOTONIC_READS,normal,netem delay 25ms 25ms,ONE,QUORUM,cassandra3,cassandra1,False,2,2,False
120,4,MONOTONIC_READS,normal,netem delay 25ms 25ms,ONE,QUORUM,cassandra3,cassandra3,True,2,2,False
120,5,MONOTONIC_READS,normal,netem delay 25ms 25ms,ONE,QUORUM,cassandra3,cassandra2,False,2,2,False
121,1,MONOTONIC_READS,normal,netem delay 25ms 25ms,ONE,QUORUM,cassandra3,cassandra3,True,,2,False
121,2,MONOTONIC_READS,normal,netem delay 25ms 25ms,ONE,QUORUM,cassandra3,cassandra3,True,2,2,False
121,3,MONOTONIC_READS,normal,netem delay 25ms 25ms,ONE,QUORUM,cassandra3,cassandra3,True,2,2,False
121,4,MONOTONIC_READS,normal,netem delay 25ms 25ms,ONE,QUORUM,cassandra3,cassandra3,True,2,2,False
121,5,MONOTONIC_READS,normal,netem delay 25ms 25ms,ONE,QUORUM,cassandra3,cassandra2,False,2,2,False
122,1,MONOTONIC_READS,normal,netem delay 25ms 25ms,ONE,QUORUM,cassandra3,cassandra1,False,,2,False
122,2,MONOTONIC_READS,normal,netem delay 25ms 25ms,ONE,QUORUM,cassandra3,cassandra2,False,2,2,False
122,3,MONOTONIC_READS,normal,netem delay 25ms 25ms,ONE,QUORUM,cassandra3,cassandra2,False,2,2,False
122,4,MONOTONIC_READS,normal,netem delay 25ms 25ms,ONE,QUORUM,cassandra3,cassandra2,False,2,2,False
122,5,MONOTONIC_READS,normal,netem delay 25ms 25ms,ONE,QUORUM,cassandra3,cassandra2,False,2,2,False
123,1,MONOTONIC_READS,normal,netem delay 25ms 25ms,ONE,QUORUM,cassandra3,cassandra3,True,,2,False
123,2,MONOTONIC_READS,normal,netem delay 25ms 25ms,ONE,QUORUM,cassandra3,cassandra3,True,2,2,False
123,3,MONOTONIC_READS,normal,netem delay 25ms 25ms,ONE,QUORUM,cassandra3,cassandra1,False,2,2,False
123,4,MONOTONIC_READS,normal,netem delay 25ms 25ms,ONE,QUORUM,cassandra3,cassandra3,True,2,2,False
123,5,MONOTONIC_READS,normal,netem delay 25ms 25ms,ONE,QUORUM,cassandra3,cassandra1,False,2,2,False
124,1,MONOTONIC_READS,normal,netem delay 25ms 25ms,ONE,QUORUM,cassandra2,cassandra1,False,,2,False
124,2,MONOTONIC_READS,normal,netem delay 25ms 25ms,ONE,QUORUM,cassandra2,cassandra2,True,2,2,False
124,3,MONOTONIC_READS,normal,netem delay 25ms 25ms,ONE,QUORUM,cassandra2,cassandra1,False,2,2,False
124,4,MONOTONIC_READS,normal,netem delay 25ms 25ms,ONE,QUORUM,cassandra2,cassandra3,False,2,2,False
124,5,MONOTONIC_READS,normal,netem delay 25ms 25ms,ONE,QUORUM,cassandra2,cassandra1,False,2,2,False
125,1,MONOTONIC_READS,normal,netem delay 25ms 25ms,ONE,QUORUM,cassandra1,cassandra3,False,,2,False
125,2,MONOTONIC_READS,normal,netem delay 25ms 25ms,ONE,QUORUM,cassandra1,cassandra2,False,2,2,False
125,3,MONOTONIC_READS,normal,netem delay 25ms 25ms,ONE,QUORUM,cassandra1,cassandra3,False,2,2,False
125,4,MONOTONIC_READS,normal,netem delay 25ms 25ms,ONE,QUORUM,cassandra1,cassandra1,True,2,2,False
125,5,MONOTONIC_READS,normal,netem delay 25ms 25ms,ONE,QUORUM,cassandra1,cassandra1,True,2,2,False
126,1,MONOTONIC_READS,normal,netem delay 25ms 25ms,ONE,QUORUM,cassandra1,cassandra3,False,,2,False
126,2,MONOTONIC_READS,normal,netem delay 25ms 25ms,ONE,QUORUM,cassandra1,cassandra3,False,2,2,False
126,3,MONOTONIC_READS,normal,netem delay 25ms 25ms,ONE,QUORUM,cassandra1,cassandra2,False,2,2,False
126,4,MONOTONIC_READS,normal,netem delay 25ms 25ms,ONE,QUORUM,cassandra1,cassandra1,True,2,2,False
126,5,MONOTONIC_READS,normal,netem delay 25ms 25ms,ONE,QUORUM,cassandra1,cassandra3,False,2,2,False
127,1,MONOTONIC_READS,normal,netem delay 25ms 25ms,ONE,QUORUM,cassandra2,cassandra3,False,,2,False
127,2,MONOTONIC_READS,normal,netem delay 25ms 25ms,ONE,QUORUM,cassandra2,cassandra3,False,2,2,False
127,3,MONOTONIC_READS,normal,netem delay 25ms 25ms,ONE,QUORUM,cassandra2,cassandra3,False,2,2,False
127,4,MONOTONIC_READS,normal,netem delay 25ms 25ms,ONE,QUORUM,cassandra2,cassandra1,False,2,2,False
127,5,MONOTONIC_READS,normal,netem delay 25ms 25ms,ONE,QUORUM,cassandra2,cassandra2,True,2,2,False
128,1,MONOTONIC_READS,normal,netem delay 25ms 25ms,ONE,QUORUM,cassandra2,cassandra2,True,,2,False
128,2,MONOTONIC_READS,normal,netem delay 25ms 25ms,ONE,QUORUM,cassandra2,cassandra1,False,2,2,False
128,3,MONOTONIC_READS,normal,netem delay 25ms 25ms,ONE,QUORUM,cassandra2,cassandra2,True,2,2,False
128,4,MONOTONIC_READS,normal,netem delay 25ms 25ms,ONE,QUORUM,cassandra2,cassandra1,False,2,2,False
128,5,MONOTONIC_READS,normal,netem delay 25ms 25ms,ONE,QUORUM,cassandra2,cassandra1,False,2,2,False
129,1,MONOTONIC_READS,normal,netem delay 25ms 25ms,ONE,QUORUM,cassandra1,cassandra2,False,,2,False
129,2,MONOTONIC_READS,normal,netem delay 25ms 25ms,ONE,QUORUM,cassandra1,cassandra1,True,2,2,False
129,3,MONOTONIC_READS,normal,netem delay 25ms 25ms,ONE,QUORUM,cassandra1,cassandra3,False,2,2,False
129,4,MONOTONIC_READS,normal,netem delay 25ms 25ms,ONE,QUORUM,cassandra1,cassandra2,False,2,2,False
129,5,MONOTONIC_READS,normal,netem delay 25ms 25ms,ONE,QUORUM,cassandra1,cassandra1,True,2,2,False
130,1,MONOTONIC_READS,normal,netem delay 25ms 25ms,ONE,QUORUM,cassandra1,cassandra1,True,,2,False
130,2,MONOTONIC_READS,normal,netem delay 25ms 25ms,ONE,QUORUM,cassandra1,cassandra3,False,2,2,False
130,3,MONOTONIC_READS,normal,netem delay 25ms 25ms,ONE,QUORUM,cassandra1,cassandra1,True,2,2,False
130,4,MONOTONIC_READS,normal,netem delay 25ms 25ms,ONE,QUORUM,cassandra1,cassandra2,False,2,2,False
130,5,MONOTONIC_READS,normal,netem delay 25ms 25ms,ONE,QUORUM,cassandra1,cassandra1,True,2,2,False
131,1,MONOTONIC_READS,normal,netem delay 25ms 25ms,ONE,QUORUM,cassandra2,cassandra2,True,,2,False
131,2,MONOTONIC_READS,normal,netem delay 25ms 25ms,ONE,QUORUM,cassandra2,cassandra2,True,2,2,False
131,3,MONOTONIC_READS,normal,netem delay 25ms 25ms,ONE,QUORUM,cassandra2,cassandra1,False,2,2,False
131,4,MONOTONIC_READS,normal,netem delay 25ms 25ms,ONE,QUORUM,cassandra2,cassandra2,True,2,2,False
131,5,MONOTONIC_READS,normal,netem delay 25ms 25ms,ONE,QUORUM,cassandra2,cassandra1,False,2,2,False
132,1,MONOTONIC_READS,normal,netem delay 25ms 25ms,ONE,QUORUM,cassandra2,cassandra1,False,,2,False
132,2,MONOTONIC_READS,normal,netem delay 25ms 25ms,ONE,QUORUM,cassandra2,cassandra1,False,2,2,False
132,3,MONOTONIC_READS,normal,netem delay 25ms 25ms,ONE,QUORUM,cassandra2,cassandra1,False,2,2,False
132,4,MONOTONIC_READS,normal,netem delay 25ms 25ms,ONE,QUORUM,cassandra2,cassandra2,True,2,2,False
132,5,MONOTONIC_READS,normal,netem delay 25ms 25ms,ONE,QUORUM,cassandra2,cassandra1,False,2,2,False
133,1,MONOTONIC_READS,normal,netem delay 25ms 25ms,ONE,QUORUM,cassandra1,cassandra3,False,,2,False
133,2,MONOTONIC_READS,normal,netem delay 25ms 25ms,ONE,QUORUM,cassandra1,cassandra1,True,2,2,False
133,3,MONOTONIC_READS,normal,netem delay 25ms 25ms,ONE,QUORUM,cassandra1,cassandra3,False,2,2,False
133,4,MONOTONIC_READS,normal,netem delay 25ms 25ms,ONE,QUORUM,cassandra1,cassandra1,True,2,2,False
133,5,MONOTONIC_READS,normal,netem delay 25ms 25ms,ONE,QUORUM,cassandra1,cassandra2,False,2,2,False
134,1,MONOTONIC_READS,normal,netem delay 25ms 25ms,ONE,QUORUM,cassandra2,cassandra2,True,,2,False
134,2,MONOTONIC_READS,normal,netem delay 25ms 25ms,ONE,QUORUM,cassandra2,cassandra2,True,2,2,False
134,3,MONOTONIC_READS,normal,netem delay 25ms 25ms,ONE,QUORUM,cassandra2,cassandra2,True,2,2,False
134,4,MONOTONIC_READS,normal,netem delay 25ms 25ms,ONE,QUORUM,cassandra2,cassandra1,False,2,2,False
134,5,MONOTONIC_READS,normal,netem delay 25ms 25ms,ONE,QUORUM,cassandra2,cassandra1,False,2,2,False
135,1,MONOTONIC_READS,normal,netem delay 25ms 25ms,ONE,QUORUM,cassandra1,cassandra2,False,,2,False
135,2,MONOTONIC_READS,normal,netem delay 25ms 25ms,ONE,QUORUM,cassandra1,cassandra1,True,2,2,False
135,3,MONOTONIC_READS,normal,netem delay 25ms 25ms,ONE,QUORUM,cassandra1,cassandra1,True,2,2,False
135,4,MONOTONIC_READS,normal,netem delay 25ms 25ms,ONE,QUORUM,cassandra1,cassandra2,False,2,2,False
135,5,MONOTONIC_READS,normal,netem delay 25ms 25ms,ONE,QUORUM,cassandra1,cassandra1,True,2,2,False
136,1,MONOTONIC_READS,normal,netem delay 25ms 25ms,ONE,QUORUM,cassandra3,cassandra3,True,,2,False
136,2,MONOTONIC_READS,normal,netem delay 25ms 25ms,ONE,QUORUM,cassandra3,cassandra3,True,2,2,False
136,3,MONOTONIC_READS,normal,netem delay 25ms 25ms,ONE,QUORUM,cassandra3,cassandra2,False,2,2,False
136,4,MONOTONIC_READS,normal,netem delay 25ms 25ms,ONE,QUORUM,cassandra3,cassandra2,False,2,2,False
136,5,MONOTONIC_READS,normal,netem delay 25ms 25ms,ONE,QUORUM,cassandra3,cassandra3,True,2,2,False
137,1,MONOTONIC_READS,normal,netem delay 25ms 25ms,ONE,QUORUM,cassandra1,cassandra2,False,,2,False
137,2,MONOTONIC_READS,normal,netem delay 25ms 25ms,ONE,QUORUM,cassandra1,cassandra1,True,2,2,False
137,3,MONOTONIC_READS,normal,netem delay 25ms 25ms,ONE,QUORUM,cassandra1,cassandra3,False,2,2,False
137,4,MONOTONIC_READS,normal,netem delay 25ms 25ms,ONE,QUORUM,cassandra1,cassandra2,False,2,2,False
137,5,MONOTONIC_READS,normal,netem delay 25ms 25ms,ONE,QUORUM,cassandra1,cassandra1,True,2,2,False
138,1,MONOTONIC_READS,normal,netem delay 25ms 25ms,ONE,QUORUM,cassandra3,cassandra3,True,,2,False
138,2,MONOTONIC_READS,normal,netem delay 25ms 25ms,ONE,QUORUM,cassandra3,cassandra3,True,2,2,False
138,3,MONOTONIC_READS,normal,netem delay 25ms 25ms,ONE,QUORUM,cassandra3,cassandra1,False,2,2,False
138,4,MONOTONIC_READS,normal,netem delay 25ms 25ms,ONE,QUORUM,cassandra3,cassandra1,False,2,2,False
138,5,MONOTONIC_READS,normal,netem delay 25ms 25ms,ONE,QUORUM,cassandra3,cassandra1,False,2,2,False
139,1,MONOTONIC_READS,normal,netem delay 25ms 25ms,ONE,QUORUM,cassandra1,cassandra2,False,,2,False
139,2,MONOTONIC_READS,normal,netem delay 25ms 25ms,ONE,QUORUM,cassandra1,cassandra1,True,2,2,False
139,3,MONOTONIC_READS,normal,netem delay 25ms 25ms,ONE,QUORUM,cassandra1,cassandra1,True,2,2,False
139,4,MONOTONIC_READS,normal,netem delay 25ms 25ms,ONE,QUORUM,cassandra1,cassandra2,False,2,2,False
139,5,MONOTONIC_READS,normal,netem delay 25ms 25ms,ONE,QUORUM,cassandra1,cassandra3,False,2,2,False
140,1,MONOTONIC_READS,normal,netem delay 25ms 25ms,ONE,QUORUM,cassandra1,cassandra2,False,,2,False
140,2,MONOTONIC_READS,normal,netem delay 25ms 25ms,ONE,QUORUM,cassandra1,cassandra1,True,2,2,False
140,3,MONOTONIC_READS,normal,netem delay 25ms 25ms,ONE,QUORUM,cassandra1,cassandra2,False,2,2,False
140,4,MONOTONIC_READS,normal,netem delay 25ms 25ms,ONE,QUORUM,cassandra1,cassandra1,True,2,2,False
140,5,MONOTONIC_READS,normal,netem delay 25ms 25ms,ONE,QUORUM,cassandra1,cassandra1,True,2,2,False
141,1,MONOTONIC_READS,normal,netem delay 25ms 25ms,ONE,QUORUM,cassandra2,cassandra2,True,,2,False
141,2,MONOTONIC_READS,normal,netem delay 25ms 25ms,ONE,QUORUM,cassandra2,cassandra1,False,2,2,False
141,3,MONOTONIC_READS,normal,netem delay 25ms 25ms,ONE,QUORUM,cassandra2,cassandra3,False,2,2,False
141,4,MONOTONIC_READS,normal,netem delay 25ms 25ms,ONE,QUORUM,cassandra2,cassandra3,False,2,2,False
141,5,MONOTONIC_READS,normal,netem delay 25ms 25ms,ONE,QUORUM,cassandra2,cassandra2,True,2,2,False
142,1,MONOTONIC_READS,normal,netem delay 25ms 25ms,ONE,QUORUM,cassandra2,cassandra1,False,,2,False
142,2,MONOTONIC_READS,normal,netem delay 25ms 25ms,ONE,QUORUM,cassandra2,cassandra1,False,2,2,False
142,3,MONOTONIC_READS,normal,netem delay 25ms 25ms,ONE,QUORUM,cassandra2,cassandra1,False,2,2,False
142,4,MONOTONIC_READS,normal,netem delay 25ms 25ms,ONE,QUORUM,cassandra2,cassandra1,False,2,2,False
142,5,MONOTONIC_READS,normal,netem delay 25ms 25ms,ONE,QUORUM,cassandra2,cassandra2,True,2,2,False
143,1,MONOTONIC_READS,normal,netem delay 25ms 25ms,ONE,QUORUM,cassandra1,cassandra1,True,,2,False
143,2,MONOTONIC_READS,normal,netem delay 25ms 25ms,ONE,QUORUM,cassandra1,cassandra1,True,2,2,False
143,3,MONOTONIC_READS,normal,netem delay 25ms 25ms,ONE,QUORUM,cassandra1,cassandra1,True,2,2,False
143,4,MONOTONIC_READS,normal,netem delay 25ms 25ms,ONE,QUORUM,cassandra1,cassandra1,True,2,2,False
143,5,MONOTONIC_READS,normal,netem delay 25ms 25ms,ONE,QUORUM,cassandra1,cassandra2,False,2,2,False
144,1,MONOTONIC_READS,normal,netem delay 25ms 25ms,ONE,QUORUM,cassandra3,cassandra1,False,,2,False
144,2,MONOTONIC_READS,normal,netem delay 25ms 25ms,ONE,QUORUM,cassandra3,cassandra1,False,2,2,False
144,3,MONOTONIC_READS,normal,netem delay 25ms 25ms,ONE,QUORUM,cassandra3,cassandra3,True,2,2,False
144,4,MONOTONIC_READS,normal,netem delay 25ms 25ms,ONE,QUORUM,cassandra3,cassandra1,False,2,2,False
144,5,MONOTONIC_READS,normal,netem delay 25ms 25ms,ONE,QUORUM,cassandra3,cassandra3,True,2,2,False
145,1,MONOTONIC_READS,normal,netem delay 25ms 25ms,ONE,QUORUM,cassandra2,cassandra1,False,,2,False
145,2,MONOTONIC_READS,normal,netem delay 25ms 25ms,ONE,QUORUM,cassandra2,cassandra1,False,2,2,False
145,3,MONOTONIC_READS,normal,netem delay 25ms 25ms,ONE,QUORUM,cassandra2,cassandra2,True,2,2,False
145,4,MONOTONIC_READS,normal,netem delay 25ms 25ms,ONE,QUORUM,cassandra2,cassandra3,False,2,2,False
145,5,MONOTONIC_READS,normal,netem delay 25ms 25ms,ONE,QUORUM,cassandra2,cassandra2,True,2,2,False
146,1,MONOTONIC_READS,normal,netem delay 25ms 25ms,ONE,QUORUM,cassandra1,cassandra2,False,,2,False
146,2,MONOTONIC_READS,normal,netem delay 25ms 25ms,ONE,QUORUM,cassandra1,cassandra2,False,2,2,False
146,3,MONOTONIC_READS,normal,netem delay 25ms 25ms,ONE,QUORUM,cassandra1,cassandra2,False,2,2,False
146,4,MONOTONIC_READS,normal,netem delay 25ms 25ms,ONE,QUORUM,cassandra1,cassandra3,False,2,2,False
146,5,MONOTONIC_READS,normal,netem delay 25ms 25ms,ONE,QUORUM,cassandra1,cassandra2,False,2,2,False
147,1,MONOTONIC_READS,normal,netem delay 25ms 25ms,ONE,QUORUM,cassandra3,cassandra2,False,,2,False
147,2,MONOTONIC_READS,normal,netem delay 25ms 25ms,ONE,QUORUM,cassandra3,cassandra1,False,2,2,False
147,3,MONOTONIC_READS,normal,netem delay 25ms 25ms,ONE,QUORUM,cassandra3,cassandra2,False,2,2,False
147,4,MONOTONIC_READS,normal,netem delay 25ms 25ms,ONE,QUORUM,cassandra3,cassandra2,False,2,2,False
147,5,MONOTONIC_READS,normal,netem delay 25ms 25ms,ONE,QUORUM,cassandra3,cassandra3,True,2,2,False
148,1,MONOTONIC_READS,normal,netem delay 25ms 25ms,ONE,QUORUM,cassandra2,cassandra1,False,,2,False
148,2,MONOTONIC_READS,normal,netem delay 25ms 25ms,ONE,QUORUM,cassandra2,cassandra2,True,2,2,False
148,3,MONOTONIC_READS,normal,netem delay 25ms 25ms,ONE,QUORUM,cassandra2,cassandra2,True,2,2,False
148,4,MONOTONIC_READS,normal,netem delay 25ms 25ms,ONE,QUORUM,cassandra2,cassandra2,True,2,2,False
148,5,MONOTONIC_READS,normal,netem delay 25ms 25ms,ONE,QUORUM,cassandra2,cassandra2,True,2,2,False
149,1,MONOTONIC_READS,normal,netem delay 25ms 25ms,ONE,QUORUM,cassandra1,cassandra2,False,,2,False
149,2,MONOTONIC_READS,normal,netem delay 25ms 25ms,ONE,QUORUM,cassandra1,cassandra1,True,2,2,False
149,3,MONOTONIC_READS,normal,netem delay 25ms 25ms,ONE,QUORUM,cassandra1,cassandra2,False,2,2,False
149,4,MONOTONIC_READS,normal,netem delay 25ms 25ms,ONE,QUORUM,cassandra1,cassandra1,True,2,2,False
149,5,MONOTONIC_READS,normal,netem delay 25ms 25ms,ONE,QUORUM,cassandra1,cassandra3,False,2,2,False
150,1,MONOTONIC_READS,normal,netem delay 25ms 25ms,ONE,QUORUM,cassandra1,cassandra2,False,,2,False
150,2,MONOTONIC_READS,normal,netem delay 25ms 25ms,ONE,QUORUM,cassandra1,cassandra1,True,2,2,False
150,3,MONOTONIC_READS,normal,netem delay 25ms 25ms,ONE,QUORUM,cassandra1,cassandra1,True,2,2,False
150,4,MONOTONIC_READS,normal,netem delay 25ms 25ms,ONE,QUORUM,cassandra1,cassandra1,True,2,2,False
150,5,MONOTONIC_READS,normal,netem delay 25ms 25ms,ONE,QUORUM,cassandra1,cassandra1,True,2,2,False
151,1,MONOTONIC_READS,normal,netem delay 25ms 25ms,ONE,QUORUM,cassandra2,cassandra2,True,,2,False
151,2,MONOTONIC_READS,normal,netem delay 25ms 25ms,ONE,QUORUM,cassandra2,cassandra1,False,2,2,False
151,3,MONOTONIC_READS,normal,netem delay 25ms 25ms,ONE,QUORUM,cassandra2,cassandra2,True,2,2,False
151,4,MONOTONIC_READS,normal,netem delay 25ms 25ms,ONE,QUORUM,cassandra2,cassandra3,False,2,2,False
151,5,MONOTONIC_READS,normal,netem delay 25ms 25ms,ONE,QUORUM,cassandra2,cassandra3,False,2,2,False
152,1,MONOTONIC_READS,normal,netem delay 25ms 25ms,ONE,QUORUM,cassandra1,cassandra3,False,,2,False
152,2,MONOTONIC_READS,normal,netem delay 25ms 25ms,ONE,QUORUM,cassandra1,cassandra1,True,2,2,False
152,3,MONOTONIC_READS,normal,netem delay 25ms 25ms,ONE,QUORUM,cassandra1,cassandra2,False,2,2,False
152,4,MONOTONIC_READS,normal,netem delay 25ms 25ms,ONE,QUORUM,cassandra1,cassandra1,True,2,2,False
152,5,MONOTONIC_READS,normal,netem delay 25ms 25ms,ONE,QUORUM,cassandra1,cassandra2,False,2,2,False
153,1,MONOTONIC_READS,normal,netem delay 25ms 25ms,ONE,QUORUM,cassandra1,cassandra1,True,,2,False
153,2,MONOTONIC_READS,normal,netem delay 25ms 25ms,ONE,QUORUM,cassandra1,cassandra2,False,2,2,False
153,3,MONOTONIC_READS,normal,netem delay 25ms 25ms,ONE,QUORUM,cassandra1,cassandra2,False,2,2,False
153,4,MONOTONIC_READS,normal,netem delay 25ms 25ms,ONE,QUORUM,cassandra1,cassandra2,False,2,2,False
153,5,MONOTONIC_READS,normal,netem delay 25ms 25ms,ONE,QUORUM,cassandra1,cassandra1,True,2,2,False
154,1,MONOTONIC_READS,normal,netem delay 25ms 25ms,ONE,QUORUM,cassandra1,cassandra1,True,,2,False
154,2,MONOTONIC_READS,normal,netem delay 25ms 25ms,ONE,QUORUM,cassandra1,cassandra1,True,2,2,False
154,3,MONOTONIC_READS,normal,netem delay 25ms 25ms,ONE,QUORUM,cassandra1,cassandra3,False,2,2,False
154,4,MONOTONIC_READS,normal,netem delay 25ms 25ms,ONE,QUORUM,cassandra1,cassandra1,True,2,2,False
154,5,MONOTONIC_READS,normal,netem delay 25ms 25ms,ONE,QUORUM,cassandra1,cassandra1,True,2,2,False
155,1,MONOTONIC_READS,normal,netem delay 25ms 25ms,ONE,QUORUM,cassandra2,cassandra3,False,,2,False
155,2,MONOTONIC_READS,normal,netem delay 25ms 25ms,ONE,QUORUM,cassandra2,cassandra1,False,2,2,False
155,3,MONOTONIC_READS,normal,netem delay 25ms 25ms,ONE,QUORUM,cassandra2,cassandra3,False,2,2,False
155,4,MONOTONIC_READS,normal,netem delay 25ms 25ms,ONE,QUORUM,cassandra2,cassandra1,False,2,2,False
155,5,MONOTONIC_READS,normal,netem delay 25ms 25ms,ONE,QUORUM,cassandra2,cassandra3,False,2,2,False
156,1,MONOTONIC_READS,normal,netem delay 25ms 25ms,ONE,QUORUM,cassandra2,cassandra2,True,,2,False
156,2,MONOTONIC_READS,normal,netem delay 25ms 25ms,ONE,QUORUM,cassandra2,cassandra3,False,2,2,False
156,3,MONOTONIC_READS,normal,netem delay 25ms 25ms,ONE,QUORUM,cassandra2,cassandra3,False,2,2,False
156,4,MONOTONIC_READS,normal,netem delay 25ms 25ms,ONE,QUORUM,cassandra2,cassandra2,True,2,2,False
156,5,MONOTONIC_READS,normal,netem delay 25ms 25ms,ONE,QUORUM,cassandra2,cassandra2,True,2,2,False
157,1,MONOTONIC_READS,normal,netem delay 25ms 25ms,ONE,QUORUM,cassandra2,cassandra2,True,,2,False
157,2,MONOTONIC_READS,normal,netem delay 25ms 25ms,ONE,QUORUM,cassandra2,cassandra3,False,2,2,False
157,3,MONOTONIC_READS,normal,netem delay 25ms 25ms,ONE,QUORUM,cassandra2,cassandra3,False,2,2,False
157,4,MONOTONIC_READS,normal,netem delay 25ms 25ms,ONE,QUORUM,cassandra2,cassandra2,True,2,2,False
157,5,MONOTONIC_READS,normal,netem delay 25ms 25ms,ONE,QUORUM,cassandra2,cassandra3,False,2,2,False
158,1,MONOTONIC_READS,normal,netem delay 25ms 25ms,ONE,QUORUM,cassandra1,cassandra1,True,,2,False
158,2,MONOTONIC_READS,normal,netem delay 25ms 25ms,ONE,QUORUM,cassandra1,cassandra2,False,2,2,False
158,3,MONOTONIC_READS,normal,netem delay 25ms 25ms,ONE,QUORUM,cassandra1,cassandra3,False,2,2,False
158,4,MONOTONIC_READS,normal,netem delay 25ms 25ms,ONE,QUORUM,cassandra1,cassandra2,False,2,2,False
158,5,MONOTONIC_READS,normal,netem delay 25ms 25ms,ONE,QUORUM,cassandra1,cassandra2,False,2,2,False
159,1,MONOTONIC_READS,normal,netem delay 25ms 25ms,ONE,QUORUM,cassandra1,cassandra2,False,,2,False
159,2,MONOTONIC_READS,normal,netem delay 25ms 25ms,ONE,QUORUM,cassandra1,cassandra2,False,2,2,False
159,3,MONOTONIC_READS,normal,netem delay 25ms 25ms,ONE,QUORUM,cassandra1,cassandra3,False,2,2,False
159,4,MONOTONIC_READS,normal,netem delay 25ms 25ms,ONE,QUORUM,cassandra1,cassandra2,False,2,2,False
159,5,MONOTONIC_READS,normal,netem delay 25ms 25ms,ONE,QUORUM,cassandra1,cassandra3,False,2,2,False
160,1,MONOTONIC_READS,normal,netem delay 25ms 25ms,ONE,QUORUM,cassandra1,cassandra1,True,,2,False
160,2,MONOTONIC_READS,normal,netem delay 25ms 25ms,ONE,QUORUM,cassandra1,cassandra3,False,2,2,False
160,3,MONOTONIC_READS,normal,netem delay 25ms 25ms,ONE,QUORUM,cassandra1,cassandra1,True,2,2,False
160,4,MONOTONIC_READS,normal,netem delay 25ms 25ms,ONE,QUORUM,cassandra1,cassandra1,True,2,2,False
160,5,MONOTONIC_READS,normal,netem delay 25ms 25ms,ONE,QUORUM,cassandra1,cassandra2,False,2,2,False
161,1,MONOTONIC_READS,normal,netem delay 25ms 25ms,ONE,QUORUM,cassandra2,cassandra3,False,,2,False
161,2,MONOTONIC_READS,normal,netem delay 25ms 25ms,ONE,QUORUM,cassandra2,cassandra2,True,2,2,False
161,3,MONOTONIC_READS,normal,netem delay 25ms 25ms,ONE,QUORUM,cassandra2,cassandra2,True,2,2,False
161,4,MONOTONIC_READS,normal,netem delay 25ms 25ms,ONE,QUORUM,cassandra2,cassandra2,True,2,2,False
161,5,MONOTONIC_READS,normal,netem delay 25ms 25ms,ONE,QUORUM,cassandra2,cassandra2,True,2,2,False
162,1,MONOTONIC_READS,normal,netem delay 25ms 25ms,ONE,QUORUM,cassandra1,cassandra2,False,,2,False
162,2,MONOTONIC_READS,normal,netem delay 25ms 25ms,ONE,QUORUM,cassandra1,cassandra3,False,2,2,False
162,3,MONOTONIC_READS,normal,netem delay 25ms 25ms,ONE,QUORUM,cassandra1,cassandra1,True,2,2,False
162,4,MONOTONIC_READS,normal,netem delay 25ms 25ms,ONE,QUORUM,cassandra1,cassandra3,False,2,2,False
162,5,MONOTONIC_READS,normal,netem delay 25ms 25ms,ONE,QUORUM,cassandra1,cassandra1,True,2,2,False
163,1,MONOTONIC_READS,normal,netem delay 25ms 25ms,ONE,QUORUM,cassandra3,cassandra2,False,,2,False
163,2,MONOTONIC_READS,normal,netem delay 25ms 25ms,ONE,QUORUM,cassandra3,cassandra2,False,2,2,False
163,3,MONOTONIC_READS,normal,netem delay 25ms 25ms,ONE,QUORUM,cassandra3,cassandra2,False,2,2,False
163,4,MONOTONIC_READS,normal,netem delay 25ms 25ms,ONE,QUORUM,cassandra3,cassandra3,True,2,2,False
163,5,MONOTONIC_READS,normal,netem delay 25ms 25ms,ONE,QUORUM,cassandra3,cassandra3,True,2,2,False
164,1,MONOTONIC_READS,normal,netem delay 25ms 25ms,ONE,QUORUM,cassandra2,cassandra2,True,,2,False
164,2,MONOTONIC_READS,normal,netem delay 25ms 25ms,ONE,QUORUM,cassandra2,cassandra1,False,2,2,False
164,3,MONOTONIC_READS,normal,netem delay 25ms 25ms,ONE,QUORUM,cassandra2,cassandra1,False,2,2,False
164,4,MONOTONIC_READS,normal,netem delay 25ms 25ms,ONE,QUORUM,cassandra2,cassandra3,False,2,2,False
164,5,MONOTONIC_READS,normal,netem delay 25ms 25ms,ONE,QUORUM,cassandra2,cassandra1,False,2,2,False
165,1,MONOTONIC_READS,normal,netem delay 25ms 25ms,ONE,QUORUM,cassandra3,cassandra2,False,,2,False
165,2,MONOTONIC_READS,normal,netem delay 25ms 25ms,ONE,QUORUM,cassandra3,cassandra3,True,2,2,False
165,3,MONOTONIC_READS,normal,netem delay 25ms 25ms,ONE,QUORUM,cassandra3,cassandra3,True,2,2,False
165,4,MONOTONIC_READS,normal,netem delay 25ms 25ms,ONE,QUORUM,cassandra3,cassandra2,False,2,2,False
165,5,MONOTONIC_READS,normal,netem delay 25ms 25ms,ONE,QUORUM,cassandra3,cassandra2,False,2,2,False
166,1,MONOTONIC_READS,normal,netem delay 25ms 25ms,ONE,QUORUM,cassandra1,cassandra2,False,,2,False
166,2,MONOTONIC_READS,normal,netem delay 25ms 25ms,ONE,QUORUM,cassandra1,cassandra1,True,2,2,False
166,3,MONOTONIC_READS,normal,netem delay 25ms 25ms,ONE,QUORUM,cassandra1,cassandra3,False,2,2,False
166,4,MONOTONIC_READS,normal,netem delay 25ms 25ms,ONE,QUORUM,cassandra1,cassandra1,True,2,2,False
166,5,MONOTONIC_READS,normal,netem delay 25ms 25ms,ONE,QUORUM,cassandra1,cassandra1,True,2,2,False
167,1,MONOTONIC_READS,normal,netem delay 25ms 25ms,ONE,QUORUM,cassandra3,cassandra2,False,,2,False
167,2,MONOTONIC_READS,normal,netem delay 25ms 25ms,ONE,QUORUM,cassandra3,cassandra2,False,2,2,False
167,3,MONOTONIC_READS,normal,netem delay 25ms 25ms,ONE,QUORUM,cassandra3,cassandra1,False,2,2,False
167,4,MONOTONIC_READS,normal,netem delay 25ms 25ms,ONE,QUORUM,cassandra3,cassandra3,True,2,2,False
167,5,MONOTONIC_READS,normal,netem delay 25ms 25ms,ONE,QUORUM,cassandra3,cassandra1,False,2,2,False
168,1,MONOTONIC_READS,normal,netem delay 25ms 25ms,ONE,QUORUM,cassandra2,cassandra2,True,,2,False
168,2,MONOTONIC_READS,normal,netem delay 25ms 25ms,ONE,QUORUM,cassandra2,cassandra3,False,2,2,False
168,3,MONOTONIC_READS,normal,netem delay 25ms 25ms,ONE,QUORUM,cassandra2,cassandra2,True,2,2,False
168,4,MONOTONIC_READS,normal,netem delay 25ms 25ms,ONE,QUORUM,cassandra2,cassandra3,False,2,2,False
168,5,MONOTONIC_READS,normal,netem delay 25ms 25ms,ONE,QUORUM,cassandra2,cassandra3,False,2,2,False
171,1,MONOTONIC_READS,normal,netem delay 25ms 25ms,ONE,QUORUM,cassandra1,cassandra1,True,,2,False
171,2,MONOTONIC_READS,normal,netem delay 25ms 25ms,ONE,QUORUM,cassandra1,cassandra1,True,2,2,False
171,3,MONOTONIC_READS,normal,netem delay 25ms 25ms,ONE,QUORUM,cassandra1,cassandra3,False,2,2,False
171,4,MONOTONIC_READS,normal,netem delay 25ms 25ms,ONE,QUORUM,cassandra1,cassandra1,True,2,2,False
171,5,MONOTONIC_READS,normal,netem delay 25ms 25ms,ONE,QUORUM,cassandra1,cassandra1,True,2,2,False
172,1,MONOTONIC_READS,normal,netem delay 25ms 25ms,ONE,QUORUM,cassandra2,cassandra3,False,,2,False
172,2,MONOTONIC_READS,normal,netem delay 25ms 25ms,ONE,QUORUM,cassandra2,cassandra2,True,2,2,False
172,3,MONOTONIC_READS,normal,netem delay 25ms 25ms,ONE,QUORUM,cassandra2,cassandra2,True,2,2,False
172,4,MONOTONIC_READS,normal,netem delay 25ms 25ms,ONE,QUORUM,cassandra2,cassandra3,False,2,2,False
172,5,MONOTONIC_READS,normal,netem delay 25ms 25ms,ONE,QUORUM,cassandra2,cassandra3,False,2,2,False
173,1,MONOTONIC_READS,normal,netem delay 25ms 25ms,ONE,QUORUM,cassandra1,cassandra2,False,,2,False
173,2,MONOTONIC_READS,normal,netem delay 25ms 25ms,ONE,QUORUM,cassandra1,cassandra2,False,2,2,False
173,3,MONOTONIC_READS,normal,netem delay 25ms 25ms,ONE,QUORUM,cassandra1,cassandra2,False,2,2,False
173,4,MONOTONIC_READS,normal,netem delay 25ms 25ms,ONE,QUORUM,cassandra1,cassandra1,True,2,2,False
173,5,MONOTONIC_READS,normal,netem delay 25ms 25ms,ONE,QUORUM,cassandra1,cassandra3,False,2,2,False
176,1,MONOTONIC_READS,normal,netem delay 25ms 25ms,ONE,QUORUM,cassandra1,cassandra3,False,,2,False
176,2,MONOTONIC_READS,normal,netem delay 25ms 25ms,ONE,QUORUM,cassandra1,cassandra2,False,2,2,False
176,3,MONOTONIC_READS,normal,netem delay 25ms 25ms,ONE,QUORUM,cassandra1,cassandra1,True,2,2,False
176,4,MONOTONIC_READS,normal,netem delay 25ms 25ms,ONE,QUORUM,cassandra1,cassandra2,False,2,2,False
176,5,MONOTONIC_READS,normal,netem delay 25ms 25ms,ONE,QUORUM,cassandra1,cassandra2,False,2,2,False
177,1,MONOTONIC_READS,normal,netem delay 25ms 25ms,ONE,QUORUM,cassandra2,cassandra1,False,,2,False
177,2,MONOTONIC_READS,normal,netem delay 25ms 25ms,ONE,QUORUM,cassandra2,cassandra3,False,2,2,False
177,3,MONOTONIC_READS,normal,netem delay 25ms 25ms,ONE,QUORUM,cassandra2,cassandra3,False,2,2,False
177,4,MONOTONIC_READS,normal,netem delay 25ms 25ms,ONE,QUORUM,cassandra2,cassandra2,True,2,2,False
177,5,MONOTONIC_READS,normal,netem delay 25ms 25ms,ONE,QUORUM,cassandra2,cassandra3,False,2,2,False
178,1,MONOTONIC_READS,normal,netem delay 25ms 25ms,ONE,QUORUM,cassandra2,cassandra2,True,,2,False
178,2,MONOTONIC_READS,normal,netem delay 25ms 25ms,ONE,QUORUM,cassandra2,cassandra3,False,2,2,False
178,3,MONOTONIC_READS,normal,netem delay 25ms 25ms,ONE,QUORUM,cassandra2,cassandra3,False,2,2,False
178,4,MONOTONIC_READS,normal,netem delay 25ms 25ms,ONE,QUORUM,cassandra2,cassandra2,True,2,2,False
178,5,MONOTONIC_READS,normal,netem delay 25ms 25ms,ONE,QUORUM,cassandra2,cassandra2,True,2,2,False
179,1,MONOTONIC_READS,normal,netem delay 25ms 25ms,ONE,QUORUM,cassandra2,cassandra1,False,,2,False
179,2,MONOTONIC_READS,normal,netem delay 25ms 25ms,ONE,QUORUM,cassandra2,cassandra2,True,2,2,False
179,3,MONOTONIC_READS,normal,netem delay 25ms 25ms,ONE,QUORUM,cassandra2,cassandra2,True,2,2,False
179,4,MONOTONIC_READS,normal,netem delay 25ms 25ms,ONE,QUORUM,cassandra2,cassandra2,True,2,2,False
179,5,MONOTONIC_READS,normal,netem delay 25ms 25ms,ONE,QUORUM,cassandra2,cassandra1,False,2,2,False
180,1,MONOTONIC_READS,normal,netem delay 25ms 25ms,ONE,QUORUM,cassandra2,cassandra2,True,,2,False
180,2,MONOTONIC_READS,normal,netem delay 25ms 25ms,ONE,QUORUM,cassandra2,cassandra2,True,2,2,False
180,3,MONOTONIC_READS,normal,netem delay 25ms 25ms,ONE,QUORUM,cassandra2,cassandra3,False,2,2,False
180,4,MONOTONIC_READS,normal,netem delay 25ms 25ms,ONE,QUORUM,cassandra2,cassandra3,False,2,2,False
180,5,MONOTONIC_READS,normal,netem delay 25ms 25ms,ONE,QUORUM,cassandra2,cassandra2,True,2,2,False
181,1,MONOTONIC_READS,normal,netem delay 25ms 25ms,ONE,QUORUM,cassandra1,cassandra2,False,,2,False
181,2,MONOTONIC_READS,normal,netem delay 25ms 25ms,ONE,QUORUM,cassandra1,cassandra1,True,2,2,False
181,3,MONOTONIC_READS,normal,netem delay 25ms 25ms,ONE,QUORUM,cassandra1,cassandra1,True,2,2,False
181,4,MONOTONIC_READS,normal,netem delay 25ms 25ms,ONE,QUORUM,cassandra1,cassandra3,False,2,2,False
181,5,MONOTONIC_READS,normal,netem delay 25ms 25ms,ONE,QUORUM,cassandra1,cassandra3,False,2,2,False
182,1,MONOTONIC_READS,normal,netem delay 25ms 25ms,ONE,QUORUM,cassandra1,cassandra1,True,,2,False
182,2,MONOTONIC_READS,normal,netem delay 25ms 25ms,ONE,QUORUM,cassandra1,cassandra1,True,2,2,False
182,3,MONOTONIC_READS,normal,netem delay 25ms 25ms,ONE,QUORUM,cassandra1,cassandra1,True,2,2,False
182,4,MONOTONIC_READS,normal,netem delay 25ms 25ms,ONE,QUORUM,cassandra1,cassandra1,True,2,2,False
182,5,MONOTONIC_READS,normal,netem delay 25ms 25ms,ONE,QUORUM,cassandra1,cassandra3,False,2,2,False
183,1,MONOTONIC_READS,normal,netem delay 25ms 25ms,ONE,QUORUM,cassandra2,cassandra3,False,,2,False
183,2,MONOTONIC_READS,normal,netem delay 25ms 25ms,ONE,QUORUM,cassandra2,cassandra2,True,2,2,False
183,3,MONOTONIC_READS,normal,netem delay 25ms 25ms,ONE,QUORUM,cassandra2,cassandra2,True,2,2,False
183,4,MONOTONIC_READS,normal,netem delay 25ms 25ms,ONE,QUORUM,cassandra2,cassandra3,False,2,2,False
183,5,MONOTONIC_READS,normal,netem delay 25ms 25ms,ONE,QUORUM,cassandra2,cassandra2,True,2,2,False
184,1,MONOTONIC_READS,normal,netem delay 25ms 25ms,ONE,QUORUM,cassandra2,cassandra2,True,,2,False
184,2,MONOTONIC_READS,normal,netem delay 25ms 25ms,ONE,QUORUM,cassandra2,cassandra1,False,2,2,False
184,3,MONOTONIC_READS,normal,netem delay 25ms 25ms,ONE,QUORUM,cassandra2,cassandra2,True,2,2,False
184,4,MONOTONIC_READS,normal,netem delay 25ms 25ms,ONE,QUORUM,cassandra2,cassandra2,True,2,2,False
184,5,MONOTONIC_READS,normal,netem delay 25ms 25ms,ONE,QUORUM,cassandra2,cassandra1,False,2,2,False
185,1,MONOTONIC_READS,normal,netem delay 25ms 25ms,ONE,QUORUM,cassandra1,cassandra3,False,,2,False
185,2,MONOTONIC_READS,normal,netem delay 25ms 25ms,ONE,QUORUM,cassandra1,cassandra3,False,2,2,False
185,3,MONOTONIC_READS,normal,netem delay 25ms 25ms,ONE,QUORUM,cassandra1,cassandra1,True,2,2,False
185,4,MONOTONIC_READS,normal,netem delay 25ms 25ms,ONE,QUORUM,cassandra1,cassandra2,False,2,2,False
185,5,MONOTONIC_READS,normal,netem delay 25ms 25ms,ONE,QUORUM,cassandra1,cassandra3,False,2,2,False
186,1,MONOTONIC_READS,normal,netem delay 25ms 25ms,ONE,QUORUM,cassandra2,cassandra3,False,,2,False
186,2,MONOTONIC_READS,normal,netem delay 25ms 25ms,ONE,QUORUM,cassandra2,cassandra1,False,2,2,False
186,3,MONOTONIC_READS,normal,netem delay 25ms 25ms,ONE,QUORUM,cassandra2,cassandra2,True,2,2,False
186,4,MONOTONIC_READS,normal,netem delay 25ms 25ms,ONE,QUORUM,cassandra2,cassandra3,False,2,2,False
186,5,MONOTONIC_READS,normal,netem delay 25ms 25ms,ONE,QUORUM,cassandra2,cassandra2,True,2,2,False
187,1,MONOTONIC_READS,normal,netem delay 25ms 25ms,ONE,QUORUM,cassandra3,cassandra2,False,,2,False
187,2,MONOTONIC_READS,normal,netem delay 25ms 25ms,ONE,QUORUM,cassandra3,cassandra2,False,2,2,False
187,3,MONOTONIC_READS,normal,netem delay 25ms 25ms,ONE,QUORUM,cassandra3,cassandra3,True,2,2,False
187,4,MONOTONIC_READS,normal,netem delay 25ms 25ms,ONE,QUORUM,cassandra3,cassandra1,False,2,2,False
187,5,MONOTONIC_READS,normal,netem delay 25ms 25ms,ONE,QUORUM,cassandra3,cassandra3,True,2,2,False
188,1,MONOTONIC_READS,normal,netem delay 25ms 25ms,ONE,QUORUM,cassandra3,cassandra2,False,,2,False
188,2,MONOTONIC_READS,normal,netem delay 25ms 25ms,ONE,QUORUM,cassandra3,cassandra2,False,2,2,False
188,3,MONOTONIC_READS,normal,netem delay 25ms 25ms,ONE,QUORUM,cassandra3,cassandra3,True,2,2,False
188,4,MONOTONIC_READS,normal,netem delay 25ms 25ms,ONE,QUORUM,cassandra3,cassandra2,False,2,2,False
188,5,MONOTONIC_READS,normal,netem delay 25ms 25ms,ONE,QUORUM,cassandra3,cassandra1,False,2,2,False
189,1,MONOTONIC_READS,normal,netem delay 25ms 25ms,ONE,QUORUM,cassandra1,cassandra3,False,,2,False
189,2,MONOTONIC_READS,normal,netem delay 25ms 25ms,ONE,QUORUM,cassandra1,cassandra3,False,2,2,False
189,3,MONOTONIC_READS,normal,netem delay 25ms 25ms,ONE,QUORUM,cassandra1,cassandra2,False,2,2,False
189,4,MONOTONIC_READS,normal,netem delay 25ms 25ms,ONE,QUORUM,cassandra1,cassandra1,True,2,2,False
189,5,MONOTONIC_READS,normal,netem delay 25ms 25ms,ONE,QUORUM,cassandra1,cassandra3,False,2,2,False
190,1,MONOTONIC_READS,normal,netem delay 25ms 25ms,ONE,QUORUM,cassandra2,cassandra2,True,,2,False
190,2,MONOTONIC_READS,normal,netem delay 25ms 25ms,ONE,QUORUM,cassandra2,cassandra3,False,2,2,False
190,3,MONOTONIC_READS,normal,netem delay 25ms 25ms,ONE,QUORUM,cassandra2,cassandra1,False,2,2,False
190,4,MONOTONIC_READS,normal,netem delay 25ms 25ms,ONE,QUORUM,cassandra2,cassandra2,True,2,2,False
190,5,MONOTONIC_READS,normal,netem delay 25ms 25ms,ONE,QUORUM,cassandra2,cassandra3,False,2,2,False
191,1,MONOTONIC_READS,normal,netem delay 25ms 25ms,ONE,QUORUM,cassandra1,cassandra3,False,,2,False
191,2,MONOTONIC_READS,normal,netem delay 25ms 25ms,ONE,QUORUM,cassandra1,cassandra1,True,2,2,False
191,3,MONOTONIC_READS,normal,netem delay 25ms 25ms,ONE,QUORUM,cassandra1,cassandra1,True,2,2,False
191,4,MONOTONIC_READS,normal,netem delay 25ms 25ms,ONE,QUORUM,cassandra1,cassandra2,False,2,2,False
191,5,MONOTONIC_READS,normal,netem delay 25ms 25ms,ONE,QUORUM,cassandra1,cassandra1,True,2,2,False
192,1,MONOTONIC_READS,normal,netem delay 25ms 25ms,ONE,QUORUM,cassandra3,cassandra2,False,,2,False
192,2,MONOTONIC_READS,normal,netem delay 25ms 25ms,ONE,QUORUM,cassandra3,cassandra3,True,2,2,False
192,3,MONOTONIC_READS,normal,netem delay 25ms 25ms,ONE,QUORUM,cassandra3,cassandra3,True,2,2,False
192,4,MONOTONIC_READS,normal,netem delay 25ms 25ms,ONE,QUORUM,cassandra3,cassandra1,False,2,2,False
192,5,MONOTONIC_READS,normal,netem delay 25ms 25ms,ONE,QUORUM,cassandra3,cassandra1,False,2,2,False
193,1,MONOTONIC_READS,normal,netem delay 25ms 25ms,ONE,QUORUM,cassandra2,cassandra3,False,,2,False
193,2,MONOTONIC_READS,normal,netem delay 25ms 25ms,ONE,QUORUM,cassandra2,cassandra2,True,2,2,False
193,3,MONOTONIC_READS,normal,netem delay 25ms 25ms,ONE,QUORUM,cassandra2,cassandra2,True,2,2,False
193,4,MONOTONIC_READS,normal,netem delay 25ms 25ms,ONE,QUORUM,cassandra2,cassandra3,False,2,2,False
193,5,MONOTONIC_READS,normal,netem delay 25ms 25ms,ONE,QUORUM,cassandra2,cassandra2,True,2,2,False
194,1,MONOTONIC_READS,normal,netem delay 25ms 25ms,ONE,QUORUM,cassandra1,cassandra1,True,,2,False
194,2,MONOTONIC_READS,normal,netem delay 25ms 25ms,ONE,QUORUM,cassandra1,cassandra1,True,2,2,False
194,3,MONOTONIC_READS,normal,netem delay 25ms 25ms,ONE,QUORUM,cassandra1,cassandra2,False,2,2,False
194,4,MONOTONIC_READS,normal,netem delay 25ms 25ms,ONE,QUORUM,cassandra1,cassandra3,False,2,2,False
194,5,MONOTONIC_READS,normal,netem delay 25ms 25ms,ONE,QUORUM,cassandra1,cassandra1,True,2,2,False
195,1,MONOTONIC_READS,normal,netem delay 25ms 25ms,ONE,QUORUM,cassandra1,cassandra1,True,,2,False
195,2,MONOTONIC_READS,normal,netem delay 25ms 25ms,ONE,QUORUM,cassandra1,cassandra2,False,2,2,False
195,3,MONOTONIC_READS,normal,netem delay 25ms 25ms,ONE,QUORUM,cassandra1,cassandra2,False,2,2,False
195,4,MONOTONIC_READS,normal,netem delay 25ms 25ms,ONE,QUORUM,cassandra1,cassandra1,True,2,2,False
195,5,MONOTONIC_READS,normal,netem delay 25ms 25ms,ONE,QUORUM,cassandra1,cassandra2,False,2,2,False
196,1,MONOTONIC_READS,normal,netem delay 25ms 25ms,ONE,QUORUM,cassandra3,cassandra1,False,,2,False
196,2,MONOTONIC_READS,normal,netem delay 25ms 25ms,ONE,QUORUM,cassandra3,cassandra1,False,2,2,False
196,3,MONOTONIC_READS,normal,netem delay 25ms 25ms,ONE,QUORUM,cassandra3,cassandra1,False,2,2,False
196,4,MONOTONIC_READS,normal,netem delay 25ms 25ms,ONE,QUORUM,cassandra3,cassandra3,True,2,2,False
196,5,MONOTONIC_READS,normal,netem delay 25ms 25ms,ONE,QUORUM,cassandra3,cassandra3,True,2,2,False
197,1,MONOTONIC_READS,normal,netem delay 25ms 25ms,ONE,QUORUM,cassandra3,cassandra1,False,,2,False
197,2,MONOTONIC_READS,normal,netem delay 25ms 25ms,ONE,QUORUM,cassandra3,cassandra1,False,2,2,False
197,3,MONOTONIC_READS,normal,netem delay 25ms 25ms,ONE,QUORUM,cassandra3,cassandra3,True,2,2,False
197,4,MONOTONIC_READS,normal,netem delay 25ms 25ms,ONE,QUORUM,cassandra3,cassandra2,False,2,2,False
197,5,MONOTONIC_READS,normal,netem delay 25ms 25ms,ONE,QUORUM,cassandra3,cassandra2,False,2,2,False
198,1,MONOTONIC_READS,normal,netem delay 25ms 25ms,ONE,QUORUM,cassandra1,cassandra2,False,,2,False
198,2,MONOTONIC_READS,normal,netem delay 25ms 25ms,ONE,QUORUM,cassandra1,cassandra1,True,2,2,False
198,3,MONOTONIC_READS,normal,netem delay 25ms 25ms,ONE,QUORUM,cassandra1,cassandra1,True,2,2,False
198,4,MONOTONIC_READS,normal,netem delay 25ms 25ms,ONE,QUORUM,cassandra1,cassandra3,False,2,2,False
198,5,MONOTONIC_READS,normal,netem delay 25ms 25ms,ONE,QUORUM,cassandra1,cassandra1,True,2,2,False
199,1,MONOTONIC_READS,normal,netem delay 25ms 25ms,ONE,QUORUM,cassandra3,cassandra3,True,,2,False
199,2,MONOTONIC_READS,normal,netem delay 25ms 25ms,ONE,QUORUM,cassandra3,cassandra3,True,2,2,False
199,3,MONOTONIC_READS,normal,netem delay 25ms 25ms,ONE,QUORUM,cassandra3,cassandra3,True,2,2,False
199,4,MONOTONIC_READS,normal,netem delay 25ms 25ms,ONE,QUORUM,cassandra3,cassandra2,False,2,2,False
199,5,MONOTONIC_READS,normal,netem delay 25ms 25ms,ONE,QUORUM,cassandra3,cassandra3,True,2,2,False
200,1,MONOTONIC_READS,normal,netem delay 25ms 25ms,ONE,QUORUM,cassandra1,cassandra2,False,,2,False
200,2,MONOTONIC_READS,normal,netem delay 25ms 25ms,ONE,QUORUM,cassandra1,cassandra1,True,2,2,False
200,3,MONOTONIC_READS,normal,netem delay 25ms 25ms,ONE,QUORUM,cassandra1,cassandra3,False,2,2,False
200,4,MONOTONIC_READS,normal,netem delay 25ms 25ms,ONE,QUORUM,cassandra1,cassandra3,False,2,2,False
200,5,MONOTONIC_READS,normal,netem delay 25ms 25ms,ONE,QUORUM,cassandra1,cassandra1,True,2,2,False
1,1,MONOTONIC_READS,normal,netem delay 25ms 25ms,ONE,ALL,cassandra3,cassandra3,True,,2,False
1,2,MONOTONIC_READS,normal,netem delay 25ms 25ms,ONE,ALL,cassandra3,cassandra2,False,2,2,False
1,3,MONOTONIC_READS,normal,netem delay 25ms 25ms,ONE,ALL,cassandra3,cassandra2,False,2,2,False
1,4,MONOTONIC_READS,normal,netem delay 25ms 25ms,ONE,ALL,cassandra3,cassandra2,False,2,2,False
1,5,MONOTONIC_READS,normal,netem delay 25ms 25ms,ONE,ALL,cassandra3,cassandra3,True,2,2,False
2,1,MONOTONIC_READS,normal,netem delay 25ms 25ms,ONE,ALL,cassandra2,cassandra2,True,,2,False
2,2,MONOTONIC_READS,normal,netem delay 25ms 25ms,ONE,ALL,cassandra2,cassandra1,False,2,2,False
2,3,MONOTONIC_READS,normal,netem delay 25ms 25ms,ONE,ALL,cassandra2,cassandra1,False,2,2,False
2,4,MONOTONIC_READS,normal,netem delay 25ms 25ms,ONE,ALL,cassandra2,cassandra3,False,2,2,False
2,5,MONOTONIC_READS,normal,netem delay 25ms 25ms,ONE,ALL,cassandra2,cassandra1,False,2,2,False
3,1,MONOTONIC_READS,normal,netem delay 25ms 25ms,ONE,ALL,cassandra2,cassandra3,False,,2,False
3,2,MONOTONIC_READS,normal,netem delay 25ms 25ms,ONE,ALL,cassandra2,cassandra3,False,2,2,False
3,3,MONOTONIC_READS,normal,netem delay 25ms 25ms,ONE,ALL,cassandra2,cassandra1,False,2,2,False
3,4,MONOTONIC_READS,normal,netem delay 25ms 25ms,ONE,ALL,cassandra2,cassandra1,False,2,2,False
3,5,MONOTONIC_READS,normal,netem delay 25ms 25ms,ONE,ALL,cassandra2,cassandra3,False,2,2,False
4,1,MONOTONIC_READS,normal,netem delay 25ms 25ms,ONE,ALL,cassandra3,cassandra2,False,,2,False
4,2,MONOTONIC_READS,normal,netem delay 25ms 25ms,ONE,ALL,cassandra3,cassandra1,False,2,2,False
4,3,MONOTONIC_READS,normal,netem delay 25ms 25ms,ONE,ALL,cassandra3,cassandra1,False,2,2,False
4,4,MONOTONIC_READS,normal,netem delay 25ms 25ms,ONE,ALL,cassandra3,cassandra2,False,2,2,False
4,5,MONOTONIC_READS,normal,netem delay 25ms 25ms,ONE,ALL,cassandra3,cassandra2,False,2,2,False
5,1,MONOTONIC_READS,normal,netem delay 25ms 25ms,ONE,ALL,cassandra1,cassandra3,False,,2,False
5,2,MONOTONIC_READS,normal,netem delay 25ms 25ms,ONE,ALL,cassandra1,cassandra2,False,2,2,False
5,3,MONOTONIC_READS,normal,netem delay 25ms 25ms,ONE,ALL,cassandra1,cassandra2,False,2,2,False
5,4,MONOTONIC_READS,normal,netem delay 25ms 25ms,ONE,ALL,cassandra1,cassandra3,False,2,2,False
5,5,MONOTONIC_READS,normal,netem delay 25ms 25ms,ONE,ALL,cassandra1,cassandra3,False,2,2,False
6,1,MONOTONIC_READS,normal,netem delay 25ms 25ms,ONE,ALL,cassandra3,cassandra2,False,,2,False
6,2,MONOTONIC_READS,normal,netem delay 25ms 25ms,ONE,ALL,cassandra3,cassandra3,True,2,2,False
6,3,MONOTONIC_READS,normal,netem delay 25ms 25ms,ONE,ALL,cassandra3,cassandra3,True,2,2,False
6,4,MONOTONIC_READS,normal,netem delay 25ms 25ms,ONE,ALL,cassandra3,cassandra2,False,2,2,False
6,5,MONOTONIC_READS,normal,netem delay 25ms 25ms,ONE,ALL,cassandra3,cassandra1,False,2,2,False
7,1,MONOTONIC_READS,normal,netem delay 25ms 25ms,ONE,ALL,cassandra3,cassandra1,False,,2,False
7,2,MONOTONIC_READS,normal,netem delay 25ms 25ms,ONE,ALL,cassandra3,cassandra3,True,2,2,False
7,3,MONOTONIC_READS,normal,netem delay 25ms 25ms,ONE,ALL,cassandra3,cassandra1,False,2,2,False
7,4,MONOTONIC_READS,normal,netem delay 25ms 25ms,ONE,ALL,cassandra3,cassandra2,False,2,2,False
7,5,MONOTONIC_READS,normal,netem delay 25ms 25ms,ONE,ALL,cassandra3,cassandra1,False,2,2,False
8,1,MONOTONIC_READS,normal,netem delay 25ms 25ms,ONE,ALL,cassandra1,cassandra3,False,,2,False
8,2,MONOTONIC_READS,normal,netem delay 25ms 25ms,ONE,ALL,cassandra1,cassandra2,False,2,2,False
8,3,MONOTONIC_READS,normal,netem delay 25ms 25ms,ONE,ALL,cassandra1,cassandra3,False,2,2,False
8,4,MONOTONIC_READS,normal,netem delay 25ms 25ms,ONE,ALL,cassandra1,cassandra3,False,2,2,False
8,5,MONOTONIC_READS,normal,netem delay 25ms 25ms,ONE,ALL,cassandra1,cassandra2,False,2,2,False
9,1,MONOTONIC_READS,normal,netem delay 25ms 25ms,ONE,ALL,cassandra1,cassandra1,True,,2,False
9,2,MONOTONIC_READS,normal,netem delay 25ms 25ms,ONE,ALL,cassandra1,cassandra1,True,2,2,False
9,3,MONOTONIC_READS,normal,netem delay 25ms 25ms,ONE,ALL,cassandra1,cassandra1,True,2,2,False
9,4,MONOTONIC_READS,normal,netem delay 25ms 25ms,ONE,ALL,cassandra1,cassandra2,False,2,2,False
9,5,MONOTONIC_READS,normal,netem delay 25ms 25ms,ONE,ALL,cassandra1,cassandra1,True,2,2,False
10,1,MONOTONIC_READS,normal,netem delay 25ms 25ms,ONE,ALL,cassandra1,cassandra1,True,,2,False
10,2,MONOTONIC_READS,normal,netem delay 25ms 25ms,ONE,ALL,cassandra1,cassandra1,True,2,2,False
10,3,MONOTONIC_READS,normal,netem delay 25ms 25ms,ONE,ALL,cassandra1,cassandra2,False,2,2,False
10,4,MONOTONIC_READS,normal,netem delay 25ms 25ms,ONE,ALL,cassandra1,cassandra1,True,2,2,False
10,5,MONOTONIC_READS,normal,netem delay 25ms 25ms,ONE,ALL,cassandra1,cassandra2,False,2,2,False
11,1,MONOTONIC_READS,normal,netem delay 25ms 25ms,ONE,ALL,cassandra2,cassandra3,False,,2,False
11,2,MONOTONIC_READS,normal,netem delay 25ms 25ms,ONE,ALL,cassandra2,cassandra2,True,2,2,False
11,3,MONOTONIC_READS,normal,netem delay 25ms 25ms,ONE,ALL,cassandra2,cassandra3,False,2,2,False
11,4,MONOTONIC_READS,normal,netem delay 25ms 25ms,ONE,ALL,cassandra2,cassandra1,False,2,2,False
11,5,MONOTONIC_READS,normal,netem delay 25ms 25ms,ONE,ALL,cassandra2,cassandra3,False,2,2,False
12,1,MONOTONIC_READS,normal,netem delay 25ms 25ms,ONE,ALL,cassandra1,cassandra2,False,,2,False
12,2,MONOTONIC_READS,normal,netem delay 25ms 25ms,ONE,ALL,cassandra1,cassandra2,False,2,2,False
12,3,MONOTONIC_READS,normal,netem delay 25ms 25ms,ONE,ALL,cassandra1,cassandra3,False,2,2,False
12,4,MONOTONIC_READS,normal,netem delay 25ms 25ms,ONE,ALL,cassandra1,cassandra1,True,2,2,False
12,5,MONOTONIC_READS,normal,netem delay 25ms 25ms,ONE,ALL,cassandra1,cassandra3,False,2,2,False
13,1,MONOTONIC_READS,normal,netem delay 25ms 25ms,ONE,ALL,cassandra2,cassandra1,False,,2,False
13,2,MONOTONIC_READS,normal,netem delay 25ms 25ms,ONE,ALL,cassandra2,cassandra1,False,2,2,False
13,3,MONOTONIC_READS,normal,netem delay 25ms 25ms,ONE,ALL,cassandra2,cassandra2,True,2,2,False
13,4,MONOTONIC_READS,normal,netem delay 25ms 25ms,ONE,ALL,cassandra2,cassandra1,False,2,2,False
13,5,MONOTONIC_READS,normal,netem delay 25ms 25ms,ONE,ALL,cassandra2,cassandra3,False,2,2,False
14,1,MONOTONIC_READS,normal,netem delay 25ms 25ms,ONE,ALL,cassandra2,cassandra2,True,,2,False
14,2,MONOTONIC_READS,normal,netem delay 25ms 25ms,ONE,ALL,cassandra2,cassandra2,True,2,2,False
14,3,MONOTONIC_READS,normal,netem delay 25ms 25ms,ONE,ALL,cassandra2,cassandra3,False,2,2,False
14,4,MONOTONIC_READS,normal,netem delay 25ms 25ms,ONE,ALL,cassandra2,cassandra3,False,2,2,False
14,5,MONOTONIC_READS,normal,netem delay 25ms 25ms,ONE,ALL,cassandra2,cassandra2,True,2,2,False
15,1,MONOTONIC_READS,normal,netem delay 25ms 25ms,ONE,ALL,cassandra1,cassandra2,False,,2,False
15,2,MONOTONIC_READS,normal,netem delay 25ms 25ms,ONE,ALL,cassandra1,cassandra3,False,2,2,False
15,3,MONOTONIC_READS,normal,netem delay 25ms 25ms,ONE,ALL,cassandra1,cassandra3,False,2,2,False
15,4,MONOTONIC_READS,normal,netem delay 25ms 25ms,ONE,ALL,cassandra1,cassandra1,True,2,2,False
15,5,MONOTONIC_READS,normal,netem delay 25ms 25ms,ONE,ALL,cassandra1,cassandra1,True,2,2,False
16,1,MONOTONIC_READS,normal,netem delay 25ms 25ms,ONE,ALL,cassandra1,cassandra1,True,,2,False
16,2,MONOTONIC_READS,normal,netem delay 25ms 25ms,ONE,ALL,cassandra1,cassandra3,False,2,2,False
16,3,MONOTONIC_READS,normal,netem delay 25ms 25ms,ONE,ALL,cassandra1,cassandra1,True,2,2,False
16,4,MONOTONIC_READS,normal,netem delay 25ms 25ms,ONE,ALL,cassandra1,cassandra1,True,2,2,False
16,5,MONOTONIC_READS,normal,netem delay 25ms 25ms,ONE,ALL,cassandra1,cassandra2,False,2,2,False
17,1,MONOTONIC_READS,normal,netem delay 25ms 25ms,ONE,ALL,cassandra3,cassandra2,False,,2,False
17,2,MONOTONIC_READS,normal,netem delay 25ms 25ms,ONE,ALL,cassandra3,cassandra3,True,2,2,False
17,3,MONOTONIC_READS,normal,netem delay 25ms 25ms,ONE,ALL,cassandra3,cassandra2,False,2,2,False
17,4,MONOTONIC_READS,normal,netem delay 25ms 25ms,ONE,ALL,cassandra3,cassandra1,False,2,2,False
17,5,MONOTONIC_READS,normal,netem delay 25ms 25ms,ONE,ALL,cassandra3,cassandra3,True,2,2,False
18,1,MONOTONIC_READS,normal,netem delay 25ms 25ms,ONE,ALL,cassandra3,cassandra3,True,,2,False
18,2,MONOTONIC_READS,normal,netem delay 25ms 25ms,ONE,ALL,cassandra3,cassandra2,False,2,2,False
18,3,MONOTONIC_READS,normal,netem delay 25ms 25ms,ONE,ALL,cassandra3,cassandra1,False,2,2,False
18,4,MONOTONIC_READS,normal,netem delay 25ms 25ms,ONE,ALL,cassandra3,cassandra2,False,2,2,False
18,5,MONOTONIC_READS,normal,netem delay 25ms 25ms,ONE,ALL,cassandra3,cassandra2,False,2,2,False
19,1,MONOTONIC_READS,normal,netem delay 25ms 25ms,ONE,ALL,cassandra1,cassandra1,True,,2,False
19,2,MONOTONIC_READS,normal,netem delay 25ms 25ms,ONE,ALL,cassandra1,cassandra3,False,2,2,False
19,3,MONOTONIC_READS,normal,netem delay 25ms 25ms,ONE,ALL,cassandra1,cassandra3,False,2,2,False
19,4,MONOTONIC_READS,normal,netem delay 25ms 25ms,ONE,ALL,cassandra1,cassandra3,False,2,2,False
19,5,MONOTONIC_READS,normal,netem delay 25ms 25ms,ONE,ALL,cassandra1,cassandra3,False,2,2,False
20,1,MONOTONIC_READS,normal,netem delay 25ms 25ms,ONE,ALL,cassandra2,cassandra1,False,,2,False
20,2,MONOTONIC_READS,normal,netem delay 25ms 25ms,ONE,ALL,cassandra2,cassandra3,False,2,2,False
20,3,MONOTONIC_READS,normal,netem delay 25ms 25ms,ONE,ALL,cassandra2,cassandra1,False,2,2,False
20,4,MONOTONIC_READS,normal,netem delay 25ms 25ms,ONE,ALL,cassandra2,cassandra1,False,2,2,False
20,5,MONOTONIC_READS,normal,netem delay 25ms 25ms,ONE,ALL,cassandra2,cassandra2,True,2,2,False
21,1,MONOTONIC_READS,normal,netem delay 25ms 25ms,ONE,ALL,cassandra2,cassandra3,False,,2,False
21,2,MONOTONIC_READS,normal,netem delay 25ms 25ms,ONE,ALL,cassandra2,cassandra1,False,2,2,False
21,3,MONOTONIC_READS,normal,netem delay 25ms 25ms,ONE,ALL,cassandra2,cassandra3,False,2,2,False
21,4,MONOTONIC_READS,normal,netem delay 25ms 25ms,ONE,ALL,cassandra2,cassandra2,True,2,2,False
21,5,MONOTONIC_READS,normal,netem delay 25ms 25ms,ONE,ALL,cassandra2,cassandra3,False,2,2,False
22,1,MONOTONIC_READS,normal,netem delay 25ms 25ms,ONE,ALL,cassandra2,cassandra3,False,,2,False
22,2,MONOTONIC_READS,normal,netem delay 25ms 25ms,ONE,ALL,cassandra2,cassandra1,False,2,2,False
22,3,MONOTONIC_READS,normal,netem delay 25ms 25ms,ONE,ALL,cassandra2,cassandra1,False,2,2,False
22,4,MONOTONIC_READS,normal,netem delay 25ms 25ms,ONE,ALL,cassandra2,cassandra3,False,2,2,False
22,5,MONOTONIC_READS,normal,netem delay 25ms 25ms,ONE,ALL,cassandra2,cassandra1,False,2,2,False
23,1,MONOTONIC_READS,normal,netem delay 25ms 25ms,ONE,ALL,cassandra3,cassandra1,False,,2,False
23,2,MONOTONIC_READS,normal,netem delay 25ms 25ms,ONE,ALL,cassandra3,cassandra2,False,2,2,False
23,3,MONOTONIC_READS,normal,netem delay 25ms 25ms,ONE,ALL,cassandra3,cassandra1,False,2,2,False
23,4,MONOTONIC_READS,normal,netem delay 25ms 25ms,ONE,ALL,cassandra3,cassandra1,False,2,2,False
23,5,MONOTONIC_READS,normal,netem delay 25ms 25ms,ONE,ALL,cassandra3,cassandra2,False,2,2,False
24,1,MONOTONIC_READS,normal,netem delay 25ms 25ms,ONE,ALL,cassandra3,cassandra1,False,,2,False
24,2,MONOTONIC_READS,normal,netem delay 25ms 25ms,ONE,ALL,cassandra3,cassandra2,False,2,2,False
24,3,MONOTONIC_READS,normal,netem delay 25ms 25ms,ONE,ALL,cassandra3,cassandra1,False,2,2,False
24,4,MONOTONIC_READS,normal,netem delay 25ms 25ms,ONE,ALL,cassandra3,cassandra2,False,2,2,False
24,5,MONOTONIC_READS,normal,netem delay 25ms 25ms,ONE,ALL,cassandra3,cassandra1,False,2,2,False
25,1,MONOTONIC_READS,normal,netem delay 25ms 25ms,ONE,ALL,cassandra3,cassandra3,True,,2,False
25,2,MONOTONIC_READS,normal,netem delay 25ms 25ms,ONE,ALL,cassandra3,cassandra2,False,2,2,False
25,3,MONOTONIC_READS,normal,netem delay 25ms 25ms,ONE,ALL,cassandra3,cassandra2,False,2,2,False
25,4,MONOTONIC_READS,normal,netem delay 25ms 25ms,ONE,ALL,cassandra3,cassandra1,False,2,2,False
25,5,MONOTONIC_READS,normal,netem delay 25ms 25ms,ONE,ALL,cassandra3,cassandra1,False,2,2,False
26,1,MONOTONIC_READS,normal,netem delay 25ms 25ms,ONE,ALL,cassandra1,cassandra2,False,,2,False
26,2,MONOTONIC_READS,normal,netem delay 25ms 25ms,ONE,ALL,cassandra1,cassandra2,False,2,2,False
26,3,MONOTONIC_READS,normal,netem delay 25ms 25ms,ONE,ALL,cassandra1,cassandra2,False,2,2,False
26,4,MONOTONIC_READS,normal,netem delay 25ms 25ms,ONE,ALL,cassandra1,cassandra2,False,2,2,False
26,5,MONOTONIC_READS,normal,netem delay 25ms 25ms,ONE,ALL,cassandra1,cassandra1,True,2,2,False
27,1,MONOTONIC_READS,normal,netem delay 25ms 25ms,ONE,ALL,cassandra2,cassandra2,True,,2,False
27,2,MONOTONIC_READS,normal,netem delay 25ms 25ms,ONE,ALL,cassandra2,cassandra3,False,2,2,False
27,3,MONOTONIC_READS,normal,netem delay 25ms 25ms,ONE,ALL,cassandra2,cassandra1,False,2,2,False
27,4,MONOTONIC_READS,normal,netem delay 25ms 25ms,ONE,ALL,cassandra2,cassandra2,True,2,2,False
27,5,MONOTONIC_READS,normal,netem delay 25ms 25ms,ONE,ALL,cassandra2,cassandra3,False,2,2,False
28,1,MONOTONIC_READS,normal,netem delay 25ms 25ms,ONE,ALL,cassandra3,cassandra3,True,,2,False
28,2,MONOTONIC_READS,normal,netem delay 25ms 25ms,ONE,ALL,cassandra3,cassandra3,True,2,2,False
28,3,MONOTONIC_READS,normal,netem delay 25ms 25ms,ONE,ALL,cassandra3,cassandra2,False,2,2,False
28,4,MONOTONIC_READS,normal,netem delay 25ms 25ms,ONE,ALL,cassandra3,cassandra1,False,2,2,False
28,5,MONOTONIC_READS,normal,netem delay 25ms 25ms,ONE,ALL,cassandra3,cassandra3,True,2,2,False
29,1,MONOTONIC_READS,normal,netem delay 25ms 25ms,ONE,ALL,cassandra1,cassandra1,True,,2,False
29,2,MONOTONIC_READS,normal,netem delay 25ms 25ms,ONE,ALL,cassandra1,cassandra2,False,2,2,False
29,3,MONOTONIC_READS,normal,netem delay 25ms 25ms,ONE,ALL,cassandra1,cassandra3,False,2,2,False
29,4,MONOTONIC_READS,normal,netem delay 25ms 25ms,ONE,ALL,cassandra1,cassandra2,False,2,2,False
29,5,MONOTONIC_READS,normal,netem delay 25ms 25ms,ONE,ALL,cassandra1,cassandra3,False,2,2,False
30,1,MONOTONIC_READS,normal,netem delay 25ms 25ms,ONE,ALL,cassandra3,cassandra2,False,,2,False
30,2,MONOTONIC_READS,normal,netem delay 25ms 25ms,ONE,ALL,cassandra3,cassandra3,True,2,2,False
30,3,MONOTONIC_READS,normal,netem delay 25ms 25ms,ONE,ALL,cassandra3,cassandra1,False,2,2,False
30,4,MONOTONIC_READS,normal,netem delay 25ms 25ms,ONE,ALL,cassandra3,cassandra3,True,2,2,False
30,5,MONOTONIC_READS,normal,netem delay 25ms 25ms,ONE,ALL,cassandra3,cassandra1,False,2,2,False
31,1,MONOTONIC_READS,normal,netem delay 25ms 25ms,ONE,ALL,cassandra3,cassandra1,False,,2,False
31,2,MONOTONIC_READS,normal,netem delay 25ms 25ms,ONE,ALL,cassandra3,cassandra1,False,2,2,False
31,3,MONOTONIC_READS,normal,netem delay 25ms 25ms,ONE,ALL,cassandra3,cassandra3,True,2,2,False
31,4,MONOTONIC_READS,normal,netem delay 25ms 25ms,ONE,ALL,cassandra3,cassandra3,True,2,2,False
31,5,MONOTONIC_READS,normal,netem delay 25ms 25ms,ONE,ALL,cassandra3,cassandra1,False,2,2,False
32,1,MONOTONIC_READS,normal,netem delay 25ms 25ms,ONE,ALL,cassandra1,cassandra1,True,,2,False
32,2,MONOTONIC_READS,normal,netem delay 25ms 25ms,ONE,ALL,cassandra1,cassandra3,False,2,2,False
32,3,MONOTONIC_READS,normal,netem delay 25ms 25ms,ONE,ALL,cassandra1,cassandra1,True,2,2,False
32,4,MONOTONIC_READS,normal,netem delay 25ms 25ms,ONE,ALL,cassandra1,cassandra1,True,2,2,False
32,5,MONOTONIC_READS,normal,netem delay 25ms 25ms,ONE,ALL,cassandra1,cassandra3,False,2,2,False
33,1,MONOTONIC_READS,normal,netem delay 25ms 25ms,ONE,ALL,cassandra1,cassandra3,False,,2,False
33,2,MONOTONIC_READS,normal,netem delay 25ms 25ms,ONE,ALL,cassandra1,cassandra1,True,2,2,False
33,3,MONOTONIC_READS,normal,netem delay 25ms 25ms,ONE,ALL,cassandra1,cassandra3,False,2,2,False
33,4,MONOTONIC_READS,normal,netem delay 25ms 25ms,ONE,ALL,cassandra1,cassandra3,False,2,2,False
33,5,MONOTONIC_READS,normal,netem delay 25ms 25ms,ONE,ALL,cassandra1,cassandra1,True,2,2,False
34,1,MONOTONIC_READS,normal,netem delay 25ms 25ms,ONE,ALL,cassandra1,cassandra1,True,,2,False
34,2,MONOTONIC_READS,normal,netem delay 25ms 25ms,ONE,ALL,cassandra1,cassandra3,False,2,2,False
34,3,MONOTONIC_READS,normal,netem delay 25ms 25ms,ONE,ALL,cassandra1,cassandra3,False,2,2,False
34,4,MONOTONIC_READS,normal,netem delay 25ms 25ms,ONE,ALL,cassandra1,cassandra2,False,2,2,False
34,5,MONOTONIC_READS,normal,netem delay 25ms 25ms,ONE,ALL,cassandra1,cassandra1,True,2,2,False
35,1,MONOTONIC_READS,normal,netem delay 25ms 25ms,ONE,ALL,cassandra2,cassandra1,False,,2,False
35,2,MONOTONIC_READS,normal,netem delay 25ms 25ms,ONE,ALL,cassandra2,cassandra2,True,2,2,False
35,3,MONOTONIC_READS,normal,netem delay 25ms 25ms,ONE,ALL,cassandra2,cassandra1,False,2,2,False
35,4,MONOTONIC_READS,normal,netem delay 25ms 25ms,ONE,ALL,cassandra2,cassandra3,False,2,2,False
35,5,MONOTONIC_READS,normal,netem delay 25ms 25ms,ONE,ALL,cassandra2,cassandra3,False,2,2,False
36,1,MONOTONIC_READS,normal,netem delay 25ms 25ms,ONE,ALL,cassandra3,cassandra2,False,,2,False
36,2,MONOTONIC_READS,normal,netem delay 25ms 25ms,ONE,ALL,cassandra3,cassandra1,False,2,2,False
36,3,MONOTONIC_READS,normal,netem delay 25ms 25ms,ONE,ALL,cassandra3,cassandra3,True,2,2,False
36,4,MONOTONIC_READS,normal,netem delay 25ms 25ms,ONE,ALL,cassandra3,cassandra3,True,2,2,False
36,5,MONOTONIC_READS,normal,netem delay 25ms 25ms,ONE,ALL,cassandra3,cassandra3,True,2,2,False
37,1,MONOTONIC_READS,normal,netem delay 25ms 25ms,ONE,ALL,cassandra1,cassandra2,False,,2,False
37,2,MONOTONIC_READS,normal,netem delay 25ms 25ms,ONE,ALL,cassandra1,cassandra2,False,2,2,False
37,3,MONOTONIC_READS,normal,netem delay 25ms 25ms,ONE,ALL,cassandra1,cassandra1,True,2,2,False
37,4,MONOTONIC_READS,normal,netem delay 25ms 25ms,ONE,ALL,cassandra1,cassandra3,False,2,2,False
37,5,MONOTONIC_READS,normal,netem delay 25ms 25ms,ONE,ALL,cassandra1,cassandra2,False,2,2,False
38,1,MONOTONIC_READS,normal,netem delay 25ms 25ms,ONE,ALL,cassandra1,cassandra2,False,,2,False
38,2,MONOTONIC_READS,normal,netem delay 25ms 25ms,ONE,ALL,cassandra1,cassandra2,False,2,2,False
38,3,MONOTONIC_READS,normal,netem delay 25ms 25ms,ONE,ALL,cassandra1,cassandra3,False,2,2,False
38,4,MONOTONIC_READS,normal,netem delay 25ms 25ms,ONE,ALL,cassandra1,cassandra1,True,2,2,False
38,5,MONOTONIC_READS,normal,netem delay 25ms 25ms,ONE,ALL,cassandra1,cassandra3,False,2,2,False
39,1,MONOTONIC_READS,normal,netem delay 25ms 25ms,ONE,ALL,cassandra3,cassandra3,True,,2,False
39,2,MONOTONIC_READS,normal,netem delay 25ms 25ms,ONE,ALL,cassandra3,cassandra3,True,2,2,False
39,3,MONOTONIC_READS,normal,netem delay 25ms 25ms,ONE,ALL,cassandra3,cassandra2,False,2,2,False
39,4,MONOTONIC_READS,normal,netem delay 25ms 25ms,ONE,ALL,cassandra3,cassandra2,False,2,2,False
39,5,MONOTONIC_READS,normal,netem delay 25ms 25ms,ONE,ALL,cassandra3,cassandra3,True,2,2,False
40,1,MONOTONIC_READS,normal,netem delay 25ms 25ms,ONE,ALL,cassandra3,cassandra2,False,,2,False
40,2,MONOTONIC_READS,normal,netem delay 25ms 25ms,ONE,ALL,cassandra3,cassandra1,False,2,2,False
40,3,MONOTONIC_READS,normal,netem delay 25ms 25ms,ONE,ALL,cassandra3,cassandra1,False,2,2,False
40,4,MONOTONIC_READS,normal,netem delay 25ms 25ms,ONE,ALL,cassandra3,cassandra1,False,2,2,False
40,5,MONOTONIC_READS,normal,netem delay 25ms 25ms,ONE,ALL,cassandra3,cassandra3,True,2,2,False
41,1,MONOTONIC_READS,normal,netem delay 25ms 25ms,ONE,ALL,cassandra3,cassandra1,False,,2,False
41,2,MONOTONIC_READS,normal,netem delay 25ms 25ms,ONE,ALL,cassandra3,cassandra1,False,2,2,False
41,3,MONOTONIC_READS,normal,netem delay 25ms 25ms,ONE,ALL,cassandra3,cassandra2,False,2,2,False
41,4,MONOTONIC_READS,normal,netem delay 25ms 25ms,ONE,ALL,cassandra3,cassandra3,True,2,2,False
41,5,MONOTONIC_READS,normal,netem delay 25ms 25ms,ONE,ALL,cassandra3,cassandra1,False,2,2,False
42,1,MONOTONIC_READS,normal,netem delay 25ms 25ms,ONE,ALL,cassandra3,cassandra3,True,,2,False
42,2,MONOTONIC_READS,normal,netem delay 25ms 25ms,ONE,ALL,cassandra3,cassandra1,False,2,2,False
42,3,MONOTONIC_READS,normal,netem delay 25ms 25ms,ONE,ALL,cassandra3,cassandra2,False,2,2,False
42,4,MONOTONIC_READS,normal,netem delay 25ms 25ms,ONE,ALL,cassandra3,cassandra1,False,2,2,False
42,5,MONOTONIC_READS,normal,netem delay 25ms 25ms,ONE,ALL,cassandra3,cassandra1,False,2,2,False
43,1,MONOTONIC_READS,normal,netem delay 25ms 25ms,ONE,ALL,cassandra2,cassandra1,False,,2,False
43,2,MONOTONIC_READS,normal,netem delay 25ms 25ms,ONE,ALL,cassandra2,cassandra2,True,2,2,False
43,3,MONOTONIC_READS,normal,netem delay 25ms 25ms,ONE,ALL,cassandra2,cassandra2,True,2,2,False
43,4,MONOTONIC_READS,normal,netem delay 25ms 25ms,ONE,ALL,cassandra2,cassandra2,True,2,2,False
43,5,MONOTONIC_READS,normal,netem delay 25ms 25ms,ONE,ALL,cassandra2,cassandra1,False,2,2,False
44,1,MONOTONIC_READS,normal,netem delay 25ms 25ms,ONE,ALL,cassandra2,cassandra3,False,,2,False
44,2,MONOTONIC_READS,normal,netem delay 25ms 25ms,ONE,ALL,cassandra2,cassandra1,False,2,2,False
44,3,MONOTONIC_READS,normal,netem delay 25ms 25ms,ONE,ALL,cassandra2,cassandra2,True,2,2,False
44,4,MONOTONIC_READS,normal,netem delay 25ms 25ms,ONE,ALL,cassandra2,cassandra2,True,2,2,False
44,5,MONOTONIC_READS,normal,netem delay 25ms 25ms,ONE,ALL,cassandra2,cassandra3,False,2,2,False
45,1,MONOTONIC_READS,normal,netem delay 25ms 25ms,ONE,ALL,cassandra2,cassandra1,False,,2,False
45,2,MONOTONIC_READS,normal,netem delay 25ms 25ms,ONE,ALL,cassandra2,cassandra2,True,2,2,False
45,3,MONOTONIC_READS,normal,netem delay 25ms 25ms,ONE,ALL,cassandra2,cassandra2,True,2,2,False
45,4,MONOTONIC_READS,normal,netem delay 25ms 25ms,ONE,ALL,cassandra2,cassandra1,False,2,2,False
45,5,MONOTONIC_READS,normal,netem delay 25ms 25ms,ONE,ALL,cassandra2,cassandra1,False,2,2,False
46,1,MONOTONIC_READS,normal,netem delay 25ms 25ms,ONE,ALL,cassandra3,cassandra3,True,,2,False
46,2,MONOTONIC_READS,normal,netem delay 25ms 25ms,ONE,ALL,cassandra3,cassandra3,True,2,2,False
46,3,MONOTONIC_READS,normal,netem delay 25ms 25ms,ONE,ALL,cassandra3,cassandra2,False,2,2,False
46,4,MONOTONIC_READS,normal,netem delay 25ms 25ms,ONE,ALL,cassandra3,cassandra1,False,2,2,False
46,5,MONOTONIC_READS,normal,netem delay 25ms 25ms,ONE,ALL,cassandra3,cassandra3,True,2,2,False
47,1,MONOTONIC_READS,normal,netem delay 25ms 25ms,ONE,ALL,cassandra2,cassandra3,False,,2,False
47,2,MONOTONIC_READS,normal,netem delay 25ms 25ms,ONE,ALL,cassandra2,cassandra3,False,2,2,False
47,3,MONOTONIC_READS,normal,netem delay 25ms 25ms,ONE,ALL,cassandra2,cassandra1,False,2,2,False
47,4,MONOTONIC_READS,normal,netem delay 25ms 25ms,ONE,ALL,cassandra2,cassandra2,True,2,2,False
47,5,MONOTONIC_READS,normal,netem delay 25ms 25ms,ONE,ALL,cassandra2,cassandra3,False,2,2,False
48,1,MONOTONIC_READS,normal,netem delay 25ms 25ms,ONE,ALL,cassandra1,cassandra3,False,,2,False
48,2,MONOTONIC_READS,normal,netem delay 25ms 25ms,ONE,ALL,cassandra1,cassandra1,True,2,2,False
48,3,MONOTONIC_READS,normal,netem delay 25ms 25ms,ONE,ALL,cassandra1,cassandra2,False,2,2,False
48,4,MONOTONIC_READS,normal,netem delay 25ms 25ms,ONE,ALL,cassandra1,cassandra1,True,2,2,False
48,5,MONOTONIC_READS,normal,netem delay 25ms 25ms,ONE,ALL,cassandra1,cassandra2,False,2,2,False
49,1,MONOTONIC_READS,normal,netem delay 25ms 25ms,ONE,ALL,cassandra1,cassandra2,False,,2,False
49,2,MONOTONIC_READS,normal,netem delay 25ms 25ms,ONE,ALL,cassandra1,cassandra1,True,2,2,False
49,3,MONOTONIC_READS,normal,netem delay 25ms 25ms,ONE,ALL,cassandra1,cassandra1,True,2,2,False
49,4,MONOTONIC_READS,normal,netem delay 25ms 25ms,ONE,ALL,cassandra1,cassandra3,False,2,2,False
49,5,MONOTONIC_READS,normal,netem delay 25ms 25ms,ONE,ALL,cassandra1,cassandra1,True,2,2,False
50,1,MONOTONIC_READS,normal,netem delay 25ms 25ms,ONE,ALL,cassandra1,cassandra3,False,,2,False
50,2,MONOTONIC_READS,normal,netem delay 25ms 25ms,ONE,ALL,cassandra1,cassandra2,False,2,2,False
50,3,MONOTONIC_READS,normal,netem delay 25ms 25ms,ONE,ALL,cassandra1,cassandra2,False,2,2,False
50,4,MONOTONIC_READS,normal,netem delay 25ms 25ms,ONE,ALL,cassandra1,cassandra1,True,2,2,False
50,5,MONOTONIC_READS,normal,netem delay 25ms 25ms,ONE,ALL,cassandra1,cassandra2,False,2,2,False
51,1,MONOTONIC_READS,normal,netem delay 25ms 25ms,ONE,ALL,cassandra3,cassandra2,False,,2,False
51,2,MONOTONIC_READS,normal,netem delay 25ms 25ms,ONE,ALL,cassandra3,cassandra2,False,2,2,False
51,3,MONOTONIC_READS,normal,netem delay 25ms 25ms,ONE,ALL,cassandra3,cassandra1,False,2,2,False
51,4,MONOTONIC_READS,normal,netem delay 25ms 25ms,ONE,ALL,cassandra3,cassandra3,True,2,2,False
51,5,MONOTONIC_READS,normal,netem delay 25ms 25ms,ONE,ALL,cassandra3,cassandra1,False,2,2,False
52,1,MONOTONIC_READS,normal,netem delay 25ms 25ms,ONE,ALL,cassandra2,cassandra1,False,,2,False
52,2,MONOTONIC_READS,normal,netem delay 25ms 25ms,ONE,ALL,cassandra2,cassandra2,True,2,2,False
52,3,MONOTONIC_READS,normal,netem delay 25ms 25ms,ONE,ALL,cassandra2,cassandra1,False,2,2,False
52,4,MONOTONIC_READS,normal,netem delay 25ms 25ms,ONE,ALL,cassandra2,cassandra2,True,2,2,False
52,5,MONOTONIC_READS,normal,netem delay 25ms 25ms,ONE,ALL,cassandra2,cassandra1,False,2,2,False
53,1,MONOTONIC_READS,normal,netem delay 25ms 25ms,ONE,ALL,cassandra1,cassandra1,True,,2,False
53,2,MONOTONIC_READS,normal,netem delay 25ms 25ms,ONE,ALL,cassandra1,cassandra2,False,2,2,False
53,3,MONOTONIC_READS,normal,netem delay 25ms 25ms,ONE,ALL,cassandra1,cassandra2,False,2,2,False
53,4,MONOTONIC_READS,normal,netem delay 25ms 25ms,ONE,ALL,cassandra1,cassandra3,False,2,2,False
53,5,MONOTONIC_READS,normal,netem delay 25ms 25ms,ONE,ALL,cassandra1,cassandra2,False,2,2,False
54,1,MONOTONIC_READS,normal,netem delay 25ms 25ms,ONE,ALL,cassandra1,cassandra1,True,,2,False
54,2,MONOTONIC_READS,normal,netem delay 25ms 25ms,ONE,ALL,cassandra1,cassandra2,False,2,2,False
54,3,MONOTONIC_READS,normal,netem delay 25ms 25ms,ONE,ALL,cassandra1,cassandra2,False,2,2,False
54,4,MONOTONIC_READS,normal,netem delay 25ms 25ms,ONE,ALL,cassandra1,cassandra3,False,2,2,False
54,5,MONOTONIC_READS,normal,netem delay 25ms 25ms,ONE,ALL,cassandra1,cassandra1,True,2,2,False
55,1,MONOTONIC_READS,normal,netem delay 25ms 25ms,ONE,ALL,cassandra1,cassandra2,False,,2,False
55,2,MONOTONIC_READS,normal,netem delay 25ms 25ms,ONE,ALL,cassandra1,cassandra3,False,2,2,False
55,3,MONOTONIC_READS,normal,netem delay 25ms 25ms,ONE,ALL,cassandra1,cassandra1,True,2,2,False
55,4,MONOTONIC_READS,normal,netem delay 25ms 25ms,ONE,ALL,cassandra1,cassandra2,False,2,2,False
55,5,MONOTONIC_READS,normal,netem delay 25ms 25ms,ONE,ALL,cassandra1,cassandra2,False,2,2,False
56,1,MONOTONIC_READS,normal,netem delay 25ms 25ms,ONE,ALL,cassandra2,cassandra2,True,,2,False
56,2,MONOTONIC_READS,normal,netem delay 25ms 25ms,ONE,ALL,cassandra2,cassandra3,False,2,2,False
56,3,MONOTONIC_READS,normal,netem delay 25ms 25ms,ONE,ALL,cassandra2,cassandra2,True,2,2,False
56,4,MONOTONIC_READS,normal,netem delay 25ms 25ms,ONE,ALL,cassandra2,cassandra3,False,2,2,False
56,5,MONOTONIC_READS,normal,netem delay 25ms 25ms,ONE,ALL,cassandra2,cassandra3,False,2,2,False
57,1,MONOTONIC_READS,normal,netem delay 25ms 25ms,ONE,ALL,cassandra1,cassandra2,False,,2,False
57,2,MONOTONIC_READS,normal,netem delay 25ms 25ms,ONE,ALL,cassandra1,cassandra1,True,2,2,False
57,3,MONOTONIC_READS,normal,netem delay 25ms 25ms,ONE,ALL,cassandra1,cassandra1,True,2,2,False
57,4,MONOTONIC_READS,normal,netem delay 25ms 25ms,ONE,ALL,cassandra1,cassandra3,False,2,2,False
57,5,MONOTONIC_READS,normal,netem delay 25ms 25ms,ONE,ALL,cassandra1,cassandra1,True,2,2,False
58,1,MONOTONIC_READS,normal,netem delay 25ms 25ms,ONE,ALL,cassandra1,cassandra2,False,,2,False
58,2,MONOTONIC_READS,normal,netem delay 25ms 25ms,ONE,ALL,cassandra1,cassandra2,False,2,2,False
58,3,MONOTONIC_READS,normal,netem delay 25ms 25ms,ONE,ALL,cassandra1,cassandra3,False,2,2,False
58,4,MONOTONIC_READS,normal,netem delay 25ms 25ms,ONE,ALL,cassandra1,cassandra1,True,2,2,False
58,5,MONOTONIC_READS,normal,netem delay 25ms 25ms,ONE,ALL,cassandra1,cassandra2,False,2,2,False
59,1,MONOTONIC_READS,normal,netem delay 25ms 25ms,ONE,ALL,cassandra2,cassandra3,False,,2,False
59,2,MONOTONIC_READS,normal,netem delay 25ms 25ms,ONE,ALL,cassandra2,cassandra1,False,2,2,False
59,3,MONOTONIC_READS,normal,netem delay 25ms 25ms,ONE,ALL,cassandra2,cassandra2,True,2,2,False
59,4,MONOTONIC_READS,normal,netem delay 25ms 25ms,ONE,ALL,cassandra2,cassandra3,False,2,2,False
59,5,MONOTONIC_READS,normal,netem delay 25ms 25ms,ONE,ALL,cassandra2,cassandra2,True,2,2,False
60,1,MONOTONIC_READS,normal,netem delay 25ms 25ms,ONE,ALL,cassandra2,cassandra2,True,,2,False
60,2,MONOTONIC_READS,normal,netem delay 25ms 25ms,ONE,ALL,cassandra2,cassandra3,False,2,2,False
60,3,MONOTONIC_READS,normal,netem delay 25ms 25ms,ONE,ALL,cassandra2,cassandra1,False,2,2,False
60,4,MONOTONIC_READS,normal,netem delay 25ms 25ms,ONE,ALL,cassandra2,cassandra1,False,2,2,False
60,5,MONOTONIC_READS,normal,netem delay 25ms 25ms,ONE,ALL,cassandra2,cassandra1,False,2,2,False
61,1,MONOTONIC_READS,normal,netem delay 25ms 25ms,ONE,ALL,cassandra2,cassandra1,False,,2,False
61,2,MONOTONIC_READS,normal,netem delay 25ms 25ms,ONE,ALL,cassandra2,cassandra1,False,2,2,False
61,3,MONOTONIC_READS,normal,netem delay 25ms 25ms,ONE,ALL,cassandra2,cassandra2,True,2,2,False
61,4,MONOTONIC_READS,normal,netem delay 25ms 25ms,ONE,ALL,cassandra2,cassandra2,True,2,2,False
61,5,MONOTONIC_READS,normal,netem delay 25ms 25ms,ONE,ALL,cassandra2,cassandra3,False,2,2,False
62,1,MONOTONIC_READS,normal,netem delay 25ms 25ms,ONE,ALL,cassandra3,cassandra3,True,,2,False
62,2,MONOTONIC_READS,normal,netem delay 25ms 25ms,ONE,ALL,cassandra3,cassandra2,False,2,2,False
62,3,MONOTONIC_READS,normal,netem delay 25ms 25ms,ONE,ALL,cassandra3,cassandra2,False,2,2,False
62,4,MONOTONIC_READS,normal,netem delay 25ms 25ms,ONE,ALL,cassandra3,cassandra2,False,2,2,False
62,5,MONOTONIC_READS,normal,netem delay 25ms 25ms,ONE,ALL,cassandra3,cassandra2,False,2,2,False
63,1,MONOTONIC_READS,normal,netem delay 25ms 25ms,ONE,ALL,cassandra2,cassandra1,False,,2,False
63,2,MONOTONIC_READS,normal,netem delay 25ms 25ms,ONE,ALL,cassandra2,cassandra1,False,2,2,False
63,3,MONOTONIC_READS,normal,netem delay 25ms 25ms,ONE,ALL,cassandra2,cassandra1,False,2,2,False
63,4,MONOTONIC_READS,normal,netem delay 25ms 25ms,ONE,ALL,cassandra2,cassandra2,True,2,2,False
63,5,MONOTONIC_READS,normal,netem delay 25ms 25ms,ONE,ALL,cassandra2,cassandra1,False,2,2,False
64,1,MONOTONIC_READS,normal,netem delay 25ms 25ms,ONE,ALL,cassandra3,cassandra2,False,,2,False
64,2,MONOTONIC_READS,normal,netem delay 25ms 25ms,ONE,ALL,cassandra3,cassandra1,False,2,2,False
64,3,MONOTONIC_READS,normal,netem delay 25ms 25ms,ONE,ALL,cassandra3,cassandra1,False,2,2,False
64,4,MONOTONIC_READS,normal,netem delay 25ms 25ms,ONE,ALL,cassandra3,cassandra3,True,2,2,False
64,5,MONOTONIC_READS,normal,netem delay 25ms 25ms,ONE,ALL,cassandra3,cassandra1,False,2,2,False
65,1,MONOTONIC_READS,normal,netem delay 25ms 25ms,ONE,ALL,cassandra2,cassandra2,True,,2,False
65,2,MONOTONIC_READS,normal,netem delay 25ms 25ms,ONE,ALL,cassandra2,cassandra1,False,2,2,False
65,3,MONOTONIC_READS,normal,netem delay 25ms 25ms,ONE,ALL,cassandra2,cassandra2,True,2,2,False
65,4,MONOTONIC_READS,normal,netem delay 25ms 25ms,ONE,ALL,cassandra2,cassandra2,True,2,2,False
65,5,MONOTONIC_READS,normal,netem delay 25ms 25ms,ONE,ALL,cassandra2,cassandra1,False,2,2,False
66,1,MONOTONIC_READS,normal,netem delay 25ms 25ms,ONE,ALL,cassandra3,cassandra3,True,,2,False
66,2,MONOTONIC_READS,normal,netem delay 25ms 25ms,ONE,ALL,cassandra3,cassandra1,False,2,2,False
66,3,MONOTONIC_READS,normal,netem delay 25ms 25ms,ONE,ALL,cassandra3,cassandra2,False,2,2,False
66,4,MONOTONIC_READS,normal,netem delay 25ms 25ms,ONE,ALL,cassandra3,cassandra2,False,2,2,False
66,5,MONOTONIC_READS,normal,netem delay 25ms 25ms,ONE,ALL,cassandra3,cassandra1,False,2,2,False
67,1,MONOTONIC_READS,normal,netem delay 25ms 25ms,ONE,ALL,cassandra3,cassandra2,False,,2,False
67,2,MONOTONIC_READS,normal,netem delay 25ms 25ms,ONE,ALL,cassandra3,cassandra2,False,2,2,False
67,3,MONOTONIC_READS,normal,netem delay 25ms 25ms,ONE,ALL,cassandra3,cassandra2,False,2,2,False
67,4,MONOTONIC_READS,normal,netem delay 25ms 25ms,ONE,ALL,cassandra3,cassandra1,False,2,2,False
67,5,MONOTONIC_READS,normal,netem delay 25ms 25ms,ONE,ALL,cassandra3,cassandra3,True,2,2,False
68,1,MONOTONIC_READS,normal,netem delay 25ms 25ms,ONE,ALL,cassandra2,cassandra1,False,,2,False
68,2,MONOTONIC_READS,normal,netem delay 25ms 25ms,ONE,ALL,cassandra2,cassandra1,False,2,2,False
68,3,MONOTONIC_READS,normal,netem delay 25ms 25ms,ONE,ALL,cassandra2,cassandra2,True,2,2,False
68,4,MONOTONIC_READS,normal,netem delay 25ms 25ms,ONE,ALL,cassandra2,cassandra2,True,2,2,False
68,5,MONOTONIC_READS,normal,netem delay 25ms 25ms,ONE,ALL,cassandra2,cassandra3,False,2,2,False
69,1,MONOTONIC_READS,normal,netem delay 25ms 25ms,ONE,ALL,cassandra1,cassandra2,False,,2,False
69,2,MONOTONIC_READS,normal,netem delay 25ms 25ms,ONE,ALL,cassandra1,cassandra2,False,2,2,False
69,3,MONOTONIC_READS,normal,netem delay 25ms 25ms,ONE,ALL,cassandra1,cassandra1,True,2,2,False
69,4,MONOTONIC_READS,normal,netem delay 25ms 25ms,ONE,ALL,cassandra1,cassandra2,False,2,2,False
69,5,MONOTONIC_READS,normal,netem delay 25ms 25ms,ONE,ALL,cassandra1,cassandra3,False,2,2,False
70,1,MONOTONIC_READS,normal,netem delay 25ms 25ms,ONE,ALL,cassandra2,cassandra1,False,,2,False
70,2,MONOTONIC_READS,normal,netem delay 25ms 25ms,ONE,ALL,cassandra2,cassandra3,False,2,2,False
70,3,MONOTONIC_READS,normal,netem delay 25ms 25ms,ONE,ALL,cassandra2,cassandra3,False,2,2,False
70,4,MONOTONIC_READS,normal,netem delay 25ms 25ms,ONE,ALL,cassandra2,cassandra1,False,2,2,False
70,5,MONOTONIC_READS,normal,netem delay 25ms 25ms,ONE,ALL,cassandra2,cassandra3,False,2,2,False
71,1,MONOTONIC_READS,normal,netem delay 25ms 25ms,ONE,ALL,cassandra2,cassandra3,False,,2,False
71,2,MONOTONIC_READS,normal,netem delay 25ms 25ms,ONE,ALL,cassandra2,cassandra2,True,2,2,False
71,3,MONOTONIC_READS,normal,netem delay 25ms 25ms,ONE,ALL,cassandra2,cassandra3,False,2,2,False
71,4,MONOTONIC_READS,normal,netem delay 25ms 25ms,ONE,ALL,cassandra2,cassandra3,False,2,2,False
71,5,MONOTONIC_READS,normal,netem delay 25ms 25ms,ONE,ALL,cassandra2,cassandra2,True,2,2,False
72,1,MONOTONIC_READS,normal,netem delay 25ms 25ms,ONE,ALL,cassandra2,cassandra3,False,,2,False
72,2,MONOTONIC_READS,normal,netem delay 25ms 25ms,ONE,ALL,cassandra2,cassandra2,True,2,2,False
72,3,MONOTONIC_READS,normal,netem delay 25ms 25ms,ONE,ALL,cassandra2,cassandra2,True,2,2,False
72,4,MONOTONIC_READS,normal,netem delay 25ms 25ms,ONE,ALL,cassandra2,cassandra1,False,2,2,False
72,5,MONOTONIC_READS,normal,netem delay 25ms 25ms,ONE,ALL,cassandra2,cassandra2,True,2,2,False
73,1,MONOTONIC_READS,normal,netem delay 25ms 25ms,ONE,ALL,cassandra1,cassandra3,False,,2,False
73,2,MONOTONIC_READS,normal,netem delay 25ms 25ms,ONE,ALL,cassandra1,cassandra3,False,2,2,False
73,3,MONOTONIC_READS,normal,netem delay 25ms 25ms,ONE,ALL,cassandra1,cassandra2,False,2,2,False
73,4,MONOTONIC_READS,normal,netem delay 25ms 25ms,ONE,ALL,cassandra1,cassandra3,False,2,2,False
73,5,MONOTONIC_READS,normal,netem delay 25ms 25ms,ONE,ALL,cassandra1,cassandra1,True,2,2,False
74,1,MONOTONIC_READS,normal,netem delay 25ms 25ms,ONE,ALL,cassandra2,cassandra2,True,,2,False
74,2,MONOTONIC_READS,normal,netem delay 25ms 25ms,ONE,ALL,cassandra2,cassandra1,False,2,2,False
74,3,MONOTONIC_READS,normal,netem delay 25ms 25ms,ONE,ALL,cassandra2,cassandra2,True,2,2,False
74,4,MONOTONIC_READS,normal,netem delay 25ms 25ms,ONE,ALL,cassandra2,cassandra1,False,2,2,False
74,5,MONOTONIC_READS,normal,netem delay 25ms 25ms,ONE,ALL,cassandra2,cassandra2,True,2,2,False
75,1,MONOTONIC_READS,normal,netem delay 25ms 25ms,ONE,ALL,cassandra1,cassandra2,False,,2,False
75,2,MONOTONIC_READS,normal,netem delay 25ms 25ms,ONE,ALL,cassandra1,cassandra2,False,2,2,False
75,3,MONOTONIC_READS,normal,netem delay 25ms 25ms,ONE,ALL,cassandra1,cassandra2,False,2,2,False
75,4,MONOTONIC_READS,normal,netem delay 25ms 25ms,ONE,ALL,cassandra1,cassandra1,True,2,2,False
75,5,MONOTONIC_READS,normal,netem delay 25ms 25ms,ONE,ALL,cassandra1,cassandra1,True,2,2,False
76,1,MONOTONIC_READS,normal,netem delay 25ms 25ms,ONE,ALL,cassandra3,cassandra1,False,,2,False
76,2,MONOTONIC_READS,normal,netem delay 25ms 25ms,ONE,ALL,cassandra3,cassandra1,False,2,2,False
76,3,MONOTONIC_READS,normal,netem delay 25ms 25ms,ONE,ALL,cassandra3,cassandra1,False,2,2,False
76,4,MONOTONIC_READS,normal,netem delay 25ms 25ms,ONE,ALL,cassandra3,cassandra2,False,2,2,False
76,5,MONOTONIC_READS,normal,netem delay 25ms 25ms,ONE,ALL,cassandra3,cassandra3,True,2,2,False
77,1,MONOTONIC_READS,normal,netem delay 25ms 25ms,ONE,ALL,cassandra2,cassandra2,True,,2,False
77,2,MONOTONIC_READS,normal,netem delay 25ms 25ms,ONE,ALL,cassandra2,cassandra1,False,2,2,False
77,3,MONOTONIC_READS,normal,netem delay 25ms 25ms,ONE,ALL,cassandra2,cassandra2,True,2,2,False
77,4,MONOTONIC_READS,normal,netem delay 25ms 25ms,ONE,ALL,cassandra2,cassandra3,False,2,2,False
77,5,MONOTONIC_READS,normal,netem delay 25ms 25ms,ONE,ALL,cassandra2,cassandra3,False,2,2,False
78,1,MONOTONIC_READS,normal,netem delay 25ms 25ms,ONE,ALL,cassandra1,cassandra3,False,,2,False
78,2,MONOTONIC_READS,normal,netem delay 25ms 25ms,ONE,ALL,cassandra1,cassandra3,False,2,2,False
78,3,MONOTONIC_READS,normal,netem delay 25ms 25ms,ONE,ALL,cassandra1,cassandra3,False,2,2,False
78,4,MONOTONIC_READS,normal,netem delay 25ms 25ms,ONE,ALL,cassandra1,cassandra3,False,2,2,False
78,5,MONOTONIC_READS,normal,netem delay 25ms 25ms,ONE,ALL,cassandra1,cassandra2,False,2,2,False
79,1,MONOTONIC_READS,normal,netem delay 25ms 25ms,ONE,ALL,cassandra3,cassandra1,False,,2,False
79,2,MONOTONIC_READS,normal,netem delay 25ms 25ms,ONE,ALL,cassandra3,cassandra2,False,2,2,False
79,3,MONOTONIC_READS,normal,netem delay 25ms 25ms,ONE,ALL,cassandra3,cassandra2,False,2,2,False
79,4,MONOTONIC_READS,normal,netem delay 25ms 25ms,ONE,ALL,cassandra3,cassandra2,False,2,2,False
79,5,MONOTONIC_READS,normal,netem delay 25ms 25ms,ONE,ALL,cassandra3,cassandra1,False,2,2,False
80,1,MONOTONIC_READS,normal,netem delay 25ms 25ms,ONE,ALL,cassandra2,cassandra1,False,,2,False
80,2,MONOTONIC_READS,normal,netem delay 25ms 25ms,ONE,ALL,cassandra2,cassandra2,True,2,2,False
80,3,MONOTONIC_READS,normal,netem delay 25ms 25ms,ONE,ALL,cassandra2,cassandra3,False,2,2,False
80,4,MONOTONIC_READS,normal,netem delay 25ms 25ms,ONE,ALL,cassandra2,cassandra3,False,2,2,False
80,5,MONOTONIC_READS,normal,netem delay 25ms 25ms,ONE,ALL,cassandra2,cassandra3,False,2,2,False
81,1,MONOTONIC_READS,normal,netem delay 25ms 25ms,ONE,ALL,cassandra2,cassandra3,False,,2,False
81,2,MONOTONIC_READS,normal,netem delay 25ms 25ms,ONE,ALL,cassandra2,cassandra2,True,2,2,False
81,3,MONOTONIC_READS,normal,netem delay 25ms 25ms,ONE,ALL,cassandra2,cassandra3,False,2,2,False
81,4,MONOTONIC_READS,normal,netem delay 25ms 25ms,ONE,ALL,cassandra2,cassandra3,False,2,2,False
81,5,MONOTONIC_READS,normal,netem delay 25ms 25ms,ONE,ALL,cassandra2,cassandra2,True,2,2,False
82,1,MONOTONIC_READS,normal,netem delay 25ms 25ms,ONE,ALL,cassandra2,cassandra2,True,,2,False
82,2,MONOTONIC_READS,normal,netem delay 25ms 25ms,ONE,ALL,cassandra2,cassandra2,True,2,2,False
82,3,MONOTONIC_READS,normal,netem delay 25ms 25ms,ONE,ALL,cassandra2,cassandra3,False,2,2,False
82,4,MONOTONIC_READS,normal,netem delay 25ms 25ms,ONE,ALL,cassandra2,cassandra3,False,2,2,False
82,5,MONOTONIC_READS,normal,netem delay 25ms 25ms,ONE,ALL,cassandra2,cassandra3,False,2,2,False
83,1,MONOTONIC_READS,normal,netem delay 25ms 25ms,ONE,ALL,cassandra3,cassandra2,False,,2,False
83,2,MONOTONIC_READS,normal,netem delay 25ms 25ms,ONE,ALL,cassandra3,cassandra2,False,2,2,False
83,3,MONOTONIC_READS,normal,netem delay 25ms 25ms,ONE,ALL,cassandra3,cassandra2,False,2,2,False
83,4,MONOTONIC_READS,normal,netem delay 25ms 25ms,ONE,ALL,cassandra3,cassandra2,False,2,2,False
83,5,MONOTONIC_READS,normal,netem delay 25ms 25ms,ONE,ALL,cassandra3,cassandra1,False,2,2,False
84,1,MONOTONIC_READS,normal,netem delay 25ms 25ms,ONE,ALL,cassandra1,cassandra1,True,,2,False
84,2,MONOTONIC_READS,normal,netem delay 25ms 25ms,ONE,ALL,cassandra1,cassandra1,True,2,2,False
84,3,MONOTONIC_READS,normal,netem delay 25ms 25ms,ONE,ALL,cassandra1,cassandra3,False,2,2,False
84,4,MONOTONIC_READS,normal,netem delay 25ms 25ms,ONE,ALL,cassandra1,cassandra3,False,2,2,False
84,5,MONOTONIC_READS,normal,netem delay 25ms 25ms,ONE,ALL,cassandra1,cassandra1,True,2,2,False
85,1,MONOTONIC_READS,normal,netem delay 25ms 25ms,ONE,ALL,cassandra3,cassandra3,True,,2,False
85,2,MONOTONIC_READS,normal,netem delay 25ms 25ms,ONE,ALL,cassandra3,cassandra3,True,2,2,False
85,3,MONOTONIC_READS,normal,netem delay 25ms 25ms,ONE,ALL,cassandra3,cassandra3,True,2,2,False
85,4,MONOTONIC_READS,normal,netem delay 25ms 25ms,ONE,ALL,cassandra3,cassandra2,False,2,2,False
85,5,MONOTONIC_READS,normal,netem delay 25ms 25ms,ONE,ALL,cassandra3,cassandra3,True,2,2,False
86,1,MONOTONIC_READS,normal,netem delay 25ms 25ms,ONE,ALL,cassandra3,cassandra2,False,,2,False
86,2,MONOTONIC_READS,normal,netem delay 25ms 25ms,ONE,ALL,cassandra3,cassandra1,False,2,2,False
86,3,MONOTONIC_READS,normal,netem delay 25ms 25ms,ONE,ALL,cassandra3,cassandra1,False,2,2,False
86,4,MONOTONIC_READS,normal,netem delay 25ms 25ms,ONE,ALL,cassandra3,cassandra1,False,2,2,False
86,5,MONOTONIC_READS,normal,netem delay 25ms 25ms,ONE,ALL,cassandra3,cassandra3,True,2,2,False
87,1,MONOTONIC_READS,normal,netem delay 25ms 25ms,ONE,ALL,cassandra3,cassandra3,True,,2,False
87,2,MONOTONIC_READS,normal,netem delay 25ms 25ms,ONE,ALL,cassandra3,cassandra1,False,2,2,False
87,3,MONOTONIC_READS,normal,netem delay 25ms 25ms,ONE,ALL,cassandra3,cassandra1,False,2,2,False
87,4,MONOTONIC_READS,normal,netem delay 25ms 25ms,ONE,ALL,cassandra3,cassandra2,False,2,2,False
87,5,MONOTONIC_READS,normal,netem delay 25ms 25ms,ONE,ALL,cassandra3,cassandra1,False,2,2,False
88,1,MONOTONIC_READS,normal,netem delay 25ms 25ms,ONE,ALL,cassandra2,cassandra1,False,,2,False
88,2,MONOTONIC_READS,normal,netem delay 25ms 25ms,ONE,ALL,cassandra2,cassandra3,False,2,2,False
88,3,MONOTONIC_READS,normal,netem delay 25ms 25ms,ONE,ALL,cassandra2,cassandra1,False,2,2,False
88,4,MONOTONIC_READS,normal,netem delay 25ms 25ms,ONE,ALL,cassandra2,cassandra1,False,2,2,False
88,5,MONOTONIC_READS,normal,netem delay 25ms 25ms,ONE,ALL,cassandra2,cassandra3,False,2,2,False
89,1,MONOTONIC_READS,normal,netem delay 25ms 25ms,ONE,ALL,cassandra3,cassandra3,True,,2,False
89,2,MONOTONIC_READS,normal,netem delay 25ms 25ms,ONE,ALL,cassandra3,cassandra2,False,2,2,False
89,3,MONOTONIC_READS,normal,netem delay 25ms 25ms,ONE,ALL,cassandra3,cassandra2,False,2,2,False
89,4,MONOTONIC_READS,normal,netem delay 25ms 25ms,ONE,ALL,cassandra3,cassandra2,False,2,2,False
89,5,MONOTONIC_READS,normal,netem delay 25ms 25ms,ONE,ALL,cassandra3,cassandra1,False,2,2,False
90,1,MONOTONIC_READS,normal,netem delay 25ms 25ms,ONE,ALL,cassandra3,cassandra2,False,,2,False
90,2,MONOTONIC_READS,normal,netem delay 25ms 25ms,ONE,ALL,cassandra3,cassandra2,False,2,2,False
90,3,MONOTONIC_READS,normal,netem delay 25ms 25ms,ONE,ALL,cassandra3,cassandra2,False,2,2,False
90,4,MONOTONIC_READS,normal,netem delay 25ms 25ms,ONE,ALL,cassandra3,cassandra3,True,2,2,False
90,5,MONOTONIC_READS,normal,netem delay 25ms 25ms,ONE,ALL,cassandra3,cassandra1,False,2,2,False
91,1,MONOTONIC_READS,normal,netem delay 25ms 25ms,ONE,ALL,cassandra2,cassandra2,True,,2,False
91,2,MONOTONIC_READS,normal,netem delay 25ms 25ms,ONE,ALL,cassandra2,cassandra3,False,2,2,False
91,3,MONOTONIC_READS,normal,netem delay 25ms 25ms,ONE,ALL,cassandra2,cassandra2,True,2,2,False
91,4,MONOTONIC_READS,normal,netem delay 25ms 25ms,ONE,ALL,cassandra2,cassandra3,False,2,2,False
91,5,MONOTONIC_READS,normal,netem delay 25ms 25ms,ONE,ALL,cassandra2,cassandra2,True,2,2,False
92,1,MONOTONIC_READS,normal,netem delay 25ms 25ms,ONE,ALL,cassandra3,cassandra1,False,,2,False
92,2,MONOTONIC_READS,normal,netem delay 25ms 25ms,ONE,ALL,cassandra3,cassandra3,True,2,2,False
92,3,MONOTONIC_READS,normal,netem delay 25ms 25ms,ONE,ALL,cassandra3,cassandra3,True,2,2,False
92,4,MONOTONIC_READS,normal,netem delay 25ms 25ms,ONE,ALL,cassandra3,cassandra2,False,2,2,False
92,5,MONOTONIC_READS,normal,netem delay 25ms 25ms,ONE,ALL,cassandra3,cassandra1,False,2,2,False
93,1,MONOTONIC_READS,normal,netem delay 25ms 25ms,ONE,ALL,cassandra1,cassandra2,False,,2,False
93,2,MONOTONIC_READS,normal,netem delay 25ms 25ms,ONE,ALL,cassandra1,cassandra2,False,2,2,False
93,3,MONOTONIC_READS,normal,netem delay 25ms 25ms,ONE,ALL,cassandra1,cassandra1,True,2,2,False
93,4,MONOTONIC_READS,normal,netem delay 25ms 25ms,ONE,ALL,cassandra1,cassandra3,False,2,2,False
93,5,MONOTONIC_READS,normal,netem delay 25ms 25ms,ONE,ALL,cassandra1,cassandra1,True,2,2,False
94,1,MONOTONIC_READS,normal,netem delay 25ms 25ms,ONE,ALL,cassandra1,cassandra3,False,,2,False
94,2,MONOTONIC_READS,normal,netem delay 25ms 25ms,ONE,ALL,cassandra1,cassandra2,False,2,2,False
94,3,MONOTONIC_READS,normal,netem delay 25ms 25ms,ONE,ALL,cassandra1,cassandra1,True,2,2,False
94,4,MONOTONIC_READS,normal,netem delay 25ms 25ms,ONE,ALL,cassandra1,cassandra1,True,2,2,False
94,5,MONOTONIC_READS,normal,netem delay 25ms 25ms,ONE,ALL,cassandra1,cassandra2,False,2,2,False
95,1,MONOTONIC_READS,normal,netem delay 25ms 25ms,ONE,ALL,cassandra3,cassandra2,False,,2,False
95,2,MONOTONIC_READS,normal,netem delay 25ms 25ms,ONE,ALL,cassandra3,cassandra2,False,2,2,False
95,3,MONOTONIC_READS,normal,netem delay 25ms 25ms,ONE,ALL,cassandra3,cassandra1,False,2,2,False
95,4,MONOTONIC_READS,normal,netem delay 25ms 25ms,ONE,ALL,cassandra3,cassandra2,False,2,2,False
95,5,MONOTONIC_READS,normal,netem delay 25ms 25ms,ONE,ALL,cassandra3,cassandra3,True,2,2,False
96,1,MONOTONIC_READS,normal,netem delay 25ms 25ms,ONE,ALL,cassandra3,cassandra1,False,,2,False
96,2,MONOTONIC_READS,normal,netem delay 25ms 25ms,ONE,ALL,cassandra3,cassandra2,False,2,2,False
96,3,MONOTONIC_READS,normal,netem delay 25ms 25ms,ONE,ALL,cassandra3,cassandra2,False,2,2,False
96,4,MONOTONIC_READS,normal,netem delay 25ms 25ms,ONE,ALL,cassandra3,cassandra3,True,2,2,False
96,5,MONOTONIC_READS,normal,netem delay 25ms 25ms,ONE,ALL,cassandra3,cassandra1,False,2,2,False
97,1,MONOTONIC_READS,normal,netem delay 25ms 25ms,ONE,ALL,cassandra1,cassandra3,False,,2,False
97,2,MONOTONIC_READS,normal,netem delay 25ms 25ms,ONE,ALL,cassandra1,cassandra2,False,2,2,False
97,3,MONOTONIC_READS,normal,netem delay 25ms 25ms,ONE,ALL,cassandra1,cassandra3,False,2,2,False
97,4,MONOTONIC_READS,normal,netem delay 25ms 25ms,ONE,ALL,cassandra1,cassandra1,True,2,2,False
97,5,MONOTONIC_READS,normal,netem delay 25ms 25ms,ONE,ALL,cassandra1,cassandra2,False,2,2,False
98,1,MONOTONIC_READS,normal,netem delay 25ms 25ms,ONE,ALL,cassandra3,cassandra3,True,,2,False
98,2,MONOTONIC_READS,normal,netem delay 25ms 25ms,ONE,ALL,cassandra3,cassandra1,False,2,2,False
98,3,MONOTONIC_READS,normal,netem delay 25ms 25ms,ONE,ALL,cassandra3,cassandra3,True,2,2,False
98,4,MONOTONIC_READS,normal,netem delay 25ms 25ms,ONE,ALL,cassandra3,cassandra2,False,2,2,False
98,5,MONOTONIC_READS,normal,netem delay 25ms 25ms,ONE,ALL,cassandra3,cassandra1,False,2,2,False
99,1,MONOTONIC_READS,normal,netem delay 25ms 25ms,ONE,ALL,cassandra3,cassandra3,True,,2,False
99,2,MONOTONIC_READS,normal,netem delay 25ms 25ms,ONE,ALL,cassandra3,cassandra3,True,2,2,False
99,3,MONOTONIC_READS,normal,netem delay 25ms 25ms,ONE,ALL,cassandra3,cassandra1,False,2,2,False
99,4,MONOTONIC_READS,normal,netem delay 25ms 25ms,ONE,ALL,cassandra3,cassandra2,False,2,2,False
99,5,MONOTONIC_READS,normal,netem delay 25ms 25ms,ONE,ALL,cassandra3,cassandra2,False,2,2,False
100,1,MONOTONIC_READS,normal,netem delay 25ms 25ms,ONE,ALL,cassandra3,cassandra3,True,,2,False
100,2,MONOTONIC_READS,normal,netem delay 25ms 25ms,ONE,ALL,cassandra3,cassandra1,False,2,2,False
100,3,MONOTONIC_READS,normal,netem delay 25ms 25ms,ONE,ALL,cassandra3,cassandra2,False,2,2,False
100,4,MONOTONIC_READS,normal,netem delay 25ms 25ms,ONE,ALL,cassandra3,cassandra2,False,2,2,False
100,5,MONOTONIC_READS,normal,netem delay 25ms 25ms,ONE,ALL,cassandra3,cassandra3,True,2,2,False
101,1,MONOTONIC_READS,normal,netem delay 25ms 25ms,ONE,ALL,cassandra1,cassandra1,True,,2,False
101,2,MONOTONIC_READS,normal,netem delay 25ms 25ms,ONE,ALL,cassandra1,cassandra2,False,2,2,False
101,3,MONOTONIC_READS,normal,netem delay 25ms 25ms,ONE,ALL,cassandra1,cassandra3,False,2,2,False
101,4,MONOTONIC_READS,normal,netem delay 25ms 25ms,ONE,ALL,cassandra1,cassandra1,True,2,2,False
101,5,MONOTONIC_READS,normal,netem delay 25ms 25ms,ONE,ALL,cassandra1,cassandra3,False,2,2,False
102,1,MONOTONIC_READS,normal,netem delay 25ms 25ms,ONE,ALL,cassandra1,cassandra3,False,,2,False
102,2,MONOTONIC_READS,normal,netem delay 25ms 25ms,ONE,ALL,cassandra1,cassandra2,False,2,2,False
102,3,MONOTONIC_READS,normal,netem delay 25ms 25ms,ONE,ALL,cassandra1,cassandra3,False,2,2,False
102,4,MONOTONIC_READS,normal,netem delay 25ms 25ms,ONE,ALL,cassandra1,cassandra1,True,2,2,False
102,5,MONOTONIC_READS,normal,netem delay 25ms 25ms,ONE,ALL,cassandra1,cassandra2,False,2,2,False
103,1,MONOTONIC_READS,normal,netem delay 25ms 25ms,ONE,ALL,cassandra3,cassandra2,False,,2,False
103,2,MONOTONIC_READS,normal,netem delay 25ms 25ms,ONE,ALL,cassandra3,cassandra3,True,2,2,False
103,3,MONOTONIC_READS,normal,netem delay 25ms 25ms,ONE,ALL,cassandra3,cassandra1,False,2,2,False
103,4,MONOTONIC_READS,normal,netem delay 25ms 25ms,ONE,ALL,cassandra3,cassandra3,True,2,2,False
103,5,MONOTONIC_READS,normal,netem delay 25ms 25ms,ONE,ALL,cassandra3,cassandra3,True,2,2,False
104,1,MONOTONIC_READS,normal,netem delay 25ms 25ms,ONE,ALL,cassandra2,cassandra1,False,,2,False
104,2,MONOTONIC_READS,normal,netem delay 25ms 25ms,ONE,ALL,cassandra2,cassandra1,False,2,2,False
104,3,MONOTONIC_READS,normal,netem delay 25ms 25ms,ONE,ALL,cassandra2,cassandra1,False,2,2,False
104,4,MONOTONIC_READS,normal,netem delay 25ms 25ms,ONE,ALL,cassandra2,cassandra1,False,2,2,False
104,5,MONOTONIC_READS,normal,netem delay 25ms 25ms,ONE,ALL,cassandra2,cassandra1,False,2,2,False
105,1,MONOTONIC_READS,normal,netem delay 25ms 25ms,ONE,ALL,cassandra2,cassandra3,False,,2,False
105,2,MONOTONIC_READS,normal,netem delay 25ms 25ms,ONE,ALL,cassandra2,cassandra3,False,2,2,False
105,3,MONOTONIC_READS,normal,netem delay 25ms 25ms,ONE,ALL,cassandra2,cassandra2,True,2,2,False
105,4,MONOTONIC_READS,normal,netem delay 25ms 25ms,ONE,ALL,cassandra2,cassandra1,False,2,2,False
105,5,MONOTONIC_READS,normal,netem delay 25ms 25ms,ONE,ALL,cassandra2,cassandra2,True,2,2,False
106,1,MONOTONIC_READS,normal,netem delay 25ms 25ms,ONE,ALL,cassandra3,cassandra3,True,,2,False
106,2,MONOTONIC_READS,normal,netem delay 25ms 25ms,ONE,ALL,cassandra3,cassandra1,False,2,2,False
106,3,MONOTONIC_READS,normal,netem delay 25ms 25ms,ONE,ALL,cassandra3,cassandra1,False,2,2,False
106,4,MONOTONIC_READS,normal,netem delay 25ms 25ms,ONE,ALL,cassandra3,cassandra1,False,2,2,False
106,5,MONOTONIC_READS,normal,netem delay 25ms 25ms,ONE,ALL,cassandra3,cassandra1,False,2,2,False
107,1,MONOTONIC_READS,normal,netem delay 25ms 25ms,ONE,ALL,cassandra3,cassandra2,False,,2,False
107,2,MONOTONIC_READS,normal,netem delay 25ms 25ms,ONE,ALL,cassandra3,cassandra2,False,2,2,False
107,3,MONOTONIC_READS,normal,netem delay 25ms 25ms,ONE,ALL,cassandra3,cassandra2,False,2,2,False
107,4,MONOTONIC_READS,normal,netem delay 25ms 25ms,ONE,ALL,cassandra3,cassandra2,False,2,2,False
107,5,MONOTONIC_READS,normal,netem delay 25ms 25ms,ONE,ALL,cassandra3,cassandra3,True,2,2,False
108,1,MONOTONIC_READS,normal,netem delay 25ms 25ms,ONE,ALL,cassandra2,cassandra2,True,,2,False
108,2,MONOTONIC_READS,normal,netem delay 25ms 25ms,ONE,ALL,cassandra2,cassandra2,True,2,2,False
108,3,MONOTONIC_READS,normal,netem delay 25ms 25ms,ONE,ALL,cassandra2,cassandra2,True,2,2,False
108,4,MONOTONIC_READS,normal,netem delay 25ms 25ms,ONE,ALL,cassandra2,cassandra1,False,2,2,False
108,5,MONOTONIC_READS,normal,netem delay 25ms 25ms,ONE,ALL,cassandra2,cassandra1,False,2,2,False
109,1,MONOTONIC_READS,normal,netem delay 25ms 25ms,ONE,ALL,cassandra2,cassandra1,False,,2,False
109,2,MONOTONIC_READS,normal,netem delay 25ms 25ms,ONE,ALL,cassandra2,cassandra2,True,2,2,False
109,3,MONOTONIC_READS,normal,netem delay 25ms 25ms,ONE,ALL,cassandra2,cassandra3,False,2,2,False
109,4,MONOTONIC_READS,normal,netem delay 25ms 25ms,ONE,ALL,cassandra2,cassandra2,True,2,2,False
109,5,MONOTONIC_READS,normal,netem delay 25ms 25ms,ONE,ALL,cassandra2,cassandra1,False,2,2,False
110,1,MONOTONIC_READS,normal,netem delay 25ms 25ms,ONE,ALL,cassandra3,cassandra1,False,,2,False
110,2,MONOTONIC_READS,normal,netem delay 25ms 25ms,ONE,ALL,cassandra3,cassandra1,False,2,2,False
110,3,MONOTONIC_READS,normal,netem delay 25ms 25ms,ONE,ALL,cassandra3,cassandra1,False,2,2,False
110,4,MONOTONIC_READS,normal,netem delay 25ms 25ms,ONE,ALL,cassandra3,cassandra1,False,2,2,False
110,5,MONOTONIC_READS,normal,netem delay 25ms 25ms,ONE,ALL,cassandra3,cassandra3,True,2,2,False
111,1,MONOTONIC_READS,normal,netem delay 25ms 25ms,ONE,ALL,cassandra1,cassandra1,True,,2,False
111,2,MONOTONIC_READS,normal,netem delay 25ms 25ms,ONE,ALL,cassandra1,cassandra1,True,2,2,False
111,3,MONOTONIC_READS,normal,netem delay 25ms 25ms,ONE,ALL,cassandra1,cassandra2,False,2,2,False
111,4,MONOTONIC_READS,normal,netem delay 25ms 25ms,ONE,ALL,cassandra1,cassandra1,True,2,2,False
111,5,MONOTONIC_READS,normal,netem delay 25ms 25ms,ONE,ALL,cassandra1,cassandra3,False,2,2,False
112,1,MONOTONIC_READS,normal,netem delay 25ms 25ms,ONE,ALL,cassandra1,cassandra3,False,,2,False
112,2,MONOTONIC_READS,normal,netem delay 25ms 25ms,ONE,ALL,cassandra1,cassandra3,False,2,2,False
112,3,MONOTONIC_READS,normal,netem delay 25ms 25ms,ONE,ALL,cassandra1,cassandra3,False,2,2,False
112,4,MONOTONIC_READS,normal,netem delay 25ms 25ms,ONE,ALL,cassandra1,cassandra1,True,2,2,False
112,5,MONOTONIC_READS,normal,netem delay 25ms 25ms,ONE,ALL,cassandra1,cassandra3,False,2,2,False
113,1,MONOTONIC_READS,normal,netem delay 25ms 25ms,ONE,ALL,cassandra3,cassandra1,False,,2,False
113,2,MONOTONIC_READS,normal,netem delay 25ms 25ms,ONE,ALL,cassandra3,cassandra1,False,2,2,False
113,3,MONOTONIC_READS,normal,netem delay 25ms 25ms,ONE,ALL,cassandra3,cassandra2,False,2,2,False
113,4,MONOTONIC_READS,normal,netem delay 25ms 25ms,ONE,ALL,cassandra3,cassandra1,False,2,2,False
113,5,MONOTONIC_READS,normal,netem delay 25ms 25ms,ONE,ALL,cassandra3,cassandra1,False,2,2,False
114,1,MONOTONIC_READS,normal,netem delay 25ms 25ms,ONE,ALL,cassandra1,cassandra2,False,,2,False
114,2,MONOTONIC_READS,normal,netem delay 25ms 25ms,ONE,ALL,cassandra1,cassandra1,True,2,2,False
114,3,MONOTONIC_READS,normal,netem delay 25ms 25ms,ONE,ALL,cassandra1,cassandra1,True,2,2,False
114,4,MONOTONIC_READS,normal,netem delay 25ms 25ms,ONE,ALL,cassandra1,cassandra3,False,2,2,False
114,5,MONOTONIC_READS,normal,netem delay 25ms 25ms,ONE,ALL,cassandra1,cassandra1,True,2,2,False
115,1,MONOTONIC_READS,normal,netem delay 25ms 25ms,ONE,ALL,cassandra2,cassandra3,False,,2,False
115,2,MONOTONIC_READS,normal,netem delay 25ms 25ms,ONE,ALL,cassandra2,cassandra2,True,2,2,False
115,3,MONOTONIC_READS,normal,netem delay 25ms 25ms,ONE,ALL,cassandra2,cassandra2,True,2,2,False
115,4,MONOTONIC_READS,normal,netem delay 25ms 25ms,ONE,ALL,cassandra2,cassandra3,False,2,2,False
115,5,MONOTONIC_READS,normal,netem delay 25ms 25ms,ONE,ALL,cassandra2,cassandra2,True,2,2,False
116,1,MONOTONIC_READS,normal,netem delay 25ms 25ms,ONE,ALL,cassandra1,cassandra1,True,,2,False
116,2,MONOTONIC_READS,normal,netem delay 25ms 25ms,ONE,ALL,cassandra1,cassandra2,False,2,2,False
116,3,MONOTONIC_READS,normal,netem delay 25ms 25ms,ONE,ALL,cassandra1,cassandra1,True,2,2,False
116,4,MONOTONIC_READS,normal,netem delay 25ms 25ms,ONE,ALL,cassandra1,cassandra3,False,2,2,False
116,5,MONOTONIC_READS,normal,netem delay 25ms 25ms,ONE,ALL,cassandra1,cassandra3,False,2,2,False
117,1,MONOTONIC_READS,normal,netem delay 25ms 25ms,ONE,ALL,cassandra3,cassandra3,True,,2,False
117,2,MONOTONIC_READS,normal,netem delay 25ms 25ms,ONE,ALL,cassandra3,cassandra2,False,2,2,False
117,3,MONOTONIC_READS,normal,netem delay 25ms 25ms,ONE,ALL,cassandra3,cassandra3,True,2,2,False
117,4,MONOTONIC_READS,normal,netem delay 25ms 25ms,ONE,ALL,cassandra3,cassandra2,False,2,2,False
117,5,MONOTONIC_READS,normal,netem delay 25ms 25ms,ONE,ALL,cassandra3,cassandra1,False,2,2,False
118,1,MONOTONIC_READS,normal,netem delay 25ms 25ms,ONE,ALL,cassandra3,cassandra2,False,,2,False
118,2,MONOTONIC_READS,normal,netem delay 25ms 25ms,ONE,ALL,cassandra3,cassandra3,True,2,2,False
118,3,MONOTONIC_READS,normal,netem delay 25ms 25ms,ONE,ALL,cassandra3,cassandra3,True,2,2,False
118,4,MONOTONIC_READS,normal,netem delay 25ms 25ms,ONE,ALL,cassandra3,cassandra1,False,2,2,False
118,5,MONOTONIC_READS,normal,netem delay 25ms 25ms,ONE,ALL,cassandra3,cassandra1,False,2,2,False
119,1,MONOTONIC_READS,normal,netem delay 25ms 25ms,ONE,ALL,cassandra1,cassandra3,False,,2,False
119,2,MONOTONIC_READS,normal,netem delay 25ms 25ms,ONE,ALL,cassandra1,cassandra3,False,2,2,False
119,3,MONOTONIC_READS,normal,netem delay 25ms 25ms,ONE,ALL,cassandra1,cassandra1,True,2,2,False
119,4,MONOTONIC_READS,normal,netem delay 25ms 25ms,ONE,ALL,cassandra1,cassandra2,False,2,2,False
119,5,MONOTONIC_READS,normal,netem delay 25ms 25ms,ONE,ALL,cassandra1,cassandra2,False,2,2,False
120,1,MONOTONIC_READS,normal,netem delay 25ms 25ms,ONE,ALL,cassandra2,cassandra1,False,,2,False
120,2,MONOTONIC_READS,normal,netem delay 25ms 25ms,ONE,ALL,cassandra2,cassandra1,False,2,2,False
120,3,MONOTONIC_READS,normal,netem delay 25ms 25ms,ONE,ALL,cassandra2,cassandra2,True,2,2,False
120,4,MONOTONIC_READS,normal,netem delay 25ms 25ms,ONE,ALL,cassandra2,cassandra1,False,2,2,False
120,5,MONOTONIC_READS,normal,netem delay 25ms 25ms,ONE,ALL,cassandra2,cassandra3,False,2,2,False
121,1,MONOTONIC_READS,normal,netem delay 25ms 25ms,ONE,ALL,cassandra3,cassandra3,True,,2,False
121,2,MONOTONIC_READS,normal,netem delay 25ms 25ms,ONE,ALL,cassandra3,cassandra3,True,2,2,False
121,3,MONOTONIC_READS,normal,netem delay 25ms 25ms,ONE,ALL,cassandra3,cassandra3,True,2,2,False
121,4,MONOTONIC_READS,normal,netem delay 25ms 25ms,ONE,ALL,cassandra3,cassandra2,False,2,2,False
121,5,MONOTONIC_READS,normal,netem delay 25ms 25ms,ONE,ALL,cassandra3,cassandra3,True,2,2,False
122,1,MONOTONIC_READS,normal,netem delay 25ms 25ms,ONE,ALL,cassandra2,cassandra2,True,,2,False
122,2,MONOTONIC_READS,normal,netem delay 25ms 25ms,ONE,ALL,cassandra2,cassandra1,False,2,2,False
122,3,MONOTONIC_READS,normal,netem delay 25ms 25ms,ONE,ALL,cassandra2,cassandra1,False,2,2,False
122,4,MONOTONIC_READS,normal,netem delay 25ms 25ms,ONE,ALL,cassandra2,cassandra1,False,2,2,False
122,5,MONOTONIC_READS,normal,netem delay 25ms 25ms,ONE,ALL,cassandra2,cassandra3,False,2,2,False
123,1,MONOTONIC_READS,normal,netem delay 25ms 25ms,ONE,ALL,cassandra2,cassandra3,False,,2,False
123,2,MONOTONIC_READS,normal,netem delay 25ms 25ms,ONE,ALL,cassandra2,cassandra2,True,2,2,False
123,3,MONOTONIC_READS,normal,netem delay 25ms 25ms,ONE,ALL,cassandra2,cassandra2,True,2,2,False
123,4,MONOTONIC_READS,normal,netem delay 25ms 25ms,ONE,ALL,cassandra2,cassandra3,False,2,2,False
123,5,MONOTONIC_READS,normal,netem delay 25ms 25ms,ONE,ALL,cassandra2,cassandra1,False,2,2,False
124,1,MONOTONIC_READS,normal,netem delay 25ms 25ms,ONE,ALL,cassandra3,cassandra1,False,,2,False
124,2,MONOTONIC_READS,normal,netem delay 25ms 25ms,ONE,ALL,cassandra3,cassandra2,False,2,2,False
124,3,MONOTONIC_READS,normal,netem delay 25ms 25ms,ONE,ALL,cassandra3,cassandra3,True,2,2,False
124,4,MONOTONIC_READS,normal,netem delay 25ms 25ms,ONE,ALL,cassandra3,cassandra2,False,2,2,False
124,5,MONOTONIC_READS,normal,netem delay 25ms 25ms,ONE,ALL,cassandra3,cassandra2,False,2,2,False
125,1,MONOTONIC_READS,normal,netem delay 25ms 25ms,ONE,ALL,cassandra3,cassandra2,False,,2,False
125,2,MONOTONIC_READS,normal,netem delay 25ms 25ms,ONE,ALL,cassandra3,cassandra3,True,2,2,False
125,3,MONOTONIC_READS,normal,netem delay 25ms 25ms,ONE,ALL,cassandra3,cassandra3,True,2,2,False
125,4,MONOTONIC_READS,normal,netem delay 25ms 25ms,ONE,ALL,cassandra3,cassandra3,True,2,2,False
125,5,MONOTONIC_READS,normal,netem delay 25ms 25ms,ONE,ALL,cassandra3,cassandra3,True,2,2,False
126,1,MONOTONIC_READS,normal,netem delay 25ms 25ms,ONE,ALL,cassandra2,cassandra1,False,,2,False
126,2,MONOTONIC_READS,normal,netem delay 25ms 25ms,ONE,ALL,cassandra2,cassandra1,False,2,2,False
126,3,MONOTONIC_READS,normal,netem delay 25ms 25ms,ONE,ALL,cassandra2,cassandra2,True,2,2,False
126,4,MONOTONIC_READS,normal,netem delay 25ms 25ms,ONE,ALL,cassandra2,cassandra1,False,2,2,False
126,5,MONOTONIC_READS,normal,netem delay 25ms 25ms,ONE,ALL,cassandra2,cassandra3,False,2,2,False
127,1,MONOTONIC_READS,normal,netem delay 25ms 25ms,ONE,ALL,cassandra1,cassandra1,True,,2,False
127,2,MONOTONIC_READS,normal,netem delay 25ms 25ms,ONE,ALL,cassandra1,cassandra1,True,2,2,False
127,3,MONOTONIC_READS,normal,netem delay 25ms 25ms,ONE,ALL,cassandra1,cassandra2,False,2,2,False
127,4,MONOTONIC_READS,normal,netem delay 25ms 25ms,ONE,ALL,cassandra1,cassandra1,True,2,2,False
127,5,MONOTONIC_READS,normal,netem delay 25ms 25ms,ONE,ALL,cassandra1,cassandra2,False,2,2,False
128,1,MONOTONIC_READS,normal,netem delay 25ms 25ms,ONE,ALL,cassandra3,cassandra1,False,,2,False
128,2,MONOTONIC_READS,normal,netem delay 25ms 25ms,ONE,ALL,cassandra3,cassandra1,False,2,2,False
128,3,MONOTONIC_READS,normal,netem delay 25ms 25ms,ONE,ALL,cassandra3,cassandra3,True,2,2,False
128,4,MONOTONIC_READS,normal,netem delay 25ms 25ms,ONE,ALL,cassandra3,cassandra2,False,2,2,False
128,5,MONOTONIC_READS,normal,netem delay 25ms 25ms,ONE,ALL,cassandra3,cassandra2,False,2,2,False
129,1,MONOTONIC_READS,normal,netem delay 25ms 25ms,ONE,ALL,cassandra3,cassandra1,False,,2,False
129,2,MONOTONIC_READS,normal,netem delay 25ms 25ms,ONE,ALL,cassandra3,cassandra2,False,2,2,False
129,3,MONOTONIC_READS,normal,netem delay 25ms 25ms,ONE,ALL,cassandra3,cassandra2,False,2,2,False
129,4,MONOTONIC_READS,normal,netem delay 25ms 25ms,ONE,ALL,cassandra3,cassandra1,False,2,2,False
129,5,MONOTONIC_READS,normal,netem delay 25ms 25ms,ONE,ALL,cassandra3,cassandra3,True,2,2,False
130,1,MONOTONIC_READS,normal,netem delay 25ms 25ms,ONE,ALL,cassandra2,cassandra3,False,,2,False
130,2,MONOTONIC_READS,normal,netem delay 25ms 25ms,ONE,ALL,cassandra2,cassandra3,False,2,2,False
130,3,MONOTONIC_READS,normal,netem delay 25ms 25ms,ONE,ALL,cassandra2,cassandra2,True,2,2,False
130,4,MONOTONIC_READS,normal,netem delay 25ms 25ms,ONE,ALL,cassandra2,cassandra2,True,2,2,False
130,5,MONOTONIC_READS,normal,netem delay 25ms 25ms,ONE,ALL,cassandra2,cassandra3,False,2,2,False
131,1,MONOTONIC_READS,normal,netem delay 25ms 25ms,ONE,ALL,cassandra1,cassandra2,False,,2,False
131,2,MONOTONIC_READS,normal,netem delay 25ms 25ms,ONE,ALL,cassandra1,cassandra2,False,2,2,False
131,3,MONOTONIC_READS,normal,netem delay 25ms 25ms,ONE,ALL,cassandra1,cassandra2,False,2,2,False
131,4,MONOTONIC_READS,normal,netem delay 25ms 25ms,ONE,ALL,cassandra1,cassandra2,False,2,2,False
131,5,MONOTONIC_READS,normal,netem delay 25ms 25ms,ONE,ALL,cassandra1,cassandra1,True,2,2,False
132,1,MONOTONIC_READS,normal,netem delay 25ms 25ms,ONE,ALL,cassandra3,cassandra2,False,,2,False
132,2,MONOTONIC_READS,normal,netem delay 25ms 25ms,ONE,ALL,cassandra3,cassandra3,True,2,2,False
132,3,MONOTONIC_READS,normal,netem delay 25ms 25ms,ONE,ALL,cassandra3,cassandra3,True,2,2,False
132,4,MONOTONIC_READS,normal,netem delay 25ms 25ms,ONE,ALL,cassandra3,cassandra1,False,2,2,False
132,5,MONOTONIC_READS,normal,netem delay 25ms 25ms,ONE,ALL,cassandra3,cassandra3,True,2,2,False
133,1,MONOTONIC_READS,normal,netem delay 25ms 25ms,ONE,ALL,cassandra3,cassandra1,False,,2,False
133,2,MONOTONIC_READS,normal,netem delay 25ms 25ms,ONE,ALL,cassandra3,cassandra1,False,2,2,False
133,3,MONOTONIC_READS,normal,netem delay 25ms 25ms,ONE,ALL,cassandra3,cassandra1,False,2,2,False
133,4,MONOTONIC_READS,normal,netem delay 25ms 25ms,ONE,ALL,cassandra3,cassandra3,True,2,2,False
133,5,MONOTONIC_READS,normal,netem delay 25ms 25ms,ONE,ALL,cassandra3,cassandra1,False,2,2,False
134,1,MONOTONIC_READS,normal,netem delay 25ms 25ms,ONE,ALL,cassandra3,cassandra3,True,,2,False
134,2,MONOTONIC_READS,normal,netem delay 25ms 25ms,ONE,ALL,cassandra3,cassandra2,False,2,2,False
134,3,MONOTONIC_READS,normal,netem delay 25ms 25ms,ONE,ALL,cassandra3,cassandra2,False,2,2,False
134,4,MONOTONIC_READS,normal,netem delay 25ms 25ms,ONE,ALL,cassandra3,cassandra2,False,2,2,False
134,5,MONOTONIC_READS,normal,netem delay 25ms 25ms,ONE,ALL,cassandra3,cassandra1,False,2,2,False
135,1,MONOTONIC_READS,normal,netem delay 25ms 25ms,ONE,ALL,cassandra2,cassandra3,False,,2,False
135,2,MONOTONIC_READS,normal,netem delay 25ms 25ms,ONE,ALL,cassandra2,cassandra1,False,2,2,False
135,3,MONOTONIC_READS,normal,netem delay 25ms 25ms,ONE,ALL,cassandra2,cassandra2,True,2,2,False
135,4,MONOTONIC_READS,normal,netem delay 25ms 25ms,ONE,ALL,cassandra2,cassandra2,True,2,2,False
135,5,MONOTONIC_READS,normal,netem delay 25ms 25ms,ONE,ALL,cassandra2,cassandra3,False,2,2,False
136,1,MONOTONIC_READS,normal,netem delay 25ms 25ms,ONE,ALL,cassandra1,cassandra1,True,,2,False
136,2,MONOTONIC_READS,normal,netem delay 25ms 25ms,ONE,ALL,cassandra1,cassandra3,False,2,2,False
136,3,MONOTONIC_READS,normal,netem delay 25ms 25ms,ONE,ALL,cassandra1,cassandra1,True,2,2,False
136,4,MONOTONIC_READS,normal,netem delay 25ms 25ms,ONE,ALL,cassandra1,cassandra3,False,2,2,False
136,5,MONOTONIC_READS,normal,netem delay 25ms 25ms,ONE,ALL,cassandra1,cassandra2,False,2,2,False
137,1,MONOTONIC_READS,normal,netem delay 25ms 25ms,ONE,ALL,cassandra1,cassandra2,False,,2,False
137,2,MONOTONIC_READS,normal,netem delay 25ms 25ms,ONE,ALL,cassandra1,cassandra2,False,2,2,False
137,3,MONOTONIC_READS,normal,netem delay 25ms 25ms,ONE,ALL,cassandra1,cassandra3,False,2,2,False
137,4,MONOTONIC_READS,normal,netem delay 25ms 25ms,ONE,ALL,cassandra1,cassandra3,False,2,2,False
137,5,MONOTONIC_READS,normal,netem delay 25ms 25ms,ONE,ALL,cassandra1,cassandra3,False,2,2,False
138,1,MONOTONIC_READS,normal,netem delay 25ms 25ms,ONE,ALL,cassandra1,cassandra2,False,,2,False
138,2,MONOTONIC_READS,normal,netem delay 25ms 25ms,ONE,ALL,cassandra1,cassandra2,False,2,2,False
138,3,MONOTONIC_READS,normal,netem delay 25ms 25ms,ONE,ALL,cassandra1,cassandra2,False,2,2,False
138,4,MONOTONIC_READS,normal,netem delay 25ms 25ms,ONE,ALL,cassandra1,cassandra2,False,2,2,False
138,5,MONOTONIC_READS,normal,netem delay 25ms 25ms,ONE,ALL,cassandra1,cassandra2,False,2,2,False
139,1,MONOTONIC_READS,normal,netem delay 25ms 25ms,ONE,ALL,cassandra3,cassandra2,False,,2,False
139,2,MONOTONIC_READS,normal,netem delay 25ms 25ms,ONE,ALL,cassandra3,cassandra2,False,2,2,False
139,3,MONOTONIC_READS,normal,netem delay 25ms 25ms,ONE,ALL,cassandra3,cassandra3,True,2,2,False
139,4,MONOTONIC_READS,normal,netem delay 25ms 25ms,ONE,ALL,cassandra3,cassandra1,False,2,2,False
139,5,MONOTONIC_READS,normal,netem delay 25ms 25ms,ONE,ALL,cassandra3,cassandra1,False,2,2,False
140,1,MONOTONIC_READS,normal,netem delay 25ms 25ms,ONE,ALL,cassandra3,cassandra3,True,,2,False
140,2,MONOTONIC_READS,normal,netem delay 25ms 25ms,ONE,ALL,cassandra3,cassandra1,False,2,2,False
140,3,MONOTONIC_READS,normal,netem delay 25ms 25ms,ONE,ALL,cassandra3,cassandra1,False,2,2,False
140,4,MONOTONIC_READS,normal,netem delay 25ms 25ms,ONE,ALL,cassandra3,cassandra1,False,2,2,False
140,5,MONOTONIC_READS,normal,netem delay 25ms 25ms,ONE,ALL,cassandra3,cassandra1,False,2,2,False
141,1,MONOTONIC_READS,normal,netem delay 25ms 25ms,ONE,ALL,cassandra3,cassandra2,False,,2,False
141,2,MONOTONIC_READS,normal,netem delay 25ms 25ms,ONE,ALL,cassandra3,cassandra3,True,2,2,False
141,3,MONOTONIC_READS,normal,netem delay 25ms 25ms,ONE,ALL,cassandra3,cassandra3,True,2,2,False
141,4,MONOTONIC_READS,normal,netem delay 25ms 25ms,ONE,ALL,cassandra3,cassandra3,True,2,2,False
141,5,MONOTONIC_READS,normal,netem delay 25ms 25ms,ONE,ALL,cassandra3,cassandra2,False,2,2,False
142,1,MONOTONIC_READS,normal,netem delay 25ms 25ms,ONE,ALL,cassandra1,cassandra2,False,,2,False
142,2,MONOTONIC_READS,normal,netem delay 25ms 25ms,ONE,ALL,cassandra1,cassandra3,False,2,2,False
142,3,MONOTONIC_READS,normal,netem delay 25ms 25ms,ONE,ALL,cassandra1,cassandra1,True,2,2,False
142,4,MONOTONIC_READS,normal,netem delay 25ms 25ms,ONE,ALL,cassandra1,cassandra3,False,2,2,False
142,5,MONOTONIC_READS,normal,netem delay 25ms 25ms,ONE,ALL,cassandra1,cassandra1,True,2,2,False
143,1,MONOTONIC_READS,normal,netem delay 25ms 25ms,ONE,ALL,cassandra2,cassandra3,False,,2,False
143,2,MONOTONIC_READS,normal,netem delay 25ms 25ms,ONE,ALL,cassandra2,cassandra3,False,2,2,False
143,3,MONOTONIC_READS,normal,netem delay 25ms 25ms,ONE,ALL,cassandra2,cassandra3,False,2,2,False
143,4,MONOTONIC_READS,normal,netem delay 25ms 25ms,ONE,ALL,cassandra2,cassandra3,False,2,2,False
143,5,MONOTONIC_READS,normal,netem delay 25ms 25ms,ONE,ALL,cassandra2,cassandra2,True,2,2,False
144,1,MONOTONIC_READS,normal,netem delay 25ms 25ms,ONE,ALL,cassandra3,cassandra1,False,,2,False
144,2,MONOTONIC_READS,normal,netem delay 25ms 25ms,ONE,ALL,cassandra3,cassandra2,False,2,2,False
144,3,MONOTONIC_READS,normal,netem delay 25ms 25ms,ONE,ALL,cassandra3,cassandra3,True,2,2,False
144,4,MONOTONIC_READS,normal,netem delay 25ms 25ms,ONE,ALL,cassandra3,cassandra2,False,2,2,False
144,5,MONOTONIC_READS,normal,netem delay 25ms 25ms,ONE,ALL,cassandra3,cassandra3,True,2,2,False
145,1,MONOTONIC_READS,normal,netem delay 25ms 25ms,ONE,ALL,cassandra3,cassandra2,False,,2,False
145,2,MONOTONIC_READS,normal,netem delay 25ms 25ms,ONE,ALL,cassandra3,cassandra1,False,2,2,False
145,3,MONOTONIC_READS,normal,netem delay 25ms 25ms,ONE,ALL,cassandra3,cassandra1,False,2,2,False
145,4,MONOTONIC_READS,normal,netem delay 25ms 25ms,ONE,ALL,cassandra3,cassandra3,True,2,2,False
145,5,MONOTONIC_READS,normal,netem delay 25ms 25ms,ONE,ALL,cassandra3,cassandra1,False,2,2,False
146,1,MONOTONIC_READS,normal,netem delay 25ms 25ms,ONE,ALL,cassandra2,cassandra1,False,,2,False
146,2,MONOTONIC_READS,normal,netem delay 25ms 25ms,ONE,ALL,cassandra2,cassandra3,False,2,2,False
146,3,MONOTONIC_READS,normal,netem delay 25ms 25ms,ONE,ALL,cassandra2,cassandra2,True,2,2,False
146,4,MONOTONIC_READS,normal,netem delay 25ms 25ms,ONE,ALL,cassandra2,cassandra3,False,2,2,False
146,5,MONOTONIC_READS,normal,netem delay 25ms 25ms,ONE,ALL,cassandra2,cassandra2,True,2,2,False
147,1,MONOTONIC_READS,normal,netem delay 25ms 25ms,ONE,ALL,cassandra3,cassandra2,False,,2,False
147,2,MONOTONIC_READS,normal,netem delay 25ms 25ms,ONE,ALL,cassandra3,cassandra3,True,2,2,False
147,3,MONOTONIC_READS,normal,netem delay 25ms 25ms,ONE,ALL,cassandra3,cassandra3,True,2,2,False
147,4,MONOTONIC_READS,normal,netem delay 25ms 25ms,ONE,ALL,cassandra3,cassandra3,True,2,2,False
147,5,MONOTONIC_READS,normal,netem delay 25ms 25ms,ONE,ALL,cassandra3,cassandra2,False,2,2,False
148,1,MONOTONIC_READS,normal,netem delay 25ms 25ms,ONE,ALL,cassandra3,cassandra2,False,,2,False
148,2,MONOTONIC_READS,normal,netem delay 25ms 25ms,ONE,ALL,cassandra3,cassandra1,False,2,2,False
148,3,MONOTONIC_READS,normal,netem delay 25ms 25ms,ONE,ALL,cassandra3,cassandra1,False,2,2,False
148,4,MONOTONIC_READS,normal,netem delay 25ms 25ms,ONE,ALL,cassandra3,cassandra3,True,2,2,False
148,5,MONOTONIC_READS,normal,netem delay 25ms 25ms,ONE,ALL,cassandra3,cassandra1,False,2,2,False
149,1,MONOTONIC_READS,normal,netem delay 25ms 25ms,ONE,ALL,cassandra2,cassandra1,False,,2,False
149,2,MONOTONIC_READS,normal,netem delay 25ms 25ms,ONE,ALL,cassandra2,cassandra1,False,2,2,False
149,3,MONOTONIC_READS,normal,netem delay 25ms 25ms,ONE,ALL,cassandra2,cassandra2,True,2,2,False
149,4,MONOTONIC_READS,normal,netem delay 25ms 25ms,ONE,ALL,cassandra2,cassandra2,True,2,2,False
149,5,MONOTONIC_READS,normal,netem delay 25ms 25ms,ONE,ALL,cassandra2,cassandra1,False,2,2,False
150,1,MONOTONIC_READS,normal,netem delay 25ms 25ms,ONE,ALL,cassandra2,cassandra2,True,,2,False
150,2,MONOTONIC_READS,normal,netem delay 25ms 25ms,ONE,ALL,cassandra2,cassandra1,False,2,2,False
150,3,MONOTONIC_READS,normal,netem delay 25ms 25ms,ONE,ALL,cassandra2,cassandra2,True,2,2,False
150,4,MONOTONIC_READS,normal,netem delay 25ms 25ms,ONE,ALL,cassandra2,cassandra3,False,2,2,False
150,5,MONOTONIC_READS,normal,netem delay 25ms 25ms,ONE,ALL,cassandra2,cassandra3,False,2,2,False
151,1,MONOTONIC_READS,normal,netem delay 25ms 25ms,ONE,ALL,cassandra1,cassandra3,False,,2,False
151,2,MONOTONIC_READS,normal,netem delay 25ms 25ms,ONE,ALL,cassandra1,cassandra2,False,2,2,False
151,3,MONOTONIC_READS,normal,netem delay 25ms 25ms,ONE,ALL,cassandra1,cassandra1,True,2,2,False
151,4,MONOTONIC_READS,normal,netem delay 25ms 25ms,ONE,ALL,cassandra1,cassandra2,False,2,2,False
151,5,MONOTONIC_READS,normal,netem delay 25ms 25ms,ONE,ALL,cassandra1,cassandra3,False,2,2,False
152,1,MONOTONIC_READS,normal,netem delay 25ms 25ms,ONE,ALL,cassandra3,cassandra1,False,,2,False
152,2,MONOTONIC_READS,normal,netem delay 25ms 25ms,ONE,ALL,cassandra3,cassandra1,False,2,2,False
152,3,MONOTONIC_READS,normal,netem delay 25ms 25ms,ONE,ALL,cassandra3,cassandra2,False,2,2,False
152,4,MONOTONIC_READS,normal,netem delay 25ms 25ms,ONE,ALL,cassandra3,cassandra2,False,2,2,False
152,5,MONOTONIC_READS,normal,netem delay 25ms 25ms,ONE,ALL,cassandra3,cassandra3,True,2,2,False
153,1,MONOTONIC_READS,normal,netem delay 25ms 25ms,ONE,ALL,cassandra1,cassandra1,True,,2,False
153,2,MONOTONIC_READS,normal,netem delay 25ms 25ms,ONE,ALL,cassandra1,cassandra2,False,2,2,False
153,3,MONOTONIC_READS,normal,netem delay 25ms 25ms,ONE,ALL,cassandra1,cassandra2,False,2,2,False
153,4,MONOTONIC_READS,normal,netem delay 25ms 25ms,ONE,ALL,cassandra1,cassandra1,True,2,2,False
153,5,MONOTONIC_READS,normal,netem delay 25ms 25ms,ONE,ALL,cassandra1,cassandra3,False,2,2,False
154,1,MONOTONIC_READS,normal,netem delay 25ms 25ms,ONE,ALL,cassandra1,cassandra1,True,,2,False
154,2,MONOTONIC_READS,normal,netem delay 25ms 25ms,ONE,ALL,cassandra1,cassandra3,False,2,2,False
154,3,MONOTONIC_READS,normal,netem delay 25ms 25ms,ONE,ALL,cassandra1,cassandra2,False,2,2,False
154,4,MONOTONIC_READS,normal,netem delay 25ms 25ms,ONE,ALL,cassandra1,cassandra1,True,2,2,False
154,5,MONOTONIC_READS,normal,netem delay 25ms 25ms,ONE,ALL,cassandra1,cassandra1,True,2,2,False
155,1,MONOTONIC_READS,normal,netem delay 25ms 25ms,ONE,ALL,cassandra1,cassandra1,True,,2,False
155,2,MONOTONIC_READS,normal,netem delay 25ms 25ms,ONE,ALL,cassandra1,cassandra3,False,2,2,False
155,3,MONOTONIC_READS,normal,netem delay 25ms 25ms,ONE,ALL,cassandra1,cassandra2,False,2,2,False
155,4,MONOTONIC_READS,normal,netem delay 25ms 25ms,ONE,ALL,cassandra1,cassandra3,False,2,2,False
155,5,MONOTONIC_READS,normal,netem delay 25ms 25ms,ONE,ALL,cassandra1,cassandra2,False,2,2,False
156,1,MONOTONIC_READS,normal,netem delay 25ms 25ms,ONE,ALL,cassandra1,cassandra1,True,,2,False
156,2,MONOTONIC_READS,normal,netem delay 25ms 25ms,ONE,ALL,cassandra1,cassandra2,False,2,2,False
156,3,MONOTONIC_READS,normal,netem delay 25ms 25ms,ONE,ALL,cassandra1,cassandra2,False,2,2,False
156,4,MONOTONIC_READS,normal,netem delay 25ms 25ms,ONE,ALL,cassandra1,cassandra3,False,2,2,False
156,5,MONOTONIC_READS,normal,netem delay 25ms 25ms,ONE,ALL,cassandra1,cassandra2,False,2,2,False
157,1,MONOTONIC_READS,normal,netem delay 25ms 25ms,ONE,ALL,cassandra2,cassandra2,True,,2,False
157,2,MONOTONIC_READS,normal,netem delay 25ms 25ms,ONE,ALL,cassandra2,cassandra1,False,2,2,False
157,3,MONOTONIC_READS,normal,netem delay 25ms 25ms,ONE,ALL,cassandra2,cassandra2,True,2,2,False
157,4,MONOTONIC_READS,normal,netem delay 25ms 25ms,ONE,ALL,cassandra2,cassandra2,True,2,2,False
157,5,MONOTONIC_READS,normal,netem delay 25ms 25ms,ONE,ALL,cassandra2,cassandra1,False,2,2,False
158,1,MONOTONIC_READS,normal,netem delay 25ms 25ms,ONE,ALL,cassandra2,cassandra2,True,,2,False
158,2,MONOTONIC_READS,normal,netem delay 25ms 25ms,ONE,ALL,cassandra2,cassandra2,True,2,2,False
158,3,MONOTONIC_READS,normal,netem delay 25ms 25ms,ONE,ALL,cassandra2,cassandra1,False,2,2,False
158,4,MONOTONIC_READS,normal,netem delay 25ms 25ms,ONE,ALL,cassandra2,cassandra1,False,2,2,False
158,5,MONOTONIC_READS,normal,netem delay 25ms 25ms,ONE,ALL,cassandra2,cassandra1,False,2,2,False
159,1,MONOTONIC_READS,normal,netem delay 25ms 25ms,ONE,ALL,cassandra3,cassandra2,False,,2,False
159,2,MONOTONIC_READS,normal,netem delay 25ms 25ms,ONE,ALL,cassandra3,cassandra1,False,2,2,False
159,3,MONOTONIC_READS,normal,netem delay 25ms 25ms,ONE,ALL,cassandra3,cassandra2,False,2,2,False
159,4,MONOTONIC_READS,normal,netem delay 25ms 25ms,ONE,ALL,cassandra3,cassandra3,True,2,2,False
159,5,MONOTONIC_READS,normal,netem delay 25ms 25ms,ONE,ALL,cassandra3,cassandra3,True,2,2,False
160,1,MONOTONIC_READS,normal,netem delay 25ms 25ms,ONE,ALL,cassandra1,cassandra1,True,,2,False
160,2,MONOTONIC_READS,normal,netem delay 25ms 25ms,ONE,ALL,cassandra1,cassandra2,False,2,2,False
160,3,MONOTONIC_READS,normal,netem delay 25ms 25ms,ONE,ALL,cassandra1,cassandra2,False,2,2,False
160,4,MONOTONIC_READS,normal,netem delay 25ms 25ms,ONE,ALL,cassandra1,cassandra1,True,2,2,False
160,5,MONOTONIC_READS,normal,netem delay 25ms 25ms,ONE,ALL,cassandra1,cassandra1,True,2,2,False
161,1,MONOTONIC_READS,normal,netem delay 25ms 25ms,ONE,ALL,cassandra2,cassandra3,False,,2,False
161,2,MONOTONIC_READS,normal,netem delay 25ms 25ms,ONE,ALL,cassandra2,cassandra2,True,2,2,False
161,3,MONOTONIC_READS,normal,netem delay 25ms 25ms,ONE,ALL,cassandra2,cassandra1,False,2,2,False
161,4,MONOTONIC_READS,normal,netem delay 25ms 25ms,ONE,ALL,cassandra2,cassandra1,False,2,2,False
161,5,MONOTONIC_READS,normal,netem delay 25ms 25ms,ONE,ALL,cassandra2,cassandra1,False,2,2,False
162,1,MONOTONIC_READS,normal,netem delay 25ms 25ms,ONE,ALL,cassandra3,cassandra3,True,,2,False
162,2,MONOTONIC_READS,normal,netem delay 25ms 25ms,ONE,ALL,cassandra3,cassandra2,False,2,2,False
162,3,MONOTONIC_READS,normal,netem delay 25ms 25ms,ONE,ALL,cassandra3,cassandra3,True,2,2,False
162,4,MONOTONIC_READS,normal,netem delay 25ms 25ms,ONE,ALL,cassandra3,cassandra3,True,2,2,False
162,5,MONOTONIC_READS,normal,netem delay 25ms 25ms,ONE,ALL,cassandra3,cassandra1,False,2,2,False
163,1,MONOTONIC_READS,normal,netem delay 25ms 25ms,ONE,ALL,cassandra1,cassandra1,True,,2,False
163,2,MONOTONIC_READS,normal,netem delay 25ms 25ms,ONE,ALL,cassandra1,cassandra3,False,2,2,False
163,3,MONOTONIC_READS,normal,netem delay 25ms 25ms,ONE,ALL,cassandra1,cassandra1,True,2,2,False
163,4,MONOTONIC_READS,normal,netem delay 25ms 25ms,ONE,ALL,cassandra1,cassandra1,True,2,2,False
163,5,MONOTONIC_READS,normal,netem delay 25ms 25ms,ONE,ALL,cassandra1,cassandra3,False,2,2,False
164,1,MONOTONIC_READS,normal,netem delay 25ms 25ms,ONE,ALL,cassandra1,cassandra1,True,,2,False
164,2,MONOTONIC_READS,normal,netem delay 25ms 25ms,ONE,ALL,cassandra1,cassandra2,False,2,2,False
164,3,MONOTONIC_READS,normal,netem delay 25ms 25ms,ONE,ALL,cassandra1,cassandra2,False,2,2,False
164,4,MONOTONIC_READS,normal,netem delay 25ms 25ms,ONE,ALL,cassandra1,cassandra1,True,2,2,False
164,5,MONOTONIC_READS,normal,netem delay 25ms 25ms,ONE,ALL,cassandra1,cassandra3,False,2,2,False
165,1,MONOTONIC_READS,normal,netem delay 25ms 25ms,ONE,ALL,cassandra1,cassandra3,False,,2,False
165,2,MONOTONIC_READS,normal,netem delay 25ms 25ms,ONE,ALL,cassandra1,cassandra3,False,2,2,False
165,3,MONOTONIC_READS,normal,netem delay 25ms 25ms,ONE,ALL,cassandra1,cassandra1,True,2,2,False
165,4,MONOTONIC_READS,normal,netem delay 25ms 25ms,ONE,ALL,cassandra1,cassandra3,False,2,2,False
165,5,MONOTONIC_READS,normal,netem delay 25ms 25ms,ONE,ALL,cassandra1,cassandra1,True,2,2,False
166,1,MONOTONIC_READS,normal,netem delay 25ms 25ms,ONE,ALL,cassandra3,cassandra3,True,,2,False
166,2,MONOTONIC_READS,normal,netem delay 25ms 25ms,ONE,ALL,cassandra3,cassandra1,False,2,2,False
166,3,MONOTONIC_READS,normal,netem delay 25ms 25ms,ONE,ALL,cassandra3,cassandra2,False,2,2,False
166,4,MONOTONIC_READS,normal,netem delay 25ms 25ms,ONE,ALL,cassandra3,cassandra3,True,2,2,False
166,5,MONOTONIC_READS,normal,netem delay 25ms 25ms,ONE,ALL,cassandra3,cassandra2,False,2,2,False
167,1,MONOTONIC_READS,normal,netem delay 25ms 25ms,ONE,ALL,cassandra3,cassandra2,False,,2,False
167,2,MONOTONIC_READS,normal,netem delay 25ms 25ms,ONE,ALL,cassandra3,cassandra3,True,2,2,False
167,3,MONOTONIC_READS,normal,netem delay 25ms 25ms,ONE,ALL,cassandra3,cassandra3,True,2,2,False
167,4,MONOTONIC_READS,normal,netem delay 25ms 25ms,ONE,ALL,cassandra3,cassandra3,True,2,2,False
167,5,MONOTONIC_READS,normal,netem delay 25ms 25ms,ONE,ALL,cassandra3,cassandra1,False,2,2,False
168,1,MONOTONIC_READS,normal,netem delay 25ms 25ms,ONE,ALL,cassandra3,cassandra2,False,,2,False
168,2,MONOTONIC_READS,normal,netem delay 25ms 25ms,ONE,ALL,cassandra3,cassandra3,True,2,2,False
168,3,MONOTONIC_READS,normal,netem delay 25ms 25ms,ONE,ALL,cassandra3,cassandra3,True,2,2,False
168,4,MONOTONIC_READS,normal,netem delay 25ms 25ms,ONE,ALL,cassandra3,cassandra2,False,2,2,False
168,5,MONOTONIC_READS,normal,netem delay 25ms 25ms,ONE,ALL,cassandra3,cassandra3,True,2,2,False
169,1,MONOTONIC_READS,normal,netem delay 25ms 25ms,ONE,ALL,cassandra1,cassandra3,False,,2,False
169,2,MONOTONIC_READS,normal,netem delay 25ms 25ms,ONE,ALL,cassandra1,cassandra2,False,2,2,False
169,3,MONOTONIC_READS,normal,netem delay 25ms 25ms,ONE,ALL,cassandra1,cassandra1,True,2,2,False
169,4,MONOTONIC_READS,normal,netem delay 25ms 25ms,ONE,ALL,cassandra1,cassandra3,False,2,2,False
169,5,MONOTONIC_READS,normal,netem delay 25ms 25ms,ONE,ALL,cassandra1,cassandra3,False,2,2,False
170,1,MONOTONIC_READS,normal,netem delay 25ms 25ms,ONE,ALL,cassandra1,cassandra1,True,,2,False
170,2,MONOTONIC_READS,normal,netem delay 25ms 25ms,ONE,ALL,cassandra1,cassandra2,False,2,2,False
170,3,MONOTONIC_READS,normal,netem delay 25ms 25ms,ONE,ALL,cassandra1,cassandra3,False,2,2,False
170,4,MONOTONIC_READS,normal,netem delay 25ms 25ms,ONE,ALL,cassandra1,cassandra1,True,2,2,False
170,5,MONOTONIC_READS,normal,netem delay 25ms 25ms,ONE,ALL,cassandra1,cassandra2,False,2,2,False
171,1,MONOTONIC_READS,normal,netem delay 25ms 25ms,ONE,ALL,cassandra2,cassandra2,True,,2,False
171,2,MONOTONIC_READS,normal,netem delay 25ms 25ms,ONE,ALL,cassandra2,cassandra3,False,2,2,False
171,3,MONOTONIC_READS,normal,netem delay 25ms 25ms,ONE,ALL,cassandra2,cassandra2,True,2,2,False
171,4,MONOTONIC_READS,normal,netem delay 25ms 25ms,ONE,ALL,cassandra2,cassandra1,False,2,2,False
171,5,MONOTONIC_READS,normal,netem delay 25ms 25ms,ONE,ALL,cassandra2,cassandra3,False,2,2,False
172,1,MONOTONIC_READS,normal,netem delay 25ms 25ms,ONE,ALL,cassandra3,cassandra3,True,,2,False
172,2,MONOTONIC_READS,normal,netem delay 25ms 25ms,ONE,ALL,cassandra3,cassandra3,True,2,2,False
172,3,MONOTONIC_READS,normal,netem delay 25ms 25ms,ONE,ALL,cassandra3,cassandra2,False,2,2,False
172,4,MONOTONIC_READS,normal,netem delay 25ms 25ms,ONE,ALL,cassandra3,cassandra3,True,2,2,False
172,5,MONOTONIC_READS,normal,netem delay 25ms 25ms,ONE,ALL,cassandra3,cassandra1,False,2,2,False
173,1,MONOTONIC_READS,normal,netem delay 25ms 25ms,ONE,ALL,cassandra2,cassandra2,True,,2,False
173,2,MONOTONIC_READS,normal,netem delay 25ms 25ms,ONE,ALL,cassandra2,cassandra2,True,2,2,False
173,3,MONOTONIC_READS,normal,netem delay 25ms 25ms,ONE,ALL,cassandra2,cassandra2,True,2,2,False
173,4,MONOTONIC_READS,normal,netem delay 25ms 25ms,ONE,ALL,cassandra2,cassandra3,False,2,2,False
173,5,MONOTONIC_READS,normal,netem delay 25ms 25ms,ONE,ALL,cassandra2,cassandra1,False,2,2,False
174,1,MONOTONIC_READS,normal,netem delay 25ms 25ms,ONE,ALL,cassandra2,cassandra2,True,,2,False
174,2,MONOTONIC_READS,normal,netem delay 25ms 25ms,ONE,ALL,cassandra2,cassandra1,False,2,2,False
174,3,MONOTONIC_READS,normal,netem delay 25ms 25ms,ONE,ALL,cassandra2,cassandra3,False,2,2,False
174,4,MONOTONIC_READS,normal,netem delay 25ms 25ms,ONE,ALL,cassandra2,cassandra3,False,2,2,False
174,5,MONOTONIC_READS,normal,netem delay 25ms 25ms,ONE,ALL,cassandra2,cassandra1,False,2,2,False
175,1,MONOTONIC_READS,normal,netem delay 25ms 25ms,ONE,ALL,cassandra3,cassandra2,False,,2,False
175,2,MONOTONIC_READS,normal,netem delay 25ms 25ms,ONE,ALL,cassandra3,cassandra1,False,2,2,False
175,3,MONOTONIC_READS,normal,netem delay 25ms 25ms,ONE,ALL,cassandra3,cassandra2,False,2,2,False
175,4,MONOTONIC_READS,normal,netem delay 25ms 25ms,ONE,ALL,cassandra3,cassandra3,True,2,2,False
175,5,MONOTONIC_READS,normal,netem delay 25ms 25ms,ONE,ALL,cassandra3,cassandra1,False,2,2,False
176,1,MONOTONIC_READS,normal,netem delay 25ms 25ms,ONE,ALL,cassandra3,cassandra2,False,,2,False
176,2,MONOTONIC_READS,normal,netem delay 25ms 25ms,ONE,ALL,cassandra3,cassandra3,True,2,2,False
176,3,MONOTONIC_READS,normal,netem delay 25ms 25ms,ONE,ALL,cassandra3,cassandra2,False,2,2,False
176,4,MONOTONIC_READS,normal,netem delay 25ms 25ms,ONE,ALL,cassandra3,cassandra1,False,2,2,False
176,5,MONOTONIC_READS,normal,netem delay 25ms 25ms,ONE,ALL,cassandra3,cassandra3,True,2,2,False
177,1,MONOTONIC_READS,normal,netem delay 25ms 25ms,ONE,ALL,cassandra2,cassandra3,False,,2,False
177,2,MONOTONIC_READS,normal,netem delay 25ms 25ms,ONE,ALL,cassandra2,cassandra2,True,2,2,False
177,3,MONOTONIC_READS,normal,netem delay 25ms 25ms,ONE,ALL,cassandra2,cassandra1,False,2,2,False
177,4,MONOTONIC_READS,normal,netem delay 25ms 25ms,ONE,ALL,cassandra2,cassandra3,False,2,2,False
177,5,MONOTONIC_READS,normal,netem delay 25ms 25ms,ONE,ALL,cassandra2,cassandra2,True,2,2,False
178,1,MONOTONIC_READS,normal,netem delay 25ms 25ms,ONE,ALL,cassandra3,cassandra2,False,,2,False
178,2,MONOTONIC_READS,normal,netem delay 25ms 25ms,ONE,ALL,cassandra3,cassandra3,True,2,2,False
178,3,MONOTONIC_READS,normal,netem delay 25ms 25ms,ONE,ALL,cassandra3,cassandra3,True,2,2,False
178,4,MONOTONIC_READS,normal,netem delay 25ms 25ms,ONE,ALL,cassandra3,cassandra3,True,2,2,False
178,5,MONOTONIC_READS,normal,netem delay 25ms 25ms,ONE,ALL,cassandra3,cassandra2,False,2,2,False
179,1,MONOTONIC_READS,normal,netem delay 25ms 25ms,ONE,ALL,cassandra3,cassandra3,True,,2,False
179,2,MONOTONIC_READS,normal,netem delay 25ms 25ms,ONE,ALL,cassandra3,cassandra1,False,2,2,False
179,3,MONOTONIC_READS,normal,netem delay 25ms 25ms,ONE,ALL,cassandra3,cassandra2,False,2,2,False
179,4,MONOTONIC_READS,normal,netem delay 25ms 25ms,ONE,ALL,cassandra3,cassandra3,True,2,2,False
179,5,MONOTONIC_READS,normal,netem delay 25ms 25ms,ONE,ALL,cassandra3,cassandra1,False,2,2,False
180,1,MONOTONIC_READS,normal,netem delay 25ms 25ms,ONE,ALL,cassandra1,cassandra2,False,,2,False
180,2,MONOTONIC_READS,normal,netem delay 25ms 25ms,ONE,ALL,cassandra1,cassandra1,True,2,2,False
180,3,MONOTONIC_READS,normal,netem delay 25ms 25ms,ONE,ALL,cassandra1,cassandra3,False,2,2,False
180,4,MONOTONIC_READS,normal,netem delay 25ms 25ms,ONE,ALL,cassandra1,cassandra1,True,2,2,False
180,5,MONOTONIC_READS,normal,netem delay 25ms 25ms,ONE,ALL,cassandra1,cassandra1,True,2,2,False
181,1,MONOTONIC_READS,normal,netem delay 25ms 25ms,ONE,ALL,cassandra1,cassandra3,False,,2,False
181,2,MONOTONIC_READS,normal,netem delay 25ms 25ms,ONE,ALL,cassandra1,cassandra2,False,2,2,False
181,3,MONOTONIC_READS,normal,netem delay 25ms 25ms,ONE,ALL,cassandra1,cassandra1,True,2,2,False
181,4,MONOTONIC_READS,normal,netem delay 25ms 25ms,ONE,ALL,cassandra1,cassandra3,False,2,2,False
181,5,MONOTONIC_READS,normal,netem delay 25ms 25ms,ONE,ALL,cassandra1,cassandra2,False,2,2,False
182,1,MONOTONIC_READS,normal,netem delay 25ms 25ms,ONE,ALL,cassandra2,cassandra1,False,,2,False
182,2,MONOTONIC_READS,normal,netem delay 25ms 25ms,ONE,ALL,cassandra2,cassandra1,False,2,2,False
182,3,MONOTONIC_READS,normal,netem delay 25ms 25ms,ONE,ALL,cassandra2,cassandra2,True,2,2,False
182,4,MONOTONIC_READS,normal,netem delay 25ms 25ms,ONE,ALL,cassandra2,cassandra1,False,2,2,False
182,5,MONOTONIC_READS,normal,netem delay 25ms 25ms,ONE,ALL,cassandra2,cassandra2,True,2,2,False
183,1,MONOTONIC_READS,normal,netem delay 25ms 25ms,ONE,ALL,cassandra1,cassandra3,False,,2,False
183,2,MONOTONIC_READS,normal,netem delay 25ms 25ms,ONE,ALL,cassandra1,cassandra1,True,2,2,False
183,3,MONOTONIC_READS,normal,netem delay 25ms 25ms,ONE,ALL,cassandra1,cassandra3,False,2,2,False
183,4,MONOTONIC_READS,normal,netem delay 25ms 25ms,ONE,ALL,cassandra1,cassandra1,True,2,2,False
183,5,MONOTONIC_READS,normal,netem delay 25ms 25ms,ONE,ALL,cassandra1,cassandra2,False,2,2,False
184,1,MONOTONIC_READS,normal,netem delay 25ms 25ms,ONE,ALL,cassandra1,cassandra1,True,,2,False
184,2,MONOTONIC_READS,normal,netem delay 25ms 25ms,ONE,ALL,cassandra1,cassandra1,True,2,2,False
184,3,MONOTONIC_READS,normal,netem delay 25ms 25ms,ONE,ALL,cassandra1,cassandra2,False,2,2,False
184,4,MONOTONIC_READS,normal,netem delay 25ms 25ms,ONE,ALL,cassandra1,cassandra1,True,2,2,False
184,5,MONOTONIC_READS,normal,netem delay 25ms 25ms,ONE,ALL,cassandra1,cassandra1,True,2,2,False
185,1,MONOTONIC_READS,normal,netem delay 25ms 25ms,ONE,ALL,cassandra2,cassandra1,False,,2,False
185,2,MONOTONIC_READS,normal,netem delay 25ms 25ms,ONE,ALL,cassandra2,cassandra2,True,2,2,False
185,3,MONOTONIC_READS,normal,netem delay 25ms 25ms,ONE,ALL,cassandra2,cassandra2,True,2,2,False
185,4,MONOTONIC_READS,normal,netem delay 25ms 25ms,ONE,ALL,cassandra2,cassandra2,True,2,2,False
185,5,MONOTONIC_READS,normal,netem delay 25ms 25ms,ONE,ALL,cassandra2,cassandra3,False,2,2,False
186,1,MONOTONIC_READS,normal,netem delay 25ms 25ms,ONE,ALL,cassandra1,cassandra1,True,,2,False
186,2,MONOTONIC_READS,normal,netem delay 25ms 25ms,ONE,ALL,cassandra1,cassandra3,False,2,2,False
186,3,MONOTONIC_READS,normal,netem delay 25ms 25ms,ONE,ALL,cassandra1,cassandra2,False,2,2,False
186,4,MONOTONIC_READS,normal,netem delay 25ms 25ms,ONE,ALL,cassandra1,cassandra1,True,2,2,False
186,5,MONOTONIC_READS,normal,netem delay 25ms 25ms,ONE,ALL,cassandra1,cassandra1,True,2,2,False
187,1,MONOTONIC_READS,normal,netem delay 25ms 25ms,ONE,ALL,cassandra3,cassandra3,True,,2,False
187,2,MONOTONIC_READS,normal,netem delay 25ms 25ms,ONE,ALL,cassandra3,cassandra2,False,2,2,False
187,3,MONOTONIC_READS,normal,netem delay 25ms 25ms,ONE,ALL,cassandra3,cassandra1,False,2,2,False
187,4,MONOTONIC_READS,normal,netem delay 25ms 25ms,ONE,ALL,cassandra3,cassandra1,False,2,2,False
187,5,MONOTONIC_READS,normal,netem delay 25ms 25ms,ONE,ALL,cassandra3,cassandra1,False,2,2,False
188,1,MONOTONIC_READS,normal,netem delay 25ms 25ms,ONE,ALL,cassandra3,cassandra1,False,,2,False
188,2,MONOTONIC_READS,normal,netem delay 25ms 25ms,ONE,ALL,cassandra3,cassandra1,False,2,2,False
188,3,MONOTONIC_READS,normal,netem delay 25ms 25ms,ONE,ALL,cassandra3,cassandra2,False,2,2,False
188,4,MONOTONIC_READS,normal,netem delay 25ms 25ms,ONE,ALL,cassandra3,cassandra1,False,2,2,False
188,5,MONOTONIC_READS,normal,netem delay 25ms 25ms,ONE,ALL,cassandra3,cassandra3,True,2,2,False
189,1,MONOTONIC_READS,normal,netem delay 25ms 25ms,ONE,ALL,cassandra2,cassandra2,True,,2,False
189,2,MONOTONIC_READS,normal,netem delay 25ms 25ms,ONE,ALL,cassandra2,cassandra1,False,2,2,False
189,3,MONOTONIC_READS,normal,netem delay 25ms 25ms,ONE,ALL,cassandra2,cassandra2,True,2,2,False
189,4,MONOTONIC_READS,normal,netem delay 25ms 25ms,ONE,ALL,cassandra2,cassandra1,False,2,2,False
189,5,MONOTONIC_READS,normal,netem delay 25ms 25ms,ONE,ALL,cassandra2,cassandra1,False,2,2,False
190,1,MONOTONIC_READS,normal,netem delay 25ms 25ms,ONE,ALL,cassandra1,cassandra1,True,,2,False
190,2,MONOTONIC_READS,normal,netem delay 25ms 25ms,ONE,ALL,cassandra1,cassandra2,False,2,2,False
190,3,MONOTONIC_READS,normal,netem delay 25ms 25ms,ONE,ALL,cassandra1,cassandra2,False,2,2,False
190,4,MONOTONIC_READS,normal,netem delay 25ms 25ms,ONE,ALL,cassandra1,cassandra1,True,2,2,False
190,5,MONOTONIC_READS,normal,netem delay 25ms 25ms,ONE,ALL,cassandra1,cassandra3,False,2,2,False
191,1,MONOTONIC_READS,normal,netem delay 25ms 25ms,ONE,ALL,cassandra1,cassandra2,False,,2,False
191,2,MONOTONIC_READS,normal,netem delay 25ms 25ms,ONE,ALL,cassandra1,cassandra1,True,2,2,False
191,3,MONOTONIC_READS,normal,netem delay 25ms 25ms,ONE,ALL,cassandra1,cassandra2,False,2,2,False
191,4,MONOTONIC_READS,normal,netem delay 25ms 25ms,ONE,ALL,cassandra1,cassandra3,False,2,2,False
191,5,MONOTONIC_READS,normal,netem delay 25ms 25ms,ONE,ALL,cassandra1,cassandra3,False,2,2,False
192,1,MONOTONIC_READS,normal,netem delay 25ms 25ms,ONE,ALL,cassandra1,cassandra3,False,,2,False
192,2,MONOTONIC_READS,normal,netem delay 25ms 25ms,ONE,ALL,cassandra1,cassandra3,False,2,2,False
192,3,MONOTONIC_READS,normal,netem delay 25ms 25ms,ONE,ALL,cassandra1,cassandra1,True,2,2,False
192,4,MONOTONIC_READS,normal,netem delay 25ms 25ms,ONE,ALL,cassandra1,cassandra3,False,2,2,False
192,5,MONOTONIC_READS,normal,netem delay 25ms 25ms,ONE,ALL,cassandra1,cassandra1,True,2,2,False
193,1,MONOTONIC_READS,normal,netem delay 25ms 25ms,ONE,ALL,cassandra1,cassandra2,False,,2,False
193,2,MONOTONIC_READS,normal,netem delay 25ms 25ms,ONE,ALL,cassandra1,cassandra2,False,2,2,False
193,3,MONOTONIC_READS,normal,netem delay 25ms 25ms,ONE,ALL,cassandra1,cassandra1,True,2,2,False
193,4,MONOTONIC_READS,normal,netem delay 25ms 25ms,ONE,ALL,cassandra1,cassandra3,False,2,2,False
193,5,MONOTONIC_READS,normal,netem delay 25ms 25ms,ONE,ALL,cassandra1,cassandra3,False,2,2,False
194,1,MONOTONIC_READS,normal,netem delay 25ms 25ms,ONE,ALL,cassandra2,cassandra3,False,,2,False
194,2,MONOTONIC_READS,normal,netem delay 25ms 25ms,ONE,ALL,cassandra2,cassandra1,False,2,2,False
194,3,MONOTONIC_READS,normal,netem delay 25ms 25ms,ONE,ALL,cassandra2,cassandra1,False,2,2,False
194,4,MONOTONIC_READS,normal,netem delay 25ms 25ms,ONE,ALL,cassandra2,cassandra2,True,2,2,False
194,5,MONOTONIC_READS,normal,netem delay 25ms 25ms,ONE,ALL,cassandra2,cassandra3,False,2,2,False
195,1,MONOTONIC_READS,normal,netem delay 25ms 25ms,ONE,ALL,cassandra2,cassandra2,True,,2,False
195,2,MONOTONIC_READS,normal,netem delay 25ms 25ms,ONE,ALL,cassandra2,cassandra3,False,2,2,False
195,3,MONOTONIC_READS,normal,netem delay 25ms 25ms,ONE,ALL,cassandra2,cassandra2,True,2,2,False
195,4,MONOTONIC_READS,normal,netem delay 25ms 25ms,ONE,ALL,cassandra2,cassandra2,True,2,2,False
195,5,MONOTONIC_READS,normal,netem delay 25ms 25ms,ONE,ALL,cassandra2,cassandra1,False,2,2,False
196,1,MONOTONIC_READS,normal,netem delay 25ms 25ms,ONE,ALL,cassandra3,cassandra3,True,,2,False
196,2,MONOTONIC_READS,normal,netem delay 25ms 25ms,ONE,ALL,cassandra3,cassandra3,True,2,2,False
196,3,MONOTONIC_READS,normal,netem delay 25ms 25ms,ONE,ALL,cassandra3,cassandra1,False,2,2,False
196,4,MONOTONIC_READS,normal,netem delay 25ms 25ms,ONE,ALL,cassandra3,cassandra1,False,2,2,False
196,5,MONOTONIC_READS,normal,netem delay 25ms 25ms,ONE,ALL,cassandra3,cassandra2,False,2,2,False
197,1,MONOTONIC_READS,normal,netem delay 25ms 25ms,ONE,ALL,cassandra3,cassandra2,False,,2,False
197,2,MONOTONIC_READS,normal,netem delay 25ms 25ms,ONE,ALL,cassandra3,cassandra1,False,2,2,False
197,3,MONOTONIC_READS,normal,netem delay 25ms 25ms,ONE,ALL,cassandra3,cassandra3,True,2,2,False
197,4,MONOTONIC_READS,normal,netem delay 25ms 25ms,ONE,ALL,cassandra3,cassandra1,False,2,2,False
197,5,MONOTONIC_READS,normal,netem delay 25ms 25ms,ONE,ALL,cassandra3,cassandra3,True,2,2,False
198,1,MONOTONIC_READS,normal,netem delay 25ms 25ms,ONE,ALL,cassandra3,cassandra2,False,,2,False
198,2,MONOTONIC_READS,normal,netem delay 25ms 25ms,ONE,ALL,cassandra3,cassandra3,True,2,2,False
198,3,MONOTONIC_READS,normal,netem delay 25ms 25ms,ONE,ALL,cassandra3,cassandra1,False,2,2,False
198,4,MONOTONIC_READS,normal,netem delay 25ms 25ms,ONE,ALL,cassandra3,cassandra1,False,2,2,False
198,5,MONOTONIC_READS,normal,netem delay 25ms 25ms,ONE,ALL,cassandra3,cassandra3,True,2,2,False
199,1,MONOTONIC_READS,normal,netem delay 25ms 25ms,ONE,ALL,cassandra2,cassandra3,False,,2,False
199,2,MONOTONIC_READS,normal,netem delay 25ms 25ms,ONE,ALL,cassandra2,cassandra2,True,2,2,False
199,3,MONOTONIC_READS,normal,netem delay 25ms 25ms,ONE,ALL,cassandra2,cassandra3,False,2,2,False
199,4,MONOTONIC_READS,normal,netem delay 25ms 25ms,ONE,ALL,cassandra2,cassandra3,False,2,2,False
199,5,MONOTONIC_READS,normal,netem delay 25ms 25ms,ONE,ALL,cassandra2,cassandra2,True,2,2,False
200,1,MONOTONIC_READS,normal,netem delay 25ms 25ms,ONE,ALL,cassandra1,cassandra1,True,,2,False
200,2,MONOTONIC_READS,normal,netem delay 25ms 25ms,ONE,ALL,cassandra1,cassandra2,False,2,2,False
200,3,MONOTONIC_READS,normal,netem delay 25ms 25ms,ONE,ALL,cassandra1,cassandra1,True,2,2,False
200,4,MONOTONIC_READS,normal,netem delay 25ms 25ms,ONE,ALL,cassandra1,cassandra2,False,2,2,False
200,5,MONOTONIC_READS,normal,netem delay 25ms 25ms,ONE,ALL,cassandra1,cassandra1,True,2,2,False
1,1,MONOTONIC_READS,normal,netem delay 25ms 25ms,QUORUM,ONE,cassandra3,cassandra2,False,,2,False
1,2,MONOTONIC_READS,normal,netem delay 25ms 25ms,QUORUM,ONE,cassandra3,cassandra2,False,2,2,False
1,3,MONOTONIC_READS,normal,netem delay 25ms 25ms,QUORUM,ONE,cassandra3,cassandra3,True,2,2,False
1,4,MONOTONIC_READS,normal,netem delay 25ms 25ms,QUORUM,ONE,cassandra3,cassandra1,False,2,2,False
1,5,MONOTONIC_READS,normal,netem delay 25ms 25ms,QUORUM,ONE,cassandra3,cassandra2,False,2,2,False
2,1,MONOTONIC_READS,normal,netem delay 25ms 25ms,QUORUM,ONE,cassandra1,cassandra3,False,,2,False
2,2,MONOTONIC_READS,normal,netem delay 25ms 25ms,QUORUM,ONE,cassandra1,cassandra3,False,2,2,False
2,3,MONOTONIC_READS,normal,netem delay 25ms 25ms,QUORUM,ONE,cassandra1,cassandra3,False,2,2,False
2,4,MONOTONIC_READS,normal,netem delay 25ms 25ms,QUORUM,ONE,cassandra1,cassandra2,False,2,2,False
2,5,MONOTONIC_READS,normal,netem delay 25ms 25ms,QUORUM,ONE,cassandra1,cassandra2,False,2,2,False
3,1,MONOTONIC_READS,normal,netem delay 25ms 25ms,QUORUM,ONE,cassandra3,cassandra1,False,,2,False
3,2,MONOTONIC_READS,normal,netem delay 25ms 25ms,QUORUM,ONE,cassandra3,cassandra3,True,2,2,False
3,3,MONOTONIC_READS,normal,netem delay 25ms 25ms,QUORUM,ONE,cassandra3,cassandra1,False,2,2,False
3,4,MONOTONIC_READS,normal,netem delay 25ms 25ms,QUORUM,ONE,cassandra3,cassandra1,False,2,2,False
3,5,MONOTONIC_READS,normal,netem delay 25ms 25ms,QUORUM,ONE,cassandra3,cassandra2,False,2,2,False
4,1,MONOTONIC_READS,normal,netem delay 25ms 25ms,QUORUM,ONE,cassandra1,cassandra1,True,,2,False
4,2,MONOTONIC_READS,normal,netem delay 25ms 25ms,QUORUM,ONE,cassandra1,cassandra2,False,2,2,False
4,3,MONOTONIC_READS,normal,netem delay 25ms 25ms,QUORUM,ONE,cassandra1,cassandra2,False,2,2,False
4,4,MONOTONIC_READS,normal,netem delay 25ms 25ms,QUORUM,ONE,cassandra1,cassandra3,False,2,2,False
4,5,MONOTONIC_READS,normal,netem delay 25ms 25ms,QUORUM,ONE,cassandra1,cassandra3,False,2,2,False
5,1,MONOTONIC_READS,normal,netem delay 25ms 25ms,QUORUM,ONE,cassandra2,cassandra1,False,,2,False
5,2,MONOTONIC_READS,normal,netem delay 25ms 25ms,QUORUM,ONE,cassandra2,cassandra1,False,2,2,False
5,3,MONOTONIC_READS,normal,netem delay 25ms 25ms,QUORUM,ONE,cassandra2,cassandra2,True,2,2,False
5,4,MONOTONIC_READS,normal,netem delay 25ms 25ms,QUORUM,ONE,cassandra2,cassandra2,True,2,2,False
5,5,MONOTONIC_READS,normal,netem delay 25ms 25ms,QUORUM,ONE,cassandra2,cassandra3,False,2,2,False
6,1,MONOTONIC_READS,normal,netem delay 25ms 25ms,QUORUM,ONE,cassandra1,cassandra2,False,,2,False
6,2,MONOTONIC_READS,normal,netem delay 25ms 25ms,QUORUM,ONE,cassandra1,cassandra3,False,2,2,False
6,3,MONOTONIC_READS,normal,netem delay 25ms 25ms,QUORUM,ONE,cassandra1,cassandra2,False,2,2,False
6,4,MONOTONIC_READS,normal,netem delay 25ms 25ms,QUORUM,ONE,cassandra1,cassandra2,False,2,2,False
6,5,MONOTONIC_READS,normal,netem delay 25ms 25ms,QUORUM,ONE,cassandra1,cassandra3,False,2,2,False
7,1,MONOTONIC_READS,normal,netem delay 25ms 25ms,QUORUM,ONE,cassandra1,cassandra3,False,,2,False
7,2,MONOTONIC_READS,normal,netem delay 25ms 25ms,QUORUM,ONE,cassandra1,cassandra1,True,2,2,False
7,3,MONOTONIC_READS,normal,netem delay 25ms 25ms,QUORUM,ONE,cassandra1,cassandra2,False,2,2,False
7,4,MONOTONIC_READS,normal,netem delay 25ms 25ms,QUORUM,ONE,cassandra1,cassandra3,False,2,2,False
7,5,MONOTONIC_READS,normal,netem delay 25ms 25ms,QUORUM,ONE,cassandra1,cassandra2,False,2,2,False
8,1,MONOTONIC_READS,normal,netem delay 25ms 25ms,QUORUM,ONE,cassandra3,cassandra1,False,,2,False
8,2,MONOTONIC_READS,normal,netem delay 25ms 25ms,QUORUM,ONE,cassandra3,cassandra3,True,2,2,False
8,3,MONOTONIC_READS,normal,netem delay 25ms 25ms,QUORUM,ONE,cassandra3,cassandra2,False,2,2,False
8,4,MONOTONIC_READS,normal,netem delay 25ms 25ms,QUORUM,ONE,cassandra3,cassandra2,False,2,2,False
8,5,MONOTONIC_READS,normal,netem delay 25ms 25ms,QUORUM,ONE,cassandra3,cassandra2,False,2,2,False
9,1,MONOTONIC_READS,normal,netem delay 25ms 25ms,QUORUM,ONE,cassandra2,cassandra1,False,,2,False
9,2,MONOTONIC_READS,normal,netem delay 25ms 25ms,QUORUM,ONE,cassandra2,cassandra3,False,2,2,False
9,3,MONOTONIC_READS,normal,netem delay 25ms 25ms,QUORUM,ONE,cassandra2,cassandra2,True,2,2,False
9,4,MONOTONIC_READS,normal,netem delay 25ms 25ms,QUORUM,ONE,cassandra2,cassandra3,False,2,2,False
9,5,MONOTONIC_READS,normal,netem delay 25ms 25ms,QUORUM,ONE,cassandra2,cassandra2,True,2,2,False
10,1,MONOTONIC_READS,normal,netem delay 25ms 25ms,QUORUM,ONE,cassandra1,cassandra3,False,,2,False
10,2,MONOTONIC_READS,normal,netem delay 25ms 25ms,QUORUM,ONE,cassandra1,cassandra2,False,2,2,False
10,3,MONOTONIC_READS,normal,netem delay 25ms 25ms,QUORUM,ONE,cassandra1,cassandra2,False,2,2,False
10,4,MONOTONIC_READS,normal,netem delay 25ms 25ms,QUORUM,ONE,cassandra1,cassandra1,True,2,2,False
10,5,MONOTONIC_READS,normal,netem delay 25ms 25ms,QUORUM,ONE,cassandra1,cassandra2,False,2,2,False
11,1,MONOTONIC_READS,normal,netem delay 25ms 25ms,QUORUM,ONE,cassandra1,cassandra3,False,,2,False
11,2,MONOTONIC_READS,normal,netem delay 25ms 25ms,QUORUM,ONE,cassandra1,cassandra2,False,2,2,False
11,3,MONOTONIC_READS,normal,netem delay 25ms 25ms,QUORUM,ONE,cassandra1,cassandra1,True,2,2,False
11,4,MONOTONIC_READS,normal,netem delay 25ms 25ms,QUORUM,ONE,cassandra1,cassandra1,True,2,2,False
11,5,MONOTONIC_READS,normal,netem delay 25ms 25ms,QUORUM,ONE,cassandra1,cassandra1,True,2,2,False
12,1,MONOTONIC_READS,normal,netem delay 25ms 25ms,QUORUM,ONE,cassandra3,cassandra3,True,,2,False
12,2,MONOTONIC_READS,normal,netem delay 25ms 25ms,QUORUM,ONE,cassandra3,cassandra1,False,2,2,False
12,3,MONOTONIC_READS,normal,netem delay 25ms 25ms,QUORUM,ONE,cassandra3,cassandra3,True,2,2,False
12,4,MONOTONIC_READS,normal,netem delay 25ms 25ms,QUORUM,ONE,cassandra3,cassandra2,False,2,2,False
12,5,MONOTONIC_READS,normal,netem delay 25ms 25ms,QUORUM,ONE,cassandra3,cassandra1,False,2,2,False
13,1,MONOTONIC_READS,normal,netem delay 25ms 25ms,QUORUM,ONE,cassandra2,cassandra3,False,,2,False
13,2,MONOTONIC_READS,normal,netem delay 25ms 25ms,QUORUM,ONE,cassandra2,cassandra1,False,2,2,False
13,3,MONOTONIC_READS,normal,netem delay 25ms 25ms,QUORUM,ONE,cassandra2,cassandra1,False,2,2,False
13,4,MONOTONIC_READS,normal,netem delay 25ms 25ms,QUORUM,ONE,cassandra2,cassandra3,False,2,2,False
13,5,MONOTONIC_READS,normal,netem delay 25ms 25ms,QUORUM,ONE,cassandra2,cassandra3,False,2,2,False
14,1,MONOTONIC_READS,normal,netem delay 25ms 25ms,QUORUM,ONE,cassandra3,cassandra3,True,,2,False
14,2,MONOTONIC_READS,normal,netem delay 25ms 25ms,QUORUM,ONE,cassandra3,cassandra1,False,2,2,False
14,3,MONOTONIC_READS,normal,netem delay 25ms 25ms,QUORUM,ONE,cassandra3,cassandra3,True,2,2,False
14,4,MONOTONIC_READS,normal,netem delay 25ms 25ms,QUORUM,ONE,cassandra3,cassandra3,True,2,2,False
14,5,MONOTONIC_READS,normal,netem delay 25ms 25ms,QUORUM,ONE,cassandra3,cassandra3,True,2,2,False
15,1,MONOTONIC_READS,normal,netem delay 25ms 25ms,QUORUM,ONE,cassandra1,cassandra3,False,,2,False
15,2,MONOTONIC_READS,normal,netem delay 25ms 25ms,QUORUM,ONE,cassandra1,cassandra1,True,2,2,False
15,3,MONOTONIC_READS,normal,netem delay 25ms 25ms,QUORUM,ONE,cassandra1,cassandra3,False,2,2,False
15,4,MONOTONIC_READS,normal,netem delay 25ms 25ms,QUORUM,ONE,cassandra1,cassandra1,True,2,2,False
15,5,MONOTONIC_READS,normal,netem delay 25ms 25ms,QUORUM,ONE,cassandra1,cassandra2,False,2,2,False
16,1,MONOTONIC_READS,normal,netem delay 25ms 25ms,QUORUM,ONE,cassandra3,cassandra1,False,,2,False
16,2,MONOTONIC_READS,normal,netem delay 25ms 25ms,QUORUM,ONE,cassandra3,cassandra3,True,2,2,False
16,3,MONOTONIC_READS,normal,netem delay 25ms 25ms,QUORUM,ONE,cassandra3,cassandra2,False,2,2,False
16,4,MONOTONIC_READS,normal,netem delay 25ms 25ms,QUORUM,ONE,cassandra3,cassandra1,False,2,2,False
16,5,MONOTONIC_READS,normal,netem delay 25ms 25ms,QUORUM,ONE,cassandra3,cassandra3,True,2,2,False
17,1,MONOTONIC_READS,normal,netem delay 25ms 25ms,QUORUM,ONE,cassandra1,cassandra3,False,,2,False
17,2,MONOTONIC_READS,normal,netem delay 25ms 25ms,QUORUM,ONE,cassandra1,cassandra3,False,2,2,False
17,3,MONOTONIC_READS,normal,netem delay 25ms 25ms,QUORUM,ONE,cassandra1,cassandra1,True,2,2,False
17,4,MONOTONIC_READS,normal,netem delay 25ms 25ms,QUORUM,ONE,cassandra1,cassandra3,False,2,2,False
17,5,MONOTONIC_READS,normal,netem delay 25ms 25ms,QUORUM,ONE,cassandra1,cassandra1,True,2,2,False
18,1,MONOTONIC_READS,normal,netem delay 25ms 25ms,QUORUM,ONE,cassandra2,cassandra2,True,,2,False
18,2,MONOTONIC_READS,normal,netem delay 25ms 25ms,QUORUM,ONE,cassandra2,cassandra3,False,2,2,False
18,3,MONOTONIC_READS,normal,netem delay 25ms 25ms,QUORUM,ONE,cassandra2,cassandra2,True,2,2,False
18,4,MONOTONIC_READS,normal,netem delay 25ms 25ms,QUORUM,ONE,cassandra2,cassandra1,False,2,2,False
18,5,MONOTONIC_READS,normal,netem delay 25ms 25ms,QUORUM,ONE,cassandra2,cassandra3,False,2,2,False
19,1,MONOTONIC_READS,normal,netem delay 25ms 25ms,QUORUM,ONE,cassandra3,cassandra2,False,,2,False
19,2,MONOTONIC_READS,normal,netem delay 25ms 25ms,QUORUM,ONE,cassandra3,cassandra2,False,2,2,False
19,3,MONOTONIC_READS,normal,netem delay 25ms 25ms,QUORUM,ONE,cassandra3,cassandra2,False,2,2,False
19,4,MONOTONIC_READS,normal,netem delay 25ms 25ms,QUORUM,ONE,cassandra3,cassandra2,False,2,2,False
19,5,MONOTONIC_READS,normal,netem delay 25ms 25ms,QUORUM,ONE,cassandra3,cassandra1,False,2,2,False
20,1,MONOTONIC_READS,normal,netem delay 25ms 25ms,QUORUM,ONE,cassandra1,cassandra1,True,,2,False
20,2,MONOTONIC_READS,normal,netem delay 25ms 25ms,QUORUM,ONE,cassandra1,cassandra1,True,2,2,False
20,3,MONOTONIC_READS,normal,netem delay 25ms 25ms,QUORUM,ONE,cassandra1,cassandra3,False,2,2,False
20,4,MONOTONIC_READS,normal,netem delay 25ms 25ms,QUORUM,ONE,cassandra1,cassandra2,False,2,2,False
20,5,MONOTONIC_READS,normal,netem delay 25ms 25ms,QUORUM,ONE,cassandra1,cassandra3,False,2,2,False
21,1,MONOTONIC_READS,normal,netem delay 25ms 25ms,QUORUM,ONE,cassandra3,cassandra3,True,,2,False
21,2,MONOTONIC_READS,normal,netem delay 25ms 25ms,QUORUM,ONE,cassandra3,cassandra1,False,2,2,False
21,3,MONOTONIC_READS,normal,netem delay 25ms 25ms,QUORUM,ONE,cassandra3,cassandra3,True,2,2,False
21,4,MONOTONIC_READS,normal,netem delay 25ms 25ms,QUORUM,ONE,cassandra3,cassandra2,False,2,2,False
21,5,MONOTONIC_READS,normal,netem delay 25ms 25ms,QUORUM,ONE,cassandra3,cassandra3,True,2,2,False
22,1,MONOTONIC_READS,normal,netem delay 25ms 25ms,QUORUM,ONE,cassandra3,cassandra1,False,,2,False
22,2,MONOTONIC_READS,normal,netem delay 25ms 25ms,QUORUM,ONE,cassandra3,cassandra2,False,2,2,False
22,3,MONOTONIC_READS,normal,netem delay 25ms 25ms,QUORUM,ONE,cassandra3,cassandra1,False,2,2,False
22,4,MONOTONIC_READS,normal,netem delay 25ms 25ms,QUORUM,ONE,cassandra3,cassandra2,False,2,2,False
22,5,MONOTONIC_READS,normal,netem delay 25ms 25ms,QUORUM,ONE,cassandra3,cassandra1,False,2,2,False
23,1,MONOTONIC_READS,normal,netem delay 25ms 25ms,QUORUM,ONE,cassandra1,cassandra3,False,,2,False
23,2,MONOTONIC_READS,normal,netem delay 25ms 25ms,QUORUM,ONE,cassandra1,cassandra3,False,2,2,False
23,3,MONOTONIC_READS,normal,netem delay 25ms 25ms,QUORUM,ONE,cassandra1,cassandra1,True,2,2,False
23,4,MONOTONIC_READS,normal,netem delay 25ms 25ms,QUORUM,ONE,cassandra1,cassandra2,False,2,2,False
23,5,MONOTONIC_READS,normal,netem delay 25ms 25ms,QUORUM,ONE,cassandra1,cassandra3,False,2,2,False
24,1,MONOTONIC_READS,normal,netem delay 25ms 25ms,QUORUM,ONE,cassandra2,cassandra1,False,,2,False
24,2,MONOTONIC_READS,normal,netem delay 25ms 25ms,QUORUM,ONE,cassandra2,cassandra3,False,2,2,False
24,3,MONOTONIC_READS,normal,netem delay 25ms 25ms,QUORUM,ONE,cassandra2,cassandra2,True,2,2,False
24,4,MONOTONIC_READS,normal,netem delay 25ms 25ms,QUORUM,ONE,cassandra2,cassandra3,False,2,2,False
24,5,MONOTONIC_READS,normal,netem delay 25ms 25ms,QUORUM,ONE,cassandra2,cassandra3,False,2,2,False
25,1,MONOTONIC_READS,normal,netem delay 25ms 25ms,QUORUM,ONE,cassandra3,cassandra3,True,,2,False
25,2,MONOTONIC_READS,normal,netem delay 25ms 25ms,QUORUM,ONE,cassandra3,cassandra1,False,2,2,False
25,3,MONOTONIC_READS,normal,netem delay 25ms 25ms,QUORUM,ONE,cassandra3,cassandra2,False,2,2,False
25,4,MONOTONIC_READS,normal,netem delay 25ms 25ms,QUORUM,ONE,cassandra3,cassandra3,True,2,2,False
25,5,MONOTONIC_READS,normal,netem delay 25ms 25ms,QUORUM,ONE,cassandra3,cassandra3,True,2,2,False
26,1,MONOTONIC_READS,normal,netem delay 25ms 25ms,QUORUM,ONE,cassandra2,cassandra2,True,,2,False
26,2,MONOTONIC_READS,normal,netem delay 25ms 25ms,QUORUM,ONE,cassandra2,cassandra2,True,2,2,False
26,3,MONOTONIC_READS,normal,netem delay 25ms 25ms,QUORUM,ONE,cassandra2,cassandra2,True,2,2,False
26,4,MONOTONIC_READS,normal,netem delay 25ms 25ms,QUORUM,ONE,cassandra2,cassandra1,False,2,2,False
26,5,MONOTONIC_READS,normal,netem delay 25ms 25ms,QUORUM,ONE,cassandra2,cassandra2,True,2,2,False
27,1,MONOTONIC_READS,normal,netem delay 25ms 25ms,QUORUM,ONE,cassandra2,cassandra2,True,,2,False
27,2,MONOTONIC_READS,normal,netem delay 25ms 25ms,QUORUM,ONE,cassandra2,cassandra3,False,2,2,False
27,3,MONOTONIC_READS,normal,netem delay 25ms 25ms,QUORUM,ONE,cassandra2,cassandra2,True,2,2,False
27,4,MONOTONIC_READS,normal,netem delay 25ms 25ms,QUORUM,ONE,cassandra2,cassandra1,False,2,2,False
27,5,MONOTONIC_READS,normal,netem delay 25ms 25ms,QUORUM,ONE,cassandra2,cassandra2,True,2,2,False
28,1,MONOTONIC_READS,normal,netem delay 25ms 25ms,QUORUM,ONE,cassandra3,cassandra3,True,,2,False
28,2,MONOTONIC_READS,normal,netem delay 25ms 25ms,QUORUM,ONE,cassandra3,cassandra3,True,2,2,False
28,3,MONOTONIC_READS,normal,netem delay 25ms 25ms,QUORUM,ONE,cassandra3,cassandra3,True,2,2,False
28,4,MONOTONIC_READS,normal,netem delay 25ms 25ms,QUORUM,ONE,cassandra3,cassandra3,True,2,2,False
28,5,MONOTONIC_READS,normal,netem delay 25ms 25ms,QUORUM,ONE,cassandra3,cassandra1,False,2,2,False
29,1,MONOTONIC_READS,normal,netem delay 25ms 25ms,QUORUM,ONE,cassandra3,cassandra1,False,,2,False
29,2,MONOTONIC_READS,normal,netem delay 25ms 25ms,QUORUM,ONE,cassandra3,cassandra3,True,2,2,False
29,3,MONOTONIC_READS,normal,netem delay 25ms 25ms,QUORUM,ONE,cassandra3,cassandra1,False,2,2,False
29,4,MONOTONIC_READS,normal,netem delay 25ms 25ms,QUORUM,ONE,cassandra3,cassandra1,False,2,2,False
29,5,MONOTONIC_READS,normal,netem delay 25ms 25ms,QUORUM,ONE,cassandra3,cassandra3,True,2,2,False
30,1,MONOTONIC_READS,normal,netem delay 25ms 25ms,QUORUM,ONE,cassandra3,cassandra1,False,,2,False
30,2,MONOTONIC_READS,normal,netem delay 25ms 25ms,QUORUM,ONE,cassandra3,cassandra2,False,2,2,False
30,3,MONOTONIC_READS,normal,netem delay 25ms 25ms,QUORUM,ONE,cassandra3,cassandra2,False,2,2,False
30,4,MONOTONIC_READS,normal,netem delay 25ms 25ms,QUORUM,ONE,cassandra3,cassandra3,True,2,2,False
30,5,MONOTONIC_READS,normal,netem delay 25ms 25ms,QUORUM,ONE,cassandra3,cassandra2,False,2,2,False
31,1,MONOTONIC_READS,normal,netem delay 25ms 25ms,QUORUM,ONE,cassandra3,cassandra3,True,,2,False
31,2,MONOTONIC_READS,normal,netem delay 25ms 25ms,QUORUM,ONE,cassandra3,cassandra3,True,2,2,False
31,3,MONOTONIC_READS,normal,netem delay 25ms 25ms,QUORUM,ONE,cassandra3,cassandra3,True,2,2,False
31,4,MONOTONIC_READS,normal,netem delay 25ms 25ms,QUORUM,ONE,cassandra3,cassandra1,False,2,2,False
31,5,MONOTONIC_READS,normal,netem delay 25ms 25ms,QUORUM,ONE,cassandra3,cassandra2,False,2,2,False
32,1,MONOTONIC_READS,normal,netem delay 25ms 25ms,QUORUM,ONE,cassandra1,cassandra3,False,,2,False
32,2,MONOTONIC_READS,normal,netem delay 25ms 25ms,QUORUM,ONE,cassandra1,cassandra3,False,2,2,False
32,3,MONOTONIC_READS,normal,netem delay 25ms 25ms,QUORUM,ONE,cassandra1,cassandra1,True,2,2,False
32,4,MONOTONIC_READS,normal,netem delay 25ms 25ms,QUORUM,ONE,cassandra1,cassandra3,False,2,2,False
32,5,MONOTONIC_READS,normal,netem delay 25ms 25ms,QUORUM,ONE,cassandra1,cassandra2,False,2,2,False
33,1,MONOTONIC_READS,normal,netem delay 25ms 25ms,QUORUM,ONE,cassandra3,cassandra1,False,,2,False
33,2,MONOTONIC_READS,normal,netem delay 25ms 25ms,QUORUM,ONE,cassandra3,cassandra1,False,2,2,False
33,3,MONOTONIC_READS,normal,netem delay 25ms 25ms,QUORUM,ONE,cassandra3,cassandra1,False,2,2,False
33,4,MONOTONIC_READS,normal,netem delay 25ms 25ms,QUORUM,ONE,cassandra3,cassandra2,False,2,2,False
33,5,MONOTONIC_READS,normal,netem delay 25ms 25ms,QUORUM,ONE,cassandra3,cassandra3,True,2,2,False
34,1,MONOTONIC_READS,normal,netem delay 25ms 25ms,QUORUM,ONE,cassandra2,cassandra2,True,,2,False
34,2,MONOTONIC_READS,normal,netem delay 25ms 25ms,QUORUM,ONE,cassandra2,cassandra3,False,2,2,False
34,3,MONOTONIC_READS,normal,netem delay 25ms 25ms,QUORUM,ONE,cassandra2,cassandra2,True,2,2,False
34,4,MONOTONIC_READS,normal,netem delay 25ms 25ms,QUORUM,ONE,cassandra2,cassandra3,False,2,2,False
34,5,MONOTONIC_READS,normal,netem delay 25ms 25ms,QUORUM,ONE,cassandra2,cassandra3,False,2,2,False
35,1,MONOTONIC_READS,normal,netem delay 25ms 25ms,QUORUM,ONE,cassandra2,cassandra3,False,,2,False
35,2,MONOTONIC_READS,normal,netem delay 25ms 25ms,QUORUM,ONE,cassandra2,cassandra1,False,2,2,False
35,3,MONOTONIC_READS,normal,netem delay 25ms 25ms,QUORUM,ONE,cassandra2,cassandra2,True,2,2,False
35,4,MONOTONIC_READS,normal,netem delay 25ms 25ms,QUORUM,ONE,cassandra2,cassandra2,True,2,2,False
35,5,MONOTONIC_READS,normal,netem delay 25ms 25ms,QUORUM,ONE,cassandra2,cassandra1,False,2,2,False
36,1,MONOTONIC_READS,normal,netem delay 25ms 25ms,QUORUM,ONE,cassandra2,cassandra3,False,,2,False
36,2,MONOTONIC_READS,normal,netem delay 25ms 25ms,QUORUM,ONE,cassandra2,cassandra1,False,2,2,False
36,3,MONOTONIC_READS,normal,netem delay 25ms 25ms,QUORUM,ONE,cassandra2,cassandra3,False,2,2,False
36,4,MONOTONIC_READS,normal,netem delay 25ms 25ms,QUORUM,ONE,cassandra2,cassandra2,True,2,2,False
36,5,MONOTONIC_READS,normal,netem delay 25ms 25ms,QUORUM,ONE,cassandra2,cassandra1,False,2,2,False
37,1,MONOTONIC_READS,normal,netem delay 25ms 25ms,QUORUM,ONE,cassandra1,cassandra3,False,,1,False
37,2,MONOTONIC_READS,normal,netem delay 25ms 25ms,QUORUM,ONE,cassandra1,cassandra1,True,1,2,False
37,3,MONOTONIC_READS,normal,netem delay 25ms 25ms,QUORUM,ONE,cassandra1,cassandra1,True,2,2,False
37,4,MONOTONIC_READS,normal,netem delay 25ms 25ms,QUORUM,ONE,cassandra1,cassandra2,False,2,2,False
37,5,MONOTONIC_READS,normal,netem delay 25ms 25ms,QUORUM,ONE,cassandra1,cassandra2,False,2,2,False
38,1,MONOTONIC_READS,normal,netem delay 25ms 25ms,QUORUM,ONE,cassandra3,cassandra2,False,,2,False
38,2,MONOTONIC_READS,normal,netem delay 25ms 25ms,QUORUM,ONE,cassandra3,cassandra2,False,2,2,False
38,3,MONOTONIC_READS,normal,netem delay 25ms 25ms,QUORUM,ONE,cassandra3,cassandra1,False,2,2,False
38,4,MONOTONIC_READS,normal,netem delay 25ms 25ms,QUORUM,ONE,cassandra3,cassandra3,True,2,2,False
38,5,MONOTONIC_READS,normal,netem delay 25ms 25ms,QUORUM,ONE,cassandra3,cassandra1,False,2,2,False
39,1,MONOTONIC_READS,normal,netem delay 25ms 25ms,QUORUM,ONE,cassandra3,cassandra3,True,,2,False
39,2,MONOTONIC_READS,normal,netem delay 25ms 25ms,QUORUM,ONE,cassandra3,cassandra3,True,2,2,False
39,3,MONOTONIC_READS,normal,netem delay 25ms 25ms,QUORUM,ONE,cassandra3,cassandra1,False,2,2,False
39,4,MONOTONIC_READS,normal,netem delay 25ms 25ms,QUORUM,ONE,cassandra3,cassandra2,False,2,2,False
39,5,MONOTONIC_READS,normal,netem delay 25ms 25ms,QUORUM,ONE,cassandra3,cassandra1,False,2,2,False
40,1,MONOTONIC_READS,normal,netem delay 25ms 25ms,QUORUM,ONE,cassandra1,cassandra3,False,,2,False
40,2,MONOTONIC_READS,normal,netem delay 25ms 25ms,QUORUM,ONE,cassandra1,cassandra2,False,2,2,False
40,3,MONOTONIC_READS,normal,netem delay 25ms 25ms,QUORUM,ONE,cassandra1,cassandra3,False,2,2,False
40,4,MONOTONIC_READS,normal,netem delay 25ms 25ms,QUORUM,ONE,cassandra1,cassandra3,False,2,2,False
40,5,MONOTONIC_READS,normal,netem delay 25ms 25ms,QUORUM,ONE,cassandra1,cassandra2,False,2,2,False
41,1,MONOTONIC_READS,normal,netem delay 25ms 25ms,QUORUM,ONE,cassandra3,cassandra3,True,,2,False
41,2,MONOTONIC_READS,normal,netem delay 25ms 25ms,QUORUM,ONE,cassandra3,cassandra2,False,2,2,False
41,3,MONOTONIC_READS,normal,netem delay 25ms 25ms,QUORUM,ONE,cassandra3,cassandra1,False,2,2,False
41,4,MONOTONIC_READS,normal,netem delay 25ms 25ms,QUORUM,ONE,cassandra3,cassandra2,False,2,2,False
41,5,MONOTONIC_READS,normal,netem delay 25ms 25ms,QUORUM,ONE,cassandra3,cassandra2,False,2,2,False
42,1,MONOTONIC_READS,normal,netem delay 25ms 25ms,QUORUM,ONE,cassandra3,cassandra2,False,,2,False
42,2,MONOTONIC_READS,normal,netem delay 25ms 25ms,QUORUM,ONE,cassandra3,cassandra1,False,2,2,False
42,3,MONOTONIC_READS,normal,netem delay 25ms 25ms,QUORUM,ONE,cassandra3,cassandra1,False,2,2,False
42,4,MONOTONIC_READS,normal,netem delay 25ms 25ms,QUORUM,ONE,cassandra3,cassandra1,False,2,2,False
42,5,MONOTONIC_READS,normal,netem delay 25ms 25ms,QUORUM,ONE,cassandra3,cassandra1,False,2,2,False
43,1,MONOTONIC_READS,normal,netem delay 25ms 25ms,QUORUM,ONE,cassandra3,cassandra2,False,,1,False
43,2,MONOTONIC_READS,normal,netem delay 25ms 25ms,QUORUM,ONE,cassandra3,cassandra3,True,1,2,False
43,3,MONOTONIC_READS,normal,netem delay 25ms 25ms,QUORUM,ONE,cassandra3,cassandra2,False,2,2,False
43,4,MONOTONIC_READS,normal,netem delay 25ms 25ms,QUORUM,ONE,cassandra3,cassandra1,False,2,2,False
43,5,MONOTONIC_READS,normal,netem delay 25ms 25ms,QUORUM,ONE,cassandra3,cassandra2,False,2,2,False
44,1,MONOTONIC_READS,normal,netem delay 25ms 25ms,QUORUM,ONE,cassandra2,cassandra1,False,,2,False
44,2,MONOTONIC_READS,normal,netem delay 25ms 25ms,QUORUM,ONE,cassandra2,cassandra3,False,2,2,False
44,3,MONOTONIC_READS,normal,netem delay 25ms 25ms,QUORUM,ONE,cassandra2,cassandra1,False,2,2,False
44,4,MONOTONIC_READS,normal,netem delay 25ms 25ms,QUORUM,ONE,cassandra2,cassandra2,True,2,2,False
44,5,MONOTONIC_READS,normal,netem delay 25ms 25ms,QUORUM,ONE,cassandra2,cassandra3,False,2,2,False
45,1,MONOTONIC_READS,normal,netem delay 25ms 25ms,QUORUM,ONE,cassandra3,cassandra3,True,,2,False
45,2,MONOTONIC_READS,normal,netem delay 25ms 25ms,QUORUM,ONE,cassandra3,cassandra1,False,2,2,False
45,3,MONOTONIC_READS,normal,netem delay 25ms 25ms,QUORUM,ONE,cassandra3,cassandra2,False,2,2,False
45,4,MONOTONIC_READS,normal,netem delay 25ms 25ms,QUORUM,ONE,cassandra3,cassandra2,False,2,2,False
45,5,MONOTONIC_READS,normal,netem delay 25ms 25ms,QUORUM,ONE,cassandra3,cassandra3,True,2,2,False
46,1,MONOTONIC_READS,normal,netem delay 25ms 25ms,QUORUM,ONE,cassandra1,cassandra3,False,,2,False
46,2,MONOTONIC_READS,normal,netem delay 25ms 25ms,QUORUM,ONE,cassandra1,cassandra1,True,2,2,False
46,3,MONOTONIC_READS,normal,netem delay 25ms 25ms,QUORUM,ONE,cassandra1,cassandra2,False,2,2,False
46,4,MONOTONIC_READS,normal,netem delay 25ms 25ms,QUORUM,ONE,cassandra1,cassandra3,False,2,2,False
46,5,MONOTONIC_READS,normal,netem delay 25ms 25ms,QUORUM,ONE,cassandra1,cassandra1,True,2,2,False
47,1,MONOTONIC_READS,normal,netem delay 25ms 25ms,QUORUM,ONE,cassandra3,cassandra2,False,,2,False
47,2,MONOTONIC_READS,normal,netem delay 25ms 25ms,QUORUM,ONE,cassandra3,cassandra3,True,2,2,False
47,3,MONOTONIC_READS,normal,netem delay 25ms 25ms,QUORUM,ONE,cassandra3,cassandra1,False,2,2,False
47,4,MONOTONIC_READS,normal,netem delay 25ms 25ms,QUORUM,ONE,cassandra3,cassandra1,False,2,2,False
47,5,MONOTONIC_READS,normal,netem delay 25ms 25ms,QUORUM,ONE,cassandra3,cassandra3,True,2,2,False
48,1,MONOTONIC_READS,normal,netem delay 25ms 25ms,QUORUM,ONE,cassandra1,cassandra3,False,,2,False
48,2,MONOTONIC_READS,normal,netem delay 25ms 25ms,QUORUM,ONE,cassandra1,cassandra2,False,2,2,False
48,3,MONOTONIC_READS,normal,netem delay 25ms 25ms,QUORUM,ONE,cassandra1,cassandra3,False,2,2,False
48,4,MONOTONIC_READS,normal,netem delay 25ms 25ms,QUORUM,ONE,cassandra1,cassandra3,False,2,2,False
48,5,MONOTONIC_READS,normal,netem delay 25ms 25ms,QUORUM,ONE,cassandra1,cassandra2,False,2,2,False
49,1,MONOTONIC_READS,normal,netem delay 25ms 25ms,QUORUM,ONE,cassandra1,cassandra2,False,,2,False
49,2,MONOTONIC_READS,normal,netem delay 25ms 25ms,QUORUM,ONE,cassandra1,cassandra3,False,2,2,False
49,3,MONOTONIC_READS,normal,netem delay 25ms 25ms,QUORUM,ONE,cassandra1,cassandra3,False,2,2,False
49,4,MONOTONIC_READS,normal,netem delay 25ms 25ms,QUORUM,ONE,cassandra1,cassandra1,True,2,2,False
49,5,MONOTONIC_READS,normal,netem delay 25ms 25ms,QUORUM,ONE,cassandra1,cassandra2,False,2,2,False
50,1,MONOTONIC_READS,normal,netem delay 25ms 25ms,QUORUM,ONE,cassandra3,cassandra1,False,,2,False
50,2,MONOTONIC_READS,normal,netem delay 25ms 25ms,QUORUM,ONE,cassandra3,cassandra3,True,2,2,False
50,3,MONOTONIC_READS,normal,netem delay 25ms 25ms,QUORUM,ONE,cassandra3,cassandra3,True,2,2,False
50,4,MONOTONIC_READS,normal,netem delay 25ms 25ms,QUORUM,ONE,cassandra3,cassandra1,False,2,2,False
50,5,MONOTONIC_READS,normal,netem delay 25ms 25ms,QUORUM,ONE,cassandra3,cassandra3,True,2,2,False
51,1,MONOTONIC_READS,normal,netem delay 25ms 25ms,QUORUM,ONE,cassandra3,cassandra1,False,,2,False
51,2,MONOTONIC_READS,normal,netem delay 25ms 25ms,QUORUM,ONE,cassandra3,cassandra3,True,2,2,False
51,3,MONOTONIC_READS,normal,netem delay 25ms 25ms,QUORUM,ONE,cassandra3,cassandra1,False,2,2,False
51,4,MONOTONIC_READS,normal,netem delay 25ms 25ms,QUORUM,ONE,cassandra3,cassandra1,False,2,2,False
51,5,MONOTONIC_READS,normal,netem delay 25ms 25ms,QUORUM,ONE,cassandra3,cassandra1,False,2,2,False
52,1,MONOTONIC_READS,normal,netem delay 25ms 25ms,QUORUM,ONE,cassandra2,cassandra2,True,,2,False
52,2,MONOTONIC_READS,normal,netem delay 25ms 25ms,QUORUM,ONE,cassandra2,cassandra2,True,2,2,False
52,3,MONOTONIC_READS,normal,netem delay 25ms 25ms,QUORUM,ONE,cassandra2,cassandra2,True,2,2,False
52,4,MONOTONIC_READS,normal,netem delay 25ms 25ms,QUORUM,ONE,cassandra2,cassandra3,False,2,2,False
52,5,MONOTONIC_READS,normal,netem delay 25ms 25ms,QUORUM,ONE,cassandra2,cassandra3,False,2,2,False
53,1,MONOTONIC_READS,normal,netem delay 25ms 25ms,QUORUM,ONE,cassandra1,cassandra1,True,,2,False
53,2,MONOTONIC_READS,normal,netem delay 25ms 25ms,QUORUM,ONE,cassandra1,cassandra3,False,2,2,False
53,3,MONOTONIC_READS,normal,netem delay 25ms 25ms,QUORUM,ONE,cassandra1,cassandra1,True,2,2,False
53,4,MONOTONIC_READS,normal,netem delay 25ms 25ms,QUORUM,ONE,cassandra1,cassandra1,True,2,2,False
53,5,MONOTONIC_READS,normal,netem delay 25ms 25ms,QUORUM,ONE,cassandra1,cassandra1,True,2,2,False
54,1,MONOTONIC_READS,normal,netem delay 25ms 25ms,QUORUM,ONE,cassandra2,cassandra3,False,,2,False
54,2,MONOTONIC_READS,normal,netem delay 25ms 25ms,QUORUM,ONE,cassandra2,cassandra3,False,2,2,False
54,3,MONOTONIC_READS,normal,netem delay 25ms 25ms,QUORUM,ONE,cassandra2,cassandra3,False,2,2,False
54,4,MONOTONIC_READS,normal,netem delay 25ms 25ms,QUORUM,ONE,cassandra2,cassandra1,False,2,2,False
54,5,MONOTONIC_READS,normal,netem delay 25ms 25ms,QUORUM,ONE,cassandra2,cassandra3,False,2,2,False
55,1,MONOTONIC_READS,normal,netem delay 25ms 25ms,QUORUM,ONE,cassandra3,cassandra2,False,,2,False
55,2,MONOTONIC_READS,normal,netem delay 25ms 25ms,QUORUM,ONE,cassandra3,cassandra2,False,2,2,False
55,3,MONOTONIC_READS,normal,netem delay 25ms 25ms,QUORUM,ONE,cassandra3,cassandra1,False,2,2,False
55,4,MONOTONIC_READS,normal,netem delay 25ms 25ms,QUORUM,ONE,cassandra3,cassandra2,False,2,2,False
55,5,MONOTONIC_READS,normal,netem delay 25ms 25ms,QUORUM,ONE,cassandra3,cassandra2,False,2,2,False
56,1,MONOTONIC_READS,normal,netem delay 25ms 25ms,QUORUM,ONE,cassandra1,cassandra3,False,,2,False
56,2,MONOTONIC_READS,normal,netem delay 25ms 25ms,QUORUM,ONE,cassandra1,cassandra2,False,2,2,False
56,3,MONOTONIC_READS,normal,netem delay 25ms 25ms,QUORUM,ONE,cassandra1,cassandra1,True,2,2,False
56,4,MONOTONIC_READS,normal,netem delay 25ms 25ms,QUORUM,ONE,cassandra1,cassandra1,True,2,2,False
56,5,MONOTONIC_READS,normal,netem delay 25ms 25ms,QUORUM,ONE,cassandra1,cassandra1,True,2,2,False
57,1,MONOTONIC_READS,normal,netem delay 25ms 25ms,QUORUM,ONE,cassandra3,cassandra2,False,,2,False
57,2,MONOTONIC_READS,normal,netem delay 25ms 25ms,QUORUM,ONE,cassandra3,cassandra3,True,2,2,False
57,3,MONOTONIC_READS,normal,netem delay 25ms 25ms,QUORUM,ONE,cassandra3,cassandra1,False,2,2,False
57,4,MONOTONIC_READS,normal,netem delay 25ms 25ms,QUORUM,ONE,cassandra3,cassandra2,False,2,2,False
57,5,MONOTONIC_READS,normal,netem delay 25ms 25ms,QUORUM,ONE,cassandra3,cassandra2,False,2,2,False
58,1,MONOTONIC_READS,normal,netem delay 25ms 25ms,QUORUM,ONE,cassandra3,cassandra2,False,,2,False
58,2,MONOTONIC_READS,normal,netem delay 25ms 25ms,QUORUM,ONE,cassandra3,cassandra2,False,2,2,False
58,3,MONOTONIC_READS,normal,netem delay 25ms 25ms,QUORUM,ONE,cassandra3,cassandra1,False,2,2,False
58,4,MONOTONIC_READS,normal,netem delay 25ms 25ms,QUORUM,ONE,cassandra3,cassandra3,True,2,2,False
58,5,MONOTONIC_READS,normal,netem delay 25ms 25ms,QUORUM,ONE,cassandra3,cassandra1,False,2,2,False
59,1,MONOTONIC_READS,normal,netem delay 25ms 25ms,QUORUM,ONE,cassandra2,cassandra3,False,,2,False
59,2,MONOTONIC_READS,normal,netem delay 25ms 25ms,QUORUM,ONE,cassandra2,cassandra1,False,2,2,False
59,3,MONOTONIC_READS,normal,netem delay 25ms 25ms,QUORUM,ONE,cassandra2,cassandra3,False,2,2,False
59,4,MONOTONIC_READS,normal,netem delay 25ms 25ms,QUORUM,ONE,cassandra2,cassandra1,False,2,2,False
59,5,MONOTONIC_READS,normal,netem delay 25ms 25ms,QUORUM,ONE,cassandra2,cassandra1,False,2,2,False
60,1,MONOTONIC_READS,normal,netem delay 25ms 25ms,QUORUM,ONE,cassandra1,cassandra3,False,,2,False
60,2,MONOTONIC_READS,normal,netem delay 25ms 25ms,QUORUM,ONE,cassandra1,cassandra1,True,2,2,False
60,3,MONOTONIC_READS,normal,netem delay 25ms 25ms,QUORUM,ONE,cassandra1,cassandra1,True,2,2,False
60,4,MONOTONIC_READS,normal,netem delay 25ms 25ms,QUORUM,ONE,cassandra1,cassandra3,False,2,2,False
60,5,MONOTONIC_READS,normal,netem delay 25ms 25ms,QUORUM,ONE,cassandra1,cassandra2,False,2,2,False
61,1,MONOTONIC_READS,normal,netem delay 25ms 25ms,QUORUM,ONE,cassandra2,cassandra3,False,,2,False
61,2,MONOTONIC_READS,normal,netem delay 25ms 25ms,QUORUM,ONE,cassandra2,cassandra3,False,2,2,False
61,3,MONOTONIC_READS,normal,netem delay 25ms 25ms,QUORUM,ONE,cassandra2,cassandra1,False,2,2,False
61,4,MONOTONIC_READS,normal,netem delay 25ms 25ms,QUORUM,ONE,cassandra2,cassandra3,False,2,2,False
61,5,MONOTONIC_READS,normal,netem delay 25ms 25ms,QUORUM,ONE,cassandra2,cassandra3,False,2,2,False
62,1,MONOTONIC_READS,normal,netem delay 25ms 25ms,QUORUM,ONE,cassandra3,cassandra3,True,,2,False
62,2,MONOTONIC_READS,normal,netem delay 25ms 25ms,QUORUM,ONE,cassandra3,cassandra2,False,2,2,False
62,3,MONOTONIC_READS,normal,netem delay 25ms 25ms,QUORUM,ONE,cassandra3,cassandra1,False,2,2,False
62,4,MONOTONIC_READS,normal,netem delay 25ms 25ms,QUORUM,ONE,cassandra3,cassandra1,False,2,2,False
62,5,MONOTONIC_READS,normal,netem delay 25ms 25ms,QUORUM,ONE,cassandra3,cassandra1,False,2,2,False
63,1,MONOTONIC_READS,normal,netem delay 25ms 25ms,QUORUM,ONE,cassandra1,cassandra1,True,,2,False
63,2,MONOTONIC_READS,normal,netem delay 25ms 25ms,QUORUM,ONE,cassandra1,cassandra2,False,2,2,False
63,3,MONOTONIC_READS,normal,netem delay 25ms 25ms,QUORUM,ONE,cassandra1,cassandra2,False,2,2,False
63,4,MONOTONIC_READS,normal,netem delay 25ms 25ms,QUORUM,ONE,cassandra1,cassandra2,False,2,2,False
63,5,MONOTONIC_READS,normal,netem delay 25ms 25ms,QUORUM,ONE,cassandra1,cassandra3,False,2,2,False
64,1,MONOTONIC_READS,normal,netem delay 25ms 25ms,QUORUM,ONE,cassandra1,cassandra1,True,,2,False
64,2,MONOTONIC_READS,normal,netem delay 25ms 25ms,QUORUM,ONE,cassandra1,cassandra1,True,2,2,False
64,3,MONOTONIC_READS,normal,netem delay 25ms 25ms,QUORUM,ONE,cassandra1,cassandra1,True,2,2,False
64,4,MONOTONIC_READS,normal,netem delay 25ms 25ms,QUORUM,ONE,cassandra1,cassandra1,True,2,2,False
64,5,MONOTONIC_READS,normal,netem delay 25ms 25ms,QUORUM,ONE,cassandra1,cassandra2,False,2,2,False
65,1,MONOTONIC_READS,normal,netem delay 25ms 25ms,QUORUM,ONE,cassandra1,cassandra1,True,,2,False
65,2,MONOTONIC_READS,normal,netem delay 25ms 25ms,QUORUM,ONE,cassandra1,cassandra2,False,2,2,False
65,3,MONOTONIC_READS,normal,netem delay 25ms 25ms,QUORUM,ONE,cassandra1,cassandra3,False,2,2,False
65,4,MONOTONIC_READS,normal,netem delay 25ms 25ms,QUORUM,ONE,cassandra1,cassandra3,False,2,2,False
65,5,MONOTONIC_READS,normal,netem delay 25ms 25ms,QUORUM,ONE,cassandra1,cassandra1,True,2,2,False
66,1,MONOTONIC_READS,normal,netem delay 25ms 25ms,QUORUM,ONE,cassandra2,cassandra3,False,,2,False
66,2,MONOTONIC_READS,normal,netem delay 25ms 25ms,QUORUM,ONE,cassandra2,cassandra2,True,2,2,False
66,3,MONOTONIC_READS,normal,netem delay 25ms 25ms,QUORUM,ONE,cassandra2,cassandra2,True,2,2,False
66,4,MONOTONIC_READS,normal,netem delay 25ms 25ms,QUORUM,ONE,cassandra2,cassandra2,True,2,2,False
66,5,MONOTONIC_READS,normal,netem delay 25ms 25ms,QUORUM,ONE,cassandra2,cassandra2,True,2,2,False
67,1,MONOTONIC_READS,normal,netem delay 25ms 25ms,QUORUM,ONE,cassandra3,cassandra2,False,,2,False
67,2,MONOTONIC_READS,normal,netem delay 25ms 25ms,QUORUM,ONE,cassandra3,cassandra3,True,2,2,False
67,3,MONOTONIC_READS,normal,netem delay 25ms 25ms,QUORUM,ONE,cassandra3,cassandra3,True,2,2,False
67,4,MONOTONIC_READS,normal,netem delay 25ms 25ms,QUORUM,ONE,cassandra3,cassandra3,True,2,2,False
67,5,MONOTONIC_READS,normal,netem delay 25ms 25ms,QUORUM,ONE,cassandra3,cassandra1,False,2,2,False
68,1,MONOTONIC_READS,normal,netem delay 25ms 25ms,QUORUM,ONE,cassandra1,cassandra2,False,,2,False
68,2,MONOTONIC_READS,normal,netem delay 25ms 25ms,QUORUM,ONE,cassandra1,cassandra3,False,2,2,False
68,3,MONOTONIC_READS,normal,netem delay 25ms 25ms,QUORUM,ONE,cassandra1,cassandra1,True,2,2,False
68,4,MONOTONIC_READS,normal,netem delay 25ms 25ms,QUORUM,ONE,cassandra1,cassandra1,True,2,2,False
68,5,MONOTONIC_READS,normal,netem delay 25ms 25ms,QUORUM,ONE,cassandra1,cassandra2,False,2,2,False
69,1,MONOTONIC_READS,normal,netem delay 25ms 25ms,QUORUM,ONE,cassandra1,cassandra3,False,,2,False
69,2,MONOTONIC_READS,normal,netem delay 25ms 25ms,QUORUM,ONE,cassandra1,cassandra1,True,2,2,False
69,3,MONOTONIC_READS,normal,netem delay 25ms 25ms,QUORUM,ONE,cassandra1,cassandra2,False,2,2,False
69,4,MONOTONIC_READS,normal,netem delay 25ms 25ms,QUORUM,ONE,cassandra1,cassandra3,False,2,2,False
69,5,MONOTONIC_READS,normal,netem delay 25ms 25ms,QUORUM,ONE,cassandra1,cassandra1,True,2,2,False
70,1,MONOTONIC_READS,normal,netem delay 25ms 25ms,QUORUM,ONE,cassandra3,cassandra1,False,,2,False
70,2,MONOTONIC_READS,normal,netem delay 25ms 25ms,QUORUM,ONE,cassandra3,cassandra1,False,2,2,False
70,3,MONOTONIC_READS,normal,netem delay 25ms 25ms,QUORUM,ONE,cassandra3,cassandra2,False,2,2,False
70,4,MONOTONIC_READS,normal,netem delay 25ms 25ms,QUORUM,ONE,cassandra3,cassandra3,True,2,2,False
70,5,MONOTONIC_READS,normal,netem delay 25ms 25ms,QUORUM,ONE,cassandra3,cassandra1,False,2,2,False
71,1,MONOTONIC_READS,normal,netem delay 25ms 25ms,QUORUM,ONE,cassandra1,cassandra2,False,,2,False
71,2,MONOTONIC_READS,normal,netem delay 25ms 25ms,QUORUM,ONE,cassandra1,cassandra1,True,2,2,False
71,3,MONOTONIC_READS,normal,netem delay 25ms 25ms,QUORUM,ONE,cassandra1,cassandra3,False,2,2,False
71,4,MONOTONIC_READS,normal,netem delay 25ms 25ms,QUORUM,ONE,cassandra1,cassandra3,False,2,2,False
71,5,MONOTONIC_READS,normal,netem delay 25ms 25ms,QUORUM,ONE,cassandra1,cassandra2,False,2,2,False
72,1,MONOTONIC_READS,normal,netem delay 25ms 25ms,QUORUM,ONE,cassandra1,cassandra1,True,,2,False
72,2,MONOTONIC_READS,normal,netem delay 25ms 25ms,QUORUM,ONE,cassandra1,cassandra3,False,2,2,False
72,3,MONOTONIC_READS,normal,netem delay 25ms 25ms,QUORUM,ONE,cassandra1,cassandra3,False,2,2,False
72,4,MONOTONIC_READS,normal,netem delay 25ms 25ms,QUORUM,ONE,cassandra1,cassandra2,False,2,2,False
72,5,MONOTONIC_READS,normal,netem delay 25ms 25ms,QUORUM,ONE,cassandra1,cassandra2,False,2,2,False
73,1,MONOTONIC_READS,normal,netem delay 25ms 25ms,QUORUM,ONE,cassandra2,cassandra3,False,,2,False
73,2,MONOTONIC_READS,normal,netem delay 25ms 25ms,QUORUM,ONE,cassandra2,cassandra1,False,2,2,False
73,3,MONOTONIC_READS,normal,netem delay 25ms 25ms,QUORUM,ONE,cassandra2,cassandra2,True,2,2,False
73,4,MONOTONIC_READS,normal,netem delay 25ms 25ms,QUORUM,ONE,cassandra2,cassandra3,False,2,2,False
73,5,MONOTONIC_READS,normal,netem delay 25ms 25ms,QUORUM,ONE,cassandra2,cassandra1,False,2,2,False
74,1,MONOTONIC_READS,normal,netem delay 25ms 25ms,QUORUM,ONE,cassandra2,cassandra3,False,,2,False
74,2,MONOTONIC_READS,normal,netem delay 25ms 25ms,QUORUM,ONE,cassandra2,cassandra1,False,2,2,False
74,3,MONOTONIC_READS,normal,netem delay 25ms 25ms,QUORUM,ONE,cassandra2,cassandra3,False,2,2,False
74,4,MONOTONIC_READS,normal,netem delay 25ms 25ms,QUORUM,ONE,cassandra2,cassandra2,True,2,2,False
74,5,MONOTONIC_READS,normal,netem delay 25ms 25ms,QUORUM,ONE,cassandra2,cassandra2,True,2,2,False
75,1,MONOTONIC_READS,normal,netem delay 25ms 25ms,QUORUM,ONE,cassandra1,cassandra2,False,,2,False
75,2,MONOTONIC_READS,normal,netem delay 25ms 25ms,QUORUM,ONE,cassandra1,cassandra2,False,2,2,False
75,3,MONOTONIC_READS,normal,netem delay 25ms 25ms,QUORUM,ONE,cassandra1,cassandra3,False,2,2,False
75,4,MONOTONIC_READS,normal,netem delay 25ms 25ms,QUORUM,ONE,cassandra1,cassandra3,False,2,2,False
75,5,MONOTONIC_READS,normal,netem delay 25ms 25ms,QUORUM,ONE,cassandra1,cassandra2,False,2,2,False
76,1,MONOTONIC_READS,normal,netem delay 25ms 25ms,QUORUM,ONE,cassandra3,cassandra2,False,,2,False
76,2,MONOTONIC_READS,normal,netem delay 25ms 25ms,QUORUM,ONE,cassandra3,cassandra3,True,2,2,False
76,3,MONOTONIC_READS,normal,netem delay 25ms 25ms,QUORUM,ONE,cassandra3,cassandra1,False,2,2,False
76,4,MONOTONIC_READS,normal,netem delay 25ms 25ms,QUORUM,ONE,cassandra3,cassandra2,False,2,2,False
76,5,MONOTONIC_READS,normal,netem delay 25ms 25ms,QUORUM,ONE,cassandra3,cassandra1,False,2,2,False
77,1,MONOTONIC_READS,normal,netem delay 25ms 25ms,QUORUM,ONE,cassandra1,cassandra3,False,,2,False
77,2,MONOTONIC_READS,normal,netem delay 25ms 25ms,QUORUM,ONE,cassandra1,cassandra2,False,2,2,False
77,3,MONOTONIC_READS,normal,netem delay 25ms 25ms,QUORUM,ONE,cassandra1,cassandra2,False,2,2,False
77,4,MONOTONIC_READS,normal,netem delay 25ms 25ms,QUORUM,ONE,cassandra1,cassandra2,False,2,2,False
77,5,MONOTONIC_READS,normal,netem delay 25ms 25ms,QUORUM,ONE,cassandra1,cassandra2,False,2,2,False
78,1,MONOTONIC_READS,normal,netem delay 25ms 25ms,QUORUM,ONE,cassandra3,cassandra2,False,,2,False
78,2,MONOTONIC_READS,normal,netem delay 25ms 25ms,QUORUM,ONE,cassandra3,cassandra1,False,2,2,False
78,3,MONOTONIC_READS,normal,netem delay 25ms 25ms,QUORUM,ONE,cassandra3,cassandra1,False,2,2,False
78,4,MONOTONIC_READS,normal,netem delay 25ms 25ms,QUORUM,ONE,cassandra3,cassandra2,False,2,2,False
78,5,MONOTONIC_READS,normal,netem delay 25ms 25ms,QUORUM,ONE,cassandra3,cassandra2,False,2,2,False
79,1,MONOTONIC_READS,normal,netem delay 25ms 25ms,QUORUM,ONE,cassandra3,cassandra1,False,,2,False
79,2,MONOTONIC_READS,normal,netem delay 25ms 25ms,QUORUM,ONE,cassandra3,cassandra2,False,2,2,False
79,3,MONOTONIC_READS,normal,netem delay 25ms 25ms,QUORUM,ONE,cassandra3,cassandra1,False,2,2,False
79,4,MONOTONIC_READS,normal,netem delay 25ms 25ms,QUORUM,ONE,cassandra3,cassandra2,False,2,2,False
79,5,MONOTONIC_READS,normal,netem delay 25ms 25ms,QUORUM,ONE,cassandra3,cassandra1,False,2,2,False
80,1,MONOTONIC_READS,normal,netem delay 25ms 25ms,QUORUM,ONE,cassandra1,cassandra1,True,,2,False
80,2,MONOTONIC_READS,normal,netem delay 25ms 25ms,QUORUM,ONE,cassandra1,cassandra1,True,2,2,False
80,3,MONOTONIC_READS,normal,netem delay 25ms 25ms,QUORUM,ONE,cassandra1,cassandra2,False,2,2,False
80,4,MONOTONIC_READS,normal,netem delay 25ms 25ms,QUORUM,ONE,cassandra1,cassandra3,False,2,2,False
80,5,MONOTONIC_READS,normal,netem delay 25ms 25ms,QUORUM,ONE,cassandra1,cassandra2,False,2,2,False
81,1,MONOTONIC_READS,normal,netem delay 25ms 25ms,QUORUM,ONE,cassandra2,cassandra2,True,,2,False
81,2,MONOTONIC_READS,normal,netem delay 25ms 25ms,QUORUM,ONE,cassandra2,cassandra2,True,2,2,False
81,3,MONOTONIC_READS,normal,netem delay 25ms 25ms,QUORUM,ONE,cassandra2,cassandra2,True,2,2,False
81,4,MONOTONIC_READS,normal,netem delay 25ms 25ms,QUORUM,ONE,cassandra2,cassandra1,False,2,2,False
81,5,MONOTONIC_READS,normal,netem delay 25ms 25ms,QUORUM,ONE,cassandra2,cassandra1,False,2,2,False
82,1,MONOTONIC_READS,normal,netem delay 25ms 25ms,QUORUM,ONE,cassandra3,cassandra2,False,,2,False
82,2,MONOTONIC_READS,normal,netem delay 25ms 25ms,QUORUM,ONE,cassandra3,cassandra1,False,2,2,False
82,3,MONOTONIC_READS,normal,netem delay 25ms 25ms,QUORUM,ONE,cassandra3,cassandra3,True,2,2,False
82,4,MONOTONIC_READS,normal,netem delay 25ms 25ms,QUORUM,ONE,cassandra3,cassandra1,False,2,2,False
82,5,MONOTONIC_READS,normal,netem delay 25ms 25ms,QUORUM,ONE,cassandra3,cassandra3,True,2,2,False
83,1,MONOTONIC_READS,normal,netem delay 25ms 25ms,QUORUM,ONE,cassandra2,cassandra3,False,,2,False
83,2,MONOTONIC_READS,normal,netem delay 25ms 25ms,QUORUM,ONE,cassandra2,cassandra1,False,2,2,False
83,3,MONOTONIC_READS,normal,netem delay 25ms 25ms,QUORUM,ONE,cassandra2,cassandra1,False,2,2,False
83,4,MONOTONIC_READS,normal,netem delay 25ms 25ms,QUORUM,ONE,cassandra2,cassandra3,False,2,2,False
83,5,MONOTONIC_READS,normal,netem delay 25ms 25ms,QUORUM,ONE,cassandra2,cassandra1,False,2,2,False
84,1,MONOTONIC_READS,normal,netem delay 25ms 25ms,QUORUM,ONE,cassandra1,cassandra2,False,,2,False
84,2,MONOTONIC_READS,normal,netem delay 25ms 25ms,QUORUM,ONE,cassandra1,cassandra3,False,2,2,False
84,3,MONOTONIC_READS,normal,netem delay 25ms 25ms,QUORUM,ONE,cassandra1,cassandra1,True,2,2,False
84,4,MONOTONIC_READS,normal,netem delay 25ms 25ms,QUORUM,ONE,cassandra1,cassandra2,False,2,2,False
84,5,MONOTONIC_READS,normal,netem delay 25ms 25ms,QUORUM,ONE,cassandra1,cassandra3,False,2,2,False
85,1,MONOTONIC_READS,normal,netem delay 25ms 25ms,QUORUM,ONE,cassandra3,cassandra1,False,,2,False
85,2,MONOTONIC_READS,normal,netem delay 25ms 25ms,QUORUM,ONE,cassandra3,cassandra2,False,2,2,False
85,3,MONOTONIC_READS,normal,netem delay 25ms 25ms,QUORUM,ONE,cassandra3,cassandra2,False,2,2,False
85,4,MONOTONIC_READS,normal,netem delay 25ms 25ms,QUORUM,ONE,cassandra3,cassandra1,False,2,2,False
85,5,MONOTONIC_READS,normal,netem delay 25ms 25ms,QUORUM,ONE,cassandra3,cassandra2,False,2,2,False
86,1,MONOTONIC_READS,normal,netem delay 25ms 25ms,QUORUM,ONE,cassandra3,cassandra2,False,,2,False
86,2,MONOTONIC_READS,normal,netem delay 25ms 25ms,QUORUM,ONE,cassandra3,cassandra2,False,2,2,False
86,3,MONOTONIC_READS,normal,netem delay 25ms 25ms,QUORUM,ONE,cassandra3,cassandra1,False,2,2,False
86,4,MONOTONIC_READS,normal,netem delay 25ms 25ms,QUORUM,ONE,cassandra3,cassandra1,False,2,2,False
86,5,MONOTONIC_READS,normal,netem delay 25ms 25ms,QUORUM,ONE,cassandra3,cassandra3,True,2,2,False
87,1,MONOTONIC_READS,normal,netem delay 25ms 25ms,QUORUM,ONE,cassandra1,cassandra1,True,,2,False
87,2,MONOTONIC_READS,normal,netem delay 25ms 25ms,QUORUM,ONE,cassandra1,cassandra2,False,2,2,False
87,3,MONOTONIC_READS,normal,netem delay 25ms 25ms,QUORUM,ONE,cassandra1,cassandra2,False,2,2,False
87,4,MONOTONIC_READS,normal,netem delay 25ms 25ms,QUORUM,ONE,cassandra1,cassandra1,True,2,2,False
87,5,MONOTONIC_READS,normal,netem delay 25ms 25ms,QUORUM,ONE,cassandra1,cassandra2,False,2,2,False
88,1,MONOTONIC_READS,normal,netem delay 25ms 25ms,QUORUM,ONE,cassandra2,cassandra3,False,,2,False
88,2,MONOTONIC_READS,normal,netem delay 25ms 25ms,QUORUM,ONE,cassandra2,cassandra2,True,2,2,False
88,3,MONOTONIC_READS,normal,netem delay 25ms 25ms,QUORUM,ONE,cassandra2,cassandra3,False,2,2,False
88,4,MONOTONIC_READS,normal,netem delay 25ms 25ms,QUORUM,ONE,cassandra2,cassandra1,False,2,2,False
88,5,MONOTONIC_READS,normal,netem delay 25ms 25ms,QUORUM,ONE,cassandra2,cassandra3,False,2,2,False
89,1,MONOTONIC_READS,normal,netem delay 25ms 25ms,QUORUM,ONE,cassandra1,cassandra3,False,,2,False
89,2,MONOTONIC_READS,normal,netem delay 25ms 25ms,QUORUM,ONE,cassandra1,cassandra1,True,2,2,False
89,3,MONOTONIC_READS,normal,netem delay 25ms 25ms,QUORUM,ONE,cassandra1,cassandra2,False,2,2,False
89,4,MONOTONIC_READS,normal,netem delay 25ms 25ms,QUORUM,ONE,cassandra1,cassandra1,True,2,2,False
89,5,MONOTONIC_READS,normal,netem delay 25ms 25ms,QUORUM,ONE,cassandra1,cassandra2,False,2,2,False
90,1,MONOTONIC_READS,normal,netem delay 25ms 25ms,QUORUM,ONE,cassandra1,cassandra3,False,,2,False
90,2,MONOTONIC_READS,normal,netem delay 25ms 25ms,QUORUM,ONE,cassandra1,cassandra3,False,2,2,False
90,3,MONOTONIC_READS,normal,netem delay 25ms 25ms,QUORUM,ONE,cassandra1,cassandra1,True,2,2,False
90,4,MONOTONIC_READS,normal,netem delay 25ms 25ms,QUORUM,ONE,cassandra1,cassandra3,False,2,2,False
90,5,MONOTONIC_READS,normal,netem delay 25ms 25ms,QUORUM,ONE,cassandra1,cassandra2,False,2,2,False
91,1,MONOTONIC_READS,normal,netem delay 25ms 25ms,QUORUM,ONE,cassandra3,cassandra2,False,,2,False
91,2,MONOTONIC_READS,normal,netem delay 25ms 25ms,QUORUM,ONE,cassandra3,cassandra1,False,2,2,False
91,3,MONOTONIC_READS,normal,netem delay 25ms 25ms,QUORUM,ONE,cassandra3,cassandra1,False,2,2,False
91,4,MONOTONIC_READS,normal,netem delay 25ms 25ms,QUORUM,ONE,cassandra3,cassandra1,False,2,2,False
91,5,MONOTONIC_READS,normal,netem delay 25ms 25ms,QUORUM,ONE,cassandra3,cassandra3,True,2,2,False
92,1,MONOTONIC_READS,normal,netem delay 25ms 25ms,QUORUM,ONE,cassandra3,cassandra2,False,,2,False
92,2,MONOTONIC_READS,normal,netem delay 25ms 25ms,QUORUM,ONE,cassandra3,cassandra2,False,2,2,False
92,3,MONOTONIC_READS,normal,netem delay 25ms 25ms,QUORUM,ONE,cassandra3,cassandra1,False,2,2,False
92,4,MONOTONIC_READS,normal,netem delay 25ms 25ms,QUORUM,ONE,cassandra3,cassandra3,True,2,2,False
92,5,MONOTONIC_READS,normal,netem delay 25ms 25ms,QUORUM,ONE,cassandra3,cassandra3,True,2,2,False
93,1,MONOTONIC_READS,normal,netem delay 25ms 25ms,QUORUM,ONE,cassandra2,cassandra1,False,,2,False
93,2,MONOTONIC_READS,normal,netem delay 25ms 25ms,QUORUM,ONE,cassandra2,cassandra1,False,2,2,False
93,3,MONOTONIC_READS,normal,netem delay 25ms 25ms,QUORUM,ONE,cassandra2,cassandra2,True,2,2,False
93,4,MONOTONIC_READS,normal,netem delay 25ms 25ms,QUORUM,ONE,cassandra2,cassandra1,False,2,2,False
93,5,MONOTONIC_READS,normal,netem delay 25ms 25ms,QUORUM,ONE,cassandra2,cassandra2,True,2,2,False
94,1,MONOTONIC_READS,normal,netem delay 25ms 25ms,QUORUM,ONE,cassandra3,cassandra2,False,,2,False
94,2,MONOTONIC_READS,normal,netem delay 25ms 25ms,QUORUM,ONE,cassandra3,cassandra3,True,2,2,False
94,3,MONOTONIC_READS,normal,netem delay 25ms 25ms,QUORUM,ONE,cassandra3,cassandra3,True,2,2,False
94,4,MONOTONIC_READS,normal,netem delay 25ms 25ms,QUORUM,ONE,cassandra3,cassandra3,True,2,2,False
94,5,MONOTONIC_READS,normal,netem delay 25ms 25ms,QUORUM,ONE,cassandra3,cassandra3,True,2,2,False
95,1,MONOTONIC_READS,normal,netem delay 25ms 25ms,QUORUM,ONE,cassandra2,cassandra1,False,,2,False
95,2,MONOTONIC_READS,normal,netem delay 25ms 25ms,QUORUM,ONE,cassandra2,cassandra2,True,2,2,False
95,3,MONOTONIC_READS,normal,netem delay 25ms 25ms,QUORUM,ONE,cassandra2,cassandra3,False,2,2,False
95,4,MONOTONIC_READS,normal,netem delay 25ms 25ms,QUORUM,ONE,cassandra2,cassandra2,True,2,2,False
95,5,MONOTONIC_READS,normal,netem delay 25ms 25ms,QUORUM,ONE,cassandra2,cassandra3,False,2,2,False
96,1,MONOTONIC_READS,normal,netem delay 25ms 25ms,QUORUM,ONE,cassandra2,cassandra3,False,,2,False
96,2,MONOTONIC_READS,normal,netem delay 25ms 25ms,QUORUM,ONE,cassandra2,cassandra2,True,2,2,False
96,3,MONOTONIC_READS,normal,netem delay 25ms 25ms,QUORUM,ONE,cassandra2,cassandra2,True,2,2,False
96,4,MONOTONIC_READS,normal,netem delay 25ms 25ms,QUORUM,ONE,cassandra2,cassandra3,False,2,2,False
96,5,MONOTONIC_READS,normal,netem delay 25ms 25ms,QUORUM,ONE,cassandra2,cassandra3,False,2,2,False
97,1,MONOTONIC_READS,normal,netem delay 25ms 25ms,QUORUM,ONE,cassandra2,cassandra3,False,,2,False
97,2,MONOTONIC_READS,normal,netem delay 25ms 25ms,QUORUM,ONE,cassandra2,cassandra2,True,2,2,False
97,3,MONOTONIC_READS,normal,netem delay 25ms 25ms,QUORUM,ONE,cassandra2,cassandra2,True,2,2,False
97,4,MONOTONIC_READS,normal,netem delay 25ms 25ms,QUORUM,ONE,cassandra2,cassandra3,False,2,2,False
97,5,MONOTONIC_READS,normal,netem delay 25ms 25ms,QUORUM,ONE,cassandra2,cassandra2,True,2,2,False
98,1,MONOTONIC_READS,normal,netem delay 25ms 25ms,QUORUM,ONE,cassandra2,cassandra3,False,,2,False
98,2,MONOTONIC_READS,normal,netem delay 25ms 25ms,QUORUM,ONE,cassandra2,cassandra2,True,2,2,False
98,3,MONOTONIC_READS,normal,netem delay 25ms 25ms,QUORUM,ONE,cassandra2,cassandra3,False,2,2,False
98,4,MONOTONIC_READS,normal,netem delay 25ms 25ms,QUORUM,ONE,cassandra2,cassandra2,True,2,2,False
98,5,MONOTONIC_READS,normal,netem delay 25ms 25ms,QUORUM,ONE,cassandra2,cassandra2,True,2,2,False
99,1,MONOTONIC_READS,normal,netem delay 25ms 25ms,QUORUM,ONE,cassandra2,cassandra1,False,,2,False
99,2,MONOTONIC_READS,normal,netem delay 25ms 25ms,QUORUM,ONE,cassandra2,cassandra2,True,2,2,False
99,3,MONOTONIC_READS,normal,netem delay 25ms 25ms,QUORUM,ONE,cassandra2,cassandra2,True,2,2,False
99,4,MONOTONIC_READS,normal,netem delay 25ms 25ms,QUORUM,ONE,cassandra2,cassandra1,False,2,2,False
99,5,MONOTONIC_READS,normal,netem delay 25ms 25ms,QUORUM,ONE,cassandra2,cassandra2,True,2,2,False
100,1,MONOTONIC_READS,normal,netem delay 25ms 25ms,QUORUM,ONE,cassandra1,cassandra3,False,,2,False
100,2,MONOTONIC_READS,normal,netem delay 25ms 25ms,QUORUM,ONE,cassandra1,cassandra2,False,2,2,False
100,3,MONOTONIC_READS,normal,netem delay 25ms 25ms,QUORUM,ONE,cassandra1,cassandra2,False,2,2,False
100,4,MONOTONIC_READS,normal,netem delay 25ms 25ms,QUORUM,ONE,cassandra1,cassandra1,True,2,2,False
100,5,MONOTONIC_READS,normal,netem delay 25ms 25ms,QUORUM,ONE,cassandra1,cassandra1,True,2,2,False
101,1,MONOTONIC_READS,normal,netem delay 25ms 25ms,QUORUM,ONE,cassandra2,cassandra3,False,,2,False
101,2,MONOTONIC_READS,normal,netem delay 25ms 25ms,QUORUM,ONE,cassandra2,cassandra3,False,2,2,False
101,3,MONOTONIC_READS,normal,netem delay 25ms 25ms,QUORUM,ONE,cassandra2,cassandra3,False,2,2,False
101,4,MONOTONIC_READS,normal,netem delay 25ms 25ms,QUORUM,ONE,cassandra2,cassandra1,False,2,2,False
101,5,MONOTONIC_READS,normal,netem delay 25ms 25ms,QUORUM,ONE,cassandra2,cassandra3,False,2,2,False
102,1,MONOTONIC_READS,normal,netem delay 25ms 25ms,QUORUM,ONE,cassandra1,cassandra1,True,,2,False
102,2,MONOTONIC_READS,normal,netem delay 25ms 25ms,QUORUM,ONE,cassandra1,cassandra2,False,2,2,False
102,3,MONOTONIC_READS,normal,netem delay 25ms 25ms,QUORUM,ONE,cassandra1,cassandra2,False,2,2,False
102,4,MONOTONIC_READS,normal,netem delay 25ms 25ms,QUORUM,ONE,cassandra1,cassandra2,False,2,2,False
102,5,MONOTONIC_READS,normal,netem delay 25ms 25ms,QUORUM,ONE,cassandra1,cassandra1,True,2,2,False
103,1,MONOTONIC_READS,normal,netem delay 25ms 25ms,QUORUM,ONE,cassandra3,cassandra2,False,,2,False
103,2,MONOTONIC_READS,normal,netem delay 25ms 25ms,QUORUM,ONE,cassandra3,cassandra3,True,2,2,False
103,3,MONOTONIC_READS,normal,netem delay 25ms 25ms,QUORUM,ONE,cassandra3,cassandra3,True,2,2,False
103,4,MONOTONIC_READS,normal,netem delay 25ms 25ms,QUORUM,ONE,cassandra3,cassandra2,False,2,2,False
103,5,MONOTONIC_READS,normal,netem delay 25ms 25ms,QUORUM,ONE,cassandra3,cassandra3,True,2,2,False
104,1,MONOTONIC_READS,normal,netem delay 25ms 25ms,QUORUM,ONE,cassandra2,cassandra3,False,,2,False
104,2,MONOTONIC_READS,normal,netem delay 25ms 25ms,QUORUM,ONE,cassandra2,cassandra2,True,2,2,False
104,3,MONOTONIC_READS,normal,netem delay 25ms 25ms,QUORUM,ONE,cassandra2,cassandra1,False,2,2,False
104,4,MONOTONIC_READS,normal,netem delay 25ms 25ms,QUORUM,ONE,cassandra2,cassandra3,False,2,2,False
104,5,MONOTONIC_READS,normal,netem delay 25ms 25ms,QUORUM,ONE,cassandra2,cassandra2,True,2,2,False
105,1,MONOTONIC_READS,normal,netem delay 25ms 25ms,QUORUM,ONE,cassandra3,cassandra2,False,,2,False
105,2,MONOTONIC_READS,normal,netem delay 25ms 25ms,QUORUM,ONE,cassandra3,cassandra2,False,2,2,False
105,3,MONOTONIC_READS,normal,netem delay 25ms 25ms,QUORUM,ONE,cassandra3,cassandra1,False,2,2,False
105,4,MONOTONIC_READS,normal,netem delay 25ms 25ms,QUORUM,ONE,cassandra3,cassandra1,False,2,2,False
105,5,MONOTONIC_READS,normal,netem delay 25ms 25ms,QUORUM,ONE,cassandra3,cassandra2,False,2,2,False
106,1,MONOTONIC_READS,normal,netem delay 25ms 25ms,QUORUM,ONE,cassandra2,cassandra2,True,,2,False
106,2,MONOTONIC_READS,normal,netem delay 25ms 25ms,QUORUM,ONE,cassandra2,cassandra1,False,2,2,False
106,3,MONOTONIC_READS,normal,netem delay 25ms 25ms,QUORUM,ONE,cassandra2,cassandra3,False,2,2,False
106,4,MONOTONIC_READS,normal,netem delay 25ms 25ms,QUORUM,ONE,cassandra2,cassandra2,True,2,2,False
106,5,MONOTONIC_READS,normal,netem delay 25ms 25ms,QUORUM,ONE,cassandra2,cassandra2,True,2,2,False
107,1,MONOTONIC_READS,normal,netem delay 25ms 25ms,QUORUM,ONE,cassandra1,cassandra3,False,,2,False
107,2,MONOTONIC_READS,normal,netem delay 25ms 25ms,QUORUM,ONE,cassandra1,cassandra1,True,2,2,False
107,3,MONOTONIC_READS,normal,netem delay 25ms 25ms,QUORUM,ONE,cassandra1,cassandra1,True,2,2,False
107,4,MONOTONIC_READS,normal,netem delay 25ms 25ms,QUORUM,ONE,cassandra1,cassandra2,False,2,2,False
107,5,MONOTONIC_READS,normal,netem delay 25ms 25ms,QUORUM,ONE,cassandra1,cassandra2,False,2,2,False
108,1,MONOTONIC_READS,normal,netem delay 25ms 25ms,QUORUM,ONE,cassandra1,cassandra3,False,,1,False
108,2,MONOTONIC_READS,normal,netem delay 25ms 25ms,QUORUM,ONE,cassandra1,cassandra3,False,1,2,False
108,3,MONOTONIC_READS,normal,netem delay 25ms 25ms,QUORUM,ONE,cassandra1,cassandra2,False,2,2,False
108,4,MONOTONIC_READS,normal,netem delay 25ms 25ms,QUORUM,ONE,cassandra1,cassandra2,False,2,2,False
108,5,MONOTONIC_READS,normal,netem delay 25ms 25ms,QUORUM,ONE,cassandra1,cassandra1,True,2,2,False
109,1,MONOTONIC_READS,normal,netem delay 25ms 25ms,QUORUM,ONE,cassandra2,cassandra1,False,,2,False
109,2,MONOTONIC_READS,normal,netem delay 25ms 25ms,QUORUM,ONE,cassandra2,cassandra1,False,2,2,False
109,3,MONOTONIC_READS,normal,netem delay 25ms 25ms,QUORUM,ONE,cassandra2,cassandra3,False,2,2,False
109,4,MONOTONIC_READS,normal,netem delay 25ms 25ms,QUORUM,ONE,cassandra2,cassandra2,True,2,2,False
109,5,MONOTONIC_READS,normal,netem delay 25ms 25ms,QUORUM,ONE,cassandra2,cassandra2,True,2,2,False
110,1,MONOTONIC_READS,normal,netem delay 25ms 25ms,QUORUM,ONE,cassandra3,cassandra2,False,,2,False
110,2,MONOTONIC_READS,normal,netem delay 25ms 25ms,QUORUM,ONE,cassandra3,cassandra2,False,2,2,False
110,3,MONOTONIC_READS,normal,netem delay 25ms 25ms,QUORUM,ONE,cassandra3,cassandra1,False,2,2,False
110,4,MONOTONIC_READS,normal,netem delay 25ms 25ms,QUORUM,ONE,cassandra3,cassandra2,False,2,2,False
110,5,MONOTONIC_READS,normal,netem delay 25ms 25ms,QUORUM,ONE,cassandra3,cassandra2,False,2,2,False
111,1,MONOTONIC_READS,normal,netem delay 25ms 25ms,QUORUM,ONE,cassandra2,cassandra1,False,,2,False
111,2,MONOTONIC_READS,normal,netem delay 25ms 25ms,QUORUM,ONE,cassandra2,cassandra2,True,2,2,False
111,3,MONOTONIC_READS,normal,netem delay 25ms 25ms,QUORUM,ONE,cassandra2,cassandra3,False,2,2,False
111,4,MONOTONIC_READS,normal,netem delay 25ms 25ms,QUORUM,ONE,cassandra2,cassandra3,False,2,2,False
111,5,MONOTONIC_READS,normal,netem delay 25ms 25ms,QUORUM,ONE,cassandra2,cassandra3,False,2,2,False
112,1,MONOTONIC_READS,normal,netem delay 25ms 25ms,QUORUM,ONE,cassandra1,cassandra2,False,,1,False
112,2,MONOTONIC_READS,normal,netem delay 25ms 25ms,QUORUM,ONE,cassandra1,cassandra2,False,1,2,False
112,3,MONOTONIC_READS,normal,netem delay 25ms 25ms,QUORUM,ONE,cassandra1,cassandra3,False,2,2,False
112,4,MONOTONIC_READS,normal,netem delay 25ms 25ms,QUORUM,ONE,cassandra1,cassandra1,True,2,2,False
112,5,MONOTONIC_READS,normal,netem delay 25ms 25ms,QUORUM,ONE,cassandra1,cassandra2,False,2,2,False
113,1,MONOTONIC_READS,normal,netem delay 25ms 25ms,QUORUM,ONE,cassandra1,cassandra3,False,,2,False
113,2,MONOTONIC_READS,normal,netem delay 25ms 25ms,QUORUM,ONE,cassandra1,cassandra3,False,2,2,False
113,3,MONOTONIC_READS,normal,netem delay 25ms 25ms,QUORUM,ONE,cassandra1,cassandra2,False,2,2,False
113,4,MONOTONIC_READS,normal,netem delay 25ms 25ms,QUORUM,ONE,cassandra1,cassandra3,False,2,2,False
113,5,MONOTONIC_READS,normal,netem delay 25ms 25ms,QUORUM,ONE,cassandra1,cassandra2,False,2,2,False
114,1,MONOTONIC_READS,normal,netem delay 25ms 25ms,QUORUM,ONE,cassandra1,cassandra1,True,,2,False
114,2,MONOTONIC_READS,normal,netem delay 25ms 25ms,QUORUM,ONE,cassandra1,cassandra1,True,2,2,False
114,3,MONOTONIC_READS,normal,netem delay 25ms 25ms,QUORUM,ONE,cassandra1,cassandra2,False,2,2,False
114,4,MONOTONIC_READS,normal,netem delay 25ms 25ms,QUORUM,ONE,cassandra1,cassandra3,False,2,2,False
114,5,MONOTONIC_READS,normal,netem delay 25ms 25ms,QUORUM,ONE,cassandra1,cassandra3,False,2,2,False
115,1,MONOTONIC_READS,normal,netem delay 25ms 25ms,QUORUM,ONE,cassandra3,cassandra2,False,,2,False
115,2,MONOTONIC_READS,normal,netem delay 25ms 25ms,QUORUM,ONE,cassandra3,cassandra1,False,2,2,False
115,3,MONOTONIC_READS,normal,netem delay 25ms 25ms,QUORUM,ONE,cassandra3,cassandra3,True,2,2,False
115,4,MONOTONIC_READS,normal,netem delay 25ms 25ms,QUORUM,ONE,cassandra3,cassandra2,False,2,2,False
115,5,MONOTONIC_READS,normal,netem delay 25ms 25ms,QUORUM,ONE,cassandra3,cassandra2,False,2,2,False
116,1,MONOTONIC_READS,normal,netem delay 25ms 25ms,QUORUM,ONE,cassandra2,cassandra3,False,,2,False
116,2,MONOTONIC_READS,normal,netem delay 25ms 25ms,QUORUM,ONE,cassandra2,cassandra3,False,2,2,False
116,3,MONOTONIC_READS,normal,netem delay 25ms 25ms,QUORUM,ONE,cassandra2,cassandra2,True,2,2,False
116,4,MONOTONIC_READS,normal,netem delay 25ms 25ms,QUORUM,ONE,cassandra2,cassandra1,False,2,2,False
116,5,MONOTONIC_READS,normal,netem delay 25ms 25ms,QUORUM,ONE,cassandra2,cassandra2,True,2,2,False
117,1,MONOTONIC_READS,normal,netem delay 25ms 25ms,QUORUM,ONE,cassandra3,cassandra2,False,,2,False
117,2,MONOTONIC_READS,normal,netem delay 25ms 25ms,QUORUM,ONE,cassandra3,cassandra1,False,2,2,False
117,3,MONOTONIC_READS,normal,netem delay 25ms 25ms,QUORUM,ONE,cassandra3,cassandra3,True,2,2,False
117,4,MONOTONIC_READS,normal,netem delay 25ms 25ms,QUORUM,ONE,cassandra3,cassandra2,False,2,2,False
117,5,MONOTONIC_READS,normal,netem delay 25ms 25ms,QUORUM,ONE,cassandra3,cassandra3,True,2,2,False
118,1,MONOTONIC_READS,normal,netem delay 25ms 25ms,QUORUM,ONE,cassandra3,cassandra2,False,,2,False
118,2,MONOTONIC_READS,normal,netem delay 25ms 25ms,QUORUM,ONE,cassandra3,cassandra3,True,2,2,False
118,3,MONOTONIC_READS,normal,netem delay 25ms 25ms,QUORUM,ONE,cassandra3,cassandra1,False,2,2,False
118,4,MONOTONIC_READS,normal,netem delay 25ms 25ms,QUORUM,ONE,cassandra3,cassandra1,False,2,2,False
118,5,MONOTONIC_READS,normal,netem delay 25ms 25ms,QUORUM,ONE,cassandra3,cassandra3,True,2,2,False
119,1,MONOTONIC_READS,normal,netem delay 25ms 25ms,QUORUM,ONE,cassandra2,cassandra1,False,,2,False
119,2,MONOTONIC_READS,normal,netem delay 25ms 25ms,QUORUM,ONE,cassandra2,cassandra1,False,2,2,False
119,3,MONOTONIC_READS,normal,netem delay 25ms 25ms,QUORUM,ONE,cassandra2,cassandra1,False,2,2,False
119,4,MONOTONIC_READS,normal,netem delay 25ms 25ms,QUORUM,ONE,cassandra2,cassandra2,True,2,2,False
119,5,MONOTONIC_READS,normal,netem delay 25ms 25ms,QUORUM,ONE,cassandra2,cassandra1,False,2,2,False
120,1,MONOTONIC_READS,normal,netem delay 25ms 25ms,QUORUM,ONE,cassandra3,cassandra1,False,,2,False
120,2,MONOTONIC_READS,normal,netem delay 25ms 25ms,QUORUM,ONE,cassandra3,cassandra1,False,2,2,False
120,3,MONOTONIC_READS,normal,netem delay 25ms 25ms,QUORUM,ONE,cassandra3,cassandra2,False,2,2,False
120,4,MONOTONIC_READS,normal,netem delay 25ms 25ms,QUORUM,ONE,cassandra3,cassandra3,True,2,2,False
120,5,MONOTONIC_READS,normal,netem delay 25ms 25ms,QUORUM,ONE,cassandra3,cassandra1,False,2,2,False
121,1,MONOTONIC_READS,normal,netem delay 25ms 25ms,QUORUM,ONE,cassandra2,cassandra2,True,,2,False
121,2,MONOTONIC_READS,normal,netem delay 25ms 25ms,QUORUM,ONE,cassandra2,cassandra3,False,2,2,False
121,3,MONOTONIC_READS,normal,netem delay 25ms 25ms,QUORUM,ONE,cassandra2,cassandra2,True,2,2,False
121,4,MONOTONIC_READS,normal,netem delay 25ms 25ms,QUORUM,ONE,cassandra2,cassandra3,False,2,2,False
121,5,MONOTONIC_READS,normal,netem delay 25ms 25ms,QUORUM,ONE,cassandra2,cassandra3,False,2,2,False
122,1,MONOTONIC_READS,normal,netem delay 25ms 25ms,QUORUM,ONE,cassandra1,cassandra1,True,,2,False
122,2,MONOTONIC_READS,normal,netem delay 25ms 25ms,QUORUM,ONE,cassandra1,cassandra2,False,2,2,False
122,3,MONOTONIC_READS,normal,netem delay 25ms 25ms,QUORUM,ONE,cassandra1,cassandra3,False,2,2,False
122,4,MONOTONIC_READS,normal,netem delay 25ms 25ms,QUORUM,ONE,cassandra1,cassandra3,False,2,2,False
122,5,MONOTONIC_READS,normal,netem delay 25ms 25ms,QUORUM,ONE,cassandra1,cassandra2,False,2,2,False
123,1,MONOTONIC_READS,normal,netem delay 25ms 25ms,QUORUM,ONE,cassandra3,cassandra1,False,,2,False
123,2,MONOTONIC_READS,normal,netem delay 25ms 25ms,QUORUM,ONE,cassandra3,cassandra3,True,2,2,False
123,3,MONOTONIC_READS,normal,netem delay 25ms 25ms,QUORUM,ONE,cassandra3,cassandra2,False,2,2,False
123,4,MONOTONIC_READS,normal,netem delay 25ms 25ms,QUORUM,ONE,cassandra3,cassandra3,True,2,2,False
123,5,MONOTONIC_READS,normal,netem delay 25ms 25ms,QUORUM,ONE,cassandra3,cassandra3,True,2,2,False
124,1,MONOTONIC_READS,normal,netem delay 25ms 25ms,QUORUM,ONE,cassandra1,cassandra2,False,,2,False
124,2,MONOTONIC_READS,normal,netem delay 25ms 25ms,QUORUM,ONE,cassandra1,cassandra2,False,2,2,False
124,3,MONOTONIC_READS,normal,netem delay 25ms 25ms,QUORUM,ONE,cassandra1,cassandra3,False,2,2,False
124,4,MONOTONIC_READS,normal,netem delay 25ms 25ms,QUORUM,ONE,cassandra1,cassandra2,False,2,2,False
124,5,MONOTONIC_READS,normal,netem delay 25ms 25ms,QUORUM,ONE,cassandra1,cassandra1,True,2,2,False
125,1,MONOTONIC_READS,normal,netem delay 25ms 25ms,QUORUM,ONE,cassandra3,cassandra3,True,,2,False
125,2,MONOTONIC_READS,normal,netem delay 25ms 25ms,QUORUM,ONE,cassandra3,cassandra3,True,2,2,False
125,3,MONOTONIC_READS,normal,netem delay 25ms 25ms,QUORUM,ONE,cassandra3,cassandra3,True,2,2,False
125,4,MONOTONIC_READS,normal,netem delay 25ms 25ms,QUORUM,ONE,cassandra3,cassandra3,True,2,2,False
125,5,MONOTONIC_READS,normal,netem delay 25ms 25ms,QUORUM,ONE,cassandra3,cassandra2,False,2,2,False
126,1,MONOTONIC_READS,normal,netem delay 25ms 25ms,QUORUM,ONE,cassandra2,cassandra1,False,,2,False
126,2,MONOTONIC_READS,normal,netem delay 25ms 25ms,QUORUM,ONE,cassandra2,cassandra2,True,2,2,False
126,3,MONOTONIC_READS,normal,netem delay 25ms 25ms,QUORUM,ONE,cassandra2,cassandra3,False,2,2,False
126,4,MONOTONIC_READS,normal,netem delay 25ms 25ms,QUORUM,ONE,cassandra2,cassandra1,False,2,2,False
126,5,MONOTONIC_READS,normal,netem delay 25ms 25ms,QUORUM,ONE,cassandra2,cassandra3,False,2,2,False
127,1,MONOTONIC_READS,normal,netem delay 25ms 25ms,QUORUM,ONE,cassandra2,cassandra3,False,,2,False
127,2,MONOTONIC_READS,normal,netem delay 25ms 25ms,QUORUM,ONE,cassandra2,cassandra1,False,2,2,False
127,3,MONOTONIC_READS,normal,netem delay 25ms 25ms,QUORUM,ONE,cassandra2,cassandra2,True,2,2,False
127,4,MONOTONIC_READS,normal,netem delay 25ms 25ms,QUORUM,ONE,cassandra2,cassandra3,False,2,2,False
127,5,MONOTONIC_READS,normal,netem delay 25ms 25ms,QUORUM,ONE,cassandra2,cassandra3,False,2,2,False
128,1,MONOTONIC_READS,normal,netem delay 25ms 25ms,QUORUM,ONE,cassandra1,cassandra2,False,,2,False
128,2,MONOTONIC_READS,normal,netem delay 25ms 25ms,QUORUM,ONE,cassandra1,cassandra2,False,2,2,False
128,3,MONOTONIC_READS,normal,netem delay 25ms 25ms,QUORUM,ONE,cassandra1,cassandra3,False,2,2,False
128,4,MONOTONIC_READS,normal,netem delay 25ms 25ms,QUORUM,ONE,cassandra1,cassandra2,False,2,2,False
128,5,MONOTONIC_READS,normal,netem delay 25ms 25ms,QUORUM,ONE,cassandra1,cassandra2,False,2,2,False
129,1,MONOTONIC_READS,normal,netem delay 25ms 25ms,QUORUM,ONE,cassandra1,cassandra1,True,,2,False
129,2,MONOTONIC_READS,normal,netem delay 25ms 25ms,QUORUM,ONE,cassandra1,cassandra3,False,2,2,False
129,3,MONOTONIC_READS,normal,netem delay 25ms 25ms,QUORUM,ONE,cassandra1,cassandra1,True,2,2,False
129,4,MONOTONIC_READS,normal,netem delay 25ms 25ms,QUORUM,ONE,cassandra1,cassandra3,False,2,2,False
129,5,MONOTONIC_READS,normal,netem delay 25ms 25ms,QUORUM,ONE,cassandra1,cassandra3,False,2,2,False
130,1,MONOTONIC_READS,normal,netem delay 25ms 25ms,QUORUM,ONE,cassandra3,cassandra2,False,,2,False
130,2,MONOTONIC_READS,normal,netem delay 25ms 25ms,QUORUM,ONE,cassandra3,cassandra1,False,2,2,False
130,3,MONOTONIC_READS,normal,netem delay 25ms 25ms,QUORUM,ONE,cassandra3,cassandra1,False,2,2,False
130,4,MONOTONIC_READS,normal,netem delay 25ms 25ms,QUORUM,ONE,cassandra3,cassandra1,False,2,2,False
130,5,MONOTONIC_READS,normal,netem delay 25ms 25ms,QUORUM,ONE,cassandra3,cassandra2,False,2,2,False
131,1,MONOTONIC_READS,normal,netem delay 25ms 25ms,QUORUM,ONE,cassandra1,cassandra1,True,,2,False
131,2,MONOTONIC_READS,normal,netem delay 25ms 25ms,QUORUM,ONE,cassandra1,cassandra2,False,2,2,False
131,3,MONOTONIC_READS,normal,netem delay 25ms 25ms,QUORUM,ONE,cassandra1,cassandra1,True,2,2,False
131,4,MONOTONIC_READS,normal,netem delay 25ms 25ms,QUORUM,ONE,cassandra1,cassandra1,True,2,2,False
131,5,MONOTONIC_READS,normal,netem delay 25ms 25ms,QUORUM,ONE,cassandra1,cassandra2,False,2,2,False
132,1,MONOTONIC_READS,normal,netem delay 25ms 25ms,QUORUM,ONE,cassandra1,cassandra2,False,,2,False
132,2,MONOTONIC_READS,normal,netem delay 25ms 25ms,QUORUM,ONE,cassandra1,cassandra3,False,2,2,False
132,3,MONOTONIC_READS,normal,netem delay 25ms 25ms,QUORUM,ONE,cassandra1,cassandra3,False,2,2,False
132,4,MONOTONIC_READS,normal,netem delay 25ms 25ms,QUORUM,ONE,cassandra1,cassandra3,False,2,2,False
132,5,MONOTONIC_READS,normal,netem delay 25ms 25ms,QUORUM,ONE,cassandra1,cassandra3,False,2,2,False
133,1,MONOTONIC_READS,normal,netem delay 25ms 25ms,QUORUM,ONE,cassandra3,cassandra3,True,,2,False
133,2,MONOTONIC_READS,normal,netem delay 25ms 25ms,QUORUM,ONE,cassandra3,cassandra2,False,2,2,False
133,3,MONOTONIC_READS,normal,netem delay 25ms 25ms,QUORUM,ONE,cassandra3,cassandra2,False,2,2,False
133,4,MONOTONIC_READS,normal,netem delay 25ms 25ms,QUORUM,ONE,cassandra3,cassandra2,False,2,2,False
133,5,MONOTONIC_READS,normal,netem delay 25ms 25ms,QUORUM,ONE,cassandra3,cassandra1,False,2,2,False
134,1,MONOTONIC_READS,normal,netem delay 25ms 25ms,QUORUM,ONE,cassandra2,cassandra2,True,,2,False
134,2,MONOTONIC_READS,normal,netem delay 25ms 25ms,QUORUM,ONE,cassandra2,cassandra1,False,2,2,False
134,3,MONOTONIC_READS,normal,netem delay 25ms 25ms,QUORUM,ONE,cassandra2,cassandra1,False,2,2,False
134,4,MONOTONIC_READS,normal,netem delay 25ms 25ms,QUORUM,ONE,cassandra2,cassandra3,False,2,2,False
134,5,MONOTONIC_READS,normal,netem delay 25ms 25ms,QUORUM,ONE,cassandra2,cassandra2,True,2,2,False
135,1,MONOTONIC_READS,normal,netem delay 25ms 25ms,QUORUM,ONE,cassandra1,cassandra1,True,,2,False
135,2,MONOTONIC_READS,normal,netem delay 25ms 25ms,QUORUM,ONE,cassandra1,cassandra3,False,2,2,False
135,3,MONOTONIC_READS,normal,netem delay 25ms 25ms,QUORUM,ONE,cassandra1,cassandra2,False,2,2,False
135,4,MONOTONIC_READS,normal,netem delay 25ms 25ms,QUORUM,ONE,cassandra1,cassandra1,True,2,2,False
135,5,MONOTONIC_READS,normal,netem delay 25ms 25ms,QUORUM,ONE,cassandra1,cassandra1,True,2,2,False
136,1,MONOTONIC_READS,normal,netem delay 25ms 25ms,QUORUM,ONE,cassandra1,cassandra1,True,,2,False
136,2,MONOTONIC_READS,normal,netem delay 25ms 25ms,QUORUM,ONE,cassandra1,cassandra1,True,2,2,False
136,3,MONOTONIC_READS,normal,netem delay 25ms 25ms,QUORUM,ONE,cassandra1,cassandra2,False,2,2,False
136,4,MONOTONIC_READS,normal,netem delay 25ms 25ms,QUORUM,ONE,cassandra1,cassandra1,True,2,2,False
136,5,MONOTONIC_READS,normal,netem delay 25ms 25ms,QUORUM,ONE,cassandra1,cassandra2,False,2,2,False
137,1,MONOTONIC_READS,normal,netem delay 25ms 25ms,QUORUM,ONE,cassandra3,cassandra2,False,,2,False
137,2,MONOTONIC_READS,normal,netem delay 25ms 25ms,QUORUM,ONE,cassandra3,cassandra3,True,2,2,False
137,3,MONOTONIC_READS,normal,netem delay 25ms 25ms,QUORUM,ONE,cassandra3,cassandra2,False,2,2,False
137,4,MONOTONIC_READS,normal,netem delay 25ms 25ms,QUORUM,ONE,cassandra3,cassandra1,False,2,2,False
137,5,MONOTONIC_READS,normal,netem delay 25ms 25ms,QUORUM,ONE,cassandra3,cassandra1,False,2,2,False
138,1,MONOTONIC_READS,normal,netem delay 25ms 25ms,QUORUM,ONE,cassandra1,cassandra3,False,,2,False
138,2,MONOTONIC_READS,normal,netem delay 25ms 25ms,QUORUM,ONE,cassandra1,cassandra2,False,2,2,False
138,3,MONOTONIC_READS,normal,netem delay 25ms 25ms,QUORUM,ONE,cassandra1,cassandra3,False,2,2,False
138,4,MONOTONIC_READS,normal,netem delay 25ms 25ms,QUORUM,ONE,cassandra1,cassandra1,True,2,2,False
138,5,MONOTONIC_READS,normal,netem delay 25ms 25ms,QUORUM,ONE,cassandra1,cassandra3,False,2,2,False
139,1,MONOTONIC_READS,normal,netem delay 25ms 25ms,QUORUM,ONE,cassandra3,cassandra1,False,,2,False
139,2,MONOTONIC_READS,normal,netem delay 25ms 25ms,QUORUM,ONE,cassandra3,cassandra2,False,2,2,False
139,3,MONOTONIC_READS,normal,netem delay 25ms 25ms,QUORUM,ONE,cassandra3,cassandra1,False,2,2,False
139,4,MONOTONIC_READS,normal,netem delay 25ms 25ms,QUORUM,ONE,cassandra3,cassandra3,True,2,2,False
139,5,MONOTONIC_READS,normal,netem delay 25ms 25ms,QUORUM,ONE,cassandra3,cassandra3,True,2,2,False
140,1,MONOTONIC_READS,normal,netem delay 25ms 25ms,QUORUM,ONE,cassandra1,cassandra1,True,,2,False
140,2,MONOTONIC_READS,normal,netem delay 25ms 25ms,QUORUM,ONE,cassandra1,cassandra1,True,2,2,False
140,3,MONOTONIC_READS,normal,netem delay 25ms 25ms,QUORUM,ONE,cassandra1,cassandra2,False,2,2,False
140,4,MONOTONIC_READS,normal,netem delay 25ms 25ms,QUORUM,ONE,cassandra1,cassandra3,False,2,2,False
140,5,MONOTONIC_READS,normal,netem delay 25ms 25ms,QUORUM,ONE,cassandra1,cassandra1,True,2,2,False
141,1,MONOTONIC_READS,normal,netem delay 25ms 25ms,QUORUM,ONE,cassandra3,cassandra1,False,,1,False
141,2,MONOTONIC_READS,normal,netem delay 25ms 25ms,QUORUM,ONE,cassandra3,cassandra2,False,1,2,False
141,3,MONOTONIC_READS,normal,netem delay 25ms 25ms,QUORUM,ONE,cassandra3,cassandra3,True,2,2,False
141,4,MONOTONIC_READS,normal,netem delay 25ms 25ms,QUORUM,ONE,cassandra3,cassandra1,False,2,2,False
141,5,MONOTONIC_READS,normal,netem delay 25ms 25ms,QUORUM,ONE,cassandra3,cassandra2,False,2,2,False
142,1,MONOTONIC_READS,normal,netem delay 25ms 25ms,QUORUM,ONE,cassandra3,cassandra2,False,,2,False
142,2,MONOTONIC_READS,normal,netem delay 25ms 25ms,QUORUM,ONE,cassandra3,cassandra1,False,2,2,False
142,3,MONOTONIC_READS,normal,netem delay 25ms 25ms,QUORUM,ONE,cassandra3,cassandra2,False,2,2,False
142,4,MONOTONIC_READS,normal,netem delay 25ms 25ms,QUORUM,ONE,cassandra3,cassandra1,False,2,2,False
142,5,MONOTONIC_READS,normal,netem delay 25ms 25ms,QUORUM,ONE,cassandra3,cassandra1,False,2,2,False
143,1,MONOTONIC_READS,normal,netem delay 25ms 25ms,QUORUM,ONE,cassandra1,cassandra1,True,,2,False
143,2,MONOTONIC_READS,normal,netem delay 25ms 25ms,QUORUM,ONE,cassandra1,cassandra1,True,2,2,False
143,3,MONOTONIC_READS,normal,netem delay 25ms 25ms,QUORUM,ONE,cassandra1,cassandra1,True,2,2,False
143,4,MONOTONIC_READS,normal,netem delay 25ms 25ms,QUORUM,ONE,cassandra1,cassandra2,False,2,2,False
143,5,MONOTONIC_READS,normal,netem delay 25ms 25ms,QUORUM,ONE,cassandra1,cassandra3,False,2,2,False
144,1,MONOTONIC_READS,normal,netem delay 25ms 25ms,QUORUM,ONE,cassandra3,cassandra1,False,,2,False
144,2,MONOTONIC_READS,normal,netem delay 25ms 25ms,QUORUM,ONE,cassandra3,cassandra1,False,2,2,False
144,3,MONOTONIC_READS,normal,netem delay 25ms 25ms,QUORUM,ONE,cassandra3,cassandra2,False,2,2,False
144,4,MONOTONIC_READS,normal,netem delay 25ms 25ms,QUORUM,ONE,cassandra3,cassandra3,True,2,2,False
144,5,MONOTONIC_READS,normal,netem delay 25ms 25ms,QUORUM,ONE,cassandra3,cassandra3,True,2,2,False
145,1,MONOTONIC_READS,normal,netem delay 25ms 25ms,QUORUM,ONE,cassandra1,cassandra2,False,,2,False
145,2,MONOTONIC_READS,normal,netem delay 25ms 25ms,QUORUM,ONE,cassandra1,cassandra2,False,2,2,False
145,3,MONOTONIC_READS,normal,netem delay 25ms 25ms,QUORUM,ONE,cassandra1,cassandra2,False,2,2,False
145,4,MONOTONIC_READS,normal,netem delay 25ms 25ms,QUORUM,ONE,cassandra1,cassandra2,False,2,2,False
145,5,MONOTONIC_READS,normal,netem delay 25ms 25ms,QUORUM,ONE,cassandra1,cassandra2,False,2,2,False
146,1,MONOTONIC_READS,normal,netem delay 25ms 25ms,QUORUM,ONE,cassandra2,cassandra1,False,,2,False
146,2,MONOTONIC_READS,normal,netem delay 25ms 25ms,QUORUM,ONE,cassandra2,cassandra2,True,2,2,False
146,3,MONOTONIC_READS,normal,netem delay 25ms 25ms,QUORUM,ONE,cassandra2,cassandra2,True,2,2,False
146,4,MONOTONIC_READS,normal,netem delay 25ms 25ms,QUORUM,ONE,cassandra2,cassandra2,True,2,2,False
146,5,MONOTONIC_READS,normal,netem delay 25ms 25ms,QUORUM,ONE,cassandra2,cassandra1,False,2,2,False
147,1,MONOTONIC_READS,normal,netem delay 25ms 25ms,QUORUM,ONE,cassandra2,cassandra2,True,,2,False
147,2,MONOTONIC_READS,normal,netem delay 25ms 25ms,QUORUM,ONE,cassandra2,cassandra2,True,2,2,False
147,3,MONOTONIC_READS,normal,netem delay 25ms 25ms,QUORUM,ONE,cassandra2,cassandra3,False,2,1,True
147,4,MONOTONIC_READS,normal,netem delay 25ms 25ms,QUORUM,ONE,cassandra2,cassandra2,True,1,2,False
147,5,MONOTONIC_READS,normal,netem delay 25ms 25ms,QUORUM,ONE,cassandra2,cassandra2,True,2,2,False
148,1,MONOTONIC_READS,normal,netem delay 25ms 25ms,QUORUM,ONE,cassandra1,cassandra1,True,,2,False
148,2,MONOTONIC_READS,normal,netem delay 25ms 25ms,QUORUM,ONE,cassandra1,cassandra3,False,2,2,False
148,3,MONOTONIC_READS,normal,netem delay 25ms 25ms,QUORUM,ONE,cassandra1,cassandra1,True,2,2,False
148,4,MONOTONIC_READS,normal,netem delay 25ms 25ms,QUORUM,ONE,cassandra1,cassandra1,True,2,2,False
148,5,MONOTONIC_READS,normal,netem delay 25ms 25ms,QUORUM,ONE,cassandra1,cassandra3,False,2,2,False
149,1,MONOTONIC_READS,normal,netem delay 25ms 25ms,QUORUM,ONE,cassandra1,cassandra2,False,,2,False
149,2,MONOTONIC_READS,normal,netem delay 25ms 25ms,QUORUM,ONE,cassandra1,cassandra3,False,2,2,False
149,3,MONOTONIC_READS,normal,netem delay 25ms 25ms,QUORUM,ONE,cassandra1,cassandra1,True,2,2,False
149,4,MONOTONIC_READS,normal,netem delay 25ms 25ms,QUORUM,ONE,cassandra1,cassandra2,False,2,2,False
149,5,MONOTONIC_READS,normal,netem delay 25ms 25ms,QUORUM,ONE,cassandra1,cassandra2,False,2,2,False
150,1,MONOTONIC_READS,normal,netem delay 25ms 25ms,QUORUM,ONE,cassandra3,cassandra2,False,,2,False
150,2,MONOTONIC_READS,normal,netem delay 25ms 25ms,QUORUM,ONE,cassandra3,cassandra2,False,2,2,False
150,3,MONOTONIC_READS,normal,netem delay 25ms 25ms,QUORUM,ONE,cassandra3,cassandra1,False,2,2,False
150,4,MONOTONIC_READS,normal,netem delay 25ms 25ms,QUORUM,ONE,cassandra3,cassandra1,False,2,2,False
150,5,MONOTONIC_READS,normal,netem delay 25ms 25ms,QUORUM,ONE,cassandra3,cassandra3,True,2,2,False
151,1,MONOTONIC_READS,normal,netem delay 25ms 25ms,QUORUM,ONE,cassandra2,cassandra3,False,,1,False
151,2,MONOTONIC_READS,normal,netem delay 25ms 25ms,QUORUM,ONE,cassandra2,cassandra3,False,1,1,False
151,3,MONOTONIC_READS,normal,netem delay 25ms 25ms,QUORUM,ONE,cassandra2,cassandra1,False,1,2,False
151,4,MONOTONIC_READS,normal,netem delay 25ms 25ms,QUORUM,ONE,cassandra2,cassandra1,False,2,2,False
151,5,MONOTONIC_READS,normal,netem delay 25ms 25ms,QUORUM,ONE,cassandra2,cassandra3,False,2,1,True
152,1,MONOTONIC_READS,normal,netem delay 25ms 25ms,QUORUM,ONE,cassandra3,cassandra3,True,,2,False
152,2,MONOTONIC_READS,normal,netem delay 25ms 25ms,QUORUM,ONE,cassandra3,cassandra3,True,2,2,False
152,3,MONOTONIC_READS,normal,netem delay 25ms 25ms,QUORUM,ONE,cassandra3,cassandra3,True,2,2,False
152,4,MONOTONIC_READS,normal,netem delay 25ms 25ms,QUORUM,ONE,cassandra3,cassandra2,False,2,2,False
152,5,MONOTONIC_READS,normal,netem delay 25ms 25ms,QUORUM,ONE,cassandra3,cassandra1,False,2,2,False
153,1,MONOTONIC_READS,normal,netem delay 25ms 25ms,QUORUM,ONE,cassandra3,cassandra1,False,,2,False
153,2,MONOTONIC_READS,normal,netem delay 25ms 25ms,QUORUM,ONE,cassandra3,cassandra3,True,2,2,False
153,3,MONOTONIC_READS,normal,netem delay 25ms 25ms,QUORUM,ONE,cassandra3,cassandra2,False,2,2,False
153,4,MONOTONIC_READS,normal,netem delay 25ms 25ms,QUORUM,ONE,cassandra3,cassandra1,False,2,2,False
153,5,MONOTONIC_READS,normal,netem delay 25ms 25ms,QUORUM,ONE,cassandra3,cassandra1,False,2,2,False
154,1,MONOTONIC_READS,normal,netem delay 25ms 25ms,QUORUM,ONE,cassandra2,cassandra2,True,,2,False
154,2,MONOTONIC_READS,normal,netem delay 25ms 25ms,QUORUM,ONE,cassandra2,cassandra2,True,2,2,False
154,3,MONOTONIC_READS,normal,netem delay 25ms 25ms,QUORUM,ONE,cassandra2,cassandra1,False,2,2,False
154,4,MONOTONIC_READS,normal,netem delay 25ms 25ms,QUORUM,ONE,cassandra2,cassandra1,False,2,2,False
154,5,MONOTONIC_READS,normal,netem delay 25ms 25ms,QUORUM,ONE,cassandra2,cassandra3,False,2,2,False
155,1,MONOTONIC_READS,normal,netem delay 25ms 25ms,QUORUM,ONE,cassandra3,cassandra2,False,,2,False
155,2,MONOTONIC_READS,normal,netem delay 25ms 25ms,QUORUM,ONE,cassandra3,cassandra2,False,2,2,False
155,3,MONOTONIC_READS,normal,netem delay 25ms 25ms,QUORUM,ONE,cassandra3,cassandra2,False,2,2,False
155,4,MONOTONIC_READS,normal,netem delay 25ms 25ms,QUORUM,ONE,cassandra3,cassandra3,True,2,2,False
155,5,MONOTONIC_READS,normal,netem delay 25ms 25ms,QUORUM,ONE,cassandra3,cassandra3,True,2,2,False
156,1,MONOTONIC_READS,normal,netem delay 25ms 25ms,QUORUM,ONE,cassandra1,cassandra3,False,,2,False
156,2,MONOTONIC_READS,normal,netem delay 25ms 25ms,QUORUM,ONE,cassandra1,cassandra1,True,2,2,False
156,3,MONOTONIC_READS,normal,netem delay 25ms 25ms,QUORUM,ONE,cassandra1,cassandra1,True,2,2,False
156,4,MONOTONIC_READS,normal,netem delay 25ms 25ms,QUORUM,ONE,cassandra1,cassandra3,False,2,2,False
156,5,MONOTONIC_READS,normal,netem delay 25ms 25ms,QUORUM,ONE,cassandra1,cassandra2,False,2,2,False
157,1,MONOTONIC_READS,normal,netem delay 25ms 25ms,QUORUM,ONE,cassandra1,cassandra2,False,,2,False
157,2,MONOTONIC_READS,normal,netem delay 25ms 25ms,QUORUM,ONE,cassandra1,cassandra1,True,2,2,False
157,3,MONOTONIC_READS,normal,netem delay 25ms 25ms,QUORUM,ONE,cassandra1,cassandra2,False,2,2,False
157,4,MONOTONIC_READS,normal,netem delay 25ms 25ms,QUORUM,ONE,cassandra1,cassandra3,False,2,2,False
157,5,MONOTONIC_READS,normal,netem delay 25ms 25ms,QUORUM,ONE,cassandra1,cassandra1,True,2,2,False
158,1,MONOTONIC_READS,normal,netem delay 25ms 25ms,QUORUM,ONE,cassandra2,cassandra3,False,,2,False
158,2,MONOTONIC_READS,normal,netem delay 25ms 25ms,QUORUM,ONE,cassandra2,cassandra2,True,2,2,False
158,3,MONOTONIC_READS,normal,netem delay 25ms 25ms,QUORUM,ONE,cassandra2,cassandra2,True,2,2,False
158,4,MONOTONIC_READS,normal,netem delay 25ms 25ms,QUORUM,ONE,cassandra2,cassandra2,True,2,2,False
158,5,MONOTONIC_READS,normal,netem delay 25ms 25ms,QUORUM,ONE,cassandra2,cassandra3,False,2,2,False
159,1,MONOTONIC_READS,normal,netem delay 25ms 25ms,QUORUM,ONE,cassandra2,cassandra2,True,,2,False
159,2,MONOTONIC_READS,normal,netem delay 25ms 25ms,QUORUM,ONE,cassandra2,cassandra2,True,2,2,False
159,3,MONOTONIC_READS,normal,netem delay 25ms 25ms,QUORUM,ONE,cassandra2,cassandra3,False,2,2,False
159,4,MONOTONIC_READS,normal,netem delay 25ms 25ms,QUORUM,ONE,cassandra2,cassandra2,True,2,2,False
159,5,MONOTONIC_READS,normal,netem delay 25ms 25ms,QUORUM,ONE,cassandra2,cassandra2,True,2,2,False
160,1,MONOTONIC_READS,normal,netem delay 25ms 25ms,QUORUM,ONE,cassandra1,cassandra2,False,,1,False
160,2,MONOTONIC_READS,normal,netem delay 25ms 25ms,QUORUM,ONE,cassandra1,cassandra1,True,1,2,False
160,3,MONOTONIC_READS,normal,netem delay 25ms 25ms,QUORUM,ONE,cassandra1,cassandra1,True,2,2,False
160,4,MONOTONIC_READS,normal,netem delay 25ms 25ms,QUORUM,ONE,cassandra1,cassandra3,False,2,2,False
160,5,MONOTONIC_READS,normal,netem delay 25ms 25ms,QUORUM,ONE,cassandra1,cassandra2,False,2,1,True
161,1,MONOTONIC_READS,normal,netem delay 25ms 25ms,QUORUM,ONE,cassandra3,cassandra3,True,,2,False
161,2,MONOTONIC_READS,normal,netem delay 25ms 25ms,QUORUM,ONE,cassandra3,cassandra3,True,2,2,False
161,3,MONOTONIC_READS,normal,netem delay 25ms 25ms,QUORUM,ONE,cassandra3,cassandra3,True,2,2,False
161,4,MONOTONIC_READS,normal,netem delay 25ms 25ms,QUORUM,ONE,cassandra3,cassandra2,False,2,2,False
161,5,MONOTONIC_READS,normal,netem delay 25ms 25ms,QUORUM,ONE,cassandra3,cassandra1,False,2,2,False
162,1,MONOTONIC_READS,normal,netem delay 25ms 25ms,QUORUM,ONE,cassandra3,cassandra2,False,,2,False
162,2,MONOTONIC_READS,normal,netem delay 25ms 25ms,QUORUM,ONE,cassandra3,cassandra2,False,2,2,False
162,3,MONOTONIC_READS,normal,netem delay 25ms 25ms,QUORUM,ONE,cassandra3,cassandra3,True,2,2,False
162,4,MONOTONIC_READS,normal,netem delay 25ms 25ms,QUORUM,ONE,cassandra3,cassandra3,True,2,2,False
162,5,MONOTONIC_READS,normal,netem delay 25ms 25ms,QUORUM,ONE,cassandra3,cassandra2,False,2,2,False
163,1,MONOTONIC_READS,normal,netem delay 25ms 25ms,QUORUM,ONE,cassandra2,cassandra3,False,,2,False
163,2,MONOTONIC_READS,normal,netem delay 25ms 25ms,QUORUM,ONE,cassandra2,cassandra1,False,2,2,False
163,3,MONOTONIC_READS,normal,netem delay 25ms 25ms,QUORUM,ONE,cassandra2,cassandra2,True,2,2,False
163,4,MONOTONIC_READS,normal,netem delay 25ms 25ms,QUORUM,ONE,cassandra2,cassandra3,False,2,2,False
163,5,MONOTONIC_READS,normal,netem delay 25ms 25ms,QUORUM,ONE,cassandra2,cassandra3,False,2,2,False
164,1,MONOTONIC_READS,normal,netem delay 25ms 25ms,QUORUM,ONE,cassandra1,cassandra3,False,,2,False
164,2,MONOTONIC_READS,normal,netem delay 25ms 25ms,QUORUM,ONE,cassandra1,cassandra1,True,2,2,False
164,3,MONOTONIC_READS,normal,netem delay 25ms 25ms,QUORUM,ONE,cassandra1,cassandra3,False,2,2,False
164,4,MONOTONIC_READS,normal,netem delay 25ms 25ms,QUORUM,ONE,cassandra1,cassandra1,True,2,2,False
164,5,MONOTONIC_READS,normal,netem delay 25ms 25ms,QUORUM,ONE,cassandra1,cassandra3,False,2,2,False
165,1,MONOTONIC_READS,normal,netem delay 25ms 25ms,QUORUM,ONE,cassandra2,cassandra2,True,,2,False
165,2,MONOTONIC_READS,normal,netem delay 25ms 25ms,QUORUM,ONE,cassandra2,cassandra3,False,2,2,False
165,3,MONOTONIC_READS,normal,netem delay 25ms 25ms,QUORUM,ONE,cassandra2,cassandra1,False,2,2,False
165,4,MONOTONIC_READS,normal,netem delay 25ms 25ms,QUORUM,ONE,cassandra2,cassandra2,True,2,2,False
165,5,MONOTONIC_READS,normal,netem delay 25ms 25ms,QUORUM,ONE,cassandra2,cassandra2,True,2,2,False
166,1,MONOTONIC_READS,normal,netem delay 25ms 25ms,QUORUM,ONE,cassandra3,cassandra1,False,,2,False
166,2,MONOTONIC_READS,normal,netem delay 25ms 25ms,QUORUM,ONE,cassandra3,cassandra3,True,2,2,False
166,3,MONOTONIC_READS,normal,netem delay 25ms 25ms,QUORUM,ONE,cassandra3,cassandra3,True,2,2,False
166,4,MONOTONIC_READS,normal,netem delay 25ms 25ms,QUORUM,ONE,cassandra3,cassandra2,False,2,2,False
166,5,MONOTONIC_READS,normal,netem delay 25ms 25ms,QUORUM,ONE,cassandra3,cassandra3,True,2,2,False
169,1,MONOTONIC_READS,normal,netem delay 25ms 25ms,QUORUM,ONE,cassandra2,cassandra2,True,,2,False
169,2,MONOTONIC_READS,normal,netem delay 25ms 25ms,QUORUM,ONE,cassandra2,cassandra1,False,2,2,False
169,3,MONOTONIC_READS,normal,netem delay 25ms 25ms,QUORUM,ONE,cassandra2,cassandra3,False,2,2,False
169,4,MONOTONIC_READS,normal,netem delay 25ms 25ms,QUORUM,ONE,cassandra2,cassandra3,False,2,2,False
169,5,MONOTONIC_READS,normal,netem delay 25ms 25ms,QUORUM,ONE,cassandra2,cassandra3,False,2,2,False
170,1,MONOTONIC_READS,normal,netem delay 25ms 25ms,QUORUM,ONE,cassandra2,cassandra2,True,,2,False
170,2,MONOTONIC_READS,normal,netem delay 25ms 25ms,QUORUM,ONE,cassandra2,cassandra2,True,2,2,False
170,3,MONOTONIC_READS,normal,netem delay 25ms 25ms,QUORUM,ONE,cassandra2,cassandra1,False,2,2,False
170,4,MONOTONIC_READS,normal,netem delay 25ms 25ms,QUORUM,ONE,cassandra2,cassandra2,True,2,2,False
170,5,MONOTONIC_READS,normal,netem delay 25ms 25ms,QUORUM,ONE,cassandra2,cassandra2,True,2,2,False
171,1,MONOTONIC_READS,normal,netem delay 25ms 25ms,QUORUM,ONE,cassandra3,cassandra3,True,,2,False
171,2,MONOTONIC_READS,normal,netem delay 25ms 25ms,QUORUM,ONE,cassandra3,cassandra3,True,2,2,False
171,3,MONOTONIC_READS,normal,netem delay 25ms 25ms,QUORUM,ONE,cassandra3,cassandra1,False,2,2,False
171,4,MONOTONIC_READS,normal,netem delay 25ms 25ms,QUORUM,ONE,cassandra3,cassandra3,True,2,2,False
171,5,MONOTONIC_READS,normal,netem delay 25ms 25ms,QUORUM,ONE,cassandra3,cassandra3,True,2,2,False
172,1,MONOTONIC_READS,normal,netem delay 25ms 25ms,QUORUM,ONE,cassandra1,cassandra2,False,,1,False
172,2,MONOTONIC_READS,normal,netem delay 25ms 25ms,QUORUM,ONE,cassandra1,cassandra3,False,1,2,False
172,3,MONOTONIC_READS,normal,netem delay 25ms 25ms,QUORUM,ONE,cassandra1,cassandra3,False,2,2,False
172,4,MONOTONIC_READS,normal,netem delay 25ms 25ms,QUORUM,ONE,cassandra1,cassandra2,False,2,2,False
172,5,MONOTONIC_READS,normal,netem delay 25ms 25ms,QUORUM,ONE,cassandra1,cassandra3,False,2,2,False
173,1,MONOTONIC_READS,normal,netem delay 25ms 25ms,QUORUM,ONE,cassandra2,cassandra3,False,,2,False
173,2,MONOTONIC_READS,normal,netem delay 25ms 25ms,QUORUM,ONE,cassandra2,cassandra1,False,2,2,False
173,3,MONOTONIC_READS,normal,netem delay 25ms 25ms,QUORUM,ONE,cassandra2,cassandra3,False,2,2,False
173,4,MONOTONIC_READS,normal,netem delay 25ms 25ms,QUORUM,ONE,cassandra2,cassandra2,True,2,2,False
173,5,MONOTONIC_READS,normal,netem delay 25ms 25ms,QUORUM,ONE,cassandra2,cassandra2,True,2,2,False
174,1,MONOTONIC_READS,normal,netem delay 25ms 25ms,QUORUM,ONE,cassandra2,cassandra3,False,,2,False
174,2,MONOTONIC_READS,normal,netem delay 25ms 25ms,QUORUM,ONE,cassandra2,cassandra3,False,2,2,False
174,3,MONOTONIC_READS,normal,netem delay 25ms 25ms,QUORUM,ONE,cassandra2,cassandra3,False,2,2,False
174,4,MONOTONIC_READS,normal,netem delay 25ms 25ms,QUORUM,ONE,cassandra2,cassandra3,False,2,2,False
174,5,MONOTONIC_READS,normal,netem delay 25ms 25ms,QUORUM,ONE,cassandra2,cassandra2,True,2,2,False
175,1,MONOTONIC_READS,normal,netem delay 25ms 25ms,QUORUM,ONE,cassandra1,cassandra2,False,,2,False
175,2,MONOTONIC_READS,normal,netem delay 25ms 25ms,QUORUM,ONE,cassandra1,cassandra2,False,2,2,False
175,3,MONOTONIC_READS,normal,netem delay 25ms 25ms,QUORUM,ONE,cassandra1,cassandra3,False,2,2,False
175,4,MONOTONIC_READS,normal,netem delay 25ms 25ms,QUORUM,ONE,cassandra1,cassandra3,False,2,2,False
175,5,MONOTONIC_READS,normal,netem delay 25ms 25ms,QUORUM,ONE,cassandra1,cassandra1,True,2,2,False
176,1,MONOTONIC_READS,normal,netem delay 25ms 25ms,QUORUM,ONE,cassandra3,cassandra1,False,,1,False
176,2,MONOTONIC_READS,normal,netem delay 25ms 25ms,QUORUM,ONE,cassandra3,cassandra3,True,1,2,False
176,3,MONOTONIC_READS,normal,netem delay 25ms 25ms,QUORUM,ONE,cassandra3,cassandra3,True,2,2,False
176,4,MONOTONIC_READS,normal,netem delay 25ms 25ms,QUORUM,ONE,cassandra3,cassandra1,False,2,2,False
176,5,MONOTONIC_READS,normal,netem delay 25ms 25ms,QUORUM,ONE,cassandra3,cassandra3,True,2,2,False
177,1,MONOTONIC_READS,normal,netem delay 25ms 25ms,QUORUM,ONE,cassandra1,cassandra3,False,,2,False
177,2,MONOTONIC_READS,normal,netem delay 25ms 25ms,QUORUM,ONE,cassandra1,cassandra2,False,2,2,False
177,3,MONOTONIC_READS,normal,netem delay 25ms 25ms,QUORUM,ONE,cassandra1,cassandra2,False,2,2,False
177,4,MONOTONIC_READS,normal,netem delay 25ms 25ms,QUORUM,ONE,cassandra1,cassandra3,False,2,2,False
177,5,MONOTONIC_READS,normal,netem delay 25ms 25ms,QUORUM,ONE,cassandra1,cassandra1,True,2,2,False
178,1,MONOTONIC_READS,normal,netem delay 25ms 25ms,QUORUM,ONE,cassandra3,cassandra1,False,,2,False
178,2,MONOTONIC_READS,normal,netem delay 25ms 25ms,QUORUM,ONE,cassandra3,cassandra2,False,2,2,False
178,3,MONOTONIC_READS,normal,netem delay 25ms 25ms,QUORUM,ONE,cassandra3,cassandra3,True,2,2,False
178,4,MONOTONIC_READS,normal,netem delay 25ms 25ms,QUORUM,ONE,cassandra3,cassandra1,False,2,2,False
178,5,MONOTONIC_READS,normal,netem delay 25ms 25ms,QUORUM,ONE,cassandra3,cassandra1,False,2,2,False
179,1,MONOTONIC_READS,normal,netem delay 25ms 25ms,QUORUM,ONE,cassandra3,cassandra2,False,,2,False
179,2,MONOTONIC_READS,normal,netem delay 25ms 25ms,QUORUM,ONE,cassandra3,cassandra3,True,2,2,False
179,3,MONOTONIC_READS,normal,netem delay 25ms 25ms,QUORUM,ONE,cassandra3,cassandra3,True,2,2,False
179,4,MONOTONIC_READS,normal,netem delay 25ms 25ms,QUORUM,ONE,cassandra3,cassandra3,True,2,2,False
179,5,MONOTONIC_READS,normal,netem delay 25ms 25ms,QUORUM,ONE,cassandra3,cassandra1,False,2,2,False
180,1,MONOTONIC_READS,normal,netem delay 25ms 25ms,QUORUM,ONE,cassandra3,cassandra3,True,,2,False
180,2,MONOTONIC_READS,normal,netem delay 25ms 25ms,QUORUM,ONE,cassandra3,cassandra3,True,2,2,False
180,3,MONOTONIC_READS,normal,netem delay 25ms 25ms,QUORUM,ONE,cassandra3,cassandra3,True,2,2,False
180,4,MONOTONIC_READS,normal,netem delay 25ms 25ms,QUORUM,ONE,cassandra3,cassandra3,True,2,2,False
180,5,MONOTONIC_READS,normal,netem delay 25ms 25ms,QUORUM,ONE,cassandra3,cassandra1,False,2,2,False
181,1,MONOTONIC_READS,normal,netem delay 25ms 25ms,QUORUM,ONE,cassandra2,cassandra2,True,,2,False
181,2,MONOTONIC_READS,normal,netem delay 25ms 25ms,QUORUM,ONE,cassandra2,cassandra2,True,2,2,False
181,3,MONOTONIC_READS,normal,netem delay 25ms 25ms,QUORUM,ONE,cassandra2,cassandra2,True,2,2,False
181,4,MONOTONIC_READS,normal,netem delay 25ms 25ms,QUORUM,ONE,cassandra2,cassandra2,True,2,2,False
181,5,MONOTONIC_READS,normal,netem delay 25ms 25ms,QUORUM,ONE,cassandra2,cassandra1,False,2,2,False
182,1,MONOTONIC_READS,normal,netem delay 25ms 25ms,QUORUM,ONE,cassandra3,cassandra1,False,,2,False
182,2,MONOTONIC_READS,normal,netem delay 25ms 25ms,QUORUM,ONE,cassandra3,cassandra2,False,2,2,False
182,3,MONOTONIC_READS,normal,netem delay 25ms 25ms,QUORUM,ONE,cassandra3,cassandra1,False,2,2,False
182,4,MONOTONIC_READS,normal,netem delay 25ms 25ms,QUORUM,ONE,cassandra3,cassandra2,False,2,2,False
182,5,MONOTONIC_READS,normal,netem delay 25ms 25ms,QUORUM,ONE,cassandra3,cassandra1,False,2,2,False
183,1,MONOTONIC_READS,normal,netem delay 25ms 25ms,QUORUM,ONE,cassandra1,cassandra1,True,,2,False
183,2,MONOTONIC_READS,normal,netem delay 25ms 25ms,QUORUM,ONE,cassandra1,cassandra3,False,2,2,False
183,3,MONOTONIC_READS,normal,netem delay 25ms 25ms,QUORUM,ONE,cassandra1,cassandra3,False,2,2,False
183,4,MONOTONIC_READS,normal,netem delay 25ms 25ms,QUORUM,ONE,cassandra1,cassandra2,False,2,2,False
183,5,MONOTONIC_READS,normal,netem delay 25ms 25ms,QUORUM,ONE,cassandra1,cassandra1,True,2,2,False
184,1,MONOTONIC_READS,normal,netem delay 25ms 25ms,QUORUM,ONE,cassandra3,cassandra2,False,,2,False
184,2,MONOTONIC_READS,normal,netem delay 25ms 25ms,QUORUM,ONE,cassandra3,cassandra3,True,2,2,False
184,3,MONOTONIC_READS,normal,netem delay 25ms 25ms,QUORUM,ONE,cassandra3,cassandra3,True,2,2,False
184,4,MONOTONIC_READS,normal,netem delay 25ms 25ms,QUORUM,ONE,cassandra3,cassandra3,True,2,2,False
184,5,MONOTONIC_READS,normal,netem delay 25ms 25ms,QUORUM,ONE,cassandra3,cassandra1,False,2,2,False
185,1,MONOTONIC_READS,normal,netem delay 25ms 25ms,QUORUM,ONE,cassandra3,cassandra1,False,,2,False
185,2,MONOTONIC_READS,normal,netem delay 25ms 25ms,QUORUM,ONE,cassandra3,cassandra1,False,2,2,False
185,3,MONOTONIC_READS,normal,netem delay 25ms 25ms,QUORUM,ONE,cassandra3,cassandra1,False,2,2,False
185,4,MONOTONIC_READS,normal,netem delay 25ms 25ms,QUORUM,ONE,cassandra3,cassandra1,False,2,2,False
185,5,MONOTONIC_READS,normal,netem delay 25ms 25ms,QUORUM,ONE,cassandra3,cassandra3,True,2,2,False
186,1,MONOTONIC_READS,normal,netem delay 25ms 25ms,QUORUM,ONE,cassandra1,cassandra1,True,,2,False
186,2,MONOTONIC_READS,normal,netem delay 25ms 25ms,QUORUM,ONE,cassandra1,cassandra3,False,2,2,False
186,3,MONOTONIC_READS,normal,netem delay 25ms 25ms,QUORUM,ONE,cassandra1,cassandra1,True,2,2,False
186,4,MONOTONIC_READS,normal,netem delay 25ms 25ms,QUORUM,ONE,cassandra1,cassandra1,True,2,2,False
186,5,MONOTONIC_READS,normal,netem delay 25ms 25ms,QUORUM,ONE,cassandra1,cassandra2,False,2,2,False
187,1,MONOTONIC_READS,normal,netem delay 25ms 25ms,QUORUM,ONE,cassandra1,cassandra2,False,,2,False
187,2,MONOTONIC_READS,normal,netem delay 25ms 25ms,QUORUM,ONE,cassandra1,cassandra1,True,2,2,False
187,3,MONOTONIC_READS,normal,netem delay 25ms 25ms,QUORUM,ONE,cassandra1,cassandra3,False,2,2,False
187,4,MONOTONIC_READS,normal,netem delay 25ms 25ms,QUORUM,ONE,cassandra1,cassandra1,True,2,2,False
187,5,MONOTONIC_READS,normal,netem delay 25ms 25ms,QUORUM,ONE,cassandra1,cassandra1,True,2,2,False
188,1,MONOTONIC_READS,normal,netem delay 25ms 25ms,QUORUM,ONE,cassandra3,cassandra1,False,,2,False
188,2,MONOTONIC_READS,normal,netem delay 25ms 25ms,QUORUM,ONE,cassandra3,cassandra2,False,2,2,False
188,3,MONOTONIC_READS,normal,netem delay 25ms 25ms,QUORUM,ONE,cassandra3,cassandra1,False,2,2,False
188,4,MONOTONIC_READS,normal,netem delay 25ms 25ms,QUORUM,ONE,cassandra3,cassandra2,False,2,2,False
188,5,MONOTONIC_READS,normal,netem delay 25ms 25ms,QUORUM,ONE,cassandra3,cassandra3,True,2,2,False
189,1,MONOTONIC_READS,normal,netem delay 25ms 25ms,QUORUM,ONE,cassandra2,cassandra2,True,,2,False
189,2,MONOTONIC_READS,normal,netem delay 25ms 25ms,QUORUM,ONE,cassandra2,cassandra3,False,2,2,False
189,3,MONOTONIC_READS,normal,netem delay 25ms 25ms,QUORUM,ONE,cassandra2,cassandra2,True,2,2,False
189,4,MONOTONIC_READS,normal,netem delay 25ms 25ms,QUORUM,ONE,cassandra2,cassandra3,False,2,2,False
189,5,MONOTONIC_READS,normal,netem delay 25ms 25ms,QUORUM,ONE,cassandra2,cassandra1,False,2,2,False
190,1,MONOTONIC_READS,normal,netem delay 25ms 25ms,QUORUM,ONE,cassandra1,cassandra1,True,,2,False
190,2,MONOTONIC_READS,normal,netem delay 25ms 25ms,QUORUM,ONE,cassandra1,cassandra1,True,2,2,False
190,3,MONOTONIC_READS,normal,netem delay 25ms 25ms,QUORUM,ONE,cassandra1,cassandra3,False,2,2,False
190,4,MONOTONIC_READS,normal,netem delay 25ms 25ms,QUORUM,ONE,cassandra1,cassandra3,False,2,2,False
190,5,MONOTONIC_READS,normal,netem delay 25ms 25ms,QUORUM,ONE,cassandra1,cassandra2,False,2,2,False
191,1,MONOTONIC_READS,normal,netem delay 25ms 25ms,QUORUM,ONE,cassandra1,cassandra1,True,,2,False
191,2,MONOTONIC_READS,normal,netem delay 25ms 25ms,QUORUM,ONE,cassandra1,cassandra2,False,2,2,False
191,3,MONOTONIC_READS,normal,netem delay 25ms 25ms,QUORUM,ONE,cassandra1,cassandra3,False,2,2,False
191,4,MONOTONIC_READS,normal,netem delay 25ms 25ms,QUORUM,ONE,cassandra1,cassandra3,False,2,2,False
191,5,MONOTONIC_READS,normal,netem delay 25ms 25ms,QUORUM,ONE,cassandra1,cassandra3,False,2,2,False
192,1,MONOTONIC_READS,normal,netem delay 25ms 25ms,QUORUM,ONE,cassandra3,cassandra3,True,,2,False
192,2,MONOTONIC_READS,normal,netem delay 25ms 25ms,QUORUM,ONE,cassandra3,cassandra2,False,2,2,False
192,3,MONOTONIC_READS,normal,netem delay 25ms 25ms,QUORUM,ONE,cassandra3,cassandra3,True,2,2,False
192,4,MONOTONIC_READS,normal,netem delay 25ms 25ms,QUORUM,ONE,cassandra3,cassandra2,False,2,2,False
192,5,MONOTONIC_READS,normal,netem delay 25ms 25ms,QUORUM,ONE,cassandra3,cassandra3,True,2,2,False
193,1,MONOTONIC_READS,normal,netem delay 25ms 25ms,QUORUM,ONE,cassandra1,cassandra2,False,,2,False
193,2,MONOTONIC_READS,normal,netem delay 25ms 25ms,QUORUM,ONE,cassandra1,cassandra2,False,2,2,False
193,3,MONOTONIC_READS,normal,netem delay 25ms 25ms,QUORUM,ONE,cassandra1,cassandra3,False,2,2,False
193,4,MONOTONIC_READS,normal,netem delay 25ms 25ms,QUORUM,ONE,cassandra1,cassandra2,False,2,2,False
193,5,MONOTONIC_READS,normal,netem delay 25ms 25ms,QUORUM,ONE,cassandra1,cassandra2,False,2,2,False
194,1,MONOTONIC_READS,normal,netem delay 25ms 25ms,QUORUM,ONE,cassandra2,cassandra2,True,,2,False
194,2,MONOTONIC_READS,normal,netem delay 25ms 25ms,QUORUM,ONE,cassandra2,cassandra1,False,2,2,False
194,3,MONOTONIC_READS,normal,netem delay 25ms 25ms,QUORUM,ONE,cassandra2,cassandra3,False,2,2,False
194,4,MONOTONIC_READS,normal,netem delay 25ms 25ms,QUORUM,ONE,cassandra2,cassandra1,False,2,2,False
194,5,MONOTONIC_READS,normal,netem delay 25ms 25ms,QUORUM,ONE,cassandra2,cassandra1,False,2,2,False
195,1,MONOTONIC_READS,normal,netem delay 25ms 25ms,QUORUM,ONE,cassandra1,cassandra3,False,,2,False
195,2,MONOTONIC_READS,normal,netem delay 25ms 25ms,QUORUM,ONE,cassandra1,cassandra3,False,2,2,False
195,3,MONOTONIC_READS,normal,netem delay 25ms 25ms,QUORUM,ONE,cassandra1,cassandra3,False,2,2,False
195,4,MONOTONIC_READS,normal,netem delay 25ms 25ms,QUORUM,ONE,cassandra1,cassandra2,False,2,2,False
195,5,MONOTONIC_READS,normal,netem delay 25ms 25ms,QUORUM,ONE,cassandra1,cassandra2,False,2,2,False
196,1,MONOTONIC_READS,normal,netem delay 25ms 25ms,QUORUM,ONE,cassandra2,cassandra1,False,,2,False
196,2,MONOTONIC_READS,normal,netem delay 25ms 25ms,QUORUM,ONE,cassandra2,cassandra1,False,2,2,False
196,3,MONOTONIC_READS,normal,netem delay 25ms 25ms,QUORUM,ONE,cassandra2,cassandra2,True,2,2,False
196,4,MONOTONIC_READS,normal,netem delay 25ms 25ms,QUORUM,ONE,cassandra2,cassandra2,True,2,2,False
196,5,MONOTONIC_READS,normal,netem delay 25ms 25ms,QUORUM,ONE,cassandra2,cassandra1,False,2,2,False
197,1,MONOTONIC_READS,normal,netem delay 25ms 25ms,QUORUM,ONE,cassandra1,cassandra2,False,,2,False
197,2,MONOTONIC_READS,normal,netem delay 25ms 25ms,QUORUM,ONE,cassandra1,cassandra2,False,2,2,False
197,3,MONOTONIC_READS,normal,netem delay 25ms 25ms,QUORUM,ONE,cassandra1,cassandra1,True,2,2,False
197,4,MONOTONIC_READS,normal,netem delay 25ms 25ms,QUORUM,ONE,cassandra1,cassandra3,False,2,2,False
197,5,MONOTONIC_READS,normal,netem delay 25ms 25ms,QUORUM,ONE,cassandra1,cassandra3,False,2,2,False
198,1,MONOTONIC_READS,normal,netem delay 25ms 25ms,QUORUM,ONE,cassandra2,cassandra3,False,,2,False
198,2,MONOTONIC_READS,normal,netem delay 25ms 25ms,QUORUM,ONE,cassandra2,cassandra1,False,2,2,False
198,3,MONOTONIC_READS,normal,netem delay 25ms 25ms,QUORUM,ONE,cassandra2,cassandra2,True,2,2,False
198,4,MONOTONIC_READS,normal,netem delay 25ms 25ms,QUORUM,ONE,cassandra2,cassandra2,True,2,2,False
198,5,MONOTONIC_READS,normal,netem delay 25ms 25ms,QUORUM,ONE,cassandra2,cassandra3,False,2,2,False
199,1,MONOTONIC_READS,normal,netem delay 25ms 25ms,QUORUM,ONE,cassandra1,cassandra1,True,,2,False
199,2,MONOTONIC_READS,normal,netem delay 25ms 25ms,QUORUM,ONE,cassandra1,cassandra2,False,2,2,False
199,3,MONOTONIC_READS,normal,netem delay 25ms 25ms,QUORUM,ONE,cassandra1,cassandra3,False,2,2,False
199,4,MONOTONIC_READS,normal,netem delay 25ms 25ms,QUORUM,ONE,cassandra1,cassandra1,True,2,2,False
199,5,MONOTONIC_READS,normal,netem delay 25ms 25ms,QUORUM,ONE,cassandra1,cassandra2,False,2,2,False
200,1,MONOTONIC_READS,normal,netem delay 25ms 25ms,QUORUM,ONE,cassandra2,cassandra1,False,,2,False
200,2,MONOTONIC_READS,normal,netem delay 25ms 25ms,QUORUM,ONE,cassandra2,cassandra2,True,2,2,False
200,3,MONOTONIC_READS,normal,netem delay 25ms 25ms,QUORUM,ONE,cassandra2,cassandra2,True,2,2,False
200,4,MONOTONIC_READS,normal,netem delay 25ms 25ms,QUORUM,ONE,cassandra2,cassandra1,False,2,2,False
200,5,MONOTONIC_READS,normal,netem delay 25ms 25ms,QUORUM,ONE,cassandra2,cassandra1,False,2,2,False
1,1,MONOTONIC_READS,normal,netem delay 25ms 25ms,QUORUM,QUORUM,cassandra2,cassandra3,False,,2,False
1,2,MONOTONIC_READS,normal,netem delay 25ms 25ms,QUORUM,QUORUM,cassandra2,cassandra1,False,2,2,False
1,3,MONOTONIC_READS,normal,netem delay 25ms 25ms,QUORUM,QUORUM,cassandra2,cassandra1,False,2,2,False
1,4,MONOTONIC_READS,normal,netem delay 25ms 25ms,QUORUM,QUORUM,cassandra2,cassandra2,True,2,2,False
1,5,MONOTONIC_READS,normal,netem delay 25ms 25ms,QUORUM,QUORUM,cassandra2,cassandra3,False,2,2,False
2,1,MONOTONIC_READS,normal,netem delay 25ms 25ms,QUORUM,QUORUM,cassandra1,cassandra1,True,,2,False
2,2,MONOTONIC_READS,normal,netem delay 25ms 25ms,QUORUM,QUORUM,cassandra1,cassandra1,True,2,2,False
2,3,MONOTONIC_READS,normal,netem delay 25ms 25ms,QUORUM,QUORUM,cassandra1,cassandra2,False,2,2,False
2,4,MONOTONIC_READS,normal,netem delay 25ms 25ms,QUORUM,QUORUM,cassandra1,cassandra1,True,2,2,False
2,5,MONOTONIC_READS,normal,netem delay 25ms 25ms,QUORUM,QUORUM,cassandra1,cassandra1,True,2,2,False
3,1,MONOTONIC_READS,normal,netem delay 25ms 25ms,QUORUM,QUORUM,cassandra2,cassandra2,True,,2,False
3,2,MONOTONIC_READS,normal,netem delay 25ms 25ms,QUORUM,QUORUM,cassandra2,cassandra1,False,2,2,False
3,3,MONOTONIC_READS,normal,netem delay 25ms 25ms,QUORUM,QUORUM,cassandra2,cassandra2,True,2,2,False
3,4,MONOTONIC_READS,normal,netem delay 25ms 25ms,QUORUM,QUORUM,cassandra2,cassandra3,False,2,2,False
3,5,MONOTONIC_READS,normal,netem delay 25ms 25ms,QUORUM,QUORUM,cassandra2,cassandra2,True,2,2,False
4,1,MONOTONIC_READS,normal,netem delay 25ms 25ms,QUORUM,QUORUM,cassandra3,cassandra2,False,,2,False
4,2,MONOTONIC_READS,normal,netem delay 25ms 25ms,QUORUM,QUORUM,cassandra3,cassandra2,False,2,2,False
4,3,MONOTONIC_READS,normal,netem delay 25ms 25ms,QUORUM,QUORUM,cassandra3,cassandra2,False,2,2,False
4,4,MONOTONIC_READS,normal,netem delay 25ms 25ms,QUORUM,QUORUM,cassandra3,cassandra1,False,2,2,False
4,5,MONOTONIC_READS,normal,netem delay 25ms 25ms,QUORUM,QUORUM,cassandra3,cassandra3,True,2,2,False
5,1,MONOTONIC_READS,normal,netem delay 25ms 25ms,QUORUM,QUORUM,cassandra2,cassandra2,True,,2,False
5,2,MONOTONIC_READS,normal,netem delay 25ms 25ms,QUORUM,QUORUM,cassandra2,cassandra2,True,2,2,False
5,3,MONOTONIC_READS,normal,netem delay 25ms 25ms,QUORUM,QUORUM,cassandra2,cassandra1,False,2,2,False
5,4,MONOTONIC_READS,normal,netem delay 25ms 25ms,QUORUM,QUORUM,cassandra2,cassandra2,True,2,2,False
5,5,MONOTONIC_READS,normal,netem delay 25ms 25ms,QUORUM,QUORUM,cassandra2,cassandra2,True,2,2,False
6,1,MONOTONIC_READS,normal,netem delay 25ms 25ms,QUORUM,QUORUM,cassandra1,cassandra2,False,,2,False
6,2,MONOTONIC_READS,normal,netem delay 25ms 25ms,QUORUM,QUORUM,cassandra1,cassandra1,True,2,2,False
6,3,MONOTONIC_READS,normal,netem delay 25ms 25ms,QUORUM,QUORUM,cassandra1,cassandra2,False,2,2,False
6,4,MONOTONIC_READS,normal,netem delay 25ms 25ms,QUORUM,QUORUM,cassandra1,cassandra1,True,2,2,False
6,5,MONOTONIC_READS,normal,netem delay 25ms 25ms,QUORUM,QUORUM,cassandra1,cassandra1,True,2,2,False
7,1,MONOTONIC_READS,normal,netem delay 25ms 25ms,QUORUM,QUORUM,cassandra2,cassandra2,True,,2,False
7,2,MONOTONIC_READS,normal,netem delay 25ms 25ms,QUORUM,QUORUM,cassandra2,cassandra3,False,2,2,False
7,3,MONOTONIC_READS,normal,netem delay 25ms 25ms,QUORUM,QUORUM,cassandra2,cassandra1,False,2,2,False
7,4,MONOTONIC_READS,normal,netem delay 25ms 25ms,QUORUM,QUORUM,cassandra2,cassandra1,False,2,2,False
7,5,MONOTONIC_READS,normal,netem delay 25ms 25ms,QUORUM,QUORUM,cassandra2,cassandra2,True,2,2,False
8,1,MONOTONIC_READS,normal,netem delay 25ms 25ms,QUORUM,QUORUM,cassandra3,cassandra1,False,,2,False
8,2,MONOTONIC_READS,normal,netem delay 25ms 25ms,QUORUM,QUORUM,cassandra3,cassandra2,False,2,2,False
8,3,MONOTONIC_READS,normal,netem delay 25ms 25ms,QUORUM,QUORUM,cassandra3,cassandra3,True,2,2,False
8,4,MONOTONIC_READS,normal,netem delay 25ms 25ms,QUORUM,QUORUM,cassandra3,cassandra3,True,2,2,False
8,5,MONOTONIC_READS,normal,netem delay 25ms 25ms,QUORUM,QUORUM,cassandra3,cassandra2,False,2,2,False
9,1,MONOTONIC_READS,normal,netem delay 25ms 25ms,QUORUM,QUORUM,cassandra3,cassandra3,True,,2,False
9,2,MONOTONIC_READS,normal,netem delay 25ms 25ms,QUORUM,QUORUM,cassandra3,cassandra2,False,2,2,False
9,3,MONOTONIC_READS,normal,netem delay 25ms 25ms,QUORUM,QUORUM,cassandra3,cassandra1,False,2,2,False
9,4,MONOTONIC_READS,normal,netem delay 25ms 25ms,QUORUM,QUORUM,cassandra3,cassandra1,False,2,2,False
9,5,MONOTONIC_READS,normal,netem delay 25ms 25ms,QUORUM,QUORUM,cassandra3,cassandra2,False,2,2,False
10,1,MONOTONIC_READS,normal,netem delay 25ms 25ms,QUORUM,QUORUM,cassandra2,cassandra1,False,,2,False
10,2,MONOTONIC_READS,normal,netem delay 25ms 25ms,QUORUM,QUORUM,cassandra2,cassandra3,False,2,2,False
10,3,MONOTONIC_READS,normal,netem delay 25ms 25ms,QUORUM,QUORUM,cassandra2,cassandra2,True,2,2,False
10,4,MONOTONIC_READS,normal,netem delay 25ms 25ms,QUORUM,QUORUM,cassandra2,cassandra3,False,2,2,False
10,5,MONOTONIC_READS,normal,netem delay 25ms 25ms,QUORUM,QUORUM,cassandra2,cassandra3,False,2,2,False
11,1,MONOTONIC_READS,normal,netem delay 25ms 25ms,QUORUM,QUORUM,cassandra3,cassandra1,False,,2,False
11,2,MONOTONIC_READS,normal,netem delay 25ms 25ms,QUORUM,QUORUM,cassandra3,cassandra1,False,2,2,False
11,3,MONOTONIC_READS,normal,netem delay 25ms 25ms,QUORUM,QUORUM,cassandra3,cassandra2,False,2,2,False
11,4,MONOTONIC_READS,normal,netem delay 25ms 25ms,QUORUM,QUORUM,cassandra3,cassandra3,True,2,2,False
11,5,MONOTONIC_READS,normal,netem delay 25ms 25ms,QUORUM,QUORUM,cassandra3,cassandra2,False,2,2,False
12,1,MONOTONIC_READS,normal,netem delay 25ms 25ms,QUORUM,QUORUM,cassandra2,cassandra3,False,,2,False
12,2,MONOTONIC_READS,normal,netem delay 25ms 25ms,QUORUM,QUORUM,cassandra2,cassandra2,True,2,2,False
12,3,MONOTONIC_READS,normal,netem delay 25ms 25ms,QUORUM,QUORUM,cassandra2,cassandra1,False,2,2,False
12,4,MONOTONIC_READS,normal,netem delay 25ms 25ms,QUORUM,QUORUM,cassandra2,cassandra2,True,2,2,False
12,5,MONOTONIC_READS,normal,netem delay 25ms 25ms,QUORUM,QUORUM,cassandra2,cassandra1,False,2,2,False
13,1,MONOTONIC_READS,normal,netem delay 25ms 25ms,QUORUM,QUORUM,cassandra2,cassandra1,False,,2,False
13,2,MONOTONIC_READS,normal,netem delay 25ms 25ms,QUORUM,QUORUM,cassandra2,cassandra2,True,2,2,False
13,3,MONOTONIC_READS,normal,netem delay 25ms 25ms,QUORUM,QUORUM,cassandra2,cassandra3,False,2,2,False
13,4,MONOTONIC_READS,normal,netem delay 25ms 25ms,QUORUM,QUORUM,cassandra2,cassandra1,False,2,2,False
13,5,MONOTONIC_READS,normal,netem delay 25ms 25ms,QUORUM,QUORUM,cassandra2,cassandra1,False,2,2,False
14,1,MONOTONIC_READS,normal,netem delay 25ms 25ms,QUORUM,QUORUM,cassandra1,cassandra3,False,,2,False
14,2,MONOTONIC_READS,normal,netem delay 25ms 25ms,QUORUM,QUORUM,cassandra1,cassandra1,True,2,2,False
14,3,MONOTONIC_READS,normal,netem delay 25ms 25ms,QUORUM,QUORUM,cassandra1,cassandra2,False,2,2,False
14,4,MONOTONIC_READS,normal,netem delay 25ms 25ms,QUORUM,QUORUM,cassandra1,cassandra1,True,2,2,False
14,5,MONOTONIC_READS,normal,netem delay 25ms 25ms,QUORUM,QUORUM,cassandra1,cassandra3,False,2,2,False
15,1,MONOTONIC_READS,normal,netem delay 25ms 25ms,QUORUM,QUORUM,cassandra2,cassandra2,True,,2,False
15,2,MONOTONIC_READS,normal,netem delay 25ms 25ms,QUORUM,QUORUM,cassandra2,cassandra1,False,2,2,False
15,3,MONOTONIC_READS,normal,netem delay 25ms 25ms,QUORUM,QUORUM,cassandra2,cassandra1,False,2,2,False
15,4,MONOTONIC_READS,normal,netem delay 25ms 25ms,QUORUM,QUORUM,cassandra2,cassandra3,False,2,2,False
15,5,MONOTONIC_READS,normal,netem delay 25ms 25ms,QUORUM,QUORUM,cassandra2,cassandra1,False,2,2,False
16,1,MONOTONIC_READS,normal,netem delay 25ms 25ms,QUORUM,QUORUM,cassandra2,cassandra2,True,,2,False
16,2,MONOTONIC_READS,normal,netem delay 25ms 25ms,QUORUM,QUORUM,cassandra2,cassandra1,False,2,2,False
16,3,MONOTONIC_READS,normal,netem delay 25ms 25ms,QUORUM,QUORUM,cassandra2,cassandra1,False,2,2,False
16,4,MONOTONIC_READS,normal,netem delay 25ms 25ms,QUORUM,QUORUM,cassandra2,cassandra3,False,2,2,False
16,5,MONOTONIC_READS,normal,netem delay 25ms 25ms,QUORUM,QUORUM,cassandra2,cassandra3,False,2,2,False
17,1,MONOTONIC_READS,normal,netem delay 25ms 25ms,QUORUM,QUORUM,cassandra1,cassandra2,False,,2,False
17,2,MONOTONIC_READS,normal,netem delay 25ms 25ms,QUORUM,QUORUM,cassandra1,cassandra1,True,2,2,False
17,3,MONOTONIC_READS,normal,netem delay 25ms 25ms,QUORUM,QUORUM,cassandra1,cassandra3,False,2,2,False
17,4,MONOTONIC_READS,normal,netem delay 25ms 25ms,QUORUM,QUORUM,cassandra1,cassandra1,True,2,2,False
17,5,MONOTONIC_READS,normal,netem delay 25ms 25ms,QUORUM,QUORUM,cassandra1,cassandra3,False,2,2,False
18,1,MONOTONIC_READS,normal,netem delay 25ms 25ms,QUORUM,QUORUM,cassandra2,cassandra1,False,,2,False
18,2,MONOTONIC_READS,normal,netem delay 25ms 25ms,QUORUM,QUORUM,cassandra2,cassandra3,False,2,2,False
18,3,MONOTONIC_READS,normal,netem delay 25ms 25ms,QUORUM,QUORUM,cassandra2,cassandra1,False,2,2,False
18,4,MONOTONIC_READS,normal,netem delay 25ms 25ms,QUORUM,QUORUM,cassandra2,cassandra3,False,2,2,False
18,5,MONOTONIC_READS,normal,netem delay 25ms 25ms,QUORUM,QUORUM,cassandra2,cassandra2,True,2,2,False
19,1,MONOTONIC_READS,normal,netem delay 25ms 25ms,QUORUM,QUORUM,cassandra2,cassandra2,True,,2,False
19,2,MONOTONIC_READS,normal,netem delay 25ms 25ms,QUORUM,QUORUM,cassandra2,cassandra2,True,2,2,False
19,3,MONOTONIC_READS,normal,netem delay 25ms 25ms,QUORUM,QUORUM,cassandra2,cassandra2,True,2,2,False
19,4,MONOTONIC_READS,normal,netem delay 25ms 25ms,QUORUM,QUORUM,cassandra2,cassandra1,False,2,2,False
19,5,MONOTONIC_READS,normal,netem delay 25ms 25ms,QUORUM,QUORUM,cassandra2,cassandra3,False,2,2,False
20,1,MONOTONIC_READS,normal,netem delay 25ms 25ms,QUORUM,QUORUM,cassandra2,cassandra3,False,,2,False
20,2,MONOTONIC_READS,normal,netem delay 25ms 25ms,QUORUM,QUORUM,cassandra2,cassandra3,False,2,2,False
20,3,MONOTONIC_READS,normal,netem delay 25ms 25ms,QUORUM,QUORUM,cassandra2,cassandra2,True,2,2,False
20,4,MONOTONIC_READS,normal,netem delay 25ms 25ms,QUORUM,QUORUM,cassandra2,cassandra1,False,2,2,False
20,5,MONOTONIC_READS,normal,netem delay 25ms 25ms,QUORUM,QUORUM,cassandra2,cassandra2,True,2,2,False
21,1,MONOTONIC_READS,normal,netem delay 25ms 25ms,QUORUM,QUORUM,cassandra3,cassandra1,False,,2,False
21,2,MONOTONIC_READS,normal,netem delay 25ms 25ms,QUORUM,QUORUM,cassandra3,cassandra2,False,2,2,False
21,3,MONOTONIC_READS,normal,netem delay 25ms 25ms,QUORUM,QUORUM,cassandra3,cassandra1,False,2,2,False
21,4,MONOTONIC_READS,normal,netem delay 25ms 25ms,QUORUM,QUORUM,cassandra3,cassandra2,False,2,2,False
21,5,MONOTONIC_READS,normal,netem delay 25ms 25ms,QUORUM,QUORUM,cassandra3,cassandra2,False,2,2,False
22,1,MONOTONIC_READS,normal,netem delay 25ms 25ms,QUORUM,QUORUM,cassandra3,cassandra1,False,,2,False
22,2,MONOTONIC_READS,normal,netem delay 25ms 25ms,QUORUM,QUORUM,cassandra3,cassandra2,False,2,2,False
22,3,MONOTONIC_READS,normal,netem delay 25ms 25ms,QUORUM,QUORUM,cassandra3,cassandra2,False,2,2,False
22,4,MONOTONIC_READS,normal,netem delay 25ms 25ms,QUORUM,QUORUM,cassandra3,cassandra1,False,2,2,False
22,5,MONOTONIC_READS,normal,netem delay 25ms 25ms,QUORUM,QUORUM,cassandra3,cassandra1,False,2,2,False
23,1,MONOTONIC_READS,normal,netem delay 25ms 25ms,QUORUM,QUORUM,cassandra3,cassandra3,True,,2,False
23,2,MONOTONIC_READS,normal,netem delay 25ms 25ms,QUORUM,QUORUM,cassandra3,cassandra3,True,2,2,False
23,3,MONOTONIC_READS,normal,netem delay 25ms 25ms,QUORUM,QUORUM,cassandra3,cassandra2,False,2,2,False
23,4,MONOTONIC_READS,normal,netem delay 25ms 25ms,QUORUM,QUORUM,cassandra3,cassandra3,True,2,2,False
23,5,MONOTONIC_READS,normal,netem delay 25ms 25ms,QUORUM,QUORUM,cassandra3,cassandra2,False,2,2,False
24,1,MONOTONIC_READS,normal,netem delay 25ms 25ms,QUORUM,QUORUM,cassandra2,cassandra2,True,,2,False
24,2,MONOTONIC_READS,normal,netem delay 25ms 25ms,QUORUM,QUORUM,cassandra2,cassandra1,False,2,2,False
24,3,MONOTONIC_READS,normal,netem delay 25ms 25ms,QUORUM,QUORUM,cassandra2,cassandra1,False,2,2,False
24,4,MONOTONIC_READS,normal,netem delay 25ms 25ms,QUORUM,QUORUM,cassandra2,cassandra3,False,2,2,False
24,5,MONOTONIC_READS,normal,netem delay 25ms 25ms,QUORUM,QUORUM,cassandra2,cassandra2,True,2,2,False
25,1,MONOTONIC_READS,normal,netem delay 25ms 25ms,QUORUM,QUORUM,cassandra3,cassandra2,False,,2,False
25,2,MONOTONIC_READS,normal,netem delay 25ms 25ms,QUORUM,QUORUM,cassandra3,cassandra1,False,2,2,False
25,3,MONOTONIC_READS,normal,netem delay 25ms 25ms,QUORUM,QUORUM,cassandra3,cassandra1,False,2,2,False
25,4,MONOTONIC_READS,normal,netem delay 25ms 25ms,QUORUM,QUORUM,cassandra3,cassandra3,True,2,2,False
25,5,MONOTONIC_READS,normal,netem delay 25ms 25ms,QUORUM,QUORUM,cassandra3,cassandra1,False,2,2,False
26,1,MONOTONIC_READS,normal,netem delay 25ms 25ms,QUORUM,QUORUM,cassandra3,cassandra2,False,,2,False
26,2,MONOTONIC_READS,normal,netem delay 25ms 25ms,QUORUM,QUORUM,cassandra3,cassandra3,True,2,2,False
26,3,MONOTONIC_READS,normal,netem delay 25ms 25ms,QUORUM,QUORUM,cassandra3,cassandra3,True,2,2,False
26,4,MONOTONIC_READS,normal,netem delay 25ms 25ms,QUORUM,QUORUM,cassandra3,cassandra1,False,2,2,False
26,5,MONOTONIC_READS,normal,netem delay 25ms 25ms,QUORUM,QUORUM,cassandra3,cassandra1,False,2,2,False
27,1,MONOTONIC_READS,normal,netem delay 25ms 25ms,QUORUM,QUORUM,cassandra3,cassandra2,False,,2,False
27,2,MONOTONIC_READS,normal,netem delay 25ms 25ms,QUORUM,QUORUM,cassandra3,cassandra1,False,2,2,False
27,3,MONOTONIC_READS,normal,netem delay 25ms 25ms,QUORUM,QUORUM,cassandra3,cassandra2,False,2,2,False
27,4,MONOTONIC_READS,normal,netem delay 25ms 25ms,QUORUM,QUORUM,cassandra3,cassandra3,True,2,2,False
27,5,MONOTONIC_READS,normal,netem delay 25ms 25ms,QUORUM,QUORUM,cassandra3,cassandra3,True,2,2,False
28,1,MONOTONIC_READS,normal,netem delay 25ms 25ms,QUORUM,QUORUM,cassandra1,cassandra3,False,,2,False
28,2,MONOTONIC_READS,normal,netem delay 25ms 25ms,QUORUM,QUORUM,cassandra1,cassandra2,False,2,2,False
28,3,MONOTONIC_READS,normal,netem delay 25ms 25ms,QUORUM,QUORUM,cassandra1,cassandra3,False,2,2,False
28,4,MONOTONIC_READS,normal,netem delay 25ms 25ms,QUORUM,QUORUM,cassandra1,cassandra2,False,2,2,False
28,5,MONOTONIC_READS,normal,netem delay 25ms 25ms,QUORUM,QUORUM,cassandra1,cassandra3,False,2,2,False
29,1,MONOTONIC_READS,normal,netem delay 25ms 25ms,QUORUM,QUORUM,cassandra3,cassandra2,False,,2,False
29,2,MONOTONIC_READS,normal,netem delay 25ms 25ms,QUORUM,QUORUM,cassandra3,cassandra1,False,2,2,False
29,3,MONOTONIC_READS,normal,netem delay 25ms 25ms,QUORUM,QUORUM,cassandra3,cassandra2,False,2,2,False
29,4,MONOTONIC_READS,normal,netem delay 25ms 25ms,QUORUM,QUORUM,cassandra3,cassandra1,False,2,2,False
29,5,MONOTONIC_READS,normal,netem delay 25ms 25ms,QUORUM,QUORUM,cassandra3,cassandra2,False,2,2,False
30,1,MONOTONIC_READS,normal,netem delay 25ms 25ms,QUORUM,QUORUM,cassandra2,cassandra3,False,,2,False
30,2,MONOTONIC_READS,normal,netem delay 25ms 25ms,QUORUM,QUORUM,cassandra2,cassandra2,True,2,2,False
30,3,MONOTONIC_READS,normal,netem delay 25ms 25ms,QUORUM,QUORUM,cassandra2,cassandra1,False,2,2,False
30,4,MONOTONIC_READS,normal,netem delay 25ms 25ms,QUORUM,QUORUM,cassandra2,cassandra1,False,2,2,False
30,5,MONOTONIC_READS,normal,netem delay 25ms 25ms,QUORUM,QUORUM,cassandra2,cassandra2,True,2,2,False
31,1,MONOTONIC_READS,normal,netem delay 25ms 25ms,QUORUM,QUORUM,cassandra3,cassandra3,True,,2,False
31,2,MONOTONIC_READS,normal,netem delay 25ms 25ms,QUORUM,QUORUM,cassandra3,cassandra2,False,2,2,False
31,3,MONOTONIC_READS,normal,netem delay 25ms 25ms,QUORUM,QUORUM,cassandra3,cassandra1,False,2,2,False
31,4,MONOTONIC_READS,normal,netem delay 25ms 25ms,QUORUM,QUORUM,cassandra3,cassandra2,False,2,2,False
31,5,MONOTONIC_READS,normal,netem delay 25ms 25ms,QUORUM,QUORUM,cassandra3,cassandra3,True,2,2,False
32,1,MONOTONIC_READS,normal,netem delay 25ms 25ms,QUORUM,QUORUM,cassandra2,cassandra1,False,,2,False
32,2,MONOTONIC_READS,normal,netem delay 25ms 25ms,QUORUM,QUORUM,cassandra2,cassandra3,False,2,2,False
32,3,MONOTONIC_READS,normal,netem delay 25ms 25ms,QUORUM,QUORUM,cassandra2,cassandra1,False,2,2,False
32,4,MONOTONIC_READS,normal,netem delay 25ms 25ms,QUORUM,QUORUM,cassandra2,cassandra2,True,2,2,False
32,5,MONOTONIC_READS,normal,netem delay 25ms 25ms,QUORUM,QUORUM,cassandra2,cassandra2,True,2,2,False
33,1,MONOTONIC_READS,normal,netem delay 25ms 25ms,QUORUM,QUORUM,cassandra2,cassandra1,False,,2,False
33,2,MONOTONIC_READS,normal,netem delay 25ms 25ms,QUORUM,QUORUM,cassandra2,cassandra2,True,2,2,False
33,3,MONOTONIC_READS,normal,netem delay 25ms 25ms,QUORUM,QUORUM,cassandra2,cassandra1,False,2,2,False
33,4,MONOTONIC_READS,normal,netem delay 25ms 25ms,QUORUM,QUORUM,cassandra2,cassandra1,False,2,2,False
33,5,MONOTONIC_READS,normal,netem delay 25ms 25ms,QUORUM,QUORUM,cassandra2,cassandra1,False,2,2,False
34,1,MONOTONIC_READS,normal,netem delay 25ms 25ms,QUORUM,QUORUM,cassandra3,cassandra3,True,,2,False
34,2,MONOTONIC_READS,normal,netem delay 25ms 25ms,QUORUM,QUORUM,cassandra3,cassandra1,False,2,2,False
34,3,MONOTONIC_READS,normal,netem delay 25ms 25ms,QUORUM,QUORUM,cassandra3,cassandra2,False,2,2,False
34,4,MONOTONIC_READS,normal,netem delay 25ms 25ms,QUORUM,QUORUM,cassandra3,cassandra1,False,2,2,False
34,5,MONOTONIC_READS,normal,netem delay 25ms 25ms,QUORUM,QUORUM,cassandra3,cassandra3,True,2,2,False
35,1,MONOTONIC_READS,normal,netem delay 25ms 25ms,QUORUM,QUORUM,cassandra1,cassandra3,False,,2,False
35,2,MONOTONIC_READS,normal,netem delay 25ms 25ms,QUORUM,QUORUM,cassandra1,cassandra1,True,2,2,False
35,3,MONOTONIC_READS,normal,netem delay 25ms 25ms,QUORUM,QUORUM,cassandra1,cassandra2,False,2,2,False
35,4,MONOTONIC_READS,normal,netem delay 25ms 25ms,QUORUM,QUORUM,cassandra1,cassandra1,True,2,2,False
35,5,MONOTONIC_READS,normal,netem delay 25ms 25ms,QUORUM,QUORUM,cassandra1,cassandra3,False,2,2,False
36,1,MONOTONIC_READS,normal,netem delay 25ms 25ms,QUORUM,QUORUM,cassandra1,cassandra3,False,,2,False
36,2,MONOTONIC_READS,normal,netem delay 25ms 25ms,QUORUM,QUORUM,cassandra1,cassandra1,True,2,2,False
36,3,MONOTONIC_READS,normal,netem delay 25ms 25ms,QUORUM,QUORUM,cassandra1,cassandra1,True,2,2,False
36,4,MONOTONIC_READS,normal,netem delay 25ms 25ms,QUORUM,QUORUM,cassandra1,cassandra3,False,2,2,False
36,5,MONOTONIC_READS,normal,netem delay 25ms 25ms,QUORUM,QUORUM,cassandra1,cassandra1,True,2,2,False
37,1,MONOTONIC_READS,normal,netem delay 25ms 25ms,QUORUM,QUORUM,cassandra3,cassandra2,False,,2,False
37,2,MONOTONIC_READS,normal,netem delay 25ms 25ms,QUORUM,QUORUM,cassandra3,cassandra2,False,2,2,False
37,3,MONOTONIC_READS,normal,netem delay 25ms 25ms,QUORUM,QUORUM,cassandra3,cassandra3,True,2,2,False
37,4,MONOTONIC_READS,normal,netem delay 25ms 25ms,QUORUM,QUORUM,cassandra3,cassandra3,True,2,2,False
37,5,MONOTONIC_READS,normal,netem delay 25ms 25ms,QUORUM,QUORUM,cassandra3,cassandra3,True,2,2,False
38,1,MONOTONIC_READS,normal,netem delay 25ms 25ms,QUORUM,QUORUM,cassandra1,cassandra1,True,,2,False
38,2,MONOTONIC_READS,normal,netem delay 25ms 25ms,QUORUM,QUORUM,cassandra1,cassandra1,True,2,2,False
38,3,MONOTONIC_READS,normal,netem delay 25ms 25ms,QUORUM,QUORUM,cassandra1,cassandra2,False,2,2,False
38,4,MONOTONIC_READS,normal,netem delay 25ms 25ms,QUORUM,QUORUM,cassandra1,cassandra2,False,2,2,False
38,5,MONOTONIC_READS,normal,netem delay 25ms 25ms,QUORUM,QUORUM,cassandra1,cassandra1,True,2,2,False
39,1,MONOTONIC_READS,normal,netem delay 25ms 25ms,QUORUM,QUORUM,cassandra2,cassandra3,False,,2,False
39,2,MONOTONIC_READS,normal,netem delay 25ms 25ms,QUORUM,QUORUM,cassandra2,cassandra1,False,2,2,False
39,3,MONOTONIC_READS,normal,netem delay 25ms 25ms,QUORUM,QUORUM,cassandra2,cassandra1,False,2,2,False
39,4,MONOTONIC_READS,normal,netem delay 25ms 25ms,QUORUM,QUORUM,cassandra2,cassandra3,False,2,2,False
39,5,MONOTONIC_READS,normal,netem delay 25ms 25ms,QUORUM,QUORUM,cassandra2,cassandra1,False,2,2,False
40,1,MONOTONIC_READS,normal,netem delay 25ms 25ms,QUORUM,QUORUM,cassandra1,cassandra1,True,,2,False
40,2,MONOTONIC_READS,normal,netem delay 25ms 25ms,QUORUM,QUORUM,cassandra1,cassandra3,False,2,2,False
40,3,MONOTONIC_READS,normal,netem delay 25ms 25ms,QUORUM,QUORUM,cassandra1,cassandra2,False,2,2,False
40,4,MONOTONIC_READS,normal,netem delay 25ms 25ms,QUORUM,QUORUM,cassandra1,cassandra3,False,2,2,False
40,5,MONOTONIC_READS,normal,netem delay 25ms 25ms,QUORUM,QUORUM,cassandra1,cassandra2,False,2,2,False
41,1,MONOTONIC_READS,normal,netem delay 25ms 25ms,QUORUM,QUORUM,cassandra2,cassandra3,False,,2,False
41,2,MONOTONIC_READS,normal,netem delay 25ms 25ms,QUORUM,QUORUM,cassandra2,cassandra3,False,2,2,False
41,3,MONOTONIC_READS,normal,netem delay 25ms 25ms,QUORUM,QUORUM,cassandra2,cassandra1,False,2,2,False
41,4,MONOTONIC_READS,normal,netem delay 25ms 25ms,QUORUM,QUORUM,cassandra2,cassandra2,True,2,2,False
41,5,MONOTONIC_READS,normal,netem delay 25ms 25ms,QUORUM,QUORUM,cassandra2,cassandra1,False,2,2,False
42,1,MONOTONIC_READS,normal,netem delay 25ms 25ms,QUORUM,QUORUM,cassandra1,cassandra1,True,,2,False
42,2,MONOTONIC_READS,normal,netem delay 25ms 25ms,QUORUM,QUORUM,cassandra1,cassandra1,True,2,2,False
42,3,MONOTONIC_READS,normal,netem delay 25ms 25ms,QUORUM,QUORUM,cassandra1,cassandra1,True,2,2,False
42,4,MONOTONIC_READS,normal,netem delay 25ms 25ms,QUORUM,QUORUM,cassandra1,cassandra2,False,2,2,False
42,5,MONOTONIC_READS,normal,netem delay 25ms 25ms,QUORUM,QUORUM,cassandra1,cassandra3,False,2,2,False
43,1,MONOTONIC_READS,normal,netem delay 25ms 25ms,QUORUM,QUORUM,cassandra2,cassandra3,False,,2,False
43,2,MONOTONIC_READS,normal,netem delay 25ms 25ms,QUORUM,QUORUM,cassandra2,cassandra3,False,2,2,False
43,3,MONOTONIC_READS,normal,netem delay 25ms 25ms,QUORUM,QUORUM,cassandra2,cassandra2,True,2,2,False
43,4,MONOTONIC_READS,normal,netem delay 25ms 25ms,QUORUM,QUORUM,cassandra2,cassandra2,True,2,2,False
43,5,MONOTONIC_READS,normal,netem delay 25ms 25ms,QUORUM,QUORUM,cassandra2,cassandra3,False,2,2,False
44,1,MONOTONIC_READS,normal,netem delay 25ms 25ms,QUORUM,QUORUM,cassandra2,cassandra2,True,,2,False
44,2,MONOTONIC_READS,normal,netem delay 25ms 25ms,QUORUM,QUORUM,cassandra2,cassandra3,False,2,2,False
44,3,MONOTONIC_READS,normal,netem delay 25ms 25ms,QUORUM,QUORUM,cassandra2,cassandra3,False,2,2,False
44,4,MONOTONIC_READS,normal,netem delay 25ms 25ms,QUORUM,QUORUM,cassandra2,cassandra2,True,2,2,False
44,5,MONOTONIC_READS,normal,netem delay 25ms 25ms,QUORUM,QUORUM,cassandra2,cassandra1,False,2,2,False
45,1,MONOTONIC_READS,normal,netem delay 25ms 25ms,QUORUM,QUORUM,cassandra3,cassandra3,True,,2,False
45,2,MONOTONIC_READS,normal,netem delay 25ms 25ms,QUORUM,QUORUM,cassandra3,cassandra2,False,2,2,False
45,3,MONOTONIC_READS,normal,netem delay 25ms 25ms,QUORUM,QUORUM,cassandra3,cassandra3,True,2,2,False
45,4,MONOTONIC_READS,normal,netem delay 25ms 25ms,QUORUM,QUORUM,cassandra3,cassandra1,False,2,2,False
45,5,MONOTONIC_READS,normal,netem delay 25ms 25ms,QUORUM,QUORUM,cassandra3,cassandra3,True,2,2,False
46,1,MONOTONIC_READS,normal,netem delay 25ms 25ms,QUORUM,QUORUM,cassandra2,cassandra3,False,,2,False
46,2,MONOTONIC_READS,normal,netem delay 25ms 25ms,QUORUM,QUORUM,cassandra2,cassandra3,False,2,2,False
46,3,MONOTONIC_READS,normal,netem delay 25ms 25ms,QUORUM,QUORUM,cassandra2,cassandra2,True,2,2,False
46,4,MONOTONIC_READS,normal,netem delay 25ms 25ms,QUORUM,QUORUM,cassandra2,cassandra2,True,2,2,False
46,5,MONOTONIC_READS,normal,netem delay 25ms 25ms,QUORUM,QUORUM,cassandra2,cassandra1,False,2,2,False
47,1,MONOTONIC_READS,normal,netem delay 25ms 25ms,QUORUM,QUORUM,cassandra1,cassandra3,False,,2,False
47,2,MONOTONIC_READS,normal,netem delay 25ms 25ms,QUORUM,QUORUM,cassandra1,cassandra2,False,2,2,False
47,3,MONOTONIC_READS,normal,netem delay 25ms 25ms,QUORUM,QUORUM,cassandra1,cassandra2,False,2,2,False
47,4,MONOTONIC_READS,normal,netem delay 25ms 25ms,QUORUM,QUORUM,cassandra1,cassandra1,True,2,2,False
47,5,MONOTONIC_READS,normal,netem delay 25ms 25ms,QUORUM,QUORUM,cassandra1,cassandra3,False,2,2,False
48,1,MONOTONIC_READS,normal,netem delay 25ms 25ms,QUORUM,QUORUM,cassandra3,cassandra1,False,,2,False
48,2,MONOTONIC_READS,normal,netem delay 25ms 25ms,QUORUM,QUORUM,cassandra3,cassandra3,True,2,2,False
48,3,MONOTONIC_READS,normal,netem delay 25ms 25ms,QUORUM,QUORUM,cassandra3,cassandra2,False,2,2,False
48,4,MONOTONIC_READS,normal,netem delay 25ms 25ms,QUORUM,QUORUM,cassandra3,cassandra2,False,2,2,False
48,5,MONOTONIC_READS,normal,netem delay 25ms 25ms,QUORUM,QUORUM,cassandra3,cassandra2,False,2,2,False
49,1,MONOTONIC_READS,normal,netem delay 25ms 25ms,QUORUM,QUORUM,cassandra1,cassandra2,False,,2,False
49,2,MONOTONIC_READS,normal,netem delay 25ms 25ms,QUORUM,QUORUM,cassandra1,cassandra2,False,2,2,False
49,3,MONOTONIC_READS,normal,netem delay 25ms 25ms,QUORUM,QUORUM,cassandra1,cassandra3,False,2,2,False
49,4,MONOTONIC_READS,normal,netem delay 25ms 25ms,QUORUM,QUORUM,cassandra1,cassandra1,True,2,2,False
49,5,MONOTONIC_READS,normal,netem delay 25ms 25ms,QUORUM,QUORUM,cassandra1,cassandra1,True,2,2,False
50,1,MONOTONIC_READS,normal,netem delay 25ms 25ms,QUORUM,QUORUM,cassandra1,cassandra2,False,,2,False
50,2,MONOTONIC_READS,normal,netem delay 25ms 25ms,QUORUM,QUORUM,cassandra1,cassandra1,True,2,2,False
50,3,MONOTONIC_READS,normal,netem delay 25ms 25ms,QUORUM,QUORUM,cassandra1,cassandra3,False,2,2,False
50,4,MONOTONIC_READS,normal,netem delay 25ms 25ms,QUORUM,QUORUM,cassandra1,cassandra1,True,2,2,False
50,5,MONOTONIC_READS,normal,netem delay 25ms 25ms,QUORUM,QUORUM,cassandra1,cassandra2,False,2,2,False
51,1,MONOTONIC_READS,normal,netem delay 25ms 25ms,QUORUM,QUORUM,cassandra1,cassandra2,False,,2,False
51,2,MONOTONIC_READS,normal,netem delay 25ms 25ms,QUORUM,QUORUM,cassandra1,cassandra3,False,2,2,False
51,3,MONOTONIC_READS,normal,netem delay 25ms 25ms,QUORUM,QUORUM,cassandra1,cassandra2,False,2,2,False
51,4,MONOTONIC_READS,normal,netem delay 25ms 25ms,QUORUM,QUORUM,cassandra1,cassandra3,False,2,2,False
51,5,MONOTONIC_READS,normal,netem delay 25ms 25ms,QUORUM,QUORUM,cassandra1,cassandra1,True,2,2,False
52,1,MONOTONIC_READS,normal,netem delay 25ms 25ms,QUORUM,QUORUM,cassandra1,cassandra1,True,,2,False
52,2,MONOTONIC_READS,normal,netem delay 25ms 25ms,QUORUM,QUORUM,cassandra1,cassandra1,True,2,2,False
52,3,MONOTONIC_READS,normal,netem delay 25ms 25ms,QUORUM,QUORUM,cassandra1,cassandra1,True,2,2,False
52,4,MONOTONIC_READS,normal,netem delay 25ms 25ms,QUORUM,QUORUM,cassandra1,cassandra2,False,2,2,False
52,5,MONOTONIC_READS,normal,netem delay 25ms 25ms,QUORUM,QUORUM,cassandra1,cassandra2,False,2,2,False
53,1,MONOTONIC_READS,normal,netem delay 25ms 25ms,QUORUM,QUORUM,cassandra1,cassandra1,True,,2,False
53,2,MONOTONIC_READS,normal,netem delay 25ms 25ms,QUORUM,QUORUM,cassandra1,cassandra3,False,2,2,False
53,3,MONOTONIC_READS,normal,netem delay 25ms 25ms,QUORUM,QUORUM,cassandra1,cassandra2,False,2,2,False
53,4,MONOTONIC_READS,normal,netem delay 25ms 25ms,QUORUM,QUORUM,cassandra1,cassandra1,True,2,2,False
53,5,MONOTONIC_READS,normal,netem delay 25ms 25ms,QUORUM,QUORUM,cassandra1,cassandra2,False,2,2,False
54,1,MONOTONIC_READS,normal,netem delay 25ms 25ms,QUORUM,QUORUM,cassandra2,cassandra2,True,,2,False
54,2,MONOTONIC_READS,normal,netem delay 25ms 25ms,QUORUM,QUORUM,cassandra2,cassandra3,False,2,2,False
54,3,MONOTONIC_READS,normal,netem delay 25ms 25ms,QUORUM,QUORUM,cassandra2,cassandra1,False,2,2,False
54,4,MONOTONIC_READS,normal,netem delay 25ms 25ms,QUORUM,QUORUM,cassandra2,cassandra2,True,2,2,False
54,5,MONOTONIC_READS,normal,netem delay 25ms 25ms,QUORUM,QUORUM,cassandra2,cassandra3,False,2,2,False
55,1,MONOTONIC_READS,normal,netem delay 25ms 25ms,QUORUM,QUORUM,cassandra3,cassandra1,False,,2,False
55,2,MONOTONIC_READS,normal,netem delay 25ms 25ms,QUORUM,QUORUM,cassandra3,cassandra1,False,2,2,False
55,3,MONOTONIC_READS,normal,netem delay 25ms 25ms,QUORUM,QUORUM,cassandra3,cassandra1,False,2,2,False
55,4,MONOTONIC_READS,normal,netem delay 25ms 25ms,QUORUM,QUORUM,cassandra3,cassandra1,False,2,2,False
55,5,MONOTONIC_READS,normal,netem delay 25ms 25ms,QUORUM,QUORUM,cassandra3,cassandra1,False,2,2,False
56,1,MONOTONIC_READS,normal,netem delay 25ms 25ms,QUORUM,QUORUM,cassandra1,cassandra1,True,,2,False
56,2,MONOTONIC_READS,normal,netem delay 25ms 25ms,QUORUM,QUORUM,cassandra1,cassandra2,False,2,2,False
56,3,MONOTONIC_READS,normal,netem delay 25ms 25ms,QUORUM,QUORUM,cassandra1,cassandra3,False,2,2,False
56,4,MONOTONIC_READS,normal,netem delay 25ms 25ms,QUORUM,QUORUM,cassandra1,cassandra1,True,2,2,False
56,5,MONOTONIC_READS,normal,netem delay 25ms 25ms,QUORUM,QUORUM,cassandra1,cassandra3,False,2,2,False
57,1,MONOTONIC_READS,normal,netem delay 25ms 25ms,QUORUM,QUORUM,cassandra3,cassandra3,True,,2,False
57,2,MONOTONIC_READS,normal,netem delay 25ms 25ms,QUORUM,QUORUM,cassandra3,cassandra2,False,2,2,False
57,3,MONOTONIC_READS,normal,netem delay 25ms 25ms,QUORUM,QUORUM,cassandra3,cassandra2,False,2,2,False
57,4,MONOTONIC_READS,normal,netem delay 25ms 25ms,QUORUM,QUORUM,cassandra3,cassandra2,False,2,2,False
57,5,MONOTONIC_READS,normal,netem delay 25ms 25ms,QUORUM,QUORUM,cassandra3,cassandra3,True,2,2,False
58,1,MONOTONIC_READS,normal,netem delay 25ms 25ms,QUORUM,QUORUM,cassandra2,cassandra3,False,,2,False
58,2,MONOTONIC_READS,normal,netem delay 25ms 25ms,QUORUM,QUORUM,cassandra2,cassandra3,False,2,2,False
58,3,MONOTONIC_READS,normal,netem delay 25ms 25ms,QUORUM,QUORUM,cassandra2,cassandra3,False,2,2,False
58,4,MONOTONIC_READS,normal,netem delay 25ms 25ms,QUORUM,QUORUM,cassandra2,cassandra1,False,2,2,False
58,5,MONOTONIC_READS,normal,netem delay 25ms 25ms,QUORUM,QUORUM,cassandra2,cassandra1,False,2,2,False
59,1,MONOTONIC_READS,normal,netem delay 25ms 25ms,QUORUM,QUORUM,cassandra1,cassandra2,False,,2,False
59,2,MONOTONIC_READS,normal,netem delay 25ms 25ms,QUORUM,QUORUM,cassandra1,cassandra3,False,2,2,False
59,3,MONOTONIC_READS,normal,netem delay 25ms 25ms,QUORUM,QUORUM,cassandra1,cassandra3,False,2,2,False
59,4,MONOTONIC_READS,normal,netem delay 25ms 25ms,QUORUM,QUORUM,cassandra1,cassandra2,False,2,2,False
59,5,MONOTONIC_READS,normal,netem delay 25ms 25ms,QUORUM,QUORUM,cassandra1,cassandra3,False,2,2,False
60,1,MONOTONIC_READS,normal,netem delay 25ms 25ms,QUORUM,QUORUM,cassandra1,cassandra1,True,,2,False
60,2,MONOTONIC_READS,normal,netem delay 25ms 25ms,QUORUM,QUORUM,cassandra1,cassandra3,False,2,2,False
60,3,MONOTONIC_READS,normal,netem delay 25ms 25ms,QUORUM,QUORUM,cassandra1,cassandra3,False,2,2,False
60,4,MONOTONIC_READS,normal,netem delay 25ms 25ms,QUORUM,QUORUM,cassandra1,cassandra2,False,2,2,False
60,5,MONOTONIC_READS,normal,netem delay 25ms 25ms,QUORUM,QUORUM,cassandra1,cassandra3,False,2,2,False
61,1,MONOTONIC_READS,normal,netem delay 25ms 25ms,QUORUM,QUORUM,cassandra1,cassandra1,True,,2,False
61,2,MONOTONIC_READS,normal,netem delay 25ms 25ms,QUORUM,QUORUM,cassandra1,cassandra1,True,2,2,False
61,3,MONOTONIC_READS,normal,netem delay 25ms 25ms,QUORUM,QUORUM,cassandra1,cassandra3,False,2,2,False
61,4,MONOTONIC_READS,normal,netem delay 25ms 25ms,QUORUM,QUORUM,cassandra1,cassandra1,True,2,2,False
61,5,MONOTONIC_READS,normal,netem delay 25ms 25ms,QUORUM,QUORUM,cassandra1,cassandra1,True,2,2,False
62,1,MONOTONIC_READS,normal,netem delay 25ms 25ms,QUORUM,QUORUM,cassandra1,cassandra1,True,,2,False
62,2,MONOTONIC_READS,normal,netem delay 25ms 25ms,QUORUM,QUORUM,cassandra1,cassandra1,True,2,2,False
62,3,MONOTONIC_READS,normal,netem delay 25ms 25ms,QUORUM,QUORUM,cassandra1,cassandra2,False,2,2,False
62,4,MONOTONIC_READS,normal,netem delay 25ms 25ms,QUORUM,QUORUM,cassandra1,cassandra2,False,2,2,False
62,5,MONOTONIC_READS,normal,netem delay 25ms 25ms,QUORUM,QUORUM,cassandra1,cassandra3,False,2,2,False
63,1,MONOTONIC_READS,normal,netem delay 25ms 25ms,QUORUM,QUORUM,cassandra1,cassandra3,False,,2,False
63,2,MONOTONIC_READS,normal,netem delay 25ms 25ms,QUORUM,QUORUM,cassandra1,cassandra2,False,2,2,False
63,3,MONOTONIC_READS,normal,netem delay 25ms 25ms,QUORUM,QUORUM,cassandra1,cassandra1,True,2,2,False
63,4,MONOTONIC_READS,normal,netem delay 25ms 25ms,QUORUM,QUORUM,cassandra1,cassandra1,True,2,2,False
63,5,MONOTONIC_READS,normal,netem delay 25ms 25ms,QUORUM,QUORUM,cassandra1,cassandra3,False,2,2,False
64,1,MONOTONIC_READS,normal,netem delay 25ms 25ms,QUORUM,QUORUM,cassandra3,cassandra3,True,,2,False
64,2,MONOTONIC_READS,normal,netem delay 25ms 25ms,QUORUM,QUORUM,cassandra3,cassandra1,False,2,2,False
64,3,MONOTONIC_READS,normal,netem delay 25ms 25ms,QUORUM,QUORUM,cassandra3,cassandra2,False,2,2,False
64,4,MONOTONIC_READS,normal,netem delay 25ms 25ms,QUORUM,QUORUM,cassandra3,cassandra3,True,2,2,False
64,5,MONOTONIC_READS,normal,netem delay 25ms 25ms,QUORUM,QUORUM,cassandra3,cassandra1,False,2,2,False
65,1,MONOTONIC_READS,normal,netem delay 25ms 25ms,QUORUM,QUORUM,cassandra2,cassandra2,True,,2,False
65,2,MONOTONIC_READS,normal,netem delay 25ms 25ms,QUORUM,QUORUM,cassandra2,cassandra2,True,2,2,False
65,3,MONOTONIC_READS,normal,netem delay 25ms 25ms,QUORUM,QUORUM,cassandra2,cassandra2,True,2,2,False
65,4,MONOTONIC_READS,normal,netem delay 25ms 25ms,QUORUM,QUORUM,cassandra2,cassandra1,False,2,2,False
65,5,MONOTONIC_READS,normal,netem delay 25ms 25ms,QUORUM,QUORUM,cassandra2,cassandra2,True,2,2,False
66,1,MONOTONIC_READS,normal,netem delay 25ms 25ms,QUORUM,QUORUM,cassandra3,cassandra1,False,,2,False
66,2,MONOTONIC_READS,normal,netem delay 25ms 25ms,QUORUM,QUORUM,cassandra3,cassandra2,False,2,2,False
66,3,MONOTONIC_READS,normal,netem delay 25ms 25ms,QUORUM,QUORUM,cassandra3,cassandra2,False,2,2,False
66,4,MONOTONIC_READS,normal,netem delay 25ms 25ms,QUORUM,QUORUM,cassandra3,cassandra3,True,2,2,False
66,5,MONOTONIC_READS,normal,netem delay 25ms 25ms,QUORUM,QUORUM,cassandra3,cassandra1,False,2,2,False
67,1,MONOTONIC_READS,normal,netem delay 25ms 25ms,QUORUM,QUORUM,cassandra1,cassandra3,False,,2,False
67,2,MONOTONIC_READS,normal,netem delay 25ms 25ms,QUORUM,QUORUM,cassandra1,cassandra1,True,2,2,False
67,3,MONOTONIC_READS,normal,netem delay 25ms 25ms,QUORUM,QUORUM,cassandra1,cassandra3,False,2,2,False
67,4,MONOTONIC_READS,normal,netem delay 25ms 25ms,QUORUM,QUORUM,cassandra1,cassandra3,False,2,2,False
67,5,MONOTONIC_READS,normal,netem delay 25ms 25ms,QUORUM,QUORUM,cassandra1,cassandra3,False,2,2,False
68,1,MONOTONIC_READS,normal,netem delay 25ms 25ms,QUORUM,QUORUM,cassandra1,cassandra2,False,,2,False
68,2,MONOTONIC_READS,normal,netem delay 25ms 25ms,QUORUM,QUORUM,cassandra1,cassandra2,False,2,2,False
68,3,MONOTONIC_READS,normal,netem delay 25ms 25ms,QUORUM,QUORUM,cassandra1,cassandra1,True,2,2,False
68,4,MONOTONIC_READS,normal,netem delay 25ms 25ms,QUORUM,QUORUM,cassandra1,cassandra1,True,2,2,False
68,5,MONOTONIC_READS,normal,netem delay 25ms 25ms,QUORUM,QUORUM,cassandra1,cassandra2,False,2,2,False
69,1,MONOTONIC_READS,normal,netem delay 25ms 25ms,QUORUM,QUORUM,cassandra2,cassandra1,False,,2,False
69,2,MONOTONIC_READS,normal,netem delay 25ms 25ms,QUORUM,QUORUM,cassandra2,cassandra1,False,2,2,False
69,3,MONOTONIC_READS,normal,netem delay 25ms 25ms,QUORUM,QUORUM,cassandra2,cassandra1,False,2,2,False
69,4,MONOTONIC_READS,normal,netem delay 25ms 25ms,QUORUM,QUORUM,cassandra2,cassandra2,True,2,2,False
69,5,MONOTONIC_READS,normal,netem delay 25ms 25ms,QUORUM,QUORUM,cassandra2,cassandra2,True,2,2,False
70,1,MONOTONIC_READS,normal,netem delay 25ms 25ms,QUORUM,QUORUM,cassandra2,cassandra2,True,,2,False
70,2,MONOTONIC_READS,normal,netem delay 25ms 25ms,QUORUM,QUORUM,cassandra2,cassandra1,False,2,2,False
70,3,MONOTONIC_READS,normal,netem delay 25ms 25ms,QUORUM,QUORUM,cassandra2,cassandra2,True,2,2,False
70,4,MONOTONIC_READS,normal,netem delay 25ms 25ms,QUORUM,QUORUM,cassandra2,cassandra1,False,2,2,False
70,5,MONOTONIC_READS,normal,netem delay 25ms 25ms,QUORUM,QUORUM,cassandra2,cassandra3,False,2,2,False
71,1,MONOTONIC_READS,normal,netem delay 25ms 25ms,QUORUM,QUORUM,cassandra3,cassandra1,False,,2,False
71,2,MONOTONIC_READS,normal,netem delay 25ms 25ms,QUORUM,QUORUM,cassandra3,cassandra1,False,2,2,False
71,3,MONOTONIC_READS,normal,netem delay 25ms 25ms,QUORUM,QUORUM,cassandra3,cassandra3,True,2,2,False
71,4,MONOTONIC_READS,normal,netem delay 25ms 25ms,QUORUM,QUORUM,cassandra3,cassandra1,False,2,2,False
71,5,MONOTONIC_READS,normal,netem delay 25ms 25ms,QUORUM,QUORUM,cassandra3,cassandra1,False,2,2,False
72,1,MONOTONIC_READS,normal,netem delay 25ms 25ms,QUORUM,QUORUM,cassandra3,cassandra3,True,,2,False
72,2,MONOTONIC_READS,normal,netem delay 25ms 25ms,QUORUM,QUORUM,cassandra3,cassandra3,True,2,2,False
72,3,MONOTONIC_READS,normal,netem delay 25ms 25ms,QUORUM,QUORUM,cassandra3,cassandra3,True,2,2,False
72,4,MONOTONIC_READS,normal,netem delay 25ms 25ms,QUORUM,QUORUM,cassandra3,cassandra3,True,2,2,False
72,5,MONOTONIC_READS,normal,netem delay 25ms 25ms,QUORUM,QUORUM,cassandra3,cassandra2,False,2,2,False
73,1,MONOTONIC_READS,normal,netem delay 25ms 25ms,QUORUM,QUORUM,cassandra3,cassandra3,True,,2,False
73,2,MONOTONIC_READS,normal,netem delay 25ms 25ms,QUORUM,QUORUM,cassandra3,cassandra1,False,2,2,False
73,3,MONOTONIC_READS,normal,netem delay 25ms 25ms,QUORUM,QUORUM,cassandra3,cassandra1,False,2,2,False
73,4,MONOTONIC_READS,normal,netem delay 25ms 25ms,QUORUM,QUORUM,cassandra3,cassandra3,True,2,2,False
73,5,MONOTONIC_READS,normal,netem delay 25ms 25ms,QUORUM,QUORUM,cassandra3,cassandra2,False,2,2,False
74,1,MONOTONIC_READS,normal,netem delay 25ms 25ms,QUORUM,QUORUM,cassandra2,cassandra3,False,,2,False
74,2,MONOTONIC_READS,normal,netem delay 25ms 25ms,QUORUM,QUORUM,cassandra2,cassandra3,False,2,2,False
74,3,MONOTONIC_READS,normal,netem delay 25ms 25ms,QUORUM,QUORUM,cassandra2,cassandra2,True,2,2,False
74,4,MONOTONIC_READS,normal,netem delay 25ms 25ms,QUORUM,QUORUM,cassandra2,cassandra2,True,2,2,False
74,5,MONOTONIC_READS,normal,netem delay 25ms 25ms,QUORUM,QUORUM,cassandra2,cassandra3,False,2,2,False
75,1,MONOTONIC_READS,normal,netem delay 25ms 25ms,QUORUM,QUORUM,cassandra1,cassandra3,False,,2,False
75,2,MONOTONIC_READS,normal,netem delay 25ms 25ms,QUORUM,QUORUM,cassandra1,cassandra3,False,2,2,False
75,3,MONOTONIC_READS,normal,netem delay 25ms 25ms,QUORUM,QUORUM,cassandra1,cassandra3,False,2,2,False
75,4,MONOTONIC_READS,normal,netem delay 25ms 25ms,QUORUM,QUORUM,cassandra1,cassandra3,False,2,2,False
75,5,MONOTONIC_READS,normal,netem delay 25ms 25ms,QUORUM,QUORUM,cassandra1,cassandra3,False,2,2,False
76,1,MONOTONIC_READS,normal,netem delay 25ms 25ms,QUORUM,QUORUM,cassandra2,cassandra1,False,,2,False
76,2,MONOTONIC_READS,normal,netem delay 25ms 25ms,QUORUM,QUORUM,cassandra2,cassandra2,True,2,2,False
76,3,MONOTONIC_READS,normal,netem delay 25ms 25ms,QUORUM,QUORUM,cassandra2,cassandra3,False,2,2,False
76,4,MONOTONIC_READS,normal,netem delay 25ms 25ms,QUORUM,QUORUM,cassandra2,cassandra2,True,2,2,False
76,5,MONOTONIC_READS,normal,netem delay 25ms 25ms,QUORUM,QUORUM,cassandra2,cassandra1,False,2,2,False
77,1,MONOTONIC_READS,normal,netem delay 25ms 25ms,QUORUM,QUORUM,cassandra1,cassandra3,False,,2,False
77,2,MONOTONIC_READS,normal,netem delay 25ms 25ms,QUORUM,QUORUM,cassandra1,cassandra2,False,2,2,False
77,3,MONOTONIC_READS,normal,netem delay 25ms 25ms,QUORUM,QUORUM,cassandra1,cassandra1,True,2,2,False
77,4,MONOTONIC_READS,normal,netem delay 25ms 25ms,QUORUM,QUORUM,cassandra1,cassandra3,False,2,2,False
77,5,MONOTONIC_READS,normal,netem delay 25ms 25ms,QUORUM,QUORUM,cassandra1,cassandra3,False,2,2,False
78,1,MONOTONIC_READS,normal,netem delay 25ms 25ms,QUORUM,QUORUM,cassandra3,cassandra2,False,,2,False
78,2,MONOTONIC_READS,normal,netem delay 25ms 25ms,QUORUM,QUORUM,cassandra3,cassandra2,False,2,2,False
78,3,MONOTONIC_READS,normal,netem delay 25ms 25ms,QUORUM,QUORUM,cassandra3,cassandra1,False,2,2,False
78,4,MONOTONIC_READS,normal,netem delay 25ms 25ms,QUORUM,QUORUM,cassandra3,cassandra3,True,2,2,False
78,5,MONOTONIC_READS,normal,netem delay 25ms 25ms,QUORUM,QUORUM,cassandra3,cassandra2,False,2,2,False
79,1,MONOTONIC_READS,normal,netem delay 25ms 25ms,QUORUM,QUORUM,cassandra3,cassandra2,False,,2,False
79,2,MONOTONIC_READS,normal,netem delay 25ms 25ms,QUORUM,QUORUM,cassandra3,cassandra2,False,2,2,False
79,3,MONOTONIC_READS,normal,netem delay 25ms 25ms,QUORUM,QUORUM,cassandra3,cassandra1,False,2,2,False
79,4,MONOTONIC_READS,normal,netem delay 25ms 25ms,QUORUM,QUORUM,cassandra3,cassandra2,False,2,2,False
79,5,MONOTONIC_READS,normal,netem delay 25ms 25ms,QUORUM,QUORUM,cassandra3,cassandra3,True,2,2,False
80,1,MONOTONIC_READS,normal,netem delay 25ms 25ms,QUORUM,QUORUM,cassandra3,cassandra2,False,,2,False
80,2,MONOTONIC_READS,normal,netem delay 25ms 25ms,QUORUM,QUORUM,cassandra3,cassandra2,False,2,2,False
80,3,MONOTONIC_READS,normal,netem delay 25ms 25ms,QUORUM,QUORUM,cassandra3,cassandra2,False,2,2,False
80,4,MONOTONIC_READS,normal,netem delay 25ms 25ms,QUORUM,QUORUM,cassandra3,cassandra1,False,2,2,False
80,5,MONOTONIC_READS,normal,netem delay 25ms 25ms,QUORUM,QUORUM,cassandra3,cassandra3,True,2,2,False
81,1,MONOTONIC_READS,normal,netem delay 25ms 25ms,QUORUM,QUORUM,cassandra1,cassandra2,False,,2,False
81,2,MONOTONIC_READS,normal,netem delay 25ms 25ms,QUORUM,QUORUM,cassandra1,cassandra3,False,2,2,False
81,3,MONOTONIC_READS,normal,netem delay 25ms 25ms,QUORUM,QUORUM,cassandra1,cassandra1,True,2,2,False
81,4,MONOTONIC_READS,normal,netem delay 25ms 25ms,QUORUM,QUORUM,cassandra1,cassandra1,True,2,2,False
81,5,MONOTONIC_READS,normal,netem delay 25ms 25ms,QUORUM,QUORUM,cassandra1,cassandra2,False,2,2,False
82,1,MONOTONIC_READS,normal,netem delay 25ms 25ms,QUORUM,QUORUM,cassandra3,cassandra2,False,,2,False
82,2,MONOTONIC_READS,normal,netem delay 25ms 25ms,QUORUM,QUORUM,cassandra3,cassandra3,True,2,2,False
82,3,MONOTONIC_READS,normal,netem delay 25ms 25ms,QUORUM,QUORUM,cassandra3,cassandra1,False,2,2,False
82,4,MONOTONIC_READS,normal,netem delay 25ms 25ms,QUORUM,QUORUM,cassandra3,cassandra3,True,2,2,False
82,5,MONOTONIC_READS,normal,netem delay 25ms 25ms,QUORUM,QUORUM,cassandra3,cassandra2,False,2,2,False
83,1,MONOTONIC_READS,normal,netem delay 25ms 25ms,QUORUM,QUORUM,cassandra3,cassandra3,True,,2,False
83,2,MONOTONIC_READS,normal,netem delay 25ms 25ms,QUORUM,QUORUM,cassandra3,cassandra1,False,2,2,False
83,3,MONOTONIC_READS,normal,netem delay 25ms 25ms,QUORUM,QUORUM,cassandra3,cassandra2,False,2,2,False
83,4,MONOTONIC_READS,normal,netem delay 25ms 25ms,QUORUM,QUORUM,cassandra3,cassandra3,True,2,2,False
83,5,MONOTONIC_READS,normal,netem delay 25ms 25ms,QUORUM,QUORUM,cassandra3,cassandra1,False,2,2,False
84,1,MONOTONIC_READS,normal,netem delay 25ms 25ms,QUORUM,QUORUM,cassandra3,cassandra2,False,,2,False
84,2,MONOTONIC_READS,normal,netem delay 25ms 25ms,QUORUM,QUORUM,cassandra3,cassandra3,True,2,2,False
84,3,MONOTONIC_READS,normal,netem delay 25ms 25ms,QUORUM,QUORUM,cassandra3,cassandra1,False,2,2,False
84,4,MONOTONIC_READS,normal,netem delay 25ms 25ms,QUORUM,QUORUM,cassandra3,cassandra1,False,2,2,False
84,5,MONOTONIC_READS,normal,netem delay 25ms 25ms,QUORUM,QUORUM,cassandra3,cassandra3,True,2,2,False
85,1,MONOTONIC_READS,normal,netem delay 25ms 25ms,QUORUM,QUORUM,cassandra1,cassandra1,True,,2,False
85,2,MONOTONIC_READS,normal,netem delay 25ms 25ms,QUORUM,QUORUM,cassandra1,cassandra1,True,2,2,False
85,3,MONOTONIC_READS,normal,netem delay 25ms 25ms,QUORUM,QUORUM,cassandra1,cassandra1,True,2,2,False
85,4,MONOTONIC_READS,normal,netem delay 25ms 25ms,QUORUM,QUORUM,cassandra1,cassandra3,False,2,2,False
85,5,MONOTONIC_READS,normal,netem delay 25ms 25ms,QUORUM,QUORUM,cassandra1,cassandra2,False,2,2,False
86,1,MONOTONIC_READS,normal,netem delay 25ms 25ms,QUORUM,QUORUM,cassandra3,cassandra2,False,,2,False
86,2,MONOTONIC_READS,normal,netem delay 25ms 25ms,QUORUM,QUORUM,cassandra3,cassandra1,False,2,2,False
86,3,MONOTONIC_READS,normal,netem delay 25ms 25ms,QUORUM,QUORUM,cassandra3,cassandra1,False,2,2,False
86,4,MONOTONIC_READS,normal,netem delay 25ms 25ms,QUORUM,QUORUM,cassandra3,cassandra1,False,2,2,False
86,5,MONOTONIC_READS,normal,netem delay 25ms 25ms,QUORUM,QUORUM,cassandra3,cassandra1,False,2,2,False
87,1,MONOTONIC_READS,normal,netem delay 25ms 25ms,QUORUM,QUORUM,cassandra2,cassandra2,True,,2,False
87,2,MONOTONIC_READS,normal,netem delay 25ms 25ms,QUORUM,QUORUM,cassandra2,cassandra2,True,2,2,False
87,3,MONOTONIC_READS,normal,netem delay 25ms 25ms,QUORUM,QUORUM,cassandra2,cassandra3,False,2,2,False
87,4,MONOTONIC_READS,normal,netem delay 25ms 25ms,QUORUM,QUORUM,cassandra2,cassandra2,True,2,2,False
87,5,MONOTONIC_READS,normal,netem delay 25ms 25ms,QUORUM,QUORUM,cassandra2,cassandra1,False,2,2,False
88,1,MONOTONIC_READS,normal,netem delay 25ms 25ms,QUORUM,QUORUM,cassandra2,cassandra3,False,,2,False
88,2,MONOTONIC_READS,normal,netem delay 25ms 25ms,QUORUM,QUORUM,cassandra2,cassandra1,False,2,2,False
88,3,MONOTONIC_READS,normal,netem delay 25ms 25ms,QUORUM,QUORUM,cassandra2,cassandra2,True,2,2,False
88,4,MONOTONIC_READS,normal,netem delay 25ms 25ms,QUORUM,QUORUM,cassandra2,cassandra1,False,2,2,False
88,5,MONOTONIC_READS,normal,netem delay 25ms 25ms,QUORUM,QUORUM,cassandra2,cassandra2,True,2,2,False
89,1,MONOTONIC_READS,normal,netem delay 25ms 25ms,QUORUM,QUORUM,cassandra2,cassandra1,False,,2,False
89,2,MONOTONIC_READS,normal,netem delay 25ms 25ms,QUORUM,QUORUM,cassandra2,cassandra3,False,2,2,False
89,3,MONOTONIC_READS,normal,netem delay 25ms 25ms,QUORUM,QUORUM,cassandra2,cassandra3,False,2,2,False
89,4,MONOTONIC_READS,normal,netem delay 25ms 25ms,QUORUM,QUORUM,cassandra2,cassandra2,True,2,2,False
89,5,MONOTONIC_READS,normal,netem delay 25ms 25ms,QUORUM,QUORUM,cassandra2,cassandra1,False,2,2,False
90,1,MONOTONIC_READS,normal,netem delay 25ms 25ms,QUORUM,QUORUM,cassandra2,cassandra3,False,,2,False
90,2,MONOTONIC_READS,normal,netem delay 25ms 25ms,QUORUM,QUORUM,cassandra2,cassandra3,False,2,2,False
90,3,MONOTONIC_READS,normal,netem delay 25ms 25ms,QUORUM,QUORUM,cassandra2,cassandra2,True,2,2,False
90,4,MONOTONIC_READS,normal,netem delay 25ms 25ms,QUORUM,QUORUM,cassandra2,cassandra2,True,2,2,False
90,5,MONOTONIC_READS,normal,netem delay 25ms 25ms,QUORUM,QUORUM,cassandra2,cassandra3,False,2,2,False
91,1,MONOTONIC_READS,normal,netem delay 25ms 25ms,QUORUM,QUORUM,cassandra3,cassandra3,True,,2,False
91,2,MONOTONIC_READS,normal,netem delay 25ms 25ms,QUORUM,QUORUM,cassandra3,cassandra3,True,2,2,False
91,3,MONOTONIC_READS,normal,netem delay 25ms 25ms,QUORUM,QUORUM,cassandra3,cassandra2,False,2,2,False
91,4,MONOTONIC_READS,normal,netem delay 25ms 25ms,QUORUM,QUORUM,cassandra3,cassandra1,False,2,2,False
91,5,MONOTONIC_READS,normal,netem delay 25ms 25ms,QUORUM,QUORUM,cassandra3,cassandra1,False,2,2,False
92,1,MONOTONIC_READS,normal,netem delay 25ms 25ms,QUORUM,QUORUM,cassandra1,cassandra1,True,,2,False
92,2,MONOTONIC_READS,normal,netem delay 25ms 25ms,QUORUM,QUORUM,cassandra1,cassandra2,False,2,2,False
92,3,MONOTONIC_READS,normal,netem delay 25ms 25ms,QUORUM,QUORUM,cassandra1,cassandra3,False,2,2,False
92,4,MONOTONIC_READS,normal,netem delay 25ms 25ms,QUORUM,QUORUM,cassandra1,cassandra3,False,2,2,False
92,5,MONOTONIC_READS,normal,netem delay 25ms 25ms,QUORUM,QUORUM,cassandra1,cassandra2,False,2,2,False
93,1,MONOTONIC_READS,normal,netem delay 25ms 25ms,QUORUM,QUORUM,cassandra2,cassandra3,False,,2,False
93,2,MONOTONIC_READS,normal,netem delay 25ms 25ms,QUORUM,QUORUM,cassandra2,cassandra2,True,2,2,False
93,3,MONOTONIC_READS,normal,netem delay 25ms 25ms,QUORUM,QUORUM,cassandra2,cassandra1,False,2,2,False
93,4,MONOTONIC_READS,normal,netem delay 25ms 25ms,QUORUM,QUORUM,cassandra2,cassandra1,False,2,2,False
93,5,MONOTONIC_READS,normal,netem delay 25ms 25ms,QUORUM,QUORUM,cassandra2,cassandra3,False,2,2,False
94,1,MONOTONIC_READS,normal,netem delay 25ms 25ms,QUORUM,QUORUM,cassandra3,cassandra2,False,,2,False
94,2,MONOTONIC_READS,normal,netem delay 25ms 25ms,QUORUM,QUORUM,cassandra3,cassandra1,False,2,2,False
94,3,MONOTONIC_READS,normal,netem delay 25ms 25ms,QUORUM,QUORUM,cassandra3,cassandra1,False,2,2,False
94,4,MONOTONIC_READS,normal,netem delay 25ms 25ms,QUORUM,QUORUM,cassandra3,cassandra3,True,2,2,False
94,5,MONOTONIC_READS,normal,netem delay 25ms 25ms,QUORUM,QUORUM,cassandra3,cassandra2,False,2,2,False
95,1,MONOTONIC_READS,normal,netem delay 25ms 25ms,QUORUM,QUORUM,cassandra2,cassandra3,False,,2,False
95,2,MONOTONIC_READS,normal,netem delay 25ms 25ms,QUORUM,QUORUM,cassandra2,cassandra3,False,2,2,False
95,3,MONOTONIC_READS,normal,netem delay 25ms 25ms,QUORUM,QUORUM,cassandra2,cassandra3,False,2,2,False
95,4,MONOTONIC_READS,normal,netem delay 25ms 25ms,QUORUM,QUORUM,cassandra2,cassandra1,False,2,2,False
95,5,MONOTONIC_READS,normal,netem delay 25ms 25ms,QUORUM,QUORUM,cassandra2,cassandra1,False,2,2,False
96,1,MONOTONIC_READS,normal,netem delay 25ms 25ms,QUORUM,QUORUM,cassandra2,cassandra2,True,,2,False
96,2,MONOTONIC_READS,normal,netem delay 25ms 25ms,QUORUM,QUORUM,cassandra2,cassandra2,True,2,2,False
96,3,MONOTONIC_READS,normal,netem delay 25ms 25ms,QUORUM,QUORUM,cassandra2,cassandra1,False,2,2,False
96,4,MONOTONIC_READS,normal,netem delay 25ms 25ms,QUORUM,QUORUM,cassandra2,cassandra1,False,2,2,False
96,5,MONOTONIC_READS,normal,netem delay 25ms 25ms,QUORUM,QUORUM,cassandra2,cassandra3,False,2,2,False
97,1,MONOTONIC_READS,normal,netem delay 25ms 25ms,QUORUM,QUORUM,cassandra2,cassandra3,False,,2,False
97,2,MONOTONIC_READS,normal,netem delay 25ms 25ms,QUORUM,QUORUM,cassandra2,cassandra2,True,2,2,False
97,3,MONOTONIC_READS,normal,netem delay 25ms 25ms,QUORUM,QUORUM,cassandra2,cassandra1,False,2,2,False
97,4,MONOTONIC_READS,normal,netem delay 25ms 25ms,QUORUM,QUORUM,cassandra2,cassandra2,True,2,2,False
97,5,MONOTONIC_READS,normal,netem delay 25ms 25ms,QUORUM,QUORUM,cassandra2,cassandra2,True,2,2,False
98,1,MONOTONIC_READS,normal,netem delay 25ms 25ms,QUORUM,QUORUM,cassandra2,cassandra3,False,,2,False
98,2,MONOTONIC_READS,normal,netem delay 25ms 25ms,QUORUM,QUORUM,cassandra2,cassandra1,False,2,2,False
98,3,MONOTONIC_READS,normal,netem delay 25ms 25ms,QUORUM,QUORUM,cassandra2,cassandra1,False,2,2,False
98,4,MONOTONIC_READS,normal,netem delay 25ms 25ms,QUORUM,QUORUM,cassandra2,cassandra2,True,2,2,False
98,5,MONOTONIC_READS,normal,netem delay 25ms 25ms,QUORUM,QUORUM,cassandra2,cassandra2,True,2,2,False
99,1,MONOTONIC_READS,normal,netem delay 25ms 25ms,QUORUM,QUORUM,cassandra3,cassandra3,True,,2,False
99,2,MONOTONIC_READS,normal,netem delay 25ms 25ms,QUORUM,QUORUM,cassandra3,cassandra1,False,2,2,False
99,3,MONOTONIC_READS,normal,netem delay 25ms 25ms,QUORUM,QUORUM,cassandra3,cassandra1,False,2,2,False
99,4,MONOTONIC_READS,normal,netem delay 25ms 25ms,QUORUM,QUORUM,cassandra3,cassandra1,False,2,2,False
99,5,MONOTONIC_READS,normal,netem delay 25ms 25ms,QUORUM,QUORUM,cassandra3,cassandra1,False,2,2,False
100,1,MONOTONIC_READS,normal,netem delay 25ms 25ms,QUORUM,QUORUM,cassandra3,cassandra3,True,,2,False
100,2,MONOTONIC_READS,normal,netem delay 25ms 25ms,QUORUM,QUORUM,cassandra3,cassandra1,False,2,2,False
100,3,MONOTONIC_READS,normal,netem delay 25ms 25ms,QUORUM,QUORUM,cassandra3,cassandra3,True,2,2,False
100,4,MONOTONIC_READS,normal,netem delay 25ms 25ms,QUORUM,QUORUM,cassandra3,cassandra2,False,2,2,False
100,5,MONOTONIC_READS,normal,netem delay 25ms 25ms,QUORUM,QUORUM,cassandra3,cassandra3,True,2,2,False
101,1,MONOTONIC_READS,normal,netem delay 25ms 25ms,QUORUM,QUORUM,cassandra1,cassandra3,False,,2,False
101,2,MONOTONIC_READS,normal,netem delay 25ms 25ms,QUORUM,QUORUM,cassandra1,cassandra3,False,2,2,False
101,3,MONOTONIC_READS,normal,netem delay 25ms 25ms,QUORUM,QUORUM,cassandra1,cassandra2,False,2,2,False
101,4,MONOTONIC_READS,normal,netem delay 25ms 25ms,QUORUM,QUORUM,cassandra1,cassandra3,False,2,2,False
101,5,MONOTONIC_READS,normal,netem delay 25ms 25ms,QUORUM,QUORUM,cassandra1,cassandra3,False,2,2,False
102,1,MONOTONIC_READS,normal,netem delay 25ms 25ms,QUORUM,QUORUM,cassandra1,cassandra1,True,,2,False
102,2,MONOTONIC_READS,normal,netem delay 25ms 25ms,QUORUM,QUORUM,cassandra1,cassandra3,False,2,2,False
102,3,MONOTONIC_READS,normal,netem delay 25ms 25ms,QUORUM,QUORUM,cassandra1,cassandra1,True,2,2,False
102,4,MONOTONIC_READS,normal,netem delay 25ms 25ms,QUORUM,QUORUM,cassandra1,cassandra3,False,2,2,False
102,5,MONOTONIC_READS,normal,netem delay 25ms 25ms,QUORUM,QUORUM,cassandra1,cassandra2,False,2,2,False
103,1,MONOTONIC_READS,normal,netem delay 25ms 25ms,QUORUM,QUORUM,cassandra2,cassandra1,False,,2,False
103,2,MONOTONIC_READS,normal,netem delay 25ms 25ms,QUORUM,QUORUM,cassandra2,cassandra2,True,2,2,False
103,3,MONOTONIC_READS,normal,netem delay 25ms 25ms,QUORUM,QUORUM,cassandra2,cassandra2,True,2,2,False
103,4,MONOTONIC_READS,normal,netem delay 25ms 25ms,QUORUM,QUORUM,cassandra2,cassandra3,False,2,2,False
103,5,MONOTONIC_READS,normal,netem delay 25ms 25ms,QUORUM,QUORUM,cassandra2,cassandra3,False,2,2,False
104,1,MONOTONIC_READS,normal,netem delay 25ms 25ms,QUORUM,QUORUM,cassandra1,cassandra2,False,,2,False
104,2,MONOTONIC_READS,normal,netem delay 25ms 25ms,QUORUM,QUORUM,cassandra1,cassandra3,False,2,2,False
104,3,MONOTONIC_READS,normal,netem delay 25ms 25ms,QUORUM,QUORUM,cassandra1,cassandra2,False,2,2,False
104,4,MONOTONIC_READS,normal,netem delay 25ms 25ms,QUORUM,QUORUM,cassandra1,cassandra2,False,2,2,False
104,5,MONOTONIC_READS,normal,netem delay 25ms 25ms,QUORUM,QUORUM,cassandra1,cassandra1,True,2,2,False
105,1,MONOTONIC_READS,normal,netem delay 25ms 25ms,QUORUM,QUORUM,cassandra3,cassandra3,True,,2,False
105,2,MONOTONIC_READS,normal,netem delay 25ms 25ms,QUORUM,QUORUM,cassandra3,cassandra1,False,2,2,False
105,3,MONOTONIC_READS,normal,netem delay 25ms 25ms,QUORUM,QUORUM,cassandra3,cassandra2,False,2,2,False
105,4,MONOTONIC_READS,normal,netem delay 25ms 25ms,QUORUM,QUORUM,cassandra3,cassandra3,True,2,2,False
105,5,MONOTONIC_READS,normal,netem delay 25ms 25ms,QUORUM,QUORUM,cassandra3,cassandra1,False,2,2,False
106,1,MONOTONIC_READS,normal,netem delay 25ms 25ms,QUORUM,QUORUM,cassandra1,cassandra2,False,,2,False
106,2,MONOTONIC_READS,normal,netem delay 25ms 25ms,QUORUM,QUORUM,cassandra1,cassandra2,False,2,2,False
106,3,MONOTONIC_READS,normal,netem delay 25ms 25ms,QUORUM,QUORUM,cassandra1,cassandra3,False,2,2,False
106,4,MONOTONIC_READS,normal,netem delay 25ms 25ms,QUORUM,QUORUM,cassandra1,cassandra1,True,2,2,False
106,5,MONOTONIC_READS,normal,netem delay 25ms 25ms,QUORUM,QUORUM,cassandra1,cassandra1,True,2,2,False
107,1,MONOTONIC_READS,normal,netem delay 25ms 25ms,QUORUM,QUORUM,cassandra2,cassandra3,False,,2,False
107,2,MONOTONIC_READS,normal,netem delay 25ms 25ms,QUORUM,QUORUM,cassandra2,cassandra2,True,2,2,False
107,3,MONOTONIC_READS,normal,netem delay 25ms 25ms,QUORUM,QUORUM,cassandra2,cassandra2,True,2,2,False
107,4,MONOTONIC_READS,normal,netem delay 25ms 25ms,QUORUM,QUORUM,cassandra2,cassandra1,False,2,2,False
107,5,MONOTONIC_READS,normal,netem delay 25ms 25ms,QUORUM,QUORUM,cassandra2,cassandra2,True,2,2,False
108,1,MONOTONIC_READS,normal,netem delay 25ms 25ms,QUORUM,QUORUM,cassandra3,cassandra1,False,,2,False
108,2,MONOTONIC_READS,normal,netem delay 25ms 25ms,QUORUM,QUORUM,cassandra3,cassandra3,True,2,2,False
108,3,MONOTONIC_READS,normal,netem delay 25ms 25ms,QUORUM,QUORUM,cassandra3,cassandra2,False,2,2,False
108,4,MONOTONIC_READS,normal,netem delay 25ms 25ms,QUORUM,QUORUM,cassandra3,cassandra1,False,2,2,False
108,5,MONOTONIC_READS,normal,netem delay 25ms 25ms,QUORUM,QUORUM,cassandra3,cassandra3,True,2,2,False
109,1,MONOTONIC_READS,normal,netem delay 25ms 25ms,QUORUM,QUORUM,cassandra1,cassandra1,True,,2,False
109,2,MONOTONIC_READS,normal,netem delay 25ms 25ms,QUORUM,QUORUM,cassandra1,cassandra1,True,2,2,False
109,3,MONOTONIC_READS,normal,netem delay 25ms 25ms,QUORUM,QUORUM,cassandra1,cassandra1,True,2,2,False
109,4,MONOTONIC_READS,normal,netem delay 25ms 25ms,QUORUM,QUORUM,cassandra1,cassandra2,False,2,2,False
109,5,MONOTONIC_READS,normal,netem delay 25ms 25ms,QUORUM,QUORUM,cassandra1,cassandra1,True,2,2,False
110,1,MONOTONIC_READS,normal,netem delay 25ms 25ms,QUORUM,QUORUM,cassandra1,cassandra1,True,,2,False
110,2,MONOTONIC_READS,normal,netem delay 25ms 25ms,QUORUM,QUORUM,cassandra1,cassandra2,False,2,2,False
110,3,MONOTONIC_READS,normal,netem delay 25ms 25ms,QUORUM,QUORUM,cassandra1,cassandra2,False,2,2,False
110,4,MONOTONIC_READS,normal,netem delay 25ms 25ms,QUORUM,QUORUM,cassandra1,cassandra3,False,2,2,False
110,5,MONOTONIC_READS,normal,netem delay 25ms 25ms,QUORUM,QUORUM,cassandra1,cassandra1,True,2,2,False
111,1,MONOTONIC_READS,normal,netem delay 25ms 25ms,QUORUM,QUORUM,cassandra1,cassandra1,True,,2,False
111,2,MONOTONIC_READS,normal,netem delay 25ms 25ms,QUORUM,QUORUM,cassandra1,cassandra2,False,2,2,False
111,3,MONOTONIC_READS,normal,netem delay 25ms 25ms,QUORUM,QUORUM,cassandra1,cassandra3,False,2,2,False
111,4,MONOTONIC_READS,normal,netem delay 25ms 25ms,QUORUM,QUORUM,cassandra1,cassandra1,True,2,2,False
111,5,MONOTONIC_READS,normal,netem delay 25ms 25ms,QUORUM,QUORUM,cassandra1,cassandra2,False,2,2,False
112,1,MONOTONIC_READS,normal,netem delay 25ms 25ms,QUORUM,QUORUM,cassandra3,cassandra3,True,,2,False
112,2,MONOTONIC_READS,normal,netem delay 25ms 25ms,QUORUM,QUORUM,cassandra3,cassandra3,True,2,2,False
112,3,MONOTONIC_READS,normal,netem delay 25ms 25ms,QUORUM,QUORUM,cassandra3,cassandra3,True,2,2,False
112,4,MONOTONIC_READS,normal,netem delay 25ms 25ms,QUORUM,QUORUM,cassandra3,cassandra2,False,2,2,False
112,5,MONOTONIC_READS,normal,netem delay 25ms 25ms,QUORUM,QUORUM,cassandra3,cassandra2,False,2,2,False
113,1,MONOTONIC_READS,normal,netem delay 25ms 25ms,QUORUM,QUORUM,cassandra1,cassandra1,True,,2,False
113,2,MONOTONIC_READS,normal,netem delay 25ms 25ms,QUORUM,QUORUM,cassandra1,cassandra1,True,2,2,False
113,3,MONOTONIC_READS,normal,netem delay 25ms 25ms,QUORUM,QUORUM,cassandra1,cassandra3,False,2,2,False
113,4,MONOTONIC_READS,normal,netem delay 25ms 25ms,QUORUM,QUORUM,cassandra1,cassandra3,False,2,2,False
113,5,MONOTONIC_READS,normal,netem delay 25ms 25ms,QUORUM,QUORUM,cassandra1,cassandra3,False,2,2,False
114,1,MONOTONIC_READS,normal,netem delay 25ms 25ms,QUORUM,QUORUM,cassandra2,cassandra3,False,,2,False
114,2,MONOTONIC_READS,normal,netem delay 25ms 25ms,QUORUM,QUORUM,cassandra2,cassandra1,False,2,2,False
114,3,MONOTONIC_READS,normal,netem delay 25ms 25ms,QUORUM,QUORUM,cassandra2,cassandra2,True,2,2,False
114,4,MONOTONIC_READS,normal,netem delay 25ms 25ms,QUORUM,QUORUM,cassandra2,cassandra2,True,2,2,False
114,5,MONOTONIC_READS,normal,netem delay 25ms 25ms,QUORUM,QUORUM,cassandra2,cassandra3,False,2,2,False
115,1,MONOTONIC_READS,normal,netem delay 25ms 25ms,QUORUM,QUORUM,cassandra3,cassandra1,False,,2,False
115,2,MONOTONIC_READS,normal,netem delay 25ms 25ms,QUORUM,QUORUM,cassandra3,cassandra3,True,2,2,False
115,3,MONOTONIC_READS,normal,netem delay 25ms 25ms,QUORUM,QUORUM,cassandra3,cassandra3,True,2,2,False
115,4,MONOTONIC_READS,normal,netem delay 25ms 25ms,QUORUM,QUORUM,cassandra3,cassandra2,False,2,2,False
115,5,MONOTONIC_READS,normal,netem delay 25ms 25ms,QUORUM,QUORUM,cassandra3,cassandra3,True,2,2,False
116,1,MONOTONIC_READS,normal,netem delay 25ms 25ms,QUORUM,QUORUM,cassandra3,cassandra1,False,,2,False
116,2,MONOTONIC_READS,normal,netem delay 25ms 25ms,QUORUM,QUORUM,cassandra3,cassandra2,False,2,2,False
116,3,MONOTONIC_READS,normal,netem delay 25ms 25ms,QUORUM,QUORUM,cassandra3,cassandra2,False,2,2,False
116,4,MONOTONIC_READS,normal,netem delay 25ms 25ms,QUORUM,QUORUM,cassandra3,cassandra3,True,2,2,False
116,5,MONOTONIC_READS,normal,netem delay 25ms 25ms,QUORUM,QUORUM,cassandra3,cassandra1,False,2,2,False
117,1,MONOTONIC_READS,normal,netem delay 25ms 25ms,QUORUM,QUORUM,cassandra1,cassandra2,False,,2,False
117,2,MONOTONIC_READS,normal,netem delay 25ms 25ms,QUORUM,QUORUM,cassandra1,cassandra2,False,2,2,False
117,3,MONOTONIC_READS,normal,netem delay 25ms 25ms,QUORUM,QUORUM,cassandra1,cassandra1,True,2,2,False
117,4,MONOTONIC_READS,normal,netem delay 25ms 25ms,QUORUM,QUORUM,cassandra1,cassandra3,False,2,2,False
117,5,MONOTONIC_READS,normal,netem delay 25ms 25ms,QUORUM,QUORUM,cassandra1,cassandra2,False,2,2,False
118,1,MONOTONIC_READS,normal,netem delay 25ms 25ms,QUORUM,QUORUM,cassandra2,cassandra2,True,,2,False
118,2,MONOTONIC_READS,normal,netem delay 25ms 25ms,QUORUM,QUORUM,cassandra2,cassandra3,False,2,2,False
118,3,MONOTONIC_READS,normal,netem delay 25ms 25ms,QUORUM,QUORUM,cassandra2,cassandra2,True,2,2,False
118,4,MONOTONIC_READS,normal,netem delay 25ms 25ms,QUORUM,QUORUM,cassandra2,cassandra3,False,2,2,False
118,5,MONOTONIC_READS,normal,netem delay 25ms 25ms,QUORUM,QUORUM,cassandra2,cassandra3,False,2,2,False
119,1,MONOTONIC_READS,normal,netem delay 25ms 25ms,QUORUM,QUORUM,cassandra3,cassandra3,True,,2,False
119,2,MONOTONIC_READS,normal,netem delay 25ms 25ms,QUORUM,QUORUM,cassandra3,cassandra1,False,2,2,False
119,3,MONOTONIC_READS,normal,netem delay 25ms 25ms,QUORUM,QUORUM,cassandra3,cassandra1,False,2,2,False
119,4,MONOTONIC_READS,normal,netem delay 25ms 25ms,QUORUM,QUORUM,cassandra3,cassandra1,False,2,2,False
119,5,MONOTONIC_READS,normal,netem delay 25ms 25ms,QUORUM,QUORUM,cassandra3,cassandra3,True,2,2,False
120,1,MONOTONIC_READS,normal,netem delay 25ms 25ms,QUORUM,QUORUM,cassandra3,cassandra2,False,,2,False
120,2,MONOTONIC_READS,normal,netem delay 25ms 25ms,QUORUM,QUORUM,cassandra3,cassandra2,False,2,2,False
120,3,MONOTONIC_READS,normal,netem delay 25ms 25ms,QUORUM,QUORUM,cassandra3,cassandra3,True,2,2,False
120,4,MONOTONIC_READS,normal,netem delay 25ms 25ms,QUORUM,QUORUM,cassandra3,cassandra3,True,2,2,False
120,5,MONOTONIC_READS,normal,netem delay 25ms 25ms,QUORUM,QUORUM,cassandra3,cassandra2,False,2,2,False
121,1,MONOTONIC_READS,normal,netem delay 25ms 25ms,QUORUM,QUORUM,cassandra2,cassandra1,False,,2,False
121,2,MONOTONIC_READS,normal,netem delay 25ms 25ms,QUORUM,QUORUM,cassandra2,cassandra1,False,2,2,False
121,3,MONOTONIC_READS,normal,netem delay 25ms 25ms,QUORUM,QUORUM,cassandra2,cassandra2,True,2,2,False
121,4,MONOTONIC_READS,normal,netem delay 25ms 25ms,QUORUM,QUORUM,cassandra2,cassandra2,True,2,2,False
121,5,MONOTONIC_READS,normal,netem delay 25ms 25ms,QUORUM,QUORUM,cassandra2,cassandra3,False,2,2,False
122,1,MONOTONIC_READS,normal,netem delay 25ms 25ms,QUORUM,QUORUM,cassandra2,cassandra3,False,,2,False
122,2,MONOTONIC_READS,normal,netem delay 25ms 25ms,QUORUM,QUORUM,cassandra2,cassandra2,True,2,2,False
122,3,MONOTONIC_READS,normal,netem delay 25ms 25ms,QUORUM,QUORUM,cassandra2,cassandra3,False,2,2,False
122,4,MONOTONIC_READS,normal,netem delay 25ms 25ms,QUORUM,QUORUM,cassandra2,cassandra2,True,2,2,False
122,5,MONOTONIC_READS,normal,netem delay 25ms 25ms,QUORUM,QUORUM,cassandra2,cassandra1,False,2,2,False
123,1,MONOTONIC_READS,normal,netem delay 25ms 25ms,QUORUM,QUORUM,cassandra3,cassandra3,True,,2,False
123,2,MONOTONIC_READS,normal,netem delay 25ms 25ms,QUORUM,QUORUM,cassandra3,cassandra3,True,2,2,False
123,3,MONOTONIC_READS,normal,netem delay 25ms 25ms,QUORUM,QUORUM,cassandra3,cassandra3,True,2,2,False
123,4,MONOTONIC_READS,normal,netem delay 25ms 25ms,QUORUM,QUORUM,cassandra3,cassandra2,False,2,2,False
123,5,MONOTONIC_READS,normal,netem delay 25ms 25ms,QUORUM,QUORUM,cassandra3,cassandra2,False,2,2,False
124,1,MONOTONIC_READS,normal,netem delay 25ms 25ms,QUORUM,QUORUM,cassandra2,cassandra2,True,,2,False
124,2,MONOTONIC_READS,normal,netem delay 25ms 25ms,QUORUM,QUORUM,cassandra2,cassandra2,True,2,2,False
124,3,MONOTONIC_READS,normal,netem delay 25ms 25ms,QUORUM,QUORUM,cassandra2,cassandra3,False,2,2,False
124,4,MONOTONIC_READS,normal,netem delay 25ms 25ms,QUORUM,QUORUM,cassandra2,cassandra2,True,2,2,False
124,5,MONOTONIC_READS,normal,netem delay 25ms 25ms,QUORUM,QUORUM,cassandra2,cassandra3,False,2,2,False
125,1,MONOTONIC_READS,normal,netem delay 25ms 25ms,QUORUM,QUORUM,cassandra1,cassandra2,False,,2,False
125,2,MONOTONIC_READS,normal,netem delay 25ms 25ms,QUORUM,QUORUM,cassandra1,cassandra3,False,2,2,False
125,3,MONOTONIC_READS,normal,netem delay 25ms 25ms,QUORUM,QUORUM,cassandra1,cassandra1,True,2,2,False
125,4,MONOTONIC_READS,normal,netem delay 25ms 25ms,QUORUM,QUORUM,cassandra1,cassandra3,False,2,2,False
125,5,MONOTONIC_READS,normal,netem delay 25ms 25ms,QUORUM,QUORUM,cassandra1,cassandra2,False,2,2,False
126,1,MONOTONIC_READS,normal,netem delay 25ms 25ms,QUORUM,QUORUM,cassandra3,cassandra2,False,,2,False
126,2,MONOTONIC_READS,normal,netem delay 25ms 25ms,QUORUM,QUORUM,cassandra3,cassandra2,False,2,2,False
126,3,MONOTONIC_READS,normal,netem delay 25ms 25ms,QUORUM,QUORUM,cassandra3,cassandra2,False,2,2,False
126,4,MONOTONIC_READS,normal,netem delay 25ms 25ms,QUORUM,QUORUM,cassandra3,cassandra2,False,2,2,False
126,5,MONOTONIC_READS,normal,netem delay 25ms 25ms,QUORUM,QUORUM,cassandra3,cassandra1,False,2,2,False
127,1,MONOTONIC_READS,normal,netem delay 25ms 25ms,QUORUM,QUORUM,cassandra1,cassandra1,True,,2,False
127,2,MONOTONIC_READS,normal,netem delay 25ms 25ms,QUORUM,QUORUM,cassandra1,cassandra2,False,2,2,False
127,3,MONOTONIC_READS,normal,netem delay 25ms 25ms,QUORUM,QUORUM,cassandra1,cassandra1,True,2,2,False
127,4,MONOTONIC_READS,normal,netem delay 25ms 25ms,QUORUM,QUORUM,cassandra1,cassandra2,False,2,2,False
127,5,MONOTONIC_READS,normal,netem delay 25ms 25ms,QUORUM,QUORUM,cassandra1,cassandra1,True,2,2,False
128,1,MONOTONIC_READS,normal,netem delay 25ms 25ms,QUORUM,QUORUM,cassandra1,cassandra3,False,,2,False
128,2,MONOTONIC_READS,normal,netem delay 25ms 25ms,QUORUM,QUORUM,cassandra1,cassandra1,True,2,2,False
128,3,MONOTONIC_READS,normal,netem delay 25ms 25ms,QUORUM,QUORUM,cassandra1,cassandra2,False,2,2,False
128,4,MONOTONIC_READS,normal,netem delay 25ms 25ms,QUORUM,QUORUM,cassandra1,cassandra2,False,2,2,False
128,5,MONOTONIC_READS,normal,netem delay 25ms 25ms,QUORUM,QUORUM,cassandra1,cassandra2,False,2,2,False
129,1,MONOTONIC_READS,normal,netem delay 25ms 25ms,QUORUM,QUORUM,cassandra3,cassandra3,True,,2,False
129,2,MONOTONIC_READS,normal,netem delay 25ms 25ms,QUORUM,QUORUM,cassandra3,cassandra3,True,2,2,False
129,3,MONOTONIC_READS,normal,netem delay 25ms 25ms,QUORUM,QUORUM,cassandra3,cassandra3,True,2,2,False
129,4,MONOTONIC_READS,normal,netem delay 25ms 25ms,QUORUM,QUORUM,cassandra3,cassandra1,False,2,2,False
129,5,MONOTONIC_READS,normal,netem delay 25ms 25ms,QUORUM,QUORUM,cassandra3,cassandra3,True,2,2,False
130,1,MONOTONIC_READS,normal,netem delay 25ms 25ms,QUORUM,QUORUM,cassandra2,cassandra3,False,,2,False
130,2,MONOTONIC_READS,normal,netem delay 25ms 25ms,QUORUM,QUORUM,cassandra2,cassandra1,False,2,2,False
130,3,MONOTONIC_READS,normal,netem delay 25ms 25ms,QUORUM,QUORUM,cassandra2,cassandra3,False,2,2,False
130,4,MONOTONIC_READS,normal,netem delay 25ms 25ms,QUORUM,QUORUM,cassandra2,cassandra1,False,2,2,False
130,5,MONOTONIC_READS,normal,netem delay 25ms 25ms,QUORUM,QUORUM,cassandra2,cassandra1,False,2,2,False
131,1,MONOTONIC_READS,normal,netem delay 25ms 25ms,QUORUM,QUORUM,cassandra2,cassandra3,False,,2,False
131,2,MONOTONIC_READS,normal,netem delay 25ms 25ms,QUORUM,QUORUM,cassandra2,cassandra2,True,2,2,False
131,3,MONOTONIC_READS,normal,netem delay 25ms 25ms,QUORUM,QUORUM,cassandra2,cassandra2,True,2,2,False
131,4,MONOTONIC_READS,normal,netem delay 25ms 25ms,QUORUM,QUORUM,cassandra2,cassandra1,False,2,2,False
131,5,MONOTONIC_READS,normal,netem delay 25ms 25ms,QUORUM,QUORUM,cassandra2,cassandra2,True,2,2,False
132,1,MONOTONIC_READS,normal,netem delay 25ms 25ms,QUORUM,QUORUM,cassandra2,cassandra2,True,,2,False
132,2,MONOTONIC_READS,normal,netem delay 25ms 25ms,QUORUM,QUORUM,cassandra2,cassandra1,False,2,2,False
132,3,MONOTONIC_READS,normal,netem delay 25ms 25ms,QUORUM,QUORUM,cassandra2,cassandra1,False,2,2,False
132,4,MONOTONIC_READS,normal,netem delay 25ms 25ms,QUORUM,QUORUM,cassandra2,cassandra1,False,2,2,False
132,5,MONOTONIC_READS,normal,netem delay 25ms 25ms,QUORUM,QUORUM,cassandra2,cassandra2,True,2,2,False
133,1,MONOTONIC_READS,normal,netem delay 25ms 25ms,QUORUM,QUORUM,cassandra3,cassandra2,False,,2,False
133,2,MONOTONIC_READS,normal,netem delay 25ms 25ms,QUORUM,QUORUM,cassandra3,cassandra1,False,2,2,False
133,3,MONOTONIC_READS,normal,netem delay 25ms 25ms,QUORUM,QUORUM,cassandra3,cassandra2,False,2,2,False
133,4,MONOTONIC_READS,normal,netem delay 25ms 25ms,QUORUM,QUORUM,cassandra3,cassandra2,False,2,2,False
133,5,MONOTONIC_READS,normal,netem delay 25ms 25ms,QUORUM,QUORUM,cassandra3,cassandra2,False,2,2,False
134,1,MONOTONIC_READS,normal,netem delay 25ms 25ms,QUORUM,QUORUM,cassandra1,cassandra2,False,,2,False
134,2,MONOTONIC_READS,normal,netem delay 25ms 25ms,QUORUM,QUORUM,cassandra1,cassandra1,True,2,2,False
134,3,MONOTONIC_READS,normal,netem delay 25ms 25ms,QUORUM,QUORUM,cassandra1,cassandra2,False,2,2,False
134,4,MONOTONIC_READS,normal,netem delay 25ms 25ms,QUORUM,QUORUM,cassandra1,cassandra3,False,2,2,False
134,5,MONOTONIC_READS,normal,netem delay 25ms 25ms,QUORUM,QUORUM,cassandra1,cassandra1,True,2,2,False
135,1,MONOTONIC_READS,normal,netem delay 25ms 25ms,QUORUM,QUORUM,cassandra1,cassandra1,True,,2,False
135,2,MONOTONIC_READS,normal,netem delay 25ms 25ms,QUORUM,QUORUM,cassandra1,cassandra2,False,2,2,False
135,3,MONOTONIC_READS,normal,netem delay 25ms 25ms,QUORUM,QUORUM,cassandra1,cassandra3,False,2,2,False
135,4,MONOTONIC_READS,normal,netem delay 25ms 25ms,QUORUM,QUORUM,cassandra1,cassandra2,False,2,2,False
135,5,MONOTONIC_READS,normal,netem delay 25ms 25ms,QUORUM,QUORUM,cassandra1,cassandra1,True,2,2,False
136,1,MONOTONIC_READS,normal,netem delay 25ms 25ms,QUORUM,QUORUM,cassandra2,cassandra3,False,,2,False
136,2,MONOTONIC_READS,normal,netem delay 25ms 25ms,QUORUM,QUORUM,cassandra2,cassandra1,False,2,2,False
136,3,MONOTONIC_READS,normal,netem delay 25ms 25ms,QUORUM,QUORUM,cassandra2,cassandra3,False,2,2,False
136,4,MONOTONIC_READS,normal,netem delay 25ms 25ms,QUORUM,QUORUM,cassandra2,cassandra1,False,2,2,False
136,5,MONOTONIC_READS,normal,netem delay 25ms 25ms,QUORUM,QUORUM,cassandra2,cassandra1,False,2,2,False
137,1,MONOTONIC_READS,normal,netem delay 25ms 25ms,QUORUM,QUORUM,cassandra3,cassandra1,False,,2,False
137,2,MONOTONIC_READS,normal,netem delay 25ms 25ms,QUORUM,QUORUM,cassandra3,cassandra1,False,2,2,False
137,3,MONOTONIC_READS,normal,netem delay 25ms 25ms,QUORUM,QUORUM,cassandra3,cassandra2,False,2,2,False
137,4,MONOTONIC_READS,normal,netem delay 25ms 25ms,QUORUM,QUORUM,cassandra3,cassandra1,False,2,2,False
137,5,MONOTONIC_READS,normal,netem delay 25ms 25ms,QUORUM,QUORUM,cassandra3,cassandra3,True,2,2,False
138,1,MONOTONIC_READS,normal,netem delay 25ms 25ms,QUORUM,QUORUM,cassandra3,cassandra1,False,,2,False
138,2,MONOTONIC_READS,normal,netem delay 25ms 25ms,QUORUM,QUORUM,cassandra3,cassandra3,True,2,2,False
138,3,MONOTONIC_READS,normal,netem delay 25ms 25ms,QUORUM,QUORUM,cassandra3,cassandra3,True,2,2,False
138,4,MONOTONIC_READS,normal,netem delay 25ms 25ms,QUORUM,QUORUM,cassandra3,cassandra1,False,2,2,False
138,5,MONOTONIC_READS,normal,netem delay 25ms 25ms,QUORUM,QUORUM,cassandra3,cassandra3,True,2,2,False
139,1,MONOTONIC_READS,normal,netem delay 25ms 25ms,QUORUM,QUORUM,cassandra1,cassandra3,False,,2,False
139,2,MONOTONIC_READS,normal,netem delay 25ms 25ms,QUORUM,QUORUM,cassandra1,cassandra1,True,2,2,False
139,3,MONOTONIC_READS,normal,netem delay 25ms 25ms,QUORUM,QUORUM,cassandra1,cassandra2,False,2,2,False
139,4,MONOTONIC_READS,normal,netem delay 25ms 25ms,QUORUM,QUORUM,cassandra1,cassandra2,False,2,2,False
139,5,MONOTONIC_READS,normal,netem delay 25ms 25ms,QUORUM,QUORUM,cassandra1,cassandra2,False,2,2,False
140,1,MONOTONIC_READS,normal,netem delay 25ms 25ms,QUORUM,QUORUM,cassandra3,cassandra2,False,,2,False
140,2,MONOTONIC_READS,normal,netem delay 25ms 25ms,QUORUM,QUORUM,cassandra3,cassandra1,False,2,2,False
140,3,MONOTONIC_READS,normal,netem delay 25ms 25ms,QUORUM,QUORUM,cassandra3,cassandra2,False,2,2,False
140,4,MONOTONIC_READS,normal,netem delay 25ms 25ms,QUORUM,QUORUM,cassandra3,cassandra2,False,2,2,False
140,5,MONOTONIC_READS,normal,netem delay 25ms 25ms,QUORUM,QUORUM,cassandra3,cassandra1,False,2,2,False
141,1,MONOTONIC_READS,normal,netem delay 25ms 25ms,QUORUM,QUORUM,cassandra3,cassandra1,False,,2,False
141,2,MONOTONIC_READS,normal,netem delay 25ms 25ms,QUORUM,QUORUM,cassandra3,cassandra1,False,2,2,False
141,3,MONOTONIC_READS,normal,netem delay 25ms 25ms,QUORUM,QUORUM,cassandra3,cassandra1,False,2,2,False
141,4,MONOTONIC_READS,normal,netem delay 25ms 25ms,QUORUM,QUORUM,cassandra3,cassandra2,False,2,2,False
141,5,MONOTONIC_READS,normal,netem delay 25ms 25ms,QUORUM,QUORUM,cassandra3,cassandra3,True,2,2,False
142,1,MONOTONIC_READS,normal,netem delay 25ms 25ms,QUORUM,QUORUM,cassandra2,cassandra2,True,,2,False
142,2,MONOTONIC_READS,normal,netem delay 25ms 25ms,QUORUM,QUORUM,cassandra2,cassandra2,True,2,2,False
142,3,MONOTONIC_READS,normal,netem delay 25ms 25ms,QUORUM,QUORUM,cassandra2,cassandra2,True,2,2,False
142,4,MONOTONIC_READS,normal,netem delay 25ms 25ms,QUORUM,QUORUM,cassandra2,cassandra2,True,2,2,False
142,5,MONOTONIC_READS,normal,netem delay 25ms 25ms,QUORUM,QUORUM,cassandra2,cassandra1,False,2,2,False
143,1,MONOTONIC_READS,normal,netem delay 25ms 25ms,QUORUM,QUORUM,cassandra3,cassandra2,False,,2,False
143,2,MONOTONIC_READS,normal,netem delay 25ms 25ms,QUORUM,QUORUM,cassandra3,cassandra2,False,2,2,False
143,3,MONOTONIC_READS,normal,netem delay 25ms 25ms,QUORUM,QUORUM,cassandra3,cassandra3,True,2,2,False
143,4,MONOTONIC_READS,normal,netem delay 25ms 25ms,QUORUM,QUORUM,cassandra3,cassandra1,False,2,2,False
143,5,MONOTONIC_READS,normal,netem delay 25ms 25ms,QUORUM,QUORUM,cassandra3,cassandra1,False,2,2,False
144,1,MONOTONIC_READS,normal,netem delay 25ms 25ms,QUORUM,QUORUM,cassandra2,cassandra3,False,,2,False
144,2,MONOTONIC_READS,normal,netem delay 25ms 25ms,QUORUM,QUORUM,cassandra2,cassandra1,False,2,2,False
144,3,MONOTONIC_READS,normal,netem delay 25ms 25ms,QUORUM,QUORUM,cassandra2,cassandra2,True,2,2,False
144,4,MONOTONIC_READS,normal,netem delay 25ms 25ms,QUORUM,QUORUM,cassandra2,cassandra3,False,2,2,False
144,5,MONOTONIC_READS,normal,netem delay 25ms 25ms,QUORUM,QUORUM,cassandra2,cassandra1,False,2,2,False
145,1,MONOTONIC_READS,normal,netem delay 25ms 25ms,QUORUM,QUORUM,cassandra3,cassandra2,False,,2,False
145,2,MONOTONIC_READS,normal,netem delay 25ms 25ms,QUORUM,QUORUM,cassandra3,cassandra2,False,2,2,False
145,3,MONOTONIC_READS,normal,netem delay 25ms 25ms,QUORUM,QUORUM,cassandra3,cassandra2,False,2,2,False
145,4,MONOTONIC_READS,normal,netem delay 25ms 25ms,QUORUM,QUORUM,cassandra3,cassandra1,False,2,2,False
145,5,MONOTONIC_READS,normal,netem delay 25ms 25ms,QUORUM,QUORUM,cassandra3,cassandra1,False,2,2,False
146,1,MONOTONIC_READS,normal,netem delay 25ms 25ms,QUORUM,QUORUM,cassandra1,cassandra2,False,,2,False
146,2,MONOTONIC_READS,normal,netem delay 25ms 25ms,QUORUM,QUORUM,cassandra1,cassandra2,False,2,2,False
146,3,MONOTONIC_READS,normal,netem delay 25ms 25ms,QUORUM,QUORUM,cassandra1,cassandra1,True,2,2,False
146,4,MONOTONIC_READS,normal,netem delay 25ms 25ms,QUORUM,QUORUM,cassandra1,cassandra1,True,2,2,False
146,5,MONOTONIC_READS,normal,netem delay 25ms 25ms,QUORUM,QUORUM,cassandra1,cassandra1,True,2,2,False
147,1,MONOTONIC_READS,normal,netem delay 25ms 25ms,QUORUM,QUORUM,cassandra1,cassandra2,False,,2,False
147,2,MONOTONIC_READS,normal,netem delay 25ms 25ms,QUORUM,QUORUM,cassandra1,cassandra1,True,2,2,False
147,3,MONOTONIC_READS,normal,netem delay 25ms 25ms,QUORUM,QUORUM,cassandra1,cassandra2,False,2,2,False
147,4,MONOTONIC_READS,normal,netem delay 25ms 25ms,QUORUM,QUORUM,cassandra1,cassandra2,False,2,2,False
147,5,MONOTONIC_READS,normal,netem delay 25ms 25ms,QUORUM,QUORUM,cassandra1,cassandra2,False,2,2,False
148,1,MONOTONIC_READS,normal,netem delay 25ms 25ms,QUORUM,QUORUM,cassandra3,cassandra3,True,,2,False
148,2,MONOTONIC_READS,normal,netem delay 25ms 25ms,QUORUM,QUORUM,cassandra3,cassandra3,True,2,2,False
148,3,MONOTONIC_READS,normal,netem delay 25ms 25ms,QUORUM,QUORUM,cassandra3,cassandra1,False,2,2,False
148,4,MONOTONIC_READS,normal,netem delay 25ms 25ms,QUORUM,QUORUM,cassandra3,cassandra3,True,2,2,False
148,5,MONOTONIC_READS,normal,netem delay 25ms 25ms,QUORUM,QUORUM,cassandra3,cassandra3,True,2,2,False
149,1,MONOTONIC_READS,normal,netem delay 25ms 25ms,QUORUM,QUORUM,cassandra3,cassandra1,False,,2,False
149,2,MONOTONIC_READS,normal,netem delay 25ms 25ms,QUORUM,QUORUM,cassandra3,cassandra2,False,2,2,False
149,3,MONOTONIC_READS,normal,netem delay 25ms 25ms,QUORUM,QUORUM,cassandra3,cassandra3,True,2,2,False
149,4,MONOTONIC_READS,normal,netem delay 25ms 25ms,QUORUM,QUORUM,cassandra3,cassandra2,False,2,2,False
149,5,MONOTONIC_READS,normal,netem delay 25ms 25ms,QUORUM,QUORUM,cassandra3,cassandra2,False,2,2,False
150,1,MONOTONIC_READS,normal,netem delay 25ms 25ms,QUORUM,QUORUM,cassandra3,cassandra1,False,,2,False
150,2,MONOTONIC_READS,normal,netem delay 25ms 25ms,QUORUM,QUORUM,cassandra3,cassandra2,False,2,2,False
150,3,MONOTONIC_READS,normal,netem delay 25ms 25ms,QUORUM,QUORUM,cassandra3,cassandra2,False,2,2,False
150,4,MONOTONIC_READS,normal,netem delay 25ms 25ms,QUORUM,QUORUM,cassandra3,cassandra3,True,2,2,False
150,5,MONOTONIC_READS,normal,netem delay 25ms 25ms,QUORUM,QUORUM,cassandra3,cassandra3,True,2,2,False
151,1,MONOTONIC_READS,normal,netem delay 25ms 25ms,QUORUM,QUORUM,cassandra1,cassandra2,False,,2,False
151,2,MONOTONIC_READS,normal,netem delay 25ms 25ms,QUORUM,QUORUM,cassandra1,cassandra2,False,2,2,False
151,3,MONOTONIC_READS,normal,netem delay 25ms 25ms,QUORUM,QUORUM,cassandra1,cassandra3,False,2,2,False
151,4,MONOTONIC_READS,normal,netem delay 25ms 25ms,QUORUM,QUORUM,cassandra1,cassandra3,False,2,2,False
151,5,MONOTONIC_READS,normal,netem delay 25ms 25ms,QUORUM,QUORUM,cassandra1,cassandra1,True,2,2,False
152,1,MONOTONIC_READS,normal,netem delay 25ms 25ms,QUORUM,QUORUM,cassandra1,cassandra1,True,,2,False
152,2,MONOTONIC_READS,normal,netem delay 25ms 25ms,QUORUM,QUORUM,cassandra1,cassandra3,False,2,2,False
152,3,MONOTONIC_READS,normal,netem delay 25ms 25ms,QUORUM,QUORUM,cassandra1,cassandra2,False,2,2,False
152,4,MONOTONIC_READS,normal,netem delay 25ms 25ms,QUORUM,QUORUM,cassandra1,cassandra1,True,2,2,False
152,5,MONOTONIC_READS,normal,netem delay 25ms 25ms,QUORUM,QUORUM,cassandra1,cassandra1,True,2,2,False
153,1,MONOTONIC_READS,normal,netem delay 25ms 25ms,QUORUM,QUORUM,cassandra1,cassandra1,True,,2,False
153,2,MONOTONIC_READS,normal,netem delay 25ms 25ms,QUORUM,QUORUM,cassandra1,cassandra3,False,2,2,False
153,3,MONOTONIC_READS,normal,netem delay 25ms 25ms,QUORUM,QUORUM,cassandra1,cassandra2,False,2,2,False
153,4,MONOTONIC_READS,normal,netem delay 25ms 25ms,QUORUM,QUORUM,cassandra1,cassandra3,False,2,2,False
153,5,MONOTONIC_READS,normal,netem delay 25ms 25ms,QUORUM,QUORUM,cassandra1,cassandra2,False,2,2,False
154,1,MONOTONIC_READS,normal,netem delay 25ms 25ms,QUORUM,QUORUM,cassandra1,cassandra2,False,,2,False
154,2,MONOTONIC_READS,normal,netem delay 25ms 25ms,QUORUM,QUORUM,cassandra1,cassandra2,False,2,2,False
154,3,MONOTONIC_READS,normal,netem delay 25ms 25ms,QUORUM,QUORUM,cassandra1,cassandra2,False,2,2,False
154,4,MONOTONIC_READS,normal,netem delay 25ms 25ms,QUORUM,QUORUM,cassandra1,cassandra3,False,2,2,False
154,5,MONOTONIC_READS,normal,netem delay 25ms 25ms,QUORUM,QUORUM,cassandra1,cassandra1,True,2,2,False
155,1,MONOTONIC_READS,normal,netem delay 25ms 25ms,QUORUM,QUORUM,cassandra1,cassandra3,False,,2,False
155,2,MONOTONIC_READS,normal,netem delay 25ms 25ms,QUORUM,QUORUM,cassandra1,cassandra1,True,2,2,False
155,3,MONOTONIC_READS,normal,netem delay 25ms 25ms,QUORUM,QUORUM,cassandra1,cassandra1,True,2,2,False
155,4,MONOTONIC_READS,normal,netem delay 25ms 25ms,QUORUM,QUORUM,cassandra1,cassandra2,False,2,2,False
155,5,MONOTONIC_READS,normal,netem delay 25ms 25ms,QUORUM,QUORUM,cassandra1,cassandra2,False,2,2,False
156,1,MONOTONIC_READS,normal,netem delay 25ms 25ms,QUORUM,QUORUM,cassandra3,cassandra2,False,,2,False
156,2,MONOTONIC_READS,normal,netem delay 25ms 25ms,QUORUM,QUORUM,cassandra3,cassandra3,True,2,2,False
156,3,MONOTONIC_READS,normal,netem delay 25ms 25ms,QUORUM,QUORUM,cassandra3,cassandra3,True,2,2,False
156,4,MONOTONIC_READS,normal,netem delay 25ms 25ms,QUORUM,QUORUM,cassandra3,cassandra1,False,2,2,False
156,5,MONOTONIC_READS,normal,netem delay 25ms 25ms,QUORUM,QUORUM,cassandra3,cassandra3,True,2,2,False
157,1,MONOTONIC_READS,normal,netem delay 25ms 25ms,QUORUM,QUORUM,cassandra3,cassandra1,False,,2,False
157,2,MONOTONIC_READS,normal,netem delay 25ms 25ms,QUORUM,QUORUM,cassandra3,cassandra1,False,2,2,False
157,3,MONOTONIC_READS,normal,netem delay 25ms 25ms,QUORUM,QUORUM,cassandra3,cassandra1,False,2,2,False
157,4,MONOTONIC_READS,normal,netem delay 25ms 25ms,QUORUM,QUORUM,cassandra3,cassandra1,False,2,2,False
157,5,MONOTONIC_READS,normal,netem delay 25ms 25ms,QUORUM,QUORUM,cassandra3,cassandra2,False,2,2,False
158,1,MONOTONIC_READS,normal,netem delay 25ms 25ms,QUORUM,QUORUM,cassandra3,cassandra1,False,,2,False
158,2,MONOTONIC_READS,normal,netem delay 25ms 25ms,QUORUM,QUORUM,cassandra3,cassandra2,False,2,2,False
158,3,MONOTONIC_READS,normal,netem delay 25ms 25ms,QUORUM,QUORUM,cassandra3,cassandra3,True,2,2,False
158,4,MONOTONIC_READS,normal,netem delay 25ms 25ms,QUORUM,QUORUM,cassandra3,cassandra3,True,2,2,False
158,5,MONOTONIC_READS,normal,netem delay 25ms 25ms,QUORUM,QUORUM,cassandra3,cassandra2,False,2,2,False
159,1,MONOTONIC_READS,normal,netem delay 25ms 25ms,QUORUM,QUORUM,cassandra1,cassandra1,True,,2,False
159,2,MONOTONIC_READS,normal,netem delay 25ms 25ms,QUORUM,QUORUM,cassandra1,cassandra3,False,2,2,False
159,3,MONOTONIC_READS,normal,netem delay 25ms 25ms,QUORUM,QUORUM,cassandra1,cassandra3,False,2,2,False
159,4,MONOTONIC_READS,normal,netem delay 25ms 25ms,QUORUM,QUORUM,cassandra1,cassandra1,True,2,2,False
159,5,MONOTONIC_READS,normal,netem delay 25ms 25ms,QUORUM,QUORUM,cassandra1,cassandra1,True,2,2,False
160,1,MONOTONIC_READS,normal,netem delay 25ms 25ms,QUORUM,QUORUM,cassandra2,cassandra2,True,,2,False
160,2,MONOTONIC_READS,normal,netem delay 25ms 25ms,QUORUM,QUORUM,cassandra2,cassandra1,False,2,2,False
160,3,MONOTONIC_READS,normal,netem delay 25ms 25ms,QUORUM,QUORUM,cassandra2,cassandra3,False,2,2,False
160,4,MONOTONIC_READS,normal,netem delay 25ms 25ms,QUORUM,QUORUM,cassandra2,cassandra2,True,2,2,False
160,5,MONOTONIC_READS,normal,netem delay 25ms 25ms,QUORUM,QUORUM,cassandra2,cassandra1,False,2,2,False
161,1,MONOTONIC_READS,normal,netem delay 25ms 25ms,QUORUM,QUORUM,cassandra1,cassandra1,True,,2,False
161,2,MONOTONIC_READS,normal,netem delay 25ms 25ms,QUORUM,QUORUM,cassandra1,cassandra2,False,2,2,False
161,3,MONOTONIC_READS,normal,netem delay 25ms 25ms,QUORUM,QUORUM,cassandra1,cassandra1,True,2,2,False
161,4,MONOTONIC_READS,normal,netem delay 25ms 25ms,QUORUM,QUORUM,cassandra1,cassandra2,False,2,2,False
161,5,MONOTONIC_READS,normal,netem delay 25ms 25ms,QUORUM,QUORUM,cassandra1,cassandra2,False,2,2,False
162,1,MONOTONIC_READS,normal,netem delay 25ms 25ms,QUORUM,QUORUM,cassandra2,cassandra2,True,,2,False
162,2,MONOTONIC_READS,normal,netem delay 25ms 25ms,QUORUM,QUORUM,cassandra2,cassandra3,False,2,2,False
162,3,MONOTONIC_READS,normal,netem delay 25ms 25ms,QUORUM,QUORUM,cassandra2,cassandra2,True,2,2,False
162,4,MONOTONIC_READS,normal,netem delay 25ms 25ms,QUORUM,QUORUM,cassandra2,cassandra1,False,2,2,False
162,5,MONOTONIC_READS,normal,netem delay 25ms 25ms,QUORUM,QUORUM,cassandra2,cassandra1,False,2,2,False
163,1,MONOTONIC_READS,normal,netem delay 25ms 25ms,QUORUM,QUORUM,cassandra2,cassandra2,True,,2,False
163,2,MONOTONIC_READS,normal,netem delay 25ms 25ms,QUORUM,QUORUM,cassandra2,cassandra1,False,2,2,False
163,3,MONOTONIC_READS,normal,netem delay 25ms 25ms,QUORUM,QUORUM,cassandra2,cassandra3,False,2,2,False
163,4,MONOTONIC_READS,normal,netem delay 25ms 25ms,QUORUM,QUORUM,cassandra2,cassandra1,False,2,2,False
163,5,MONOTONIC_READS,normal,netem delay 25ms 25ms,QUORUM,QUORUM,cassandra2,cassandra2,True,2,2,False
164,1,MONOTONIC_READS,normal,netem delay 25ms 25ms,QUORUM,QUORUM,cassandra2,cassandra3,False,,2,False
164,2,MONOTONIC_READS,normal,netem delay 25ms 25ms,QUORUM,QUORUM,cassandra2,cassandra1,False,2,2,False
164,3,MONOTONIC_READS,normal,netem delay 25ms 25ms,QUORUM,QUORUM,cassandra2,cassandra3,False,2,2,False
164,4,MONOTONIC_READS,normal,netem delay 25ms 25ms,QUORUM,QUORUM,cassandra2,cassandra2,True,2,2,False
164,5,MONOTONIC_READS,normal,netem delay 25ms 25ms,QUORUM,QUORUM,cassandra2,cassandra3,False,2,2,False
165,1,MONOTONIC_READS,normal,netem delay 25ms 25ms,QUORUM,QUORUM,cassandra1,cassandra2,False,,2,False
165,2,MONOTONIC_READS,normal,netem delay 25ms 25ms,QUORUM,QUORUM,cassandra1,cassandra2,False,2,2,False
165,3,MONOTONIC_READS,normal,netem delay 25ms 25ms,QUORUM,QUORUM,cassandra1,cassandra1,True,2,2,False
165,4,MONOTONIC_READS,normal,netem delay 25ms 25ms,QUORUM,QUORUM,cassandra1,cassandra3,False,2,2,False
165,5,MONOTONIC_READS,normal,netem delay 25ms 25ms,QUORUM,QUORUM,cassandra1,cassandra1,True,2,2,False
166,1,MONOTONIC_READS,normal,netem delay 25ms 25ms,QUORUM,QUORUM,cassandra2,cassandra2,True,,2,False
166,2,MONOTONIC_READS,normal,netem delay 25ms 25ms,QUORUM,QUORUM,cassandra2,cassandra3,False,2,2,False
166,3,MONOTONIC_READS,normal,netem delay 25ms 25ms,QUORUM,QUORUM,cassandra2,cassandra2,True,2,2,False
166,4,MONOTONIC_READS,normal,netem delay 25ms 25ms,QUORUM,QUORUM,cassandra2,cassandra1,False,2,2,False
166,5,MONOTONIC_READS,normal,netem delay 25ms 25ms,QUORUM,QUORUM,cassandra2,cassandra2,True,2,2,False
167,1,MONOTONIC_READS,normal,netem delay 25ms 25ms,QUORUM,QUORUM,cassandra1,cassandra2,False,,2,False
167,2,MONOTONIC_READS,normal,netem delay 25ms 25ms,QUORUM,QUORUM,cassandra1,cassandra3,False,2,2,False
167,3,MONOTONIC_READS,normal,netem delay 25ms 25ms,QUORUM,QUORUM,cassandra1,cassandra2,False,2,2,False
167,4,MONOTONIC_READS,normal,netem delay 25ms 25ms,QUORUM,QUORUM,cassandra1,cassandra2,False,2,2,False
167,5,MONOTONIC_READS,normal,netem delay 25ms 25ms,QUORUM,QUORUM,cassandra1,cassandra2,False,2,2,False
168,1,MONOTONIC_READS,normal,netem delay 25ms 25ms,QUORUM,QUORUM,cassandra1,cassandra3,False,,2,False
168,2,MONOTONIC_READS,normal,netem delay 25ms 25ms,QUORUM,QUORUM,cassandra1,cassandra3,False,2,2,False
168,3,MONOTONIC_READS,normal,netem delay 25ms 25ms,QUORUM,QUORUM,cassandra1,cassandra1,True,2,2,False
168,4,MONOTONIC_READS,normal,netem delay 25ms 25ms,QUORUM,QUORUM,cassandra1,cassandra3,False,2,2,False
168,5,MONOTONIC_READS,normal,netem delay 25ms 25ms,QUORUM,QUORUM,cassandra1,cassandra1,True,2,2,False
169,1,MONOTONIC_READS,normal,netem delay 25ms 25ms,QUORUM,QUORUM,cassandra2,cassandra2,True,,2,False
169,2,MONOTONIC_READS,normal,netem delay 25ms 25ms,QUORUM,QUORUM,cassandra2,cassandra3,False,2,2,False
169,3,MONOTONIC_READS,normal,netem delay 25ms 25ms,QUORUM,QUORUM,cassandra2,cassandra2,True,2,2,False
169,4,MONOTONIC_READS,normal,netem delay 25ms 25ms,QUORUM,QUORUM,cassandra2,cassandra2,True,2,2,False
169,5,MONOTONIC_READS,normal,netem delay 25ms 25ms,QUORUM,QUORUM,cassandra2,cassandra2,True,2,2,False
170,1,MONOTONIC_READS,normal,netem delay 25ms 25ms,QUORUM,QUORUM,cassandra1,cassandra1,True,,2,False
170,2,MONOTONIC_READS,normal,netem delay 25ms 25ms,QUORUM,QUORUM,cassandra1,cassandra2,False,2,2,False
170,3,MONOTONIC_READS,normal,netem delay 25ms 25ms,QUORUM,QUORUM,cassandra1,cassandra1,True,2,2,False
170,4,MONOTONIC_READS,normal,netem delay 25ms 25ms,QUORUM,QUORUM,cassandra1,cassandra3,False,2,2,False
170,5,MONOTONIC_READS,normal,netem delay 25ms 25ms,QUORUM,QUORUM,cassandra1,cassandra3,False,2,2,False
171,1,MONOTONIC_READS,normal,netem delay 25ms 25ms,QUORUM,QUORUM,cassandra1,cassandra2,False,,2,False
171,2,MONOTONIC_READS,normal,netem delay 25ms 25ms,QUORUM,QUORUM,cassandra1,cassandra3,False,2,2,False
171,3,MONOTONIC_READS,normal,netem delay 25ms 25ms,QUORUM,QUORUM,cassandra1,cassandra1,True,2,2,False
171,4,MONOTONIC_READS,normal,netem delay 25ms 25ms,QUORUM,QUORUM,cassandra1,cassandra3,False,2,2,False
171,5,MONOTONIC_READS,normal,netem delay 25ms 25ms,QUORUM,QUORUM,cassandra1,cassandra3,False,2,2,False
172,1,MONOTONIC_READS,normal,netem delay 25ms 25ms,QUORUM,QUORUM,cassandra3,cassandra2,False,,2,False
172,2,MONOTONIC_READS,normal,netem delay 25ms 25ms,QUORUM,QUORUM,cassandra3,cassandra2,False,2,2,False
172,3,MONOTONIC_READS,normal,netem delay 25ms 25ms,QUORUM,QUORUM,cassandra3,cassandra1,False,2,2,False
172,4,MONOTONIC_READS,normal,netem delay 25ms 25ms,QUORUM,QUORUM,cassandra3,cassandra2,False,2,2,False
172,5,MONOTONIC_READS,normal,netem delay 25ms 25ms,QUORUM,QUORUM,cassandra3,cassandra2,False,2,2,False
173,1,MONOTONIC_READS,normal,netem delay 25ms 25ms,QUORUM,QUORUM,cassandra3,cassandra3,True,,2,False
173,2,MONOTONIC_READS,normal,netem delay 25ms 25ms,QUORUM,QUORUM,cassandra3,cassandra2,False,2,2,False
173,3,MONOTONIC_READS,normal,netem delay 25ms 25ms,QUORUM,QUORUM,cassandra3,cassandra2,False,2,2,False
173,4,MONOTONIC_READS,normal,netem delay 25ms 25ms,QUORUM,QUORUM,cassandra3,cassandra3,True,2,2,False
173,5,MONOTONIC_READS,normal,netem delay 25ms 25ms,QUORUM,QUORUM,cassandra3,cassandra1,False,2,2,False
174,1,MONOTONIC_READS,normal,netem delay 25ms 25ms,QUORUM,QUORUM,cassandra3,cassandra1,False,,2,False
174,2,MONOTONIC_READS,normal,netem delay 25ms 25ms,QUORUM,QUORUM,cassandra3,cassandra2,False,2,2,False
174,3,MONOTONIC_READS,normal,netem delay 25ms 25ms,QUORUM,QUORUM,cassandra3,cassandra3,True,2,2,False
174,4,MONOTONIC_READS,normal,netem delay 25ms 25ms,QUORUM,QUORUM,cassandra3,cassandra3,True,2,2,False
174,5,MONOTONIC_READS,normal,netem delay 25ms 25ms,QUORUM,QUORUM,cassandra3,cassandra2,False,2,2,False
175,1,MONOTONIC_READS,normal,netem delay 25ms 25ms,QUORUM,QUORUM,cassandra1,cassandra2,False,,2,False
175,2,MONOTONIC_READS,normal,netem delay 25ms 25ms,QUORUM,QUORUM,cassandra1,cassandra3,False,2,2,False
175,3,MONOTONIC_READS,normal,netem delay 25ms 25ms,QUORUM,QUORUM,cassandra1,cassandra1,True,2,2,False
175,4,MONOTONIC_READS,normal,netem delay 25ms 25ms,QUORUM,QUORUM,cassandra1,cassandra3,False,2,2,False
175,5,MONOTONIC_READS,normal,netem delay 25ms 25ms,QUORUM,QUORUM,cassandra1,cassandra3,False,2,2,False
176,1,MONOTONIC_READS,normal,netem delay 25ms 25ms,QUORUM,QUORUM,cassandra2,cassandra3,False,,2,False
176,2,MONOTONIC_READS,normal,netem delay 25ms 25ms,QUORUM,QUORUM,cassandra2,cassandra2,True,2,2,False
176,3,MONOTONIC_READS,normal,netem delay 25ms 25ms,QUORUM,QUORUM,cassandra2,cassandra1,False,2,2,False
176,4,MONOTONIC_READS,normal,netem delay 25ms 25ms,QUORUM,QUORUM,cassandra2,cassandra3,False,2,2,False
176,5,MONOTONIC_READS,normal,netem delay 25ms 25ms,QUORUM,QUORUM,cassandra2,cassandra2,True,2,2,False
177,1,MONOTONIC_READS,normal,netem delay 25ms 25ms,QUORUM,QUORUM,cassandra1,cassandra1,True,,2,False
177,2,MONOTONIC_READS,normal,netem delay 25ms 25ms,QUORUM,QUORUM,cassandra1,cassandra3,False,2,2,False
177,3,MONOTONIC_READS,normal,netem delay 25ms 25ms,QUORUM,QUORUM,cassandra1,cassandra1,True,2,2,False
177,4,MONOTONIC_READS,normal,netem delay 25ms 25ms,QUORUM,QUORUM,cassandra1,cassandra1,True,2,2,False
177,5,MONOTONIC_READS,normal,netem delay 25ms 25ms,QUORUM,QUORUM,cassandra1,cassandra1,True,2,2,False
178,1,MONOTONIC_READS,normal,netem delay 25ms 25ms,QUORUM,QUORUM,cassandra3,cassandra1,False,,2,False
178,2,MONOTONIC_READS,normal,netem delay 25ms 25ms,QUORUM,QUORUM,cassandra3,cassandra1,False,2,2,False
178,3,MONOTONIC_READS,normal,netem delay 25ms 25ms,QUORUM,QUORUM,cassandra3,cassandra2,False,2,2,False
178,4,MONOTONIC_READS,normal,netem delay 25ms 25ms,QUORUM,QUORUM,cassandra3,cassandra1,False,2,2,False
178,5,MONOTONIC_READS,normal,netem delay 25ms 25ms,QUORUM,QUORUM,cassandra3,cassandra1,False,2,2,False
179,1,MONOTONIC_READS,normal,netem delay 25ms 25ms,QUORUM,QUORUM,cassandra3,cassandra2,False,,2,False
179,2,MONOTONIC_READS,normal,netem delay 25ms 25ms,QUORUM,QUORUM,cassandra3,cassandra1,False,2,2,False
179,3,MONOTONIC_READS,normal,netem delay 25ms 25ms,QUORUM,QUORUM,cassandra3,cassandra1,False,2,2,False
179,4,MONOTONIC_READS,normal,netem delay 25ms 25ms,QUORUM,QUORUM,cassandra3,cassandra3,True,2,2,False
179,5,MONOTONIC_READS,normal,netem delay 25ms 25ms,QUORUM,QUORUM,cassandra3,cassandra3,True,2,2,False
180,1,MONOTONIC_READS,normal,netem delay 25ms 25ms,QUORUM,QUORUM,cassandra3,cassandra2,False,,2,False
180,2,MONOTONIC_READS,normal,netem delay 25ms 25ms,QUORUM,QUORUM,cassandra3,cassandra1,False,2,2,False
180,3,MONOTONIC_READS,normal,netem delay 25ms 25ms,QUORUM,QUORUM,cassandra3,cassandra3,True,2,2,False
180,4,MONOTONIC_READS,normal,netem delay 25ms 25ms,QUORUM,QUORUM,cassandra3,cassandra3,True,2,2,False
180,5,MONOTONIC_READS,normal,netem delay 25ms 25ms,QUORUM,QUORUM,cassandra3,cassandra1,False,2,2,False
181,1,MONOTONIC_READS,normal,netem delay 25ms 25ms,QUORUM,QUORUM,cassandra1,cassandra1,True,,2,False
181,2,MONOTONIC_READS,normal,netem delay 25ms 25ms,QUORUM,QUORUM,cassandra1,cassandra1,True,2,2,False
181,3,MONOTONIC_READS,normal,netem delay 25ms 25ms,QUORUM,QUORUM,cassandra1,cassandra3,False,2,2,False
181,4,MONOTONIC_READS,normal,netem delay 25ms 25ms,QUORUM,QUORUM,cassandra1,cassandra2,False,2,2,False
181,5,MONOTONIC_READS,normal,netem delay 25ms 25ms,QUORUM,QUORUM,cassandra1,cassandra2,False,2,2,False
182,1,MONOTONIC_READS,normal,netem delay 25ms 25ms,QUORUM,QUORUM,cassandra2,cassandra1,False,,2,False
182,2,MONOTONIC_READS,normal,netem delay 25ms 25ms,QUORUM,QUORUM,cassandra2,cassandra1,False,2,2,False
182,3,MONOTONIC_READS,normal,netem delay 25ms 25ms,QUORUM,QUORUM,cassandra2,cassandra1,False,2,2,False
182,4,MONOTONIC_READS,normal,netem delay 25ms 25ms,QUORUM,QUORUM,cassandra2,cassandra1,False,2,2,False
182,5,MONOTONIC_READS,normal,netem delay 25ms 25ms,QUORUM,QUORUM,cassandra2,cassandra3,False,2,2,False
183,1,MONOTONIC_READS,normal,netem delay 25ms 25ms,QUORUM,QUORUM,cassandra1,cassandra2,False,,2,False
183,2,MONOTONIC_READS,normal,netem delay 25ms 25ms,QUORUM,QUORUM,cassandra1,cassandra2,False,2,2,False
183,3,MONOTONIC_READS,normal,netem delay 25ms 25ms,QUORUM,QUORUM,cassandra1,cassandra2,False,2,2,False
183,4,MONOTONIC_READS,normal,netem delay 25ms 25ms,QUORUM,QUORUM,cassandra1,cassandra2,False,2,2,False
183,5,MONOTONIC_READS,normal,netem delay 25ms 25ms,QUORUM,QUORUM,cassandra1,cassandra1,True,2,2,False
184,1,MONOTONIC_READS,normal,netem delay 25ms 25ms,QUORUM,QUORUM,cassandra1,cassandra3,False,,2,False
184,2,MONOTONIC_READS,normal,netem delay 25ms 25ms,QUORUM,QUORUM,cassandra1,cassandra3,False,2,2,False
184,3,MONOTONIC_READS,normal,netem delay 25ms 25ms,QUORUM,QUORUM,cassandra1,cassandra1,True,2,2,False
184,4,MONOTONIC_READS,normal,netem delay 25ms 25ms,QUORUM,QUORUM,cassandra1,cassandra1,True,2,2,False
184,5,MONOTONIC_READS,normal,netem delay 25ms 25ms,QUORUM,QUORUM,cassandra1,cassandra1,True,2,2,False
185,1,MONOTONIC_READS,normal,netem delay 25ms 25ms,QUORUM,QUORUM,cassandra2,cassandra1,False,,2,False
185,2,MONOTONIC_READS,normal,netem delay 25ms 25ms,QUORUM,QUORUM,cassandra2,cassandra1,False,2,2,False
185,3,MONOTONIC_READS,normal,netem delay 25ms 25ms,QUORUM,QUORUM,cassandra2,cassandra3,False,2,2,False
185,4,MONOTONIC_READS,normal,netem delay 25ms 25ms,QUORUM,QUORUM,cassandra2,cassandra1,False,2,2,False
185,5,MONOTONIC_READS,normal,netem delay 25ms 25ms,QUORUM,QUORUM,cassandra2,cassandra2,True,2,2,False
186,1,MONOTONIC_READS,normal,netem delay 25ms 25ms,QUORUM,QUORUM,cassandra3,cassandra2,False,,2,False
186,2,MONOTONIC_READS,normal,netem delay 25ms 25ms,QUORUM,QUORUM,cassandra3,cassandra2,False,2,2,False
186,3,MONOTONIC_READS,normal,netem delay 25ms 25ms,QUORUM,QUORUM,cassandra3,cassandra2,False,2,2,False
186,4,MONOTONIC_READS,normal,netem delay 25ms 25ms,QUORUM,QUORUM,cassandra3,cassandra1,False,2,2,False
186,5,MONOTONIC_READS,normal,netem delay 25ms 25ms,QUORUM,QUORUM,cassandra3,cassandra3,True,2,2,False
187,1,MONOTONIC_READS,normal,netem delay 25ms 25ms,QUORUM,QUORUM,cassandra2,cassandra3,False,,2,False
187,2,MONOTONIC_READS,normal,netem delay 25ms 25ms,QUORUM,QUORUM,cassandra2,cassandra2,True,2,2,False
187,3,MONOTONIC_READS,normal,netem delay 25ms 25ms,QUORUM,QUORUM,cassandra2,cassandra1,False,2,2,False
187,4,MONOTONIC_READS,normal,netem delay 25ms 25ms,QUORUM,QUORUM,cassandra2,cassandra3,False,2,2,False
187,5,MONOTONIC_READS,normal,netem delay 25ms 25ms,QUORUM,QUORUM,cassandra2,cassandra3,False,2,2,False
188,1,MONOTONIC_READS,normal,netem delay 25ms 25ms,QUORUM,QUORUM,cassandra2,cassandra3,False,,2,False
188,2,MONOTONIC_READS,normal,netem delay 25ms 25ms,QUORUM,QUORUM,cassandra2,cassandra1,False,2,2,False
188,3,MONOTONIC_READS,normal,netem delay 25ms 25ms,QUORUM,QUORUM,cassandra2,cassandra2,True,2,2,False
188,4,MONOTONIC_READS,normal,netem delay 25ms 25ms,QUORUM,QUORUM,cassandra2,cassandra1,False,2,2,False
188,5,MONOTONIC_READS,normal,netem delay 25ms 25ms,QUORUM,QUORUM,cassandra2,cassandra2,True,2,2,False
189,1,MONOTONIC_READS,normal,netem delay 25ms 25ms,QUORUM,QUORUM,cassandra1,cassandra2,False,,2,False
189,2,MONOTONIC_READS,normal,netem delay 25ms 25ms,QUORUM,QUORUM,cassandra1,cassandra2,False,2,2,False
189,3,MONOTONIC_READS,normal,netem delay 25ms 25ms,QUORUM,QUORUM,cassandra1,cassandra3,False,2,2,False
189,4,MONOTONIC_READS,normal,netem delay 25ms 25ms,QUORUM,QUORUM,cassandra1,cassandra1,True,2,2,False
189,5,MONOTONIC_READS,normal,netem delay 25ms 25ms,QUORUM,QUORUM,cassandra1,cassandra1,True,2,2,False
190,1,MONOTONIC_READS,normal,netem delay 25ms 25ms,QUORUM,QUORUM,cassandra3,cassandra2,False,,2,False
190,2,MONOTONIC_READS,normal,netem delay 25ms 25ms,QUORUM,QUORUM,cassandra3,cassandra3,True,2,2,False
190,3,MONOTONIC_READS,normal,netem delay 25ms 25ms,QUORUM,QUORUM,cassandra3,cassandra1,False,2,2,False
190,4,MONOTONIC_READS,normal,netem delay 25ms 25ms,QUORUM,QUORUM,cassandra3,cassandra3,True,2,2,False
190,5,MONOTONIC_READS,normal,netem delay 25ms 25ms,QUORUM,QUORUM,cassandra3,cassandra3,True,2,2,False
191,1,MONOTONIC_READS,normal,netem delay 25ms 25ms,QUORUM,QUORUM,cassandra2,cassandra3,False,,2,False
191,2,MONOTONIC_READS,normal,netem delay 25ms 25ms,QUORUM,QUORUM,cassandra2,cassandra2,True,2,2,False
191,3,MONOTONIC_READS,normal,netem delay 25ms 25ms,QUORUM,QUORUM,cassandra2,cassandra3,False,2,2,False
191,4,MONOTONIC_READS,normal,netem delay 25ms 25ms,QUORUM,QUORUM,cassandra2,cassandra2,True,2,2,False
191,5,MONOTONIC_READS,normal,netem delay 25ms 25ms,QUORUM,QUORUM,cassandra2,cassandra3,False,2,2,False
192,1,MONOTONIC_READS,normal,netem delay 25ms 25ms,QUORUM,QUORUM,cassandra3,cassandra2,False,,2,False
192,2,MONOTONIC_READS,normal,netem delay 25ms 25ms,QUORUM,QUORUM,cassandra3,cassandra3,True,2,2,False
192,3,MONOTONIC_READS,normal,netem delay 25ms 25ms,QUORUM,QUORUM,cassandra3,cassandra2,False,2,2,False
192,4,MONOTONIC_READS,normal,netem delay 25ms 25ms,QUORUM,QUORUM,cassandra3,cassandra3,True,2,2,False
192,5,MONOTONIC_READS,normal,netem delay 25ms 25ms,QUORUM,QUORUM,cassandra3,cassandra3,True,2,2,False
193,1,MONOTONIC_READS,normal,netem delay 25ms 25ms,QUORUM,QUORUM,cassandra3,cassandra3,True,,2,False
193,2,MONOTONIC_READS,normal,netem delay 25ms 25ms,QUORUM,QUORUM,cassandra3,cassandra2,False,2,2,False
193,3,MONOTONIC_READS,normal,netem delay 25ms 25ms,QUORUM,QUORUM,cassandra3,cassandra2,False,2,2,False
193,4,MONOTONIC_READS,normal,netem delay 25ms 25ms,QUORUM,QUORUM,cassandra3,cassandra2,False,2,2,False
193,5,MONOTONIC_READS,normal,netem delay 25ms 25ms,QUORUM,QUORUM,cassandra3,cassandra1,False,2,2,False
194,1,MONOTONIC_READS,normal,netem delay 25ms 25ms,QUORUM,QUORUM,cassandra3,cassandra1,False,,2,False
194,2,MONOTONIC_READS,normal,netem delay 25ms 25ms,QUORUM,QUORUM,cassandra3,cassandra1,False,2,2,False
194,3,MONOTONIC_READS,normal,netem delay 25ms 25ms,QUORUM,QUORUM,cassandra3,cassandra2,False,2,2,False
194,4,MONOTONIC_READS,normal,netem delay 25ms 25ms,QUORUM,QUORUM,cassandra3,cassandra3,True,2,2,False
194,5,MONOTONIC_READS,normal,netem delay 25ms 25ms,QUORUM,QUORUM,cassandra3,cassandra2,False,2,2,False
195,1,MONOTONIC_READS,normal,netem delay 25ms 25ms,QUORUM,QUORUM,cassandra3,cassandra3,True,,2,False
195,2,MONOTONIC_READS,normal,netem delay 25ms 25ms,QUORUM,QUORUM,cassandra3,cassandra2,False,2,2,False
195,3,MONOTONIC_READS,normal,netem delay 25ms 25ms,QUORUM,QUORUM,cassandra3,cassandra2,False,2,2,False
195,4,MONOTONIC_READS,normal,netem delay 25ms 25ms,QUORUM,QUORUM,cassandra3,cassandra1,False,2,2,False
195,5,MONOTONIC_READS,normal,netem delay 25ms 25ms,QUORUM,QUORUM,cassandra3,cassandra3,True,2,2,False
196,1,MONOTONIC_READS,normal,netem delay 25ms 25ms,QUORUM,QUORUM,cassandra1,cassandra3,False,,2,False
196,2,MONOTONIC_READS,normal,netem delay 25ms 25ms,QUORUM,QUORUM,cassandra1,cassandra1,True,2,2,False
196,3,MONOTONIC_READS,normal,netem delay 25ms 25ms,QUORUM,QUORUM,cassandra1,cassandra1,True,2,2,False
196,4,MONOTONIC_READS,normal,netem delay 25ms 25ms,QUORUM,QUORUM,cassandra1,cassandra1,True,2,2,False
196,5,MONOTONIC_READS,normal,netem delay 25ms 25ms,QUORUM,QUORUM,cassandra1,cassandra3,False,2,2,False
197,1,MONOTONIC_READS,normal,netem delay 25ms 25ms,QUORUM,QUORUM,cassandra1,cassandra3,False,,2,False
197,2,MONOTONIC_READS,normal,netem delay 25ms 25ms,QUORUM,QUORUM,cassandra1,cassandra1,True,2,2,False
197,3,MONOTONIC_READS,normal,netem delay 25ms 25ms,QUORUM,QUORUM,cassandra1,cassandra1,True,2,2,False
197,4,MONOTONIC_READS,normal,netem delay 25ms 25ms,QUORUM,QUORUM,cassandra1,cassandra2,False,2,2,False
197,5,MONOTONIC_READS,normal,netem delay 25ms 25ms,QUORUM,QUORUM,cassandra1,cassandra3,False,2,2,False
198,1,MONOTONIC_READS,normal,netem delay 25ms 25ms,QUORUM,QUORUM,cassandra2,cassandra3,False,,2,False
198,2,MONOTONIC_READS,normal,netem delay 25ms 25ms,QUORUM,QUORUM,cassandra2,cassandra1,False,2,2,False
198,3,MONOTONIC_READS,normal,netem delay 25ms 25ms,QUORUM,QUORUM,cassandra2,cassandra2,True,2,2,False
198,4,MONOTONIC_READS,normal,netem delay 25ms 25ms,QUORUM,QUORUM,cassandra2,cassandra1,False,2,2,False
198,5,MONOTONIC_READS,normal,netem delay 25ms 25ms,QUORUM,QUORUM,cassandra2,cassandra1,False,2,2,False
199,1,MONOTONIC_READS,normal,netem delay 25ms 25ms,QUORUM,QUORUM,cassandra2,cassandra2,True,,2,False
199,2,MONOTONIC_READS,normal,netem delay 25ms 25ms,QUORUM,QUORUM,cassandra2,cassandra1,False,2,2,False
199,3,MONOTONIC_READS,normal,netem delay 25ms 25ms,QUORUM,QUORUM,cassandra2,cassandra2,True,2,2,False
199,4,MONOTONIC_READS,normal,netem delay 25ms 25ms,QUORUM,QUORUM,cassandra2,cassandra3,False,2,2,False
199,5,MONOTONIC_READS,normal,netem delay 25ms 25ms,QUORUM,QUORUM,cassandra2,cassandra1,False,2,2,False
200,1,MONOTONIC_READS,normal,netem delay 25ms 25ms,QUORUM,QUORUM,cassandra1,cassandra2,False,,2,False
200,2,MONOTONIC_READS,normal,netem delay 25ms 25ms,QUORUM,QUORUM,cassandra1,cassandra3,False,2,2,False
200,3,MONOTONIC_READS,normal,netem delay 25ms 25ms,QUORUM,QUORUM,cassandra1,cassandra3,False,2,2,False
200,4,MONOTONIC_READS,normal,netem delay 25ms 25ms,QUORUM,QUORUM,cassandra1,cassandra1,True,2,2,False
200,5,MONOTONIC_READS,normal,netem delay 25ms 25ms,QUORUM,QUORUM,cassandra1,cassandra3,False,2,2,False
1,1,MONOTONIC_READS,normal,netem delay 25ms 25ms,QUORUM,ALL,cassandra3,cassandra3,True,,2,False
1,2,MONOTONIC_READS,normal,netem delay 25ms 25ms,QUORUM,ALL,cassandra3,cassandra1,False,2,2,False
1,3,MONOTONIC_READS,normal,netem delay 25ms 25ms,QUORUM,ALL,cassandra3,cassandra3,True,2,2,False
1,4,MONOTONIC_READS,normal,netem delay 25ms 25ms,QUORUM,ALL,cassandra3,cassandra2,False,2,2,False
1,5,MONOTONIC_READS,normal,netem delay 25ms 25ms,QUORUM,ALL,cassandra3,cassandra3,True,2,2,False
2,1,MONOTONIC_READS,normal,netem delay 25ms 25ms,QUORUM,ALL,cassandra1,cassandra3,False,,2,False
2,2,MONOTONIC_READS,normal,netem delay 25ms 25ms,QUORUM,ALL,cassandra1,cassandra1,True,2,2,False
2,3,MONOTONIC_READS,normal,netem delay 25ms 25ms,QUORUM,ALL,cassandra1,cassandra1,True,2,2,False
2,4,MONOTONIC_READS,normal,netem delay 25ms 25ms,QUORUM,ALL,cassandra1,cassandra3,False,2,2,False
2,5,MONOTONIC_READS,normal,netem delay 25ms 25ms,QUORUM,ALL,cassandra1,cassandra3,False,2,2,False
3,1,MONOTONIC_READS,normal,netem delay 25ms 25ms,QUORUM,ALL,cassandra3,cassandra3,True,,2,False
3,2,MONOTONIC_READS,normal,netem delay 25ms 25ms,QUORUM,ALL,cassandra3,cassandra1,False,2,2,False
3,3,MONOTONIC_READS,normal,netem delay 25ms 25ms,QUORUM,ALL,cassandra3,cassandra1,False,2,2,False
3,4,MONOTONIC_READS,normal,netem delay 25ms 25ms,QUORUM,ALL,cassandra3,cassandra3,True,2,2,False
3,5,MONOTONIC_READS,normal,netem delay 25ms 25ms,QUORUM,ALL,cassandra3,cassandra1,False,2,2,False
4,1,MONOTONIC_READS,normal,netem delay 25ms 25ms,QUORUM,ALL,cassandra1,cassandra3,False,,2,False
4,2,MONOTONIC_READS,normal,netem delay 25ms 25ms,QUORUM,ALL,cassandra1,cassandra1,True,2,2,False
4,3,MONOTONIC_READS,normal,netem delay 25ms 25ms,QUORUM,ALL,cassandra1,cassandra1,True,2,2,False
4,4,MONOTONIC_READS,normal,netem delay 25ms 25ms,QUORUM,ALL,cassandra1,cassandra2,False,2,2,False
4,5,MONOTONIC_READS,normal,netem delay 25ms 25ms,QUORUM,ALL,cassandra1,cassandra3,False,2,2,False
5,1,MONOTONIC_READS,normal,netem delay 25ms 25ms,QUORUM,ALL,cassandra2,cassandra1,False,,2,False
5,2,MONOTONIC_READS,normal,netem delay 25ms 25ms,QUORUM,ALL,cassandra2,cassandra2,True,2,2,False
5,3,MONOTONIC_READS,normal,netem delay 25ms 25ms,QUORUM,ALL,cassandra2,cassandra1,False,2,2,False
5,4,MONOTONIC_READS,normal,netem delay 25ms 25ms,QUORUM,ALL,cassandra2,cassandra3,False,2,2,False
5,5,MONOTONIC_READS,normal,netem delay 25ms 25ms,QUORUM,ALL,cassandra2,cassandra1,False,2,2,False
6,1,MONOTONIC_READS,normal,netem delay 25ms 25ms,QUORUM,ALL,cassandra1,cassandra3,False,,2,False
6,2,MONOTONIC_READS,normal,netem delay 25ms 25ms,QUORUM,ALL,cassandra1,cassandra2,False,2,2,False
6,3,MONOTONIC_READS,normal,netem delay 25ms 25ms,QUORUM,ALL,cassandra1,cassandra3,False,2,2,False
6,4,MONOTONIC_READS,normal,netem delay 25ms 25ms,QUORUM,ALL,cassandra1,cassandra1,True,2,2,False
6,5,MONOTONIC_READS,normal,netem delay 25ms 25ms,QUORUM,ALL,cassandra1,cassandra3,False,2,2,False
7,1,MONOTONIC_READS,normal,netem delay 25ms 25ms,QUORUM,ALL,cassandra3,cassandra3,True,,2,False
7,2,MONOTONIC_READS,normal,netem delay 25ms 25ms,QUORUM,ALL,cassandra3,cassandra1,False,2,2,False
7,3,MONOTONIC_READS,normal,netem delay 25ms 25ms,QUORUM,ALL,cassandra3,cassandra2,False,2,2,False
7,4,MONOTONIC_READS,normal,netem delay 25ms 25ms,QUORUM,ALL,cassandra3,cassandra2,False,2,2,False
7,5,MONOTONIC_READS,normal,netem delay 25ms 25ms,QUORUM,ALL,cassandra3,cassandra2,False,2,2,False
8,1,MONOTONIC_READS,normal,netem delay 25ms 25ms,QUORUM,ALL,cassandra3,cassandra2,False,,2,False
8,2,MONOTONIC_READS,normal,netem delay 25ms 25ms,QUORUM,ALL,cassandra3,cassandra3,True,2,2,False
8,3,MONOTONIC_READS,normal,netem delay 25ms 25ms,QUORUM,ALL,cassandra3,cassandra2,False,2,2,False
8,4,MONOTONIC_READS,normal,netem delay 25ms 25ms,QUORUM,ALL,cassandra3,cassandra1,False,2,2,False
8,5,MONOTONIC_READS,normal,netem delay 25ms 25ms,QUORUM,ALL,cassandra3,cassandra3,True,2,2,False
9,1,MONOTONIC_READS,normal,netem delay 25ms 25ms,QUORUM,ALL,cassandra2,cassandra2,True,,2,False
9,2,MONOTONIC_READS,normal,netem delay 25ms 25ms,QUORUM,ALL,cassandra2,cassandra2,True,2,2,False
9,3,MONOTONIC_READS,normal,netem delay 25ms 25ms,QUORUM,ALL,cassandra2,cassandra1,False,2,2,False
9,4,MONOTONIC_READS,normal,netem delay 25ms 25ms,QUORUM,ALL,cassandra2,cassandra3,False,2,2,False
9,5,MONOTONIC_READS,normal,netem delay 25ms 25ms,QUORUM,ALL,cassandra2,cassandra2,True,2,2,False
10,1,MONOTONIC_READS,normal,netem delay 25ms 25ms,QUORUM,ALL,cassandra1,cassandra2,False,,2,False
10,2,MONOTONIC_READS,normal,netem delay 25ms 25ms,QUORUM,ALL,cassandra1,cassandra1,True,2,2,False
10,3,MONOTONIC_READS,normal,netem delay 25ms 25ms,QUORUM,ALL,cassandra1,cassandra2,False,2,2,False
10,4,MONOTONIC_READS,normal,netem delay 25ms 25ms,QUORUM,ALL,cassandra1,cassandra1,True,2,2,False
10,5,MONOTONIC_READS,normal,netem delay 25ms 25ms,QUORUM,ALL,cassandra1,cassandra1,True,2,2,False
11,1,MONOTONIC_READS,normal,netem delay 25ms 25ms,QUORUM,ALL,cassandra3,cassandra3,True,,2,False
11,2,MONOTONIC_READS,normal,netem delay 25ms 25ms,QUORUM,ALL,cassandra3,cassandra3,True,2,2,False
11,3,MONOTONIC_READS,normal,netem delay 25ms 25ms,QUORUM,ALL,cassandra3,cassandra1,False,2,2,False
11,4,MONOTONIC_READS,normal,netem delay 25ms 25ms,QUORUM,ALL,cassandra3,cassandra1,False,2,2,False
11,5,MONOTONIC_READS,normal,netem delay 25ms 25ms,QUORUM,ALL,cassandra3,cassandra1,False,2,2,False
12,1,MONOTONIC_READS,normal,netem delay 25ms 25ms,QUORUM,ALL,cassandra1,cassandra2,False,,2,False
12,2,MONOTONIC_READS,normal,netem delay 25ms 25ms,QUORUM,ALL,cassandra1,cassandra1,True,2,2,False
12,3,MONOTONIC_READS,normal,netem delay 25ms 25ms,QUORUM,ALL,cassandra1,cassandra3,False,2,2,False
12,4,MONOTONIC_READS,normal,netem delay 25ms 25ms,QUORUM,ALL,cassandra1,cassandra1,True,2,2,False
12,5,MONOTONIC_READS,normal,netem delay 25ms 25ms,QUORUM,ALL,cassandra1,cassandra3,False,2,2,False
13,1,MONOTONIC_READS,normal,netem delay 25ms 25ms,QUORUM,ALL,cassandra3,cassandra2,False,,2,False
13,2,MONOTONIC_READS,normal,netem delay 25ms 25ms,QUORUM,ALL,cassandra3,cassandra3,True,2,2,False
13,3,MONOTONIC_READS,normal,netem delay 25ms 25ms,QUORUM,ALL,cassandra3,cassandra3,True,2,2,False
13,4,MONOTONIC_READS,normal,netem delay 25ms 25ms,QUORUM,ALL,cassandra3,cassandra1,False,2,2,False
13,5,MONOTONIC_READS,normal,netem delay 25ms 25ms,QUORUM,ALL,cassandra3,cassandra3,True,2,2,False
14,1,MONOTONIC_READS,normal,netem delay 25ms 25ms,QUORUM,ALL,cassandra3,cassandra1,False,,2,False
14,2,MONOTONIC_READS,normal,netem delay 25ms 25ms,QUORUM,ALL,cassandra3,cassandra2,False,2,2,False
14,3,MONOTONIC_READS,normal,netem delay 25ms 25ms,QUORUM,ALL,cassandra3,cassandra1,False,2,2,False
14,4,MONOTONIC_READS,normal,netem delay 25ms 25ms,QUORUM,ALL,cassandra3,cassandra3,True,2,2,False
14,5,MONOTONIC_READS,normal,netem delay 25ms 25ms,QUORUM,ALL,cassandra3,cassandra2,False,2,2,False
15,1,MONOTONIC_READS,normal,netem delay 25ms 25ms,QUORUM,ALL,cassandra2,cassandra1,False,,2,False
15,2,MONOTONIC_READS,normal,netem delay 25ms 25ms,QUORUM,ALL,cassandra2,cassandra3,False,2,2,False
15,3,MONOTONIC_READS,normal,netem delay 25ms 25ms,QUORUM,ALL,cassandra2,cassandra2,True,2,2,False
15,4,MONOTONIC_READS,normal,netem delay 25ms 25ms,QUORUM,ALL,cassandra2,cassandra2,True,2,2,False
15,5,MONOTONIC_READS,normal,netem delay 25ms 25ms,QUORUM,ALL,cassandra2,cassandra1,False,2,2,False
16,1,MONOTONIC_READS,normal,netem delay 25ms 25ms,QUORUM,ALL,cassandra3,cassandra3,True,,2,False
16,2,MONOTONIC_READS,normal,netem delay 25ms 25ms,QUORUM,ALL,cassandra3,cassandra3,True,2,2,False
16,3,MONOTONIC_READS,normal,netem delay 25ms 25ms,QUORUM,ALL,cassandra3,cassandra1,False,2,2,False
16,4,MONOTONIC_READS,normal,netem delay 25ms 25ms,QUORUM,ALL,cassandra3,cassandra3,True,2,2,False
16,5,MONOTONIC_READS,normal,netem delay 25ms 25ms,QUORUM,ALL,cassandra3,cassandra2,False,2,2,False
17,1,MONOTONIC_READS,normal,netem delay 25ms 25ms,QUORUM,ALL,cassandra3,cassandra2,False,,2,False
17,2,MONOTONIC_READS,normal,netem delay 25ms 25ms,QUORUM,ALL,cassandra3,cassandra2,False,2,2,False
17,3,MONOTONIC_READS,normal,netem delay 25ms 25ms,QUORUM,ALL,cassandra3,cassandra3,True,2,2,False
17,4,MONOTONIC_READS,normal,netem delay 25ms 25ms,QUORUM,ALL,cassandra3,cassandra1,False,2,2,False
17,5,MONOTONIC_READS,normal,netem delay 25ms 25ms,QUORUM,ALL,cassandra3,cassandra1,False,2,2,False
18,1,MONOTONIC_READS,normal,netem delay 25ms 25ms,QUORUM,ALL,cassandra3,cassandra2,False,,2,False
18,2,MONOTONIC_READS,normal,netem delay 25ms 25ms,QUORUM,ALL,cassandra3,cassandra3,True,2,2,False
18,3,MONOTONIC_READS,normal,netem delay 25ms 25ms,QUORUM,ALL,cassandra3,cassandra3,True,2,2,False
18,4,MONOTONIC_READS,normal,netem delay 25ms 25ms,QUORUM,ALL,cassandra3,cassandra3,True,2,2,False
18,5,MONOTONIC_READS,normal,netem delay 25ms 25ms,QUORUM,ALL,cassandra3,cassandra2,False,2,2,False
19,1,MONOTONIC_READS,normal,netem delay 25ms 25ms,QUORUM,ALL,cassandra1,cassandra3,False,,2,False
19,2,MONOTONIC_READS,normal,netem delay 25ms 25ms,QUORUM,ALL,cassandra1,cassandra2,False,2,2,False
19,3,MONOTONIC_READS,normal,netem delay 25ms 25ms,QUORUM,ALL,cassandra1,cassandra3,False,2,2,False
19,4,MONOTONIC_READS,normal,netem delay 25ms 25ms,QUORUM,ALL,cassandra1,cassandra3,False,2,2,False
19,5,MONOTONIC_READS,normal,netem delay 25ms 25ms,QUORUM,ALL,cassandra1,cassandra2,False,2,2,False
20,1,MONOTONIC_READS,normal,netem delay 25ms 25ms,QUORUM,ALL,cassandra2,cassandra2,True,,2,False
20,2,MONOTONIC_READS,normal,netem delay 25ms 25ms,QUORUM,ALL,cassandra2,cassandra2,True,2,2,False
20,3,MONOTONIC_READS,normal,netem delay 25ms 25ms,QUORUM,ALL,cassandra2,cassandra3,False,2,2,False
20,4,MONOTONIC_READS,normal,netem delay 25ms 25ms,QUORUM,ALL,cassandra2,cassandra2,True,2,2,False
20,5,MONOTONIC_READS,normal,netem delay 25ms 25ms,QUORUM,ALL,cassandra2,cassandra2,True,2,2,False
21,1,MONOTONIC_READS,normal,netem delay 25ms 25ms,QUORUM,ALL,cassandra2,cassandra2,True,,2,False
21,2,MONOTONIC_READS,normal,netem delay 25ms 25ms,QUORUM,ALL,cassandra2,cassandra2,True,2,2,False
21,3,MONOTONIC_READS,normal,netem delay 25ms 25ms,QUORUM,ALL,cassandra2,cassandra1,False,2,2,False
21,4,MONOTONIC_READS,normal,netem delay 25ms 25ms,QUORUM,ALL,cassandra2,cassandra3,False,2,2,False
21,5,MONOTONIC_READS,normal,netem delay 25ms 25ms,QUORUM,ALL,cassandra2,cassandra1,False,2,2,False
22,1,MONOTONIC_READS,normal,netem delay 25ms 25ms,QUORUM,ALL,cassandra3,cassandra3,True,,2,False
22,2,MONOTONIC_READS,normal,netem delay 25ms 25ms,QUORUM,ALL,cassandra3,cassandra3,True,2,2,False
22,3,MONOTONIC_READS,normal,netem delay 25ms 25ms,QUORUM,ALL,cassandra3,cassandra2,False,2,2,False
22,4,MONOTONIC_READS,normal,netem delay 25ms 25ms,QUORUM,ALL,cassandra3,cassandra3,True,2,2,False
22,5,MONOTONIC_READS,normal,netem delay 25ms 25ms,QUORUM,ALL,cassandra3,cassandra2,False,2,2,False
23,1,MONOTONIC_READS,normal,netem delay 25ms 25ms,QUORUM,ALL,cassandra3,cassandra2,False,,2,False
23,2,MONOTONIC_READS,normal,netem delay 25ms 25ms,QUORUM,ALL,cassandra3,cassandra2,False,2,2,False
23,3,MONOTONIC_READS,normal,netem delay 25ms 25ms,QUORUM,ALL,cassandra3,cassandra1,False,2,2,False
23,4,MONOTONIC_READS,normal,netem delay 25ms 25ms,QUORUM,ALL,cassandra3,cassandra2,False,2,2,False
23,5,MONOTONIC_READS,normal,netem delay 25ms 25ms,QUORUM,ALL,cassandra3,cassandra3,True,2,2,False
24,1,MONOTONIC_READS,normal,netem delay 25ms 25ms,QUORUM,ALL,cassandra2,cassandra1,False,,2,False
24,2,MONOTONIC_READS,normal,netem delay 25ms 25ms,QUORUM,ALL,cassandra2,cassandra1,False,2,2,False
24,3,MONOTONIC_READS,normal,netem delay 25ms 25ms,QUORUM,ALL,cassandra2,cassandra1,False,2,2,False
24,4,MONOTONIC_READS,normal,netem delay 25ms 25ms,QUORUM,ALL,cassandra2,cassandra3,False,2,2,False
24,5,MONOTONIC_READS,normal,netem delay 25ms 25ms,QUORUM,ALL,cassandra2,cassandra1,False,2,2,False
25,1,MONOTONIC_READS,normal,netem delay 25ms 25ms,QUORUM,ALL,cassandra3,cassandra2,False,,2,False
25,2,MONOTONIC_READS,normal,netem delay 25ms 25ms,QUORUM,ALL,cassandra3,cassandra3,True,2,2,False
25,3,MONOTONIC_READS,normal,netem delay 25ms 25ms,QUORUM,ALL,cassandra3,cassandra2,False,2,2,False
25,4,MONOTONIC_READS,normal,netem delay 25ms 25ms,QUORUM,ALL,cassandra3,cassandra3,True,2,2,False
25,5,MONOTONIC_READS,normal,netem delay 25ms 25ms,QUORUM,ALL,cassandra3,cassandra1,False,2,2,False
26,1,MONOTONIC_READS,normal,netem delay 25ms 25ms,QUORUM,ALL,cassandra1,cassandra1,True,,2,False
26,2,MONOTONIC_READS,normal,netem delay 25ms 25ms,QUORUM,ALL,cassandra1,cassandra3,False,2,2,False
26,3,MONOTONIC_READS,normal,netem delay 25ms 25ms,QUORUM,ALL,cassandra1,cassandra2,False,2,2,False
26,4,MONOTONIC_READS,normal,netem delay 25ms 25ms,QUORUM,ALL,cassandra1,cassandra3,False,2,2,False
26,5,MONOTONIC_READS,normal,netem delay 25ms 25ms,QUORUM,ALL,cassandra1,cassandra3,False,2,2,False
27,1,MONOTONIC_READS,normal,netem delay 25ms 25ms,QUORUM,ALL,cassandra3,cassandra1,False,,2,False
27,2,MONOTONIC_READS,normal,netem delay 25ms 25ms,QUORUM,ALL,cassandra3,cassandra3,True,2,2,False
27,3,MONOTONIC_READS,normal,netem delay 25ms 25ms,QUORUM,ALL,cassandra3,cassandra3,True,2,2,False
27,4,MONOTONIC_READS,normal,netem delay 25ms 25ms,QUORUM,ALL,cassandra3,cassandra2,False,2,2,False
27,5,MONOTONIC_READS,normal,netem delay 25ms 25ms,QUORUM,ALL,cassandra3,cassandra3,True,2,2,False
28,1,MONOTONIC_READS,normal,netem delay 25ms 25ms,QUORUM,ALL,cassandra3,cassandra2,False,,2,False
28,2,MONOTONIC_READS,normal,netem delay 25ms 25ms,QUORUM,ALL,cassandra3,cassandra1,False,2,2,False
28,3,MONOTONIC_READS,normal,netem delay 25ms 25ms,QUORUM,ALL,cassandra3,cassandra3,True,2,2,False
28,4,MONOTONIC_READS,normal,netem delay 25ms 25ms,QUORUM,ALL,cassandra3,cassandra3,True,2,2,False
28,5,MONOTONIC_READS,normal,netem delay 25ms 25ms,QUORUM,ALL,cassandra3,cassandra2,False,2,2,False
29,1,MONOTONIC_READS,normal,netem delay 25ms 25ms,QUORUM,ALL,cassandra2,cassandra1,False,,2,False
29,2,MONOTONIC_READS,normal,netem delay 25ms 25ms,QUORUM,ALL,cassandra2,cassandra2,True,2,2,False
29,3,MONOTONIC_READS,normal,netem delay 25ms 25ms,QUORUM,ALL,cassandra2,cassandra1,False,2,2,False
29,4,MONOTONIC_READS,normal,netem delay 25ms 25ms,QUORUM,ALL,cassandra2,cassandra3,False,2,2,False
29,5,MONOTONIC_READS,normal,netem delay 25ms 25ms,QUORUM,ALL,cassandra2,cassandra3,False,2,2,False
30,1,MONOTONIC_READS,normal,netem delay 25ms 25ms,QUORUM,ALL,cassandra3,cassandra1,False,,2,False
30,2,MONOTONIC_READS,normal,netem delay 25ms 25ms,QUORUM,ALL,cassandra3,cassandra3,True,2,2,False
30,3,MONOTONIC_READS,normal,netem delay 25ms 25ms,QUORUM,ALL,cassandra3,cassandra2,False,2,2,False
30,4,MONOTONIC_READS,normal,netem delay 25ms 25ms,QUORUM,ALL,cassandra3,cassandra1,False,2,2,False
30,5,MONOTONIC_READS,normal,netem delay 25ms 25ms,QUORUM,ALL,cassandra3,cassandra1,False,2,2,False
31,1,MONOTONIC_READS,normal,netem delay 25ms 25ms,QUORUM,ALL,cassandra2,cassandra1,False,,2,False
31,2,MONOTONIC_READS,normal,netem delay 25ms 25ms,QUORUM,ALL,cassandra2,cassandra1,False,2,2,False
31,3,MONOTONIC_READS,normal,netem delay 25ms 25ms,QUORUM,ALL,cassandra2,cassandra3,False,2,2,False
31,4,MONOTONIC_READS,normal,netem delay 25ms 25ms,QUORUM,ALL,cassandra2,cassandra3,False,2,2,False
31,5,MONOTONIC_READS,normal,netem delay 25ms 25ms,QUORUM,ALL,cassandra2,cassandra2,True,2,2,False
32,1,MONOTONIC_READS,normal,netem delay 25ms 25ms,QUORUM,ALL,cassandra1,cassandra3,False,,2,False
32,2,MONOTONIC_READS,normal,netem delay 25ms 25ms,QUORUM,ALL,cassandra1,cassandra3,False,2,2,False
32,3,MONOTONIC_READS,normal,netem delay 25ms 25ms,QUORUM,ALL,cassandra1,cassandra1,True,2,2,False
32,4,MONOTONIC_READS,normal,netem delay 25ms 25ms,QUORUM,ALL,cassandra1,cassandra3,False,2,2,False
32,5,MONOTONIC_READS,normal,netem delay 25ms 25ms,QUORUM,ALL,cassandra1,cassandra1,True,2,2,False
33,1,MONOTONIC_READS,normal,netem delay 25ms 25ms,QUORUM,ALL,cassandra1,cassandra2,False,,2,False
33,2,MONOTONIC_READS,normal,netem delay 25ms 25ms,QUORUM,ALL,cassandra1,cassandra2,False,2,2,False
33,3,MONOTONIC_READS,normal,netem delay 25ms 25ms,QUORUM,ALL,cassandra1,cassandra3,False,2,2,False
33,4,MONOTONIC_READS,normal,netem delay 25ms 25ms,QUORUM,ALL,cassandra1,cassandra3,False,2,2,False
33,5,MONOTONIC_READS,normal,netem delay 25ms 25ms,QUORUM,ALL,cassandra1,cassandra2,False,2,2,False
34,1,MONOTONIC_READS,normal,netem delay 25ms 25ms,QUORUM,ALL,cassandra3,cassandra3,True,,2,False
34,2,MONOTONIC_READS,normal,netem delay 25ms 25ms,QUORUM,ALL,cassandra3,cassandra2,False,2,2,False
34,3,MONOTONIC_READS,normal,netem delay 25ms 25ms,QUORUM,ALL,cassandra3,cassandra3,True,2,2,False
34,4,MONOTONIC_READS,normal,netem delay 25ms 25ms,QUORUM,ALL,cassandra3,cassandra3,True,2,2,False
34,5,MONOTONIC_READS,normal,netem delay 25ms 25ms,QUORUM,ALL,cassandra3,cassandra1,False,2,2,False
35,1,MONOTONIC_READS,normal,netem delay 25ms 25ms,QUORUM,ALL,cassandra1,cassandra2,False,,2,False
35,2,MONOTONIC_READS,normal,netem delay 25ms 25ms,QUORUM,ALL,cassandra1,cassandra1,True,2,2,False
35,3,MONOTONIC_READS,normal,netem delay 25ms 25ms,QUORUM,ALL,cassandra1,cassandra2,False,2,2,False
35,4,MONOTONIC_READS,normal,netem delay 25ms 25ms,QUORUM,ALL,cassandra1,cassandra3,False,2,2,False
35,5,MONOTONIC_READS,normal,netem delay 25ms 25ms,QUORUM,ALL,cassandra1,cassandra1,True,2,2,False
36,1,MONOTONIC_READS,normal,netem delay 25ms 25ms,QUORUM,ALL,cassandra2,cassandra1,False,,2,False
36,2,MONOTONIC_READS,normal,netem delay 25ms 25ms,QUORUM,ALL,cassandra2,cassandra2,True,2,2,False
36,3,MONOTONIC_READS,normal,netem delay 25ms 25ms,QUORUM,ALL,cassandra2,cassandra3,False,2,2,False
36,4,MONOTONIC_READS,normal,netem delay 25ms 25ms,QUORUM,ALL,cassandra2,cassandra2,True,2,2,False
36,5,MONOTONIC_READS,normal,netem delay 25ms 25ms,QUORUM,ALL,cassandra2,cassandra2,True,2,2,False
37,1,MONOTONIC_READS,normal,netem delay 25ms 25ms,QUORUM,ALL,cassandra3,cassandra3,True,,2,False
37,2,MONOTONIC_READS,normal,netem delay 25ms 25ms,QUORUM,ALL,cassandra3,cassandra1,False,2,2,False
37,3,MONOTONIC_READS,normal,netem delay 25ms 25ms,QUORUM,ALL,cassandra3,cassandra3,True,2,2,False
37,4,MONOTONIC_READS,normal,netem delay 25ms 25ms,QUORUM,ALL,cassandra3,cassandra1,False,2,2,False
37,5,MONOTONIC_READS,normal,netem delay 25ms 25ms,QUORUM,ALL,cassandra3,cassandra1,False,2,2,False
38,1,MONOTONIC_READS,normal,netem delay 25ms 25ms,QUORUM,ALL,cassandra3,cassandra3,True,,2,False
38,2,MONOTONIC_READS,normal,netem delay 25ms 25ms,QUORUM,ALL,cassandra3,cassandra2,False,2,2,False
38,3,MONOTONIC_READS,normal,netem delay 25ms 25ms,QUORUM,ALL,cassandra3,cassandra1,False,2,2,False
38,4,MONOTONIC_READS,normal,netem delay 25ms 25ms,QUORUM,ALL,cassandra3,cassandra2,False,2,2,False
38,5,MONOTONIC_READS,normal,netem delay 25ms 25ms,QUORUM,ALL,cassandra3,cassandra2,False,2,2,False
39,1,MONOTONIC_READS,normal,netem delay 25ms 25ms,QUORUM,ALL,cassandra1,cassandra3,False,,2,False
39,2,MONOTONIC_READS,normal,netem delay 25ms 25ms,QUORUM,ALL,cassandra1,cassandra2,False,2,2,False
39,3,MONOTONIC_READS,normal,netem delay 25ms 25ms,QUORUM,ALL,cassandra1,cassandra2,False,2,2,False
39,4,MONOTONIC_READS,normal,netem delay 25ms 25ms,QUORUM,ALL,cassandra1,cassandra1,True,2,2,False
39,5,MONOTONIC_READS,normal,netem delay 25ms 25ms,QUORUM,ALL,cassandra1,cassandra2,False,2,2,False
40,1,MONOTONIC_READS,normal,netem delay 25ms 25ms,QUORUM,ALL,cassandra2,cassandra1,False,,2,False
40,2,MONOTONIC_READS,normal,netem delay 25ms 25ms,QUORUM,ALL,cassandra2,cassandra2,True,2,2,False
40,3,MONOTONIC_READS,normal,netem delay 25ms 25ms,QUORUM,ALL,cassandra2,cassandra1,False,2,2,False
40,4,MONOTONIC_READS,normal,netem delay 25ms 25ms,QUORUM,ALL,cassandra2,cassandra1,False,2,2,False
40,5,MONOTONIC_READS,normal,netem delay 25ms 25ms,QUORUM,ALL,cassandra2,cassandra3,False,2,2,False
41,1,MONOTONIC_READS,normal,netem delay 25ms 25ms,QUORUM,ALL,cassandra1,cassandra1,True,,2,False
41,2,MONOTONIC_READS,normal,netem delay 25ms 25ms,QUORUM,ALL,cassandra1,cassandra1,True,2,2,False
41,3,MONOTONIC_READS,normal,netem delay 25ms 25ms,QUORUM,ALL,cassandra1,cassandra2,False,2,2,False
41,4,MONOTONIC_READS,normal,netem delay 25ms 25ms,QUORUM,ALL,cassandra1,cassandra1,True,2,2,False
41,5,MONOTONIC_READS,normal,netem delay 25ms 25ms,QUORUM,ALL,cassandra1,cassandra2,False,2,2,False
42,1,MONOTONIC_READS,normal,netem delay 25ms 25ms,QUORUM,ALL,cassandra3,cassandra3,True,,2,False
42,2,MONOTONIC_READS,normal,netem delay 25ms 25ms,QUORUM,ALL,cassandra3,cassandra1,False,2,2,False
42,3,MONOTONIC_READS,normal,netem delay 25ms 25ms,QUORUM,ALL,cassandra3,cassandra2,False,2,2,False
42,4,MONOTONIC_READS,normal,netem delay 25ms 25ms,QUORUM,ALL,cassandra3,cassandra1,False,2,2,False
42,5,MONOTONIC_READS,normal,netem delay 25ms 25ms,QUORUM,ALL,cassandra3,cassandra1,False,2,2,False
43,1,MONOTONIC_READS,normal,netem delay 25ms 25ms,QUORUM,ALL,cassandra2,cassandra1,False,,2,False
43,2,MONOTONIC_READS,normal,netem delay 25ms 25ms,QUORUM,ALL,cassandra2,cassandra2,True,2,2,False
43,3,MONOTONIC_READS,normal,netem delay 25ms 25ms,QUORUM,ALL,cassandra2,cassandra3,False,2,2,False
43,4,MONOTONIC_READS,normal,netem delay 25ms 25ms,QUORUM,ALL,cassandra2,cassandra2,True,2,2,False
43,5,MONOTONIC_READS,normal,netem delay 25ms 25ms,QUORUM,ALL,cassandra2,cassandra1,False,2,2,False
44,1,MONOTONIC_READS,normal,netem delay 25ms 25ms,QUORUM,ALL,cassandra1,cassandra3,False,,2,False
44,2,MONOTONIC_READS,normal,netem delay 25ms 25ms,QUORUM,ALL,cassandra1,cassandra3,False,2,2,False
44,3,MONOTONIC_READS,normal,netem delay 25ms 25ms,QUORUM,ALL,cassandra1,cassandra3,False,2,2,False
44,4,MONOTONIC_READS,normal,netem delay 25ms 25ms,QUORUM,ALL,cassandra1,cassandra2,False,2,2,False
44,5,MONOTONIC_READS,normal,netem delay 25ms 25ms,QUORUM,ALL,cassandra1,cassandra2,False,2,2,False
45,1,MONOTONIC_READS,normal,netem delay 25ms 25ms,QUORUM,ALL,cassandra2,cassandra2,True,,2,False
45,2,MONOTONIC_READS,normal,netem delay 25ms 25ms,QUORUM,ALL,cassandra2,cassandra2,True,2,2,False
45,3,MONOTONIC_READS,normal,netem delay 25ms 25ms,QUORUM,ALL,cassandra2,cassandra3,False,2,2,False
45,4,MONOTONIC_READS,normal,netem delay 25ms 25ms,QUORUM,ALL,cassandra2,cassandra1,False,2,2,False
45,5,MONOTONIC_READS,normal,netem delay 25ms 25ms,QUORUM,ALL,cassandra2,cassandra3,False,2,2,False
46,1,MONOTONIC_READS,normal,netem delay 25ms 25ms,QUORUM,ALL,cassandra3,cassandra2,False,,2,False
46,2,MONOTONIC_READS,normal,netem delay 25ms 25ms,QUORUM,ALL,cassandra3,cassandra1,False,2,2,False
46,3,MONOTONIC_READS,normal,netem delay 25ms 25ms,QUORUM,ALL,cassandra3,cassandra3,True,2,2,False
46,4,MONOTONIC_READS,normal,netem delay 25ms 25ms,QUORUM,ALL,cassandra3,cassandra1,False,2,2,False
46,5,MONOTONIC_READS,normal,netem delay 25ms 25ms,QUORUM,ALL,cassandra3,cassandra2,False,2,2,False
47,1,MONOTONIC_READS,normal,netem delay 25ms 25ms,QUORUM,ALL,cassandra1,cassandra1,True,,2,False
47,2,MONOTONIC_READS,normal,netem delay 25ms 25ms,QUORUM,ALL,cassandra1,cassandra2,False,2,2,False
47,3,MONOTONIC_READS,normal,netem delay 25ms 25ms,QUORUM,ALL,cassandra1,cassandra3,False,2,2,False
47,4,MONOTONIC_READS,normal,netem delay 25ms 25ms,QUORUM,ALL,cassandra1,cassandra2,False,2,2,False
47,5,MONOTONIC_READS,normal,netem delay 25ms 25ms,QUORUM,ALL,cassandra1,cassandra3,False,2,2,False
48,1,MONOTONIC_READS,normal,netem delay 25ms 25ms,QUORUM,ALL,cassandra2,cassandra1,False,,2,False
48,2,MONOTONIC_READS,normal,netem delay 25ms 25ms,QUORUM,ALL,cassandra2,cassandra3,False,2,2,False
48,3,MONOTONIC_READS,normal,netem delay 25ms 25ms,QUORUM,ALL,cassandra2,cassandra1,False,2,2,False
48,4,MONOTONIC_READS,normal,netem delay 25ms 25ms,QUORUM,ALL,cassandra2,cassandra3,False,2,2,False
48,5,MONOTONIC_READS,normal,netem delay 25ms 25ms,QUORUM,ALL,cassandra2,cassandra1,False,2,2,False
49,1,MONOTONIC_READS,normal,netem delay 25ms 25ms,QUORUM,ALL,cassandra2,cassandra2,True,,2,False
49,2,MONOTONIC_READS,normal,netem delay 25ms 25ms,QUORUM,ALL,cassandra2,cassandra2,True,2,2,False
49,3,MONOTONIC_READS,normal,netem delay 25ms 25ms,QUORUM,ALL,cassandra2,cassandra1,False,2,2,False
49,4,MONOTONIC_READS,normal,netem delay 25ms 25ms,QUORUM,ALL,cassandra2,cassandra1,False,2,2,False
49,5,MONOTONIC_READS,normal,netem delay 25ms 25ms,QUORUM,ALL,cassandra2,cassandra1,False,2,2,False
50,1,MONOTONIC_READS,normal,netem delay 25ms 25ms,QUORUM,ALL,cassandra1,cassandra2,False,,2,False
50,2,MONOTONIC_READS,normal,netem delay 25ms 25ms,QUORUM,ALL,cassandra1,cassandra2,False,2,2,False
50,3,MONOTONIC_READS,normal,netem delay 25ms 25ms,QUORUM,ALL,cassandra1,cassandra3,False,2,2,False
50,4,MONOTONIC_READS,normal,netem delay 25ms 25ms,QUORUM,ALL,cassandra1,cassandra1,True,2,2,False
50,5,MONOTONIC_READS,normal,netem delay 25ms 25ms,QUORUM,ALL,cassandra1,cassandra3,False,2,2,False
51,1,MONOTONIC_READS,normal,netem delay 25ms 25ms,QUORUM,ALL,cassandra2,cassandra1,False,,2,False
51,2,MONOTONIC_READS,normal,netem delay 25ms 25ms,QUORUM,ALL,cassandra2,cassandra3,False,2,2,False
51,3,MONOTONIC_READS,normal,netem delay 25ms 25ms,QUORUM,ALL,cassandra2,cassandra3,False,2,2,False
51,4,MONOTONIC_READS,normal,netem delay 25ms 25ms,QUORUM,ALL,cassandra2,cassandra2,True,2,2,False
51,5,MONOTONIC_READS,normal,netem delay 25ms 25ms,QUORUM,ALL,cassandra2,cassandra2,True,2,2,False
52,1,MONOTONIC_READS,normal,netem delay 25ms 25ms,QUORUM,ALL,cassandra2,cassandra3,False,,2,False
52,2,MONOTONIC_READS,normal,netem delay 25ms 25ms,QUORUM,ALL,cassandra2,cassandra2,True,2,2,False
52,3,MONOTONIC_READS,normal,netem delay 25ms 25ms,QUORUM,ALL,cassandra2,cassandra1,False,2,2,False
52,4,MONOTONIC_READS,normal,netem delay 25ms 25ms,QUORUM,ALL,cassandra2,cassandra1,False,2,2,False
52,5,MONOTONIC_READS,normal,netem delay 25ms 25ms,QUORUM,ALL,cassandra2,cassandra2,True,2,2,False
53,1,MONOTONIC_READS,normal,netem delay 25ms 25ms,QUORUM,ALL,cassandra1,cassandra3,False,,2,False
53,2,MONOTONIC_READS,normal,netem delay 25ms 25ms,QUORUM,ALL,cassandra1,cassandra3,False,2,2,False
53,3,MONOTONIC_READS,normal,netem delay 25ms 25ms,QUORUM,ALL,cassandra1,cassandra3,False,2,2,False
53,4,MONOTONIC_READS,normal,netem delay 25ms 25ms,QUORUM,ALL,cassandra1,cassandra2,False,2,2,False
53,5,MONOTONIC_READS,normal,netem delay 25ms 25ms,QUORUM,ALL,cassandra1,cassandra3,False,2,2,False
54,1,MONOTONIC_READS,normal,netem delay 25ms 25ms,QUORUM,ALL,cassandra1,cassandra3,False,,2,False
54,2,MONOTONIC_READS,normal,netem delay 25ms 25ms,QUORUM,ALL,cassandra1,cassandra2,False,2,2,False
54,3,MONOTONIC_READS,normal,netem delay 25ms 25ms,QUORUM,ALL,cassandra1,cassandra1,True,2,2,False
54,4,MONOTONIC_READS,normal,netem delay 25ms 25ms,QUORUM,ALL,cassandra1,cassandra1,True,2,2,False
54,5,MONOTONIC_READS,normal,netem delay 25ms 25ms,QUORUM,ALL,cassandra1,cassandra3,False,2,2,False
55,1,MONOTONIC_READS,normal,netem delay 25ms 25ms,QUORUM,ALL,cassandra1,cassandra3,False,,2,False
55,2,MONOTONIC_READS,normal,netem delay 25ms 25ms,QUORUM,ALL,cassandra1,cassandra2,False,2,2,False
55,3,MONOTONIC_READS,normal,netem delay 25ms 25ms,QUORUM,ALL,cassandra1,cassandra1,True,2,2,False
55,4,MONOTONIC_READS,normal,netem delay 25ms 25ms,QUORUM,ALL,cassandra1,cassandra2,False,2,2,False
55,5,MONOTONIC_READS,normal,netem delay 25ms 25ms,QUORUM,ALL,cassandra1,cassandra2,False,2,2,False
56,1,MONOTONIC_READS,normal,netem delay 25ms 25ms,QUORUM,ALL,cassandra3,cassandra1,False,,2,False
56,2,MONOTONIC_READS,normal,netem delay 25ms 25ms,QUORUM,ALL,cassandra3,cassandra1,False,2,2,False
56,3,MONOTONIC_READS,normal,netem delay 25ms 25ms,QUORUM,ALL,cassandra3,cassandra2,False,2,2,False
56,4,MONOTONIC_READS,normal,netem delay 25ms 25ms,QUORUM,ALL,cassandra3,cassandra1,False,2,2,False
56,5,MONOTONIC_READS,normal,netem delay 25ms 25ms,QUORUM,ALL,cassandra3,cassandra2,False,2,2,False
57,1,MONOTONIC_READS,normal,netem delay 25ms 25ms,QUORUM,ALL,cassandra2,cassandra1,False,,2,False
57,2,MONOTONIC_READS,normal,netem delay 25ms 25ms,QUORUM,ALL,cassandra2,cassandra3,False,2,2,False
57,3,MONOTONIC_READS,normal,netem delay 25ms 25ms,QUORUM,ALL,cassandra2,cassandra1,False,2,2,False
57,4,MONOTONIC_READS,normal,netem delay 25ms 25ms,QUORUM,ALL,cassandra2,cassandra2,True,2,2,False
57,5,MONOTONIC_READS,normal,netem delay 25ms 25ms,QUORUM,ALL,cassandra2,cassandra2,True,2,2,False
58,1,MONOTONIC_READS,normal,netem delay 25ms 25ms,QUORUM,ALL,cassandra2,cassandra3,False,,2,False
58,2,MONOTONIC_READS,normal,netem delay 25ms 25ms,QUORUM,ALL,cassandra2,cassandra2,True,2,2,False
58,3,MONOTONIC_READS,normal,netem delay 25ms 25ms,QUORUM,ALL,cassandra2,cassandra2,True,2,2,False
58,4,MONOTONIC_READS,normal,netem delay 25ms 25ms,QUORUM,ALL,cassandra2,cassandra3,False,2,2,False
58,5,MONOTONIC_READS,normal,netem delay 25ms 25ms,QUORUM,ALL,cassandra2,cassandra2,True,2,2,False
59,1,MONOTONIC_READS,normal,netem delay 25ms 25ms,QUORUM,ALL,cassandra1,cassandra2,False,,2,False
59,2,MONOTONIC_READS,normal,netem delay 25ms 25ms,QUORUM,ALL,cassandra1,cassandra1,True,2,2,False
59,3,MONOTONIC_READS,normal,netem delay 25ms 25ms,QUORUM,ALL,cassandra1,cassandra1,True,2,2,False
59,4,MONOTONIC_READS,normal,netem delay 25ms 25ms,QUORUM,ALL,cassandra1,cassandra3,False,2,2,False
59,5,MONOTONIC_READS,normal,netem delay 25ms 25ms,QUORUM,ALL,cassandra1,cassandra3,False,2,2,False
60,1,MONOTONIC_READS,normal,netem delay 25ms 25ms,QUORUM,ALL,cassandra2,cassandra1,False,,2,False
60,2,MONOTONIC_READS,normal,netem delay 25ms 25ms,QUORUM,ALL,cassandra2,cassandra2,True,2,2,False
60,3,MONOTONIC_READS,normal,netem delay 25ms 25ms,QUORUM,ALL,cassandra2,cassandra2,True,2,2,False
60,4,MONOTONIC_READS,normal,netem delay 25ms 25ms,QUORUM,ALL,cassandra2,cassandra1,False,2,2,False
60,5,MONOTONIC_READS,normal,netem delay 25ms 25ms,QUORUM,ALL,cassandra2,cassandra2,True,2,2,False
61,1,MONOTONIC_READS,normal,netem delay 25ms 25ms,QUORUM,ALL,cassandra1,cassandra2,False,,2,False
61,2,MONOTONIC_READS,normal,netem delay 25ms 25ms,QUORUM,ALL,cassandra1,cassandra2,False,2,2,False
61,3,MONOTONIC_READS,normal,netem delay 25ms 25ms,QUORUM,ALL,cassandra1,cassandra1,True,2,2,False
61,4,MONOTONIC_READS,normal,netem delay 25ms 25ms,QUORUM,ALL,cassandra1,cassandra1,True,2,2,False
61,5,MONOTONIC_READS,normal,netem delay 25ms 25ms,QUORUM,ALL,cassandra1,cassandra3,False,2,2,False
62,1,MONOTONIC_READS,normal,netem delay 25ms 25ms,QUORUM,ALL,cassandra3,cassandra3,True,,2,False
62,2,MONOTONIC_READS,normal,netem delay 25ms 25ms,QUORUM,ALL,cassandra3,cassandra2,False,2,2,False
62,3,MONOTONIC_READS,normal,netem delay 25ms 25ms,QUORUM,ALL,cassandra3,cassandra3,True,2,2,False
62,4,MONOTONIC_READS,normal,netem delay 25ms 25ms,QUORUM,ALL,cassandra3,cassandra3,True,2,2,False
62,5,MONOTONIC_READS,normal,netem delay 25ms 25ms,QUORUM,ALL,cassandra3,cassandra1,False,2,2,False
63,1,MONOTONIC_READS,normal,netem delay 25ms 25ms,QUORUM,ALL,cassandra1,cassandra1,True,,2,False
63,2,MONOTONIC_READS,normal,netem delay 25ms 25ms,QUORUM,ALL,cassandra1,cassandra1,True,2,2,False
63,3,MONOTONIC_READS,normal,netem delay 25ms 25ms,QUORUM,ALL,cassandra1,cassandra3,False,2,2,False
63,4,MONOTONIC_READS,normal,netem delay 25ms 25ms,QUORUM,ALL,cassandra1,cassandra2,False,2,2,False
63,5,MONOTONIC_READS,normal,netem delay 25ms 25ms,QUORUM,ALL,cassandra1,cassandra1,True,2,2,False
64,1,MONOTONIC_READS,normal,netem delay 25ms 25ms,QUORUM,ALL,cassandra3,cassandra1,False,,2,False
64,2,MONOTONIC_READS,normal,netem delay 25ms 25ms,QUORUM,ALL,cassandra3,cassandra1,False,2,2,False
64,3,MONOTONIC_READS,normal,netem delay 25ms 25ms,QUORUM,ALL,cassandra3,cassandra3,True,2,2,False
64,4,MONOTONIC_READS,normal,netem delay 25ms 25ms,QUORUM,ALL,cassandra3,cassandra2,False,2,2,False
64,5,MONOTONIC_READS,normal,netem delay 25ms 25ms,QUORUM,ALL,cassandra3,cassandra2,False,2,2,False
65,1,MONOTONIC_READS,normal,netem delay 25ms 25ms,QUORUM,ALL,cassandra1,cassandra2,False,,2,False
65,2,MONOTONIC_READS,normal,netem delay 25ms 25ms,QUORUM,ALL,cassandra1,cassandra2,False,2,2,False
65,3,MONOTONIC_READS,normal,netem delay 25ms 25ms,QUORUM,ALL,cassandra1,cassandra1,True,2,2,False
65,4,MONOTONIC_READS,normal,netem delay 25ms 25ms,QUORUM,ALL,cassandra1,cassandra2,False,2,2,False
65,5,MONOTONIC_READS,normal,netem delay 25ms 25ms,QUORUM,ALL,cassandra1,cassandra2,False,2,2,False
66,1,MONOTONIC_READS,normal,netem delay 25ms 25ms,QUORUM,ALL,cassandra2,cassandra2,True,,2,False
66,2,MONOTONIC_READS,normal,netem delay 25ms 25ms,QUORUM,ALL,cassandra2,cassandra2,True,2,2,False
66,3,MONOTONIC_READS,normal,netem delay 25ms 25ms,QUORUM,ALL,cassandra2,cassandra3,False,2,2,False
66,4,MONOTONIC_READS,normal,netem delay 25ms 25ms,QUORUM,ALL,cassandra2,cassandra2,True,2,2,False
66,5,MONOTONIC_READS,normal,netem delay 25ms 25ms,QUORUM,ALL,cassandra2,cassandra1,False,2,2,False
67,1,MONOTONIC_READS,normal,netem delay 25ms 25ms,QUORUM,ALL,cassandra2,cassandra2,True,,2,False
67,2,MONOTONIC_READS,normal,netem delay 25ms 25ms,QUORUM,ALL,cassandra2,cassandra2,True,2,2,False
67,3,MONOTONIC_READS,normal,netem delay 25ms 25ms,QUORUM,ALL,cassandra2,cassandra1,False,2,2,False
67,4,MONOTONIC_READS,normal,netem delay 25ms 25ms,QUORUM,ALL,cassandra2,cassandra2,True,2,2,False
67,5,MONOTONIC_READS,normal,netem delay 25ms 25ms,QUORUM,ALL,cassandra2,cassandra1,False,2,2,False
68,1,MONOTONIC_READS,normal,netem delay 25ms 25ms,QUORUM,ALL,cassandra1,cassandra3,False,,2,False
68,2,MONOTONIC_READS,normal,netem delay 25ms 25ms,QUORUM,ALL,cassandra1,cassandra1,True,2,2,False
68,3,MONOTONIC_READS,normal,netem delay 25ms 25ms,QUORUM,ALL,cassandra1,cassandra1,True,2,2,False
68,4,MONOTONIC_READS,normal,netem delay 25ms 25ms,QUORUM,ALL,cassandra1,cassandra2,False,2,2,False
68,5,MONOTONIC_READS,normal,netem delay 25ms 25ms,QUORUM,ALL,cassandra1,cassandra2,False,2,2,False
69,1,MONOTONIC_READS,normal,netem delay 25ms 25ms,QUORUM,ALL,cassandra2,cassandra2,True,,2,False
69,2,MONOTONIC_READS,normal,netem delay 25ms 25ms,QUORUM,ALL,cassandra2,cassandra1,False,2,2,False
69,3,MONOTONIC_READS,normal,netem delay 25ms 25ms,QUORUM,ALL,cassandra2,cassandra2,True,2,2,False
69,4,MONOTONIC_READS,normal,netem delay 25ms 25ms,QUORUM,ALL,cassandra2,cassandra3,False,2,2,False
69,5,MONOTONIC_READS,normal,netem delay 25ms 25ms,QUORUM,ALL,cassandra2,cassandra3,False,2,2,False
70,1,MONOTONIC_READS,normal,netem delay 25ms 25ms,QUORUM,ALL,cassandra1,cassandra1,True,,2,False
70,2,MONOTONIC_READS,normal,netem delay 25ms 25ms,QUORUM,ALL,cassandra1,cassandra2,False,2,2,False
70,3,MONOTONIC_READS,normal,netem delay 25ms 25ms,QUORUM,ALL,cassandra1,cassandra3,False,2,2,False
70,4,MONOTONIC_READS,normal,netem delay 25ms 25ms,QUORUM,ALL,cassandra1,cassandra3,False,2,2,False
70,5,MONOTONIC_READS,normal,netem delay 25ms 25ms,QUORUM,ALL,cassandra1,cassandra2,False,2,2,False
71,1,MONOTONIC_READS,normal,netem delay 25ms 25ms,QUORUM,ALL,cassandra1,cassandra2,False,,2,False
71,2,MONOTONIC_READS,normal,netem delay 25ms 25ms,QUORUM,ALL,cassandra1,cassandra2,False,2,2,False
71,3,MONOTONIC_READS,normal,netem delay 25ms 25ms,QUORUM,ALL,cassandra1,cassandra1,True,2,2,False
71,4,MONOTONIC_READS,normal,netem delay 25ms 25ms,QUORUM,ALL,cassandra1,cassandra2,False,2,2,False
71,5,MONOTONIC_READS,normal,netem delay 25ms 25ms,QUORUM,ALL,cassandra1,cassandra3,False,2,2,False
72,1,MONOTONIC_READS,normal,netem delay 25ms 25ms,QUORUM,ALL,cassandra2,cassandra2,True,,2,False
72,2,MONOTONIC_READS,normal,netem delay 25ms 25ms,QUORUM,ALL,cassandra2,cassandra2,True,2,2,False
72,3,MONOTONIC_READS,normal,netem delay 25ms 25ms,QUORUM,ALL,cassandra2,cassandra2,True,2,2,False
72,4,MONOTONIC_READS,normal,netem delay 25ms 25ms,QUORUM,ALL,cassandra2,cassandra1,False,2,2,False
72,5,MONOTONIC_READS,normal,netem delay 25ms 25ms,QUORUM,ALL,cassandra2,cassandra1,False,2,2,False
73,1,MONOTONIC_READS,normal,netem delay 25ms 25ms,QUORUM,ALL,cassandra2,cassandra1,False,,2,False
73,2,MONOTONIC_READS,normal,netem delay 25ms 25ms,QUORUM,ALL,cassandra2,cassandra3,False,2,2,False
73,3,MONOTONIC_READS,normal,netem delay 25ms 25ms,QUORUM,ALL,cassandra2,cassandra1,False,2,2,False
73,4,MONOTONIC_READS,normal,netem delay 25ms 25ms,QUORUM,ALL,cassandra2,cassandra3,False,2,2,False
73,5,MONOTONIC_READS,normal,netem delay 25ms 25ms,QUORUM,ALL,cassandra2,cassandra2,True,2,2,False
74,1,MONOTONIC_READS,normal,netem delay 25ms 25ms,QUORUM,ALL,cassandra3,cassandra2,False,,2,False
74,2,MONOTONIC_READS,normal,netem delay 25ms 25ms,QUORUM,ALL,cassandra3,cassandra3,True,2,2,False
74,3,MONOTONIC_READS,normal,netem delay 25ms 25ms,QUORUM,ALL,cassandra3,cassandra3,True,2,2,False
74,4,MONOTONIC_READS,normal,netem delay 25ms 25ms,QUORUM,ALL,cassandra3,cassandra1,False,2,2,False
74,5,MONOTONIC_READS,normal,netem delay 25ms 25ms,QUORUM,ALL,cassandra3,cassandra2,False,2,2,False
75,1,MONOTONIC_READS,normal,netem delay 25ms 25ms,QUORUM,ALL,cassandra3,cassandra3,True,,2,False
75,2,MONOTONIC_READS,normal,netem delay 25ms 25ms,QUORUM,ALL,cassandra3,cassandra2,False,2,2,False
75,3,MONOTONIC_READS,normal,netem delay 25ms 25ms,QUORUM,ALL,cassandra3,cassandra1,False,2,2,False
75,4,MONOTONIC_READS,normal,netem delay 25ms 25ms,QUORUM,ALL,cassandra3,cassandra2,False,2,2,False
75,5,MONOTONIC_READS,normal,netem delay 25ms 25ms,QUORUM,ALL,cassandra3,cassandra1,False,2,2,False
76,1,MONOTONIC_READS,normal,netem delay 25ms 25ms,QUORUM,ALL,cassandra3,cassandra3,True,,2,False
76,2,MONOTONIC_READS,normal,netem delay 25ms 25ms,QUORUM,ALL,cassandra3,cassandra3,True,2,2,False
76,3,MONOTONIC_READS,normal,netem delay 25ms 25ms,QUORUM,ALL,cassandra3,cassandra3,True,2,2,False
76,4,MONOTONIC_READS,normal,netem delay 25ms 25ms,QUORUM,ALL,cassandra3,cassandra3,True,2,2,False
76,5,MONOTONIC_READS,normal,netem delay 25ms 25ms,QUORUM,ALL,cassandra3,cassandra2,False,2,2,False
77,1,MONOTONIC_READS,normal,netem delay 25ms 25ms,QUORUM,ALL,cassandra2,cassandra3,False,,2,False
77,2,MONOTONIC_READS,normal,netem delay 25ms 25ms,QUORUM,ALL,cassandra2,cassandra1,False,2,2,False
77,3,MONOTONIC_READS,normal,netem delay 25ms 25ms,QUORUM,ALL,cassandra2,cassandra2,True,2,2,False
77,4,MONOTONIC_READS,normal,netem delay 25ms 25ms,QUORUM,ALL,cassandra2,cassandra3,False,2,2,False
77,5,MONOTONIC_READS,normal,netem delay 25ms 25ms,QUORUM,ALL,cassandra2,cassandra3,False,2,2,False
78,1,MONOTONIC_READS,normal,netem delay 25ms 25ms,QUORUM,ALL,cassandra2,cassandra3,False,,2,False
78,2,MONOTONIC_READS,normal,netem delay 25ms 25ms,QUORUM,ALL,cassandra2,cassandra2,True,2,2,False
78,3,MONOTONIC_READS,normal,netem delay 25ms 25ms,QUORUM,ALL,cassandra2,cassandra2,True,2,2,False
78,4,MONOTONIC_READS,normal,netem delay 25ms 25ms,QUORUM,ALL,cassandra2,cassandra1,False,2,2,False
78,5,MONOTONIC_READS,normal,netem delay 25ms 25ms,QUORUM,ALL,cassandra2,cassandra1,False,2,2,False
79,1,MONOTONIC_READS,normal,netem delay 25ms 25ms,QUORUM,ALL,cassandra1,cassandra3,False,,2,False
79,2,MONOTONIC_READS,normal,netem delay 25ms 25ms,QUORUM,ALL,cassandra1,cassandra1,True,2,2,False
79,3,MONOTONIC_READS,normal,netem delay 25ms 25ms,QUORUM,ALL,cassandra1,cassandra2,False,2,2,False
79,4,MONOTONIC_READS,normal,netem delay 25ms 25ms,QUORUM,ALL,cassandra1,cassandra1,True,2,2,False
79,5,MONOTONIC_READS,normal,netem delay 25ms 25ms,QUORUM,ALL,cassandra1,cassandra2,False,2,2,False
80,1,MONOTONIC_READS,normal,netem delay 25ms 25ms,QUORUM,ALL,cassandra2,cassandra1,False,,2,False
80,2,MONOTONIC_READS,normal,netem delay 25ms 25ms,QUORUM,ALL,cassandra2,cassandra1,False,2,2,False
80,3,MONOTONIC_READS,normal,netem delay 25ms 25ms,QUORUM,ALL,cassandra2,cassandra1,False,2,2,False
80,4,MONOTONIC_READS,normal,netem delay 25ms 25ms,QUORUM,ALL,cassandra2,cassandra1,False,2,2,False
80,5,MONOTONIC_READS,normal,netem delay 25ms 25ms,QUORUM,ALL,cassandra2,cassandra3,False,2,2,False
81,1,MONOTONIC_READS,normal,netem delay 25ms 25ms,QUORUM,ALL,cassandra2,cassandra1,False,,2,False
81,2,MONOTONIC_READS,normal,netem delay 25ms 25ms,QUORUM,ALL,cassandra2,cassandra3,False,2,2,False
81,3,MONOTONIC_READS,normal,netem delay 25ms 25ms,QUORUM,ALL,cassandra2,cassandra3,False,2,2,False
81,4,MONOTONIC_READS,normal,netem delay 25ms 25ms,QUORUM,ALL,cassandra2,cassandra1,False,2,2,False
81,5,MONOTONIC_READS,normal,netem delay 25ms 25ms,QUORUM,ALL,cassandra2,cassandra2,True,2,2,False
82,1,MONOTONIC_READS,normal,netem delay 25ms 25ms,QUORUM,ALL,cassandra1,cassandra1,True,,2,False
82,2,MONOTONIC_READS,normal,netem delay 25ms 25ms,QUORUM,ALL,cassandra1,cassandra3,False,2,2,False
82,3,MONOTONIC_READS,normal,netem delay 25ms 25ms,QUORUM,ALL,cassandra1,cassandra1,True,2,2,False
82,4,MONOTONIC_READS,normal,netem delay 25ms 25ms,QUORUM,ALL,cassandra1,cassandra1,True,2,2,False
82,5,MONOTONIC_READS,normal,netem delay 25ms 25ms,QUORUM,ALL,cassandra1,cassandra2,False,2,2,False
83,1,MONOTONIC_READS,normal,netem delay 25ms 25ms,QUORUM,ALL,cassandra3,cassandra2,False,,2,False
83,2,MONOTONIC_READS,normal,netem delay 25ms 25ms,QUORUM,ALL,cassandra3,cassandra3,True,2,2,False
83,3,MONOTONIC_READS,normal,netem delay 25ms 25ms,QUORUM,ALL,cassandra3,cassandra1,False,2,2,False
83,4,MONOTONIC_READS,normal,netem delay 25ms 25ms,QUORUM,ALL,cassandra3,cassandra3,True,2,2,False
83,5,MONOTONIC_READS,normal,netem delay 25ms 25ms,QUORUM,ALL,cassandra3,cassandra2,False,2,2,False
84,1,MONOTONIC_READS,normal,netem delay 25ms 25ms,QUORUM,ALL,cassandra2,cassandra1,False,,2,False
84,2,MONOTONIC_READS,normal,netem delay 25ms 25ms,QUORUM,ALL,cassandra2,cassandra2,True,2,2,False
84,3,MONOTONIC_READS,normal,netem delay 25ms 25ms,QUORUM,ALL,cassandra2,cassandra1,False,2,2,False
84,4,MONOTONIC_READS,normal,netem delay 25ms 25ms,QUORUM,ALL,cassandra2,cassandra1,False,2,2,False
84,5,MONOTONIC_READS,normal,netem delay 25ms 25ms,QUORUM,ALL,cassandra2,cassandra1,False,2,2,False
85,1,MONOTONIC_READS,normal,netem delay 25ms 25ms,QUORUM,ALL,cassandra2,cassandra2,True,,2,False
85,2,MONOTONIC_READS,normal,netem delay 25ms 25ms,QUORUM,ALL,cassandra2,cassandra3,False,2,2,False
85,3,MONOTONIC_READS,normal,netem delay 25ms 25ms,QUORUM,ALL,cassandra2,cassandra1,False,2,2,False
85,4,MONOTONIC_READS,normal,netem delay 25ms 25ms,QUORUM,ALL,cassandra2,cassandra3,False,2,2,False
85,5,MONOTONIC_READS,normal,netem delay 25ms 25ms,QUORUM,ALL,cassandra2,cassandra3,False,2,2,False
86,1,MONOTONIC_READS,normal,netem delay 25ms 25ms,QUORUM,ALL,cassandra2,cassandra3,False,,2,False
86,2,MONOTONIC_READS,normal,netem delay 25ms 25ms,QUORUM,ALL,cassandra2,cassandra1,False,2,2,False
86,3,MONOTONIC_READS,normal,netem delay 25ms 25ms,QUORUM,ALL,cassandra2,cassandra1,False,2,2,False
86,4,MONOTONIC_READS,normal,netem delay 25ms 25ms,QUORUM,ALL,cassandra2,cassandra3,False,2,2,False
86,5,MONOTONIC_READS,normal,netem delay 25ms 25ms,QUORUM,ALL,cassandra2,cassandra2,True,2,2,False
87,1,MONOTONIC_READS,normal,netem delay 25ms 25ms,QUORUM,ALL,cassandra3,cassandra2,False,,2,False
87,2,MONOTONIC_READS,normal,netem delay 25ms 25ms,QUORUM,ALL,cassandra3,cassandra2,False,2,2,False
87,3,MONOTONIC_READS,normal,netem delay 25ms 25ms,QUORUM,ALL,cassandra3,cassandra1,False,2,2,False
87,4,MONOTONIC_READS,normal,netem delay 25ms 25ms,QUORUM,ALL,cassandra3,cassandra2,False,2,2,False
87,5,MONOTONIC_READS,normal,netem delay 25ms 25ms,QUORUM,ALL,cassandra3,cassandra2,False,2,2,False
88,1,MONOTONIC_READS,normal,netem delay 25ms 25ms,QUORUM,ALL,cassandra1,cassandra2,False,,2,False
88,2,MONOTONIC_READS,normal,netem delay 25ms 25ms,QUORUM,ALL,cassandra1,cassandra3,False,2,2,False
88,3,MONOTONIC_READS,normal,netem delay 25ms 25ms,QUORUM,ALL,cassandra1,cassandra2,False,2,2,False
88,4,MONOTONIC_READS,normal,netem delay 25ms 25ms,QUORUM,ALL,cassandra1,cassandra2,False,2,2,False
88,5,MONOTONIC_READS,normal,netem delay 25ms 25ms,QUORUM,ALL,cassandra1,cassandra1,True,2,2,False
89,1,MONOTONIC_READS,normal,netem delay 25ms 25ms,QUORUM,ALL,cassandra1,cassandra1,True,,2,False
89,2,MONOTONIC_READS,normal,netem delay 25ms 25ms,QUORUM,ALL,cassandra1,cassandra3,False,2,2,False
89,3,MONOTONIC_READS,normal,netem delay 25ms 25ms,QUORUM,ALL,cassandra1,cassandra3,False,2,2,False
89,4,MONOTONIC_READS,normal,netem delay 25ms 25ms,QUORUM,ALL,cassandra1,cassandra1,True,2,2,False
89,5,MONOTONIC_READS,normal,netem delay 25ms 25ms,QUORUM,ALL,cassandra1,cassandra2,False,2,2,False
90,1,MONOTONIC_READS,normal,netem delay 25ms 25ms,QUORUM,ALL,cassandra1,cassandra3,False,,2,False
90,2,MONOTONIC_READS,normal,netem delay 25ms 25ms,QUORUM,ALL,cassandra1,cassandra1,True,2,2,False
90,3,MONOTONIC_READS,normal,netem delay 25ms 25ms,QUORUM,ALL,cassandra1,cassandra2,False,2,2,False
90,4,MONOTONIC_READS,normal,netem delay 25ms 25ms,QUORUM,ALL,cassandra1,cassandra3,False,2,2,False
90,5,MONOTONIC_READS,normal,netem delay 25ms 25ms,QUORUM,ALL,cassandra1,cassandra3,False,2,2,False
91,1,MONOTONIC_READS,normal,netem delay 25ms 25ms,QUORUM,ALL,cassandra2,cassandra3,False,,2,False
91,2,MONOTONIC_READS,normal,netem delay 25ms 25ms,QUORUM,ALL,cassandra2,cassandra2,True,2,2,False
91,3,MONOTONIC_READS,normal,netem delay 25ms 25ms,QUORUM,ALL,cassandra2,cassandra1,False,2,2,False
91,4,MONOTONIC_READS,normal,netem delay 25ms 25ms,QUORUM,ALL,cassandra2,cassandra1,False,2,2,False
91,5,MONOTONIC_READS,normal,netem delay 25ms 25ms,QUORUM,ALL,cassandra2,cassandra2,True,2,2,False
92,1,MONOTONIC_READS,normal,netem delay 25ms 25ms,QUORUM,ALL,cassandra2,cassandra3,False,,2,False
92,2,MONOTONIC_READS,normal,netem delay 25ms 25ms,QUORUM,ALL,cassandra2,cassandra3,False,2,2,False
92,3,MONOTONIC_READS,normal,netem delay 25ms 25ms,QUORUM,ALL,cassandra2,cassandra3,False,2,2,False
92,4,MONOTONIC_READS,normal,netem delay 25ms 25ms,QUORUM,ALL,cassandra2,cassandra3,False,2,2,False
92,5,MONOTONIC_READS,normal,netem delay 25ms 25ms,QUORUM,ALL,cassandra2,cassandra2,True,2,2,False
93,1,MONOTONIC_READS,normal,netem delay 25ms 25ms,QUORUM,ALL,cassandra1,cassandra2,False,,2,False
93,2,MONOTONIC_READS,normal,netem delay 25ms 25ms,QUORUM,ALL,cassandra1,cassandra3,False,2,2,False
93,3,MONOTONIC_READS,normal,netem delay 25ms 25ms,QUORUM,ALL,cassandra1,cassandra3,False,2,2,False
93,4,MONOTONIC_READS,normal,netem delay 25ms 25ms,QUORUM,ALL,cassandra1,cassandra3,False,2,2,False
93,5,MONOTONIC_READS,normal,netem delay 25ms 25ms,QUORUM,ALL,cassandra1,cassandra3,False,2,2,False
94,1,MONOTONIC_READS,normal,netem delay 25ms 25ms,QUORUM,ALL,cassandra3,cassandra2,False,,2,False
94,2,MONOTONIC_READS,normal,netem delay 25ms 25ms,QUORUM,ALL,cassandra3,cassandra1,False,2,2,False
94,3,MONOTONIC_READS,normal,netem delay 25ms 25ms,QUORUM,ALL,cassandra3,cassandra2,False,2,2,False
94,4,MONOTONIC_READS,normal,netem delay 25ms 25ms,QUORUM,ALL,cassandra3,cassandra3,True,2,2,False
94,5,MONOTONIC_READS,normal,netem delay 25ms 25ms,QUORUM,ALL,cassandra3,cassandra3,True,2,2,False
95,1,MONOTONIC_READS,normal,netem delay 25ms 25ms,QUORUM,ALL,cassandra1,cassandra2,False,,2,False
95,2,MONOTONIC_READS,normal,netem delay 25ms 25ms,QUORUM,ALL,cassandra1,cassandra1,True,2,2,False
95,3,MONOTONIC_READS,normal,netem delay 25ms 25ms,QUORUM,ALL,cassandra1,cassandra1,True,2,2,False
95,4,MONOTONIC_READS,normal,netem delay 25ms 25ms,QUORUM,ALL,cassandra1,cassandra1,True,2,2,False
95,5,MONOTONIC_READS,normal,netem delay 25ms 25ms,QUORUM,ALL,cassandra1,cassandra2,False,2,2,False
96,1,MONOTONIC_READS,normal,netem delay 25ms 25ms,QUORUM,ALL,cassandra3,cassandra1,False,,2,False
96,2,MONOTONIC_READS,normal,netem delay 25ms 25ms,QUORUM,ALL,cassandra3,cassandra1,False,2,2,False
96,3,MONOTONIC_READS,normal,netem delay 25ms 25ms,QUORUM,ALL,cassandra3,cassandra1,False,2,2,False
96,4,MONOTONIC_READS,normal,netem delay 25ms 25ms,QUORUM,ALL,cassandra3,cassandra3,True,2,2,False
96,5,MONOTONIC_READS,normal,netem delay 25ms 25ms,QUORUM,ALL,cassandra3,cassandra1,False,2,2,False
97,1,MONOTONIC_READS,normal,netem delay 25ms 25ms,QUORUM,ALL,cassandra3,cassandra2,False,,2,False
97,2,MONOTONIC_READS,normal,netem delay 25ms 25ms,QUORUM,ALL,cassandra3,cassandra1,False,2,2,False
97,3,MONOTONIC_READS,normal,netem delay 25ms 25ms,QUORUM,ALL,cassandra3,cassandra2,False,2,2,False
97,4,MONOTONIC_READS,normal,netem delay 25ms 25ms,QUORUM,ALL,cassandra3,cassandra3,True,2,2,False
97,5,MONOTONIC_READS,normal,netem delay 25ms 25ms,QUORUM,ALL,cassandra3,cassandra2,False,2,2,False
98,1,MONOTONIC_READS,normal,netem delay 25ms 25ms,QUORUM,ALL,cassandra2,cassandra1,False,,2,False
98,2,MONOTONIC_READS,normal,netem delay 25ms 25ms,QUORUM,ALL,cassandra2,cassandra3,False,2,2,False
98,3,MONOTONIC_READS,normal,netem delay 25ms 25ms,QUORUM,ALL,cassandra2,cassandra1,False,2,2,False
98,4,MONOTONIC_READS,normal,netem delay 25ms 25ms,QUORUM,ALL,cassandra2,cassandra2,True,2,2,False
98,5,MONOTONIC_READS,normal,netem delay 25ms 25ms,QUORUM,ALL,cassandra2,cassandra1,False,2,2,False
99,1,MONOTONIC_READS,normal,netem delay 25ms 25ms,QUORUM,ALL,cassandra3,cassandra1,False,,2,False
99,2,MONOTONIC_READS,normal,netem delay 25ms 25ms,QUORUM,ALL,cassandra3,cassandra1,False,2,2,False
99,3,MONOTONIC_READS,normal,netem delay 25ms 25ms,QUORUM,ALL,cassandra3,cassandra2,False,2,2,False
99,4,MONOTONIC_READS,normal,netem delay 25ms 25ms,QUORUM,ALL,cassandra3,cassandra2,False,2,2,False
99,5,MONOTONIC_READS,normal,netem delay 25ms 25ms,QUORUM,ALL,cassandra3,cassandra3,True,2,2,False
100,1,MONOTONIC_READS,normal,netem delay 25ms 25ms,QUORUM,ALL,cassandra2,cassandra2,True,,2,False
100,2,MONOTONIC_READS,normal,netem delay 25ms 25ms,QUORUM,ALL,cassandra2,cassandra1,False,2,2,False
100,3,MONOTONIC_READS,normal,netem delay 25ms 25ms,QUORUM,ALL,cassandra2,cassandra3,False,2,2,False
100,4,MONOTONIC_READS,normal,netem delay 25ms 25ms,QUORUM,ALL,cassandra2,cassandra1,False,2,2,False
100,5,MONOTONIC_READS,normal,netem delay 25ms 25ms,QUORUM,ALL,cassandra2,cassandra2,True,2,2,False
101,1,MONOTONIC_READS,normal,netem delay 25ms 25ms,QUORUM,ALL,cassandra3,cassandra3,True,,2,False
101,2,MONOTONIC_READS,normal,netem delay 25ms 25ms,QUORUM,ALL,cassandra3,cassandra2,False,2,2,False
101,3,MONOTONIC_READS,normal,netem delay 25ms 25ms,QUORUM,ALL,cassandra3,cassandra2,False,2,2,False
101,4,MONOTONIC_READS,normal,netem delay 25ms 25ms,QUORUM,ALL,cassandra3,cassandra2,False,2,2,False
101,5,MONOTONIC_READS,normal,netem delay 25ms 25ms,QUORUM,ALL,cassandra3,cassandra2,False,2,2,False
102,1,MONOTONIC_READS,normal,netem delay 25ms 25ms,QUORUM,ALL,cassandra1,cassandra1,True,,2,False
102,2,MONOTONIC_READS,normal,netem delay 25ms 25ms,QUORUM,ALL,cassandra1,cassandra1,True,2,2,False
102,3,MONOTONIC_READS,normal,netem delay 25ms 25ms,QUORUM,ALL,cassandra1,cassandra1,True,2,2,False
102,4,MONOTONIC_READS,normal,netem delay 25ms 25ms,QUORUM,ALL,cassandra1,cassandra3,False,2,2,False
102,5,MONOTONIC_READS,normal,netem delay 25ms 25ms,QUORUM,ALL,cassandra1,cassandra2,False,2,2,False
103,1,MONOTONIC_READS,normal,netem delay 25ms 25ms,QUORUM,ALL,cassandra2,cassandra1,False,,2,False
103,2,MONOTONIC_READS,normal,netem delay 25ms 25ms,QUORUM,ALL,cassandra2,cassandra2,True,2,2,False
103,3,MONOTONIC_READS,normal,netem delay 25ms 25ms,QUORUM,ALL,cassandra2,cassandra1,False,2,2,False
103,4,MONOTONIC_READS,normal,netem delay 25ms 25ms,QUORUM,ALL,cassandra2,cassandra3,False,2,2,False
103,5,MONOTONIC_READS,normal,netem delay 25ms 25ms,QUORUM,ALL,cassandra2,cassandra1,False,2,2,False
104,1,MONOTONIC_READS,normal,netem delay 25ms 25ms,QUORUM,ALL,cassandra1,cassandra2,False,,2,False
104,2,MONOTONIC_READS,normal,netem delay 25ms 25ms,QUORUM,ALL,cassandra1,cassandra1,True,2,2,False
104,3,MONOTONIC_READS,normal,netem delay 25ms 25ms,QUORUM,ALL,cassandra1,cassandra3,False,2,2,False
104,4,MONOTONIC_READS,normal,netem delay 25ms 25ms,QUORUM,ALL,cassandra1,cassandra2,False,2,2,False
104,5,MONOTONIC_READS,normal,netem delay 25ms 25ms,QUORUM,ALL,cassandra1,cassandra2,False,2,2,False
105,1,MONOTONIC_READS,normal,netem delay 25ms 25ms,QUORUM,ALL,cassandra2,cassandra1,False,,2,False
105,2,MONOTONIC_READS,normal,netem delay 25ms 25ms,QUORUM,ALL,cassandra2,cassandra2,True,2,2,False
105,3,MONOTONIC_READS,normal,netem delay 25ms 25ms,QUORUM,ALL,cassandra2,cassandra1,False,2,2,False
105,4,MONOTONIC_READS,normal,netem delay 25ms 25ms,QUORUM,ALL,cassandra2,cassandra2,True,2,2,False
105,5,MONOTONIC_READS,normal,netem delay 25ms 25ms,QUORUM,ALL,cassandra2,cassandra3,False,2,2,False
106,1,MONOTONIC_READS,normal,netem delay 25ms 25ms,QUORUM,ALL,cassandra2,cassandra1,False,,2,False
106,2,MONOTONIC_READS,normal,netem delay 25ms 25ms,QUORUM,ALL,cassandra2,cassandra2,True,2,2,False
106,3,MONOTONIC_READS,normal,netem delay 25ms 25ms,QUORUM,ALL,cassandra2,cassandra2,True,2,2,False
106,4,MONOTONIC_READS,normal,netem delay 25ms 25ms,QUORUM,ALL,cassandra2,cassandra3,False,2,2,False
106,5,MONOTONIC_READS,normal,netem delay 25ms 25ms,QUORUM,ALL,cassandra2,cassandra3,False,2,2,False
107,1,MONOTONIC_READS,normal,netem delay 25ms 25ms,QUORUM,ALL,cassandra1,cassandra3,False,,2,False
107,2,MONOTONIC_READS,normal,netem delay 25ms 25ms,QUORUM,ALL,cassandra1,cassandra1,True,2,2,False
107,3,MONOTONIC_READS,normal,netem delay 25ms 25ms,QUORUM,ALL,cassandra1,cassandra2,False,2,2,False
107,4,MONOTONIC_READS,normal,netem delay 25ms 25ms,QUORUM,ALL,cassandra1,cassandra1,True,2,2,False
107,5,MONOTONIC_READS,normal,netem delay 25ms 25ms,QUORUM,ALL,cassandra1,cassandra2,False,2,2,False
108,1,MONOTONIC_READS,normal,netem delay 25ms 25ms,QUORUM,ALL,cassandra2,cassandra2,True,,2,False
108,2,MONOTONIC_READS,normal,netem delay 25ms 25ms,QUORUM,ALL,cassandra2,cassandra2,True,2,2,False
108,3,MONOTONIC_READS,normal,netem delay 25ms 25ms,QUORUM,ALL,cassandra2,cassandra2,True,2,2,False
108,4,MONOTONIC_READS,normal,netem delay 25ms 25ms,QUORUM,ALL,cassandra2,cassandra2,True,2,2,False
108,5,MONOTONIC_READS,normal,netem delay 25ms 25ms,QUORUM,ALL,cassandra2,cassandra1,False,2,2,False
109,1,MONOTONIC_READS,normal,netem delay 25ms 25ms,QUORUM,ALL,cassandra3,cassandra1,False,,2,False
109,2,MONOTONIC_READS,normal,netem delay 25ms 25ms,QUORUM,ALL,cassandra3,cassandra3,True,2,2,False
109,3,MONOTONIC_READS,normal,netem delay 25ms 25ms,QUORUM,ALL,cassandra3,cassandra3,True,2,2,False
109,4,MONOTONIC_READS,normal,netem delay 25ms 25ms,QUORUM,ALL,cassandra3,cassandra2,False,2,2,False
109,5,MONOTONIC_READS,normal,netem delay 25ms 25ms,QUORUM,ALL,cassandra3,cassandra2,False,2,2,False
110,1,MONOTONIC_READS,normal,netem delay 25ms 25ms,QUORUM,ALL,cassandra3,cassandra2,False,,2,False
110,2,MONOTONIC_READS,normal,netem delay 25ms 25ms,QUORUM,ALL,cassandra3,cassandra2,False,2,2,False
110,3,MONOTONIC_READS,normal,netem delay 25ms 25ms,QUORUM,ALL,cassandra3,cassandra1,False,2,2,False
110,4,MONOTONIC_READS,normal,netem delay 25ms 25ms,QUORUM,ALL,cassandra3,cassandra3,True,2,2,False
110,5,MONOTONIC_READS,normal,netem delay 25ms 25ms,QUORUM,ALL,cassandra3,cassandra1,False,2,2,False
111,1,MONOTONIC_READS,normal,netem delay 25ms 25ms,QUORUM,ALL,cassandra3,cassandra2,False,,2,False
111,2,MONOTONIC_READS,normal,netem delay 25ms 25ms,QUORUM,ALL,cassandra3,cassandra2,False,2,2,False
111,3,MONOTONIC_READS,normal,netem delay 25ms 25ms,QUORUM,ALL,cassandra3,cassandra3,True,2,2,False
111,4,MONOTONIC_READS,normal,netem delay 25ms 25ms,QUORUM,ALL,cassandra3,cassandra1,False,2,2,False
111,5,MONOTONIC_READS,normal,netem delay 25ms 25ms,QUORUM,ALL,cassandra3,cassandra1,False,2,2,False
112,1,MONOTONIC_READS,normal,netem delay 25ms 25ms,QUORUM,ALL,cassandra2,cassandra2,True,,2,False
112,2,MONOTONIC_READS,normal,netem delay 25ms 25ms,QUORUM,ALL,cassandra2,cassandra1,False,2,2,False
112,3,MONOTONIC_READS,normal,netem delay 25ms 25ms,QUORUM,ALL,cassandra2,cassandra1,False,2,2,False
112,4,MONOTONIC_READS,normal,netem delay 25ms 25ms,QUORUM,ALL,cassandra2,cassandra3,False,2,2,False
112,5,MONOTONIC_READS,normal,netem delay 25ms 25ms,QUORUM,ALL,cassandra2,cassandra3,False,2,2,False
113,1,MONOTONIC_READS,normal,netem delay 25ms 25ms,QUORUM,ALL,cassandra2,cassandra3,False,,2,False
113,2,MONOTONIC_READS,normal,netem delay 25ms 25ms,QUORUM,ALL,cassandra2,cassandra3,False,2,2,False
113,3,MONOTONIC_READS,normal,netem delay 25ms 25ms,QUORUM,ALL,cassandra2,cassandra1,False,2,2,False
113,4,MONOTONIC_READS,normal,netem delay 25ms 25ms,QUORUM,ALL,cassandra2,cassandra2,True,2,2,False
113,5,MONOTONIC_READS,normal,netem delay 25ms 25ms,QUORUM,ALL,cassandra2,cassandra3,False,2,2,False
114,1,MONOTONIC_READS,normal,netem delay 25ms 25ms,QUORUM,ALL,cassandra2,cassandra3,False,,2,False
114,2,MONOTONIC_READS,normal,netem delay 25ms 25ms,QUORUM,ALL,cassandra2,cassandra1,False,2,2,False
114,3,MONOTONIC_READS,normal,netem delay 25ms 25ms,QUORUM,ALL,cassandra2,cassandra3,False,2,2,False
114,4,MONOTONIC_READS,normal,netem delay 25ms 25ms,QUORUM,ALL,cassandra2,cassandra2,True,2,2,False
114,5,MONOTONIC_READS,normal,netem delay 25ms 25ms,QUORUM,ALL,cassandra2,cassandra3,False,2,2,False
115,1,MONOTONIC_READS,normal,netem delay 25ms 25ms,QUORUM,ALL,cassandra1,cassandra3,False,,2,False
115,2,MONOTONIC_READS,normal,netem delay 25ms 25ms,QUORUM,ALL,cassandra1,cassandra1,True,2,2,False
115,3,MONOTONIC_READS,normal,netem delay 25ms 25ms,QUORUM,ALL,cassandra1,cassandra1,True,2,2,False
115,4,MONOTONIC_READS,normal,netem delay 25ms 25ms,QUORUM,ALL,cassandra1,cassandra3,False,2,2,False
115,5,MONOTONIC_READS,normal,netem delay 25ms 25ms,QUORUM,ALL,cassandra1,cassandra3,False,2,2,False
116,1,MONOTONIC_READS,normal,netem delay 25ms 25ms,QUORUM,ALL,cassandra2,cassandra2,True,,2,False
116,2,MONOTONIC_READS,normal,netem delay 25ms 25ms,QUORUM,ALL,cassandra2,cassandra2,True,2,2,False
116,3,MONOTONIC_READS,normal,netem delay 25ms 25ms,QUORUM,ALL,cassandra2,cassandra1,False,2,2,False
116,4,MONOTONIC_READS,normal,netem delay 25ms 25ms,QUORUM,ALL,cassandra2,cassandra1,False,2,2,False
116,5,MONOTONIC_READS,normal,netem delay 25ms 25ms,QUORUM,ALL,cassandra2,cassandra3,False,2,2,False
117,1,MONOTONIC_READS,normal,netem delay 25ms 25ms,QUORUM,ALL,cassandra3,cassandra2,False,,2,False
117,2,MONOTONIC_READS,normal,netem delay 25ms 25ms,QUORUM,ALL,cassandra3,cassandra1,False,2,2,False
117,3,MONOTONIC_READS,normal,netem delay 25ms 25ms,QUORUM,ALL,cassandra3,cassandra1,False,2,2,False
117,4,MONOTONIC_READS,normal,netem delay 25ms 25ms,QUORUM,ALL,cassandra3,cassandra1,False,2,2,False
117,5,MONOTONIC_READS,normal,netem delay 25ms 25ms,QUORUM,ALL,cassandra3,cassandra3,True,2,2,False
118,1,MONOTONIC_READS,normal,netem delay 25ms 25ms,QUORUM,ALL,cassandra1,cassandra3,False,,2,False
118,2,MONOTONIC_READS,normal,netem delay 25ms 25ms,QUORUM,ALL,cassandra1,cassandra3,False,2,2,False
118,3,MONOTONIC_READS,normal,netem delay 25ms 25ms,QUORUM,ALL,cassandra1,cassandra3,False,2,2,False
118,4,MONOTONIC_READS,normal,netem delay 25ms 25ms,QUORUM,ALL,cassandra1,cassandra3,False,2,2,False
118,5,MONOTONIC_READS,normal,netem delay 25ms 25ms,QUORUM,ALL,cassandra1,cassandra1,True,2,2,False
119,1,MONOTONIC_READS,normal,netem delay 25ms 25ms,QUORUM,ALL,cassandra1,cassandra3,False,,2,False
119,2,MONOTONIC_READS,normal,netem delay 25ms 25ms,QUORUM,ALL,cassandra1,cassandra2,False,2,2,False
119,3,MONOTONIC_READS,normal,netem delay 25ms 25ms,QUORUM,ALL,cassandra1,cassandra1,True,2,2,False
119,4,MONOTONIC_READS,normal,netem delay 25ms 25ms,QUORUM,ALL,cassandra1,cassandra1,True,2,2,False
119,5,MONOTONIC_READS,normal,netem delay 25ms 25ms,QUORUM,ALL,cassandra1,cassandra2,False,2,2,False
120,1,MONOTONIC_READS,normal,netem delay 25ms 25ms,QUORUM,ALL,cassandra3,cassandra3,True,,2,False
120,2,MONOTONIC_READS,normal,netem delay 25ms 25ms,QUORUM,ALL,cassandra3,cassandra1,False,2,2,False
120,3,MONOTONIC_READS,normal,netem delay 25ms 25ms,QUORUM,ALL,cassandra3,cassandra3,True,2,2,False
120,4,MONOTONIC_READS,normal,netem delay 25ms 25ms,QUORUM,ALL,cassandra3,cassandra3,True,2,2,False
120,5,MONOTONIC_READS,normal,netem delay 25ms 25ms,QUORUM,ALL,cassandra3,cassandra3,True,2,2,False
121,1,MONOTONIC_READS,normal,netem delay 25ms 25ms,QUORUM,ALL,cassandra2,cassandra1,False,,2,False
121,2,MONOTONIC_READS,normal,netem delay 25ms 25ms,QUORUM,ALL,cassandra2,cassandra3,False,2,2,False
121,3,MONOTONIC_READS,normal,netem delay 25ms 25ms,QUORUM,ALL,cassandra2,cassandra3,False,2,2,False
121,4,MONOTONIC_READS,normal,netem delay 25ms 25ms,QUORUM,ALL,cassandra2,cassandra3,False,2,2,False
121,5,MONOTONIC_READS,normal,netem delay 25ms 25ms,QUORUM,ALL,cassandra2,cassandra2,True,2,2,False
122,1,MONOTONIC_READS,normal,netem delay 25ms 25ms,QUORUM,ALL,cassandra2,cassandra3,False,,2,False
122,2,MONOTONIC_READS,normal,netem delay 25ms 25ms,QUORUM,ALL,cassandra2,cassandra3,False,2,2,False
122,3,MONOTONIC_READS,normal,netem delay 25ms 25ms,QUORUM,ALL,cassandra2,cassandra3,False,2,2,False
122,4,MONOTONIC_READS,normal,netem delay 25ms 25ms,QUORUM,ALL,cassandra2,cassandra3,False,2,2,False
122,5,MONOTONIC_READS,normal,netem delay 25ms 25ms,QUORUM,ALL,cassandra2,cassandra1,False,2,2,False
123,1,MONOTONIC_READS,normal,netem delay 25ms 25ms,QUORUM,ALL,cassandra2,cassandra1,False,,2,False
123,2,MONOTONIC_READS,normal,netem delay 25ms 25ms,QUORUM,ALL,cassandra2,cassandra2,True,2,2,False
123,3,MONOTONIC_READS,normal,netem delay 25ms 25ms,QUORUM,ALL,cassandra2,cassandra3,False,2,2,False
123,4,MONOTONIC_READS,normal,netem delay 25ms 25ms,QUORUM,ALL,cassandra2,cassandra1,False,2,2,False
123,5,MONOTONIC_READS,normal,netem delay 25ms 25ms,QUORUM,ALL,cassandra2,cassandra2,True,2,2,False
124,1,MONOTONIC_READS,normal,netem delay 25ms 25ms,QUORUM,ALL,cassandra1,cassandra3,False,,2,False
124,2,MONOTONIC_READS,normal,netem delay 25ms 25ms,QUORUM,ALL,cassandra1,cassandra1,True,2,2,False
124,3,MONOTONIC_READS,normal,netem delay 25ms 25ms,QUORUM,ALL,cassandra1,cassandra1,True,2,2,False
124,4,MONOTONIC_READS,normal,netem delay 25ms 25ms,QUORUM,ALL,cassandra1,cassandra2,False,2,2,False
124,5,MONOTONIC_READS,normal,netem delay 25ms 25ms,QUORUM,ALL,cassandra1,cassandra3,False,2,2,False
125,1,MONOTONIC_READS,normal,netem delay 25ms 25ms,QUORUM,ALL,cassandra3,cassandra2,False,,2,False
125,2,MONOTONIC_READS,normal,netem delay 25ms 25ms,QUORUM,ALL,cassandra3,cassandra2,False,2,2,False
125,3,MONOTONIC_READS,normal,netem delay 25ms 25ms,QUORUM,ALL,cassandra3,cassandra3,True,2,2,False
125,4,MONOTONIC_READS,normal,netem delay 25ms 25ms,QUORUM,ALL,cassandra3,cassandra3,True,2,2,False
125,5,MONOTONIC_READS,normal,netem delay 25ms 25ms,QUORUM,ALL,cassandra3,cassandra2,False,2,2,False
126,1,MONOTONIC_READS,normal,netem delay 25ms 25ms,QUORUM,ALL,cassandra2,cassandra2,True,,2,False
126,2,MONOTONIC_READS,normal,netem delay 25ms 25ms,QUORUM,ALL,cassandra2,cassandra3,False,2,2,False
126,3,MONOTONIC_READS,normal,netem delay 25ms 25ms,QUORUM,ALL,cassandra2,cassandra1,False,2,2,False
126,4,MONOTONIC_READS,normal,netem delay 25ms 25ms,QUORUM,ALL,cassandra2,cassandra1,False,2,2,False
126,5,MONOTONIC_READS,normal,netem delay 25ms 25ms,QUORUM,ALL,cassandra2,cassandra1,False,2,2,False
127,1,MONOTONIC_READS,normal,netem delay 25ms 25ms,QUORUM,ALL,cassandra3,cassandra2,False,,2,False
127,2,MONOTONIC_READS,normal,netem delay 25ms 25ms,QUORUM,ALL,cassandra3,cassandra1,False,2,2,False
127,3,MONOTONIC_READS,normal,netem delay 25ms 25ms,QUORUM,ALL,cassandra3,cassandra2,False,2,2,False
127,4,MONOTONIC_READS,normal,netem delay 25ms 25ms,QUORUM,ALL,cassandra3,cassandra3,True,2,2,False
127,5,MONOTONIC_READS,normal,netem delay 25ms 25ms,QUORUM,ALL,cassandra3,cassandra2,False,2,2,False
128,1,MONOTONIC_READS,normal,netem delay 25ms 25ms,QUORUM,ALL,cassandra1,cassandra2,False,,2,False
128,2,MONOTONIC_READS,normal,netem delay 25ms 25ms,QUORUM,ALL,cassandra1,cassandra1,True,2,2,False
128,3,MONOTONIC_READS,normal,netem delay 25ms 25ms,QUORUM,ALL,cassandra1,cassandra3,False,2,2,False
128,4,MONOTONIC_READS,normal,netem delay 25ms 25ms,QUORUM,ALL,cassandra1,cassandra3,False,2,2,False
128,5,MONOTONIC_READS,normal,netem delay 25ms 25ms,QUORUM,ALL,cassandra1,cassandra3,False,2,2,False
129,1,MONOTONIC_READS,normal,netem delay 25ms 25ms,QUORUM,ALL,cassandra2,cassandra3,False,,2,False
129,2,MONOTONIC_READS,normal,netem delay 25ms 25ms,QUORUM,ALL,cassandra2,cassandra2,True,2,2,False
129,3,MONOTONIC_READS,normal,netem delay 25ms 25ms,QUORUM,ALL,cassandra2,cassandra2,True,2,2,False
129,4,MONOTONIC_READS,normal,netem delay 25ms 25ms,QUORUM,ALL,cassandra2,cassandra3,False,2,2,False
129,5,MONOTONIC_READS,normal,netem delay 25ms 25ms,QUORUM,ALL,cassandra2,cassandra2,True,2,2,False
130,1,MONOTONIC_READS,normal,netem delay 25ms 25ms,QUORUM,ALL,cassandra2,cassandra1,False,,2,False
130,2,MONOTONIC_READS,normal,netem delay 25ms 25ms,QUORUM,ALL,cassandra2,cassandra1,False,2,2,False
130,3,MONOTONIC_READS,normal,netem delay 25ms 25ms,QUORUM,ALL,cassandra2,cassandra2,True,2,2,False
130,4,MONOTONIC_READS,normal,netem delay 25ms 25ms,QUORUM,ALL,cassandra2,cassandra2,True,2,2,False
130,5,MONOTONIC_READS,normal,netem delay 25ms 25ms,QUORUM,ALL,cassandra2,cassandra3,False,2,2,False
131,1,MONOTONIC_READS,normal,netem delay 25ms 25ms,QUORUM,ALL,cassandra2,cassandra1,False,,2,False
131,2,MONOTONIC_READS,normal,netem delay 25ms 25ms,QUORUM,ALL,cassandra2,cassandra1,False,2,2,False
131,3,MONOTONIC_READS,normal,netem delay 25ms 25ms,QUORUM,ALL,cassandra2,cassandra2,True,2,2,False
131,4,MONOTONIC_READS,normal,netem delay 25ms 25ms,QUORUM,ALL,cassandra2,cassandra1,False,2,2,False
131,5,MONOTONIC_READS,normal,netem delay 25ms 25ms,QUORUM,ALL,cassandra2,cassandra3,False,2,2,False
132,1,MONOTONIC_READS,normal,netem delay 25ms 25ms,QUORUM,ALL,cassandra1,cassandra2,False,,2,False
132,2,MONOTONIC_READS,normal,netem delay 25ms 25ms,QUORUM,ALL,cassandra1,cassandra2,False,2,2,False
132,3,MONOTONIC_READS,normal,netem delay 25ms 25ms,QUORUM,ALL,cassandra1,cassandra1,True,2,2,False
132,4,MONOTONIC_READS,normal,netem delay 25ms 25ms,QUORUM,ALL,cassandra1,cassandra2,False,2,2,False
132,5,MONOTONIC_READS,normal,netem delay 25ms 25ms,QUORUM,ALL,cassandra1,cassandra3,False,2,2,False
133,1,MONOTONIC_READS,normal,netem delay 25ms 25ms,QUORUM,ALL,cassandra3,cassandra2,False,,2,False
133,2,MONOTONIC_READS,normal,netem delay 25ms 25ms,QUORUM,ALL,cassandra3,cassandra2,False,2,2,False
133,3,MONOTONIC_READS,normal,netem delay 25ms 25ms,QUORUM,ALL,cassandra3,cassandra1,False,2,2,False
133,4,MONOTONIC_READS,normal,netem delay 25ms 25ms,QUORUM,ALL,cassandra3,cassandra3,True,2,2,False
133,5,MONOTONIC_READS,normal,netem delay 25ms 25ms,QUORUM,ALL,cassandra3,cassandra3,True,2,2,False
134,1,MONOTONIC_READS,normal,netem delay 25ms 25ms,QUORUM,ALL,cassandra1,cassandra1,True,,2,False
134,2,MONOTONIC_READS,normal,netem delay 25ms 25ms,QUORUM,ALL,cassandra1,cassandra1,True,2,2,False
134,3,MONOTONIC_READS,normal,netem delay 25ms 25ms,QUORUM,ALL,cassandra1,cassandra2,False,2,2,False
134,4,MONOTONIC_READS,normal,netem delay 25ms 25ms,QUORUM,ALL,cassandra1,cassandra2,False,2,2,False
134,5,MONOTONIC_READS,normal,netem delay 25ms 25ms,QUORUM,ALL,cassandra1,cassandra1,True,2,2,False
135,1,MONOTONIC_READS,normal,netem delay 25ms 25ms,QUORUM,ALL,cassandra2,cassandra1,False,,2,False
135,2,MONOTONIC_READS,normal,netem delay 25ms 25ms,QUORUM,ALL,cassandra2,cassandra1,False,2,2,False
135,3,MONOTONIC_READS,normal,netem delay 25ms 25ms,QUORUM,ALL,cassandra2,cassandra1,False,2,2,False
135,4,MONOTONIC_READS,normal,netem delay 25ms 25ms,QUORUM,ALL,cassandra2,cassandra3,False,2,2,False
135,5,MONOTONIC_READS,normal,netem delay 25ms 25ms,QUORUM,ALL,cassandra2,cassandra1,False,2,2,False
136,1,MONOTONIC_READS,normal,netem delay 25ms 25ms,QUORUM,ALL,cassandra3,cassandra1,False,,2,False
136,2,MONOTONIC_READS,normal,netem delay 25ms 25ms,QUORUM,ALL,cassandra3,cassandra3,True,2,2,False
136,3,MONOTONIC_READS,normal,netem delay 25ms 25ms,QUORUM,ALL,cassandra3,cassandra3,True,2,2,False
136,4,MONOTONIC_READS,normal,netem delay 25ms 25ms,QUORUM,ALL,cassandra3,cassandra3,True,2,2,False
136,5,MONOTONIC_READS,normal,netem delay 25ms 25ms,QUORUM,ALL,cassandra3,cassandra3,True,2,2,False
137,1,MONOTONIC_READS,normal,netem delay 25ms 25ms,QUORUM,ALL,cassandra1,cassandra1,True,,2,False
137,2,MONOTONIC_READS,normal,netem delay 25ms 25ms,QUORUM,ALL,cassandra1,cassandra2,False,2,2,False
137,3,MONOTONIC_READS,normal,netem delay 25ms 25ms,QUORUM,ALL,cassandra1,cassandra3,False,2,2,False
137,4,MONOTONIC_READS,normal,netem delay 25ms 25ms,QUORUM,ALL,cassandra1,cassandra3,False,2,2,False
137,5,MONOTONIC_READS,normal,netem delay 25ms 25ms,QUORUM,ALL,cassandra1,cassandra2,False,2,2,False
138,1,MONOTONIC_READS,normal,netem delay 25ms 25ms,QUORUM,ALL,cassandra3,cassandra1,False,,2,False
138,2,MONOTONIC_READS,normal,netem delay 25ms 25ms,QUORUM,ALL,cassandra3,cassandra3,True,2,2,False
138,3,MONOTONIC_READS,normal,netem delay 25ms 25ms,QUORUM,ALL,cassandra3,cassandra3,True,2,2,False
138,4,MONOTONIC_READS,normal,netem delay 25ms 25ms,QUORUM,ALL,cassandra3,cassandra3,True,2,2,False
138,5,MONOTONIC_READS,normal,netem delay 25ms 25ms,QUORUM,ALL,cassandra3,cassandra3,True,2,2,False
139,1,MONOTONIC_READS,normal,netem delay 25ms 25ms,QUORUM,ALL,cassandra3,cassandra3,True,,2,False
139,2,MONOTONIC_READS,normal,netem delay 25ms 25ms,QUORUM,ALL,cassandra3,cassandra2,False,2,2,False
139,3,MONOTONIC_READS,normal,netem delay 25ms 25ms,QUORUM,ALL,cassandra3,cassandra3,True,2,2,False
139,4,MONOTONIC_READS,normal,netem delay 25ms 25ms,QUORUM,ALL,cassandra3,cassandra1,False,2,2,False
139,5,MONOTONIC_READS,normal,netem delay 25ms 25ms,QUORUM,ALL,cassandra3,cassandra3,True,2,2,False
140,1,MONOTONIC_READS,normal,netem delay 25ms 25ms,QUORUM,ALL,cassandra2,cassandra2,True,,2,False
140,2,MONOTONIC_READS,normal,netem delay 25ms 25ms,QUORUM,ALL,cassandra2,cassandra1,False,2,2,False
140,3,MONOTONIC_READS,normal,netem delay 25ms 25ms,QUORUM,ALL,cassandra2,cassandra3,False,2,2,False
140,4,MONOTONIC_READS,normal,netem delay 25ms 25ms,QUORUM,ALL,cassandra2,cassandra2,True,2,2,False
140,5,MONOTONIC_READS,normal,netem delay 25ms 25ms,QUORUM,ALL,cassandra2,cassandra3,False,2,2,False
141,1,MONOTONIC_READS,normal,netem delay 25ms 25ms,QUORUM,ALL,cassandra3,cassandra3,True,,2,False
141,2,MONOTONIC_READS,normal,netem delay 25ms 25ms,QUORUM,ALL,cassandra3,cassandra3,True,2,2,False
141,3,MONOTONIC_READS,normal,netem delay 25ms 25ms,QUORUM,ALL,cassandra3,cassandra3,True,2,2,False
141,4,MONOTONIC_READS,normal,netem delay 25ms 25ms,QUORUM,ALL,cassandra3,cassandra1,False,2,2,False
141,5,MONOTONIC_READS,normal,netem delay 25ms 25ms,QUORUM,ALL,cassandra3,cassandra2,False,2,2,False
142,1,MONOTONIC_READS,normal,netem delay 25ms 25ms,QUORUM,ALL,cassandra2,cassandra1,False,,2,False
142,2,MONOTONIC_READS,normal,netem delay 25ms 25ms,QUORUM,ALL,cassandra2,cassandra2,True,2,2,False
142,3,MONOTONIC_READS,normal,netem delay 25ms 25ms,QUORUM,ALL,cassandra2,cassandra1,False,2,2,False
142,4,MONOTONIC_READS,normal,netem delay 25ms 25ms,QUORUM,ALL,cassandra2,cassandra2,True,2,2,False
142,5,MONOTONIC_READS,normal,netem delay 25ms 25ms,QUORUM,ALL,cassandra2,cassandra1,False,2,2,False
143,1,MONOTONIC_READS,normal,netem delay 25ms 25ms,QUORUM,ALL,cassandra2,cassandra3,False,,2,False
143,2,MONOTONIC_READS,normal,netem delay 25ms 25ms,QUORUM,ALL,cassandra2,cassandra2,True,2,2,False
143,3,MONOTONIC_READS,normal,netem delay 25ms 25ms,QUORUM,ALL,cassandra2,cassandra3,False,2,2,False
143,4,MONOTONIC_READS,normal,netem delay 25ms 25ms,QUORUM,ALL,cassandra2,cassandra2,True,2,2,False
143,5,MONOTONIC_READS,normal,netem delay 25ms 25ms,QUORUM,ALL,cassandra2,cassandra3,False,2,2,False
144,1,MONOTONIC_READS,normal,netem delay 25ms 25ms,QUORUM,ALL,cassandra1,cassandra2,False,,2,False
144,2,MONOTONIC_READS,normal,netem delay 25ms 25ms,QUORUM,ALL,cassandra1,cassandra1,True,2,2,False
144,3,MONOTONIC_READS,normal,netem delay 25ms 25ms,QUORUM,ALL,cassandra1,cassandra1,True,2,2,False
144,4,MONOTONIC_READS,normal,netem delay 25ms 25ms,QUORUM,ALL,cassandra1,cassandra2,False,2,2,False
144,5,MONOTONIC_READS,normal,netem delay 25ms 25ms,QUORUM,ALL,cassandra1,cassandra2,False,2,2,False
145,1,MONOTONIC_READS,normal,netem delay 25ms 25ms,QUORUM,ALL,cassandra3,cassandra2,False,,2,False
145,2,MONOTONIC_READS,normal,netem delay 25ms 25ms,QUORUM,ALL,cassandra3,cassandra1,False,2,2,False
145,3,MONOTONIC_READS,normal,netem delay 25ms 25ms,QUORUM,ALL,cassandra3,cassandra2,False,2,2,False
145,4,MONOTONIC_READS,normal,netem delay 25ms 25ms,QUORUM,ALL,cassandra3,cassandra3,True,2,2,False
145,5,MONOTONIC_READS,normal,netem delay 25ms 25ms,QUORUM,ALL,cassandra3,cassandra1,False,2,2,False
146,1,MONOTONIC_READS,normal,netem delay 25ms 25ms,QUORUM,ALL,cassandra3,cassandra3,True,,2,False
146,2,MONOTONIC_READS,normal,netem delay 25ms 25ms,QUORUM,ALL,cassandra3,cassandra1,False,2,2,False
146,3,MONOTONIC_READS,normal,netem delay 25ms 25ms,QUORUM,ALL,cassandra3,cassandra3,True,2,2,False
146,4,MONOTONIC_READS,normal,netem delay 25ms 25ms,QUORUM,ALL,cassandra3,cassandra3,True,2,2,False
146,5,MONOTONIC_READS,normal,netem delay 25ms 25ms,QUORUM,ALL,cassandra3,cassandra3,True,2,2,False
147,1,MONOTONIC_READS,normal,netem delay 25ms 25ms,QUORUM,ALL,cassandra2,cassandra1,False,,2,False
147,2,MONOTONIC_READS,normal,netem delay 25ms 25ms,QUORUM,ALL,cassandra2,cassandra2,True,2,2,False
147,3,MONOTONIC_READS,normal,netem delay 25ms 25ms,QUORUM,ALL,cassandra2,cassandra1,False,2,2,False
147,4,MONOTONIC_READS,normal,netem delay 25ms 25ms,QUORUM,ALL,cassandra2,cassandra3,False,2,2,False
147,5,MONOTONIC_READS,normal,netem delay 25ms 25ms,QUORUM,ALL,cassandra2,cassandra2,True,2,2,False
148,1,MONOTONIC_READS,normal,netem delay 25ms 25ms,QUORUM,ALL,cassandra3,cassandra2,False,,2,False
148,2,MONOTONIC_READS,normal,netem delay 25ms 25ms,QUORUM,ALL,cassandra3,cassandra3,True,2,2,False
148,3,MONOTONIC_READS,normal,netem delay 25ms 25ms,QUORUM,ALL,cassandra3,cassandra1,False,2,2,False
148,4,MONOTONIC_READS,normal,netem delay 25ms 25ms,QUORUM,ALL,cassandra3,cassandra1,False,2,2,False
148,5,MONOTONIC_READS,normal,netem delay 25ms 25ms,QUORUM,ALL,cassandra3,cassandra2,False,2,2,False
149,1,MONOTONIC_READS,normal,netem delay 25ms 25ms,QUORUM,ALL,cassandra2,cassandra1,False,,2,False
149,2,MONOTONIC_READS,normal,netem delay 25ms 25ms,QUORUM,ALL,cassandra2,cassandra3,False,2,2,False
149,3,MONOTONIC_READS,normal,netem delay 25ms 25ms,QUORUM,ALL,cassandra2,cassandra3,False,2,2,False
149,4,MONOTONIC_READS,normal,netem delay 25ms 25ms,QUORUM,ALL,cassandra2,cassandra2,True,2,2,False
149,5,MONOTONIC_READS,normal,netem delay 25ms 25ms,QUORUM,ALL,cassandra2,cassandra2,True,2,2,False
150,1,MONOTONIC_READS,normal,netem delay 25ms 25ms,QUORUM,ALL,cassandra1,cassandra3,False,,2,False
150,2,MONOTONIC_READS,normal,netem delay 25ms 25ms,QUORUM,ALL,cassandra1,cassandra1,True,2,2,False
150,3,MONOTONIC_READS,normal,netem delay 25ms 25ms,QUORUM,ALL,cassandra1,cassandra2,False,2,2,False
150,4,MONOTONIC_READS,normal,netem delay 25ms 25ms,QUORUM,ALL,cassandra1,cassandra3,False,2,2,False
150,5,MONOTONIC_READS,normal,netem delay 25ms 25ms,QUORUM,ALL,cassandra1,cassandra2,False,2,2,False
151,1,MONOTONIC_READS,normal,netem delay 25ms 25ms,QUORUM,ALL,cassandra3,cassandra1,False,,2,False
151,2,MONOTONIC_READS,normal,netem delay 25ms 25ms,QUORUM,ALL,cassandra3,cassandra2,False,2,2,False
151,3,MONOTONIC_READS,normal,netem delay 25ms 25ms,QUORUM,ALL,cassandra3,cassandra2,False,2,2,False
151,4,MONOTONIC_READS,normal,netem delay 25ms 25ms,QUORUM,ALL,cassandra3,cassandra3,True,2,2,False
151,5,MONOTONIC_READS,normal,netem delay 25ms 25ms,QUORUM,ALL,cassandra3,cassandra2,False,2,2,False
152,1,MONOTONIC_READS,normal,netem delay 25ms 25ms,QUORUM,ALL,cassandra1,cassandra1,True,,2,False
152,2,MONOTONIC_READS,normal,netem delay 25ms 25ms,QUORUM,ALL,cassandra1,cassandra1,True,2,2,False
152,3,MONOTONIC_READS,normal,netem delay 25ms 25ms,QUORUM,ALL,cassandra1,cassandra1,True,2,2,False
152,4,MONOTONIC_READS,normal,netem delay 25ms 25ms,QUORUM,ALL,cassandra1,cassandra2,False,2,2,False
152,5,MONOTONIC_READS,normal,netem delay 25ms 25ms,QUORUM,ALL,cassandra1,cassandra2,False,2,2,False
153,1,MONOTONIC_READS,normal,netem delay 25ms 25ms,QUORUM,ALL,cassandra2,cassandra2,True,,2,False
153,2,MONOTONIC_READS,normal,netem delay 25ms 25ms,QUORUM,ALL,cassandra2,cassandra2,True,2,2,False
153,3,MONOTONIC_READS,normal,netem delay 25ms 25ms,QUORUM,ALL,cassandra2,cassandra2,True,2,2,False
153,4,MONOTONIC_READS,normal,netem delay 25ms 25ms,QUORUM,ALL,cassandra2,cassandra3,False,2,2,False
153,5,MONOTONIC_READS,normal,netem delay 25ms 25ms,QUORUM,ALL,cassandra2,cassandra2,True,2,2,False
154,1,MONOTONIC_READS,normal,netem delay 25ms 25ms,QUORUM,ALL,cassandra1,cassandra3,False,,2,False
154,2,MONOTONIC_READS,normal,netem delay 25ms 25ms,QUORUM,ALL,cassandra1,cassandra2,False,2,2,False
154,3,MONOTONIC_READS,normal,netem delay 25ms 25ms,QUORUM,ALL,cassandra1,cassandra2,False,2,2,False
154,4,MONOTONIC_READS,normal,netem delay 25ms 25ms,QUORUM,ALL,cassandra1,cassandra3,False,2,2,False
154,5,MONOTONIC_READS,normal,netem delay 25ms 25ms,QUORUM,ALL,cassandra1,cassandra2,False,2,2,False
155,1,MONOTONIC_READS,normal,netem delay 25ms 25ms,QUORUM,ALL,cassandra1,cassandra1,True,,2,False
155,2,MONOTONIC_READS,normal,netem delay 25ms 25ms,QUORUM,ALL,cassandra1,cassandra3,False,2,2,False
155,3,MONOTONIC_READS,normal,netem delay 25ms 25ms,QUORUM,ALL,cassandra1,cassandra1,True,2,2,False
155,4,MONOTONIC_READS,normal,netem delay 25ms 25ms,QUORUM,ALL,cassandra1,cassandra1,True,2,2,False
155,5,MONOTONIC_READS,normal,netem delay 25ms 25ms,QUORUM,ALL,cassandra1,cassandra1,True,2,2,False
156,1,MONOTONIC_READS,normal,netem delay 25ms 25ms,QUORUM,ALL,cassandra1,cassandra1,True,,2,False
156,2,MONOTONIC_READS,normal,netem delay 25ms 25ms,QUORUM,ALL,cassandra1,cassandra3,False,2,2,False
156,3,MONOTONIC_READS,normal,netem delay 25ms 25ms,QUORUM,ALL,cassandra1,cassandra1,True,2,2,False
156,4,MONOTONIC_READS,normal,netem delay 25ms 25ms,QUORUM,ALL,cassandra1,cassandra1,True,2,2,False
156,5,MONOTONIC_READS,normal,netem delay 25ms 25ms,QUORUM,ALL,cassandra1,cassandra3,False,2,2,False
157,1,MONOTONIC_READS,normal,netem delay 25ms 25ms,QUORUM,ALL,cassandra2,cassandra1,False,,2,False
157,2,MONOTONIC_READS,normal,netem delay 25ms 25ms,QUORUM,ALL,cassandra2,cassandra1,False,2,2,False
157,3,MONOTONIC_READS,normal,netem delay 25ms 25ms,QUORUM,ALL,cassandra2,cassandra1,False,2,2,False
157,4,MONOTONIC_READS,normal,netem delay 25ms 25ms,QUORUM,ALL,cassandra2,cassandra2,True,2,2,False
157,5,MONOTONIC_READS,normal,netem delay 25ms 25ms,QUORUM,ALL,cassandra2,cassandra3,False,2,2,False
158,1,MONOTONIC_READS,normal,netem delay 25ms 25ms,QUORUM,ALL,cassandra2,cassandra3,False,,2,False
158,2,MONOTONIC_READS,normal,netem delay 25ms 25ms,QUORUM,ALL,cassandra2,cassandra3,False,2,2,False
158,3,MONOTONIC_READS,normal,netem delay 25ms 25ms,QUORUM,ALL,cassandra2,cassandra2,True,2,2,False
158,4,MONOTONIC_READS,normal,netem delay 25ms 25ms,QUORUM,ALL,cassandra2,cassandra3,False,2,2,False
158,5,MONOTONIC_READS,normal,netem delay 25ms 25ms,QUORUM,ALL,cassandra2,cassandra3,False,2,2,False
159,1,MONOTONIC_READS,normal,netem delay 25ms 25ms,QUORUM,ALL,cassandra2,cassandra3,False,,2,False
159,2,MONOTONIC_READS,normal,netem delay 25ms 25ms,QUORUM,ALL,cassandra2,cassandra3,False,2,2,False
159,3,MONOTONIC_READS,normal,netem delay 25ms 25ms,QUORUM,ALL,cassandra2,cassandra3,False,2,2,False
159,4,MONOTONIC_READS,normal,netem delay 25ms 25ms,QUORUM,ALL,cassandra2,cassandra1,False,2,2,False
159,5,MONOTONIC_READS,normal,netem delay 25ms 25ms,QUORUM,ALL,cassandra2,cassandra1,False,2,2,False
160,1,MONOTONIC_READS,normal,netem delay 25ms 25ms,QUORUM,ALL,cassandra2,cassandra1,False,,2,False
160,2,MONOTONIC_READS,normal,netem delay 25ms 25ms,QUORUM,ALL,cassandra2,cassandra3,False,2,2,False
160,3,MONOTONIC_READS,normal,netem delay 25ms 25ms,QUORUM,ALL,cassandra2,cassandra1,False,2,2,False
160,4,MONOTONIC_READS,normal,netem delay 25ms 25ms,QUORUM,ALL,cassandra2,cassandra2,True,2,2,False
160,5,MONOTONIC_READS,normal,netem delay 25ms 25ms,QUORUM,ALL,cassandra2,cassandra2,True,2,2,False
161,1,MONOTONIC_READS,normal,netem delay 25ms 25ms,QUORUM,ALL,cassandra2,cassandra1,False,,2,False
161,2,MONOTONIC_READS,normal,netem delay 25ms 25ms,QUORUM,ALL,cassandra2,cassandra1,False,2,2,False
161,3,MONOTONIC_READS,normal,netem delay 25ms 25ms,QUORUM,ALL,cassandra2,cassandra3,False,2,2,False
161,4,MONOTONIC_READS,normal,netem delay 25ms 25ms,QUORUM,ALL,cassandra2,cassandra2,True,2,2,False
161,5,MONOTONIC_READS,normal,netem delay 25ms 25ms,QUORUM,ALL,cassandra2,cassandra2,True,2,2,False
162,1,MONOTONIC_READS,normal,netem delay 25ms 25ms,QUORUM,ALL,cassandra2,cassandra1,False,,2,False
162,2,MONOTONIC_READS,normal,netem delay 25ms 25ms,QUORUM,ALL,cassandra2,cassandra3,False,2,2,False
162,3,MONOTONIC_READS,normal,netem delay 25ms 25ms,QUORUM,ALL,cassandra2,cassandra1,False,2,2,False
162,4,MONOTONIC_READS,normal,netem delay 25ms 25ms,QUORUM,ALL,cassandra2,cassandra3,False,2,2,False
162,5,MONOTONIC_READS,normal,netem delay 25ms 25ms,QUORUM,ALL,cassandra2,cassandra3,False,2,2,False
163,1,MONOTONIC_READS,normal,netem delay 25ms 25ms,QUORUM,ALL,cassandra1,cassandra1,True,,2,False
163,2,MONOTONIC_READS,normal,netem delay 25ms 25ms,QUORUM,ALL,cassandra1,cassandra2,False,2,2,False
163,3,MONOTONIC_READS,normal,netem delay 25ms 25ms,QUORUM,ALL,cassandra1,cassandra1,True,2,2,False
163,4,MONOTONIC_READS,normal,netem delay 25ms 25ms,QUORUM,ALL,cassandra1,cassandra1,True,2,2,False
163,5,MONOTONIC_READS,normal,netem delay 25ms 25ms,QUORUM,ALL,cassandra1,cassandra2,False,2,2,False
164,1,MONOTONIC_READS,normal,netem delay 25ms 25ms,QUORUM,ALL,cassandra2,cassandra2,True,,2,False
164,2,MONOTONIC_READS,normal,netem delay 25ms 25ms,QUORUM,ALL,cassandra2,cassandra2,True,2,2,False
164,3,MONOTONIC_READS,normal,netem delay 25ms 25ms,QUORUM,ALL,cassandra2,cassandra2,True,2,2,False
164,4,MONOTONIC_READS,normal,netem delay 25ms 25ms,QUORUM,ALL,cassandra2,cassandra1,False,2,2,False
164,5,MONOTONIC_READS,normal,netem delay 25ms 25ms,QUORUM,ALL,cassandra2,cassandra3,False,2,2,False
165,1,MONOTONIC_READS,normal,netem delay 25ms 25ms,QUORUM,ALL,cassandra1,cassandra1,True,,2,False
165,2,MONOTONIC_READS,normal,netem delay 25ms 25ms,QUORUM,ALL,cassandra1,cassandra2,False,2,2,False
165,3,MONOTONIC_READS,normal,netem delay 25ms 25ms,QUORUM,ALL,cassandra1,cassandra1,True,2,2,False
165,4,MONOTONIC_READS,normal,netem delay 25ms 25ms,QUORUM,ALL,cassandra1,cassandra2,False,2,2,False
165,5,MONOTONIC_READS,normal,netem delay 25ms 25ms,QUORUM,ALL,cassandra1,cassandra2,False,2,2,False
166,1,MONOTONIC_READS,normal,netem delay 25ms 25ms,QUORUM,ALL,cassandra2,cassandra2,True,,2,False
166,2,MONOTONIC_READS,normal,netem delay 25ms 25ms,QUORUM,ALL,cassandra2,cassandra2,True,2,2,False
166,3,MONOTONIC_READS,normal,netem delay 25ms 25ms,QUORUM,ALL,cassandra2,cassandra2,True,2,2,False
166,4,MONOTONIC_READS,normal,netem delay 25ms 25ms,QUORUM,ALL,cassandra2,cassandra2,True,2,2,False
166,5,MONOTONIC_READS,normal,netem delay 25ms 25ms,QUORUM,ALL,cassandra2,cassandra2,True,2,2,False
167,1,MONOTONIC_READS,normal,netem delay 25ms 25ms,QUORUM,ALL,cassandra2,cassandra3,False,,2,False
167,2,MONOTONIC_READS,normal,netem delay 25ms 25ms,QUORUM,ALL,cassandra2,cassandra1,False,2,2,False
167,3,MONOTONIC_READS,normal,netem delay 25ms 25ms,QUORUM,ALL,cassandra2,cassandra1,False,2,2,False
167,4,MONOTONIC_READS,normal,netem delay 25ms 25ms,QUORUM,ALL,cassandra2,cassandra2,True,2,2,False
167,5,MONOTONIC_READS,normal,netem delay 25ms 25ms,QUORUM,ALL,cassandra2,cassandra2,True,2,2,False
168,1,MONOTONIC_READS,normal,netem delay 25ms 25ms,QUORUM,ALL,cassandra1,cassandra3,False,,2,False
168,2,MONOTONIC_READS,normal,netem delay 25ms 25ms,QUORUM,ALL,cassandra1,cassandra1,True,2,2,False
168,3,MONOTONIC_READS,normal,netem delay 25ms 25ms,QUORUM,ALL,cassandra1,cassandra3,False,2,2,False
168,4,MONOTONIC_READS,normal,netem delay 25ms 25ms,QUORUM,ALL,cassandra1,cassandra2,False,2,2,False
168,5,MONOTONIC_READS,normal,netem delay 25ms 25ms,QUORUM,ALL,cassandra1,cassandra2,False,2,2,False
169,1,MONOTONIC_READS,normal,netem delay 25ms 25ms,QUORUM,ALL,cassandra1,cassandra3,False,,2,False
169,2,MONOTONIC_READS,normal,netem delay 25ms 25ms,QUORUM,ALL,cassandra1,cassandra3,False,2,2,False
169,3,MONOTONIC_READS,normal,netem delay 25ms 25ms,QUORUM,ALL,cassandra1,cassandra2,False,2,2,False
169,4,MONOTONIC_READS,normal,netem delay 25ms 25ms,QUORUM,ALL,cassandra1,cassandra3,False,2,2,False
169,5,MONOTONIC_READS,normal,netem delay 25ms 25ms,QUORUM,ALL,cassandra1,cassandra3,False,2,2,False
170,1,MONOTONIC_READS,normal,netem delay 25ms 25ms,QUORUM,ALL,cassandra1,cassandra1,True,,2,False
170,2,MONOTONIC_READS,normal,netem delay 25ms 25ms,QUORUM,ALL,cassandra1,cassandra2,False,2,2,False
170,3,MONOTONIC_READS,normal,netem delay 25ms 25ms,QUORUM,ALL,cassandra1,cassandra1,True,2,2,False
170,4,MONOTONIC_READS,normal,netem delay 25ms 25ms,QUORUM,ALL,cassandra1,cassandra2,False,2,2,False
170,5,MONOTONIC_READS,normal,netem delay 25ms 25ms,QUORUM,ALL,cassandra1,cassandra3,False,2,2,False
171,1,MONOTONIC_READS,normal,netem delay 25ms 25ms,QUORUM,ALL,cassandra2,cassandra2,True,,2,False
171,2,MONOTONIC_READS,normal,netem delay 25ms 25ms,QUORUM,ALL,cassandra2,cassandra1,False,2,2,False
171,3,MONOTONIC_READS,normal,netem delay 25ms 25ms,QUORUM,ALL,cassandra2,cassandra3,False,2,2,False
171,4,MONOTONIC_READS,normal,netem delay 25ms 25ms,QUORUM,ALL,cassandra2,cassandra1,False,2,2,False
171,5,MONOTONIC_READS,normal,netem delay 25ms 25ms,QUORUM,ALL,cassandra2,cassandra2,True,2,2,False
172,1,MONOTONIC_READS,normal,netem delay 25ms 25ms,QUORUM,ALL,cassandra3,cassandra1,False,,2,False
172,2,MONOTONIC_READS,normal,netem delay 25ms 25ms,QUORUM,ALL,cassandra3,cassandra2,False,2,2,False
172,3,MONOTONIC_READS,normal,netem delay 25ms 25ms,QUORUM,ALL,cassandra3,cassandra1,False,2,2,False
172,4,MONOTONIC_READS,normal,netem delay 25ms 25ms,QUORUM,ALL,cassandra3,cassandra3,True,2,2,False
172,5,MONOTONIC_READS,normal,netem delay 25ms 25ms,QUORUM,ALL,cassandra3,cassandra3,True,2,2,False
173,1,MONOTONIC_READS,normal,netem delay 25ms 25ms,QUORUM,ALL,cassandra3,cassandra1,False,,2,False
173,2,MONOTONIC_READS,normal,netem delay 25ms 25ms,QUORUM,ALL,cassandra3,cassandra3,True,2,2,False
173,3,MONOTONIC_READS,normal,netem delay 25ms 25ms,QUORUM,ALL,cassandra3,cassandra1,False,2,2,False
173,4,MONOTONIC_READS,normal,netem delay 25ms 25ms,QUORUM,ALL,cassandra3,cassandra3,True,2,2,False
173,5,MONOTONIC_READS,normal,netem delay 25ms 25ms,QUORUM,ALL,cassandra3,cassandra2,False,2,2,False
174,1,MONOTONIC_READS,normal,netem delay 25ms 25ms,QUORUM,ALL,cassandra3,cassandra1,False,,2,False
174,2,MONOTONIC_READS,normal,netem delay 25ms 25ms,QUORUM,ALL,cassandra3,cassandra1,False,2,2,False
174,3,MONOTONIC_READS,normal,netem delay 25ms 25ms,QUORUM,ALL,cassandra3,cassandra3,True,2,2,False
174,4,MONOTONIC_READS,normal,netem delay 25ms 25ms,QUORUM,ALL,cassandra3,cassandra1,False,2,2,False
174,5,MONOTONIC_READS,normal,netem delay 25ms 25ms,QUORUM,ALL,cassandra3,cassandra2,False,2,2,False
175,1,MONOTONIC_READS,normal,netem delay 25ms 25ms,QUORUM,ALL,cassandra1,cassandra1,True,,2,False
175,2,MONOTONIC_READS,normal,netem delay 25ms 25ms,QUORUM,ALL,cassandra1,cassandra2,False,2,2,False
175,3,MONOTONIC_READS,normal,netem delay 25ms 25ms,QUORUM,ALL,cassandra1,cassandra1,True,2,2,False
175,4,MONOTONIC_READS,normal,netem delay 25ms 25ms,QUORUM,ALL,cassandra1,cassandra2,False,2,2,False
175,5,MONOTONIC_READS,normal,netem delay 25ms 25ms,QUORUM,ALL,cassandra1,cassandra2,False,2,2,False
176,1,MONOTONIC_READS,normal,netem delay 25ms 25ms,QUORUM,ALL,cassandra1,cassandra3,False,,2,False
176,2,MONOTONIC_READS,normal,netem delay 25ms 25ms,QUORUM,ALL,cassandra1,cassandra2,False,2,2,False
176,3,MONOTONIC_READS,normal,netem delay 25ms 25ms,QUORUM,ALL,cassandra1,cassandra3,False,2,2,False
176,4,MONOTONIC_READS,normal,netem delay 25ms 25ms,QUORUM,ALL,cassandra1,cassandra3,False,2,2,False
176,5,MONOTONIC_READS,normal,netem delay 25ms 25ms,QUORUM,ALL,cassandra1,cassandra2,False,2,2,False
177,1,MONOTONIC_READS,normal,netem delay 25ms 25ms,QUORUM,ALL,cassandra1,cassandra3,False,,2,False
177,2,MONOTONIC_READS,normal,netem delay 25ms 25ms,QUORUM,ALL,cassandra1,cassandra1,True,2,2,False
177,3,MONOTONIC_READS,normal,netem delay 25ms 25ms,QUORUM,ALL,cassandra1,cassandra3,False,2,2,False
177,4,MONOTONIC_READS,normal,netem delay 25ms 25ms,QUORUM,ALL,cassandra1,cassandra1,True,2,2,False
177,5,MONOTONIC_READS,normal,netem delay 25ms 25ms,QUORUM,ALL,cassandra1,cassandra1,True,2,2,False
178,1,MONOTONIC_READS,normal,netem delay 25ms 25ms,QUORUM,ALL,cassandra1,cassandra3,False,,2,False
178,2,MONOTONIC_READS,normal,netem delay 25ms 25ms,QUORUM,ALL,cassandra1,cassandra3,False,2,2,False
178,3,MONOTONIC_READS,normal,netem delay 25ms 25ms,QUORUM,ALL,cassandra1,cassandra1,True,2,2,False
178,4,MONOTONIC_READS,normal,netem delay 25ms 25ms,QUORUM,ALL,cassandra1,cassandra2,False,2,2,False
178,5,MONOTONIC_READS,normal,netem delay 25ms 25ms,QUORUM,ALL,cassandra1,cassandra2,False,2,2,False
179,1,MONOTONIC_READS,normal,netem delay 25ms 25ms,QUORUM,ALL,cassandra1,cassandra3,False,,2,False
179,2,MONOTONIC_READS,normal,netem delay 25ms 25ms,QUORUM,ALL,cassandra1,cassandra1,True,2,2,False
179,3,MONOTONIC_READS,normal,netem delay 25ms 25ms,QUORUM,ALL,cassandra1,cassandra1,True,2,2,False
179,4,MONOTONIC_READS,normal,netem delay 25ms 25ms,QUORUM,ALL,cassandra1,cassandra1,True,2,2,False
179,5,MONOTONIC_READS,normal,netem delay 25ms 25ms,QUORUM,ALL,cassandra1,cassandra1,True,2,2,False
180,1,MONOTONIC_READS,normal,netem delay 25ms 25ms,QUORUM,ALL,cassandra3,cassandra3,True,,2,False
180,2,MONOTONIC_READS,normal,netem delay 25ms 25ms,QUORUM,ALL,cassandra3,cassandra2,False,2,2,False
180,3,MONOTONIC_READS,normal,netem delay 25ms 25ms,QUORUM,ALL,cassandra3,cassandra1,False,2,2,False
180,4,MONOTONIC_READS,normal,netem delay 25ms 25ms,QUORUM,ALL,cassandra3,cassandra2,False,2,2,False
180,5,MONOTONIC_READS,normal,netem delay 25ms 25ms,QUORUM,ALL,cassandra3,cassandra3,True,2,2,False
181,1,MONOTONIC_READS,normal,netem delay 25ms 25ms,QUORUM,ALL,cassandra3,cassandra3,True,,2,False
181,2,MONOTONIC_READS,normal,netem delay 25ms 25ms,QUORUM,ALL,cassandra3,cassandra1,False,2,2,False
181,3,MONOTONIC_READS,normal,netem delay 25ms 25ms,QUORUM,ALL,cassandra3,cassandra2,False,2,2,False
181,4,MONOTONIC_READS,normal,netem delay 25ms 25ms,QUORUM,ALL,cassandra3,cassandra3,True,2,2,False
181,5,MONOTONIC_READS,normal,netem delay 25ms 25ms,QUORUM,ALL,cassandra3,cassandra1,False,2,2,False
182,1,MONOTONIC_READS,normal,netem delay 25ms 25ms,QUORUM,ALL,cassandra2,cassandra2,True,,2,False
182,2,MONOTONIC_READS,normal,netem delay 25ms 25ms,QUORUM,ALL,cassandra2,cassandra2,True,2,2,False
182,3,MONOTONIC_READS,normal,netem delay 25ms 25ms,QUORUM,ALL,cassandra2,cassandra2,True,2,2,False
182,4,MONOTONIC_READS,normal,netem delay 25ms 25ms,QUORUM,ALL,cassandra2,cassandra3,False,2,2,False
182,5,MONOTONIC_READS,normal,netem delay 25ms 25ms,QUORUM,ALL,cassandra2,cassandra1,False,2,2,False
183,1,MONOTONIC_READS,normal,netem delay 25ms 25ms,QUORUM,ALL,cassandra2,cassandra2,True,,2,False
183,2,MONOTONIC_READS,normal,netem delay 25ms 25ms,QUORUM,ALL,cassandra2,cassandra1,False,2,2,False
183,3,MONOTONIC_READS,normal,netem delay 25ms 25ms,QUORUM,ALL,cassandra2,cassandra3,False,2,2,False
183,4,MONOTONIC_READS,normal,netem delay 25ms 25ms,QUORUM,ALL,cassandra2,cassandra3,False,2,2,False
183,5,MONOTONIC_READS,normal,netem delay 25ms 25ms,QUORUM,ALL,cassandra2,cassandra3,False,2,2,False
184,1,MONOTONIC_READS,normal,netem delay 25ms 25ms,QUORUM,ALL,cassandra2,cassandra1,False,,2,False
184,2,MONOTONIC_READS,normal,netem delay 25ms 25ms,QUORUM,ALL,cassandra2,cassandra2,True,2,2,False
184,3,MONOTONIC_READS,normal,netem delay 25ms 25ms,QUORUM,ALL,cassandra2,cassandra3,False,2,2,False
184,4,MONOTONIC_READS,normal,netem delay 25ms 25ms,QUORUM,ALL,cassandra2,cassandra3,False,2,2,False
184,5,MONOTONIC_READS,normal,netem delay 25ms 25ms,QUORUM,ALL,cassandra2,cassandra2,True,2,2,False
185,1,MONOTONIC_READS,normal,netem delay 25ms 25ms,QUORUM,ALL,cassandra1,cassandra3,False,,2,False
185,2,MONOTONIC_READS,normal,netem delay 25ms 25ms,QUORUM,ALL,cassandra1,cassandra1,True,2,2,False
185,3,MONOTONIC_READS,normal,netem delay 25ms 25ms,QUORUM,ALL,cassandra1,cassandra3,False,2,2,False
185,4,MONOTONIC_READS,normal,netem delay 25ms 25ms,QUORUM,ALL,cassandra1,cassandra3,False,2,2,False
185,5,MONOTONIC_READS,normal,netem delay 25ms 25ms,QUORUM,ALL,cassandra1,cassandra3,False,2,2,False
186,1,MONOTONIC_READS,normal,netem delay 25ms 25ms,QUORUM,ALL,cassandra1,cassandra2,False,,2,False
186,2,MONOTONIC_READS,normal,netem delay 25ms 25ms,QUORUM,ALL,cassandra1,cassandra1,True,2,2,False
186,3,MONOTONIC_READS,normal,netem delay 25ms 25ms,QUORUM,ALL,cassandra1,cassandra3,False,2,2,False
186,4,MONOTONIC_READS,normal,netem delay 25ms 25ms,QUORUM,ALL,cassandra1,cassandra1,True,2,2,False
186,5,MONOTONIC_READS,normal,netem delay 25ms 25ms,QUORUM,ALL,cassandra1,cassandra3,False,2,2,False
187,1,MONOTONIC_READS,normal,netem delay 25ms 25ms,QUORUM,ALL,cassandra3,cassandra3,True,,2,False
187,2,MONOTONIC_READS,normal,netem delay 25ms 25ms,QUORUM,ALL,cassandra3,cassandra3,True,2,2,False
187,3,MONOTONIC_READS,normal,netem delay 25ms 25ms,QUORUM,ALL,cassandra3,cassandra2,False,2,2,False
187,4,MONOTONIC_READS,normal,netem delay 25ms 25ms,QUORUM,ALL,cassandra3,cassandra3,True,2,2,False
187,5,MONOTONIC_READS,normal,netem delay 25ms 25ms,QUORUM,ALL,cassandra3,cassandra1,False,2,2,False
188,1,MONOTONIC_READS,normal,netem delay 25ms 25ms,QUORUM,ALL,cassandra3,cassandra2,False,,2,False
188,2,MONOTONIC_READS,normal,netem delay 25ms 25ms,QUORUM,ALL,cassandra3,cassandra3,True,2,2,False
188,3,MONOTONIC_READS,normal,netem delay 25ms 25ms,QUORUM,ALL,cassandra3,cassandra3,True,2,2,False
188,4,MONOTONIC_READS,normal,netem delay 25ms 25ms,QUORUM,ALL,cassandra3,cassandra1,False,2,2,False
188,5,MONOTONIC_READS,normal,netem delay 25ms 25ms,QUORUM,ALL,cassandra3,cassandra3,True,2,2,False
189,1,MONOTONIC_READS,normal,netem delay 25ms 25ms,QUORUM,ALL,cassandra2,cassandra1,False,,2,False
189,2,MONOTONIC_READS,normal,netem delay 25ms 25ms,QUORUM,ALL,cassandra2,cassandra3,False,2,2,False
189,3,MONOTONIC_READS,normal,netem delay 25ms 25ms,QUORUM,ALL,cassandra2,cassandra1,False,2,2,False
189,4,MONOTONIC_READS,normal,netem delay 25ms 25ms,QUORUM,ALL,cassandra2,cassandra2,True,2,2,False
189,5,MONOTONIC_READS,normal,netem delay 25ms 25ms,QUORUM,ALL,cassandra2,cassandra1,False,2,2,False
190,1,MONOTONIC_READS,normal,netem delay 25ms 25ms,QUORUM,ALL,cassandra1,cassandra3,False,,2,False
190,2,MONOTONIC_READS,normal,netem delay 25ms 25ms,QUORUM,ALL,cassandra1,cassandra1,True,2,2,False
190,3,MONOTONIC_READS,normal,netem delay 25ms 25ms,QUORUM,ALL,cassandra1,cassandra3,False,2,2,False
190,4,MONOTONIC_READS,normal,netem delay 25ms 25ms,QUORUM,ALL,cassandra1,cassandra1,True,2,2,False
190,5,MONOTONIC_READS,normal,netem delay 25ms 25ms,QUORUM,ALL,cassandra1,cassandra3,False,2,2,False
191,1,MONOTONIC_READS,normal,netem delay 25ms 25ms,QUORUM,ALL,cassandra1,cassandra3,False,,2,False
191,2,MONOTONIC_READS,normal,netem delay 25ms 25ms,QUORUM,ALL,cassandra1,cassandra2,False,2,2,False
191,3,MONOTONIC_READS,normal,netem delay 25ms 25ms,QUORUM,ALL,cassandra1,cassandra3,False,2,2,False
191,4,MONOTONIC_READS,normal,netem delay 25ms 25ms,QUORUM,ALL,cassandra1,cassandra2,False,2,2,False
191,5,MONOTONIC_READS,normal,netem delay 25ms 25ms,QUORUM,ALL,cassandra1,cassandra2,False,2,2,False
192,1,MONOTONIC_READS,normal,netem delay 25ms 25ms,QUORUM,ALL,cassandra2,cassandra1,False,,2,False
192,2,MONOTONIC_READS,normal,netem delay 25ms 25ms,QUORUM,ALL,cassandra2,cassandra2,True,2,2,False
192,3,MONOTONIC_READS,normal,netem delay 25ms 25ms,QUORUM,ALL,cassandra2,cassandra1,False,2,2,False
192,4,MONOTONIC_READS,normal,netem delay 25ms 25ms,QUORUM,ALL,cassandra2,cassandra2,True,2,2,False
192,5,MONOTONIC_READS,normal,netem delay 25ms 25ms,QUORUM,ALL,cassandra2,cassandra2,True,2,2,False
193,1,MONOTONIC_READS,normal,netem delay 25ms 25ms,QUORUM,ALL,cassandra2,cassandra3,False,,2,False
193,2,MONOTONIC_READS,normal,netem delay 25ms 25ms,QUORUM,ALL,cassandra2,cassandra2,True,2,2,False
193,3,MONOTONIC_READS,normal,netem delay 25ms 25ms,QUORUM,ALL,cassandra2,cassandra1,False,2,2,False
193,4,MONOTONIC_READS,normal,netem delay 25ms 25ms,QUORUM,ALL,cassandra2,cassandra1,False,2,2,False
193,5,MONOTONIC_READS,normal,netem delay 25ms 25ms,QUORUM,ALL,cassandra2,cassandra1,False,2,2,False
194,1,MONOTONIC_READS,normal,netem delay 25ms 25ms,QUORUM,ALL,cassandra3,cassandra2,False,,2,False
194,2,MONOTONIC_READS,normal,netem delay 25ms 25ms,QUORUM,ALL,cassandra3,cassandra1,False,2,2,False
194,3,MONOTONIC_READS,normal,netem delay 25ms 25ms,QUORUM,ALL,cassandra3,cassandra1,False,2,2,False
194,4,MONOTONIC_READS,normal,netem delay 25ms 25ms,QUORUM,ALL,cassandra3,cassandra1,False,2,2,False
194,5,MONOTONIC_READS,normal,netem delay 25ms 25ms,QUORUM,ALL,cassandra3,cassandra2,False,2,2,False
195,1,MONOTONIC_READS,normal,netem delay 25ms 25ms,QUORUM,ALL,cassandra2,cassandra1,False,,2,False
195,2,MONOTONIC_READS,normal,netem delay 25ms 25ms,QUORUM,ALL,cassandra2,cassandra2,True,2,2,False
195,3,MONOTONIC_READS,normal,netem delay 25ms 25ms,QUORUM,ALL,cassandra2,cassandra3,False,2,2,False
195,4,MONOTONIC_READS,normal,netem delay 25ms 25ms,QUORUM,ALL,cassandra2,cassandra1,False,2,2,False
195,5,MONOTONIC_READS,normal,netem delay 25ms 25ms,QUORUM,ALL,cassandra2,cassandra1,False,2,2,False
196,1,MONOTONIC_READS,normal,netem delay 25ms 25ms,QUORUM,ALL,cassandra3,cassandra3,True,,2,False
196,2,MONOTONIC_READS,normal,netem delay 25ms 25ms,QUORUM,ALL,cassandra3,cassandra2,False,2,2,False
196,3,MONOTONIC_READS,normal,netem delay 25ms 25ms,QUORUM,ALL,cassandra3,cassandra3,True,2,2,False
196,4,MONOTONIC_READS,normal,netem delay 25ms 25ms,QUORUM,ALL,cassandra3,cassandra3,True,2,2,False
196,5,MONOTONIC_READS,normal,netem delay 25ms 25ms,QUORUM,ALL,cassandra3,cassandra2,False,2,2,False
197,1,MONOTONIC_READS,normal,netem delay 25ms 25ms,QUORUM,ALL,cassandra3,cassandra1,False,,2,False
197,2,MONOTONIC_READS,normal,netem delay 25ms 25ms,QUORUM,ALL,cassandra3,cassandra1,False,2,2,False
197,3,MONOTONIC_READS,normal,netem delay 25ms 25ms,QUORUM,ALL,cassandra3,cassandra1,False,2,2,False
197,4,MONOTONIC_READS,normal,netem delay 25ms 25ms,QUORUM,ALL,cassandra3,cassandra1,False,2,2,False
197,5,MONOTONIC_READS,normal,netem delay 25ms 25ms,QUORUM,ALL,cassandra3,cassandra2,False,2,2,False
198,1,MONOTONIC_READS,normal,netem delay 25ms 25ms,QUORUM,ALL,cassandra2,cassandra2,True,,2,False
198,2,MONOTONIC_READS,normal,netem delay 25ms 25ms,QUORUM,ALL,cassandra2,cassandra2,True,2,2,False
198,3,MONOTONIC_READS,normal,netem delay 25ms 25ms,QUORUM,ALL,cassandra2,cassandra1,False,2,2,False
198,4,MONOTONIC_READS,normal,netem delay 25ms 25ms,QUORUM,ALL,cassandra2,cassandra3,False,2,2,False
198,5,MONOTONIC_READS,normal,netem delay 25ms 25ms,QUORUM,ALL,cassandra2,cassandra1,False,2,2,False
199,1,MONOTONIC_READS,normal,netem delay 25ms 25ms,QUORUM,ALL,cassandra1,cassandra3,False,,2,False
199,2,MONOTONIC_READS,normal,netem delay 25ms 25ms,QUORUM,ALL,cassandra1,cassandra3,False,2,2,False
199,3,MONOTONIC_READS,normal,netem delay 25ms 25ms,QUORUM,ALL,cassandra1,cassandra2,False,2,2,False
199,4,MONOTONIC_READS,normal,netem delay 25ms 25ms,QUORUM,ALL,cassandra1,cassandra2,False,2,2,False
199,5,MONOTONIC_READS,normal,netem delay 25ms 25ms,QUORUM,ALL,cassandra1,cassandra3,False,2,2,False
200,1,MONOTONIC_READS,normal,netem delay 25ms 25ms,QUORUM,ALL,cassandra1,cassandra3,False,,2,False
200,2,MONOTONIC_READS,normal,netem delay 25ms 25ms,QUORUM,ALL,cassandra1,cassandra3,False,2,2,False
200,3,MONOTONIC_READS,normal,netem delay 25ms 25ms,QUORUM,ALL,cassandra1,cassandra1,True,2,2,False
200,4,MONOTONIC_READS,normal,netem delay 25ms 25ms,QUORUM,ALL,cassandra1,cassandra2,False,2,2,False
200,5,MONOTONIC_READS,normal,netem delay 25ms 25ms,QUORUM,ALL,cassandra1,cassandra2,False,2,2,False
1,1,MONOTONIC_READS,normal,netem delay 25ms 25ms,ALL,ONE,cassandra1,cassandra3,False,,2,False
1,2,MONOTONIC_READS,normal,netem delay 25ms 25ms,ALL,ONE,cassandra1,cassandra3,False,2,2,False
1,3,MONOTONIC_READS,normal,netem delay 25ms 25ms,ALL,ONE,cassandra1,cassandra1,True,2,2,False
1,4,MONOTONIC_READS,normal,netem delay 25ms 25ms,ALL,ONE,cassandra1,cassandra2,False,2,2,False
1,5,MONOTONIC_READS,normal,netem delay 25ms 25ms,ALL,ONE,cassandra1,cassandra1,True,2,2,False
2,1,MONOTONIC_READS,normal,netem delay 25ms 25ms,ALL,ONE,cassandra2,cassandra1,False,,2,False
2,2,MONOTONIC_READS,normal,netem delay 25ms 25ms,ALL,ONE,cassandra2,cassandra3,False,2,2,False
2,3,MONOTONIC_READS,normal,netem delay 25ms 25ms,ALL,ONE,cassandra2,cassandra3,False,2,2,False
2,4,MONOTONIC_READS,normal,netem delay 25ms 25ms,ALL,ONE,cassandra2,cassandra3,False,2,2,False
2,5,MONOTONIC_READS,normal,netem delay 25ms 25ms,ALL,ONE,cassandra2,cassandra2,True,2,2,False
3,1,MONOTONIC_READS,normal,netem delay 25ms 25ms,ALL,ONE,cassandra2,cassandra3,False,,2,False
3,2,MONOTONIC_READS,normal,netem delay 25ms 25ms,ALL,ONE,cassandra2,cassandra2,True,2,2,False
3,3,MONOTONIC_READS,normal,netem delay 25ms 25ms,ALL,ONE,cassandra2,cassandra2,True,2,2,False
3,4,MONOTONIC_READS,normal,netem delay 25ms 25ms,ALL,ONE,cassandra2,cassandra3,False,2,2,False
3,5,MONOTONIC_READS,normal,netem delay 25ms 25ms,ALL,ONE,cassandra2,cassandra2,True,2,2,False
4,1,MONOTONIC_READS,normal,netem delay 25ms 25ms,ALL,ONE,cassandra2,cassandra3,False,,2,False
4,2,MONOTONIC_READS,normal,netem delay 25ms 25ms,ALL,ONE,cassandra2,cassandra2,True,2,2,False
4,3,MONOTONIC_READS,normal,netem delay 25ms 25ms,ALL,ONE,cassandra2,cassandra3,False,2,2,False
4,4,MONOTONIC_READS,normal,netem delay 25ms 25ms,ALL,ONE,cassandra2,cassandra2,True,2,2,False
4,5,MONOTONIC_READS,normal,netem delay 25ms 25ms,ALL,ONE,cassandra2,cassandra2,True,2,2,False
5,1,MONOTONIC_READS,normal,netem delay 25ms 25ms,ALL,ONE,cassandra2,cassandra2,True,,2,False
5,2,MONOTONIC_READS,normal,netem delay 25ms 25ms,ALL,ONE,cassandra2,cassandra3,False,2,2,False
5,3,MONOTONIC_READS,normal,netem delay 25ms 25ms,ALL,ONE,cassandra2,cassandra3,False,2,2,False
5,4,MONOTONIC_READS,normal,netem delay 25ms 25ms,ALL,ONE,cassandra2,cassandra1,False,2,2,False
5,5,MONOTONIC_READS,normal,netem delay 25ms 25ms,ALL,ONE,cassandra2,cassandra2,True,2,2,False
6,1,MONOTONIC_READS,normal,netem delay 25ms 25ms,ALL,ONE,cassandra1,cassandra1,True,,2,False
6,2,MONOTONIC_READS,normal,netem delay 25ms 25ms,ALL,ONE,cassandra1,cassandra2,False,2,2,False
6,3,MONOTONIC_READS,normal,netem delay 25ms 25ms,ALL,ONE,cassandra1,cassandra3,False,2,2,False
6,4,MONOTONIC_READS,normal,netem delay 25ms 25ms,ALL,ONE,cassandra1,cassandra3,False,2,2,False
6,5,MONOTONIC_READS,normal,netem delay 25ms 25ms,ALL,ONE,cassandra1,cassandra2,False,2,2,False
7,1,MONOTONIC_READS,normal,netem delay 25ms 25ms,ALL,ONE,cassandra3,cassandra2,False,,2,False
7,2,MONOTONIC_READS,normal,netem delay 25ms 25ms,ALL,ONE,cassandra3,cassandra3,True,2,2,False
7,3,MONOTONIC_READS,normal,netem delay 25ms 25ms,ALL,ONE,cassandra3,cassandra1,False,2,2,False
7,4,MONOTONIC_READS,normal,netem delay 25ms 25ms,ALL,ONE,cassandra3,cassandra2,False,2,2,False
7,5,MONOTONIC_READS,normal,netem delay 25ms 25ms,ALL,ONE,cassandra3,cassandra2,False,2,2,False
8,1,MONOTONIC_READS,normal,netem delay 25ms 25ms,ALL,ONE,cassandra2,cassandra3,False,,2,False
8,2,MONOTONIC_READS,normal,netem delay 25ms 25ms,ALL,ONE,cassandra2,cassandra1,False,2,2,False
8,3,MONOTONIC_READS,normal,netem delay 25ms 25ms,ALL,ONE,cassandra2,cassandra2,True,2,2,False
8,4,MONOTONIC_READS,normal,netem delay 25ms 25ms,ALL,ONE,cassandra2,cassandra1,False,2,2,False
8,5,MONOTONIC_READS,normal,netem delay 25ms 25ms,ALL,ONE,cassandra2,cassandra1,False,2,2,False
9,1,MONOTONIC_READS,normal,netem delay 25ms 25ms,ALL,ONE,cassandra1,cassandra2,False,,2,False
9,2,MONOTONIC_READS,normal,netem delay 25ms 25ms,ALL,ONE,cassandra1,cassandra3,False,2,2,False
9,3,MONOTONIC_READS,normal,netem delay 25ms 25ms,ALL,ONE,cassandra1,cassandra1,True,2,2,False
9,4,MONOTONIC_READS,normal,netem delay 25ms 25ms,ALL,ONE,cassandra1,cassandra2,False,2,2,False
9,5,MONOTONIC_READS,normal,netem delay 25ms 25ms,ALL,ONE,cassandra1,cassandra3,False,2,2,False
10,1,MONOTONIC_READS,normal,netem delay 25ms 25ms,ALL,ONE,cassandra2,cassandra1,False,,2,False
10,2,MONOTONIC_READS,normal,netem delay 25ms 25ms,ALL,ONE,cassandra2,cassandra2,True,2,2,False
10,3,MONOTONIC_READS,normal,netem delay 25ms 25ms,ALL,ONE,cassandra2,cassandra3,False,2,2,False
10,4,MONOTONIC_READS,normal,netem delay 25ms 25ms,ALL,ONE,cassandra2,cassandra1,False,2,2,False
10,5,MONOTONIC_READS,normal,netem delay 25ms 25ms,ALL,ONE,cassandra2,cassandra2,True,2,2,False
11,1,MONOTONIC_READS,normal,netem delay 25ms 25ms,ALL,ONE,cassandra2,cassandra3,False,,2,False
11,2,MONOTONIC_READS,normal,netem delay 25ms 25ms,ALL,ONE,cassandra2,cassandra1,False,2,2,False
11,3,MONOTONIC_READS,normal,netem delay 25ms 25ms,ALL,ONE,cassandra2,cassandra1,False,2,2,False
11,4,MONOTONIC_READS,normal,netem delay 25ms 25ms,ALL,ONE,cassandra2,cassandra3,False,2,2,False
11,5,MONOTONIC_READS,normal,netem delay 25ms 25ms,ALL,ONE,cassandra2,cassandra1,False,2,2,False
12,1,MONOTONIC_READS,normal,netem delay 25ms 25ms,ALL,ONE,cassandra1,cassandra3,False,,2,False
12,2,MONOTONIC_READS,normal,netem delay 25ms 25ms,ALL,ONE,cassandra1,cassandra3,False,2,2,False
12,3,MONOTONIC_READS,normal,netem delay 25ms 25ms,ALL,ONE,cassandra1,cassandra3,False,2,2,False
12,4,MONOTONIC_READS,normal,netem delay 25ms 25ms,ALL,ONE,cassandra1,cassandra2,False,2,2,False
12,5,MONOTONIC_READS,normal,netem delay 25ms 25ms,ALL,ONE,cassandra1,cassandra3,False,2,2,False
13,1,MONOTONIC_READS,normal,netem delay 25ms 25ms,ALL,ONE,cassandra2,cassandra2,True,,2,False
13,2,MONOTONIC_READS,normal,netem delay 25ms 25ms,ALL,ONE,cassandra2,cassandra2,True,2,2,False
13,3,MONOTONIC_READS,normal,netem delay 25ms 25ms,ALL,ONE,cassandra2,cassandra1,False,2,2,False
13,4,MONOTONIC_READS,normal,netem delay 25ms 25ms,ALL,ONE,cassandra2,cassandra3,False,2,2,False
13,5,MONOTONIC_READS,normal,netem delay 25ms 25ms,ALL,ONE,cassandra2,cassandra2,True,2,2,False
14,1,MONOTONIC_READS,normal,netem delay 25ms 25ms,ALL,ONE,cassandra3,cassandra2,False,,2,False
14,2,MONOTONIC_READS,normal,netem delay 25ms 25ms,ALL,ONE,cassandra3,cassandra2,False,2,2,False
14,3,MONOTONIC_READS,normal,netem delay 25ms 25ms,ALL,ONE,cassandra3,cassandra3,True,2,2,False
14,4,MONOTONIC_READS,normal,netem delay 25ms 25ms,ALL,ONE,cassandra3,cassandra3,True,2,2,False
14,5,MONOTONIC_READS,normal,netem delay 25ms 25ms,ALL,ONE,cassandra3,cassandra1,False,2,2,False
15,1,MONOTONIC_READS,normal,netem delay 25ms 25ms,ALL,ONE,cassandra2,cassandra1,False,,2,False
15,2,MONOTONIC_READS,normal,netem delay 25ms 25ms,ALL,ONE,cassandra2,cassandra1,False,2,2,False
15,3,MONOTONIC_READS,normal,netem delay 25ms 25ms,ALL,ONE,cassandra2,cassandra2,True,2,2,False
15,4,MONOTONIC_READS,normal,netem delay 25ms 25ms,ALL,ONE,cassandra2,cassandra1,False,2,2,False
15,5,MONOTONIC_READS,normal,netem delay 25ms 25ms,ALL,ONE,cassandra2,cassandra3,False,2,2,False
16,1,MONOTONIC_READS,normal,netem delay 25ms 25ms,ALL,ONE,cassandra2,cassandra1,False,,2,False
16,2,MONOTONIC_READS,normal,netem delay 25ms 25ms,ALL,ONE,cassandra2,cassandra3,False,2,2,False
16,3,MONOTONIC_READS,normal,netem delay 25ms 25ms,ALL,ONE,cassandra2,cassandra2,True,2,2,False
16,4,MONOTONIC_READS,normal,netem delay 25ms 25ms,ALL,ONE,cassandra2,cassandra1,False,2,2,False
16,5,MONOTONIC_READS,normal,netem delay 25ms 25ms,ALL,ONE,cassandra2,cassandra3,False,2,2,False
17,1,MONOTONIC_READS,normal,netem delay 25ms 25ms,ALL,ONE,cassandra1,cassandra2,False,,2,False
17,2,MONOTONIC_READS,normal,netem delay 25ms 25ms,ALL,ONE,cassandra1,cassandra1,True,2,2,False
17,3,MONOTONIC_READS,normal,netem delay 25ms 25ms,ALL,ONE,cassandra1,cassandra1,True,2,2,False
17,4,MONOTONIC_READS,normal,netem delay 25ms 25ms,ALL,ONE,cassandra1,cassandra3,False,2,2,False
17,5,MONOTONIC_READS,normal,netem delay 25ms 25ms,ALL,ONE,cassandra1,cassandra1,True,2,2,False
18,1,MONOTONIC_READS,normal,netem delay 25ms 25ms,ALL,ONE,cassandra1,cassandra3,False,,2,False
18,2,MONOTONIC_READS,normal,netem delay 25ms 25ms,ALL,ONE,cassandra1,cassandra2,False,2,2,False
18,3,MONOTONIC_READS,normal,netem delay 25ms 25ms,ALL,ONE,cassandra1,cassandra2,False,2,2,False
18,4,MONOTONIC_READS,normal,netem delay 25ms 25ms,ALL,ONE,cassandra1,cassandra2,False,2,2,False
18,5,MONOTONIC_READS,normal,netem delay 25ms 25ms,ALL,ONE,cassandra1,cassandra3,False,2,2,False
19,1,MONOTONIC_READS,normal,netem delay 25ms 25ms,ALL,ONE,cassandra1,cassandra1,True,,2,False
19,2,MONOTONIC_READS,normal,netem delay 25ms 25ms,ALL,ONE,cassandra1,cassandra2,False,2,2,False
19,3,MONOTONIC_READS,normal,netem delay 25ms 25ms,ALL,ONE,cassandra1,cassandra2,False,2,2,False
19,4,MONOTONIC_READS,normal,netem delay 25ms 25ms,ALL,ONE,cassandra1,cassandra2,False,2,2,False
19,5,MONOTONIC_READS,normal,netem delay 25ms 25ms,ALL,ONE,cassandra1,cassandra1,True,2,2,False
20,1,MONOTONIC_READS,normal,netem delay 25ms 25ms,ALL,ONE,cassandra2,cassandra1,False,,2,False
20,2,MONOTONIC_READS,normal,netem delay 25ms 25ms,ALL,ONE,cassandra2,cassandra3,False,2,2,False
20,3,MONOTONIC_READS,normal,netem delay 25ms 25ms,ALL,ONE,cassandra2,cassandra3,False,2,2,False
20,4,MONOTONIC_READS,normal,netem delay 25ms 25ms,ALL,ONE,cassandra2,cassandra1,False,2,2,False
20,5,MONOTONIC_READS,normal,netem delay 25ms 25ms,ALL,ONE,cassandra2,cassandra1,False,2,2,False
21,1,MONOTONIC_READS,normal,netem delay 25ms 25ms,ALL,ONE,cassandra2,cassandra1,False,,2,False
21,2,MONOTONIC_READS,normal,netem delay 25ms 25ms,ALL,ONE,cassandra2,cassandra1,False,2,2,False
21,3,MONOTONIC_READS,normal,netem delay 25ms 25ms,ALL,ONE,cassandra2,cassandra2,True,2,2,False
21,4,MONOTONIC_READS,normal,netem delay 25ms 25ms,ALL,ONE,cassandra2,cassandra3,False,2,2,False
21,5,MONOTONIC_READS,normal,netem delay 25ms 25ms,ALL,ONE,cassandra2,cassandra2,True,2,2,False
22,1,MONOTONIC_READS,normal,netem delay 25ms 25ms,ALL,ONE,cassandra2,cassandra2,True,,2,False
22,2,MONOTONIC_READS,normal,netem delay 25ms 25ms,ALL,ONE,cassandra2,cassandra2,True,2,2,False
22,3,MONOTONIC_READS,normal,netem delay 25ms 25ms,ALL,ONE,cassandra2,cassandra1,False,2,2,False
22,4,MONOTONIC_READS,normal,netem delay 25ms 25ms,ALL,ONE,cassandra2,cassandra1,False,2,2,False
22,5,MONOTONIC_READS,normal,netem delay 25ms 25ms,ALL,ONE,cassandra2,cassandra2,True,2,2,False
23,1,MONOTONIC_READS,normal,netem delay 25ms 25ms,ALL,ONE,cassandra3,cassandra3,True,,2,False
23,2,MONOTONIC_READS,normal,netem delay 25ms 25ms,ALL,ONE,cassandra3,cassandra3,True,2,2,False
23,3,MONOTONIC_READS,normal,netem delay 25ms 25ms,ALL,ONE,cassandra3,cassandra1,False,2,2,False
23,4,MONOTONIC_READS,normal,netem delay 25ms 25ms,ALL,ONE,cassandra3,cassandra2,False,2,2,False
23,5,MONOTONIC_READS,normal,netem delay 25ms 25ms,ALL,ONE,cassandra3,cassandra2,False,2,2,False
24,1,MONOTONIC_READS,normal,netem delay 25ms 25ms,ALL,ONE,cassandra1,cassandra1,True,,2,False
24,2,MONOTONIC_READS,normal,netem delay 25ms 25ms,ALL,ONE,cassandra1,cassandra1,True,2,2,False
24,3,MONOTONIC_READS,normal,netem delay 25ms 25ms,ALL,ONE,cassandra1,cassandra2,False,2,2,False
24,4,MONOTONIC_READS,normal,netem delay 25ms 25ms,ALL,ONE,cassandra1,cassandra1,True,2,2,False
24,5,MONOTONIC_READS,normal,netem delay 25ms 25ms,ALL,ONE,cassandra1,cassandra3,False,2,2,False
25,1,MONOTONIC_READS,normal,netem delay 25ms 25ms,ALL,ONE,cassandra2,cassandra2,True,,2,False
25,2,MONOTONIC_READS,normal,netem delay 25ms 25ms,ALL,ONE,cassandra2,cassandra1,False,2,2,False
25,3,MONOTONIC_READS,normal,netem delay 25ms 25ms,ALL,ONE,cassandra2,cassandra3,False,2,2,False
25,4,MONOTONIC_READS,normal,netem delay 25ms 25ms,ALL,ONE,cassandra2,cassandra2,True,2,2,False
25,5,MONOTONIC_READS,normal,netem delay 25ms 25ms,ALL,ONE,cassandra2,cassandra3,False,2,2,False
26,1,MONOTONIC_READS,normal,netem delay 25ms 25ms,ALL,ONE,cassandra1,cassandra2,False,,2,False
26,2,MONOTONIC_READS,normal,netem delay 25ms 25ms,ALL,ONE,cassandra1,cassandra1,True,2,2,False
26,3,MONOTONIC_READS,normal,netem delay 25ms 25ms,ALL,ONE,cassandra1,cassandra1,True,2,2,False
26,4,MONOTONIC_READS,normal,netem delay 25ms 25ms,ALL,ONE,cassandra1,cassandra2,False,2,2,False
26,5,MONOTONIC_READS,normal,netem delay 25ms 25ms,ALL,ONE,cassandra1,cassandra3,False,2,2,False
27,1,MONOTONIC_READS,normal,netem delay 25ms 25ms,ALL,ONE,cassandra3,cassandra3,True,,2,False
27,2,MONOTONIC_READS,normal,netem delay 25ms 25ms,ALL,ONE,cassandra3,cassandra3,True,2,2,False
27,3,MONOTONIC_READS,normal,netem delay 25ms 25ms,ALL,ONE,cassandra3,cassandra2,False,2,2,False
27,4,MONOTONIC_READS,normal,netem delay 25ms 25ms,ALL,ONE,cassandra3,cassandra3,True,2,2,False
27,5,MONOTONIC_READS,normal,netem delay 25ms 25ms,ALL,ONE,cassandra3,cassandra3,True,2,2,False
28,1,MONOTONIC_READS,normal,netem delay 25ms 25ms,ALL,ONE,cassandra3,cassandra2,False,,2,False
28,2,MONOTONIC_READS,normal,netem delay 25ms 25ms,ALL,ONE,cassandra3,cassandra1,False,2,2,False
28,3,MONOTONIC_READS,normal,netem delay 25ms 25ms,ALL,ONE,cassandra3,cassandra2,False,2,2,False
28,4,MONOTONIC_READS,normal,netem delay 25ms 25ms,ALL,ONE,cassandra3,cassandra2,False,2,2,False
28,5,MONOTONIC_READS,normal,netem delay 25ms 25ms,ALL,ONE,cassandra3,cassandra1,False,2,2,False
29,1,MONOTONIC_READS,normal,netem delay 25ms 25ms,ALL,ONE,cassandra2,cassandra2,True,,2,False
29,2,MONOTONIC_READS,normal,netem delay 25ms 25ms,ALL,ONE,cassandra2,cassandra1,False,2,2,False
29,3,MONOTONIC_READS,normal,netem delay 25ms 25ms,ALL,ONE,cassandra2,cassandra3,False,2,2,False
29,4,MONOTONIC_READS,normal,netem delay 25ms 25ms,ALL,ONE,cassandra2,cassandra3,False,2,2,False
29,5,MONOTONIC_READS,normal,netem delay 25ms 25ms,ALL,ONE,cassandra2,cassandra1,False,2,2,False
30,1,MONOTONIC_READS,normal,netem delay 25ms 25ms,ALL,ONE,cassandra2,cassandra1,False,,2,False
30,2,MONOTONIC_READS,normal,netem delay 25ms 25ms,ALL,ONE,cassandra2,cassandra1,False,2,2,False
30,3,MONOTONIC_READS,normal,netem delay 25ms 25ms,ALL,ONE,cassandra2,cassandra3,False,2,2,False
30,4,MONOTONIC_READS,normal,netem delay 25ms 25ms,ALL,ONE,cassandra2,cassandra2,True,2,2,False
30,5,MONOTONIC_READS,normal,netem delay 25ms 25ms,ALL,ONE,cassandra2,cassandra3,False,2,2,False
31,1,MONOTONIC_READS,normal,netem delay 25ms 25ms,ALL,ONE,cassandra1,cassandra1,True,,2,False
31,2,MONOTONIC_READS,normal,netem delay 25ms 25ms,ALL,ONE,cassandra1,cassandra2,False,2,2,False
31,3,MONOTONIC_READS,normal,netem delay 25ms 25ms,ALL,ONE,cassandra1,cassandra2,False,2,2,False
31,4,MONOTONIC_READS,normal,netem delay 25ms 25ms,ALL,ONE,cassandra1,cassandra3,False,2,2,False
31,5,MONOTONIC_READS,normal,netem delay 25ms 25ms,ALL,ONE,cassandra1,cassandra1,True,2,2,False
32,1,MONOTONIC_READS,normal,netem delay 25ms 25ms,ALL,ONE,cassandra3,cassandra1,False,,2,False
32,2,MONOTONIC_READS,normal,netem delay 25ms 25ms,ALL,ONE,cassandra3,cassandra1,False,2,2,False
32,3,MONOTONIC_READS,normal,netem delay 25ms 25ms,ALL,ONE,cassandra3,cassandra2,False,2,2,False
32,4,MONOTONIC_READS,normal,netem delay 25ms 25ms,ALL,ONE,cassandra3,cassandra3,True,2,2,False
32,5,MONOTONIC_READS,normal,netem delay 25ms 25ms,ALL,ONE,cassandra3,cassandra2,False,2,2,False
33,1,MONOTONIC_READS,normal,netem delay 25ms 25ms,ALL,ONE,cassandra3,cassandra2,False,,2,False
33,2,MONOTONIC_READS,normal,netem delay 25ms 25ms,ALL,ONE,cassandra3,cassandra3,True,2,2,False
33,3,MONOTONIC_READS,normal,netem delay 25ms 25ms,ALL,ONE,cassandra3,cassandra3,True,2,2,False
33,4,MONOTONIC_READS,normal,netem delay 25ms 25ms,ALL,ONE,cassandra3,cassandra2,False,2,2,False
33,5,MONOTONIC_READS,normal,netem delay 25ms 25ms,ALL,ONE,cassandra3,cassandra1,False,2,2,False
34,1,MONOTONIC_READS,normal,netem delay 25ms 25ms,ALL,ONE,cassandra1,cassandra1,True,,2,False
34,2,MONOTONIC_READS,normal,netem delay 25ms 25ms,ALL,ONE,cassandra1,cassandra2,False,2,2,False
34,3,MONOTONIC_READS,normal,netem delay 25ms 25ms,ALL,ONE,cassandra1,cassandra2,False,2,2,False
34,4,MONOTONIC_READS,normal,netem delay 25ms 25ms,ALL,ONE,cassandra1,cassandra3,False,2,2,False
34,5,MONOTONIC_READS,normal,netem delay 25ms 25ms,ALL,ONE,cassandra1,cassandra2,False,2,2,False
35,1,MONOTONIC_READS,normal,netem delay 25ms 25ms,ALL,ONE,cassandra3,cassandra3,True,,2,False
35,2,MONOTONIC_READS,normal,netem delay 25ms 25ms,ALL,ONE,cassandra3,cassandra1,False,2,2,False
35,3,MONOTONIC_READS,normal,netem delay 25ms 25ms,ALL,ONE,cassandra3,cassandra3,True,2,2,False
35,4,MONOTONIC_READS,normal,netem delay 25ms 25ms,ALL,ONE,cassandra3,cassandra2,False,2,2,False
35,5,MONOTONIC_READS,normal,netem delay 25ms 25ms,ALL,ONE,cassandra3,cassandra3,True,2,2,False
36,1,MONOTONIC_READS,normal,netem delay 25ms 25ms,ALL,ONE,cassandra1,cassandra1,True,,2,False
36,2,MONOTONIC_READS,normal,netem delay 25ms 25ms,ALL,ONE,cassandra1,cassandra2,False,2,2,False
36,3,MONOTONIC_READS,normal,netem delay 25ms 25ms,ALL,ONE,cassandra1,cassandra3,False,2,2,False
36,4,MONOTONIC_READS,normal,netem delay 25ms 25ms,ALL,ONE,cassandra1,cassandra1,True,2,2,False
36,5,MONOTONIC_READS,normal,netem delay 25ms 25ms,ALL,ONE,cassandra1,cassandra2,False,2,2,False
37,1,MONOTONIC_READS,normal,netem delay 25ms 25ms,ALL,ONE,cassandra2,cassandra3,False,,2,False
37,2,MONOTONIC_READS,normal,netem delay 25ms 25ms,ALL,ONE,cassandra2,cassandra3,False,2,2,False
37,3,MONOTONIC_READS,normal,netem delay 25ms 25ms,ALL,ONE,cassandra2,cassandra3,False,2,2,False
37,4,MONOTONIC_READS,normal,netem delay 25ms 25ms,ALL,ONE,cassandra2,cassandra1,False,2,2,False
37,5,MONOTONIC_READS,normal,netem delay 25ms 25ms,ALL,ONE,cassandra2,cassandra1,False,2,2,False
38,1,MONOTONIC_READS,normal,netem delay 25ms 25ms,ALL,ONE,cassandra2,cassandra1,False,,2,False
38,2,MONOTONIC_READS,normal,netem delay 25ms 25ms,ALL,ONE,cassandra2,cassandra1,False,2,2,False
38,3,MONOTONIC_READS,normal,netem delay 25ms 25ms,ALL,ONE,cassandra2,cassandra3,False,2,2,False
38,4,MONOTONIC_READS,normal,netem delay 25ms 25ms,ALL,ONE,cassandra2,cassandra3,False,2,2,False
38,5,MONOTONIC_READS,normal,netem delay 25ms 25ms,ALL,ONE,cassandra2,cassandra2,True,2,2,False
39,1,MONOTONIC_READS,normal,netem delay 25ms 25ms,ALL,ONE,cassandra1,cassandra3,False,,2,False
39,2,MONOTONIC_READS,normal,netem delay 25ms 25ms,ALL,ONE,cassandra1,cassandra3,False,2,2,False
39,3,MONOTONIC_READS,normal,netem delay 25ms 25ms,ALL,ONE,cassandra1,cassandra3,False,2,2,False
39,4,MONOTONIC_READS,normal,netem delay 25ms 25ms,ALL,ONE,cassandra1,cassandra1,True,2,2,False
39,5,MONOTONIC_READS,normal,netem delay 25ms 25ms,ALL,ONE,cassandra1,cassandra3,False,2,2,False
40,1,MONOTONIC_READS,normal,netem delay 25ms 25ms,ALL,ONE,cassandra2,cassandra1,False,,2,False
40,2,MONOTONIC_READS,normal,netem delay 25ms 25ms,ALL,ONE,cassandra2,cassandra2,True,2,2,False
40,3,MONOTONIC_READS,normal,netem delay 25ms 25ms,ALL,ONE,cassandra2,cassandra1,False,2,2,False
40,4,MONOTONIC_READS,normal,netem delay 25ms 25ms,ALL,ONE,cassandra2,cassandra1,False,2,2,False
40,5,MONOTONIC_READS,normal,netem delay 25ms 25ms,ALL,ONE,cassandra2,cassandra1,False,2,2,False
41,1,MONOTONIC_READS,normal,netem delay 25ms 25ms,ALL,ONE,cassandra2,cassandra3,False,,2,False
41,2,MONOTONIC_READS,normal,netem delay 25ms 25ms,ALL,ONE,cassandra2,cassandra3,False,2,2,False
41,3,MONOTONIC_READS,normal,netem delay 25ms 25ms,ALL,ONE,cassandra2,cassandra1,False,2,2,False
41,4,MONOTONIC_READS,normal,netem delay 25ms 25ms,ALL,ONE,cassandra2,cassandra1,False,2,2,False
41,5,MONOTONIC_READS,normal,netem delay 25ms 25ms,ALL,ONE,cassandra2,cassandra1,False,2,2,False
42,1,MONOTONIC_READS,normal,netem delay 25ms 25ms,ALL,ONE,cassandra1,cassandra3,False,,2,False
42,2,MONOTONIC_READS,normal,netem delay 25ms 25ms,ALL,ONE,cassandra1,cassandra3,False,2,2,False
42,3,MONOTONIC_READS,normal,netem delay 25ms 25ms,ALL,ONE,cassandra1,cassandra1,True,2,2,False
42,4,MONOTONIC_READS,normal,netem delay 25ms 25ms,ALL,ONE,cassandra1,cassandra2,False,2,2,False
42,5,MONOTONIC_READS,normal,netem delay 25ms 25ms,ALL,ONE,cassandra1,cassandra3,False,2,2,False
43,1,MONOTONIC_READS,normal,netem delay 25ms 25ms,ALL,ONE,cassandra3,cassandra1,False,,2,False
43,2,MONOTONIC_READS,normal,netem delay 25ms 25ms,ALL,ONE,cassandra3,cassandra3,True,2,2,False
43,3,MONOTONIC_READS,normal,netem delay 25ms 25ms,ALL,ONE,cassandra3,cassandra1,False,2,2,False
43,4,MONOTONIC_READS,normal,netem delay 25ms 25ms,ALL,ONE,cassandra3,cassandra3,True,2,2,False
43,5,MONOTONIC_READS,normal,netem delay 25ms 25ms,ALL,ONE,cassandra3,cassandra1,False,2,2,False
44,1,MONOTONIC_READS,normal,netem delay 25ms 25ms,ALL,ONE,cassandra3,cassandra1,False,,2,False
44,2,MONOTONIC_READS,normal,netem delay 25ms 25ms,ALL,ONE,cassandra3,cassandra1,False,2,2,False
44,3,MONOTONIC_READS,normal,netem delay 25ms 25ms,ALL,ONE,cassandra3,cassandra2,False,2,2,False
44,4,MONOTONIC_READS,normal,netem delay 25ms 25ms,ALL,ONE,cassandra3,cassandra3,True,2,2,False
44,5,MONOTONIC_READS,normal,netem delay 25ms 25ms,ALL,ONE,cassandra3,cassandra2,False,2,2,False
45,1,MONOTONIC_READS,normal,netem delay 25ms 25ms,ALL,ONE,cassandra3,cassandra3,True,,2,False
45,2,MONOTONIC_READS,normal,netem delay 25ms 25ms,ALL,ONE,cassandra3,cassandra1,False,2,2,False
45,3,MONOTONIC_READS,normal,netem delay 25ms 25ms,ALL,ONE,cassandra3,cassandra3,True,2,2,False
45,4,MONOTONIC_READS,normal,netem delay 25ms 25ms,ALL,ONE,cassandra3,cassandra3,True,2,2,False
45,5,MONOTONIC_READS,normal,netem delay 25ms 25ms,ALL,ONE,cassandra3,cassandra1,False,2,2,False
46,1,MONOTONIC_READS,normal,netem delay 25ms 25ms,ALL,ONE,cassandra2,cassandra2,True,,2,False
46,2,MONOTONIC_READS,normal,netem delay 25ms 25ms,ALL,ONE,cassandra2,cassandra1,False,2,2,False
46,3,MONOTONIC_READS,normal,netem delay 25ms 25ms,ALL,ONE,cassandra2,cassandra1,False,2,2,False
46,4,MONOTONIC_READS,normal,netem delay 25ms 25ms,ALL,ONE,cassandra2,cassandra3,False,2,2,False
46,5,MONOTONIC_READS,normal,netem delay 25ms 25ms,ALL,ONE,cassandra2,cassandra2,True,2,2,False
47,1,MONOTONIC_READS,normal,netem delay 25ms 25ms,ALL,ONE,cassandra1,cassandra1,True,,2,False
47,2,MONOTONIC_READS,normal,netem delay 25ms 25ms,ALL,ONE,cassandra1,cassandra2,False,2,2,False
47,3,MONOTONIC_READS,normal,netem delay 25ms 25ms,ALL,ONE,cassandra1,cassandra1,True,2,2,False
47,4,MONOTONIC_READS,normal,netem delay 25ms 25ms,ALL,ONE,cassandra1,cassandra2,False,2,2,False
47,5,MONOTONIC_READS,normal,netem delay 25ms 25ms,ALL,ONE,cassandra1,cassandra3,False,2,2,False
48,1,MONOTONIC_READS,normal,netem delay 25ms 25ms,ALL,ONE,cassandra3,cassandra1,False,,2,False
48,2,MONOTONIC_READS,normal,netem delay 25ms 25ms,ALL,ONE,cassandra3,cassandra1,False,2,2,False
48,3,MONOTONIC_READS,normal,netem delay 25ms 25ms,ALL,ONE,cassandra3,cassandra3,True,2,2,False
48,4,MONOTONIC_READS,normal,netem delay 25ms 25ms,ALL,ONE,cassandra3,cassandra3,True,2,2,False
48,5,MONOTONIC_READS,normal,netem delay 25ms 25ms,ALL,ONE,cassandra3,cassandra2,False,2,2,False
49,1,MONOTONIC_READS,normal,netem delay 25ms 25ms,ALL,ONE,cassandra2,cassandra1,False,,2,False
49,2,MONOTONIC_READS,normal,netem delay 25ms 25ms,ALL,ONE,cassandra2,cassandra1,False,2,2,False
49,3,MONOTONIC_READS,normal,netem delay 25ms 25ms,ALL,ONE,cassandra2,cassandra1,False,2,2,False
49,4,MONOTONIC_READS,normal,netem delay 25ms 25ms,ALL,ONE,cassandra2,cassandra3,False,2,2,False
49,5,MONOTONIC_READS,normal,netem delay 25ms 25ms,ALL,ONE,cassandra2,cassandra2,True,2,2,False
50,1,MONOTONIC_READS,normal,netem delay 25ms 25ms,ALL,ONE,cassandra3,cassandra2,False,,2,False
50,2,MONOTONIC_READS,normal,netem delay 25ms 25ms,ALL,ONE,cassandra3,cassandra1,False,2,2,False
50,3,MONOTONIC_READS,normal,netem delay 25ms 25ms,ALL,ONE,cassandra3,cassandra3,True,2,2,False
50,4,MONOTONIC_READS,normal,netem delay 25ms 25ms,ALL,ONE,cassandra3,cassandra2,False,2,2,False
50,5,MONOTONIC_READS,normal,netem delay 25ms 25ms,ALL,ONE,cassandra3,cassandra3,True,2,2,False
51,1,MONOTONIC_READS,normal,netem delay 25ms 25ms,ALL,ONE,cassandra3,cassandra3,True,,2,False
51,2,MONOTONIC_READS,normal,netem delay 25ms 25ms,ALL,ONE,cassandra3,cassandra3,True,2,2,False
51,3,MONOTONIC_READS,normal,netem delay 25ms 25ms,ALL,ONE,cassandra3,cassandra3,True,2,2,False
51,4,MONOTONIC_READS,normal,netem delay 25ms 25ms,ALL,ONE,cassandra3,cassandra3,True,2,2,False
51,5,MONOTONIC_READS,normal,netem delay 25ms 25ms,ALL,ONE,cassandra3,cassandra2,False,2,2,False
52,1,MONOTONIC_READS,normal,netem delay 25ms 25ms,ALL,ONE,cassandra1,cassandra3,False,,2,False
52,2,MONOTONIC_READS,normal,netem delay 25ms 25ms,ALL,ONE,cassandra1,cassandra3,False,2,2,False
52,3,MONOTONIC_READS,normal,netem delay 25ms 25ms,ALL,ONE,cassandra1,cassandra1,True,2,2,False
52,4,MONOTONIC_READS,normal,netem delay 25ms 25ms,ALL,ONE,cassandra1,cassandra3,False,2,2,False
52,5,MONOTONIC_READS,normal,netem delay 25ms 25ms,ALL,ONE,cassandra1,cassandra3,False,2,2,False
53,1,MONOTONIC_READS,normal,netem delay 25ms 25ms,ALL,ONE,cassandra1,cassandra3,False,,2,False
53,2,MONOTONIC_READS,normal,netem delay 25ms 25ms,ALL,ONE,cassandra1,cassandra1,True,2,2,False
53,3,MONOTONIC_READS,normal,netem delay 25ms 25ms,ALL,ONE,cassandra1,cassandra2,False,2,2,False
53,4,MONOTONIC_READS,normal,netem delay 25ms 25ms,ALL,ONE,cassandra1,cassandra3,False,2,2,False
53,5,MONOTONIC_READS,normal,netem delay 25ms 25ms,ALL,ONE,cassandra1,cassandra2,False,2,2,False
54,1,MONOTONIC_READS,normal,netem delay 25ms 25ms,ALL,ONE,cassandra2,cassandra3,False,,2,False
54,2,MONOTONIC_READS,normal,netem delay 25ms 25ms,ALL,ONE,cassandra2,cassandra1,False,2,2,False
54,3,MONOTONIC_READS,normal,netem delay 25ms 25ms,ALL,ONE,cassandra2,cassandra3,False,2,2,False
54,4,MONOTONIC_READS,normal,netem delay 25ms 25ms,ALL,ONE,cassandra2,cassandra3,False,2,2,False
54,5,MONOTONIC_READS,normal,netem delay 25ms 25ms,ALL,ONE,cassandra2,cassandra3,False,2,2,False
55,1,MONOTONIC_READS,normal,netem delay 25ms 25ms,ALL,ONE,cassandra1,cassandra2,False,,2,False
55,2,MONOTONIC_READS,normal,netem delay 25ms 25ms,ALL,ONE,cassandra1,cassandra3,False,2,2,False
55,3,MONOTONIC_READS,normal,netem delay 25ms 25ms,ALL,ONE,cassandra1,cassandra3,False,2,2,False
55,4,MONOTONIC_READS,normal,netem delay 25ms 25ms,ALL,ONE,cassandra1,cassandra3,False,2,2,False
55,5,MONOTONIC_READS,normal,netem delay 25ms 25ms,ALL,ONE,cassandra1,cassandra1,True,2,2,False
56,1,MONOTONIC_READS,normal,netem delay 25ms 25ms,ALL,ONE,cassandra1,cassandra3,False,,2,False
56,2,MONOTONIC_READS,normal,netem delay 25ms 25ms,ALL,ONE,cassandra1,cassandra3,False,2,2,False
56,3,MONOTONIC_READS,normal,netem delay 25ms 25ms,ALL,ONE,cassandra1,cassandra3,False,2,2,False
56,4,MONOTONIC_READS,normal,netem delay 25ms 25ms,ALL,ONE,cassandra1,cassandra3,False,2,2,False
56,5,MONOTONIC_READS,normal,netem delay 25ms 25ms,ALL,ONE,cassandra1,cassandra3,False,2,2,False
57,1,MONOTONIC_READS,normal,netem delay 25ms 25ms,ALL,ONE,cassandra2,cassandra1,False,,2,False
57,2,MONOTONIC_READS,normal,netem delay 25ms 25ms,ALL,ONE,cassandra2,cassandra1,False,2,2,False
57,3,MONOTONIC_READS,normal,netem delay 25ms 25ms,ALL,ONE,cassandra2,cassandra3,False,2,2,False
57,4,MONOTONIC_READS,normal,netem delay 25ms 25ms,ALL,ONE,cassandra2,cassandra1,False,2,2,False
57,5,MONOTONIC_READS,normal,netem delay 25ms 25ms,ALL,ONE,cassandra2,cassandra2,True,2,2,False
58,1,MONOTONIC_READS,normal,netem delay 25ms 25ms,ALL,ONE,cassandra2,cassandra2,True,,2,False
58,2,MONOTONIC_READS,normal,netem delay 25ms 25ms,ALL,ONE,cassandra2,cassandra2,True,2,2,False
58,3,MONOTONIC_READS,normal,netem delay 25ms 25ms,ALL,ONE,cassandra2,cassandra3,False,2,2,False
58,4,MONOTONIC_READS,normal,netem delay 25ms 25ms,ALL,ONE,cassandra2,cassandra3,False,2,2,False
58,5,MONOTONIC_READS,normal,netem delay 25ms 25ms,ALL,ONE,cassandra2,cassandra1,False,2,2,False
59,1,MONOTONIC_READS,normal,netem delay 25ms 25ms,ALL,ONE,cassandra2,cassandra1,False,,2,False
59,2,MONOTONIC_READS,normal,netem delay 25ms 25ms,ALL,ONE,cassandra2,cassandra2,True,2,2,False
59,3,MONOTONIC_READS,normal,netem delay 25ms 25ms,ALL,ONE,cassandra2,cassandra1,False,2,2,False
59,4,MONOTONIC_READS,normal,netem delay 25ms 25ms,ALL,ONE,cassandra2,cassandra3,False,2,2,False
59,5,MONOTONIC_READS,normal,netem delay 25ms 25ms,ALL,ONE,cassandra2,cassandra3,False,2,2,False
60,1,MONOTONIC_READS,normal,netem delay 25ms 25ms,ALL,ONE,cassandra3,cassandra1,False,,2,False
60,2,MONOTONIC_READS,normal,netem delay 25ms 25ms,ALL,ONE,cassandra3,cassandra3,True,2,2,False
60,3,MONOTONIC_READS,normal,netem delay 25ms 25ms,ALL,ONE,cassandra3,cassandra3,True,2,2,False
60,4,MONOTONIC_READS,normal,netem delay 25ms 25ms,ALL,ONE,cassandra3,cassandra2,False,2,2,False
60,5,MONOTONIC_READS,normal,netem delay 25ms 25ms,ALL,ONE,cassandra3,cassandra2,False,2,2,False
61,1,MONOTONIC_READS,normal,netem delay 25ms 25ms,ALL,ONE,cassandra1,cassandra3,False,,2,False
61,2,MONOTONIC_READS,normal,netem delay 25ms 25ms,ALL,ONE,cassandra1,cassandra3,False,2,2,False
61,3,MONOTONIC_READS,normal,netem delay 25ms 25ms,ALL,ONE,cassandra1,cassandra3,False,2,2,False
61,4,MONOTONIC_READS,normal,netem delay 25ms 25ms,ALL,ONE,cassandra1,cassandra3,False,2,2,False
61,5,MONOTONIC_READS,normal,netem delay 25ms 25ms,ALL,ONE,cassandra1,cassandra2,False,2,2,False
62,1,MONOTONIC_READS,normal,netem delay 25ms 25ms,ALL,ONE,cassandra2,cassandra3,False,,2,False
62,2,MONOTONIC_READS,normal,netem delay 25ms 25ms,ALL,ONE,cassandra2,cassandra1,False,2,2,False
62,3,MONOTONIC_READS,normal,netem delay 25ms 25ms,ALL,ONE,cassandra2,cassandra1,False,2,2,False
62,4,MONOTONIC_READS,normal,netem delay 25ms 25ms,ALL,ONE,cassandra2,cassandra1,False,2,2,False
62,5,MONOTONIC_READS,normal,netem delay 25ms 25ms,ALL,ONE,cassandra2,cassandra1,False,2,2,False
63,1,MONOTONIC_READS,normal,netem delay 25ms 25ms,ALL,ONE,cassandra1,cassandra1,True,,2,False
63,2,MONOTONIC_READS,normal,netem delay 25ms 25ms,ALL,ONE,cassandra1,cassandra3,False,2,2,False
63,3,MONOTONIC_READS,normal,netem delay 25ms 25ms,ALL,ONE,cassandra1,cassandra2,False,2,2,False
63,4,MONOTONIC_READS,normal,netem delay 25ms 25ms,ALL,ONE,cassandra1,cassandra3,False,2,2,False
63,5,MONOTONIC_READS,normal,netem delay 25ms 25ms,ALL,ONE,cassandra1,cassandra1,True,2,2,False
64,1,MONOTONIC_READS,normal,netem delay 25ms 25ms,ALL,ONE,cassandra1,cassandra1,True,,2,False
64,2,MONOTONIC_READS,normal,netem delay 25ms 25ms,ALL,ONE,cassandra1,cassandra1,True,2,2,False
64,3,MONOTONIC_READS,normal,netem delay 25ms 25ms,ALL,ONE,cassandra1,cassandra1,True,2,2,False
64,4,MONOTONIC_READS,normal,netem delay 25ms 25ms,ALL,ONE,cassandra1,cassandra3,False,2,2,False
64,5,MONOTONIC_READS,normal,netem delay 25ms 25ms,ALL,ONE,cassandra1,cassandra1,True,2,2,False
65,1,MONOTONIC_READS,normal,netem delay 25ms 25ms,ALL,ONE,cassandra2,cassandra2,True,,2,False
65,2,MONOTONIC_READS,normal,netem delay 25ms 25ms,ALL,ONE,cassandra2,cassandra2,True,2,2,False
65,3,MONOTONIC_READS,normal,netem delay 25ms 25ms,ALL,ONE,cassandra2,cassandra3,False,2,2,False
65,4,MONOTONIC_READS,normal,netem delay 25ms 25ms,ALL,ONE,cassandra2,cassandra1,False,2,2,False
65,5,MONOTONIC_READS,normal,netem delay 25ms 25ms,ALL,ONE,cassandra2,cassandra2,True,2,2,False
66,1,MONOTONIC_READS,normal,netem delay 25ms 25ms,ALL,ONE,cassandra2,cassandra1,False,,2,False
66,2,MONOTONIC_READS,normal,netem delay 25ms 25ms,ALL,ONE,cassandra2,cassandra3,False,2,2,False
66,3,MONOTONIC_READS,normal,netem delay 25ms 25ms,ALL,ONE,cassandra2,cassandra3,False,2,2,False
66,4,MONOTONIC_READS,normal,netem delay 25ms 25ms,ALL,ONE,cassandra2,cassandra1,False,2,2,False
66,5,MONOTONIC_READS,normal,netem delay 25ms 25ms,ALL,ONE,cassandra2,cassandra1,False,2,2,False
67,1,MONOTONIC_READS,normal,netem delay 25ms 25ms,ALL,ONE,cassandra2,cassandra1,False,,2,False
67,2,MONOTONIC_READS,normal,netem delay 25ms 25ms,ALL,ONE,cassandra2,cassandra3,False,2,2,False
67,3,MONOTONIC_READS,normal,netem delay 25ms 25ms,ALL,ONE,cassandra2,cassandra3,False,2,2,False
67,4,MONOTONIC_READS,normal,netem delay 25ms 25ms,ALL,ONE,cassandra2,cassandra2,True,2,2,False
67,5,MONOTONIC_READS,normal,netem delay 25ms 25ms,ALL,ONE,cassandra2,cassandra3,False,2,2,False
68,1,MONOTONIC_READS,normal,netem delay 25ms 25ms,ALL,ONE,cassandra1,cassandra2,False,,2,False
68,2,MONOTONIC_READS,normal,netem delay 25ms 25ms,ALL,ONE,cassandra1,cassandra3,False,2,2,False
68,3,MONOTONIC_READS,normal,netem delay 25ms 25ms,ALL,ONE,cassandra1,cassandra2,False,2,2,False
68,4,MONOTONIC_READS,normal,netem delay 25ms 25ms,ALL,ONE,cassandra1,cassandra2,False,2,2,False
68,5,MONOTONIC_READS,normal,netem delay 25ms 25ms,ALL,ONE,cassandra1,cassandra1,True,2,2,False
69,1,MONOTONIC_READS,normal,netem delay 25ms 25ms,ALL,ONE,cassandra3,cassandra1,False,,2,False
69,2,MONOTONIC_READS,normal,netem delay 25ms 25ms,ALL,ONE,cassandra3,cassandra2,False,2,2,False
69,3,MONOTONIC_READS,normal,netem delay 25ms 25ms,ALL,ONE,cassandra3,cassandra1,False,2,2,False
69,4,MONOTONIC_READS,normal,netem delay 25ms 25ms,ALL,ONE,cassandra3,cassandra2,False,2,2,False
69,5,MONOTONIC_READS,normal,netem delay 25ms 25ms,ALL,ONE,cassandra3,cassandra2,False,2,2,False
70,1,MONOTONIC_READS,normal,netem delay 25ms 25ms,ALL,ONE,cassandra3,cassandra1,False,,2,False
70,2,MONOTONIC_READS,normal,netem delay 25ms 25ms,ALL,ONE,cassandra3,cassandra3,True,2,2,False
70,3,MONOTONIC_READS,normal,netem delay 25ms 25ms,ALL,ONE,cassandra3,cassandra3,True,2,2,False
70,4,MONOTONIC_READS,normal,netem delay 25ms 25ms,ALL,ONE,cassandra3,cassandra1,False,2,2,False
70,5,MONOTONIC_READS,normal,netem delay 25ms 25ms,ALL,ONE,cassandra3,cassandra3,True,2,2,False
71,1,MONOTONIC_READS,normal,netem delay 25ms 25ms,ALL,ONE,cassandra1,cassandra1,True,,2,False
71,2,MONOTONIC_READS,normal,netem delay 25ms 25ms,ALL,ONE,cassandra1,cassandra1,True,2,2,False
71,3,MONOTONIC_READS,normal,netem delay 25ms 25ms,ALL,ONE,cassandra1,cassandra3,False,2,2,False
71,4,MONOTONIC_READS,normal,netem delay 25ms 25ms,ALL,ONE,cassandra1,cassandra3,False,2,2,False
71,5,MONOTONIC_READS,normal,netem delay 25ms 25ms,ALL,ONE,cassandra1,cassandra3,False,2,2,False
72,1,MONOTONIC_READS,normal,netem delay 25ms 25ms,ALL,ONE,cassandra3,cassandra2,False,,2,False
72,2,MONOTONIC_READS,normal,netem delay 25ms 25ms,ALL,ONE,cassandra3,cassandra3,True,2,2,False
72,3,MONOTONIC_READS,normal,netem delay 25ms 25ms,ALL,ONE,cassandra3,cassandra2,False,2,2,False
72,4,MONOTONIC_READS,normal,netem delay 25ms 25ms,ALL,ONE,cassandra3,cassandra2,False,2,2,False
72,5,MONOTONIC_READS,normal,netem delay 25ms 25ms,ALL,ONE,cassandra3,cassandra3,True,2,2,False
73,1,MONOTONIC_READS,normal,netem delay 25ms 25ms,ALL,ONE,cassandra1,cassandra3,False,,2,False
73,2,MONOTONIC_READS,normal,netem delay 25ms 25ms,ALL,ONE,cassandra1,cassandra3,False,2,2,False
73,3,MONOTONIC_READS,normal,netem delay 25ms 25ms,ALL,ONE,cassandra1,cassandra3,False,2,2,False
73,4,MONOTONIC_READS,normal,netem delay 25ms 25ms,ALL,ONE,cassandra1,cassandra1,True,2,2,False
73,5,MONOTONIC_READS,normal,netem delay 25ms 25ms,ALL,ONE,cassandra1,cassandra1,True,2,2,False
74,1,MONOTONIC_READS,normal,netem delay 25ms 25ms,ALL,ONE,cassandra2,cassandra3,False,,2,False
74,2,MONOTONIC_READS,normal,netem delay 25ms 25ms,ALL,ONE,cassandra2,cassandra2,True,2,2,False
74,3,MONOTONIC_READS,normal,netem delay 25ms 25ms,ALL,ONE,cassandra2,cassandra2,True,2,2,False
74,4,MONOTONIC_READS,normal,netem delay 25ms 25ms,ALL,ONE,cassandra2,cassandra3,False,2,2,False
74,5,MONOTONIC_READS,normal,netem delay 25ms 25ms,ALL,ONE,cassandra2,cassandra1,False,2,2,False
75,1,MONOTONIC_READS,normal,netem delay 25ms 25ms,ALL,ONE,cassandra3,cassandra1,False,,2,False
75,2,MONOTONIC_READS,normal,netem delay 25ms 25ms,ALL,ONE,cassandra3,cassandra1,False,2,2,False
75,3,MONOTONIC_READS,normal,netem delay 25ms 25ms,ALL,ONE,cassandra3,cassandra2,False,2,2,False
75,4,MONOTONIC_READS,normal,netem delay 25ms 25ms,ALL,ONE,cassandra3,cassandra1,False,2,2,False
75,5,MONOTONIC_READS,normal,netem delay 25ms 25ms,ALL,ONE,cassandra3,cassandra3,True,2,2,False
76,1,MONOTONIC_READS,normal,netem delay 25ms 25ms,ALL,ONE,cassandra1,cassandra3,False,,2,False
76,2,MONOTONIC_READS,normal,netem delay 25ms 25ms,ALL,ONE,cassandra1,cassandra1,True,2,2,False
76,3,MONOTONIC_READS,normal,netem delay 25ms 25ms,ALL,ONE,cassandra1,cassandra1,True,2,2,False
76,4,MONOTONIC_READS,normal,netem delay 25ms 25ms,ALL,ONE,cassandra1,cassandra1,True,2,2,False
76,5,MONOTONIC_READS,normal,netem delay 25ms 25ms,ALL,ONE,cassandra1,cassandra3,False,2,2,False
77,1,MONOTONIC_READS,normal,netem delay 25ms 25ms,ALL,ONE,cassandra3,cassandra2,False,,2,False
77,2,MONOTONIC_READS,normal,netem delay 25ms 25ms,ALL,ONE,cassandra3,cassandra3,True,2,2,False
77,3,MONOTONIC_READS,normal,netem delay 25ms 25ms,ALL,ONE,cassandra3,cassandra1,False,2,2,False
77,4,MONOTONIC_READS,normal,netem delay 25ms 25ms,ALL,ONE,cassandra3,cassandra1,False,2,2,False
77,5,MONOTONIC_READS,normal,netem delay 25ms 25ms,ALL,ONE,cassandra3,cassandra1,False,2,2,False
78,1,MONOTONIC_READS,normal,netem delay 25ms 25ms,ALL,ONE,cassandra3,cassandra2,False,,2,False
78,2,MONOTONIC_READS,normal,netem delay 25ms 25ms,ALL,ONE,cassandra3,cassandra2,False,2,2,False
78,3,MONOTONIC_READS,normal,netem delay 25ms 25ms,ALL,ONE,cassandra3,cassandra3,True,2,2,False
78,4,MONOTONIC_READS,normal,netem delay 25ms 25ms,ALL,ONE,cassandra3,cassandra3,True,2,2,False
78,5,MONOTONIC_READS,normal,netem delay 25ms 25ms,ALL,ONE,cassandra3,cassandra1,False,2,2,False
79,1,MONOTONIC_READS,normal,netem delay 25ms 25ms,ALL,ONE,cassandra3,cassandra1,False,,2,False
79,2,MONOTONIC_READS,normal,netem delay 25ms 25ms,ALL,ONE,cassandra3,cassandra2,False,2,2,False
79,3,MONOTONIC_READS,normal,netem delay 25ms 25ms,ALL,ONE,cassandra3,cassandra2,False,2,2,False
79,4,MONOTONIC_READS,normal,netem delay 25ms 25ms,ALL,ONE,cassandra3,cassandra3,True,2,2,False
79,5,MONOTONIC_READS,normal,netem delay 25ms 25ms,ALL,ONE,cassandra3,cassandra2,False,2,2,False
80,1,MONOTONIC_READS,normal,netem delay 25ms 25ms,ALL,ONE,cassandra2,cassandra2,True,,2,False
80,2,MONOTONIC_READS,normal,netem delay 25ms 25ms,ALL,ONE,cassandra2,cassandra3,False,2,2,False
80,3,MONOTONIC_READS,normal,netem delay 25ms 25ms,ALL,ONE,cassandra2,cassandra1,False,2,2,False
80,4,MONOTONIC_READS,normal,netem delay 25ms 25ms,ALL,ONE,cassandra2,cassandra1,False,2,2,False
80,5,MONOTONIC_READS,normal,netem delay 25ms 25ms,ALL,ONE,cassandra2,cassandra2,True,2,2,False
81,1,MONOTONIC_READS,normal,netem delay 25ms 25ms,ALL,ONE,cassandra1,cassandra2,False,,2,False
81,2,MONOTONIC_READS,normal,netem delay 25ms 25ms,ALL,ONE,cassandra1,cassandra1,True,2,2,False
81,3,MONOTONIC_READS,normal,netem delay 25ms 25ms,ALL,ONE,cassandra1,cassandra3,False,2,2,False
81,4,MONOTONIC_READS,normal,netem delay 25ms 25ms,ALL,ONE,cassandra1,cassandra3,False,2,2,False
81,5,MONOTONIC_READS,normal,netem delay 25ms 25ms,ALL,ONE,cassandra1,cassandra1,True,2,2,False
82,1,MONOTONIC_READS,normal,netem delay 25ms 25ms,ALL,ONE,cassandra2,cassandra1,False,,2,False
82,2,MONOTONIC_READS,normal,netem delay 25ms 25ms,ALL,ONE,cassandra2,cassandra3,False,2,2,False
82,3,MONOTONIC_READS,normal,netem delay 25ms 25ms,ALL,ONE,cassandra2,cassandra1,False,2,2,False
82,4,MONOTONIC_READS,normal,netem delay 25ms 25ms,ALL,ONE,cassandra2,cassandra3,False,2,2,False
82,5,MONOTONIC_READS,normal,netem delay 25ms 25ms,ALL,ONE,cassandra2,cassandra3,False,2,2,False
83,1,MONOTONIC_READS,normal,netem delay 25ms 25ms,ALL,ONE,cassandra2,cassandra1,False,,2,False
83,2,MONOTONIC_READS,normal,netem delay 25ms 25ms,ALL,ONE,cassandra2,cassandra2,True,2,2,False
83,3,MONOTONIC_READS,normal,netem delay 25ms 25ms,ALL,ONE,cassandra2,cassandra2,True,2,2,False
83,4,MONOTONIC_READS,normal,netem delay 25ms 25ms,ALL,ONE,cassandra2,cassandra2,True,2,2,False
83,5,MONOTONIC_READS,normal,netem delay 25ms 25ms,ALL,ONE,cassandra2,cassandra2,True,2,2,False
84,1,MONOTONIC_READS,normal,netem delay 25ms 25ms,ALL,ONE,cassandra1,cassandra2,False,,2,False
84,2,MONOTONIC_READS,normal,netem delay 25ms 25ms,ALL,ONE,cassandra1,cassandra1,True,2,2,False
84,3,MONOTONIC_READS,normal,netem delay 25ms 25ms,ALL,ONE,cassandra1,cassandra3,False,2,2,False
84,4,MONOTONIC_READS,normal,netem delay 25ms 25ms,ALL,ONE,cassandra1,cassandra2,False,2,2,False
84,5,MONOTONIC_READS,normal,netem delay 25ms 25ms,ALL,ONE,cassandra1,cassandra1,True,2,2,False
85,1,MONOTONIC_READS,normal,netem delay 25ms 25ms,ALL,ONE,cassandra2,cassandra1,False,,2,False
85,2,MONOTONIC_READS,normal,netem delay 25ms 25ms,ALL,ONE,cassandra2,cassandra2,True,2,2,False
85,3,MONOTONIC_READS,normal,netem delay 25ms 25ms,ALL,ONE,cassandra2,cassandra3,False,2,2,False
85,4,MONOTONIC_READS,normal,netem delay 25ms 25ms,ALL,ONE,cassandra2,cassandra3,False,2,2,False
85,5,MONOTONIC_READS,normal,netem delay 25ms 25ms,ALL,ONE,cassandra2,cassandra3,False,2,2,False
86,1,MONOTONIC_READS,normal,netem delay 25ms 25ms,ALL,ONE,cassandra2,cassandra2,True,,2,False
86,2,MONOTONIC_READS,normal,netem delay 25ms 25ms,ALL,ONE,cassandra2,cassandra1,False,2,2,False
86,3,MONOTONIC_READS,normal,netem delay 25ms 25ms,ALL,ONE,cassandra2,cassandra3,False,2,2,False
86,4,MONOTONIC_READS,normal,netem delay 25ms 25ms,ALL,ONE,cassandra2,cassandra1,False,2,2,False
86,5,MONOTONIC_READS,normal,netem delay 25ms 25ms,ALL,ONE,cassandra2,cassandra1,False,2,2,False
87,1,MONOTONIC_READS,normal,netem delay 25ms 25ms,ALL,ONE,cassandra1,cassandra1,True,,2,False
87,2,MONOTONIC_READS,normal,netem delay 25ms 25ms,ALL,ONE,cassandra1,cassandra3,False,2,2,False
87,3,MONOTONIC_READS,normal,netem delay 25ms 25ms,ALL,ONE,cassandra1,cassandra2,False,2,2,False
87,4,MONOTONIC_READS,normal,netem delay 25ms 25ms,ALL,ONE,cassandra1,cassandra1,True,2,2,False
87,5,MONOTONIC_READS,normal,netem delay 25ms 25ms,ALL,ONE,cassandra1,cassandra3,False,2,2,False
88,1,MONOTONIC_READS,normal,netem delay 25ms 25ms,ALL,ONE,cassandra1,cassandra1,True,,2,False
88,2,MONOTONIC_READS,normal,netem delay 25ms 25ms,ALL,ONE,cassandra1,cassandra2,False,2,2,False
88,3,MONOTONIC_READS,normal,netem delay 25ms 25ms,ALL,ONE,cassandra1,cassandra1,True,2,2,False
88,4,MONOTONIC_READS,normal,netem delay 25ms 25ms,ALL,ONE,cassandra1,cassandra3,False,2,2,False
88,5,MONOTONIC_READS,normal,netem delay 25ms 25ms,ALL,ONE,cassandra1,cassandra1,True,2,2,False
89,1,MONOTONIC_READS,normal,netem delay 25ms 25ms,ALL,ONE,cassandra3,cassandra1,False,,2,False
89,2,MONOTONIC_READS,normal,netem delay 25ms 25ms,ALL,ONE,cassandra3,cassandra3,True,2,2,False
89,3,MONOTONIC_READS,normal,netem delay 25ms 25ms,ALL,ONE,cassandra3,cassandra2,False,2,2,False
89,4,MONOTONIC_READS,normal,netem delay 25ms 25ms,ALL,ONE,cassandra3,cassandra3,True,2,2,False
89,5,MONOTONIC_READS,normal,netem delay 25ms 25ms,ALL,ONE,cassandra3,cassandra1,False,2,2,False
90,1,MONOTONIC_READS,normal,netem delay 25ms 25ms,ALL,ONE,cassandra1,cassandra3,False,,2,False
90,2,MONOTONIC_READS,normal,netem delay 25ms 25ms,ALL,ONE,cassandra1,cassandra1,True,2,2,False
90,3,MONOTONIC_READS,normal,netem delay 25ms 25ms,ALL,ONE,cassandra1,cassandra1,True,2,2,False
90,4,MONOTONIC_READS,normal,netem delay 25ms 25ms,ALL,ONE,cassandra1,cassandra1,True,2,2,False
90,5,MONOTONIC_READS,normal,netem delay 25ms 25ms,ALL,ONE,cassandra1,cassandra1,True,2,2,False
91,1,MONOTONIC_READS,normal,netem delay 25ms 25ms,ALL,ONE,cassandra2,cassandra2,True,,2,False
91,2,MONOTONIC_READS,normal,netem delay 25ms 25ms,ALL,ONE,cassandra2,cassandra1,False,2,2,False
91,3,MONOTONIC_READS,normal,netem delay 25ms 25ms,ALL,ONE,cassandra2,cassandra3,False,2,2,False
91,4,MONOTONIC_READS,normal,netem delay 25ms 25ms,ALL,ONE,cassandra2,cassandra1,False,2,2,False
91,5,MONOTONIC_READS,normal,netem delay 25ms 25ms,ALL,ONE,cassandra2,cassandra2,True,2,2,False
92,1,MONOTONIC_READS,normal,netem delay 25ms 25ms,ALL,ONE,cassandra2,cassandra1,False,,2,False
92,2,MONOTONIC_READS,normal,netem delay 25ms 25ms,ALL,ONE,cassandra2,cassandra3,False,2,2,False
92,3,MONOTONIC_READS,normal,netem delay 25ms 25ms,ALL,ONE,cassandra2,cassandra3,False,2,2,False
92,4,MONOTONIC_READS,normal,netem delay 25ms 25ms,ALL,ONE,cassandra2,cassandra3,False,2,2,False
92,5,MONOTONIC_READS,normal,netem delay 25ms 25ms,ALL,ONE,cassandra2,cassandra2,True,2,2,False
93,1,MONOTONIC_READS,normal,netem delay 25ms 25ms,ALL,ONE,cassandra3,cassandra3,True,,2,False
93,2,MONOTONIC_READS,normal,netem delay 25ms 25ms,ALL,ONE,cassandra3,cassandra2,False,2,2,False
93,3,MONOTONIC_READS,normal,netem delay 25ms 25ms,ALL,ONE,cassandra3,cassandra1,False,2,2,False
93,4,MONOTONIC_READS,normal,netem delay 25ms 25ms,ALL,ONE,cassandra3,cassandra3,True,2,2,False
93,5,MONOTONIC_READS,normal,netem delay 25ms 25ms,ALL,ONE,cassandra3,cassandra2,False,2,2,False
94,1,MONOTONIC_READS,normal,netem delay 25ms 25ms,ALL,ONE,cassandra2,cassandra1,False,,2,False
94,2,MONOTONIC_READS,normal,netem delay 25ms 25ms,ALL,ONE,cassandra2,cassandra2,True,2,2,False
94,3,MONOTONIC_READS,normal,netem delay 25ms 25ms,ALL,ONE,cassandra2,cassandra1,False,2,2,False
94,4,MONOTONIC_READS,normal,netem delay 25ms 25ms,ALL,ONE,cassandra2,cassandra1,False,2,2,False
94,5,MONOTONIC_READS,normal,netem delay 25ms 25ms,ALL,ONE,cassandra2,cassandra2,True,2,2,False
95,1,MONOTONIC_READS,normal,netem delay 25ms 25ms,ALL,ONE,cassandra2,cassandra3,False,,2,False
95,2,MONOTONIC_READS,normal,netem delay 25ms 25ms,ALL,ONE,cassandra2,cassandra2,True,2,2,False
95,3,MONOTONIC_READS,normal,netem delay 25ms 25ms,ALL,ONE,cassandra2,cassandra1,False,2,2,False
95,4,MONOTONIC_READS,normal,netem delay 25ms 25ms,ALL,ONE,cassandra2,cassandra2,True,2,2,False
95,5,MONOTONIC_READS,normal,netem delay 25ms 25ms,ALL,ONE,cassandra2,cassandra2,True,2,2,False
96,1,MONOTONIC_READS,normal,netem delay 25ms 25ms,ALL,ONE,cassandra3,cassandra1,False,,2,False
96,2,MONOTONIC_READS,normal,netem delay 25ms 25ms,ALL,ONE,cassandra3,cassandra1,False,2,2,False
96,3,MONOTONIC_READS,normal,netem delay 25ms 25ms,ALL,ONE,cassandra3,cassandra2,False,2,2,False
96,4,MONOTONIC_READS,normal,netem delay 25ms 25ms,ALL,ONE,cassandra3,cassandra1,False,2,2,False
96,5,MONOTONIC_READS,normal,netem delay 25ms 25ms,ALL,ONE,cassandra3,cassandra2,False,2,2,False
97,1,MONOTONIC_READS,normal,netem delay 25ms 25ms,ALL,ONE,cassandra3,cassandra2,False,,2,False
97,2,MONOTONIC_READS,normal,netem delay 25ms 25ms,ALL,ONE,cassandra3,cassandra1,False,2,2,False
97,3,MONOTONIC_READS,normal,netem delay 25ms 25ms,ALL,ONE,cassandra3,cassandra2,False,2,2,False
97,4,MONOTONIC_READS,normal,netem delay 25ms 25ms,ALL,ONE,cassandra3,cassandra3,True,2,2,False
97,5,MONOTONIC_READS,normal,netem delay 25ms 25ms,ALL,ONE,cassandra3,cassandra2,False,2,2,False
98,1,MONOTONIC_READS,normal,netem delay 25ms 25ms,ALL,ONE,cassandra1,cassandra2,False,,2,False
98,2,MONOTONIC_READS,normal,netem delay 25ms 25ms,ALL,ONE,cassandra1,cassandra3,False,2,2,False
98,3,MONOTONIC_READS,normal,netem delay 25ms 25ms,ALL,ONE,cassandra1,cassandra1,True,2,2,False
98,4,MONOTONIC_READS,normal,netem delay 25ms 25ms,ALL,ONE,cassandra1,cassandra2,False,2,2,False
98,5,MONOTONIC_READS,normal,netem delay 25ms 25ms,ALL,ONE,cassandra1,cassandra1,True,2,2,False
99,1,MONOTONIC_READS,normal,netem delay 25ms 25ms,ALL,ONE,cassandra3,cassandra2,False,,2,False
99,2,MONOTONIC_READS,normal,netem delay 25ms 25ms,ALL,ONE,cassandra3,cassandra3,True,2,2,False
99,3,MONOTONIC_READS,normal,netem delay 25ms 25ms,ALL,ONE,cassandra3,cassandra1,False,2,2,False
99,4,MONOTONIC_READS,normal,netem delay 25ms 25ms,ALL,ONE,cassandra3,cassandra2,False,2,2,False
99,5,MONOTONIC_READS,normal,netem delay 25ms 25ms,ALL,ONE,cassandra3,cassandra3,True,2,2,False
100,1,MONOTONIC_READS,normal,netem delay 25ms 25ms,ALL,ONE,cassandra2,cassandra3,False,,2,False
100,2,MONOTONIC_READS,normal,netem delay 25ms 25ms,ALL,ONE,cassandra2,cassandra1,False,2,2,False
100,3,MONOTONIC_READS,normal,netem delay 25ms 25ms,ALL,ONE,cassandra2,cassandra2,True,2,2,False
100,4,MONOTONIC_READS,normal,netem delay 25ms 25ms,ALL,ONE,cassandra2,cassandra1,False,2,2,False
100,5,MONOTONIC_READS,normal,netem delay 25ms 25ms,ALL,ONE,cassandra2,cassandra1,False,2,2,False
101,1,MONOTONIC_READS,normal,netem delay 25ms 25ms,ALL,ONE,cassandra3,cassandra2,False,,2,False
101,2,MONOTONIC_READS,normal,netem delay 25ms 25ms,ALL,ONE,cassandra3,cassandra1,False,2,2,False
101,3,MONOTONIC_READS,normal,netem delay 25ms 25ms,ALL,ONE,cassandra3,cassandra3,True,2,2,False
101,4,MONOTONIC_READS,normal,netem delay 25ms 25ms,ALL,ONE,cassandra3,cassandra2,False,2,2,False
101,5,MONOTONIC_READS,normal,netem delay 25ms 25ms,ALL,ONE,cassandra3,cassandra2,False,2,2,False
102,1,MONOTONIC_READS,normal,netem delay 25ms 25ms,ALL,ONE,cassandra3,cassandra1,False,,2,False
102,2,MONOTONIC_READS,normal,netem delay 25ms 25ms,ALL,ONE,cassandra3,cassandra3,True,2,2,False
102,3,MONOTONIC_READS,normal,netem delay 25ms 25ms,ALL,ONE,cassandra3,cassandra3,True,2,2,False
102,4,MONOTONIC_READS,normal,netem delay 25ms 25ms,ALL,ONE,cassandra3,cassandra3,True,2,2,False
102,5,MONOTONIC_READS,normal,netem delay 25ms 25ms,ALL,ONE,cassandra3,cassandra1,False,2,2,False
103,1,MONOTONIC_READS,normal,netem delay 25ms 25ms,ALL,ONE,cassandra1,cassandra3,False,,2,False
103,2,MONOTONIC_READS,normal,netem delay 25ms 25ms,ALL,ONE,cassandra1,cassandra1,True,2,2,False
103,3,MONOTONIC_READS,normal,netem delay 25ms 25ms,ALL,ONE,cassandra1,cassandra1,True,2,2,False
103,4,MONOTONIC_READS,normal,netem delay 25ms 25ms,ALL,ONE,cassandra1,cassandra2,False,2,2,False
103,5,MONOTONIC_READS,normal,netem delay 25ms 25ms,ALL,ONE,cassandra1,cassandra3,False,2,2,False
104,1,MONOTONIC_READS,normal,netem delay 25ms 25ms,ALL,ONE,cassandra3,cassandra2,False,,2,False
104,2,MONOTONIC_READS,normal,netem delay 25ms 25ms,ALL,ONE,cassandra3,cassandra2,False,2,2,False
104,3,MONOTONIC_READS,normal,netem delay 25ms 25ms,ALL,ONE,cassandra3,cassandra2,False,2,2,False
104,4,MONOTONIC_READS,normal,netem delay 25ms 25ms,ALL,ONE,cassandra3,cassandra3,True,2,2,False
104,5,MONOTONIC_READS,normal,netem delay 25ms 25ms,ALL,ONE,cassandra3,cassandra1,False,2,2,False
105,1,MONOTONIC_READS,normal,netem delay 25ms 25ms,ALL,ONE,cassandra2,cassandra2,True,,2,False
105,2,MONOTONIC_READS,normal,netem delay 25ms 25ms,ALL,ONE,cassandra2,cassandra3,False,2,2,False
105,3,MONOTONIC_READS,normal,netem delay 25ms 25ms,ALL,ONE,cassandra2,cassandra1,False,2,2,False
105,4,MONOTONIC_READS,normal,netem delay 25ms 25ms,ALL,ONE,cassandra2,cassandra2,True,2,2,False
105,5,MONOTONIC_READS,normal,netem delay 25ms 25ms,ALL,ONE,cassandra2,cassandra2,True,2,2,False
106,1,MONOTONIC_READS,normal,netem delay 25ms 25ms,ALL,ONE,cassandra2,cassandra2,True,,2,False
106,2,MONOTONIC_READS,normal,netem delay 25ms 25ms,ALL,ONE,cassandra2,cassandra2,True,2,2,False
106,3,MONOTONIC_READS,normal,netem delay 25ms 25ms,ALL,ONE,cassandra2,cassandra1,False,2,2,False
106,4,MONOTONIC_READS,normal,netem delay 25ms 25ms,ALL,ONE,cassandra2,cassandra3,False,2,2,False
106,5,MONOTONIC_READS,normal,netem delay 25ms 25ms,ALL,ONE,cassandra2,cassandra1,False,2,2,False
107,1,MONOTONIC_READS,normal,netem delay 25ms 25ms,ALL,ONE,cassandra1,cassandra1,True,,2,False
107,2,MONOTONIC_READS,normal,netem delay 25ms 25ms,ALL,ONE,cassandra1,cassandra3,False,2,2,False
107,3,MONOTONIC_READS,normal,netem delay 25ms 25ms,ALL,ONE,cassandra1,cassandra1,True,2,2,False
107,4,MONOTONIC_READS,normal,netem delay 25ms 25ms,ALL,ONE,cassandra1,cassandra1,True,2,2,False
107,5,MONOTONIC_READS,normal,netem delay 25ms 25ms,ALL,ONE,cassandra1,cassandra1,True,2,2,False
108,1,MONOTONIC_READS,normal,netem delay 25ms 25ms,ALL,ONE,cassandra2,cassandra1,False,,2,False
108,2,MONOTONIC_READS,normal,netem delay 25ms 25ms,ALL,ONE,cassandra2,cassandra1,False,2,2,False
108,3,MONOTONIC_READS,normal,netem delay 25ms 25ms,ALL,ONE,cassandra2,cassandra1,False,2,2,False
108,4,MONOTONIC_READS,normal,netem delay 25ms 25ms,ALL,ONE,cassandra2,cassandra2,True,2,2,False
108,5,MONOTONIC_READS,normal,netem delay 25ms 25ms,ALL,ONE,cassandra2,cassandra3,False,2,2,False
109,1,MONOTONIC_READS,normal,netem delay 25ms 25ms,ALL,ONE,cassandra1,cassandra1,True,,2,False
109,2,MONOTONIC_READS,normal,netem delay 25ms 25ms,ALL,ONE,cassandra1,cassandra2,False,2,2,False
109,3,MONOTONIC_READS,normal,netem delay 25ms 25ms,ALL,ONE,cassandra1,cassandra3,False,2,2,False
109,4,MONOTONIC_READS,normal,netem delay 25ms 25ms,ALL,ONE,cassandra1,cassandra3,False,2,2,False
109,5,MONOTONIC_READS,normal,netem delay 25ms 25ms,ALL,ONE,cassandra1,cassandra1,True,2,2,False
110,1,MONOTONIC_READS,normal,netem delay 25ms 25ms,ALL,ONE,cassandra1,cassandra3,False,,2,False
110,2,MONOTONIC_READS,normal,netem delay 25ms 25ms,ALL,ONE,cassandra1,cassandra1,True,2,2,False
110,3,MONOTONIC_READS,normal,netem delay 25ms 25ms,ALL,ONE,cassandra1,cassandra2,False,2,2,False
110,4,MONOTONIC_READS,normal,netem delay 25ms 25ms,ALL,ONE,cassandra1,cassandra2,False,2,2,False
110,5,MONOTONIC_READS,normal,netem delay 25ms 25ms,ALL,ONE,cassandra1,cassandra2,False,2,2,False
111,1,MONOTONIC_READS,normal,netem delay 25ms 25ms,ALL,ONE,cassandra3,cassandra1,False,,2,False
111,2,MONOTONIC_READS,normal,netem delay 25ms 25ms,ALL,ONE,cassandra3,cassandra2,False,2,2,False
111,3,MONOTONIC_READS,normal,netem delay 25ms 25ms,ALL,ONE,cassandra3,cassandra3,True,2,2,False
111,4,MONOTONIC_READS,normal,netem delay 25ms 25ms,ALL,ONE,cassandra3,cassandra1,False,2,2,False
111,5,MONOTONIC_READS,normal,netem delay 25ms 25ms,ALL,ONE,cassandra3,cassandra2,False,2,2,False
112,1,MONOTONIC_READS,normal,netem delay 25ms 25ms,ALL,ONE,cassandra2,cassandra1,False,,2,False
112,2,MONOTONIC_READS,normal,netem delay 25ms 25ms,ALL,ONE,cassandra2,cassandra2,True,2,2,False
112,3,MONOTONIC_READS,normal,netem delay 25ms 25ms,ALL,ONE,cassandra2,cassandra3,False,2,2,False
112,4,MONOTONIC_READS,normal,netem delay 25ms 25ms,ALL,ONE,cassandra2,cassandra3,False,2,2,False
112,5,MONOTONIC_READS,normal,netem delay 25ms 25ms,ALL,ONE,cassandra2,cassandra2,True,2,2,False
113,1,MONOTONIC_READS,normal,netem delay 25ms 25ms,ALL,ONE,cassandra2,cassandra2,True,,2,False
113,2,MONOTONIC_READS,normal,netem delay 25ms 25ms,ALL,ONE,cassandra2,cassandra1,False,2,2,False
113,3,MONOTONIC_READS,normal,netem delay 25ms 25ms,ALL,ONE,cassandra2,cassandra1,False,2,2,False
113,4,MONOTONIC_READS,normal,netem delay 25ms 25ms,ALL,ONE,cassandra2,cassandra1,False,2,2,False
113,5,MONOTONIC_READS,normal,netem delay 25ms 25ms,ALL,ONE,cassandra2,cassandra3,False,2,2,False
114,1,MONOTONIC_READS,normal,netem delay 25ms 25ms,ALL,ONE,cassandra1,cassandra3,False,,2,False
114,2,MONOTONIC_READS,normal,netem delay 25ms 25ms,ALL,ONE,cassandra1,cassandra2,False,2,2,False
114,3,MONOTONIC_READS,normal,netem delay 25ms 25ms,ALL,ONE,cassandra1,cassandra1,True,2,2,False
114,4,MONOTONIC_READS,normal,netem delay 25ms 25ms,ALL,ONE,cassandra1,cassandra2,False,2,2,False
114,5,MONOTONIC_READS,normal,netem delay 25ms 25ms,ALL,ONE,cassandra1,cassandra3,False,2,2,False
115,1,MONOTONIC_READS,normal,netem delay 25ms 25ms,ALL,ONE,cassandra3,cassandra2,False,,2,False
115,2,MONOTONIC_READS,normal,netem delay 25ms 25ms,ALL,ONE,cassandra3,cassandra2,False,2,2,False
115,3,MONOTONIC_READS,normal,netem delay 25ms 25ms,ALL,ONE,cassandra3,cassandra2,False,2,2,False
115,4,MONOTONIC_READS,normal,netem delay 25ms 25ms,ALL,ONE,cassandra3,cassandra1,False,2,2,False
115,5,MONOTONIC_READS,normal,netem delay 25ms 25ms,ALL,ONE,cassandra3,cassandra1,False,2,2,False
116,1,MONOTONIC_READS,normal,netem delay 25ms 25ms,ALL,ONE,cassandra1,cassandra1,True,,2,False
116,2,MONOTONIC_READS,normal,netem delay 25ms 25ms,ALL,ONE,cassandra1,cassandra1,True,2,2,False
116,3,MONOTONIC_READS,normal,netem delay 25ms 25ms,ALL,ONE,cassandra1,cassandra1,True,2,2,False
116,4,MONOTONIC_READS,normal,netem delay 25ms 25ms,ALL,ONE,cassandra1,cassandra3,False,2,2,False
116,5,MONOTONIC_READS,normal,netem delay 25ms 25ms,ALL,ONE,cassandra1,cassandra3,False,2,2,False
117,1,MONOTONIC_READS,normal,netem delay 25ms 25ms,ALL,ONE,cassandra3,cassandra2,False,,2,False
117,2,MONOTONIC_READS,normal,netem delay 25ms 25ms,ALL,ONE,cassandra3,cassandra2,False,2,2,False
117,3,MONOTONIC_READS,normal,netem delay 25ms 25ms,ALL,ONE,cassandra3,cassandra3,True,2,2,False
117,4,MONOTONIC_READS,normal,netem delay 25ms 25ms,ALL,ONE,cassandra3,cassandra3,True,2,2,False
117,5,MONOTONIC_READS,normal,netem delay 25ms 25ms,ALL,ONE,cassandra3,cassandra2,False,2,2,False
118,1,MONOTONIC_READS,normal,netem delay 25ms 25ms,ALL,ONE,cassandra1,cassandra3,False,,2,False
118,2,MONOTONIC_READS,normal,netem delay 25ms 25ms,ALL,ONE,cassandra1,cassandra2,False,2,2,False
118,3,MONOTONIC_READS,normal,netem delay 25ms 25ms,ALL,ONE,cassandra1,cassandra2,False,2,2,False
118,4,MONOTONIC_READS,normal,netem delay 25ms 25ms,ALL,ONE,cassandra1,cassandra1,True,2,2,False
118,5,MONOTONIC_READS,normal,netem delay 25ms 25ms,ALL,ONE,cassandra1,cassandra1,True,2,2,False
119,1,MONOTONIC_READS,normal,netem delay 25ms 25ms,ALL,ONE,cassandra3,cassandra3,True,,2,False
119,2,MONOTONIC_READS,normal,netem delay 25ms 25ms,ALL,ONE,cassandra3,cassandra2,False,2,2,False
119,3,MONOTONIC_READS,normal,netem delay 25ms 25ms,ALL,ONE,cassandra3,cassandra2,False,2,2,False
119,4,MONOTONIC_READS,normal,netem delay 25ms 25ms,ALL,ONE,cassandra3,cassandra1,False,2,2,False
119,5,MONOTONIC_READS,normal,netem delay 25ms 25ms,ALL,ONE,cassandra3,cassandra2,False,2,2,False
120,1,MONOTONIC_READS,normal,netem delay 25ms 25ms,ALL,ONE,cassandra1,cassandra2,False,,2,False
120,2,MONOTONIC_READS,normal,netem delay 25ms 25ms,ALL,ONE,cassandra1,cassandra3,False,2,2,False
120,3,MONOTONIC_READS,normal,netem delay 25ms 25ms,ALL,ONE,cassandra1,cassandra2,False,2,2,False
120,4,MONOTONIC_READS,normal,netem delay 25ms 25ms,ALL,ONE,cassandra1,cassandra1,True,2,2,False
120,5,MONOTONIC_READS,normal,netem delay 25ms 25ms,ALL,ONE,cassandra1,cassandra3,False,2,2,False
121,1,MONOTONIC_READS,normal,netem delay 25ms 25ms,ALL,ONE,cassandra3,cassandra1,False,,2,False
121,2,MONOTONIC_READS,normal,netem delay 25ms 25ms,ALL,ONE,cassandra3,cassandra3,True,2,2,False
121,3,MONOTONIC_READS,normal,netem delay 25ms 25ms,ALL,ONE,cassandra3,cassandra3,True,2,2,False
121,4,MONOTONIC_READS,normal,netem delay 25ms 25ms,ALL,ONE,cassandra3,cassandra3,True,2,2,False
121,5,MONOTONIC_READS,normal,netem delay 25ms 25ms,ALL,ONE,cassandra3,cassandra2,False,2,2,False
122,1,MONOTONIC_READS,normal,netem delay 25ms 25ms,ALL,ONE,cassandra2,cassandra1,False,,2,False
122,2,MONOTONIC_READS,normal,netem delay 25ms 25ms,ALL,ONE,cassandra2,cassandra3,False,2,2,False
122,3,MONOTONIC_READS,normal,netem delay 25ms 25ms,ALL,ONE,cassandra2,cassandra3,False,2,2,False
122,4,MONOTONIC_READS,normal,netem delay 25ms 25ms,ALL,ONE,cassandra2,cassandra2,True,2,2,False
122,5,MONOTONIC_READS,normal,netem delay 25ms 25ms,ALL,ONE,cassandra2,cassandra1,False,2,2,False
123,1,MONOTONIC_READS,normal,netem delay 25ms 25ms,ALL,ONE,cassandra2,cassandra3,False,,2,False
123,2,MONOTONIC_READS,normal,netem delay 25ms 25ms,ALL,ONE,cassandra2,cassandra3,False,2,2,False
123,3,MONOTONIC_READS,normal,netem delay 25ms 25ms,ALL,ONE,cassandra2,cassandra3,False,2,2,False
123,4,MONOTONIC_READS,normal,netem delay 25ms 25ms,ALL,ONE,cassandra2,cassandra3,False,2,2,False
123,5,MONOTONIC_READS,normal,netem delay 25ms 25ms,ALL,ONE,cassandra2,cassandra2,True,2,2,False
124,1,MONOTONIC_READS,normal,netem delay 25ms 25ms,ALL,ONE,cassandra1,cassandra1,True,,2,False
124,2,MONOTONIC_READS,normal,netem delay 25ms 25ms,ALL,ONE,cassandra1,cassandra3,False,2,2,False
124,3,MONOTONIC_READS,normal,netem delay 25ms 25ms,ALL,ONE,cassandra1,cassandra1,True,2,2,False
124,4,MONOTONIC_READS,normal,netem delay 25ms 25ms,ALL,ONE,cassandra1,cassandra1,True,2,2,False
124,5,MONOTONIC_READS,normal,netem delay 25ms 25ms,ALL,ONE,cassandra1,cassandra3,False,2,2,False
125,1,MONOTONIC_READS,normal,netem delay 25ms 25ms,ALL,ONE,cassandra2,cassandra3,False,,2,False
125,2,MONOTONIC_READS,normal,netem delay 25ms 25ms,ALL,ONE,cassandra2,cassandra3,False,2,2,False
125,3,MONOTONIC_READS,normal,netem delay 25ms 25ms,ALL,ONE,cassandra2,cassandra1,False,2,2,False
125,4,MONOTONIC_READS,normal,netem delay 25ms 25ms,ALL,ONE,cassandra2,cassandra1,False,2,2,False
125,5,MONOTONIC_READS,normal,netem delay 25ms 25ms,ALL,ONE,cassandra2,cassandra2,True,2,2,False
126,1,MONOTONIC_READS,normal,netem delay 25ms 25ms,ALL,ONE,cassandra2,cassandra1,False,,2,False
126,2,MONOTONIC_READS,normal,netem delay 25ms 25ms,ALL,ONE,cassandra2,cassandra3,False,2,2,False
126,3,MONOTONIC_READS,normal,netem delay 25ms 25ms,ALL,ONE,cassandra2,cassandra1,False,2,2,False
126,4,MONOTONIC_READS,normal,netem delay 25ms 25ms,ALL,ONE,cassandra2,cassandra3,False,2,2,False
126,5,MONOTONIC_READS,normal,netem delay 25ms 25ms,ALL,ONE,cassandra2,cassandra1,False,2,2,False
127,1,MONOTONIC_READS,normal,netem delay 25ms 25ms,ALL,ONE,cassandra2,cassandra1,False,,2,False
127,2,MONOTONIC_READS,normal,netem delay 25ms 25ms,ALL,ONE,cassandra2,cassandra1,False,2,2,False
127,3,MONOTONIC_READS,normal,netem delay 25ms 25ms,ALL,ONE,cassandra2,cassandra2,True,2,2,False
127,4,MONOTONIC_READS,normal,netem delay 25ms 25ms,ALL,ONE,cassandra2,cassandra3,False,2,2,False
127,5,MONOTONIC_READS,normal,netem delay 25ms 25ms,ALL,ONE,cassandra2,cassandra3,False,2,2,False
128,1,MONOTONIC_READS,normal,netem delay 25ms 25ms,ALL,ONE,cassandra1,cassandra2,False,,2,False
128,2,MONOTONIC_READS,normal,netem delay 25ms 25ms,ALL,ONE,cassandra1,cassandra1,True,2,2,False
128,3,MONOTONIC_READS,normal,netem delay 25ms 25ms,ALL,ONE,cassandra1,cassandra2,False,2,2,False
128,4,MONOTONIC_READS,normal,netem delay 25ms 25ms,ALL,ONE,cassandra1,cassandra2,False,2,2,False
128,5,MONOTONIC_READS,normal,netem delay 25ms 25ms,ALL,ONE,cassandra1,cassandra1,True,2,2,False
129,1,MONOTONIC_READS,normal,netem delay 25ms 25ms,ALL,ONE,cassandra2,cassandra2,True,,2,False
129,2,MONOTONIC_READS,normal,netem delay 25ms 25ms,ALL,ONE,cassandra2,cassandra1,False,2,2,False
129,3,MONOTONIC_READS,normal,netem delay 25ms 25ms,ALL,ONE,cassandra2,cassandra2,True,2,2,False
129,4,MONOTONIC_READS,normal,netem delay 25ms 25ms,ALL,ONE,cassandra2,cassandra3,False,2,2,False
129,5,MONOTONIC_READS,normal,netem delay 25ms 25ms,ALL,ONE,cassandra2,cassandra2,True,2,2,False
130,1,MONOTONIC_READS,normal,netem delay 25ms 25ms,ALL,ONE,cassandra3,cassandra2,False,,2,False
130,2,MONOTONIC_READS,normal,netem delay 25ms 25ms,ALL,ONE,cassandra3,cassandra2,False,2,2,False
130,3,MONOTONIC_READS,normal,netem delay 25ms 25ms,ALL,ONE,cassandra3,cassandra3,True,2,2,False
130,4,MONOTONIC_READS,normal,netem delay 25ms 25ms,ALL,ONE,cassandra3,cassandra1,False,2,2,False
130,5,MONOTONIC_READS,normal,netem delay 25ms 25ms,ALL,ONE,cassandra3,cassandra1,False,2,2,False
131,1,MONOTONIC_READS,normal,netem delay 25ms 25ms,ALL,ONE,cassandra2,cassandra3,False,,2,False
131,2,MONOTONIC_READS,normal,netem delay 25ms 25ms,ALL,ONE,cassandra2,cassandra3,False,2,2,False
131,3,MONOTONIC_READS,normal,netem delay 25ms 25ms,ALL,ONE,cassandra2,cassandra3,False,2,2,False
131,4,MONOTONIC_READS,normal,netem delay 25ms 25ms,ALL,ONE,cassandra2,cassandra1,False,2,2,False
131,5,MONOTONIC_READS,normal,netem delay 25ms 25ms,ALL,ONE,cassandra2,cassandra3,False,2,2,False
132,1,MONOTONIC_READS,normal,netem delay 25ms 25ms,ALL,ONE,cassandra1,cassandra2,False,,2,False
132,2,MONOTONIC_READS,normal,netem delay 25ms 25ms,ALL,ONE,cassandra1,cassandra1,True,2,2,False
132,3,MONOTONIC_READS,normal,netem delay 25ms 25ms,ALL,ONE,cassandra1,cassandra3,False,2,2,False
132,4,MONOTONIC_READS,normal,netem delay 25ms 25ms,ALL,ONE,cassandra1,cassandra1,True,2,2,False
132,5,MONOTONIC_READS,normal,netem delay 25ms 25ms,ALL,ONE,cassandra1,cassandra3,False,2,2,False
133,1,MONOTONIC_READS,normal,netem delay 25ms 25ms,ALL,ONE,cassandra2,cassandra1,False,,2,False
133,2,MONOTONIC_READS,normal,netem delay 25ms 25ms,ALL,ONE,cassandra2,cassandra3,False,2,2,False
133,3,MONOTONIC_READS,normal,netem delay 25ms 25ms,ALL,ONE,cassandra2,cassandra3,False,2,2,False
133,4,MONOTONIC_READS,normal,netem delay 25ms 25ms,ALL,ONE,cassandra2,cassandra2,True,2,2,False
133,5,MONOTONIC_READS,normal,netem delay 25ms 25ms,ALL,ONE,cassandra2,cassandra2,True,2,2,False
134,1,MONOTONIC_READS,normal,netem delay 25ms 25ms,ALL,ONE,cassandra3,cassandra2,False,,2,False
134,2,MONOTONIC_READS,normal,netem delay 25ms 25ms,ALL,ONE,cassandra3,cassandra2,False,2,2,False
134,3,MONOTONIC_READS,normal,netem delay 25ms 25ms,ALL,ONE,cassandra3,cassandra3,True,2,2,False
134,4,MONOTONIC_READS,normal,netem delay 25ms 25ms,ALL,ONE,cassandra3,cassandra3,True,2,2,False
134,5,MONOTONIC_READS,normal,netem delay 25ms 25ms,ALL,ONE,cassandra3,cassandra3,True,2,2,False
135,1,MONOTONIC_READS,normal,netem delay 25ms 25ms,ALL,ONE,cassandra1,cassandra3,False,,2,False
135,2,MONOTONIC_READS,normal,netem delay 25ms 25ms,ALL,ONE,cassandra1,cassandra2,False,2,2,False
135,3,MONOTONIC_READS,normal,netem delay 25ms 25ms,ALL,ONE,cassandra1,cassandra2,False,2,2,False
135,4,MONOTONIC_READS,normal,netem delay 25ms 25ms,ALL,ONE,cassandra1,cassandra2,False,2,2,False
135,5,MONOTONIC_READS,normal,netem delay 25ms 25ms,ALL,ONE,cassandra1,cassandra3,False,2,2,False
136,1,MONOTONIC_READS,normal,netem delay 25ms 25ms,ALL,ONE,cassandra3,cassandra3,True,,2,False
136,2,MONOTONIC_READS,normal,netem delay 25ms 25ms,ALL,ONE,cassandra3,cassandra1,False,2,2,False
136,3,MONOTONIC_READS,normal,netem delay 25ms 25ms,ALL,ONE,cassandra3,cassandra1,False,2,2,False
136,4,MONOTONIC_READS,normal,netem delay 25ms 25ms,ALL,ONE,cassandra3,cassandra1,False,2,2,False
136,5,MONOTONIC_READS,normal,netem delay 25ms 25ms,ALL,ONE,cassandra3,cassandra3,True,2,2,False
137,1,MONOTONIC_READS,normal,netem delay 25ms 25ms,ALL,ONE,cassandra2,cassandra2,True,,2,False
137,2,MONOTONIC_READS,normal,netem delay 25ms 25ms,ALL,ONE,cassandra2,cassandra3,False,2,2,False
137,3,MONOTONIC_READS,normal,netem delay 25ms 25ms,ALL,ONE,cassandra2,cassandra3,False,2,2,False
137,4,MONOTONIC_READS,normal,netem delay 25ms 25ms,ALL,ONE,cassandra2,cassandra1,False,2,2,False
137,5,MONOTONIC_READS,normal,netem delay 25ms 25ms,ALL,ONE,cassandra2,cassandra1,False,2,2,False
138,1,MONOTONIC_READS,normal,netem delay 25ms 25ms,ALL,ONE,cassandra2,cassandra2,True,,2,False
138,2,MONOTONIC_READS,normal,netem delay 25ms 25ms,ALL,ONE,cassandra2,cassandra3,False,2,2,False
138,3,MONOTONIC_READS,normal,netem delay 25ms 25ms,ALL,ONE,cassandra2,cassandra3,False,2,2,False
138,4,MONOTONIC_READS,normal,netem delay 25ms 25ms,ALL,ONE,cassandra2,cassandra3,False,2,2,False
138,5,MONOTONIC_READS,normal,netem delay 25ms 25ms,ALL,ONE,cassandra2,cassandra3,False,2,2,False
139,1,MONOTONIC_READS,normal,netem delay 25ms 25ms,ALL,ONE,cassandra3,cassandra1,False,,2,False
139,2,MONOTONIC_READS,normal,netem delay 25ms 25ms,ALL,ONE,cassandra3,cassandra2,False,2,2,False
139,3,MONOTONIC_READS,normal,netem delay 25ms 25ms,ALL,ONE,cassandra3,cassandra1,False,2,2,False
139,4,MONOTONIC_READS,normal,netem delay 25ms 25ms,ALL,ONE,cassandra3,cassandra1,False,2,2,False
139,5,MONOTONIC_READS,normal,netem delay 25ms 25ms,ALL,ONE,cassandra3,cassandra1,False,2,2,False
140,1,MONOTONIC_READS,normal,netem delay 25ms 25ms,ALL,ONE,cassandra1,cassandra3,False,,2,False
140,2,MONOTONIC_READS,normal,netem delay 25ms 25ms,ALL,ONE,cassandra1,cassandra2,False,2,2,False
140,3,MONOTONIC_READS,normal,netem delay 25ms 25ms,ALL,ONE,cassandra1,cassandra2,False,2,2,False
140,4,MONOTONIC_READS,normal,netem delay 25ms 25ms,ALL,ONE,cassandra1,cassandra1,True,2,2,False
140,5,MONOTONIC_READS,normal,netem delay 25ms 25ms,ALL,ONE,cassandra1,cassandra2,False,2,2,False
141,1,MONOTONIC_READS,normal,netem delay 25ms 25ms,ALL,ONE,cassandra3,cassandra1,False,,2,False
141,2,MONOTONIC_READS,normal,netem delay 25ms 25ms,ALL,ONE,cassandra3,cassandra3,True,2,2,False
141,3,MONOTONIC_READS,normal,netem delay 25ms 25ms,ALL,ONE,cassandra3,cassandra1,False,2,2,False
141,4,MONOTONIC_READS,normal,netem delay 25ms 25ms,ALL,ONE,cassandra3,cassandra3,True,2,2,False
141,5,MONOTONIC_READS,normal,netem delay 25ms 25ms,ALL,ONE,cassandra3,cassandra2,False,2,2,False
142,1,MONOTONIC_READS,normal,netem delay 25ms 25ms,ALL,ONE,cassandra3,cassandra2,False,,2,False
142,2,MONOTONIC_READS,normal,netem delay 25ms 25ms,ALL,ONE,cassandra3,cassandra1,False,2,2,False
142,3,MONOTONIC_READS,normal,netem delay 25ms 25ms,ALL,ONE,cassandra3,cassandra2,False,2,2,False
142,4,MONOTONIC_READS,normal,netem delay 25ms 25ms,ALL,ONE,cassandra3,cassandra2,False,2,2,False
142,5,MONOTONIC_READS,normal,netem delay 25ms 25ms,ALL,ONE,cassandra3,cassandra3,True,2,2,False
143,1,MONOTONIC_READS,normal,netem delay 25ms 25ms,ALL,ONE,cassandra1,cassandra3,False,,2,False
143,2,MONOTONIC_READS,normal,netem delay 25ms 25ms,ALL,ONE,cassandra1,cassandra2,False,2,2,False
143,3,MONOTONIC_READS,normal,netem delay 25ms 25ms,ALL,ONE,cassandra1,cassandra3,False,2,2,False
143,4,MONOTONIC_READS,normal,netem delay 25ms 25ms,ALL,ONE,cassandra1,cassandra2,False,2,2,False
143,5,MONOTONIC_READS,normal,netem delay 25ms 25ms,ALL,ONE,cassandra1,cassandra1,True,2,2,False
144,1,MONOTONIC_READS,normal,netem delay 25ms 25ms,ALL,ONE,cassandra1,cassandra1,True,,2,False
144,2,MONOTONIC_READS,normal,netem delay 25ms 25ms,ALL,ONE,cassandra1,cassandra3,False,2,2,False
144,3,MONOTONIC_READS,normal,netem delay 25ms 25ms,ALL,ONE,cassandra1,cassandra3,False,2,2,False
144,4,MONOTONIC_READS,normal,netem delay 25ms 25ms,ALL,ONE,cassandra1,cassandra3,False,2,2,False
144,5,MONOTONIC_READS,normal,netem delay 25ms 25ms,ALL,ONE,cassandra1,cassandra3,False,2,2,False
145,1,MONOTONIC_READS,normal,netem delay 25ms 25ms,ALL,ONE,cassandra1,cassandra2,False,,2,False
145,2,MONOTONIC_READS,normal,netem delay 25ms 25ms,ALL,ONE,cassandra1,cassandra1,True,2,2,False
145,3,MONOTONIC_READS,normal,netem delay 25ms 25ms,ALL,ONE,cassandra1,cassandra2,False,2,2,False
145,4,MONOTONIC_READS,normal,netem delay 25ms 25ms,ALL,ONE,cassandra1,cassandra2,False,2,2,False
145,5,MONOTONIC_READS,normal,netem delay 25ms 25ms,ALL,ONE,cassandra1,cassandra1,True,2,2,False
146,1,MONOTONIC_READS,normal,netem delay 25ms 25ms,ALL,ONE,cassandra1,cassandra2,False,,2,False
146,2,MONOTONIC_READS,normal,netem delay 25ms 25ms,ALL,ONE,cassandra1,cassandra2,False,2,2,False
146,3,MONOTONIC_READS,normal,netem delay 25ms 25ms,ALL,ONE,cassandra1,cassandra1,True,2,2,False
146,4,MONOTONIC_READS,normal,netem delay 25ms 25ms,ALL,ONE,cassandra1,cassandra2,False,2,2,False
146,5,MONOTONIC_READS,normal,netem delay 25ms 25ms,ALL,ONE,cassandra1,cassandra2,False,2,2,False
147,1,MONOTONIC_READS,normal,netem delay 25ms 25ms,ALL,ONE,cassandra2,cassandra3,False,,2,False
147,2,MONOTONIC_READS,normal,netem delay 25ms 25ms,ALL,ONE,cassandra2,cassandra3,False,2,2,False
147,3,MONOTONIC_READS,normal,netem delay 25ms 25ms,ALL,ONE,cassandra2,cassandra1,False,2,2,False
147,4,MONOTONIC_READS,normal,netem delay 25ms 25ms,ALL,ONE,cassandra2,cassandra2,True,2,2,False
147,5,MONOTONIC_READS,normal,netem delay 25ms 25ms,ALL,ONE,cassandra2,cassandra2,True,2,2,False
148,1,MONOTONIC_READS,normal,netem delay 25ms 25ms,ALL,ONE,cassandra2,cassandra1,False,,2,False
148,2,MONOTONIC_READS,normal,netem delay 25ms 25ms,ALL,ONE,cassandra2,cassandra3,False,2,2,False
148,3,MONOTONIC_READS,normal,netem delay 25ms 25ms,ALL,ONE,cassandra2,cassandra2,True,2,2,False
148,4,MONOTONIC_READS,normal,netem delay 25ms 25ms,ALL,ONE,cassandra2,cassandra3,False,2,2,False
148,5,MONOTONIC_READS,normal,netem delay 25ms 25ms,ALL,ONE,cassandra2,cassandra2,True,2,2,False
149,1,MONOTONIC_READS,normal,netem delay 25ms 25ms,ALL,ONE,cassandra1,cassandra2,False,,2,False
149,2,MONOTONIC_READS,normal,netem delay 25ms 25ms,ALL,ONE,cassandra1,cassandra2,False,2,2,False
149,3,MONOTONIC_READS,normal,netem delay 25ms 25ms,ALL,ONE,cassandra1,cassandra3,False,2,2,False
149,4,MONOTONIC_READS,normal,netem delay 25ms 25ms,ALL,ONE,cassandra1,cassandra1,True,2,2,False
149,5,MONOTONIC_READS,normal,netem delay 25ms 25ms,ALL,ONE,cassandra1,cassandra3,False,2,2,False
150,1,MONOTONIC_READS,normal,netem delay 25ms 25ms,ALL,ONE,cassandra2,cassandra1,False,,2,False
150,2,MONOTONIC_READS,normal,netem delay 25ms 25ms,ALL,ONE,cassandra2,cassandra2,True,2,2,False
150,3,MONOTONIC_READS,normal,netem delay 25ms 25ms,ALL,ONE,cassandra2,cassandra3,False,2,2,False
150,4,MONOTONIC_READS,normal,netem delay 25ms 25ms,ALL,ONE,cassandra2,cassandra2,True,2,2,False
150,5,MONOTONIC_READS,normal,netem delay 25ms 25ms,ALL,ONE,cassandra2,cassandra1,False,2,2,False
151,1,MONOTONIC_READS,normal,netem delay 25ms 25ms,ALL,ONE,cassandra1,cassandra3,False,,2,False
151,2,MONOTONIC_READS,normal,netem delay 25ms 25ms,ALL,ONE,cassandra1,cassandra3,False,2,2,False
151,3,MONOTONIC_READS,normal,netem delay 25ms 25ms,ALL,ONE,cassandra1,cassandra2,False,2,2,False
151,4,MONOTONIC_READS,normal,netem delay 25ms 25ms,ALL,ONE,cassandra1,cassandra3,False,2,2,False
151,5,MONOTONIC_READS,normal,netem delay 25ms 25ms,ALL,ONE,cassandra1,cassandra1,True,2,2,False
152,1,MONOTONIC_READS,normal,netem delay 25ms 25ms,ALL,ONE,cassandra1,cassandra3,False,,2,False
152,2,MONOTONIC_READS,normal,netem delay 25ms 25ms,ALL,ONE,cassandra1,cassandra3,False,2,2,False
152,3,MONOTONIC_READS,normal,netem delay 25ms 25ms,ALL,ONE,cassandra1,cassandra2,False,2,2,False
152,4,MONOTONIC_READS,normal,netem delay 25ms 25ms,ALL,ONE,cassandra1,cassandra1,True,2,2,False
152,5,MONOTONIC_READS,normal,netem delay 25ms 25ms,ALL,ONE,cassandra1,cassandra3,False,2,2,False
153,1,MONOTONIC_READS,normal,netem delay 25ms 25ms,ALL,ONE,cassandra1,cassandra2,False,,2,False
153,2,MONOTONIC_READS,normal,netem delay 25ms 25ms,ALL,ONE,cassandra1,cassandra1,True,2,2,False
153,3,MONOTONIC_READS,normal,netem delay 25ms 25ms,ALL,ONE,cassandra1,cassandra3,False,2,2,False
153,4,MONOTONIC_READS,normal,netem delay 25ms 25ms,ALL,ONE,cassandra1,cassandra1,True,2,2,False
153,5,MONOTONIC_READS,normal,netem delay 25ms 25ms,ALL,ONE,cassandra1,cassandra1,True,2,2,False
154,1,MONOTONIC_READS,normal,netem delay 25ms 25ms,ALL,ONE,cassandra1,cassandra2,False,,2,False
154,2,MONOTONIC_READS,normal,netem delay 25ms 25ms,ALL,ONE,cassandra1,cassandra3,False,2,2,False
154,3,MONOTONIC_READS,normal,netem delay 25ms 25ms,ALL,ONE,cassandra1,cassandra3,False,2,2,False
154,4,MONOTONIC_READS,normal,netem delay 25ms 25ms,ALL,ONE,cassandra1,cassandra3,False,2,2,False
154,5,MONOTONIC_READS,normal,netem delay 25ms 25ms,ALL,ONE,cassandra1,cassandra1,True,2,2,False
155,1,MONOTONIC_READS,normal,netem delay 25ms 25ms,ALL,ONE,cassandra3,cassandra3,True,,2,False
155,2,MONOTONIC_READS,normal,netem delay 25ms 25ms,ALL,ONE,cassandra3,cassandra1,False,2,2,False
155,3,MONOTONIC_READS,normal,netem delay 25ms 25ms,ALL,ONE,cassandra3,cassandra3,True,2,2,False
155,4,MONOTONIC_READS,normal,netem delay 25ms 25ms,ALL,ONE,cassandra3,cassandra1,False,2,2,False
155,5,MONOTONIC_READS,normal,netem delay 25ms 25ms,ALL,ONE,cassandra3,cassandra2,False,2,2,False
156,1,MONOTONIC_READS,normal,netem delay 25ms 25ms,ALL,ONE,cassandra1,cassandra1,True,,2,False
156,2,MONOTONIC_READS,normal,netem delay 25ms 25ms,ALL,ONE,cassandra1,cassandra1,True,2,2,False
156,3,MONOTONIC_READS,normal,netem delay 25ms 25ms,ALL,ONE,cassandra1,cassandra2,False,2,2,False
156,4,MONOTONIC_READS,normal,netem delay 25ms 25ms,ALL,ONE,cassandra1,cassandra1,True,2,2,False
156,5,MONOTONIC_READS,normal,netem delay 25ms 25ms,ALL,ONE,cassandra1,cassandra3,False,2,2,False
157,1,MONOTONIC_READS,normal,netem delay 25ms 25ms,ALL,ONE,cassandra1,cassandra2,False,,2,False
157,2,MONOTONIC_READS,normal,netem delay 25ms 25ms,ALL,ONE,cassandra1,cassandra1,True,2,2,False
157,3,MONOTONIC_READS,normal,netem delay 25ms 25ms,ALL,ONE,cassandra1,cassandra2,False,2,2,False
157,4,MONOTONIC_READS,normal,netem delay 25ms 25ms,ALL,ONE,cassandra1,cassandra2,False,2,2,False
157,5,MONOTONIC_READS,normal,netem delay 25ms 25ms,ALL,ONE,cassandra1,cassandra1,True,2,2,False
158,1,MONOTONIC_READS,normal,netem delay 25ms 25ms,ALL,ONE,cassandra2,cassandra1,False,,2,False
158,2,MONOTONIC_READS,normal,netem delay 25ms 25ms,ALL,ONE,cassandra2,cassandra2,True,2,2,False
158,3,MONOTONIC_READS,normal,netem delay 25ms 25ms,ALL,ONE,cassandra2,cassandra2,True,2,2,False
158,4,MONOTONIC_READS,normal,netem delay 25ms 25ms,ALL,ONE,cassandra2,cassandra2,True,2,2,False
158,5,MONOTONIC_READS,normal,netem delay 25ms 25ms,ALL,ONE,cassandra2,cassandra3,False,2,2,False
159,1,MONOTONIC_READS,normal,netem delay 25ms 25ms,ALL,ONE,cassandra2,cassandra2,True,,2,False
159,2,MONOTONIC_READS,normal,netem delay 25ms 25ms,ALL,ONE,cassandra2,cassandra1,False,2,2,False
159,3,MONOTONIC_READS,normal,netem delay 25ms 25ms,ALL,ONE,cassandra2,cassandra1,False,2,2,False
159,4,MONOTONIC_READS,normal,netem delay 25ms 25ms,ALL,ONE,cassandra2,cassandra3,False,2,2,False
159,5,MONOTONIC_READS,normal,netem delay 25ms 25ms,ALL,ONE,cassandra2,cassandra2,True,2,2,False
160,1,MONOTONIC_READS,normal,netem delay 25ms 25ms,ALL,ONE,cassandra3,cassandra1,False,,2,False
160,2,MONOTONIC_READS,normal,netem delay 25ms 25ms,ALL,ONE,cassandra3,cassandra3,True,2,2,False
160,3,MONOTONIC_READS,normal,netem delay 25ms 25ms,ALL,ONE,cassandra3,cassandra2,False,2,2,False
160,4,MONOTONIC_READS,normal,netem delay 25ms 25ms,ALL,ONE,cassandra3,cassandra1,False,2,2,False
160,5,MONOTONIC_READS,normal,netem delay 25ms 25ms,ALL,ONE,cassandra3,cassandra3,True,2,2,False
161,1,MONOTONIC_READS,normal,netem delay 25ms 25ms,ALL,ONE,cassandra2,cassandra3,False,,2,False
161,2,MONOTONIC_READS,normal,netem delay 25ms 25ms,ALL,ONE,cassandra2,cassandra1,False,2,2,False
161,3,MONOTONIC_READS,normal,netem delay 25ms 25ms,ALL,ONE,cassandra2,cassandra1,False,2,2,False
161,4,MONOTONIC_READS,normal,netem delay 25ms 25ms,ALL,ONE,cassandra2,cassandra3,False,2,2,False
161,5,MONOTONIC_READS,normal,netem delay 25ms 25ms,ALL,ONE,cassandra2,cassandra1,False,2,2,False
162,1,MONOTONIC_READS,normal,netem delay 25ms 25ms,ALL,ONE,cassandra1,cassandra2,False,,2,False
162,2,MONOTONIC_READS,normal,netem delay 25ms 25ms,ALL,ONE,cassandra1,cassandra1,True,2,2,False
162,3,MONOTONIC_READS,normal,netem delay 25ms 25ms,ALL,ONE,cassandra1,cassandra3,False,2,2,False
162,4,MONOTONIC_READS,normal,netem delay 25ms 25ms,ALL,ONE,cassandra1,cassandra3,False,2,2,False
162,5,MONOTONIC_READS,normal,netem delay 25ms 25ms,ALL,ONE,cassandra1,cassandra2,False,2,2,False
163,1,MONOTONIC_READS,normal,netem delay 25ms 25ms,ALL,ONE,cassandra2,cassandra3,False,,2,False
163,2,MONOTONIC_READS,normal,netem delay 25ms 25ms,ALL,ONE,cassandra2,cassandra1,False,2,2,False
163,3,MONOTONIC_READS,normal,netem delay 25ms 25ms,ALL,ONE,cassandra2,cassandra2,True,2,2,False
163,4,MONOTONIC_READS,normal,netem delay 25ms 25ms,ALL,ONE,cassandra2,cassandra2,True,2,2,False
163,5,MONOTONIC_READS,normal,netem delay 25ms 25ms,ALL,ONE,cassandra2,cassandra1,False,2,2,False
164,1,MONOTONIC_READS,normal,netem delay 25ms 25ms,ALL,ONE,cassandra2,cassandra3,False,,2,False
164,2,MONOTONIC_READS,normal,netem delay 25ms 25ms,ALL,ONE,cassandra2,cassandra2,True,2,2,False
164,3,MONOTONIC_READS,normal,netem delay 25ms 25ms,ALL,ONE,cassandra2,cassandra1,False,2,2,False
164,4,MONOTONIC_READS,normal,netem delay 25ms 25ms,ALL,ONE,cassandra2,cassandra2,True,2,2,False
164,5,MONOTONIC_READS,normal,netem delay 25ms 25ms,ALL,ONE,cassandra2,cassandra1,False,2,2,False
165,1,MONOTONIC_READS,normal,netem delay 25ms 25ms,ALL,ONE,cassandra2,cassandra2,True,,2,False
165,2,MONOTONIC_READS,normal,netem delay 25ms 25ms,ALL,ONE,cassandra2,cassandra1,False,2,2,False
165,3,MONOTONIC_READS,normal,netem delay 25ms 25ms,ALL,ONE,cassandra2,cassandra2,True,2,2,False
165,4,MONOTONIC_READS,normal,netem delay 25ms 25ms,ALL,ONE,cassandra2,cassandra1,False,2,2,False
165,5,MONOTONIC_READS,normal,netem delay 25ms 25ms,ALL,ONE,cassandra2,cassandra3,False,2,2,False
166,1,MONOTONIC_READS,normal,netem delay 25ms 25ms,ALL,ONE,cassandra1,cassandra3,False,,2,False
166,2,MONOTONIC_READS,normal,netem delay 25ms 25ms,ALL,ONE,cassandra1,cassandra2,False,2,2,False
166,3,MONOTONIC_READS,normal,netem delay 25ms 25ms,ALL,ONE,cassandra1,cassandra1,True,2,2,False
166,4,MONOTONIC_READS,normal,netem delay 25ms 25ms,ALL,ONE,cassandra1,cassandra3,False,2,2,False
166,5,MONOTONIC_READS,normal,netem delay 25ms 25ms,ALL,ONE,cassandra1,cassandra2,False,2,2,False
167,1,MONOTONIC_READS,normal,netem delay 25ms 25ms,ALL,ONE,cassandra1,cassandra2,False,,2,False
167,2,MONOTONIC_READS,normal,netem delay 25ms 25ms,ALL,ONE,cassandra1,cassandra1,True,2,2,False
167,3,MONOTONIC_READS,normal,netem delay 25ms 25ms,ALL,ONE,cassandra1,cassandra3,False,2,2,False
167,4,MONOTONIC_READS,normal,netem delay 25ms 25ms,ALL,ONE,cassandra1,cassandra3,False,2,2,False
167,5,MONOTONIC_READS,normal,netem delay 25ms 25ms,ALL,ONE,cassandra1,cassandra2,False,2,2,False
168,1,MONOTONIC_READS,normal,netem delay 25ms 25ms,ALL,ONE,cassandra1,cassandra3,False,,2,False
168,2,MONOTONIC_READS,normal,netem delay 25ms 25ms,ALL,ONE,cassandra1,cassandra1,True,2,2,False
168,3,MONOTONIC_READS,normal,netem delay 25ms 25ms,ALL,ONE,cassandra1,cassandra1,True,2,2,False
168,4,MONOTONIC_READS,normal,netem delay 25ms 25ms,ALL,ONE,cassandra1,cassandra2,False,2,2,False
168,5,MONOTONIC_READS,normal,netem delay 25ms 25ms,ALL,ONE,cassandra1,cassandra3,False,2,2,False
169,1,MONOTONIC_READS,normal,netem delay 25ms 25ms,ALL,ONE,cassandra2,cassandra2,True,,2,False
169,2,MONOTONIC_READS,normal,netem delay 25ms 25ms,ALL,ONE,cassandra2,cassandra3,False,2,2,False
169,3,MONOTONIC_READS,normal,netem delay 25ms 25ms,ALL,ONE,cassandra2,cassandra3,False,2,2,False
169,4,MONOTONIC_READS,normal,netem delay 25ms 25ms,ALL,ONE,cassandra2,cassandra3,False,2,2,False
169,5,MONOTONIC_READS,normal,netem delay 25ms 25ms,ALL,ONE,cassandra2,cassandra2,True,2,2,False
170,1,MONOTONIC_READS,normal,netem delay 25ms 25ms,ALL,ONE,cassandra2,cassandra3,False,,2,False
170,2,MONOTONIC_READS,normal,netem delay 25ms 25ms,ALL,ONE,cassandra2,cassandra2,True,2,2,False
170,3,MONOTONIC_READS,normal,netem delay 25ms 25ms,ALL,ONE,cassandra2,cassandra1,False,2,2,False
170,4,MONOTONIC_READS,normal,netem delay 25ms 25ms,ALL,ONE,cassandra2,cassandra1,False,2,2,False
170,5,MONOTONIC_READS,normal,netem delay 25ms 25ms,ALL,ONE,cassandra2,cassandra3,False,2,2,False
171,1,MONOTONIC_READS,normal,netem delay 25ms 25ms,ALL,ONE,cassandra1,cassandra2,False,,2,False
171,2,MONOTONIC_READS,normal,netem delay 25ms 25ms,ALL,ONE,cassandra1,cassandra1,True,2,2,False
171,3,MONOTONIC_READS,normal,netem delay 25ms 25ms,ALL,ONE,cassandra1,cassandra2,False,2,2,False
171,4,MONOTONIC_READS,normal,netem delay 25ms 25ms,ALL,ONE,cassandra1,cassandra3,False,2,2,False
171,5,MONOTONIC_READS,normal,netem delay 25ms 25ms,ALL,ONE,cassandra1,cassandra3,False,2,2,False
172,1,MONOTONIC_READS,normal,netem delay 25ms 25ms,ALL,ONE,cassandra1,cassandra1,True,,2,False
172,2,MONOTONIC_READS,normal,netem delay 25ms 25ms,ALL,ONE,cassandra1,cassandra2,False,2,2,False
172,3,MONOTONIC_READS,normal,netem delay 25ms 25ms,ALL,ONE,cassandra1,cassandra1,True,2,2,False
172,4,MONOTONIC_READS,normal,netem delay 25ms 25ms,ALL,ONE,cassandra1,cassandra2,False,2,2,False
172,5,MONOTONIC_READS,normal,netem delay 25ms 25ms,ALL,ONE,cassandra1,cassandra3,False,2,2,False
173,1,MONOTONIC_READS,normal,netem delay 25ms 25ms,ALL,ONE,cassandra2,cassandra1,False,,2,False
173,2,MONOTONIC_READS,normal,netem delay 25ms 25ms,ALL,ONE,cassandra2,cassandra2,True,2,2,False
173,3,MONOTONIC_READS,normal,netem delay 25ms 25ms,ALL,ONE,cassandra2,cassandra3,False,2,2,False
173,4,MONOTONIC_READS,normal,netem delay 25ms 25ms,ALL,ONE,cassandra2,cassandra3,False,2,2,False
173,5,MONOTONIC_READS,normal,netem delay 25ms 25ms,ALL,ONE,cassandra2,cassandra1,False,2,2,False
174,1,MONOTONIC_READS,normal,netem delay 25ms 25ms,ALL,ONE,cassandra1,cassandra2,False,,2,False
174,2,MONOTONIC_READS,normal,netem delay 25ms 25ms,ALL,ONE,cassandra1,cassandra2,False,2,2,False
174,3,MONOTONIC_READS,normal,netem delay 25ms 25ms,ALL,ONE,cassandra1,cassandra2,False,2,2,False
174,4,MONOTONIC_READS,normal,netem delay 25ms 25ms,ALL,ONE,cassandra1,cassandra2,False,2,2,False
174,5,MONOTONIC_READS,normal,netem delay 25ms 25ms,ALL,ONE,cassandra1,cassandra3,False,2,2,False
175,1,MONOTONIC_READS,normal,netem delay 25ms 25ms,ALL,ONE,cassandra1,cassandra1,True,,2,False
175,2,MONOTONIC_READS,normal,netem delay 25ms 25ms,ALL,ONE,cassandra1,cassandra1,True,2,2,False
175,3,MONOTONIC_READS,normal,netem delay 25ms 25ms,ALL,ONE,cassandra1,cassandra2,False,2,2,False
175,4,MONOTONIC_READS,normal,netem delay 25ms 25ms,ALL,ONE,cassandra1,cassandra1,True,2,2,False
175,5,MONOTONIC_READS,normal,netem delay 25ms 25ms,ALL,ONE,cassandra1,cassandra3,False,2,2,False
176,1,MONOTONIC_READS,normal,netem delay 25ms 25ms,ALL,ONE,cassandra1,cassandra2,False,,2,False
176,2,MONOTONIC_READS,normal,netem delay 25ms 25ms,ALL,ONE,cassandra1,cassandra1,True,2,2,False
176,3,MONOTONIC_READS,normal,netem delay 25ms 25ms,ALL,ONE,cassandra1,cassandra3,False,2,2,False
176,4,MONOTONIC_READS,normal,netem delay 25ms 25ms,ALL,ONE,cassandra1,cassandra2,False,2,2,False
176,5,MONOTONIC_READS,normal,netem delay 25ms 25ms,ALL,ONE,cassandra1,cassandra3,False,2,2,False
177,1,MONOTONIC_READS,normal,netem delay 25ms 25ms,ALL,ONE,cassandra3,cassandra3,True,,2,False
177,2,MONOTONIC_READS,normal,netem delay 25ms 25ms,ALL,ONE,cassandra3,cassandra3,True,2,2,False
177,3,MONOTONIC_READS,normal,netem delay 25ms 25ms,ALL,ONE,cassandra3,cassandra3,True,2,2,False
177,4,MONOTONIC_READS,normal,netem delay 25ms 25ms,ALL,ONE,cassandra3,cassandra2,False,2,2,False
177,5,MONOTONIC_READS,normal,netem delay 25ms 25ms,ALL,ONE,cassandra3,cassandra2,False,2,2,False
178,1,MONOTONIC_READS,normal,netem delay 25ms 25ms,ALL,ONE,cassandra1,cassandra2,False,,2,False
178,2,MONOTONIC_READS,normal,netem delay 25ms 25ms,ALL,ONE,cassandra1,cassandra2,False,2,2,False
178,3,MONOTONIC_READS,normal,netem delay 25ms 25ms,ALL,ONE,cassandra1,cassandra3,False,2,2,False
178,4,MONOTONIC_READS,normal,netem delay 25ms 25ms,ALL,ONE,cassandra1,cassandra3,False,2,2,False
178,5,MONOTONIC_READS,normal,netem delay 25ms 25ms,ALL,ONE,cassandra1,cassandra2,False,2,2,False
179,1,MONOTONIC_READS,normal,netem delay 25ms 25ms,ALL,ONE,cassandra1,cassandra3,False,,2,False
179,2,MONOTONIC_READS,normal,netem delay 25ms 25ms,ALL,ONE,cassandra1,cassandra3,False,2,2,False
179,3,MONOTONIC_READS,normal,netem delay 25ms 25ms,ALL,ONE,cassandra1,cassandra3,False,2,2,False
179,4,MONOTONIC_READS,normal,netem delay 25ms 25ms,ALL,ONE,cassandra1,cassandra1,True,2,2,False
179,5,MONOTONIC_READS,normal,netem delay 25ms 25ms,ALL,ONE,cassandra1,cassandra1,True,2,2,False
180,1,MONOTONIC_READS,normal,netem delay 25ms 25ms,ALL,ONE,cassandra2,cassandra1,False,,2,False
180,2,MONOTONIC_READS,normal,netem delay 25ms 25ms,ALL,ONE,cassandra2,cassandra3,False,2,2,False
180,3,MONOTONIC_READS,normal,netem delay 25ms 25ms,ALL,ONE,cassandra2,cassandra2,True,2,2,False
180,4,MONOTONIC_READS,normal,netem delay 25ms 25ms,ALL,ONE,cassandra2,cassandra3,False,2,2,False
180,5,MONOTONIC_READS,normal,netem delay 25ms 25ms,ALL,ONE,cassandra2,cassandra3,False,2,2,False
181,1,MONOTONIC_READS,normal,netem delay 25ms 25ms,ALL,ONE,cassandra2,cassandra1,False,,2,False
181,2,MONOTONIC_READS,normal,netem delay 25ms 25ms,ALL,ONE,cassandra2,cassandra2,True,2,2,False
181,3,MONOTONIC_READS,normal,netem delay 25ms 25ms,ALL,ONE,cassandra2,cassandra1,False,2,2,False
181,4,MONOTONIC_READS,normal,netem delay 25ms 25ms,ALL,ONE,cassandra2,cassandra2,True,2,2,False
181,5,MONOTONIC_READS,normal,netem delay 25ms 25ms,ALL,ONE,cassandra2,cassandra1,False,2,2,False
182,1,MONOTONIC_READS,normal,netem delay 25ms 25ms,ALL,ONE,cassandra3,cassandra3,True,,2,False
182,2,MONOTONIC_READS,normal,netem delay 25ms 25ms,ALL,ONE,cassandra3,cassandra1,False,2,2,False
182,3,MONOTONIC_READS,normal,netem delay 25ms 25ms,ALL,ONE,cassandra3,cassandra2,False,2,2,False
182,4,MONOTONIC_READS,normal,netem delay 25ms 25ms,ALL,ONE,cassandra3,cassandra2,False,2,2,False
182,5,MONOTONIC_READS,normal,netem delay 25ms 25ms,ALL,ONE,cassandra3,cassandra3,True,2,2,False
183,1,MONOTONIC_READS,normal,netem delay 25ms 25ms,ALL,ONE,cassandra3,cassandra3,True,,2,False
183,2,MONOTONIC_READS,normal,netem delay 25ms 25ms,ALL,ONE,cassandra3,cassandra3,True,2,2,False
183,3,MONOTONIC_READS,normal,netem delay 25ms 25ms,ALL,ONE,cassandra3,cassandra3,True,2,2,False
183,4,MONOTONIC_READS,normal,netem delay 25ms 25ms,ALL,ONE,cassandra3,cassandra1,False,2,2,False
183,5,MONOTONIC_READS,normal,netem delay 25ms 25ms,ALL,ONE,cassandra3,cassandra1,False,2,2,False
184,1,MONOTONIC_READS,normal,netem delay 25ms 25ms,ALL,ONE,cassandra1,cassandra3,False,,2,False
184,2,MONOTONIC_READS,normal,netem delay 25ms 25ms,ALL,ONE,cassandra1,cassandra2,False,2,2,False
184,3,MONOTONIC_READS,normal,netem delay 25ms 25ms,ALL,ONE,cassandra1,cassandra2,False,2,2,False
184,4,MONOTONIC_READS,normal,netem delay 25ms 25ms,ALL,ONE,cassandra1,cassandra1,True,2,2,False
184,5,MONOTONIC_READS,normal,netem delay 25ms 25ms,ALL,ONE,cassandra1,cassandra2,False,2,2,False
185,1,MONOTONIC_READS,normal,netem delay 25ms 25ms,ALL,ONE,cassandra1,cassandra2,False,,2,False
185,2,MONOTONIC_READS,normal,netem delay 25ms 25ms,ALL,ONE,cassandra1,cassandra3,False,2,2,False
185,3,MONOTONIC_READS,normal,netem delay 25ms 25ms,ALL,ONE,cassandra1,cassandra3,False,2,2,False
185,4,MONOTONIC_READS,normal,netem delay 25ms 25ms,ALL,ONE,cassandra1,cassandra1,True,2,2,False
185,5,MONOTONIC_READS,normal,netem delay 25ms 25ms,ALL,ONE,cassandra1,cassandra2,False,2,2,False
186,1,MONOTONIC_READS,normal,netem delay 25ms 25ms,ALL,ONE,cassandra1,cassandra2,False,,2,False
186,2,MONOTONIC_READS,normal,netem delay 25ms 25ms,ALL,ONE,cassandra1,cassandra2,False,2,2,False
186,3,MONOTONIC_READS,normal,netem delay 25ms 25ms,ALL,ONE,cassandra1,cassandra2,False,2,2,False
186,4,MONOTONIC_READS,normal,netem delay 25ms 25ms,ALL,ONE,cassandra1,cassandra1,True,2,2,False
186,5,MONOTONIC_READS,normal,netem delay 25ms 25ms,ALL,ONE,cassandra1,cassandra1,True,2,2,False
187,1,MONOTONIC_READS,normal,netem delay 25ms 25ms,ALL,ONE,cassandra3,cassandra1,False,,2,False
187,2,MONOTONIC_READS,normal,netem delay 25ms 25ms,ALL,ONE,cassandra3,cassandra2,False,2,2,False
187,3,MONOTONIC_READS,normal,netem delay 25ms 25ms,ALL,ONE,cassandra3,cassandra3,True,2,2,False
187,4,MONOTONIC_READS,normal,netem delay 25ms 25ms,ALL,ONE,cassandra3,cassandra2,False,2,2,False
187,5,MONOTONIC_READS,normal,netem delay 25ms 25ms,ALL,ONE,cassandra3,cassandra1,False,2,2,False
188,1,MONOTONIC_READS,normal,netem delay 25ms 25ms,ALL,ONE,cassandra3,cassandra3,True,,2,False
188,2,MONOTONIC_READS,normal,netem delay 25ms 25ms,ALL,ONE,cassandra3,cassandra2,False,2,2,False
188,3,MONOTONIC_READS,normal,netem delay 25ms 25ms,ALL,ONE,cassandra3,cassandra1,False,2,2,False
188,4,MONOTONIC_READS,normal,netem delay 25ms 25ms,ALL,ONE,cassandra3,cassandra1,False,2,2,False
188,5,MONOTONIC_READS,normal,netem delay 25ms 25ms,ALL,ONE,cassandra3,cassandra2,False,2,2,False
189,1,MONOTONIC_READS,normal,netem delay 25ms 25ms,ALL,ONE,cassandra3,cassandra1,False,,2,False
189,2,MONOTONIC_READS,normal,netem delay 25ms 25ms,ALL,ONE,cassandra3,cassandra2,False,2,2,False
189,3,MONOTONIC_READS,normal,netem delay 25ms 25ms,ALL,ONE,cassandra3,cassandra1,False,2,2,False
189,4,MONOTONIC_READS,normal,netem delay 25ms 25ms,ALL,ONE,cassandra3,cassandra3,True,2,2,False
189,5,MONOTONIC_READS,normal,netem delay 25ms 25ms,ALL,ONE,cassandra3,cassandra3,True,2,2,False
190,1,MONOTONIC_READS,normal,netem delay 25ms 25ms,ALL,ONE,cassandra3,cassandra3,True,,2,False
190,2,MONOTONIC_READS,normal,netem delay 25ms 25ms,ALL,ONE,cassandra3,cassandra3,True,2,2,False
190,3,MONOTONIC_READS,normal,netem delay 25ms 25ms,ALL,ONE,cassandra3,cassandra2,False,2,2,False
190,4,MONOTONIC_READS,normal,netem delay 25ms 25ms,ALL,ONE,cassandra3,cassandra1,False,2,2,False
190,5,MONOTONIC_READS,normal,netem delay 25ms 25ms,ALL,ONE,cassandra3,cassandra2,False,2,2,False
191,1,MONOTONIC_READS,normal,netem delay 25ms 25ms,ALL,ONE,cassandra3,cassandra2,False,,2,False
191,2,MONOTONIC_READS,normal,netem delay 25ms 25ms,ALL,ONE,cassandra3,cassandra1,False,2,2,False
191,3,MONOTONIC_READS,normal,netem delay 25ms 25ms,ALL,ONE,cassandra3,cassandra2,False,2,2,False
191,4,MONOTONIC_READS,normal,netem delay 25ms 25ms,ALL,ONE,cassandra3,cassandra1,False,2,2,False
191,5,MONOTONIC_READS,normal,netem delay 25ms 25ms,ALL,ONE,cassandra3,cassandra1,False,2,2,False
192,1,MONOTONIC_READS,normal,netem delay 25ms 25ms,ALL,ONE,cassandra2,cassandra1,False,,2,False
192,2,MONOTONIC_READS,normal,netem delay 25ms 25ms,ALL,ONE,cassandra2,cassandra1,False,2,2,False
192,3,MONOTONIC_READS,normal,netem delay 25ms 25ms,ALL,ONE,cassandra2,cassandra1,False,2,2,False
192,4,MONOTONIC_READS,normal,netem delay 25ms 25ms,ALL,ONE,cassandra2,cassandra2,True,2,2,False
192,5,MONOTONIC_READS,normal,netem delay 25ms 25ms,ALL,ONE,cassandra2,cassandra1,False,2,2,False
193,1,MONOTONIC_READS,normal,netem delay 25ms 25ms,ALL,ONE,cassandra1,cassandra3,False,,2,False
193,2,MONOTONIC_READS,normal,netem delay 25ms 25ms,ALL,ONE,cassandra1,cassandra3,False,2,2,False
193,3,MONOTONIC_READS,normal,netem delay 25ms 25ms,ALL,ONE,cassandra1,cassandra1,True,2,2,False
193,4,MONOTONIC_READS,normal,netem delay 25ms 25ms,ALL,ONE,cassandra1,cassandra2,False,2,2,False
193,5,MONOTONIC_READS,normal,netem delay 25ms 25ms,ALL,ONE,cassandra1,cassandra2,False,2,2,False
194,1,MONOTONIC_READS,normal,netem delay 25ms 25ms,ALL,ONE,cassandra1,cassandra3,False,,2,False
194,2,MONOTONIC_READS,normal,netem delay 25ms 25ms,ALL,ONE,cassandra1,cassandra3,False,2,2,False
194,3,MONOTONIC_READS,normal,netem delay 25ms 25ms,ALL,ONE,cassandra1,cassandra2,False,2,2,False
194,4,MONOTONIC_READS,normal,netem delay 25ms 25ms,ALL,ONE,cassandra1,cassandra1,True,2,2,False
194,5,MONOTONIC_READS,normal,netem delay 25ms 25ms,ALL,ONE,cassandra1,cassandra3,False,2,2,False
195,1,MONOTONIC_READS,normal,netem delay 25ms 25ms,ALL,ONE,cassandra1,cassandra2,False,,2,False
195,2,MONOTONIC_READS,normal,netem delay 25ms 25ms,ALL,ONE,cassandra1,cassandra1,True,2,2,False
195,3,MONOTONIC_READS,normal,netem delay 25ms 25ms,ALL,ONE,cassandra1,cassandra3,False,2,2,False
195,4,MONOTONIC_READS,normal,netem delay 25ms 25ms,ALL,ONE,cassandra1,cassandra2,False,2,2,False
195,5,MONOTONIC_READS,normal,netem delay 25ms 25ms,ALL,ONE,cassandra1,cassandra3,False,2,2,False
196,1,MONOTONIC_READS,normal,netem delay 25ms 25ms,ALL,ONE,cassandra3,cassandra2,False,,2,False
196,2,MONOTONIC_READS,normal,netem delay 25ms 25ms,ALL,ONE,cassandra3,cassandra3,True,2,2,False
196,3,MONOTONIC_READS,normal,netem delay 25ms 25ms,ALL,ONE,cassandra3,cassandra2,False,2,2,False
196,4,MONOTONIC_READS,normal,netem delay 25ms 25ms,ALL,ONE,cassandra3,cassandra1,False,2,2,False
196,5,MONOTONIC_READS,normal,netem delay 25ms 25ms,ALL,ONE,cassandra3,cassandra2,False,2,2,False
197,1,MONOTONIC_READS,normal,netem delay 25ms 25ms,ALL,ONE,cassandra1,cassandra3,False,,2,False
197,2,MONOTONIC_READS,normal,netem delay 25ms 25ms,ALL,ONE,cassandra1,cassandra1,True,2,2,False
197,3,MONOTONIC_READS,normal,netem delay 25ms 25ms,ALL,ONE,cassandra1,cassandra3,False,2,2,False
197,4,MONOTONIC_READS,normal,netem delay 25ms 25ms,ALL,ONE,cassandra1,cassandra2,False,2,2,False
197,5,MONOTONIC_READS,normal,netem delay 25ms 25ms,ALL,ONE,cassandra1,cassandra1,True,2,2,False
198,1,MONOTONIC_READS,normal,netem delay 25ms 25ms,ALL,ONE,cassandra3,cassandra1,False,,2,False
198,2,MONOTONIC_READS,normal,netem delay 25ms 25ms,ALL,ONE,cassandra3,cassandra3,True,2,2,False
198,3,MONOTONIC_READS,normal,netem delay 25ms 25ms,ALL,ONE,cassandra3,cassandra1,False,2,2,False
198,4,MONOTONIC_READS,normal,netem delay 25ms 25ms,ALL,ONE,cassandra3,cassandra2,False,2,2,False
198,5,MONOTONIC_READS,normal,netem delay 25ms 25ms,ALL,ONE,cassandra3,cassandra3,True,2,2,False
199,1,MONOTONIC_READS,normal,netem delay 25ms 25ms,ALL,ONE,cassandra2,cassandra3,False,,2,False
199,2,MONOTONIC_READS,normal,netem delay 25ms 25ms,ALL,ONE,cassandra2,cassandra1,False,2,2,False
199,3,MONOTONIC_READS,normal,netem delay 25ms 25ms,ALL,ONE,cassandra2,cassandra1,False,2,2,False
199,4,MONOTONIC_READS,normal,netem delay 25ms 25ms,ALL,ONE,cassandra2,cassandra1,False,2,2,False
199,5,MONOTONIC_READS,normal,netem delay 25ms 25ms,ALL,ONE,cassandra2,cassandra3,False,2,2,False
200,1,MONOTONIC_READS,normal,netem delay 25ms 25ms,ALL,ONE,cassandra1,cassandra3,False,,2,False
200,2,MONOTONIC_READS,normal,netem delay 25ms 25ms,ALL,ONE,cassandra1,cassandra2,False,2,2,False
200,3,MONOTONIC_READS,normal,netem delay 25ms 25ms,ALL,ONE,cassandra1,cassandra1,True,2,2,False
200,4,MONOTONIC_READS,normal,netem delay 25ms 25ms,ALL,ONE,cassandra1,cassandra2,False,2,2,False
200,5,MONOTONIC_READS,normal,netem delay 25ms 25ms,ALL,ONE,cassandra1,cassandra1,True,2,2,False
1,1,MONOTONIC_READS,normal,netem delay 25ms 25ms,ALL,QUORUM,cassandra1,cassandra2,False,,2,False
1,2,MONOTONIC_READS,normal,netem delay 25ms 25ms,ALL,QUORUM,cassandra1,cassandra2,False,2,2,False
1,3,MONOTONIC_READS,normal,netem delay 25ms 25ms,ALL,QUORUM,cassandra1,cassandra1,True,2,2,False
1,4,MONOTONIC_READS,normal,netem delay 25ms 25ms,ALL,QUORUM,cassandra1,cassandra3,False,2,2,False
1,5,MONOTONIC_READS,normal,netem delay 25ms 25ms,ALL,QUORUM,cassandra1,cassandra2,False,2,2,False
2,1,MONOTONIC_READS,normal,netem delay 25ms 25ms,ALL,QUORUM,cassandra2,cassandra2,True,,2,False
2,2,MONOTONIC_READS,normal,netem delay 25ms 25ms,ALL,QUORUM,cassandra2,cassandra3,False,2,2,False
2,3,MONOTONIC_READS,normal,netem delay 25ms 25ms,ALL,QUORUM,cassandra2,cassandra3,False,2,2,False
2,4,MONOTONIC_READS,normal,netem delay 25ms 25ms,ALL,QUORUM,cassandra2,cassandra2,True,2,2,False
2,5,MONOTONIC_READS,normal,netem delay 25ms 25ms,ALL,QUORUM,cassandra2,cassandra3,False,2,2,False
3,1,MONOTONIC_READS,normal,netem delay 25ms 25ms,ALL,QUORUM,cassandra1,cassandra1,True,,2,False
3,2,MONOTONIC_READS,normal,netem delay 25ms 25ms,ALL,QUORUM,cassandra1,cassandra3,False,2,2,False
3,3,MONOTONIC_READS,normal,netem delay 25ms 25ms,ALL,QUORUM,cassandra1,cassandra2,False,2,2,False
3,4,MONOTONIC_READS,normal,netem delay 25ms 25ms,ALL,QUORUM,cassandra1,cassandra3,False,2,2,False
3,5,MONOTONIC_READS,normal,netem delay 25ms 25ms,ALL,QUORUM,cassandra1,cassandra3,False,2,2,False
4,1,MONOTONIC_READS,normal,netem delay 25ms 25ms,ALL,QUORUM,cassandra2,cassandra3,False,,2,False
4,2,MONOTONIC_READS,normal,netem delay 25ms 25ms,ALL,QUORUM,cassandra2,cassandra2,True,2,2,False
4,3,MONOTONIC_READS,normal,netem delay 25ms 25ms,ALL,QUORUM,cassandra2,cassandra2,True,2,2,False
4,4,MONOTONIC_READS,normal,netem delay 25ms 25ms,ALL,QUORUM,cassandra2,cassandra1,False,2,2,False
4,5,MONOTONIC_READS,normal,netem delay 25ms 25ms,ALL,QUORUM,cassandra2,cassandra1,False,2,2,False
5,1,MONOTONIC_READS,normal,netem delay 25ms 25ms,ALL,QUORUM,cassandra3,cassandra2,False,,2,False
5,2,MONOTONIC_READS,normal,netem delay 25ms 25ms,ALL,QUORUM,cassandra3,cassandra3,True,2,2,False
5,3,MONOTONIC_READS,normal,netem delay 25ms 25ms,ALL,QUORUM,cassandra3,cassandra1,False,2,2,False
5,4,MONOTONIC_READS,normal,netem delay 25ms 25ms,ALL,QUORUM,cassandra3,cassandra2,False,2,2,False
5,5,MONOTONIC_READS,normal,netem delay 25ms 25ms,ALL,QUORUM,cassandra3,cassandra2,False,2,2,False
6,1,MONOTONIC_READS,normal,netem delay 25ms 25ms,ALL,QUORUM,cassandra1,cassandra3,False,,2,False
6,2,MONOTONIC_READS,normal,netem delay 25ms 25ms,ALL,QUORUM,cassandra1,cassandra3,False,2,2,False
6,3,MONOTONIC_READS,normal,netem delay 25ms 25ms,ALL,QUORUM,cassandra1,cassandra1,True,2,2,False
6,4,MONOTONIC_READS,normal,netem delay 25ms 25ms,ALL,QUORUM,cassandra1,cassandra3,False,2,2,False
6,5,MONOTONIC_READS,normal,netem delay 25ms 25ms,ALL,QUORUM,cassandra1,cassandra3,False,2,2,False
7,1,MONOTONIC_READS,normal,netem delay 25ms 25ms,ALL,QUORUM,cassandra2,cassandra1,False,,2,False
7,2,MONOTONIC_READS,normal,netem delay 25ms 25ms,ALL,QUORUM,cassandra2,cassandra1,False,2,2,False
7,3,MONOTONIC_READS,normal,netem delay 25ms 25ms,ALL,QUORUM,cassandra2,cassandra2,True,2,2,False
7,4,MONOTONIC_READS,normal,netem delay 25ms 25ms,ALL,QUORUM,cassandra2,cassandra3,False,2,2,False
7,5,MONOTONIC_READS,normal,netem delay 25ms 25ms,ALL,QUORUM,cassandra2,cassandra1,False,2,2,False
8,1,MONOTONIC_READS,normal,netem delay 25ms 25ms,ALL,QUORUM,cassandra2,cassandra2,True,,2,False
8,2,MONOTONIC_READS,normal,netem delay 25ms 25ms,ALL,QUORUM,cassandra2,cassandra1,False,2,2,False
8,3,MONOTONIC_READS,normal,netem delay 25ms 25ms,ALL,QUORUM,cassandra2,cassandra1,False,2,2,False
8,4,MONOTONIC_READS,normal,netem delay 25ms 25ms,ALL,QUORUM,cassandra2,cassandra2,True,2,2,False
8,5,MONOTONIC_READS,normal,netem delay 25ms 25ms,ALL,QUORUM,cassandra2,cassandra1,False,2,2,False
9,1,MONOTONIC_READS,normal,netem delay 25ms 25ms,ALL,QUORUM,cassandra3,cassandra2,False,,2,False
9,2,MONOTONIC_READS,normal,netem delay 25ms 25ms,ALL,QUORUM,cassandra3,cassandra3,True,2,2,False
9,3,MONOTONIC_READS,normal,netem delay 25ms 25ms,ALL,QUORUM,cassandra3,cassandra2,False,2,2,False
9,4,MONOTONIC_READS,normal,netem delay 25ms 25ms,ALL,QUORUM,cassandra3,cassandra1,False,2,2,False
9,5,MONOTONIC_READS,normal,netem delay 25ms 25ms,ALL,QUORUM,cassandra3,cassandra2,False,2,2,False
10,1,MONOTONIC_READS,normal,netem delay 25ms 25ms,ALL,QUORUM,cassandra1,cassandra1,True,,2,False
10,2,MONOTONIC_READS,normal,netem delay 25ms 25ms,ALL,QUORUM,cassandra1,cassandra1,True,2,2,False
10,3,MONOTONIC_READS,normal,netem delay 25ms 25ms,ALL,QUORUM,cassandra1,cassandra1,True,2,2,False
10,4,MONOTONIC_READS,normal,netem delay 25ms 25ms,ALL,QUORUM,cassandra1,cassandra2,False,2,2,False
10,5,MONOTONIC_READS,normal,netem delay 25ms 25ms,ALL,QUORUM,cassandra1,cassandra2,False,2,2,False
11,1,MONOTONIC_READS,normal,netem delay 25ms 25ms,ALL,QUORUM,cassandra1,cassandra3,False,,2,False
11,2,MONOTONIC_READS,normal,netem delay 25ms 25ms,ALL,QUORUM,cassandra1,cassandra1,True,2,2,False
11,3,MONOTONIC_READS,normal,netem delay 25ms 25ms,ALL,QUORUM,cassandra1,cassandra1,True,2,2,False
11,4,MONOTONIC_READS,normal,netem delay 25ms 25ms,ALL,QUORUM,cassandra1,cassandra1,True,2,2,False
11,5,MONOTONIC_READS,normal,netem delay 25ms 25ms,ALL,QUORUM,cassandra1,cassandra3,False,2,2,False
12,1,MONOTONIC_READS,normal,netem delay 25ms 25ms,ALL,QUORUM,cassandra2,cassandra3,False,,2,False
12,2,MONOTONIC_READS,normal,netem delay 25ms 25ms,ALL,QUORUM,cassandra2,cassandra3,False,2,2,False
12,3,MONOTONIC_READS,normal,netem delay 25ms 25ms,ALL,QUORUM,cassandra2,cassandra2,True,2,2,False
12,4,MONOTONIC_READS,normal,netem delay 25ms 25ms,ALL,QUORUM,cassandra2,cassandra3,False,2,2,False
12,5,MONOTONIC_READS,normal,netem delay 25ms 25ms,ALL,QUORUM,cassandra2,cassandra1,False,2,2,False
13,1,MONOTONIC_READS,normal,netem delay 25ms 25ms,ALL,QUORUM,cassandra2,cassandra3,False,,2,False
13,2,MONOTONIC_READS,normal,netem delay 25ms 25ms,ALL,QUORUM,cassandra2,cassandra2,True,2,2,False
13,3,MONOTONIC_READS,normal,netem delay 25ms 25ms,ALL,QUORUM,cassandra2,cassandra3,False,2,2,False
13,4,MONOTONIC_READS,normal,netem delay 25ms 25ms,ALL,QUORUM,cassandra2,cassandra3,False,2,2,False
13,5,MONOTONIC_READS,normal,netem delay 25ms 25ms,ALL,QUORUM,cassandra2,cassandra2,True,2,2,False
14,1,MONOTONIC_READS,normal,netem delay 25ms 25ms,ALL,QUORUM,cassandra3,cassandra1,False,,2,False
14,2,MONOTONIC_READS,normal,netem delay 25ms 25ms,ALL,QUORUM,cassandra3,cassandra1,False,2,2,False
14,3,MONOTONIC_READS,normal,netem delay 25ms 25ms,ALL,QUORUM,cassandra3,cassandra2,False,2,2,False
14,4,MONOTONIC_READS,normal,netem delay 25ms 25ms,ALL,QUORUM,cassandra3,cassandra1,False,2,2,False
14,5,MONOTONIC_READS,normal,netem delay 25ms 25ms,ALL,QUORUM,cassandra3,cassandra2,False,2,2,False
15,1,MONOTONIC_READS,normal,netem delay 25ms 25ms,ALL,QUORUM,cassandra1,cassandra2,False,,2,False
15,2,MONOTONIC_READS,normal,netem delay 25ms 25ms,ALL,QUORUM,cassandra1,cassandra1,True,2,2,False
15,3,MONOTONIC_READS,normal,netem delay 25ms 25ms,ALL,QUORUM,cassandra1,cassandra1,True,2,2,False
15,4,MONOTONIC_READS,normal,netem delay 25ms 25ms,ALL,QUORUM,cassandra1,cassandra3,False,2,2,False
15,5,MONOTONIC_READS,normal,netem delay 25ms 25ms,ALL,QUORUM,cassandra1,cassandra1,True,2,2,False
16,1,MONOTONIC_READS,normal,netem delay 25ms 25ms,ALL,QUORUM,cassandra1,cassandra3,False,,2,False
16,2,MONOTONIC_READS,normal,netem delay 25ms 25ms,ALL,QUORUM,cassandra1,cassandra2,False,2,2,False
16,3,MONOTONIC_READS,normal,netem delay 25ms 25ms,ALL,QUORUM,cassandra1,cassandra1,True,2,2,False
16,4,MONOTONIC_READS,normal,netem delay 25ms 25ms,ALL,QUORUM,cassandra1,cassandra3,False,2,2,False
16,5,MONOTONIC_READS,normal,netem delay 25ms 25ms,ALL,QUORUM,cassandra1,cassandra3,False,2,2,False
17,1,MONOTONIC_READS,normal,netem delay 25ms 25ms,ALL,QUORUM,cassandra3,cassandra3,True,,2,False
17,2,MONOTONIC_READS,normal,netem delay 25ms 25ms,ALL,QUORUM,cassandra3,cassandra2,False,2,2,False
17,3,MONOTONIC_READS,normal,netem delay 25ms 25ms,ALL,QUORUM,cassandra3,cassandra3,True,2,2,False
17,4,MONOTONIC_READS,normal,netem delay 25ms 25ms,ALL,QUORUM,cassandra3,cassandra2,False,2,2,False
17,5,MONOTONIC_READS,normal,netem delay 25ms 25ms,ALL,QUORUM,cassandra3,cassandra3,True,2,2,False
18,1,MONOTONIC_READS,normal,netem delay 25ms 25ms,ALL,QUORUM,cassandra2,cassandra3,False,,2,False
18,2,MONOTONIC_READS,normal,netem delay 25ms 25ms,ALL,QUORUM,cassandra2,cassandra3,False,2,2,False
18,3,MONOTONIC_READS,normal,netem delay 25ms 25ms,ALL,QUORUM,cassandra2,cassandra3,False,2,2,False
18,4,MONOTONIC_READS,normal,netem delay 25ms 25ms,ALL,QUORUM,cassandra2,cassandra1,False,2,2,False
18,5,MONOTONIC_READS,normal,netem delay 25ms 25ms,ALL,QUORUM,cassandra2,cassandra2,True,2,2,False
19,1,MONOTONIC_READS,normal,netem delay 25ms 25ms,ALL,QUORUM,cassandra3,cassandra2,False,,2,False
19,2,MONOTONIC_READS,normal,netem delay 25ms 25ms,ALL,QUORUM,cassandra3,cassandra1,False,2,2,False
19,3,MONOTONIC_READS,normal,netem delay 25ms 25ms,ALL,QUORUM,cassandra3,cassandra1,False,2,2,False
19,4,MONOTONIC_READS,normal,netem delay 25ms 25ms,ALL,QUORUM,cassandra3,cassandra2,False,2,2,False
19,5,MONOTONIC_READS,normal,netem delay 25ms 25ms,ALL,QUORUM,cassandra3,cassandra1,False,2,2,False
20,1,MONOTONIC_READS,normal,netem delay 25ms 25ms,ALL,QUORUM,cassandra1,cassandra1,True,,2,False
20,2,MONOTONIC_READS,normal,netem delay 25ms 25ms,ALL,QUORUM,cassandra1,cassandra2,False,2,2,False
20,3,MONOTONIC_READS,normal,netem delay 25ms 25ms,ALL,QUORUM,cassandra1,cassandra1,True,2,2,False
20,4,MONOTONIC_READS,normal,netem delay 25ms 25ms,ALL,QUORUM,cassandra1,cassandra2,False,2,2,False
20,5,MONOTONIC_READS,normal,netem delay 25ms 25ms,ALL,QUORUM,cassandra1,cassandra3,False,2,2,False
21,1,MONOTONIC_READS,normal,netem delay 25ms 25ms,ALL,QUORUM,cassandra2,cassandra1,False,,2,False
21,2,MONOTONIC_READS,normal,netem delay 25ms 25ms,ALL,QUORUM,cassandra2,cassandra2,True,2,2,False
21,3,MONOTONIC_READS,normal,netem delay 25ms 25ms,ALL,QUORUM,cassandra2,cassandra3,False,2,2,False
21,4,MONOTONIC_READS,normal,netem delay 25ms 25ms,ALL,QUORUM,cassandra2,cassandra3,False,2,2,False
21,5,MONOTONIC_READS,normal,netem delay 25ms 25ms,ALL,QUORUM,cassandra2,cassandra3,False,2,2,False
22,1,MONOTONIC_READS,normal,netem delay 25ms 25ms,ALL,QUORUM,cassandra2,cassandra2,True,,2,False
22,2,MONOTONIC_READS,normal,netem delay 25ms 25ms,ALL,QUORUM,cassandra2,cassandra2,True,2,2,False
22,3,MONOTONIC_READS,normal,netem delay 25ms 25ms,ALL,QUORUM,cassandra2,cassandra1,False,2,2,False
22,4,MONOTONIC_READS,normal,netem delay 25ms 25ms,ALL,QUORUM,cassandra2,cassandra3,False,2,2,False
22,5,MONOTONIC_READS,normal,netem delay 25ms 25ms,ALL,QUORUM,cassandra2,cassandra1,False,2,2,False
23,1,MONOTONIC_READS,normal,netem delay 25ms 25ms,ALL,QUORUM,cassandra3,cassandra2,False,,2,False
23,2,MONOTONIC_READS,normal,netem delay 25ms 25ms,ALL,QUORUM,cassandra3,cassandra1,False,2,2,False
23,3,MONOTONIC_READS,normal,netem delay 25ms 25ms,ALL,QUORUM,cassandra3,cassandra3,True,2,2,False
23,4,MONOTONIC_READS,normal,netem delay 25ms 25ms,ALL,QUORUM,cassandra3,cassandra2,False,2,2,False
23,5,MONOTONIC_READS,normal,netem delay 25ms 25ms,ALL,QUORUM,cassandra3,cassandra2,False,2,2,False
24,1,MONOTONIC_READS,normal,netem delay 25ms 25ms,ALL,QUORUM,cassandra3,cassandra3,True,,2,False
24,2,MONOTONIC_READS,normal,netem delay 25ms 25ms,ALL,QUORUM,cassandra3,cassandra3,True,2,2,False
24,3,MONOTONIC_READS,normal,netem delay 25ms 25ms,ALL,QUORUM,cassandra3,cassandra1,False,2,2,False
24,4,MONOTONIC_READS,normal,netem delay 25ms 25ms,ALL,QUORUM,cassandra3,cassandra1,False,2,2,False
24,5,MONOTONIC_READS,normal,netem delay 25ms 25ms,ALL,QUORUM,cassandra3,cassandra2,False,2,2,False
25,1,MONOTONIC_READS,normal,netem delay 25ms 25ms,ALL,QUORUM,cassandra1,cassandra2,False,,2,False
25,2,MONOTONIC_READS,normal,netem delay 25ms 25ms,ALL,QUORUM,cassandra1,cassandra3,False,2,2,False
25,3,MONOTONIC_READS,normal,netem delay 25ms 25ms,ALL,QUORUM,cassandra1,cassandra1,True,2,2,False
25,4,MONOTONIC_READS,normal,netem delay 25ms 25ms,ALL,QUORUM,cassandra1,cassandra3,False,2,2,False
25,5,MONOTONIC_READS,normal,netem delay 25ms 25ms,ALL,QUORUM,cassandra1,cassandra1,True,2,2,False
26,1,MONOTONIC_READS,normal,netem delay 25ms 25ms,ALL,QUORUM,cassandra2,cassandra2,True,,2,False
26,2,MONOTONIC_READS,normal,netem delay 25ms 25ms,ALL,QUORUM,cassandra2,cassandra3,False,2,2,False
26,3,MONOTONIC_READS,normal,netem delay 25ms 25ms,ALL,QUORUM,cassandra2,cassandra1,False,2,2,False
26,4,MONOTONIC_READS,normal,netem delay 25ms 25ms,ALL,QUORUM,cassandra2,cassandra1,False,2,2,False
26,5,MONOTONIC_READS,normal,netem delay 25ms 25ms,ALL,QUORUM,cassandra2,cassandra2,True,2,2,False
27,1,MONOTONIC_READS,normal,netem delay 25ms 25ms,ALL,QUORUM,cassandra1,cassandra2,False,,2,False
27,2,MONOTONIC_READS,normal,netem delay 25ms 25ms,ALL,QUORUM,cassandra1,cassandra3,False,2,2,False
27,3,MONOTONIC_READS,normal,netem delay 25ms 25ms,ALL,QUORUM,cassandra1,cassandra1,True,2,2,False
27,4,MONOTONIC_READS,normal,netem delay 25ms 25ms,ALL,QUORUM,cassandra1,cassandra2,False,2,2,False
27,5,MONOTONIC_READS,normal,netem delay 25ms 25ms,ALL,QUORUM,cassandra1,cassandra2,False,2,2,False
28,1,MONOTONIC_READS,normal,netem delay 25ms 25ms,ALL,QUORUM,cassandra2,cassandra3,False,,2,False
28,2,MONOTONIC_READS,normal,netem delay 25ms 25ms,ALL,QUORUM,cassandra2,cassandra3,False,2,2,False
28,3,MONOTONIC_READS,normal,netem delay 25ms 25ms,ALL,QUORUM,cassandra2,cassandra1,False,2,2,False
28,4,MONOTONIC_READS,normal,netem delay 25ms 25ms,ALL,QUORUM,cassandra2,cassandra3,False,2,2,False
28,5,MONOTONIC_READS,normal,netem delay 25ms 25ms,ALL,QUORUM,cassandra2,cassandra1,False,2,2,False
29,1,MONOTONIC_READS,normal,netem delay 25ms 25ms,ALL,QUORUM,cassandra3,cassandra1,False,,2,False
29,2,MONOTONIC_READS,normal,netem delay 25ms 25ms,ALL,QUORUM,cassandra3,cassandra2,False,2,2,False
29,3,MONOTONIC_READS,normal,netem delay 25ms 25ms,ALL,QUORUM,cassandra3,cassandra3,True,2,2,False
29,4,MONOTONIC_READS,normal,netem delay 25ms 25ms,ALL,QUORUM,cassandra3,cassandra3,True,2,2,False
29,5,MONOTONIC_READS,normal,netem delay 25ms 25ms,ALL,QUORUM,cassandra3,cassandra1,False,2,2,False
30,1,MONOTONIC_READS,normal,netem delay 25ms 25ms,ALL,QUORUM,cassandra3,cassandra3,True,,2,False
30,2,MONOTONIC_READS,normal,netem delay 25ms 25ms,ALL,QUORUM,cassandra3,cassandra3,True,2,2,False
30,3,MONOTONIC_READS,normal,netem delay 25ms 25ms,ALL,QUORUM,cassandra3,cassandra1,False,2,2,False
30,4,MONOTONIC_READS,normal,netem delay 25ms 25ms,ALL,QUORUM,cassandra3,cassandra2,False,2,2,False
30,5,MONOTONIC_READS,normal,netem delay 25ms 25ms,ALL,QUORUM,cassandra3,cassandra2,False,2,2,False
31,1,MONOTONIC_READS,normal,netem delay 25ms 25ms,ALL,QUORUM,cassandra2,cassandra2,True,,2,False
31,2,MONOTONIC_READS,normal,netem delay 25ms 25ms,ALL,QUORUM,cassandra2,cassandra2,True,2,2,False
31,3,MONOTONIC_READS,normal,netem delay 25ms 25ms,ALL,QUORUM,cassandra2,cassandra3,False,2,2,False
31,4,MONOTONIC_READS,normal,netem delay 25ms 25ms,ALL,QUORUM,cassandra2,cassandra1,False,2,2,False
31,5,MONOTONIC_READS,normal,netem delay 25ms 25ms,ALL,QUORUM,cassandra2,cassandra1,False,2,2,False
32,1,MONOTONIC_READS,normal,netem delay 25ms 25ms,ALL,QUORUM,cassandra1,cassandra3,False,,2,False
32,2,MONOTONIC_READS,normal,netem delay 25ms 25ms,ALL,QUORUM,cassandra1,cassandra1,True,2,2,False
32,3,MONOTONIC_READS,normal,netem delay 25ms 25ms,ALL,QUORUM,cassandra1,cassandra2,False,2,2,False
32,4,MONOTONIC_READS,normal,netem delay 25ms 25ms,ALL,QUORUM,cassandra1,cassandra1,True,2,2,False
32,5,MONOTONIC_READS,normal,netem delay 25ms 25ms,ALL,QUORUM,cassandra1,cassandra2,False,2,2,False
33,1,MONOTONIC_READS,normal,netem delay 25ms 25ms,ALL,QUORUM,cassandra1,cassandra1,True,,2,False
33,2,MONOTONIC_READS,normal,netem delay 25ms 25ms,ALL,QUORUM,cassandra1,cassandra1,True,2,2,False
33,3,MONOTONIC_READS,normal,netem delay 25ms 25ms,ALL,QUORUM,cassandra1,cassandra3,False,2,2,False
33,4,MONOTONIC_READS,normal,netem delay 25ms 25ms,ALL,QUORUM,cassandra1,cassandra1,True,2,2,False
33,5,MONOTONIC_READS,normal,netem delay 25ms 25ms,ALL,QUORUM,cassandra1,cassandra2,False,2,2,False
34,1,MONOTONIC_READS,normal,netem delay 25ms 25ms,ALL,QUORUM,cassandra3,cassandra2,False,,2,False
34,2,MONOTONIC_READS,normal,netem delay 25ms 25ms,ALL,QUORUM,cassandra3,cassandra1,False,2,2,False
34,3,MONOTONIC_READS,normal,netem delay 25ms 25ms,ALL,QUORUM,cassandra3,cassandra2,False,2,2,False
34,4,MONOTONIC_READS,normal,netem delay 25ms 25ms,ALL,QUORUM,cassandra3,cassandra3,True,2,2,False
34,5,MONOTONIC_READS,normal,netem delay 25ms 25ms,ALL,QUORUM,cassandra3,cassandra2,False,2,2,False
35,1,MONOTONIC_READS,normal,netem delay 25ms 25ms,ALL,QUORUM,cassandra3,cassandra2,False,,2,False
35,2,MONOTONIC_READS,normal,netem delay 25ms 25ms,ALL,QUORUM,cassandra3,cassandra2,False,2,2,False
35,3,MONOTONIC_READS,normal,netem delay 25ms 25ms,ALL,QUORUM,cassandra3,cassandra3,True,2,2,False
35,4,MONOTONIC_READS,normal,netem delay 25ms 25ms,ALL,QUORUM,cassandra3,cassandra2,False,2,2,False
35,5,MONOTONIC_READS,normal,netem delay 25ms 25ms,ALL,QUORUM,cassandra3,cassandra1,False,2,2,False
36,1,MONOTONIC_READS,normal,netem delay 25ms 25ms,ALL,QUORUM,cassandra1,cassandra2,False,,2,False
36,2,MONOTONIC_READS,normal,netem delay 25ms 25ms,ALL,QUORUM,cassandra1,cassandra1,True,2,2,False
36,3,MONOTONIC_READS,normal,netem delay 25ms 25ms,ALL,QUORUM,cassandra1,cassandra2,False,2,2,False
36,4,MONOTONIC_READS,normal,netem delay 25ms 25ms,ALL,QUORUM,cassandra1,cassandra3,False,2,2,False
36,5,MONOTONIC_READS,normal,netem delay 25ms 25ms,ALL,QUORUM,cassandra1,cassandra2,False,2,2,False
37,1,MONOTONIC_READS,normal,netem delay 25ms 25ms,ALL,QUORUM,cassandra2,cassandra1,False,,2,False
37,2,MONOTONIC_READS,normal,netem delay 25ms 25ms,ALL,QUORUM,cassandra2,cassandra1,False,2,2,False
37,3,MONOTONIC_READS,normal,netem delay 25ms 25ms,ALL,QUORUM,cassandra2,cassandra3,False,2,2,False
37,4,MONOTONIC_READS,normal,netem delay 25ms 25ms,ALL,QUORUM,cassandra2,cassandra2,True,2,2,False
37,5,MONOTONIC_READS,normal,netem delay 25ms 25ms,ALL,QUORUM,cassandra2,cassandra3,False,2,2,False
38,1,MONOTONIC_READS,normal,netem delay 25ms 25ms,ALL,QUORUM,cassandra2,cassandra1,False,,2,False
38,2,MONOTONIC_READS,normal,netem delay 25ms 25ms,ALL,QUORUM,cassandra2,cassandra1,False,2,2,False
38,3,MONOTONIC_READS,normal,netem delay 25ms 25ms,ALL,QUORUM,cassandra2,cassandra1,False,2,2,False
38,4,MONOTONIC_READS,normal,netem delay 25ms 25ms,ALL,QUORUM,cassandra2,cassandra3,False,2,2,False
38,5,MONOTONIC_READS,normal,netem delay 25ms 25ms,ALL,QUORUM,cassandra2,cassandra2,True,2,2,False
39,1,MONOTONIC_READS,normal,netem delay 25ms 25ms,ALL,QUORUM,cassandra1,cassandra1,True,,2,False
39,2,MONOTONIC_READS,normal,netem delay 25ms 25ms,ALL,QUORUM,cassandra1,cassandra3,False,2,2,False
39,3,MONOTONIC_READS,normal,netem delay 25ms 25ms,ALL,QUORUM,cassandra1,cassandra2,False,2,2,False
39,4,MONOTONIC_READS,normal,netem delay 25ms 25ms,ALL,QUORUM,cassandra1,cassandra2,False,2,2,False
39,5,MONOTONIC_READS,normal,netem delay 25ms 25ms,ALL,QUORUM,cassandra1,cassandra3,False,2,2,False
40,1,MONOTONIC_READS,normal,netem delay 25ms 25ms,ALL,QUORUM,cassandra2,cassandra1,False,,2,False
40,2,MONOTONIC_READS,normal,netem delay 25ms 25ms,ALL,QUORUM,cassandra2,cassandra3,False,2,2,False
40,3,MONOTONIC_READS,normal,netem delay 25ms 25ms,ALL,QUORUM,cassandra2,cassandra3,False,2,2,False
40,4,MONOTONIC_READS,normal,netem delay 25ms 25ms,ALL,QUORUM,cassandra2,cassandra1,False,2,2,False
40,5,MONOTONIC_READS,normal,netem delay 25ms 25ms,ALL,QUORUM,cassandra2,cassandra2,True,2,2,False
41,1,MONOTONIC_READS,normal,netem delay 25ms 25ms,ALL,QUORUM,cassandra2,cassandra1,False,,2,False
41,2,MONOTONIC_READS,normal,netem delay 25ms 25ms,ALL,QUORUM,cassandra2,cassandra1,False,2,2,False
41,3,MONOTONIC_READS,normal,netem delay 25ms 25ms,ALL,QUORUM,cassandra2,cassandra2,True,2,2,False
41,4,MONOTONIC_READS,normal,netem delay 25ms 25ms,ALL,QUORUM,cassandra2,cassandra3,False,2,2,False
41,5,MONOTONIC_READS,normal,netem delay 25ms 25ms,ALL,QUORUM,cassandra2,cassandra2,True,2,2,False
42,1,MONOTONIC_READS,normal,netem delay 25ms 25ms,ALL,QUORUM,cassandra3,cassandra1,False,,2,False
42,2,MONOTONIC_READS,normal,netem delay 25ms 25ms,ALL,QUORUM,cassandra3,cassandra1,False,2,2,False
42,3,MONOTONIC_READS,normal,netem delay 25ms 25ms,ALL,QUORUM,cassandra3,cassandra3,True,2,2,False
42,4,MONOTONIC_READS,normal,netem delay 25ms 25ms,ALL,QUORUM,cassandra3,cassandra2,False,2,2,False
42,5,MONOTONIC_READS,normal,netem delay 25ms 25ms,ALL,QUORUM,cassandra3,cassandra3,True,2,2,False
43,1,MONOTONIC_READS,normal,netem delay 25ms 25ms,ALL,QUORUM,cassandra3,cassandra2,False,,2,False
43,2,MONOTONIC_READS,normal,netem delay 25ms 25ms,ALL,QUORUM,cassandra3,cassandra1,False,2,2,False
43,3,MONOTONIC_READS,normal,netem delay 25ms 25ms,ALL,QUORUM,cassandra3,cassandra2,False,2,2,False
43,4,MONOTONIC_READS,normal,netem delay 25ms 25ms,ALL,QUORUM,cassandra3,cassandra3,True,2,2,False
43,5,MONOTONIC_READS,normal,netem delay 25ms 25ms,ALL,QUORUM,cassandra3,cassandra2,False,2,2,False
44,1,MONOTONIC_READS,normal,netem delay 25ms 25ms,ALL,QUORUM,cassandra1,cassandra1,True,,2,False
44,2,MONOTONIC_READS,normal,netem delay 25ms 25ms,ALL,QUORUM,cassandra1,cassandra3,False,2,2,False
44,3,MONOTONIC_READS,normal,netem delay 25ms 25ms,ALL,QUORUM,cassandra1,cassandra2,False,2,2,False
44,4,MONOTONIC_READS,normal,netem delay 25ms 25ms,ALL,QUORUM,cassandra1,cassandra2,False,2,2,False
44,5,MONOTONIC_READS,normal,netem delay 25ms 25ms,ALL,QUORUM,cassandra1,cassandra2,False,2,2,False
45,1,MONOTONIC_READS,normal,netem delay 25ms 25ms,ALL,QUORUM,cassandra3,cassandra2,False,,2,False
45,2,MONOTONIC_READS,normal,netem delay 25ms 25ms,ALL,QUORUM,cassandra3,cassandra3,True,2,2,False
45,3,MONOTONIC_READS,normal,netem delay 25ms 25ms,ALL,QUORUM,cassandra3,cassandra2,False,2,2,False
45,4,MONOTONIC_READS,normal,netem delay 25ms 25ms,ALL,QUORUM,cassandra3,cassandra1,False,2,2,False
45,5,MONOTONIC_READS,normal,netem delay 25ms 25ms,ALL,QUORUM,cassandra3,cassandra3,True,2,2,False
46,1,MONOTONIC_READS,normal,netem delay 25ms 25ms,ALL,QUORUM,cassandra2,cassandra3,False,,2,False
46,2,MONOTONIC_READS,normal,netem delay 25ms 25ms,ALL,QUORUM,cassandra2,cassandra2,True,2,2,False
46,3,MONOTONIC_READS,normal,netem delay 25ms 25ms,ALL,QUORUM,cassandra2,cassandra1,False,2,2,False
46,4,MONOTONIC_READS,normal,netem delay 25ms 25ms,ALL,QUORUM,cassandra2,cassandra2,True,2,2,False
46,5,MONOTONIC_READS,normal,netem delay 25ms 25ms,ALL,QUORUM,cassandra2,cassandra2,True,2,2,False
47,1,MONOTONIC_READS,normal,netem delay 25ms 25ms,ALL,QUORUM,cassandra3,cassandra2,False,,2,False
47,2,MONOTONIC_READS,normal,netem delay 25ms 25ms,ALL,QUORUM,cassandra3,cassandra1,False,2,2,False
47,3,MONOTONIC_READS,normal,netem delay 25ms 25ms,ALL,QUORUM,cassandra3,cassandra1,False,2,2,False
47,4,MONOTONIC_READS,normal,netem delay 25ms 25ms,ALL,QUORUM,cassandra3,cassandra3,True,2,2,False
47,5,MONOTONIC_READS,normal,netem delay 25ms 25ms,ALL,QUORUM,cassandra3,cassandra1,False,2,2,False
48,1,MONOTONIC_READS,normal,netem delay 25ms 25ms,ALL,QUORUM,cassandra2,cassandra1,False,,2,False
48,2,MONOTONIC_READS,normal,netem delay 25ms 25ms,ALL,QUORUM,cassandra2,cassandra2,True,2,2,False
48,3,MONOTONIC_READS,normal,netem delay 25ms 25ms,ALL,QUORUM,cassandra2,cassandra3,False,2,2,False
48,4,MONOTONIC_READS,normal,netem delay 25ms 25ms,ALL,QUORUM,cassandra2,cassandra3,False,2,2,False
48,5,MONOTONIC_READS,normal,netem delay 25ms 25ms,ALL,QUORUM,cassandra2,cassandra1,False,2,2,False
49,1,MONOTONIC_READS,normal,netem delay 25ms 25ms,ALL,QUORUM,cassandra2,cassandra1,False,,2,False
49,2,MONOTONIC_READS,normal,netem delay 25ms 25ms,ALL,QUORUM,cassandra2,cassandra2,True,2,2,False
49,3,MONOTONIC_READS,normal,netem delay 25ms 25ms,ALL,QUORUM,cassandra2,cassandra1,False,2,2,False
49,4,MONOTONIC_READS,normal,netem delay 25ms 25ms,ALL,QUORUM,cassandra2,cassandra1,False,2,2,False
49,5,MONOTONIC_READS,normal,netem delay 25ms 25ms,ALL,QUORUM,cassandra2,cassandra1,False,2,2,False
50,1,MONOTONIC_READS,normal,netem delay 25ms 25ms,ALL,QUORUM,cassandra1,cassandra2,False,,2,False
50,2,MONOTONIC_READS,normal,netem delay 25ms 25ms,ALL,QUORUM,cassandra1,cassandra1,True,2,2,False
50,3,MONOTONIC_READS,normal,netem delay 25ms 25ms,ALL,QUORUM,cassandra1,cassandra3,False,2,2,False
50,4,MONOTONIC_READS,normal,netem delay 25ms 25ms,ALL,QUORUM,cassandra1,cassandra2,False,2,2,False
50,5,MONOTONIC_READS,normal,netem delay 25ms 25ms,ALL,QUORUM,cassandra1,cassandra1,True,2,2,False
51,1,MONOTONIC_READS,normal,netem delay 25ms 25ms,ALL,QUORUM,cassandra1,cassandra2,False,,2,False
51,2,MONOTONIC_READS,normal,netem delay 25ms 25ms,ALL,QUORUM,cassandra1,cassandra3,False,2,2,False
51,3,MONOTONIC_READS,normal,netem delay 25ms 25ms,ALL,QUORUM,cassandra1,cassandra3,False,2,2,False
51,4,MONOTONIC_READS,normal,netem delay 25ms 25ms,ALL,QUORUM,cassandra1,cassandra1,True,2,2,False
51,5,MONOTONIC_READS,normal,netem delay 25ms 25ms,ALL,QUORUM,cassandra1,cassandra1,True,2,2,False
52,1,MONOTONIC_READS,normal,netem delay 25ms 25ms,ALL,QUORUM,cassandra2,cassandra2,True,,2,False
52,2,MONOTONIC_READS,normal,netem delay 25ms 25ms,ALL,QUORUM,cassandra2,cassandra2,True,2,2,False
52,3,MONOTONIC_READS,normal,netem delay 25ms 25ms,ALL,QUORUM,cassandra2,cassandra2,True,2,2,False
52,4,MONOTONIC_READS,normal,netem delay 25ms 25ms,ALL,QUORUM,cassandra2,cassandra3,False,2,2,False
52,5,MONOTONIC_READS,normal,netem delay 25ms 25ms,ALL,QUORUM,cassandra2,cassandra1,False,2,2,False
53,1,MONOTONIC_READS,normal,netem delay 25ms 25ms,ALL,QUORUM,cassandra3,cassandra3,True,,2,False
53,2,MONOTONIC_READS,normal,netem delay 25ms 25ms,ALL,QUORUM,cassandra3,cassandra1,False,2,2,False
53,3,MONOTONIC_READS,normal,netem delay 25ms 25ms,ALL,QUORUM,cassandra3,cassandra1,False,2,2,False
53,4,MONOTONIC_READS,normal,netem delay 25ms 25ms,ALL,QUORUM,cassandra3,cassandra3,True,2,2,False
53,5,MONOTONIC_READS,normal,netem delay 25ms 25ms,ALL,QUORUM,cassandra3,cassandra3,True,2,2,False
54,1,MONOTONIC_READS,normal,netem delay 25ms 25ms,ALL,QUORUM,cassandra3,cassandra1,False,,2,False
54,2,MONOTONIC_READS,normal,netem delay 25ms 25ms,ALL,QUORUM,cassandra3,cassandra1,False,2,2,False
54,3,MONOTONIC_READS,normal,netem delay 25ms 25ms,ALL,QUORUM,cassandra3,cassandra1,False,2,2,False
54,4,MONOTONIC_READS,normal,netem delay 25ms 25ms,ALL,QUORUM,cassandra3,cassandra1,False,2,2,False
54,5,MONOTONIC_READS,normal,netem delay 25ms 25ms,ALL,QUORUM,cassandra3,cassandra2,False,2,2,False
55,1,MONOTONIC_READS,normal,netem delay 25ms 25ms,ALL,QUORUM,cassandra2,cassandra1,False,,2,False
55,2,MONOTONIC_READS,normal,netem delay 25ms 25ms,ALL,QUORUM,cassandra2,cassandra2,True,2,2,False
55,3,MONOTONIC_READS,normal,netem delay 25ms 25ms,ALL,QUORUM,cassandra2,cassandra3,False,2,2,False
55,4,MONOTONIC_READS,normal,netem delay 25ms 25ms,ALL,QUORUM,cassandra2,cassandra1,False,2,2,False
55,5,MONOTONIC_READS,normal,netem delay 25ms 25ms,ALL,QUORUM,cassandra2,cassandra2,True,2,2,False
56,1,MONOTONIC_READS,normal,netem delay 25ms 25ms,ALL,QUORUM,cassandra1,cassandra3,False,,2,False
56,2,MONOTONIC_READS,normal,netem delay 25ms 25ms,ALL,QUORUM,cassandra1,cassandra2,False,2,2,False
56,3,MONOTONIC_READS,normal,netem delay 25ms 25ms,ALL,QUORUM,cassandra1,cassandra3,False,2,2,False
56,4,MONOTONIC_READS,normal,netem delay 25ms 25ms,ALL,QUORUM,cassandra1,cassandra1,True,2,2,False
56,5,MONOTONIC_READS,normal,netem delay 25ms 25ms,ALL,QUORUM,cassandra1,cassandra1,True,2,2,False
57,1,MONOTONIC_READS,normal,netem delay 25ms 25ms,ALL,QUORUM,cassandra1,cassandra1,True,,2,False
57,2,MONOTONIC_READS,normal,netem delay 25ms 25ms,ALL,QUORUM,cassandra1,cassandra1,True,2,2,False
57,3,MONOTONIC_READS,normal,netem delay 25ms 25ms,ALL,QUORUM,cassandra1,cassandra1,True,2,2,False
57,4,MONOTONIC_READS,normal,netem delay 25ms 25ms,ALL,QUORUM,cassandra1,cassandra1,True,2,2,False
57,5,MONOTONIC_READS,normal,netem delay 25ms 25ms,ALL,QUORUM,cassandra1,cassandra3,False,2,2,False
58,1,MONOTONIC_READS,normal,netem delay 25ms 25ms,ALL,QUORUM,cassandra3,cassandra1,False,,2,False
58,2,MONOTONIC_READS,normal,netem delay 25ms 25ms,ALL,QUORUM,cassandra3,cassandra1,False,2,2,False
58,3,MONOTONIC_READS,normal,netem delay 25ms 25ms,ALL,QUORUM,cassandra3,cassandra2,False,2,2,False
58,4,MONOTONIC_READS,normal,netem delay 25ms 25ms,ALL,QUORUM,cassandra3,cassandra3,True,2,2,False
58,5,MONOTONIC_READS,normal,netem delay 25ms 25ms,ALL,QUORUM,cassandra3,cassandra1,False,2,2,False
59,1,MONOTONIC_READS,normal,netem delay 25ms 25ms,ALL,QUORUM,cassandra1,cassandra3,False,,2,False
59,2,MONOTONIC_READS,normal,netem delay 25ms 25ms,ALL,QUORUM,cassandra1,cassandra2,False,2,2,False
59,3,MONOTONIC_READS,normal,netem delay 25ms 25ms,ALL,QUORUM,cassandra1,cassandra1,True,2,2,False
59,4,MONOTONIC_READS,normal,netem delay 25ms 25ms,ALL,QUORUM,cassandra1,cassandra2,False,2,2,False
59,5,MONOTONIC_READS,normal,netem delay 25ms 25ms,ALL,QUORUM,cassandra1,cassandra1,True,2,2,False
60,1,MONOTONIC_READS,normal,netem delay 25ms 25ms,ALL,QUORUM,cassandra2,cassandra2,True,,2,False
60,2,MONOTONIC_READS,normal,netem delay 25ms 25ms,ALL,QUORUM,cassandra2,cassandra3,False,2,2,False
60,3,MONOTONIC_READS,normal,netem delay 25ms 25ms,ALL,QUORUM,cassandra2,cassandra3,False,2,2,False
60,4,MONOTONIC_READS,normal,netem delay 25ms 25ms,ALL,QUORUM,cassandra2,cassandra2,True,2,2,False
60,5,MONOTONIC_READS,normal,netem delay 25ms 25ms,ALL,QUORUM,cassandra2,cassandra3,False,2,2,False
61,1,MONOTONIC_READS,normal,netem delay 25ms 25ms,ALL,QUORUM,cassandra2,cassandra1,False,,2,False
61,2,MONOTONIC_READS,normal,netem delay 25ms 25ms,ALL,QUORUM,cassandra2,cassandra1,False,2,2,False
61,3,MONOTONIC_READS,normal,netem delay 25ms 25ms,ALL,QUORUM,cassandra2,cassandra2,True,2,2,False
61,4,MONOTONIC_READS,normal,netem delay 25ms 25ms,ALL,QUORUM,cassandra2,cassandra1,False,2,2,False
61,5,MONOTONIC_READS,normal,netem delay 25ms 25ms,ALL,QUORUM,cassandra2,cassandra2,True,2,2,False
62,1,MONOTONIC_READS,normal,netem delay 25ms 25ms,ALL,QUORUM,cassandra3,cassandra2,False,,2,False
62,2,MONOTONIC_READS,normal,netem delay 25ms 25ms,ALL,QUORUM,cassandra3,cassandra1,False,2,2,False
62,3,MONOTONIC_READS,normal,netem delay 25ms 25ms,ALL,QUORUM,cassandra3,cassandra2,False,2,2,False
62,4,MONOTONIC_READS,normal,netem delay 25ms 25ms,ALL,QUORUM,cassandra3,cassandra3,True,2,2,False
62,5,MONOTONIC_READS,normal,netem delay 25ms 25ms,ALL,QUORUM,cassandra3,cassandra2,False,2,2,False
63,1,MONOTONIC_READS,normal,netem delay 25ms 25ms,ALL,QUORUM,cassandra1,cassandra1,True,,2,False
63,2,MONOTONIC_READS,normal,netem delay 25ms 25ms,ALL,QUORUM,cassandra1,cassandra1,True,2,2,False
63,3,MONOTONIC_READS,normal,netem delay 25ms 25ms,ALL,QUORUM,cassandra1,cassandra1,True,2,2,False
63,4,MONOTONIC_READS,normal,netem delay 25ms 25ms,ALL,QUORUM,cassandra1,cassandra2,False,2,2,False
63,5,MONOTONIC_READS,normal,netem delay 25ms 25ms,ALL,QUORUM,cassandra1,cassandra2,False,2,2,False
64,1,MONOTONIC_READS,normal,netem delay 25ms 25ms,ALL,QUORUM,cassandra3,cassandra3,True,,2,False
64,2,MONOTONIC_READS,normal,netem delay 25ms 25ms,ALL,QUORUM,cassandra3,cassandra2,False,2,2,False
64,3,MONOTONIC_READS,normal,netem delay 25ms 25ms,ALL,QUORUM,cassandra3,cassandra3,True,2,2,False
64,4,MONOTONIC_READS,normal,netem delay 25ms 25ms,ALL,QUORUM,cassandra3,cassandra1,False,2,2,False
64,5,MONOTONIC_READS,normal,netem delay 25ms 25ms,ALL,QUORUM,cassandra3,cassandra1,False,2,2,False
65,1,MONOTONIC_READS,normal,netem delay 25ms 25ms,ALL,QUORUM,cassandra1,cassandra2,False,,2,False
65,2,MONOTONIC_READS,normal,netem delay 25ms 25ms,ALL,QUORUM,cassandra1,cassandra2,False,2,2,False
65,3,MONOTONIC_READS,normal,netem delay 25ms 25ms,ALL,QUORUM,cassandra1,cassandra2,False,2,2,False
65,4,MONOTONIC_READS,normal,netem delay 25ms 25ms,ALL,QUORUM,cassandra1,cassandra2,False,2,2,False
65,5,MONOTONIC_READS,normal,netem delay 25ms 25ms,ALL,QUORUM,cassandra1,cassandra3,False,2,2,False
66,1,MONOTONIC_READS,normal,netem delay 25ms 25ms,ALL,QUORUM,cassandra2,cassandra2,True,,2,False
66,2,MONOTONIC_READS,normal,netem delay 25ms 25ms,ALL,QUORUM,cassandra2,cassandra1,False,2,2,False
66,3,MONOTONIC_READS,normal,netem delay 25ms 25ms,ALL,QUORUM,cassandra2,cassandra3,False,2,2,False
66,4,MONOTONIC_READS,normal,netem delay 25ms 25ms,ALL,QUORUM,cassandra2,cassandra1,False,2,2,False
66,5,MONOTONIC_READS,normal,netem delay 25ms 25ms,ALL,QUORUM,cassandra2,cassandra3,False,2,2,False
67,1,MONOTONIC_READS,normal,netem delay 25ms 25ms,ALL,QUORUM,cassandra3,cassandra2,False,,2,False
67,2,MONOTONIC_READS,normal,netem delay 25ms 25ms,ALL,QUORUM,cassandra3,cassandra3,True,2,2,False
67,3,MONOTONIC_READS,normal,netem delay 25ms 25ms,ALL,QUORUM,cassandra3,cassandra3,True,2,2,False
67,4,MONOTONIC_READS,normal,netem delay 25ms 25ms,ALL,QUORUM,cassandra3,cassandra3,True,2,2,False
67,5,MONOTONIC_READS,normal,netem delay 25ms 25ms,ALL,QUORUM,cassandra3,cassandra2,False,2,2,False
68,1,MONOTONIC_READS,normal,netem delay 25ms 25ms,ALL,QUORUM,cassandra3,cassandra3,True,,2,False
68,2,MONOTONIC_READS,normal,netem delay 25ms 25ms,ALL,QUORUM,cassandra3,cassandra2,False,2,2,False
68,3,MONOTONIC_READS,normal,netem delay 25ms 25ms,ALL,QUORUM,cassandra3,cassandra3,True,2,2,False
68,4,MONOTONIC_READS,normal,netem delay 25ms 25ms,ALL,QUORUM,cassandra3,cassandra1,False,2,2,False
68,5,MONOTONIC_READS,normal,netem delay 25ms 25ms,ALL,QUORUM,cassandra3,cassandra2,False,2,2,False
69,1,MONOTONIC_READS,normal,netem delay 25ms 25ms,ALL,QUORUM,cassandra1,cassandra2,False,,2,False
69,2,MONOTONIC_READS,normal,netem delay 25ms 25ms,ALL,QUORUM,cassandra1,cassandra2,False,2,2,False
69,3,MONOTONIC_READS,normal,netem delay 25ms 25ms,ALL,QUORUM,cassandra1,cassandra3,False,2,2,False
69,4,MONOTONIC_READS,normal,netem delay 25ms 25ms,ALL,QUORUM,cassandra1,cassandra3,False,2,2,False
69,5,MONOTONIC_READS,normal,netem delay 25ms 25ms,ALL,QUORUM,cassandra1,cassandra3,False,2,2,False
70,1,MONOTONIC_READS,normal,netem delay 25ms 25ms,ALL,QUORUM,cassandra1,cassandra2,False,,2,False
70,2,MONOTONIC_READS,normal,netem delay 25ms 25ms,ALL,QUORUM,cassandra1,cassandra1,True,2,2,False
70,3,MONOTONIC_READS,normal,netem delay 25ms 25ms,ALL,QUORUM,cassandra1,cassandra3,False,2,2,False
70,4,MONOTONIC_READS,normal,netem delay 25ms 25ms,ALL,QUORUM,cassandra1,cassandra1,True,2,2,False
70,5,MONOTONIC_READS,normal,netem delay 25ms 25ms,ALL,QUORUM,cassandra1,cassandra3,False,2,2,False
71,1,MONOTONIC_READS,normal,netem delay 25ms 25ms,ALL,QUORUM,cassandra2,cassandra1,False,,2,False
71,2,MONOTONIC_READS,normal,netem delay 25ms 25ms,ALL,QUORUM,cassandra2,cassandra3,False,2,2,False
71,3,MONOTONIC_READS,normal,netem delay 25ms 25ms,ALL,QUORUM,cassandra2,cassandra1,False,2,2,False
71,4,MONOTONIC_READS,normal,netem delay 25ms 25ms,ALL,QUORUM,cassandra2,cassandra2,True,2,2,False
71,5,MONOTONIC_READS,normal,netem delay 25ms 25ms,ALL,QUORUM,cassandra2,cassandra1,False,2,2,False
72,1,MONOTONIC_READS,normal,netem delay 25ms 25ms,ALL,QUORUM,cassandra2,cassandra1,False,,2,False
72,2,MONOTONIC_READS,normal,netem delay 25ms 25ms,ALL,QUORUM,cassandra2,cassandra3,False,2,2,False
72,3,MONOTONIC_READS,normal,netem delay 25ms 25ms,ALL,QUORUM,cassandra2,cassandra2,True,2,2,False
72,4,MONOTONIC_READS,normal,netem delay 25ms 25ms,ALL,QUORUM,cassandra2,cassandra3,False,2,2,False
72,5,MONOTONIC_READS,normal,netem delay 25ms 25ms,ALL,QUORUM,cassandra2,cassandra2,True,2,2,False
73,1,MONOTONIC_READS,normal,netem delay 25ms 25ms,ALL,QUORUM,cassandra3,cassandra3,True,,2,False
73,2,MONOTONIC_READS,normal,netem delay 25ms 25ms,ALL,QUORUM,cassandra3,cassandra2,False,2,2,False
73,3,MONOTONIC_READS,normal,netem delay 25ms 25ms,ALL,QUORUM,cassandra3,cassandra1,False,2,2,False
73,4,MONOTONIC_READS,normal,netem delay 25ms 25ms,ALL,QUORUM,cassandra3,cassandra1,False,2,2,False
73,5,MONOTONIC_READS,normal,netem delay 25ms 25ms,ALL,QUORUM,cassandra3,cassandra1,False,2,2,False
74,1,MONOTONIC_READS,normal,netem delay 25ms 25ms,ALL,QUORUM,cassandra1,cassandra1,True,,2,False
74,2,MONOTONIC_READS,normal,netem delay 25ms 25ms,ALL,QUORUM,cassandra1,cassandra2,False,2,2,False
74,3,MONOTONIC_READS,normal,netem delay 25ms 25ms,ALL,QUORUM,cassandra1,cassandra2,False,2,2,False
74,4,MONOTONIC_READS,normal,netem delay 25ms 25ms,ALL,QUORUM,cassandra1,cassandra1,True,2,2,False
74,5,MONOTONIC_READS,normal,netem delay 25ms 25ms,ALL,QUORUM,cassandra1,cassandra1,True,2,2,False
75,1,MONOTONIC_READS,normal,netem delay 25ms 25ms,ALL,QUORUM,cassandra1,cassandra3,False,,2,False
75,2,MONOTONIC_READS,normal,netem delay 25ms 25ms,ALL,QUORUM,cassandra1,cassandra3,False,2,2,False
75,3,MONOTONIC_READS,normal,netem delay 25ms 25ms,ALL,QUORUM,cassandra1,cassandra3,False,2,2,False
75,4,MONOTONIC_READS,normal,netem delay 25ms 25ms,ALL,QUORUM,cassandra1,cassandra3,False,2,2,False
75,5,MONOTONIC_READS,normal,netem delay 25ms 25ms,ALL,QUORUM,cassandra1,cassandra2,False,2,2,False
76,1,MONOTONIC_READS,normal,netem delay 25ms 25ms,ALL,QUORUM,cassandra1,cassandra3,False,,2,False
76,2,MONOTONIC_READS,normal,netem delay 25ms 25ms,ALL,QUORUM,cassandra1,cassandra2,False,2,2,False
76,3,MONOTONIC_READS,normal,netem delay 25ms 25ms,ALL,QUORUM,cassandra1,cassandra1,True,2,2,False
76,4,MONOTONIC_READS,normal,netem delay 25ms 25ms,ALL,QUORUM,cassandra1,cassandra1,True,2,2,False
76,5,MONOTONIC_READS,normal,netem delay 25ms 25ms,ALL,QUORUM,cassandra1,cassandra1,True,2,2,False
77,1,MONOTONIC_READS,normal,netem delay 25ms 25ms,ALL,QUORUM,cassandra2,cassandra2,True,,2,False
77,2,MONOTONIC_READS,normal,netem delay 25ms 25ms,ALL,QUORUM,cassandra2,cassandra1,False,2,2,False
77,3,MONOTONIC_READS,normal,netem delay 25ms 25ms,ALL,QUORUM,cassandra2,cassandra3,False,2,2,False
77,4,MONOTONIC_READS,normal,netem delay 25ms 25ms,ALL,QUORUM,cassandra2,cassandra3,False,2,2,False
77,5,MONOTONIC_READS,normal,netem delay 25ms 25ms,ALL,QUORUM,cassandra2,cassandra2,True,2,2,False
78,1,MONOTONIC_READS,normal,netem delay 25ms 25ms,ALL,QUORUM,cassandra1,cassandra3,False,,2,False
78,2,MONOTONIC_READS,normal,netem delay 25ms 25ms,ALL,QUORUM,cassandra1,cassandra3,False,2,2,False
78,3,MONOTONIC_READS,normal,netem delay 25ms 25ms,ALL,QUORUM,cassandra1,cassandra3,False,2,2,False
78,4,MONOTONIC_READS,normal,netem delay 25ms 25ms,ALL,QUORUM,cassandra1,cassandra3,False,2,2,False
78,5,MONOTONIC_READS,normal,netem delay 25ms 25ms,ALL,QUORUM,cassandra1,cassandra3,False,2,2,False
79,1,MONOTONIC_READS,normal,netem delay 25ms 25ms,ALL,QUORUM,cassandra2,cassandra2,True,,2,False
79,2,MONOTONIC_READS,normal,netem delay 25ms 25ms,ALL,QUORUM,cassandra2,cassandra1,False,2,2,False
79,3,MONOTONIC_READS,normal,netem delay 25ms 25ms,ALL,QUORUM,cassandra2,cassandra2,True,2,2,False
79,4,MONOTONIC_READS,normal,netem delay 25ms 25ms,ALL,QUORUM,cassandra2,cassandra3,False,2,2,False
79,5,MONOTONIC_READS,normal,netem delay 25ms 25ms,ALL,QUORUM,cassandra2,cassandra3,False,2,2,False
80,1,MONOTONIC_READS,normal,netem delay 25ms 25ms,ALL,QUORUM,cassandra2,cassandra1,False,,2,False
80,2,MONOTONIC_READS,normal,netem delay 25ms 25ms,ALL,QUORUM,cassandra2,cassandra2,True,2,2,False
80,3,MONOTONIC_READS,normal,netem delay 25ms 25ms,ALL,QUORUM,cassandra2,cassandra3,False,2,2,False
80,4,MONOTONIC_READS,normal,netem delay 25ms 25ms,ALL,QUORUM,cassandra2,cassandra1,False,2,2,False
80,5,MONOTONIC_READS,normal,netem delay 25ms 25ms,ALL,QUORUM,cassandra2,cassandra1,False,2,2,False
81,1,MONOTONIC_READS,normal,netem delay 25ms 25ms,ALL,QUORUM,cassandra1,cassandra2,False,,2,False
81,2,MONOTONIC_READS,normal,netem delay 25ms 25ms,ALL,QUORUM,cassandra1,cassandra2,False,2,2,False
81,3,MONOTONIC_READS,normal,netem delay 25ms 25ms,ALL,QUORUM,cassandra1,cassandra1,True,2,2,False
81,4,MONOTONIC_READS,normal,netem delay 25ms 25ms,ALL,QUORUM,cassandra1,cassandra2,False,2,2,False
81,5,MONOTONIC_READS,normal,netem delay 25ms 25ms,ALL,QUORUM,cassandra1,cassandra3,False,2,2,False
82,1,MONOTONIC_READS,normal,netem delay 25ms 25ms,ALL,QUORUM,cassandra1,cassandra1,True,,2,False
82,2,MONOTONIC_READS,normal,netem delay 25ms 25ms,ALL,QUORUM,cassandra1,cassandra3,False,2,2,False
82,3,MONOTONIC_READS,normal,netem delay 25ms 25ms,ALL,QUORUM,cassandra1,cassandra2,False,2,2,False
82,4,MONOTONIC_READS,normal,netem delay 25ms 25ms,ALL,QUORUM,cassandra1,cassandra3,False,2,2,False
82,5,MONOTONIC_READS,normal,netem delay 25ms 25ms,ALL,QUORUM,cassandra1,cassandra1,True,2,2,False
83,1,MONOTONIC_READS,normal,netem delay 25ms 25ms,ALL,QUORUM,cassandra2,cassandra3,False,,2,False
83,2,MONOTONIC_READS,normal,netem delay 25ms 25ms,ALL,QUORUM,cassandra2,cassandra3,False,2,2,False
83,3,MONOTONIC_READS,normal,netem delay 25ms 25ms,ALL,QUORUM,cassandra2,cassandra1,False,2,2,False
83,4,MONOTONIC_READS,normal,netem delay 25ms 25ms,ALL,QUORUM,cassandra2,cassandra1,False,2,2,False
83,5,MONOTONIC_READS,normal,netem delay 25ms 25ms,ALL,QUORUM,cassandra2,cassandra2,True,2,2,False
84,1,MONOTONIC_READS,normal,netem delay 25ms 25ms,ALL,QUORUM,cassandra3,cassandra3,True,,2,False
84,2,MONOTONIC_READS,normal,netem delay 25ms 25ms,ALL,QUORUM,cassandra3,cassandra2,False,2,2,False
84,3,MONOTONIC_READS,normal,netem delay 25ms 25ms,ALL,QUORUM,cassandra3,cassandra1,False,2,2,False
84,4,MONOTONIC_READS,normal,netem delay 25ms 25ms,ALL,QUORUM,cassandra3,cassandra3,True,2,2,False
84,5,MONOTONIC_READS,normal,netem delay 25ms 25ms,ALL,QUORUM,cassandra3,cassandra2,False,2,2,False
85,1,MONOTONIC_READS,normal,netem delay 25ms 25ms,ALL,QUORUM,cassandra1,cassandra2,False,,2,False
85,2,MONOTONIC_READS,normal,netem delay 25ms 25ms,ALL,QUORUM,cassandra1,cassandra2,False,2,2,False
85,3,MONOTONIC_READS,normal,netem delay 25ms 25ms,ALL,QUORUM,cassandra1,cassandra2,False,2,2,False
85,4,MONOTONIC_READS,normal,netem delay 25ms 25ms,ALL,QUORUM,cassandra1,cassandra3,False,2,2,False
85,5,MONOTONIC_READS,normal,netem delay 25ms 25ms,ALL,QUORUM,cassandra1,cassandra1,True,2,2,False
86,1,MONOTONIC_READS,normal,netem delay 25ms 25ms,ALL,QUORUM,cassandra2,cassandra1,False,,2,False
86,2,MONOTONIC_READS,normal,netem delay 25ms 25ms,ALL,QUORUM,cassandra2,cassandra1,False,2,2,False
86,3,MONOTONIC_READS,normal,netem delay 25ms 25ms,ALL,QUORUM,cassandra2,cassandra1,False,2,2,False
86,4,MONOTONIC_READS,normal,netem delay 25ms 25ms,ALL,QUORUM,cassandra2,cassandra1,False,2,2,False
86,5,MONOTONIC_READS,normal,netem delay 25ms 25ms,ALL,QUORUM,cassandra2,cassandra2,True,2,2,False
87,1,MONOTONIC_READS,normal,netem delay 25ms 25ms,ALL,QUORUM,cassandra2,cassandra2,True,,2,False
87,2,MONOTONIC_READS,normal,netem delay 25ms 25ms,ALL,QUORUM,cassandra2,cassandra2,True,2,2,False
87,3,MONOTONIC_READS,normal,netem delay 25ms 25ms,ALL,QUORUM,cassandra2,cassandra3,False,2,2,False
87,4,MONOTONIC_READS,normal,netem delay 25ms 25ms,ALL,QUORUM,cassandra2,cassandra3,False,2,2,False
87,5,MONOTONIC_READS,normal,netem delay 25ms 25ms,ALL,QUORUM,cassandra2,cassandra1,False,2,2,False
88,1,MONOTONIC_READS,normal,netem delay 25ms 25ms,ALL,QUORUM,cassandra2,cassandra2,True,,2,False
88,2,MONOTONIC_READS,normal,netem delay 25ms 25ms,ALL,QUORUM,cassandra2,cassandra1,False,2,2,False
88,3,MONOTONIC_READS,normal,netem delay 25ms 25ms,ALL,QUORUM,cassandra2,cassandra2,True,2,2,False
88,4,MONOTONIC_READS,normal,netem delay 25ms 25ms,ALL,QUORUM,cassandra2,cassandra3,False,2,2,False
88,5,MONOTONIC_READS,normal,netem delay 25ms 25ms,ALL,QUORUM,cassandra2,cassandra2,True,2,2,False
89,1,MONOTONIC_READS,normal,netem delay 25ms 25ms,ALL,QUORUM,cassandra1,cassandra2,False,,2,False
89,2,MONOTONIC_READS,normal,netem delay 25ms 25ms,ALL,QUORUM,cassandra1,cassandra3,False,2,2,False
89,3,MONOTONIC_READS,normal,netem delay 25ms 25ms,ALL,QUORUM,cassandra1,cassandra2,False,2,2,False
89,4,MONOTONIC_READS,normal,netem delay 25ms 25ms,ALL,QUORUM,cassandra1,cassandra3,False,2,2,False
89,5,MONOTONIC_READS,normal,netem delay 25ms 25ms,ALL,QUORUM,cassandra1,cassandra2,False,2,2,False
90,1,MONOTONIC_READS,normal,netem delay 25ms 25ms,ALL,QUORUM,cassandra2,cassandra3,False,,2,False
90,2,MONOTONIC_READS,normal,netem delay 25ms 25ms,ALL,QUORUM,cassandra2,cassandra1,False,2,2,False
90,3,MONOTONIC_READS,normal,netem delay 25ms 25ms,ALL,QUORUM,cassandra2,cassandra2,True,2,2,False
90,4,MONOTONIC_READS,normal,netem delay 25ms 25ms,ALL,QUORUM,cassandra2,cassandra3,False,2,2,False
90,5,MONOTONIC_READS,normal,netem delay 25ms 25ms,ALL,QUORUM,cassandra2,cassandra1,False,2,2,False
91,1,MONOTONIC_READS,normal,netem delay 25ms 25ms,ALL,QUORUM,cassandra2,cassandra2,True,,2,False
91,2,MONOTONIC_READS,normal,netem delay 25ms 25ms,ALL,QUORUM,cassandra2,cassandra2,True,2,2,False
91,3,MONOTONIC_READS,normal,netem delay 25ms 25ms,ALL,QUORUM,cassandra2,cassandra1,False,2,2,False
91,4,MONOTONIC_READS,normal,netem delay 25ms 25ms,ALL,QUORUM,cassandra2,cassandra2,True,2,2,False
91,5,MONOTONIC_READS,normal,netem delay 25ms 25ms,ALL,QUORUM,cassandra2,cassandra3,False,2,2,False
92,1,MONOTONIC_READS,normal,netem delay 25ms 25ms,ALL,QUORUM,cassandra2,cassandra2,True,,2,False
92,2,MONOTONIC_READS,normal,netem delay 25ms 25ms,ALL,QUORUM,cassandra2,cassandra3,False,2,2,False
92,3,MONOTONIC_READS,normal,netem delay 25ms 25ms,ALL,QUORUM,cassandra2,cassandra3,False,2,2,False
92,4,MONOTONIC_READS,normal,netem delay 25ms 25ms,ALL,QUORUM,cassandra2,cassandra3,False,2,2,False
92,5,MONOTONIC_READS,normal,netem delay 25ms 25ms,ALL,QUORUM,cassandra2,cassandra3,False,2,2,False
93,1,MONOTONIC_READS,normal,netem delay 25ms 25ms,ALL,QUORUM,cassandra1,cassandra2,False,,2,False
93,2,MONOTONIC_READS,normal,netem delay 25ms 25ms,ALL,QUORUM,cassandra1,cassandra1,True,2,2,False
93,3,MONOTONIC_READS,normal,netem delay 25ms 25ms,ALL,QUORUM,cassandra1,cassandra3,False,2,2,False
93,4,MONOTONIC_READS,normal,netem delay 25ms 25ms,ALL,QUORUM,cassandra1,cassandra2,False,2,2,False
93,5,MONOTONIC_READS,normal,netem delay 25ms 25ms,ALL,QUORUM,cassandra1,cassandra3,False,2,2,False
94,1,MONOTONIC_READS,normal,netem delay 25ms 25ms,ALL,QUORUM,cassandra1,cassandra2,False,,2,False
94,2,MONOTONIC_READS,normal,netem delay 25ms 25ms,ALL,QUORUM,cassandra1,cassandra1,True,2,2,False
94,3,MONOTONIC_READS,normal,netem delay 25ms 25ms,ALL,QUORUM,cassandra1,cassandra2,False,2,2,False
94,4,MONOTONIC_READS,normal,netem delay 25ms 25ms,ALL,QUORUM,cassandra1,cassandra2,False,2,2,False
94,5,MONOTONIC_READS,normal,netem delay 25ms 25ms,ALL,QUORUM,cassandra1,cassandra2,False,2,2,False
95,1,MONOTONIC_READS,normal,netem delay 25ms 25ms,ALL,QUORUM,cassandra3,cassandra2,False,,2,False
95,2,MONOTONIC_READS,normal,netem delay 25ms 25ms,ALL,QUORUM,cassandra3,cassandra1,False,2,2,False
95,3,MONOTONIC_READS,normal,netem delay 25ms 25ms,ALL,QUORUM,cassandra3,cassandra1,False,2,2,False
95,4,MONOTONIC_READS,normal,netem delay 25ms 25ms,ALL,QUORUM,cassandra3,cassandra3,True,2,2,False
95,5,MONOTONIC_READS,normal,netem delay 25ms 25ms,ALL,QUORUM,cassandra3,cassandra3,True,2,2,False
96,1,MONOTONIC_READS,normal,netem delay 25ms 25ms,ALL,QUORUM,cassandra3,cassandra2,False,,2,False
96,2,MONOTONIC_READS,normal,netem delay 25ms 25ms,ALL,QUORUM,cassandra3,cassandra1,False,2,2,False
96,3,MONOTONIC_READS,normal,netem delay 25ms 25ms,ALL,QUORUM,cassandra3,cassandra2,False,2,2,False
96,4,MONOTONIC_READS,normal,netem delay 25ms 25ms,ALL,QUORUM,cassandra3,cassandra3,True,2,2,False
96,5,MONOTONIC_READS,normal,netem delay 25ms 25ms,ALL,QUORUM,cassandra3,cassandra1,False,2,2,False
97,1,MONOTONIC_READS,normal,netem delay 25ms 25ms,ALL,QUORUM,cassandra3,cassandra1,False,,2,False
97,2,MONOTONIC_READS,normal,netem delay 25ms 25ms,ALL,QUORUM,cassandra3,cassandra2,False,2,2,False
97,3,MONOTONIC_READS,normal,netem delay 25ms 25ms,ALL,QUORUM,cassandra3,cassandra3,True,2,2,False
97,4,MONOTONIC_READS,normal,netem delay 25ms 25ms,ALL,QUORUM,cassandra3,cassandra1,False,2,2,False
97,5,MONOTONIC_READS,normal,netem delay 25ms 25ms,ALL,QUORUM,cassandra3,cassandra1,False,2,2,False
98,1,MONOTONIC_READS,normal,netem delay 25ms 25ms,ALL,QUORUM,cassandra1,cassandra1,True,,2,False
98,2,MONOTONIC_READS,normal,netem delay 25ms 25ms,ALL,QUORUM,cassandra1,cassandra2,False,2,2,False
98,3,MONOTONIC_READS,normal,netem delay 25ms 25ms,ALL,QUORUM,cassandra1,cassandra2,False,2,2,False
98,4,MONOTONIC_READS,normal,netem delay 25ms 25ms,ALL,QUORUM,cassandra1,cassandra2,False,2,2,False
98,5,MONOTONIC_READS,normal,netem delay 25ms 25ms,ALL,QUORUM,cassandra1,cassandra1,True,2,2,False
99,1,MONOTONIC_READS,normal,netem delay 25ms 25ms,ALL,QUORUM,cassandra2,cassandra3,False,,2,False
99,2,MONOTONIC_READS,normal,netem delay 25ms 25ms,ALL,QUORUM,cassandra2,cassandra3,False,2,2,False
99,3,MONOTONIC_READS,normal,netem delay 25ms 25ms,ALL,QUORUM,cassandra2,cassandra3,False,2,2,False
99,4,MONOTONIC_READS,normal,netem delay 25ms 25ms,ALL,QUORUM,cassandra2,cassandra2,True,2,2,False
99,5,MONOTONIC_READS,normal,netem delay 25ms 25ms,ALL,QUORUM,cassandra2,cassandra3,False,2,2,False
100,1,MONOTONIC_READS,normal,netem delay 25ms 25ms,ALL,QUORUM,cassandra3,cassandra2,False,,2,False
100,2,MONOTONIC_READS,normal,netem delay 25ms 25ms,ALL,QUORUM,cassandra3,cassandra1,False,2,2,False
100,3,MONOTONIC_READS,normal,netem delay 25ms 25ms,ALL,QUORUM,cassandra3,cassandra3,True,2,2,False
100,4,MONOTONIC_READS,normal,netem delay 25ms 25ms,ALL,QUORUM,cassandra3,cassandra1,False,2,2,False
100,5,MONOTONIC_READS,normal,netem delay 25ms 25ms,ALL,QUORUM,cassandra3,cassandra2,False,2,2,False
101,1,MONOTONIC_READS,normal,netem delay 25ms 25ms,ALL,QUORUM,cassandra2,cassandra1,False,,2,False
101,2,MONOTONIC_READS,normal,netem delay 25ms 25ms,ALL,QUORUM,cassandra2,cassandra1,False,2,2,False
101,3,MONOTONIC_READS,normal,netem delay 25ms 25ms,ALL,QUORUM,cassandra2,cassandra2,True,2,2,False
101,4,MONOTONIC_READS,normal,netem delay 25ms 25ms,ALL,QUORUM,cassandra2,cassandra2,True,2,2,False
101,5,MONOTONIC_READS,normal,netem delay 25ms 25ms,ALL,QUORUM,cassandra2,cassandra2,True,2,2,False
102,1,MONOTONIC_READS,normal,netem delay 25ms 25ms,ALL,QUORUM,cassandra3,cassandra1,False,,2,False
102,2,MONOTONIC_READS,normal,netem delay 25ms 25ms,ALL,QUORUM,cassandra3,cassandra3,True,2,2,False
102,3,MONOTONIC_READS,normal,netem delay 25ms 25ms,ALL,QUORUM,cassandra3,cassandra2,False,2,2,False
102,4,MONOTONIC_READS,normal,netem delay 25ms 25ms,ALL,QUORUM,cassandra3,cassandra3,True,2,2,False
102,5,MONOTONIC_READS,normal,netem delay 25ms 25ms,ALL,QUORUM,cassandra3,cassandra2,False,2,2,False
103,1,MONOTONIC_READS,normal,netem delay 25ms 25ms,ALL,QUORUM,cassandra2,cassandra2,True,,2,False
103,2,MONOTONIC_READS,normal,netem delay 25ms 25ms,ALL,QUORUM,cassandra2,cassandra2,True,2,2,False
103,3,MONOTONIC_READS,normal,netem delay 25ms 25ms,ALL,QUORUM,cassandra2,cassandra2,True,2,2,False
103,4,MONOTONIC_READS,normal,netem delay 25ms 25ms,ALL,QUORUM,cassandra2,cassandra3,False,2,2,False
103,5,MONOTONIC_READS,normal,netem delay 25ms 25ms,ALL,QUORUM,cassandra2,cassandra3,False,2,2,False
104,1,MONOTONIC_READS,normal,netem delay 25ms 25ms,ALL,QUORUM,cassandra3,cassandra3,True,,2,False
104,2,MONOTONIC_READS,normal,netem delay 25ms 25ms,ALL,QUORUM,cassandra3,cassandra2,False,2,2,False
104,3,MONOTONIC_READS,normal,netem delay 25ms 25ms,ALL,QUORUM,cassandra3,cassandra1,False,2,2,False
104,4,MONOTONIC_READS,normal,netem delay 25ms 25ms,ALL,QUORUM,cassandra3,cassandra1,False,2,2,False
104,5,MONOTONIC_READS,normal,netem delay 25ms 25ms,ALL,QUORUM,cassandra3,cassandra1,False,2,2,False
105,1,MONOTONIC_READS,normal,netem delay 25ms 25ms,ALL,QUORUM,cassandra3,cassandra1,False,,2,False
105,2,MONOTONIC_READS,normal,netem delay 25ms 25ms,ALL,QUORUM,cassandra3,cassandra2,False,2,2,False
105,3,MONOTONIC_READS,normal,netem delay 25ms 25ms,ALL,QUORUM,cassandra3,cassandra2,False,2,2,False
105,4,MONOTONIC_READS,normal,netem delay 25ms 25ms,ALL,QUORUM,cassandra3,cassandra3,True,2,2,False
105,5,MONOTONIC_READS,normal,netem delay 25ms 25ms,ALL,QUORUM,cassandra3,cassandra2,False,2,2,False
106,1,MONOTONIC_READS,normal,netem delay 25ms 25ms,ALL,QUORUM,cassandra2,cassandra2,True,,2,False
106,2,MONOTONIC_READS,normal,netem delay 25ms 25ms,ALL,QUORUM,cassandra2,cassandra1,False,2,2,False
106,3,MONOTONIC_READS,normal,netem delay 25ms 25ms,ALL,QUORUM,cassandra2,cassandra2,True,2,2,False
106,4,MONOTONIC_READS,normal,netem delay 25ms 25ms,ALL,QUORUM,cassandra2,cassandra2,True,2,2,False
106,5,MONOTONIC_READS,normal,netem delay 25ms 25ms,ALL,QUORUM,cassandra2,cassandra2,True,2,2,False
107,1,MONOTONIC_READS,normal,netem delay 25ms 25ms,ALL,QUORUM,cassandra1,cassandra2,False,,2,False
107,2,MONOTONIC_READS,normal,netem delay 25ms 25ms,ALL,QUORUM,cassandra1,cassandra1,True,2,2,False
107,3,MONOTONIC_READS,normal,netem delay 25ms 25ms,ALL,QUORUM,cassandra1,cassandra2,False,2,2,False
107,4,MONOTONIC_READS,normal,netem delay 25ms 25ms,ALL,QUORUM,cassandra1,cassandra1,True,2,2,False
107,5,MONOTONIC_READS,normal,netem delay 25ms 25ms,ALL,QUORUM,cassandra1,cassandra3,False,2,2,False
108,1,MONOTONIC_READS,normal,netem delay 25ms 25ms,ALL,QUORUM,cassandra3,cassandra1,False,,2,False
108,2,MONOTONIC_READS,normal,netem delay 25ms 25ms,ALL,QUORUM,cassandra3,cassandra2,False,2,2,False
108,3,MONOTONIC_READS,normal,netem delay 25ms 25ms,ALL,QUORUM,cassandra3,cassandra3,True,2,2,False
108,4,MONOTONIC_READS,normal,netem delay 25ms 25ms,ALL,QUORUM,cassandra3,cassandra1,False,2,2,False
108,5,MONOTONIC_READS,normal,netem delay 25ms 25ms,ALL,QUORUM,cassandra3,cassandra1,False,2,2,False
109,1,MONOTONIC_READS,normal,netem delay 25ms 25ms,ALL,QUORUM,cassandra1,cassandra2,False,,2,False
109,2,MONOTONIC_READS,normal,netem delay 25ms 25ms,ALL,QUORUM,cassandra1,cassandra3,False,2,2,False
109,3,MONOTONIC_READS,normal,netem delay 25ms 25ms,ALL,QUORUM,cassandra1,cassandra3,False,2,2,False
109,4,MONOTONIC_READS,normal,netem delay 25ms 25ms,ALL,QUORUM,cassandra1,cassandra3,False,2,2,False
109,5,MONOTONIC_READS,normal,netem delay 25ms 25ms,ALL,QUORUM,cassandra1,cassandra1,True,2,2,False
110,1,MONOTONIC_READS,normal,netem delay 25ms 25ms,ALL,QUORUM,cassandra2,cassandra3,False,,2,False
110,2,MONOTONIC_READS,normal,netem delay 25ms 25ms,ALL,QUORUM,cassandra2,cassandra1,False,2,2,False
110,3,MONOTONIC_READS,normal,netem delay 25ms 25ms,ALL,QUORUM,cassandra2,cassandra2,True,2,2,False
110,4,MONOTONIC_READS,normal,netem delay 25ms 25ms,ALL,QUORUM,cassandra2,cassandra2,True,2,2,False
110,5,MONOTONIC_READS,normal,netem delay 25ms 25ms,ALL,QUORUM,cassandra2,cassandra1,False,2,2,False
111,1,MONOTONIC_READS,normal,netem delay 25ms 25ms,ALL,QUORUM,cassandra3,cassandra2,False,,2,False
111,2,MONOTONIC_READS,normal,netem delay 25ms 25ms,ALL,QUORUM,cassandra3,cassandra2,False,2,2,False
111,3,MONOTONIC_READS,normal,netem delay 25ms 25ms,ALL,QUORUM,cassandra3,cassandra1,False,2,2,False
111,4,MONOTONIC_READS,normal,netem delay 25ms 25ms,ALL,QUORUM,cassandra3,cassandra2,False,2,2,False
111,5,MONOTONIC_READS,normal,netem delay 25ms 25ms,ALL,QUORUM,cassandra3,cassandra3,True,2,2,False
112,1,MONOTONIC_READS,normal,netem delay 25ms 25ms,ALL,QUORUM,cassandra1,cassandra2,False,,2,False
112,2,MONOTONIC_READS,normal,netem delay 25ms 25ms,ALL,QUORUM,cassandra1,cassandra3,False,2,2,False
112,3,MONOTONIC_READS,normal,netem delay 25ms 25ms,ALL,QUORUM,cassandra1,cassandra1,True,2,2,False
112,4,MONOTONIC_READS,normal,netem delay 25ms 25ms,ALL,QUORUM,cassandra1,cassandra1,True,2,2,False
112,5,MONOTONIC_READS,normal,netem delay 25ms 25ms,ALL,QUORUM,cassandra1,cassandra1,True,2,2,False
113,1,MONOTONIC_READS,normal,netem delay 25ms 25ms,ALL,QUORUM,cassandra2,cassandra3,False,,2,False
113,2,MONOTONIC_READS,normal,netem delay 25ms 25ms,ALL,QUORUM,cassandra2,cassandra1,False,2,2,False
113,3,MONOTONIC_READS,normal,netem delay 25ms 25ms,ALL,QUORUM,cassandra2,cassandra3,False,2,2,False
113,4,MONOTONIC_READS,normal,netem delay 25ms 25ms,ALL,QUORUM,cassandra2,cassandra1,False,2,2,False
113,5,MONOTONIC_READS,normal,netem delay 25ms 25ms,ALL,QUORUM,cassandra2,cassandra2,True,2,2,False
114,1,MONOTONIC_READS,normal,netem delay 25ms 25ms,ALL,QUORUM,cassandra1,cassandra2,False,,2,False
114,2,MONOTONIC_READS,normal,netem delay 25ms 25ms,ALL,QUORUM,cassandra1,cassandra3,False,2,2,False
114,3,MONOTONIC_READS,normal,netem delay 25ms 25ms,ALL,QUORUM,cassandra1,cassandra2,False,2,2,False
114,4,MONOTONIC_READS,normal,netem delay 25ms 25ms,ALL,QUORUM,cassandra1,cassandra2,False,2,2,False
114,5,MONOTONIC_READS,normal,netem delay 25ms 25ms,ALL,QUORUM,cassandra1,cassandra3,False,2,2,False
115,1,MONOTONIC_READS,normal,netem delay 25ms 25ms,ALL,QUORUM,cassandra1,cassandra3,False,,2,False
115,2,MONOTONIC_READS,normal,netem delay 25ms 25ms,ALL,QUORUM,cassandra1,cassandra2,False,2,2,False
115,3,MONOTONIC_READS,normal,netem delay 25ms 25ms,ALL,QUORUM,cassandra1,cassandra2,False,2,2,False
115,4,MONOTONIC_READS,normal,netem delay 25ms 25ms,ALL,QUORUM,cassandra1,cassandra2,False,2,2,False
115,5,MONOTONIC_READS,normal,netem delay 25ms 25ms,ALL,QUORUM,cassandra1,cassandra1,True,2,2,False
116,1,MONOTONIC_READS,normal,netem delay 25ms 25ms,ALL,QUORUM,cassandra3,cassandra3,True,,2,False
116,2,MONOTONIC_READS,normal,netem delay 25ms 25ms,ALL,QUORUM,cassandra3,cassandra3,True,2,2,False
116,3,MONOTONIC_READS,normal,netem delay 25ms 25ms,ALL,QUORUM,cassandra3,cassandra2,False,2,2,False
116,4,MONOTONIC_READS,normal,netem delay 25ms 25ms,ALL,QUORUM,cassandra3,cassandra1,False,2,2,False
116,5,MONOTONIC_READS,normal,netem delay 25ms 25ms,ALL,QUORUM,cassandra3,cassandra2,False,2,2,False
117,1,MONOTONIC_READS,normal,netem delay 25ms 25ms,ALL,QUORUM,cassandra1,cassandra1,True,,2,False
117,2,MONOTONIC_READS,normal,netem delay 25ms 25ms,ALL,QUORUM,cassandra1,cassandra3,False,2,2,False
117,3,MONOTONIC_READS,normal,netem delay 25ms 25ms,ALL,QUORUM,cassandra1,cassandra3,False,2,2,False
117,4,MONOTONIC_READS,normal,netem delay 25ms 25ms,ALL,QUORUM,cassandra1,cassandra3,False,2,2,False
117,5,MONOTONIC_READS,normal,netem delay 25ms 25ms,ALL,QUORUM,cassandra1,cassandra1,True,2,2,False
118,1,MONOTONIC_READS,normal,netem delay 25ms 25ms,ALL,QUORUM,cassandra1,cassandra2,False,,2,False
118,2,MONOTONIC_READS,normal,netem delay 25ms 25ms,ALL,QUORUM,cassandra1,cassandra2,False,2,2,False
118,3,MONOTONIC_READS,normal,netem delay 25ms 25ms,ALL,QUORUM,cassandra1,cassandra2,False,2,2,False
118,4,MONOTONIC_READS,normal,netem delay 25ms 25ms,ALL,QUORUM,cassandra1,cassandra1,True,2,2,False
118,5,MONOTONIC_READS,normal,netem delay 25ms 25ms,ALL,QUORUM,cassandra1,cassandra3,False,2,2,False
119,1,MONOTONIC_READS,normal,netem delay 25ms 25ms,ALL,QUORUM,cassandra3,cassandra3,True,,2,False
119,2,MONOTONIC_READS,normal,netem delay 25ms 25ms,ALL,QUORUM,cassandra3,cassandra3,True,2,2,False
119,3,MONOTONIC_READS,normal,netem delay 25ms 25ms,ALL,QUORUM,cassandra3,cassandra2,False,2,2,False
119,4,MONOTONIC_READS,normal,netem delay 25ms 25ms,ALL,QUORUM,cassandra3,cassandra2,False,2,2,False
119,5,MONOTONIC_READS,normal,netem delay 25ms 25ms,ALL,QUORUM,cassandra3,cassandra3,True,2,2,False
120,1,MONOTONIC_READS,normal,netem delay 25ms 25ms,ALL,QUORUM,cassandra3,cassandra3,True,,2,False
120,2,MONOTONIC_READS,normal,netem delay 25ms 25ms,ALL,QUORUM,cassandra3,cassandra3,True,2,2,False
120,3,MONOTONIC_READS,normal,netem delay 25ms 25ms,ALL,QUORUM,cassandra3,cassandra1,False,2,2,False
120,4,MONOTONIC_READS,normal,netem delay 25ms 25ms,ALL,QUORUM,cassandra3,cassandra2,False,2,2,False
120,5,MONOTONIC_READS,normal,netem delay 25ms 25ms,ALL,QUORUM,cassandra3,cassandra3,True,2,2,False
121,1,MONOTONIC_READS,normal,netem delay 25ms 25ms,ALL,QUORUM,cassandra1,cassandra2,False,,2,False
121,2,MONOTONIC_READS,normal,netem delay 25ms 25ms,ALL,QUORUM,cassandra1,cassandra1,True,2,2,False
121,3,MONOTONIC_READS,normal,netem delay 25ms 25ms,ALL,QUORUM,cassandra1,cassandra1,True,2,2,False
121,4,MONOTONIC_READS,normal,netem delay 25ms 25ms,ALL,QUORUM,cassandra1,cassandra1,True,2,2,False
121,5,MONOTONIC_READS,normal,netem delay 25ms 25ms,ALL,QUORUM,cassandra1,cassandra1,True,2,2,False
122,1,MONOTONIC_READS,normal,netem delay 25ms 25ms,ALL,QUORUM,cassandra2,cassandra2,True,,2,False
122,2,MONOTONIC_READS,normal,netem delay 25ms 25ms,ALL,QUORUM,cassandra2,cassandra1,False,2,2,False
122,3,MONOTONIC_READS,normal,netem delay 25ms 25ms,ALL,QUORUM,cassandra2,cassandra1,False,2,2,False
122,4,MONOTONIC_READS,normal,netem delay 25ms 25ms,ALL,QUORUM,cassandra2,cassandra1,False,2,2,False
122,5,MONOTONIC_READS,normal,netem delay 25ms 25ms,ALL,QUORUM,cassandra2,cassandra3,False,2,2,False
123,1,MONOTONIC_READS,normal,netem delay 25ms 25ms,ALL,QUORUM,cassandra1,cassandra1,True,,2,False
123,2,MONOTONIC_READS,normal,netem delay 25ms 25ms,ALL,QUORUM,cassandra1,cassandra2,False,2,2,False
123,3,MONOTONIC_READS,normal,netem delay 25ms 25ms,ALL,QUORUM,cassandra1,cassandra2,False,2,2,False
123,4,MONOTONIC_READS,normal,netem delay 25ms 25ms,ALL,QUORUM,cassandra1,cassandra1,True,2,2,False
123,5,MONOTONIC_READS,normal,netem delay 25ms 25ms,ALL,QUORUM,cassandra1,cassandra3,False,2,2,False
124,1,MONOTONIC_READS,normal,netem delay 25ms 25ms,ALL,QUORUM,cassandra2,cassandra1,False,,2,False
124,2,MONOTONIC_READS,normal,netem delay 25ms 25ms,ALL,QUORUM,cassandra2,cassandra2,True,2,2,False
124,3,MONOTONIC_READS,normal,netem delay 25ms 25ms,ALL,QUORUM,cassandra2,cassandra2,True,2,2,False
124,4,MONOTONIC_READS,normal,netem delay 25ms 25ms,ALL,QUORUM,cassandra2,cassandra3,False,2,2,False
124,5,MONOTONIC_READS,normal,netem delay 25ms 25ms,ALL,QUORUM,cassandra2,cassandra1,False,2,2,False
125,1,MONOTONIC_READS,normal,netem delay 25ms 25ms,ALL,QUORUM,cassandra3,cassandra3,True,,2,False
125,2,MONOTONIC_READS,normal,netem delay 25ms 25ms,ALL,QUORUM,cassandra3,cassandra1,False,2,2,False
125,3,MONOTONIC_READS,normal,netem delay 25ms 25ms,ALL,QUORUM,cassandra3,cassandra3,True,2,2,False
125,4,MONOTONIC_READS,normal,netem delay 25ms 25ms,ALL,QUORUM,cassandra3,cassandra3,True,2,2,False
125,5,MONOTONIC_READS,normal,netem delay 25ms 25ms,ALL,QUORUM,cassandra3,cassandra2,False,2,2,False
126,1,MONOTONIC_READS,normal,netem delay 25ms 25ms,ALL,QUORUM,cassandra1,cassandra2,False,,2,False
126,2,MONOTONIC_READS,normal,netem delay 25ms 25ms,ALL,QUORUM,cassandra1,cassandra1,True,2,2,False
126,3,MONOTONIC_READS,normal,netem delay 25ms 25ms,ALL,QUORUM,cassandra1,cassandra2,False,2,2,False
126,4,MONOTONIC_READS,normal,netem delay 25ms 25ms,ALL,QUORUM,cassandra1,cassandra2,False,2,2,False
126,5,MONOTONIC_READS,normal,netem delay 25ms 25ms,ALL,QUORUM,cassandra1,cassandra2,False,2,2,False
127,1,MONOTONIC_READS,normal,netem delay 25ms 25ms,ALL,QUORUM,cassandra2,cassandra2,True,,2,False
127,2,MONOTONIC_READS,normal,netem delay 25ms 25ms,ALL,QUORUM,cassandra2,cassandra1,False,2,2,False
127,3,MONOTONIC_READS,normal,netem delay 25ms 25ms,ALL,QUORUM,cassandra2,cassandra3,False,2,2,False
127,4,MONOTONIC_READS,normal,netem delay 25ms 25ms,ALL,QUORUM,cassandra2,cassandra1,False,2,2,False
127,5,MONOTONIC_READS,normal,netem delay 25ms 25ms,ALL,QUORUM,cassandra2,cassandra3,False,2,2,False
128,1,MONOTONIC_READS,normal,netem delay 25ms 25ms,ALL,QUORUM,cassandra1,cassandra1,True,,2,False
128,2,MONOTONIC_READS,normal,netem delay 25ms 25ms,ALL,QUORUM,cassandra1,cassandra2,False,2,2,False
128,3,MONOTONIC_READS,normal,netem delay 25ms 25ms,ALL,QUORUM,cassandra1,cassandra2,False,2,2,False
128,4,MONOTONIC_READS,normal,netem delay 25ms 25ms,ALL,QUORUM,cassandra1,cassandra1,True,2,2,False
128,5,MONOTONIC_READS,normal,netem delay 25ms 25ms,ALL,QUORUM,cassandra1,cassandra2,False,2,2,False
129,1,MONOTONIC_READS,normal,netem delay 25ms 25ms,ALL,QUORUM,cassandra2,cassandra3,False,,2,False
129,2,MONOTONIC_READS,normal,netem delay 25ms 25ms,ALL,QUORUM,cassandra2,cassandra1,False,2,2,False
129,3,MONOTONIC_READS,normal,netem delay 25ms 25ms,ALL,QUORUM,cassandra2,cassandra2,True,2,2,False
129,4,MONOTONIC_READS,normal,netem delay 25ms 25ms,ALL,QUORUM,cassandra2,cassandra1,False,2,2,False
129,5,MONOTONIC_READS,normal,netem delay 25ms 25ms,ALL,QUORUM,cassandra2,cassandra3,False,2,2,False
130,1,MONOTONIC_READS,normal,netem delay 25ms 25ms,ALL,QUORUM,cassandra3,cassandra2,False,,2,False
130,2,MONOTONIC_READS,normal,netem delay 25ms 25ms,ALL,QUORUM,cassandra3,cassandra3,True,2,2,False
130,3,MONOTONIC_READS,normal,netem delay 25ms 25ms,ALL,QUORUM,cassandra3,cassandra1,False,2,2,False
130,4,MONOTONIC_READS,normal,netem delay 25ms 25ms,ALL,QUORUM,cassandra3,cassandra2,False,2,2,False
130,5,MONOTONIC_READS,normal,netem delay 25ms 25ms,ALL,QUORUM,cassandra3,cassandra3,True,2,2,False
131,1,MONOTONIC_READS,normal,netem delay 25ms 25ms,ALL,QUORUM,cassandra2,cassandra2,True,,2,False
131,2,MONOTONIC_READS,normal,netem delay 25ms 25ms,ALL,QUORUM,cassandra2,cassandra2,True,2,2,False
131,3,MONOTONIC_READS,normal,netem delay 25ms 25ms,ALL,QUORUM,cassandra2,cassandra1,False,2,2,False
131,4,MONOTONIC_READS,normal,netem delay 25ms 25ms,ALL,QUORUM,cassandra2,cassandra2,True,2,2,False
131,5,MONOTONIC_READS,normal,netem delay 25ms 25ms,ALL,QUORUM,cassandra2,cassandra1,False,2,2,False
132,1,MONOTONIC_READS,normal,netem delay 25ms 25ms,ALL,QUORUM,cassandra3,cassandra2,False,,2,False
132,2,MONOTONIC_READS,normal,netem delay 25ms 25ms,ALL,QUORUM,cassandra3,cassandra1,False,2,2,False
132,3,MONOTONIC_READS,normal,netem delay 25ms 25ms,ALL,QUORUM,cassandra3,cassandra3,True,2,2,False
132,4,MONOTONIC_READS,normal,netem delay 25ms 25ms,ALL,QUORUM,cassandra3,cassandra3,True,2,2,False
132,5,MONOTONIC_READS,normal,netem delay 25ms 25ms,ALL,QUORUM,cassandra3,cassandra2,False,2,2,False
133,1,MONOTONIC_READS,normal,netem delay 25ms 25ms,ALL,QUORUM,cassandra1,cassandra1,True,,2,False
133,2,MONOTONIC_READS,normal,netem delay 25ms 25ms,ALL,QUORUM,cassandra1,cassandra2,False,2,2,False
133,3,MONOTONIC_READS,normal,netem delay 25ms 25ms,ALL,QUORUM,cassandra1,cassandra2,False,2,2,False
133,4,MONOTONIC_READS,normal,netem delay 25ms 25ms,ALL,QUORUM,cassandra1,cassandra1,True,2,2,False
133,5,MONOTONIC_READS,normal,netem delay 25ms 25ms,ALL,QUORUM,cassandra1,cassandra1,True,2,2,False
134,1,MONOTONIC_READS,normal,netem delay 25ms 25ms,ALL,QUORUM,cassandra2,cassandra2,True,,2,False
134,2,MONOTONIC_READS,normal,netem delay 25ms 25ms,ALL,QUORUM,cassandra2,cassandra3,False,2,2,False
134,3,MONOTONIC_READS,normal,netem delay 25ms 25ms,ALL,QUORUM,cassandra2,cassandra1,False,2,2,False
134,4,MONOTONIC_READS,normal,netem delay 25ms 25ms,ALL,QUORUM,cassandra2,cassandra3,False,2,2,False
134,5,MONOTONIC_READS,normal,netem delay 25ms 25ms,ALL,QUORUM,cassandra2,cassandra2,True,2,2,False
135,1,MONOTONIC_READS,normal,netem delay 25ms 25ms,ALL,QUORUM,cassandra2,cassandra1,False,,2,False
135,2,MONOTONIC_READS,normal,netem delay 25ms 25ms,ALL,QUORUM,cassandra2,cassandra3,False,2,2,False
135,3,MONOTONIC_READS,normal,netem delay 25ms 25ms,ALL,QUORUM,cassandra2,cassandra1,False,2,2,False
135,4,MONOTONIC_READS,normal,netem delay 25ms 25ms,ALL,QUORUM,cassandra2,cassandra2,True,2,2,False
135,5,MONOTONIC_READS,normal,netem delay 25ms 25ms,ALL,QUORUM,cassandra2,cassandra2,True,2,2,False
136,1,MONOTONIC_READS,normal,netem delay 25ms 25ms,ALL,QUORUM,cassandra1,cassandra3,False,,2,False
136,2,MONOTONIC_READS,normal,netem delay 25ms 25ms,ALL,QUORUM,cassandra1,cassandra3,False,2,2,False
136,3,MONOTONIC_READS,normal,netem delay 25ms 25ms,ALL,QUORUM,cassandra1,cassandra3,False,2,2,False
136,4,MONOTONIC_READS,normal,netem delay 25ms 25ms,ALL,QUORUM,cassandra1,cassandra2,False,2,2,False
136,5,MONOTONIC_READS,normal,netem delay 25ms 25ms,ALL,QUORUM,cassandra1,cassandra2,False,2,2,False
137,1,MONOTONIC_READS,normal,netem delay 25ms 25ms,ALL,QUORUM,cassandra3,cassandra3,True,,2,False
137,2,MONOTONIC_READS,normal,netem delay 25ms 25ms,ALL,QUORUM,cassandra3,cassandra3,True,2,2,False
137,3,MONOTONIC_READS,normal,netem delay 25ms 25ms,ALL,QUORUM,cassandra3,cassandra3,True,2,2,False
137,4,MONOTONIC_READS,normal,netem delay 25ms 25ms,ALL,QUORUM,cassandra3,cassandra2,False,2,2,False
137,5,MONOTONIC_READS,normal,netem delay 25ms 25ms,ALL,QUORUM,cassandra3,cassandra2,False,2,2,False
138,1,MONOTONIC_READS,normal,netem delay 25ms 25ms,ALL,QUORUM,cassandra2,cassandra3,False,,2,False
138,2,MONOTONIC_READS,normal,netem delay 25ms 25ms,ALL,QUORUM,cassandra2,cassandra2,True,2,2,False
138,3,MONOTONIC_READS,normal,netem delay 25ms 25ms,ALL,QUORUM,cassandra2,cassandra2,True,2,2,False
138,4,MONOTONIC_READS,normal,netem delay 25ms 25ms,ALL,QUORUM,cassandra2,cassandra3,False,2,2,False
138,5,MONOTONIC_READS,normal,netem delay 25ms 25ms,ALL,QUORUM,cassandra2,cassandra2,True,2,2,False
139,1,MONOTONIC_READS,normal,netem delay 25ms 25ms,ALL,QUORUM,cassandra1,cassandra1,True,,2,False
139,2,MONOTONIC_READS,normal,netem delay 25ms 25ms,ALL,QUORUM,cassandra1,cassandra2,False,2,2,False
139,3,MONOTONIC_READS,normal,netem delay 25ms 25ms,ALL,QUORUM,cassandra1,cassandra3,False,2,2,False
139,4,MONOTONIC_READS,normal,netem delay 25ms 25ms,ALL,QUORUM,cassandra1,cassandra3,False,2,2,False
139,5,MONOTONIC_READS,normal,netem delay 25ms 25ms,ALL,QUORUM,cassandra1,cassandra3,False,2,2,False
140,1,MONOTONIC_READS,normal,netem delay 25ms 25ms,ALL,QUORUM,cassandra2,cassandra2,True,,2,False
140,2,MONOTONIC_READS,normal,netem delay 25ms 25ms,ALL,QUORUM,cassandra2,cassandra1,False,2,2,False
140,3,MONOTONIC_READS,normal,netem delay 25ms 25ms,ALL,QUORUM,cassandra2,cassandra2,True,2,2,False
140,4,MONOTONIC_READS,normal,netem delay 25ms 25ms,ALL,QUORUM,cassandra2,cassandra1,False,2,2,False
140,5,MONOTONIC_READS,normal,netem delay 25ms 25ms,ALL,QUORUM,cassandra2,cassandra1,False,2,2,False
141,1,MONOTONIC_READS,normal,netem delay 25ms 25ms,ALL,QUORUM,cassandra3,cassandra2,False,,2,False
141,2,MONOTONIC_READS,normal,netem delay 25ms 25ms,ALL,QUORUM,cassandra3,cassandra2,False,2,2,False
141,3,MONOTONIC_READS,normal,netem delay 25ms 25ms,ALL,QUORUM,cassandra3,cassandra2,False,2,2,False
141,4,MONOTONIC_READS,normal,netem delay 25ms 25ms,ALL,QUORUM,cassandra3,cassandra2,False,2,2,False
141,5,MONOTONIC_READS,normal,netem delay 25ms 25ms,ALL,QUORUM,cassandra3,cassandra1,False,2,2,False
142,1,MONOTONIC_READS,normal,netem delay 25ms 25ms,ALL,QUORUM,cassandra3,cassandra1,False,,2,False
142,2,MONOTONIC_READS,normal,netem delay 25ms 25ms,ALL,QUORUM,cassandra3,cassandra3,True,2,2,False
142,3,MONOTONIC_READS,normal,netem delay 25ms 25ms,ALL,QUORUM,cassandra3,cassandra1,False,2,2,False
142,4,MONOTONIC_READS,normal,netem delay 25ms 25ms,ALL,QUORUM,cassandra3,cassandra3,True,2,2,False
142,5,MONOTONIC_READS,normal,netem delay 25ms 25ms,ALL,QUORUM,cassandra3,cassandra1,False,2,2,False
143,1,MONOTONIC_READS,normal,netem delay 25ms 25ms,ALL,QUORUM,cassandra1,cassandra3,False,,2,False
143,2,MONOTONIC_READS,normal,netem delay 25ms 25ms,ALL,QUORUM,cassandra1,cassandra2,False,2,2,False
143,3,MONOTONIC_READS,normal,netem delay 25ms 25ms,ALL,QUORUM,cassandra1,cassandra1,True,2,2,False
143,4,MONOTONIC_READS,normal,netem delay 25ms 25ms,ALL,QUORUM,cassandra1,cassandra3,False,2,2,False
143,5,MONOTONIC_READS,normal,netem delay 25ms 25ms,ALL,QUORUM,cassandra1,cassandra1,True,2,2,False
144,1,MONOTONIC_READS,normal,netem delay 25ms 25ms,ALL,QUORUM,cassandra1,cassandra1,True,,2,False
144,2,MONOTONIC_READS,normal,netem delay 25ms 25ms,ALL,QUORUM,cassandra1,cassandra2,False,2,2,False
144,3,MONOTONIC_READS,normal,netem delay 25ms 25ms,ALL,QUORUM,cassandra1,cassandra1,True,2,2,False
144,4,MONOTONIC_READS,normal,netem delay 25ms 25ms,ALL,QUORUM,cassandra1,cassandra1,True,2,2,False
144,5,MONOTONIC_READS,normal,netem delay 25ms 25ms,ALL,QUORUM,cassandra1,cassandra1,True,2,2,False
145,1,MONOTONIC_READS,normal,netem delay 25ms 25ms,ALL,QUORUM,cassandra2,cassandra2,True,,2,False
145,2,MONOTONIC_READS,normal,netem delay 25ms 25ms,ALL,QUORUM,cassandra2,cassandra1,False,2,2,False
145,3,MONOTONIC_READS,normal,netem delay 25ms 25ms,ALL,QUORUM,cassandra2,cassandra1,False,2,2,False
145,4,MONOTONIC_READS,normal,netem delay 25ms 25ms,ALL,QUORUM,cassandra2,cassandra2,True,2,2,False
145,5,MONOTONIC_READS,normal,netem delay 25ms 25ms,ALL,QUORUM,cassandra2,cassandra3,False,2,2,False
146,1,MONOTONIC_READS,normal,netem delay 25ms 25ms,ALL,QUORUM,cassandra1,cassandra2,False,,2,False
146,2,MONOTONIC_READS,normal,netem delay 25ms 25ms,ALL,QUORUM,cassandra1,cassandra1,True,2,2,False
146,3,MONOTONIC_READS,normal,netem delay 25ms 25ms,ALL,QUORUM,cassandra1,cassandra1,True,2,2,False
146,4,MONOTONIC_READS,normal,netem delay 25ms 25ms,ALL,QUORUM,cassandra1,cassandra2,False,2,2,False
146,5,MONOTONIC_READS,normal,netem delay 25ms 25ms,ALL,QUORUM,cassandra1,cassandra2,False,2,2,False
147,1,MONOTONIC_READS,normal,netem delay 25ms 25ms,ALL,QUORUM,cassandra2,cassandra2,True,,2,False
147,2,MONOTONIC_READS,normal,netem delay 25ms 25ms,ALL,QUORUM,cassandra2,cassandra1,False,2,2,False
147,3,MONOTONIC_READS,normal,netem delay 25ms 25ms,ALL,QUORUM,cassandra2,cassandra3,False,2,2,False
147,4,MONOTONIC_READS,normal,netem delay 25ms 25ms,ALL,QUORUM,cassandra2,cassandra1,False,2,2,False
147,5,MONOTONIC_READS,normal,netem delay 25ms 25ms,ALL,QUORUM,cassandra2,cassandra2,True,2,2,False
148,1,MONOTONIC_READS,normal,netem delay 25ms 25ms,ALL,QUORUM,cassandra2,cassandra1,False,,2,False
148,2,MONOTONIC_READS,normal,netem delay 25ms 25ms,ALL,QUORUM,cassandra2,cassandra3,False,2,2,False
148,3,MONOTONIC_READS,normal,netem delay 25ms 25ms,ALL,QUORUM,cassandra2,cassandra1,False,2,2,False
148,4,MONOTONIC_READS,normal,netem delay 25ms 25ms,ALL,QUORUM,cassandra2,cassandra3,False,2,2,False
148,5,MONOTONIC_READS,normal,netem delay 25ms 25ms,ALL,QUORUM,cassandra2,cassandra1,False,2,2,False
149,1,MONOTONIC_READS,normal,netem delay 25ms 25ms,ALL,QUORUM,cassandra1,cassandra3,False,,2,False
149,2,MONOTONIC_READS,normal,netem delay 25ms 25ms,ALL,QUORUM,cassandra1,cassandra1,True,2,2,False
149,3,MONOTONIC_READS,normal,netem delay 25ms 25ms,ALL,QUORUM,cassandra1,cassandra2,False,2,2,False
149,4,MONOTONIC_READS,normal,netem delay 25ms 25ms,ALL,QUORUM,cassandra1,cassandra3,False,2,2,False
149,5,MONOTONIC_READS,normal,netem delay 25ms 25ms,ALL,QUORUM,cassandra1,cassandra3,False,2,2,False
150,1,MONOTONIC_READS,normal,netem delay 25ms 25ms,ALL,QUORUM,cassandra2,cassandra3,False,,2,False
150,2,MONOTONIC_READS,normal,netem delay 25ms 25ms,ALL,QUORUM,cassandra2,cassandra2,True,2,2,False
150,3,MONOTONIC_READS,normal,netem delay 25ms 25ms,ALL,QUORUM,cassandra2,cassandra3,False,2,2,False
150,4,MONOTONIC_READS,normal,netem delay 25ms 25ms,ALL,QUORUM,cassandra2,cassandra1,False,2,2,False
150,5,MONOTONIC_READS,normal,netem delay 25ms 25ms,ALL,QUORUM,cassandra2,cassandra1,False,2,2,False
151,1,MONOTONIC_READS,normal,netem delay 25ms 25ms,ALL,QUORUM,cassandra1,cassandra2,False,,2,False
151,2,MONOTONIC_READS,normal,netem delay 25ms 25ms,ALL,QUORUM,cassandra1,cassandra2,False,2,2,False
151,3,MONOTONIC_READS,normal,netem delay 25ms 25ms,ALL,QUORUM,cassandra1,cassandra2,False,2,2,False
151,4,MONOTONIC_READS,normal,netem delay 25ms 25ms,ALL,QUORUM,cassandra1,cassandra3,False,2,2,False
151,5,MONOTONIC_READS,normal,netem delay 25ms 25ms,ALL,QUORUM,cassandra1,cassandra1,True,2,2,False
152,1,MONOTONIC_READS,normal,netem delay 25ms 25ms,ALL,QUORUM,cassandra3,cassandra3,True,,2,False
152,2,MONOTONIC_READS,normal,netem delay 25ms 25ms,ALL,QUORUM,cassandra3,cassandra2,False,2,2,False
152,3,MONOTONIC_READS,normal,netem delay 25ms 25ms,ALL,QUORUM,cassandra3,cassandra2,False,2,2,False
152,4,MONOTONIC_READS,normal,netem delay 25ms 25ms,ALL,QUORUM,cassandra3,cassandra1,False,2,2,False
152,5,MONOTONIC_READS,normal,netem delay 25ms 25ms,ALL,QUORUM,cassandra3,cassandra3,True,2,2,False
153,1,MONOTONIC_READS,normal,netem delay 25ms 25ms,ALL,QUORUM,cassandra1,cassandra3,False,,2,False
153,2,MONOTONIC_READS,normal,netem delay 25ms 25ms,ALL,QUORUM,cassandra1,cassandra1,True,2,2,False
153,3,MONOTONIC_READS,normal,netem delay 25ms 25ms,ALL,QUORUM,cassandra1,cassandra2,False,2,2,False
153,4,MONOTONIC_READS,normal,netem delay 25ms 25ms,ALL,QUORUM,cassandra1,cassandra2,False,2,2,False
153,5,MONOTONIC_READS,normal,netem delay 25ms 25ms,ALL,QUORUM,cassandra1,cassandra1,True,2,2,False
154,1,MONOTONIC_READS,normal,netem delay 25ms 25ms,ALL,QUORUM,cassandra1,cassandra2,False,,2,False
154,2,MONOTONIC_READS,normal,netem delay 25ms 25ms,ALL,QUORUM,cassandra1,cassandra3,False,2,2,False
154,3,MONOTONIC_READS,normal,netem delay 25ms 25ms,ALL,QUORUM,cassandra1,cassandra1,True,2,2,False
154,4,MONOTONIC_READS,normal,netem delay 25ms 25ms,ALL,QUORUM,cassandra1,cassandra1,True,2,2,False
154,5,MONOTONIC_READS,normal,netem delay 25ms 25ms,ALL,QUORUM,cassandra1,cassandra1,True,2,2,False
155,1,MONOTONIC_READS,normal,netem delay 25ms 25ms,ALL,QUORUM,cassandra2,cassandra3,False,,2,False
155,2,MONOTONIC_READS,normal,netem delay 25ms 25ms,ALL,QUORUM,cassandra2,cassandra1,False,2,2,False
155,3,MONOTONIC_READS,normal,netem delay 25ms 25ms,ALL,QUORUM,cassandra2,cassandra2,True,2,2,False
155,4,MONOTONIC_READS,normal,netem delay 25ms 25ms,ALL,QUORUM,cassandra2,cassandra3,False,2,2,False
155,5,MONOTONIC_READS,normal,netem delay 25ms 25ms,ALL,QUORUM,cassandra2,cassandra2,True,2,2,False
156,1,MONOTONIC_READS,normal,netem delay 25ms 25ms,ALL,QUORUM,cassandra1,cassandra3,False,,2,False
156,2,MONOTONIC_READS,normal,netem delay 25ms 25ms,ALL,QUORUM,cassandra1,cassandra3,False,2,2,False
156,3,MONOTONIC_READS,normal,netem delay 25ms 25ms,ALL,QUORUM,cassandra1,cassandra2,False,2,2,False
156,4,MONOTONIC_READS,normal,netem delay 25ms 25ms,ALL,QUORUM,cassandra1,cassandra3,False,2,2,False
156,5,MONOTONIC_READS,normal,netem delay 25ms 25ms,ALL,QUORUM,cassandra1,cassandra3,False,2,2,False
157,1,MONOTONIC_READS,normal,netem delay 25ms 25ms,ALL,QUORUM,cassandra2,cassandra3,False,,2,False
157,2,MONOTONIC_READS,normal,netem delay 25ms 25ms,ALL,QUORUM,cassandra2,cassandra1,False,2,2,False
157,3,MONOTONIC_READS,normal,netem delay 25ms 25ms,ALL,QUORUM,cassandra2,cassandra3,False,2,2,False
157,4,MONOTONIC_READS,normal,netem delay 25ms 25ms,ALL,QUORUM,cassandra2,cassandra1,False,2,2,False
157,5,MONOTONIC_READS,normal,netem delay 25ms 25ms,ALL,QUORUM,cassandra2,cassandra2,True,2,2,False
158,1,MONOTONIC_READS,normal,netem delay 25ms 25ms,ALL,QUORUM,cassandra3,cassandra3,True,,2,False
158,2,MONOTONIC_READS,normal,netem delay 25ms 25ms,ALL,QUORUM,cassandra3,cassandra1,False,2,2,False
158,3,MONOTONIC_READS,normal,netem delay 25ms 25ms,ALL,QUORUM,cassandra3,cassandra2,False,2,2,False
158,4,MONOTONIC_READS,normal,netem delay 25ms 25ms,ALL,QUORUM,cassandra3,cassandra3,True,2,2,False
158,5,MONOTONIC_READS,normal,netem delay 25ms 25ms,ALL,QUORUM,cassandra3,cassandra3,True,2,2,False
159,1,MONOTONIC_READS,normal,netem delay 25ms 25ms,ALL,QUORUM,cassandra1,cassandra2,False,,2,False
159,2,MONOTONIC_READS,normal,netem delay 25ms 25ms,ALL,QUORUM,cassandra1,cassandra1,True,2,2,False
159,3,MONOTONIC_READS,normal,netem delay 25ms 25ms,ALL,QUORUM,cassandra1,cassandra1,True,2,2,False
159,4,MONOTONIC_READS,normal,netem delay 25ms 25ms,ALL,QUORUM,cassandra1,cassandra2,False,2,2,False
159,5,MONOTONIC_READS,normal,netem delay 25ms 25ms,ALL,QUORUM,cassandra1,cassandra2,False,2,2,False
160,1,MONOTONIC_READS,normal,netem delay 25ms 25ms,ALL,QUORUM,cassandra2,cassandra3,False,,2,False
160,2,MONOTONIC_READS,normal,netem delay 25ms 25ms,ALL,QUORUM,cassandra2,cassandra1,False,2,2,False
160,3,MONOTONIC_READS,normal,netem delay 25ms 25ms,ALL,QUORUM,cassandra2,cassandra3,False,2,2,False
160,4,MONOTONIC_READS,normal,netem delay 25ms 25ms,ALL,QUORUM,cassandra2,cassandra3,False,2,2,False
160,5,MONOTONIC_READS,normal,netem delay 25ms 25ms,ALL,QUORUM,cassandra2,cassandra2,True,2,2,False
161,1,MONOTONIC_READS,normal,netem delay 25ms 25ms,ALL,QUORUM,cassandra2,cassandra3,False,,2,False
161,2,MONOTONIC_READS,normal,netem delay 25ms 25ms,ALL,QUORUM,cassandra2,cassandra3,False,2,2,False
161,3,MONOTONIC_READS,normal,netem delay 25ms 25ms,ALL,QUORUM,cassandra2,cassandra1,False,2,2,False
161,4,MONOTONIC_READS,normal,netem delay 25ms 25ms,ALL,QUORUM,cassandra2,cassandra3,False,2,2,False
161,5,MONOTONIC_READS,normal,netem delay 25ms 25ms,ALL,QUORUM,cassandra2,cassandra2,True,2,2,False
162,1,MONOTONIC_READS,normal,netem delay 25ms 25ms,ALL,QUORUM,cassandra2,cassandra1,False,,2,False
162,2,MONOTONIC_READS,normal,netem delay 25ms 25ms,ALL,QUORUM,cassandra2,cassandra1,False,2,2,False
162,3,MONOTONIC_READS,normal,netem delay 25ms 25ms,ALL,QUORUM,cassandra2,cassandra3,False,2,2,False
162,4,MONOTONIC_READS,normal,netem delay 25ms 25ms,ALL,QUORUM,cassandra2,cassandra3,False,2,2,False
162,5,MONOTONIC_READS,normal,netem delay 25ms 25ms,ALL,QUORUM,cassandra2,cassandra3,False,2,2,False
163,1,MONOTONIC_READS,normal,netem delay 25ms 25ms,ALL,QUORUM,cassandra3,cassandra1,False,,2,False
163,2,MONOTONIC_READS,normal,netem delay 25ms 25ms,ALL,QUORUM,cassandra3,cassandra2,False,2,2,False
163,3,MONOTONIC_READS,normal,netem delay 25ms 25ms,ALL,QUORUM,cassandra3,cassandra3,True,2,2,False
163,4,MONOTONIC_READS,normal,netem delay 25ms 25ms,ALL,QUORUM,cassandra3,cassandra3,True,2,2,False
163,5,MONOTONIC_READS,normal,netem delay 25ms 25ms,ALL,QUORUM,cassandra3,cassandra2,False,2,2,False
164,1,MONOTONIC_READS,normal,netem delay 25ms 25ms,ALL,QUORUM,cassandra3,cassandra2,False,,2,False
164,2,MONOTONIC_READS,normal,netem delay 25ms 25ms,ALL,QUORUM,cassandra3,cassandra1,False,2,2,False
164,3,MONOTONIC_READS,normal,netem delay 25ms 25ms,ALL,QUORUM,cassandra3,cassandra1,False,2,2,False
164,4,MONOTONIC_READS,normal,netem delay 25ms 25ms,ALL,QUORUM,cassandra3,cassandra1,False,2,2,False
164,5,MONOTONIC_READS,normal,netem delay 25ms 25ms,ALL,QUORUM,cassandra3,cassandra2,False,2,2,False
165,1,MONOTONIC_READS,normal,netem delay 25ms 25ms,ALL,QUORUM,cassandra1,cassandra2,False,,2,False
165,2,MONOTONIC_READS,normal,netem delay 25ms 25ms,ALL,QUORUM,cassandra1,cassandra3,False,2,2,False
165,3,MONOTONIC_READS,normal,netem delay 25ms 25ms,ALL,QUORUM,cassandra1,cassandra2,False,2,2,False
165,4,MONOTONIC_READS,normal,netem delay 25ms 25ms,ALL,QUORUM,cassandra1,cassandra3,False,2,2,False
165,5,MONOTONIC_READS,normal,netem delay 25ms 25ms,ALL,QUORUM,cassandra1,cassandra2,False,2,2,False
166,1,MONOTONIC_READS,normal,netem delay 25ms 25ms,ALL,QUORUM,cassandra2,cassandra2,True,,2,False
166,2,MONOTONIC_READS,normal,netem delay 25ms 25ms,ALL,QUORUM,cassandra2,cassandra3,False,2,2,False
166,3,MONOTONIC_READS,normal,netem delay 25ms 25ms,ALL,QUORUM,cassandra2,cassandra3,False,2,2,False
166,4,MONOTONIC_READS,normal,netem delay 25ms 25ms,ALL,QUORUM,cassandra2,cassandra2,True,2,2,False
166,5,MONOTONIC_READS,normal,netem delay 25ms 25ms,ALL,QUORUM,cassandra2,cassandra3,False,2,2,False
167,1,MONOTONIC_READS,normal,netem delay 25ms 25ms,ALL,QUORUM,cassandra2,cassandra3,False,,2,False
167,2,MONOTONIC_READS,normal,netem delay 25ms 25ms,ALL,QUORUM,cassandra2,cassandra3,False,2,2,False
167,3,MONOTONIC_READS,normal,netem delay 25ms 25ms,ALL,QUORUM,cassandra2,cassandra1,False,2,2,False
167,4,MONOTONIC_READS,normal,netem delay 25ms 25ms,ALL,QUORUM,cassandra2,cassandra3,False,2,2,False
167,5,MONOTONIC_READS,normal,netem delay 25ms 25ms,ALL,QUORUM,cassandra2,cassandra1,False,2,2,False
168,1,MONOTONIC_READS,normal,netem delay 25ms 25ms,ALL,QUORUM,cassandra3,cassandra3,True,,2,False
168,2,MONOTONIC_READS,normal,netem delay 25ms 25ms,ALL,QUORUM,cassandra3,cassandra1,False,2,2,False
168,3,MONOTONIC_READS,normal,netem delay 25ms 25ms,ALL,QUORUM,cassandra3,cassandra2,False,2,2,False
168,4,MONOTONIC_READS,normal,netem delay 25ms 25ms,ALL,QUORUM,cassandra3,cassandra3,True,2,2,False
168,5,MONOTONIC_READS,normal,netem delay 25ms 25ms,ALL,QUORUM,cassandra3,cassandra1,False,2,2,False
169,1,MONOTONIC_READS,normal,netem delay 25ms 25ms,ALL,QUORUM,cassandra3,cassandra1,False,,2,False
169,2,MONOTONIC_READS,normal,netem delay 25ms 25ms,ALL,QUORUM,cassandra3,cassandra1,False,2,2,False
169,3,MONOTONIC_READS,normal,netem delay 25ms 25ms,ALL,QUORUM,cassandra3,cassandra1,False,2,2,False
169,4,MONOTONIC_READS,normal,netem delay 25ms 25ms,ALL,QUORUM,cassandra3,cassandra2,False,2,2,False
169,5,MONOTONIC_READS,normal,netem delay 25ms 25ms,ALL,QUORUM,cassandra3,cassandra1,False,2,2,False
170,1,MONOTONIC_READS,normal,netem delay 25ms 25ms,ALL,QUORUM,cassandra2,cassandra3,False,,2,False
170,2,MONOTONIC_READS,normal,netem delay 25ms 25ms,ALL,QUORUM,cassandra2,cassandra2,True,2,2,False
170,3,MONOTONIC_READS,normal,netem delay 25ms 25ms,ALL,QUORUM,cassandra2,cassandra2,True,2,2,False
170,4,MONOTONIC_READS,normal,netem delay 25ms 25ms,ALL,QUORUM,cassandra2,cassandra3,False,2,2,False
170,5,MONOTONIC_READS,normal,netem delay 25ms 25ms,ALL,QUORUM,cassandra2,cassandra2,True,2,2,False
171,1,MONOTONIC_READS,normal,netem delay 25ms 25ms,ALL,QUORUM,cassandra1,cassandra2,False,,2,False
171,2,MONOTONIC_READS,normal,netem delay 25ms 25ms,ALL,QUORUM,cassandra1,cassandra1,True,2,2,False
171,3,MONOTONIC_READS,normal,netem delay 25ms 25ms,ALL,QUORUM,cassandra1,cassandra1,True,2,2,False
171,4,MONOTONIC_READS,normal,netem delay 25ms 25ms,ALL,QUORUM,cassandra1,cassandra3,False,2,2,False
171,5,MONOTONIC_READS,normal,netem delay 25ms 25ms,ALL,QUORUM,cassandra1,cassandra3,False,2,2,False
172,1,MONOTONIC_READS,normal,netem delay 25ms 25ms,ALL,QUORUM,cassandra1,cassandra1,True,,2,False
172,2,MONOTONIC_READS,normal,netem delay 25ms 25ms,ALL,QUORUM,cassandra1,cassandra3,False,2,2,False
172,3,MONOTONIC_READS,normal,netem delay 25ms 25ms,ALL,QUORUM,cassandra1,cassandra3,False,2,2,False
172,4,MONOTONIC_READS,normal,netem delay 25ms 25ms,ALL,QUORUM,cassandra1,cassandra2,False,2,2,False
172,5,MONOTONIC_READS,normal,netem delay 25ms 25ms,ALL,QUORUM,cassandra1,cassandra3,False,2,2,False
173,1,MONOTONIC_READS,normal,netem delay 25ms 25ms,ALL,QUORUM,cassandra3,cassandra1,False,,2,False
173,2,MONOTONIC_READS,normal,netem delay 25ms 25ms,ALL,QUORUM,cassandra3,cassandra3,True,2,2,False
173,3,MONOTONIC_READS,normal,netem delay 25ms 25ms,ALL,QUORUM,cassandra3,cassandra2,False,2,2,False
173,4,MONOTONIC_READS,normal,netem delay 25ms 25ms,ALL,QUORUM,cassandra3,cassandra3,True,2,2,False
173,5,MONOTONIC_READS,normal,netem delay 25ms 25ms,ALL,QUORUM,cassandra3,cassandra3,True,2,2,False
174,1,MONOTONIC_READS,normal,netem delay 25ms 25ms,ALL,QUORUM,cassandra1,cassandra1,True,,2,False
174,2,MONOTONIC_READS,normal,netem delay 25ms 25ms,ALL,QUORUM,cassandra1,cassandra1,True,2,2,False
174,3,MONOTONIC_READS,normal,netem delay 25ms 25ms,ALL,QUORUM,cassandra1,cassandra2,False,2,2,False
174,4,MONOTONIC_READS,normal,netem delay 25ms 25ms,ALL,QUORUM,cassandra1,cassandra2,False,2,2,False
174,5,MONOTONIC_READS,normal,netem delay 25ms 25ms,ALL,QUORUM,cassandra1,cassandra3,False,2,2,False
175,1,MONOTONIC_READS,normal,netem delay 25ms 25ms,ALL,QUORUM,cassandra2,cassandra3,False,,2,False
175,2,MONOTONIC_READS,normal,netem delay 25ms 25ms,ALL,QUORUM,cassandra2,cassandra3,False,2,2,False
175,3,MONOTONIC_READS,normal,netem delay 25ms 25ms,ALL,QUORUM,cassandra2,cassandra1,False,2,2,False
175,4,MONOTONIC_READS,normal,netem delay 25ms 25ms,ALL,QUORUM,cassandra2,cassandra1,False,2,2,False
175,5,MONOTONIC_READS,normal,netem delay 25ms 25ms,ALL,QUORUM,cassandra2,cassandra2,True,2,2,False
176,1,MONOTONIC_READS,normal,netem delay 25ms 25ms,ALL,QUORUM,cassandra3,cassandra2,False,,2,False
176,2,MONOTONIC_READS,normal,netem delay 25ms 25ms,ALL,QUORUM,cassandra3,cassandra1,False,2,2,False
176,3,MONOTONIC_READS,normal,netem delay 25ms 25ms,ALL,QUORUM,cassandra3,cassandra3,True,2,2,False
176,4,MONOTONIC_READS,normal,netem delay 25ms 25ms,ALL,QUORUM,cassandra3,cassandra2,False,2,2,False
176,5,MONOTONIC_READS,normal,netem delay 25ms 25ms,ALL,QUORUM,cassandra3,cassandra1,False,2,2,False
177,1,MONOTONIC_READS,normal,netem delay 25ms 25ms,ALL,QUORUM,cassandra1,cassandra1,True,,2,False
177,2,MONOTONIC_READS,normal,netem delay 25ms 25ms,ALL,QUORUM,cassandra1,cassandra2,False,2,2,False
177,3,MONOTONIC_READS,normal,netem delay 25ms 25ms,ALL,QUORUM,cassandra1,cassandra1,True,2,2,False
177,4,MONOTONIC_READS,normal,netem delay 25ms 25ms,ALL,QUORUM,cassandra1,cassandra3,False,2,2,False
177,5,MONOTONIC_READS,normal,netem delay 25ms 25ms,ALL,QUORUM,cassandra1,cassandra3,False,2,2,False
178,1,MONOTONIC_READS,normal,netem delay 25ms 25ms,ALL,QUORUM,cassandra1,cassandra2,False,,2,False
178,2,MONOTONIC_READS,normal,netem delay 25ms 25ms,ALL,QUORUM,cassandra1,cassandra1,True,2,2,False
178,3,MONOTONIC_READS,normal,netem delay 25ms 25ms,ALL,QUORUM,cassandra1,cassandra2,False,2,2,False
178,4,MONOTONIC_READS,normal,netem delay 25ms 25ms,ALL,QUORUM,cassandra1,cassandra2,False,2,2,False
178,5,MONOTONIC_READS,normal,netem delay 25ms 25ms,ALL,QUORUM,cassandra1,cassandra2,False,2,2,False
179,1,MONOTONIC_READS,normal,netem delay 25ms 25ms,ALL,QUORUM,cassandra1,cassandra2,False,,2,False
179,2,MONOTONIC_READS,normal,netem delay 25ms 25ms,ALL,QUORUM,cassandra1,cassandra3,False,2,2,False
179,3,MONOTONIC_READS,normal,netem delay 25ms 25ms,ALL,QUORUM,cassandra1,cassandra3,False,2,2,False
179,4,MONOTONIC_READS,normal,netem delay 25ms 25ms,ALL,QUORUM,cassandra1,cassandra1,True,2,2,False
179,5,MONOTONIC_READS,normal,netem delay 25ms 25ms,ALL,QUORUM,cassandra1,cassandra2,False,2,2,False
180,1,MONOTONIC_READS,normal,netem delay 25ms 25ms,ALL,QUORUM,cassandra3,cassandra2,False,,2,False
180,2,MONOTONIC_READS,normal,netem delay 25ms 25ms,ALL,QUORUM,cassandra3,cassandra2,False,2,2,False
180,3,MONOTONIC_READS,normal,netem delay 25ms 25ms,ALL,QUORUM,cassandra3,cassandra3,True,2,2,False
180,4,MONOTONIC_READS,normal,netem delay 25ms 25ms,ALL,QUORUM,cassandra3,cassandra2,False,2,2,False
180,5,MONOTONIC_READS,normal,netem delay 25ms 25ms,ALL,QUORUM,cassandra3,cassandra1,False,2,2,False
181,1,MONOTONIC_READS,normal,netem delay 25ms 25ms,ALL,QUORUM,cassandra3,cassandra2,False,,2,False
181,2,MONOTONIC_READS,normal,netem delay 25ms 25ms,ALL,QUORUM,cassandra3,cassandra3,True,2,2,False
181,3,MONOTONIC_READS,normal,netem delay 25ms 25ms,ALL,QUORUM,cassandra3,cassandra1,False,2,2,False
181,4,MONOTONIC_READS,normal,netem delay 25ms 25ms,ALL,QUORUM,cassandra3,cassandra3,True,2,2,False
181,5,MONOTONIC_READS,normal,netem delay 25ms 25ms,ALL,QUORUM,cassandra3,cassandra2,False,2,2,False
182,1,MONOTONIC_READS,normal,netem delay 25ms 25ms,ALL,QUORUM,cassandra3,cassandra1,False,,2,False
182,2,MONOTONIC_READS,normal,netem delay 25ms 25ms,ALL,QUORUM,cassandra3,cassandra3,True,2,2,False
182,3,MONOTONIC_READS,normal,netem delay 25ms 25ms,ALL,QUORUM,cassandra3,cassandra2,False,2,2,False
182,4,MONOTONIC_READS,normal,netem delay 25ms 25ms,ALL,QUORUM,cassandra3,cassandra2,False,2,2,False
182,5,MONOTONIC_READS,normal,netem delay 25ms 25ms,ALL,QUORUM,cassandra3,cassandra3,True,2,2,False
183,1,MONOTONIC_READS,normal,netem delay 25ms 25ms,ALL,QUORUM,cassandra3,cassandra3,True,,2,False
183,2,MONOTONIC_READS,normal,netem delay 25ms 25ms,ALL,QUORUM,cassandra3,cassandra2,False,2,2,False
183,3,MONOTONIC_READS,normal,netem delay 25ms 25ms,ALL,QUORUM,cassandra3,cassandra1,False,2,2,False
183,4,MONOTONIC_READS,normal,netem delay 25ms 25ms,ALL,QUORUM,cassandra3,cassandra2,False,2,2,False
183,5,MONOTONIC_READS,normal,netem delay 25ms 25ms,ALL,QUORUM,cassandra3,cassandra2,False,2,2,False
184,1,MONOTONIC_READS,normal,netem delay 25ms 25ms,ALL,QUORUM,cassandra3,cassandra2,False,,2,False
184,2,MONOTONIC_READS,normal,netem delay 25ms 25ms,ALL,QUORUM,cassandra3,cassandra1,False,2,2,False
184,3,MONOTONIC_READS,normal,netem delay 25ms 25ms,ALL,QUORUM,cassandra3,cassandra3,True,2,2,False
184,4,MONOTONIC_READS,normal,netem delay 25ms 25ms,ALL,QUORUM,cassandra3,cassandra2,False,2,2,False
184,5,MONOTONIC_READS,normal,netem delay 25ms 25ms,ALL,QUORUM,cassandra3,cassandra2,False,2,2,False
185,1,MONOTONIC_READS,normal,netem delay 25ms 25ms,ALL,QUORUM,cassandra3,cassandra2,False,,2,False
185,2,MONOTONIC_READS,normal,netem delay 25ms 25ms,ALL,QUORUM,cassandra3,cassandra1,False,2,2,False
185,3,MONOTONIC_READS,normal,netem delay 25ms 25ms,ALL,QUORUM,cassandra3,cassandra3,True,2,2,False
185,4,MONOTONIC_READS,normal,netem delay 25ms 25ms,ALL,QUORUM,cassandra3,cassandra3,True,2,2,False
185,5,MONOTONIC_READS,normal,netem delay 25ms 25ms,ALL,QUORUM,cassandra3,cassandra1,False,2,2,False
186,1,MONOTONIC_READS,normal,netem delay 25ms 25ms,ALL,QUORUM,cassandra2,cassandra3,False,,2,False
186,2,MONOTONIC_READS,normal,netem delay 25ms 25ms,ALL,QUORUM,cassandra2,cassandra3,False,2,2,False
186,3,MONOTONIC_READS,normal,netem delay 25ms 25ms,ALL,QUORUM,cassandra2,cassandra2,True,2,2,False
186,4,MONOTONIC_READS,normal,netem delay 25ms 25ms,ALL,QUORUM,cassandra2,cassandra2,True,2,2,False
186,5,MONOTONIC_READS,normal,netem delay 25ms 25ms,ALL,QUORUM,cassandra2,cassandra2,True,2,2,False
187,1,MONOTONIC_READS,normal,netem delay 25ms 25ms,ALL,QUORUM,cassandra3,cassandra1,False,,2,False
187,2,MONOTONIC_READS,normal,netem delay 25ms 25ms,ALL,QUORUM,cassandra3,cassandra3,True,2,2,False
187,3,MONOTONIC_READS,normal,netem delay 25ms 25ms,ALL,QUORUM,cassandra3,cassandra1,False,2,2,False
187,4,MONOTONIC_READS,normal,netem delay 25ms 25ms,ALL,QUORUM,cassandra3,cassandra2,False,2,2,False
187,5,MONOTONIC_READS,normal,netem delay 25ms 25ms,ALL,QUORUM,cassandra3,cassandra2,False,2,2,False
188,1,MONOTONIC_READS,normal,netem delay 25ms 25ms,ALL,QUORUM,cassandra2,cassandra3,False,,2,False
188,2,MONOTONIC_READS,normal,netem delay 25ms 25ms,ALL,QUORUM,cassandra2,cassandra1,False,2,2,False
188,3,MONOTONIC_READS,normal,netem delay 25ms 25ms,ALL,QUORUM,cassandra2,cassandra3,False,2,2,False
188,4,MONOTONIC_READS,normal,netem delay 25ms 25ms,ALL,QUORUM,cassandra2,cassandra2,True,2,2,False
188,5,MONOTONIC_READS,normal,netem delay 25ms 25ms,ALL,QUORUM,cassandra2,cassandra3,False,2,2,False
189,1,MONOTONIC_READS,normal,netem delay 25ms 25ms,ALL,QUORUM,cassandra3,cassandra1,False,,2,False
189,2,MONOTONIC_READS,normal,netem delay 25ms 25ms,ALL,QUORUM,cassandra3,cassandra3,True,2,2,False
189,3,MONOTONIC_READS,normal,netem delay 25ms 25ms,ALL,QUORUM,cassandra3,cassandra2,False,2,2,False
189,4,MONOTONIC_READS,normal,netem delay 25ms 25ms,ALL,QUORUM,cassandra3,cassandra2,False,2,2,False
189,5,MONOTONIC_READS,normal,netem delay 25ms 25ms,ALL,QUORUM,cassandra3,cassandra3,True,2,2,False
190,1,MONOTONIC_READS,normal,netem delay 25ms 25ms,ALL,QUORUM,cassandra1,cassandra3,False,,2,False
190,2,MONOTONIC_READS,normal,netem delay 25ms 25ms,ALL,QUORUM,cassandra1,cassandra1,True,2,2,False
190,3,MONOTONIC_READS,normal,netem delay 25ms 25ms,ALL,QUORUM,cassandra1,cassandra1,True,2,2,False
190,4,MONOTONIC_READS,normal,netem delay 25ms 25ms,ALL,QUORUM,cassandra1,cassandra3,False,2,2,False
190,5,MONOTONIC_READS,normal,netem delay 25ms 25ms,ALL,QUORUM,cassandra1,cassandra3,False,2,2,False
191,1,MONOTONIC_READS,normal,netem delay 25ms 25ms,ALL,QUORUM,cassandra1,cassandra3,False,,2,False
191,2,MONOTONIC_READS,normal,netem delay 25ms 25ms,ALL,QUORUM,cassandra1,cassandra3,False,2,2,False
191,3,MONOTONIC_READS,normal,netem delay 25ms 25ms,ALL,QUORUM,cassandra1,cassandra1,True,2,2,False
191,4,MONOTONIC_READS,normal,netem delay 25ms 25ms,ALL,QUORUM,cassandra1,cassandra1,True,2,2,False
191,5,MONOTONIC_READS,normal,netem delay 25ms 25ms,ALL,QUORUM,cassandra1,cassandra1,True,2,2,False
192,1,MONOTONIC_READS,normal,netem delay 25ms 25ms,ALL,QUORUM,cassandra2,cassandra3,False,,2,False
192,2,MONOTONIC_READS,normal,netem delay 25ms 25ms,ALL,QUORUM,cassandra2,cassandra3,False,2,2,False
192,3,MONOTONIC_READS,normal,netem delay 25ms 25ms,ALL,QUORUM,cassandra2,cassandra2,True,2,2,False
192,4,MONOTONIC_READS,normal,netem delay 25ms 25ms,ALL,QUORUM,cassandra2,cassandra3,False,2,2,False
192,5,MONOTONIC_READS,normal,netem delay 25ms 25ms,ALL,QUORUM,cassandra2,cassandra3,False,2,2,False
193,1,MONOTONIC_READS,normal,netem delay 25ms 25ms,ALL,QUORUM,cassandra2,cassandra2,True,,2,False
193,2,MONOTONIC_READS,normal,netem delay 25ms 25ms,ALL,QUORUM,cassandra2,cassandra3,False,2,2,False
193,3,MONOTONIC_READS,normal,netem delay 25ms 25ms,ALL,QUORUM,cassandra2,cassandra2,True,2,2,False
193,4,MONOTONIC_READS,normal,netem delay 25ms 25ms,ALL,QUORUM,cassandra2,cassandra3,False,2,2,False
193,5,MONOTONIC_READS,normal,netem delay 25ms 25ms,ALL,QUORUM,cassandra2,cassandra3,False,2,2,False
194,1,MONOTONIC_READS,normal,netem delay 25ms 25ms,ALL,QUORUM,cassandra2,cassandra1,False,,2,False
194,2,MONOTONIC_READS,normal,netem delay 25ms 25ms,ALL,QUORUM,cassandra2,cassandra3,False,2,2,False
194,3,MONOTONIC_READS,normal,netem delay 25ms 25ms,ALL,QUORUM,cassandra2,cassandra3,False,2,2,False
194,4,MONOTONIC_READS,normal,netem delay 25ms 25ms,ALL,QUORUM,cassandra2,cassandra3,False,2,2,False
194,5,MONOTONIC_READS,normal,netem delay 25ms 25ms,ALL,QUORUM,cassandra2,cassandra3,False,2,2,False
195,1,MONOTONIC_READS,normal,netem delay 25ms 25ms,ALL,QUORUM,cassandra3,cassandra1,False,,2,False
195,2,MONOTONIC_READS,normal,netem delay 25ms 25ms,ALL,QUORUM,cassandra3,cassandra3,True,2,2,False
195,3,MONOTONIC_READS,normal,netem delay 25ms 25ms,ALL,QUORUM,cassandra3,cassandra1,False,2,2,False
195,4,MONOTONIC_READS,normal,netem delay 25ms 25ms,ALL,QUORUM,cassandra3,cassandra2,False,2,2,False
195,5,MONOTONIC_READS,normal,netem delay 25ms 25ms,ALL,QUORUM,cassandra3,cassandra2,False,2,2,False
196,1,MONOTONIC_READS,normal,netem delay 25ms 25ms,ALL,QUORUM,cassandra3,cassandra2,False,,2,False
196,2,MONOTONIC_READS,normal,netem delay 25ms 25ms,ALL,QUORUM,cassandra3,cassandra1,False,2,2,False
196,3,MONOTONIC_READS,normal,netem delay 25ms 25ms,ALL,QUORUM,cassandra3,cassandra2,False,2,2,False
196,4,MONOTONIC_READS,normal,netem delay 25ms 25ms,ALL,QUORUM,cassandra3,cassandra2,False,2,2,False
196,5,MONOTONIC_READS,normal,netem delay 25ms 25ms,ALL,QUORUM,cassandra3,cassandra2,False,2,2,False
197,1,MONOTONIC_READS,normal,netem delay 25ms 25ms,ALL,QUORUM,cassandra3,cassandra1,False,,2,False
197,2,MONOTONIC_READS,normal,netem delay 25ms 25ms,ALL,QUORUM,cassandra3,cassandra1,False,2,2,False
197,3,MONOTONIC_READS,normal,netem delay 25ms 25ms,ALL,QUORUM,cassandra3,cassandra2,False,2,2,False
197,4,MONOTONIC_READS,normal,netem delay 25ms 25ms,ALL,QUORUM,cassandra3,cassandra3,True,2,2,False
197,5,MONOTONIC_READS,normal,netem delay 25ms 25ms,ALL,QUORUM,cassandra3,cassandra3,True,2,2,False
198,1,MONOTONIC_READS,normal,netem delay 25ms 25ms,ALL,QUORUM,cassandra1,cassandra2,False,,2,False
198,2,MONOTONIC_READS,normal,netem delay 25ms 25ms,ALL,QUORUM,cassandra1,cassandra3,False,2,2,False
198,3,MONOTONIC_READS,normal,netem delay 25ms 25ms,ALL,QUORUM,cassandra1,cassandra2,False,2,2,False
198,4,MONOTONIC_READS,normal,netem delay 25ms 25ms,ALL,QUORUM,cassandra1,cassandra1,True,2,2,False
198,5,MONOTONIC_READS,normal,netem delay 25ms 25ms,ALL,QUORUM,cassandra1,cassandra2,False,2,2,False
199,1,MONOTONIC_READS,normal,netem delay 25ms 25ms,ALL,QUORUM,cassandra1,cassandra2,False,,2,False
199,2,MONOTONIC_READS,normal,netem delay 25ms 25ms,ALL,QUORUM,cassandra1,cassandra1,True,2,2,False
199,3,MONOTONIC_READS,normal,netem delay 25ms 25ms,ALL,QUORUM,cassandra1,cassandra3,False,2,2,False
199,4,MONOTONIC_READS,normal,netem delay 25ms 25ms,ALL,QUORUM,cassandra1,cassandra1,True,2,2,False
199,5,MONOTONIC_READS,normal,netem delay 25ms 25ms,ALL,QUORUM,cassandra1,cassandra2,False,2,2,False
200,1,MONOTONIC_READS,normal,netem delay 25ms 25ms,ALL,QUORUM,cassandra3,cassandra3,True,,2,False
200,2,MONOTONIC_READS,normal,netem delay 25ms 25ms,ALL,QUORUM,cassandra3,cassandra2,False,2,2,False
200,3,MONOTONIC_READS,normal,netem delay 25ms 25ms,ALL,QUORUM,cassandra3,cassandra2,False,2,2,False
200,4,MONOTONIC_READS,normal,netem delay 25ms 25ms,ALL,QUORUM,cassandra3,cassandra3,True,2,2,False
200,5,MONOTONIC_READS,normal,netem delay 25ms 25ms,ALL,QUORUM,cassandra3,cassandra3,True,2,2,False
1,1,MONOTONIC_READS,normal,netem delay 25ms 25ms,ALL,ALL,cassandra3,cassandra1,False,,2,False
1,2,MONOTONIC_READS,normal,netem delay 25ms 25ms,ALL,ALL,cassandra3,cassandra1,False,2,2,False
1,3,MONOTONIC_READS,normal,netem delay 25ms 25ms,ALL,ALL,cassandra3,cassandra2,False,2,2,False
1,4,MONOTONIC_READS,normal,netem delay 25ms 25ms,ALL,ALL,cassandra3,cassandra2,False,2,2,False
1,5,MONOTONIC_READS,normal,netem delay 25ms 25ms,ALL,ALL,cassandra3,cassandra1,False,2,2,False
2,1,MONOTONIC_READS,normal,netem delay 25ms 25ms,ALL,ALL,cassandra3,cassandra1,False,,2,False
2,2,MONOTONIC_READS,normal,netem delay 25ms 25ms,ALL,ALL,cassandra3,cassandra2,False,2,2,False
2,3,MONOTONIC_READS,normal,netem delay 25ms 25ms,ALL,ALL,cassandra3,cassandra3,True,2,2,False
2,4,MONOTONIC_READS,normal,netem delay 25ms 25ms,ALL,ALL,cassandra3,cassandra2,False,2,2,False
2,5,MONOTONIC_READS,normal,netem delay 25ms 25ms,ALL,ALL,cassandra3,cassandra3,True,2,2,False
3,1,MONOTONIC_READS,normal,netem delay 25ms 25ms,ALL,ALL,cassandra2,cassandra2,True,,2,False
3,2,MONOTONIC_READS,normal,netem delay 25ms 25ms,ALL,ALL,cassandra2,cassandra2,True,2,2,False
3,3,MONOTONIC_READS,normal,netem delay 25ms 25ms,ALL,ALL,cassandra2,cassandra3,False,2,2,False
3,4,MONOTONIC_READS,normal,netem delay 25ms 25ms,ALL,ALL,cassandra2,cassandra2,True,2,2,False
3,5,MONOTONIC_READS,normal,netem delay 25ms 25ms,ALL,ALL,cassandra2,cassandra2,True,2,2,False
4,1,MONOTONIC_READS,normal,netem delay 25ms 25ms,ALL,ALL,cassandra3,cassandra1,False,,2,False
4,2,MONOTONIC_READS,normal,netem delay 25ms 25ms,ALL,ALL,cassandra3,cassandra3,True,2,2,False
4,3,MONOTONIC_READS,normal,netem delay 25ms 25ms,ALL,ALL,cassandra3,cassandra2,False,2,2,False
4,4,MONOTONIC_READS,normal,netem delay 25ms 25ms,ALL,ALL,cassandra3,cassandra2,False,2,2,False
4,5,MONOTONIC_READS,normal,netem delay 25ms 25ms,ALL,ALL,cassandra3,cassandra3,True,2,2,False
5,1,MONOTONIC_READS,normal,netem delay 25ms 25ms,ALL,ALL,cassandra2,cassandra2,True,,2,False
5,2,MONOTONIC_READS,normal,netem delay 25ms 25ms,ALL,ALL,cassandra2,cassandra1,False,2,2,False
5,3,MONOTONIC_READS,normal,netem delay 25ms 25ms,ALL,ALL,cassandra2,cassandra2,True,2,2,False
5,4,MONOTONIC_READS,normal,netem delay 25ms 25ms,ALL,ALL,cassandra2,cassandra3,False,2,2,False
5,5,MONOTONIC_READS,normal,netem delay 25ms 25ms,ALL,ALL,cassandra2,cassandra2,True,2,2,False
6,1,MONOTONIC_READS,normal,netem delay 25ms 25ms,ALL,ALL,cassandra3,cassandra1,False,,2,False
6,2,MONOTONIC_READS,normal,netem delay 25ms 25ms,ALL,ALL,cassandra3,cassandra3,True,2,2,False
6,3,MONOTONIC_READS,normal,netem delay 25ms 25ms,ALL,ALL,cassandra3,cassandra2,False,2,2,False
6,4,MONOTONIC_READS,normal,netem delay 25ms 25ms,ALL,ALL,cassandra3,cassandra1,False,2,2,False
6,5,MONOTONIC_READS,normal,netem delay 25ms 25ms,ALL,ALL,cassandra3,cassandra1,False,2,2,False
7,1,MONOTONIC_READS,normal,netem delay 25ms 25ms,ALL,ALL,cassandra1,cassandra2,False,,2,False
7,2,MONOTONIC_READS,normal,netem delay 25ms 25ms,ALL,ALL,cassandra1,cassandra2,False,2,2,False
7,3,MONOTONIC_READS,normal,netem delay 25ms 25ms,ALL,ALL,cassandra1,cassandra2,False,2,2,False
7,4,MONOTONIC_READS,normal,netem delay 25ms 25ms,ALL,ALL,cassandra1,cassandra2,False,2,2,False
7,5,MONOTONIC_READS,normal,netem delay 25ms 25ms,ALL,ALL,cassandra1,cassandra2,False,2,2,False
8,1,MONOTONIC_READS,normal,netem delay 25ms 25ms,ALL,ALL,cassandra3,cassandra3,True,,2,False
8,2,MONOTONIC_READS,normal,netem delay 25ms 25ms,ALL,ALL,cassandra3,cassandra2,False,2,2,False
8,3,MONOTONIC_READS,normal,netem delay 25ms 25ms,ALL,ALL,cassandra3,cassandra1,False,2,2,False
8,4,MONOTONIC_READS,normal,netem delay 25ms 25ms,ALL,ALL,cassandra3,cassandra2,False,2,2,False
8,5,MONOTONIC_READS,normal,netem delay 25ms 25ms,ALL,ALL,cassandra3,cassandra2,False,2,2,False
9,1,MONOTONIC_READS,normal,netem delay 25ms 25ms,ALL,ALL,cassandra1,cassandra3,False,,2,False
9,2,MONOTONIC_READS,normal,netem delay 25ms 25ms,ALL,ALL,cassandra1,cassandra2,False,2,2,False
9,3,MONOTONIC_READS,normal,netem delay 25ms 25ms,ALL,ALL,cassandra1,cassandra3,False,2,2,False
9,4,MONOTONIC_READS,normal,netem delay 25ms 25ms,ALL,ALL,cassandra1,cassandra3,False,2,2,False
9,5,MONOTONIC_READS,normal,netem delay 25ms 25ms,ALL,ALL,cassandra1,cassandra1,True,2,2,False
10,1,MONOTONIC_READS,normal,netem delay 25ms 25ms,ALL,ALL,cassandra3,cassandra3,True,,2,False
10,2,MONOTONIC_READS,normal,netem delay 25ms 25ms,ALL,ALL,cassandra3,cassandra3,True,2,2,False
10,3,MONOTONIC_READS,normal,netem delay 25ms 25ms,ALL,ALL,cassandra3,cassandra2,False,2,2,False
10,4,MONOTONIC_READS,normal,netem delay 25ms 25ms,ALL,ALL,cassandra3,cassandra1,False,2,2,False
10,5,MONOTONIC_READS,normal,netem delay 25ms 25ms,ALL,ALL,cassandra3,cassandra2,False,2,2,False
11,1,MONOTONIC_READS,normal,netem delay 25ms 25ms,ALL,ALL,cassandra3,cassandra2,False,,2,False
11,2,MONOTONIC_READS,normal,netem delay 25ms 25ms,ALL,ALL,cassandra3,cassandra3,True,2,2,False
11,3,MONOTONIC_READS,normal,netem delay 25ms 25ms,ALL,ALL,cassandra3,cassandra2,False,2,2,False
11,4,MONOTONIC_READS,normal,netem delay 25ms 25ms,ALL,ALL,cassandra3,cassandra2,False,2,2,False
11,5,MONOTONIC_READS,normal,netem delay 25ms 25ms,ALL,ALL,cassandra3,cassandra3,True,2,2,False
12,1,MONOTONIC_READS,normal,netem delay 25ms 25ms,ALL,ALL,cassandra2,cassandra2,True,,2,False
12,2,MONOTONIC_READS,normal,netem delay 25ms 25ms,ALL,ALL,cassandra2,cassandra2,True,2,2,False
12,3,MONOTONIC_READS,normal,netem delay 25ms 25ms,ALL,ALL,cassandra2,cassandra3,False,2,2,False
12,4,MONOTONIC_READS,normal,netem delay 25ms 25ms,ALL,ALL,cassandra2,cassandra2,True,2,2,False
12,5,MONOTONIC_READS,normal,netem delay 25ms 25ms,ALL,ALL,cassandra2,cassandra1,False,2,2,False
13,1,MONOTONIC_READS,normal,netem delay 25ms 25ms,ALL,ALL,cassandra1,cassandra3,False,,2,False
13,2,MONOTONIC_READS,normal,netem delay 25ms 25ms,ALL,ALL,cassandra1,cassandra3,False,2,2,False
13,3,MONOTONIC_READS,normal,netem delay 25ms 25ms,ALL,ALL,cassandra1,cassandra1,True,2,2,False
13,4,MONOTONIC_READS,normal,netem delay 25ms 25ms,ALL,ALL,cassandra1,cassandra1,True,2,2,False
13,5,MONOTONIC_READS,normal,netem delay 25ms 25ms,ALL,ALL,cassandra1,cassandra1,True,2,2,False
14,1,MONOTONIC_READS,normal,netem delay 25ms 25ms,ALL,ALL,cassandra2,cassandra2,True,,2,False
14,2,MONOTONIC_READS,normal,netem delay 25ms 25ms,ALL,ALL,cassandra2,cassandra3,False,2,2,False
14,3,MONOTONIC_READS,normal,netem delay 25ms 25ms,ALL,ALL,cassandra2,cassandra3,False,2,2,False
14,4,MONOTONIC_READS,normal,netem delay 25ms 25ms,ALL,ALL,cassandra2,cassandra2,True,2,2,False
14,5,MONOTONIC_READS,normal,netem delay 25ms 25ms,ALL,ALL,cassandra2,cassandra1,False,2,2,False
15,1,MONOTONIC_READS,normal,netem delay 25ms 25ms,ALL,ALL,cassandra3,cassandra2,False,,2,False
15,2,MONOTONIC_READS,normal,netem delay 25ms 25ms,ALL,ALL,cassandra3,cassandra3,True,2,2,False
15,3,MONOTONIC_READS,normal,netem delay 25ms 25ms,ALL,ALL,cassandra3,cassandra2,False,2,2,False
15,4,MONOTONIC_READS,normal,netem delay 25ms 25ms,ALL,ALL,cassandra3,cassandra1,False,2,2,False
15,5,MONOTONIC_READS,normal,netem delay 25ms 25ms,ALL,ALL,cassandra3,cassandra1,False,2,2,False
16,1,MONOTONIC_READS,normal,netem delay 25ms 25ms,ALL,ALL,cassandra3,cassandra2,False,,2,False
16,2,MONOTONIC_READS,normal,netem delay 25ms 25ms,ALL,ALL,cassandra3,cassandra1,False,2,2,False
16,3,MONOTONIC_READS,normal,netem delay 25ms 25ms,ALL,ALL,cassandra3,cassandra2,False,2,2,False
16,4,MONOTONIC_READS,normal,netem delay 25ms 25ms,ALL,ALL,cassandra3,cassandra3,True,2,2,False
16,5,MONOTONIC_READS,normal,netem delay 25ms 25ms,ALL,ALL,cassandra3,cassandra1,False,2,2,False
17,1,MONOTONIC_READS,normal,netem delay 25ms 25ms,ALL,ALL,cassandra1,cassandra3,False,,2,False
17,2,MONOTONIC_READS,normal,netem delay 25ms 25ms,ALL,ALL,cassandra1,cassandra2,False,2,2,False
17,3,MONOTONIC_READS,normal,netem delay 25ms 25ms,ALL,ALL,cassandra1,cassandra3,False,2,2,False
17,4,MONOTONIC_READS,normal,netem delay 25ms 25ms,ALL,ALL,cassandra1,cassandra1,True,2,2,False
17,5,MONOTONIC_READS,normal,netem delay 25ms 25ms,ALL,ALL,cassandra1,cassandra1,True,2,2,False
18,1,MONOTONIC_READS,normal,netem delay 25ms 25ms,ALL,ALL,cassandra1,cassandra3,False,,2,False
18,2,MONOTONIC_READS,normal,netem delay 25ms 25ms,ALL,ALL,cassandra1,cassandra2,False,2,2,False
18,3,MONOTONIC_READS,normal,netem delay 25ms 25ms,ALL,ALL,cassandra1,cassandra2,False,2,2,False
18,4,MONOTONIC_READS,normal,netem delay 25ms 25ms,ALL,ALL,cassandra1,cassandra3,False,2,2,False
18,5,MONOTONIC_READS,normal,netem delay 25ms 25ms,ALL,ALL,cassandra1,cassandra2,False,2,2,False
19,1,MONOTONIC_READS,normal,netem delay 25ms 25ms,ALL,ALL,cassandra3,cassandra3,True,,2,False
19,2,MONOTONIC_READS,normal,netem delay 25ms 25ms,ALL,ALL,cassandra3,cassandra2,False,2,2,False
19,3,MONOTONIC_READS,normal,netem delay 25ms 25ms,ALL,ALL,cassandra3,cassandra2,False,2,2,False
19,4,MONOTONIC_READS,normal,netem delay 25ms 25ms,ALL,ALL,cassandra3,cassandra3,True,2,2,False
19,5,MONOTONIC_READS,normal,netem delay 25ms 25ms,ALL,ALL,cassandra3,cassandra3,True,2,2,False
20,1,MONOTONIC_READS,normal,netem delay 25ms 25ms,ALL,ALL,cassandra3,cassandra1,False,,2,False
20,2,MONOTONIC_READS,normal,netem delay 25ms 25ms,ALL,ALL,cassandra3,cassandra3,True,2,2,False
20,3,MONOTONIC_READS,normal,netem delay 25ms 25ms,ALL,ALL,cassandra3,cassandra3,True,2,2,False
20,4,MONOTONIC_READS,normal,netem delay 25ms 25ms,ALL,ALL,cassandra3,cassandra2,False,2,2,False
20,5,MONOTONIC_READS,normal,netem delay 25ms 25ms,ALL,ALL,cassandra3,cassandra3,True,2,2,False
21,1,MONOTONIC_READS,normal,netem delay 25ms 25ms,ALL,ALL,cassandra3,cassandra1,False,,2,False
21,2,MONOTONIC_READS,normal,netem delay 25ms 25ms,ALL,ALL,cassandra3,cassandra1,False,2,2,False
21,3,MONOTONIC_READS,normal,netem delay 25ms 25ms,ALL,ALL,cassandra3,cassandra2,False,2,2,False
21,4,MONOTONIC_READS,normal,netem delay 25ms 25ms,ALL,ALL,cassandra3,cassandra2,False,2,2,False
21,5,MONOTONIC_READS,normal,netem delay 25ms 25ms,ALL,ALL,cassandra3,cassandra3,True,2,2,False
22,1,MONOTONIC_READS,normal,netem delay 25ms 25ms,ALL,ALL,cassandra1,cassandra2,False,,2,False
22,2,MONOTONIC_READS,normal,netem delay 25ms 25ms,ALL,ALL,cassandra1,cassandra3,False,2,2,False
22,3,MONOTONIC_READS,normal,netem delay 25ms 25ms,ALL,ALL,cassandra1,cassandra3,False,2,2,False
22,4,MONOTONIC_READS,normal,netem delay 25ms 25ms,ALL,ALL,cassandra1,cassandra1,True,2,2,False
22,5,MONOTONIC_READS,normal,netem delay 25ms 25ms,ALL,ALL,cassandra1,cassandra3,False,2,2,False
23,1,MONOTONIC_READS,normal,netem delay 25ms 25ms,ALL,ALL,cassandra2,cassandra3,False,,2,False
23,2,MONOTONIC_READS,normal,netem delay 25ms 25ms,ALL,ALL,cassandra2,cassandra3,False,2,2,False
23,3,MONOTONIC_READS,normal,netem delay 25ms 25ms,ALL,ALL,cassandra2,cassandra3,False,2,2,False
23,4,MONOTONIC_READS,normal,netem delay 25ms 25ms,ALL,ALL,cassandra2,cassandra3,False,2,2,False
23,5,MONOTONIC_READS,normal,netem delay 25ms 25ms,ALL,ALL,cassandra2,cassandra3,False,2,2,False
24,1,MONOTONIC_READS,normal,netem delay 25ms 25ms,ALL,ALL,cassandra1,cassandra2,False,,2,False
24,2,MONOTONIC_READS,normal,netem delay 25ms 25ms,ALL,ALL,cassandra1,cassandra1,True,2,2,False
24,3,MONOTONIC_READS,normal,netem delay 25ms 25ms,ALL,ALL,cassandra1,cassandra2,False,2,2,False
24,4,MONOTONIC_READS,normal,netem delay 25ms 25ms,ALL,ALL,cassandra1,cassandra1,True,2,2,False
24,5,MONOTONIC_READS,normal,netem delay 25ms 25ms,ALL,ALL,cassandra1,cassandra2,False,2,2,False
25,1,MONOTONIC_READS,normal,netem delay 25ms 25ms,ALL,ALL,cassandra3,cassandra3,True,,2,False
25,2,MONOTONIC_READS,normal,netem delay 25ms 25ms,ALL,ALL,cassandra3,cassandra2,False,2,2,False
25,3,MONOTONIC_READS,normal,netem delay 25ms 25ms,ALL,ALL,cassandra3,cassandra3,True,2,2,False
25,4,MONOTONIC_READS,normal,netem delay 25ms 25ms,ALL,ALL,cassandra3,cassandra3,True,2,2,False
25,5,MONOTONIC_READS,normal,netem delay 25ms 25ms,ALL,ALL,cassandra3,cassandra2,False,2,2,False
26,1,MONOTONIC_READS,normal,netem delay 25ms 25ms,ALL,ALL,cassandra3,cassandra2,False,,2,False
26,2,MONOTONIC_READS,normal,netem delay 25ms 25ms,ALL,ALL,cassandra3,cassandra2,False,2,2,False
26,3,MONOTONIC_READS,normal,netem delay 25ms 25ms,ALL,ALL,cassandra3,cassandra2,False,2,2,False
26,4,MONOTONIC_READS,normal,netem delay 25ms 25ms,ALL,ALL,cassandra3,cassandra2,False,2,2,False
26,5,MONOTONIC_READS,normal,netem delay 25ms 25ms,ALL,ALL,cassandra3,cassandra3,True,2,2,False
27,1,MONOTONIC_READS,normal,netem delay 25ms 25ms,ALL,ALL,cassandra3,cassandra3,True,,2,False
27,2,MONOTONIC_READS,normal,netem delay 25ms 25ms,ALL,ALL,cassandra3,cassandra3,True,2,2,False
27,3,MONOTONIC_READS,normal,netem delay 25ms 25ms,ALL,ALL,cassandra3,cassandra2,False,2,2,False
27,4,MONOTONIC_READS,normal,netem delay 25ms 25ms,ALL,ALL,cassandra3,cassandra2,False,2,2,False
27,5,MONOTONIC_READS,normal,netem delay 25ms 25ms,ALL,ALL,cassandra3,cassandra1,False,2,2,False
28,1,MONOTONIC_READS,normal,netem delay 25ms 25ms,ALL,ALL,cassandra2,cassandra3,False,,2,False
28,2,MONOTONIC_READS,normal,netem delay 25ms 25ms,ALL,ALL,cassandra2,cassandra1,False,2,2,False
28,3,MONOTONIC_READS,normal,netem delay 25ms 25ms,ALL,ALL,cassandra2,cassandra1,False,2,2,False
28,4,MONOTONIC_READS,normal,netem delay 25ms 25ms,ALL,ALL,cassandra2,cassandra1,False,2,2,False
28,5,MONOTONIC_READS,normal,netem delay 25ms 25ms,ALL,ALL,cassandra2,cassandra3,False,2,2,False
29,1,MONOTONIC_READS,normal,netem delay 25ms 25ms,ALL,ALL,cassandra2,cassandra3,False,,2,False
29,2,MONOTONIC_READS,normal,netem delay 25ms 25ms,ALL,ALL,cassandra2,cassandra2,True,2,2,False
29,3,MONOTONIC_READS,normal,netem delay 25ms 25ms,ALL,ALL,cassandra2,cassandra2,True,2,2,False
29,4,MONOTONIC_READS,normal,netem delay 25ms 25ms,ALL,ALL,cassandra2,cassandra3,False,2,2,False
29,5,MONOTONIC_READS,normal,netem delay 25ms 25ms,ALL,ALL,cassandra2,cassandra3,False,2,2,False
30,1,MONOTONIC_READS,normal,netem delay 25ms 25ms,ALL,ALL,cassandra1,cassandra3,False,,2,False
30,2,MONOTONIC_READS,normal,netem delay 25ms 25ms,ALL,ALL,cassandra1,cassandra2,False,2,2,False
30,3,MONOTONIC_READS,normal,netem delay 25ms 25ms,ALL,ALL,cassandra1,cassandra3,False,2,2,False
30,4,MONOTONIC_READS,normal,netem delay 25ms 25ms,ALL,ALL,cassandra1,cassandra1,True,2,2,False
30,5,MONOTONIC_READS,normal,netem delay 25ms 25ms,ALL,ALL,cassandra1,cassandra1,True,2,2,False
31,1,MONOTONIC_READS,normal,netem delay 25ms 25ms,ALL,ALL,cassandra2,cassandra3,False,,2,False
31,2,MONOTONIC_READS,normal,netem delay 25ms 25ms,ALL,ALL,cassandra2,cassandra3,False,2,2,False
31,3,MONOTONIC_READS,normal,netem delay 25ms 25ms,ALL,ALL,cassandra2,cassandra2,True,2,2,False
31,4,MONOTONIC_READS,normal,netem delay 25ms 25ms,ALL,ALL,cassandra2,cassandra2,True,2,2,False
31,5,MONOTONIC_READS,normal,netem delay 25ms 25ms,ALL,ALL,cassandra2,cassandra2,True,2,2,False
32,1,MONOTONIC_READS,normal,netem delay 25ms 25ms,ALL,ALL,cassandra2,cassandra2,True,,2,False
32,2,MONOTONIC_READS,normal,netem delay 25ms 25ms,ALL,ALL,cassandra2,cassandra3,False,2,2,False
32,3,MONOTONIC_READS,normal,netem delay 25ms 25ms,ALL,ALL,cassandra2,cassandra1,False,2,2,False
32,4,MONOTONIC_READS,normal,netem delay 25ms 25ms,ALL,ALL,cassandra2,cassandra1,False,2,2,False
32,5,MONOTONIC_READS,normal,netem delay 25ms 25ms,ALL,ALL,cassandra2,cassandra2,True,2,2,False
33,1,MONOTONIC_READS,normal,netem delay 25ms 25ms,ALL,ALL,cassandra3,cassandra3,True,,2,False
33,2,MONOTONIC_READS,normal,netem delay 25ms 25ms,ALL,ALL,cassandra3,cassandra1,False,2,2,False
33,3,MONOTONIC_READS,normal,netem delay 25ms 25ms,ALL,ALL,cassandra3,cassandra3,True,2,2,False
33,4,MONOTONIC_READS,normal,netem delay 25ms 25ms,ALL,ALL,cassandra3,cassandra3,True,2,2,False
33,5,MONOTONIC_READS,normal,netem delay 25ms 25ms,ALL,ALL,cassandra3,cassandra3,True,2,2,False
34,1,MONOTONIC_READS,normal,netem delay 25ms 25ms,ALL,ALL,cassandra2,cassandra3,False,,2,False
34,2,MONOTONIC_READS,normal,netem delay 25ms 25ms,ALL,ALL,cassandra2,cassandra1,False,2,2,False
34,3,MONOTONIC_READS,normal,netem delay 25ms 25ms,ALL,ALL,cassandra2,cassandra3,False,2,2,False
34,4,MONOTONIC_READS,normal,netem delay 25ms 25ms,ALL,ALL,cassandra2,cassandra3,False,2,2,False
34,5,MONOTONIC_READS,normal,netem delay 25ms 25ms,ALL,ALL,cassandra2,cassandra1,False,2,2,False
35,1,MONOTONIC_READS,normal,netem delay 25ms 25ms,ALL,ALL,cassandra2,cassandra2,True,,2,False
35,2,MONOTONIC_READS,normal,netem delay 25ms 25ms,ALL,ALL,cassandra2,cassandra2,True,2,2,False
35,3,MONOTONIC_READS,normal,netem delay 25ms 25ms,ALL,ALL,cassandra2,cassandra3,False,2,2,False
35,4,MONOTONIC_READS,normal,netem delay 25ms 25ms,ALL,ALL,cassandra2,cassandra1,False,2,2,False
35,5,MONOTONIC_READS,normal,netem delay 25ms 25ms,ALL,ALL,cassandra2,cassandra3,False,2,2,False
36,1,MONOTONIC_READS,normal,netem delay 25ms 25ms,ALL,ALL,cassandra2,cassandra1,False,,2,False
36,2,MONOTONIC_READS,normal,netem delay 25ms 25ms,ALL,ALL,cassandra2,cassandra2,True,2,2,False
36,3,MONOTONIC_READS,normal,netem delay 25ms 25ms,ALL,ALL,cassandra2,cassandra2,True,2,2,False
36,4,MONOTONIC_READS,normal,netem delay 25ms 25ms,ALL,ALL,cassandra2,cassandra1,False,2,2,False
36,5,MONOTONIC_READS,normal,netem delay 25ms 25ms,ALL,ALL,cassandra2,cassandra1,False,2,2,False
37,1,MONOTONIC_READS,normal,netem delay 25ms 25ms,ALL,ALL,cassandra3,cassandra1,False,,2,False
37,2,MONOTONIC_READS,normal,netem delay 25ms 25ms,ALL,ALL,cassandra3,cassandra2,False,2,2,False
37,3,MONOTONIC_READS,normal,netem delay 25ms 25ms,ALL,ALL,cassandra3,cassandra2,False,2,2,False
37,4,MONOTONIC_READS,normal,netem delay 25ms 25ms,ALL,ALL,cassandra3,cassandra1,False,2,2,False
37,5,MONOTONIC_READS,normal,netem delay 25ms 25ms,ALL,ALL,cassandra3,cassandra2,False,2,2,False
38,1,MONOTONIC_READS,normal,netem delay 25ms 25ms,ALL,ALL,cassandra2,cassandra2,True,,2,False
38,2,MONOTONIC_READS,normal,netem delay 25ms 25ms,ALL,ALL,cassandra2,cassandra1,False,2,2,False
38,3,MONOTONIC_READS,normal,netem delay 25ms 25ms,ALL,ALL,cassandra2,cassandra1,False,2,2,False
38,4,MONOTONIC_READS,normal,netem delay 25ms 25ms,ALL,ALL,cassandra2,cassandra2,True,2,2,False
38,5,MONOTONIC_READS,normal,netem delay 25ms 25ms,ALL,ALL,cassandra2,cassandra2,True,2,2,False
39,1,MONOTONIC_READS,normal,netem delay 25ms 25ms,ALL,ALL,cassandra1,cassandra3,False,,2,False
39,2,MONOTONIC_READS,normal,netem delay 25ms 25ms,ALL,ALL,cassandra1,cassandra3,False,2,2,False
39,3,MONOTONIC_READS,normal,netem delay 25ms 25ms,ALL,ALL,cassandra1,cassandra2,False,2,2,False
39,4,MONOTONIC_READS,normal,netem delay 25ms 25ms,ALL,ALL,cassandra1,cassandra2,False,2,2,False
39,5,MONOTONIC_READS,normal,netem delay 25ms 25ms,ALL,ALL,cassandra1,cassandra2,False,2,2,False
40,1,MONOTONIC_READS,normal,netem delay 25ms 25ms,ALL,ALL,cassandra1,cassandra2,False,,2,False
40,2,MONOTONIC_READS,normal,netem delay 25ms 25ms,ALL,ALL,cassandra1,cassandra3,False,2,2,False
40,3,MONOTONIC_READS,normal,netem delay 25ms 25ms,ALL,ALL,cassandra1,cassandra1,True,2,2,False
40,4,MONOTONIC_READS,normal,netem delay 25ms 25ms,ALL,ALL,cassandra1,cassandra3,False,2,2,False
40,5,MONOTONIC_READS,normal,netem delay 25ms 25ms,ALL,ALL,cassandra1,cassandra1,True,2,2,False
41,1,MONOTONIC_READS,normal,netem delay 25ms 25ms,ALL,ALL,cassandra2,cassandra2,True,,2,False
41,2,MONOTONIC_READS,normal,netem delay 25ms 25ms,ALL,ALL,cassandra2,cassandra1,False,2,2,False
41,3,MONOTONIC_READS,normal,netem delay 25ms 25ms,ALL,ALL,cassandra2,cassandra3,False,2,2,False
41,4,MONOTONIC_READS,normal,netem delay 25ms 25ms,ALL,ALL,cassandra2,cassandra1,False,2,2,False
41,5,MONOTONIC_READS,normal,netem delay 25ms 25ms,ALL,ALL,cassandra2,cassandra3,False,2,2,False
42,1,MONOTONIC_READS,normal,netem delay 25ms 25ms,ALL,ALL,cassandra1,cassandra3,False,,2,False
42,2,MONOTONIC_READS,normal,netem delay 25ms 25ms,ALL,ALL,cassandra1,cassandra2,False,2,2,False
42,3,MONOTONIC_READS,normal,netem delay 25ms 25ms,ALL,ALL,cassandra1,cassandra3,False,2,2,False
42,4,MONOTONIC_READS,normal,netem delay 25ms 25ms,ALL,ALL,cassandra1,cassandra2,False,2,2,False
42,5,MONOTONIC_READS,normal,netem delay 25ms 25ms,ALL,ALL,cassandra1,cassandra1,True,2,2,False
43,1,MONOTONIC_READS,normal,netem delay 25ms 25ms,ALL,ALL,cassandra3,cassandra2,False,,2,False
43,2,MONOTONIC_READS,normal,netem delay 25ms 25ms,ALL,ALL,cassandra3,cassandra3,True,2,2,False
43,3,MONOTONIC_READS,normal,netem delay 25ms 25ms,ALL,ALL,cassandra3,cassandra3,True,2,2,False
43,4,MONOTONIC_READS,normal,netem delay 25ms 25ms,ALL,ALL,cassandra3,cassandra3,True,2,2,False
43,5,MONOTONIC_READS,normal,netem delay 25ms 25ms,ALL,ALL,cassandra3,cassandra1,False,2,2,False
44,1,MONOTONIC_READS,normal,netem delay 25ms 25ms,ALL,ALL,cassandra2,cassandra1,False,,2,False
44,2,MONOTONIC_READS,normal,netem delay 25ms 25ms,ALL,ALL,cassandra2,cassandra3,False,2,2,False
44,3,MONOTONIC_READS,normal,netem delay 25ms 25ms,ALL,ALL,cassandra2,cassandra2,True,2,2,False
44,4,MONOTONIC_READS,normal,netem delay 25ms 25ms,ALL,ALL,cassandra2,cassandra3,False,2,2,False
44,5,MONOTONIC_READS,normal,netem delay 25ms 25ms,ALL,ALL,cassandra2,cassandra1,False,2,2,False
45,1,MONOTONIC_READS,normal,netem delay 25ms 25ms,ALL,ALL,cassandra1,cassandra3,False,,2,False
45,2,MONOTONIC_READS,normal,netem delay 25ms 25ms,ALL,ALL,cassandra1,cassandra3,False,2,2,False
45,3,MONOTONIC_READS,normal,netem delay 25ms 25ms,ALL,ALL,cassandra1,cassandra3,False,2,2,False
45,4,MONOTONIC_READS,normal,netem delay 25ms 25ms,ALL,ALL,cassandra1,cassandra1,True,2,2,False
45,5,MONOTONIC_READS,normal,netem delay 25ms 25ms,ALL,ALL,cassandra1,cassandra2,False,2,2,False
46,1,MONOTONIC_READS,normal,netem delay 25ms 25ms,ALL,ALL,cassandra3,cassandra2,False,,2,False
46,2,MONOTONIC_READS,normal,netem delay 25ms 25ms,ALL,ALL,cassandra3,cassandra2,False,2,2,False
46,3,MONOTONIC_READS,normal,netem delay 25ms 25ms,ALL,ALL,cassandra3,cassandra2,False,2,2,False
46,4,MONOTONIC_READS,normal,netem delay 25ms 25ms,ALL,ALL,cassandra3,cassandra2,False,2,2,False
46,5,MONOTONIC_READS,normal,netem delay 25ms 25ms,ALL,ALL,cassandra3,cassandra1,False,2,2,False
47,1,MONOTONIC_READS,normal,netem delay 25ms 25ms,ALL,ALL,cassandra1,cassandra3,False,,2,False
47,2,MONOTONIC_READS,normal,netem delay 25ms 25ms,ALL,ALL,cassandra1,cassandra1,True,2,2,False
47,3,MONOTONIC_READS,normal,netem delay 25ms 25ms,ALL,ALL,cassandra1,cassandra3,False,2,2,False
47,4,MONOTONIC_READS,normal,netem delay 25ms 25ms,ALL,ALL,cassandra1,cassandra2,False,2,2,False
47,5,MONOTONIC_READS,normal,netem delay 25ms 25ms,ALL,ALL,cassandra1,cassandra1,True,2,2,False
48,1,MONOTONIC_READS,normal,netem delay 25ms 25ms,ALL,ALL,cassandra2,cassandra1,False,,2,False
48,2,MONOTONIC_READS,normal,netem delay 25ms 25ms,ALL,ALL,cassandra2,cassandra2,True,2,2,False
48,3,MONOTONIC_READS,normal,netem delay 25ms 25ms,ALL,ALL,cassandra2,cassandra1,False,2,2,False
48,4,MONOTONIC_READS,normal,netem delay 25ms 25ms,ALL,ALL,cassandra2,cassandra1,False,2,2,False
48,5,MONOTONIC_READS,normal,netem delay 25ms 25ms,ALL,ALL,cassandra2,cassandra3,False,2,2,False
49,1,MONOTONIC_READS,normal,netem delay 25ms 25ms,ALL,ALL,cassandra3,cassandra1,False,,2,False
49,2,MONOTONIC_READS,normal,netem delay 25ms 25ms,ALL,ALL,cassandra3,cassandra2,False,2,2,False
49,3,MONOTONIC_READS,normal,netem delay 25ms 25ms,ALL,ALL,cassandra3,cassandra3,True,2,2,False
49,4,MONOTONIC_READS,normal,netem delay 25ms 25ms,ALL,ALL,cassandra3,cassandra2,False,2,2,False
49,5,MONOTONIC_READS,normal,netem delay 25ms 25ms,ALL,ALL,cassandra3,cassandra3,True,2,2,False
50,1,MONOTONIC_READS,normal,netem delay 25ms 25ms,ALL,ALL,cassandra3,cassandra2,False,,2,False
50,2,MONOTONIC_READS,normal,netem delay 25ms 25ms,ALL,ALL,cassandra3,cassandra3,True,2,2,False
50,3,MONOTONIC_READS,normal,netem delay 25ms 25ms,ALL,ALL,cassandra3,cassandra3,True,2,2,False
50,4,MONOTONIC_READS,normal,netem delay 25ms 25ms,ALL,ALL,cassandra3,cassandra2,False,2,2,False
50,5,MONOTONIC_READS,normal,netem delay 25ms 25ms,ALL,ALL,cassandra3,cassandra2,False,2,2,False
51,1,MONOTONIC_READS,normal,netem delay 25ms 25ms,ALL,ALL,cassandra2,cassandra2,True,,2,False
51,2,MONOTONIC_READS,normal,netem delay 25ms 25ms,ALL,ALL,cassandra2,cassandra2,True,2,2,False
51,3,MONOTONIC_READS,normal,netem delay 25ms 25ms,ALL,ALL,cassandra2,cassandra3,False,2,2,False
51,4,MONOTONIC_READS,normal,netem delay 25ms 25ms,ALL,ALL,cassandra2,cassandra1,False,2,2,False
51,5,MONOTONIC_READS,normal,netem delay 25ms 25ms,ALL,ALL,cassandra2,cassandra3,False,2,2,False
52,1,MONOTONIC_READS,normal,netem delay 25ms 25ms,ALL,ALL,cassandra3,cassandra1,False,,2,False
52,2,MONOTONIC_READS,normal,netem delay 25ms 25ms,ALL,ALL,cassandra3,cassandra3,True,2,2,False
52,3,MONOTONIC_READS,normal,netem delay 25ms 25ms,ALL,ALL,cassandra3,cassandra3,True,2,2,False
52,4,MONOTONIC_READS,normal,netem delay 25ms 25ms,ALL,ALL,cassandra3,cassandra2,False,2,2,False
52,5,MONOTONIC_READS,normal,netem delay 25ms 25ms,ALL,ALL,cassandra3,cassandra3,True,2,2,False
53,1,MONOTONIC_READS,normal,netem delay 25ms 25ms,ALL,ALL,cassandra1,cassandra2,False,,2,False
53,2,MONOTONIC_READS,normal,netem delay 25ms 25ms,ALL,ALL,cassandra1,cassandra2,False,2,2,False
53,3,MONOTONIC_READS,normal,netem delay 25ms 25ms,ALL,ALL,cassandra1,cassandra1,True,2,2,False
53,4,MONOTONIC_READS,normal,netem delay 25ms 25ms,ALL,ALL,cassandra1,cassandra1,True,2,2,False
53,5,MONOTONIC_READS,normal,netem delay 25ms 25ms,ALL,ALL,cassandra1,cassandra2,False,2,2,False
54,1,MONOTONIC_READS,normal,netem delay 25ms 25ms,ALL,ALL,cassandra2,cassandra1,False,,2,False
54,2,MONOTONIC_READS,normal,netem delay 25ms 25ms,ALL,ALL,cassandra2,cassandra1,False,2,2,False
54,3,MONOTONIC_READS,normal,netem delay 25ms 25ms,ALL,ALL,cassandra2,cassandra2,True,2,2,False
54,4,MONOTONIC_READS,normal,netem delay 25ms 25ms,ALL,ALL,cassandra2,cassandra3,False,2,2,False
54,5,MONOTONIC_READS,normal,netem delay 25ms 25ms,ALL,ALL,cassandra2,cassandra1,False,2,2,False
55,1,MONOTONIC_READS,normal,netem delay 25ms 25ms,ALL,ALL,cassandra3,cassandra3,True,,2,False
55,2,MONOTONIC_READS,normal,netem delay 25ms 25ms,ALL,ALL,cassandra3,cassandra1,False,2,2,False
55,3,MONOTONIC_READS,normal,netem delay 25ms 25ms,ALL,ALL,cassandra3,cassandra3,True,2,2,False
55,4,MONOTONIC_READS,normal,netem delay 25ms 25ms,ALL,ALL,cassandra3,cassandra3,True,2,2,False
55,5,MONOTONIC_READS,normal,netem delay 25ms 25ms,ALL,ALL,cassandra3,cassandra3,True,2,2,False
56,1,MONOTONIC_READS,normal,netem delay 25ms 25ms,ALL,ALL,cassandra3,cassandra3,True,,2,False
56,2,MONOTONIC_READS,normal,netem delay 25ms 25ms,ALL,ALL,cassandra3,cassandra3,True,2,2,False
56,3,MONOTONIC_READS,normal,netem delay 25ms 25ms,ALL,ALL,cassandra3,cassandra3,True,2,2,False
56,4,MONOTONIC_READS,normal,netem delay 25ms 25ms,ALL,ALL,cassandra3,cassandra2,False,2,2,False
56,5,MONOTONIC_READS,normal,netem delay 25ms 25ms,ALL,ALL,cassandra3,cassandra1,False,2,2,False
57,1,MONOTONIC_READS,normal,netem delay 25ms 25ms,ALL,ALL,cassandra2,cassandra3,False,,2,False
57,2,MONOTONIC_READS,normal,netem delay 25ms 25ms,ALL,ALL,cassandra2,cassandra2,True,2,2,False
57,3,MONOTONIC_READS,normal,netem delay 25ms 25ms,ALL,ALL,cassandra2,cassandra2,True,2,2,False
57,4,MONOTONIC_READS,normal,netem delay 25ms 25ms,ALL,ALL,cassandra2,cassandra2,True,2,2,False
57,5,MONOTONIC_READS,normal,netem delay 25ms 25ms,ALL,ALL,cassandra2,cassandra1,False,2,2,False
58,1,MONOTONIC_READS,normal,netem delay 25ms 25ms,ALL,ALL,cassandra3,cassandra2,False,,2,False
58,2,MONOTONIC_READS,normal,netem delay 25ms 25ms,ALL,ALL,cassandra3,cassandra1,False,2,2,False
58,3,MONOTONIC_READS,normal,netem delay 25ms 25ms,ALL,ALL,cassandra3,cassandra3,True,2,2,False
58,4,MONOTONIC_READS,normal,netem delay 25ms 25ms,ALL,ALL,cassandra3,cassandra2,False,2,2,False
58,5,MONOTONIC_READS,normal,netem delay 25ms 25ms,ALL,ALL,cassandra3,cassandra1,False,2,2,False
59,1,MONOTONIC_READS,normal,netem delay 25ms 25ms,ALL,ALL,cassandra2,cassandra2,True,,2,False
59,2,MONOTONIC_READS,normal,netem delay 25ms 25ms,ALL,ALL,cassandra2,cassandra2,True,2,2,False
59,3,MONOTONIC_READS,normal,netem delay 25ms 25ms,ALL,ALL,cassandra2,cassandra2,True,2,2,False
59,4,MONOTONIC_READS,normal,netem delay 25ms 25ms,ALL,ALL,cassandra2,cassandra2,True,2,2,False
59,5,MONOTONIC_READS,normal,netem delay 25ms 25ms,ALL,ALL,cassandra2,cassandra2,True,2,2,False
60,1,MONOTONIC_READS,normal,netem delay 25ms 25ms,ALL,ALL,cassandra1,cassandra1,True,,2,False
60,2,MONOTONIC_READS,normal,netem delay 25ms 25ms,ALL,ALL,cassandra1,cassandra1,True,2,2,False
60,3,MONOTONIC_READS,normal,netem delay 25ms 25ms,ALL,ALL,cassandra1,cassandra1,True,2,2,False
60,4,MONOTONIC_READS,normal,netem delay 25ms 25ms,ALL,ALL,cassandra1,cassandra2,False,2,2,False
60,5,MONOTONIC_READS,normal,netem delay 25ms 25ms,ALL,ALL,cassandra1,cassandra3,False,2,2,False
61,1,MONOTONIC_READS,normal,netem delay 25ms 25ms,ALL,ALL,cassandra1,cassandra2,False,,2,False
61,2,MONOTONIC_READS,normal,netem delay 25ms 25ms,ALL,ALL,cassandra1,cassandra2,False,2,2,False
61,3,MONOTONIC_READS,normal,netem delay 25ms 25ms,ALL,ALL,cassandra1,cassandra2,False,2,2,False
61,4,MONOTONIC_READS,normal,netem delay 25ms 25ms,ALL,ALL,cassandra1,cassandra3,False,2,2,False
61,5,MONOTONIC_READS,normal,netem delay 25ms 25ms,ALL,ALL,cassandra1,cassandra3,False,2,2,False
62,1,MONOTONIC_READS,normal,netem delay 25ms 25ms,ALL,ALL,cassandra2,cassandra2,True,,2,False
62,2,MONOTONIC_READS,normal,netem delay 25ms 25ms,ALL,ALL,cassandra2,cassandra1,False,2,2,False
62,3,MONOTONIC_READS,normal,netem delay 25ms 25ms,ALL,ALL,cassandra2,cassandra2,True,2,2,False
62,4,MONOTONIC_READS,normal,netem delay 25ms 25ms,ALL,ALL,cassandra2,cassandra3,False,2,2,False
62,5,MONOTONIC_READS,normal,netem delay 25ms 25ms,ALL,ALL,cassandra2,cassandra1,False,2,2,False
63,1,MONOTONIC_READS,normal,netem delay 25ms 25ms,ALL,ALL,cassandra1,cassandra2,False,,2,False
63,2,MONOTONIC_READS,normal,netem delay 25ms 25ms,ALL,ALL,cassandra1,cassandra1,True,2,2,False
63,3,MONOTONIC_READS,normal,netem delay 25ms 25ms,ALL,ALL,cassandra1,cassandra2,False,2,2,False
63,4,MONOTONIC_READS,normal,netem delay 25ms 25ms,ALL,ALL,cassandra1,cassandra1,True,2,2,False
63,5,MONOTONIC_READS,normal,netem delay 25ms 25ms,ALL,ALL,cassandra1,cassandra3,False,2,2,False
64,1,MONOTONIC_READS,normal,netem delay 25ms 25ms,ALL,ALL,cassandra2,cassandra2,True,,2,False
64,2,MONOTONIC_READS,normal,netem delay 25ms 25ms,ALL,ALL,cassandra2,cassandra1,False,2,2,False
64,3,MONOTONIC_READS,normal,netem delay 25ms 25ms,ALL,ALL,cassandra2,cassandra1,False,2,2,False
64,4,MONOTONIC_READS,normal,netem delay 25ms 25ms,ALL,ALL,cassandra2,cassandra2,True,2,2,False
64,5,MONOTONIC_READS,normal,netem delay 25ms 25ms,ALL,ALL,cassandra2,cassandra1,False,2,2,False
65,1,MONOTONIC_READS,normal,netem delay 25ms 25ms,ALL,ALL,cassandra3,cassandra3,True,,2,False
65,2,MONOTONIC_READS,normal,netem delay 25ms 25ms,ALL,ALL,cassandra3,cassandra1,False,2,2,False
65,3,MONOTONIC_READS,normal,netem delay 25ms 25ms,ALL,ALL,cassandra3,cassandra1,False,2,2,False
65,4,MONOTONIC_READS,normal,netem delay 25ms 25ms,ALL,ALL,cassandra3,cassandra2,False,2,2,False
65,5,MONOTONIC_READS,normal,netem delay 25ms 25ms,ALL,ALL,cassandra3,cassandra2,False,2,2,False
66,1,MONOTONIC_READS,normal,netem delay 25ms 25ms,ALL,ALL,cassandra1,cassandra3,False,,2,False
66,2,MONOTONIC_READS,normal,netem delay 25ms 25ms,ALL,ALL,cassandra1,cassandra2,False,2,2,False
66,3,MONOTONIC_READS,normal,netem delay 25ms 25ms,ALL,ALL,cassandra1,cassandra3,False,2,2,False
66,4,MONOTONIC_READS,normal,netem delay 25ms 25ms,ALL,ALL,cassandra1,cassandra1,True,2,2,False
66,5,MONOTONIC_READS,normal,netem delay 25ms 25ms,ALL,ALL,cassandra1,cassandra1,True,2,2,False
67,1,MONOTONIC_READS,normal,netem delay 25ms 25ms,ALL,ALL,cassandra2,cassandra3,False,,2,False
67,2,MONOTONIC_READS,normal,netem delay 25ms 25ms,ALL,ALL,cassandra2,cassandra1,False,2,2,False
67,3,MONOTONIC_READS,normal,netem delay 25ms 25ms,ALL,ALL,cassandra2,cassandra2,True,2,2,False
67,4,MONOTONIC_READS,normal,netem delay 25ms 25ms,ALL,ALL,cassandra2,cassandra3,False,2,2,False
67,5,MONOTONIC_READS,normal,netem delay 25ms 25ms,ALL,ALL,cassandra2,cassandra3,False,2,2,False
68,1,MONOTONIC_READS,normal,netem delay 25ms 25ms,ALL,ALL,cassandra3,cassandra1,False,,2,False
68,2,MONOTONIC_READS,normal,netem delay 25ms 25ms,ALL,ALL,cassandra3,cassandra2,False,2,2,False
68,3,MONOTONIC_READS,normal,netem delay 25ms 25ms,ALL,ALL,cassandra3,cassandra2,False,2,2,False
68,4,MONOTONIC_READS,normal,netem delay 25ms 25ms,ALL,ALL,cassandra3,cassandra2,False,2,2,False
68,5,MONOTONIC_READS,normal,netem delay 25ms 25ms,ALL,ALL,cassandra3,cassandra3,True,2,2,False
69,1,MONOTONIC_READS,normal,netem delay 25ms 25ms,ALL,ALL,cassandra3,cassandra1,False,,2,False
69,2,MONOTONIC_READS,normal,netem delay 25ms 25ms,ALL,ALL,cassandra3,cassandra1,False,2,2,False
69,3,MONOTONIC_READS,normal,netem delay 25ms 25ms,ALL,ALL,cassandra3,cassandra2,False,2,2,False
69,4,MONOTONIC_READS,normal,netem delay 25ms 25ms,ALL,ALL,cassandra3,cassandra3,True,2,2,False
69,5,MONOTONIC_READS,normal,netem delay 25ms 25ms,ALL,ALL,cassandra3,cassandra3,True,2,2,False
70,1,MONOTONIC_READS,normal,netem delay 25ms 25ms,ALL,ALL,cassandra2,cassandra2,True,,2,False
70,2,MONOTONIC_READS,normal,netem delay 25ms 25ms,ALL,ALL,cassandra2,cassandra2,True,2,2,False
70,3,MONOTONIC_READS,normal,netem delay 25ms 25ms,ALL,ALL,cassandra2,cassandra2,True,2,2,False
70,4,MONOTONIC_READS,normal,netem delay 25ms 25ms,ALL,ALL,cassandra2,cassandra2,True,2,2,False
70,5,MONOTONIC_READS,normal,netem delay 25ms 25ms,ALL,ALL,cassandra2,cassandra3,False,2,2,False
71,1,MONOTONIC_READS,normal,netem delay 25ms 25ms,ALL,ALL,cassandra2,cassandra1,False,,2,False
71,2,MONOTONIC_READS,normal,netem delay 25ms 25ms,ALL,ALL,cassandra2,cassandra3,False,2,2,False
71,3,MONOTONIC_READS,normal,netem delay 25ms 25ms,ALL,ALL,cassandra2,cassandra2,True,2,2,False
71,4,MONOTONIC_READS,normal,netem delay 25ms 25ms,ALL,ALL,cassandra2,cassandra3,False,2,2,False
71,5,MONOTONIC_READS,normal,netem delay 25ms 25ms,ALL,ALL,cassandra2,cassandra3,False,2,2,False
72,1,MONOTONIC_READS,normal,netem delay 25ms 25ms,ALL,ALL,cassandra1,cassandra2,False,,2,False
72,2,MONOTONIC_READS,normal,netem delay 25ms 25ms,ALL,ALL,cassandra1,cassandra3,False,2,2,False
72,3,MONOTONIC_READS,normal,netem delay 25ms 25ms,ALL,ALL,cassandra1,cassandra3,False,2,2,False
72,4,MONOTONIC_READS,normal,netem delay 25ms 25ms,ALL,ALL,cassandra1,cassandra3,False,2,2,False
72,5,MONOTONIC_READS,normal,netem delay 25ms 25ms,ALL,ALL,cassandra1,cassandra3,False,2,2,False
73,1,MONOTONIC_READS,normal,netem delay 25ms 25ms,ALL,ALL,cassandra3,cassandra1,False,,2,False
73,2,MONOTONIC_READS,normal,netem delay 25ms 25ms,ALL,ALL,cassandra3,cassandra1,False,2,2,False
73,3,MONOTONIC_READS,normal,netem delay 25ms 25ms,ALL,ALL,cassandra3,cassandra3,True,2,2,False
73,4,MONOTONIC_READS,normal,netem delay 25ms 25ms,ALL,ALL,cassandra3,cassandra3,True,2,2,False
73,5,MONOTONIC_READS,normal,netem delay 25ms 25ms,ALL,ALL,cassandra3,cassandra2,False,2,2,False
74,1,MONOTONIC_READS,normal,netem delay 25ms 25ms,ALL,ALL,cassandra1,cassandra3,False,,2,False
74,2,MONOTONIC_READS,normal,netem delay 25ms 25ms,ALL,ALL,cassandra1,cassandra1,True,2,2,False
74,3,MONOTONIC_READS,normal,netem delay 25ms 25ms,ALL,ALL,cassandra1,cassandra2,False,2,2,False
74,4,MONOTONIC_READS,normal,netem delay 25ms 25ms,ALL,ALL,cassandra1,cassandra3,False,2,2,False
74,5,MONOTONIC_READS,normal,netem delay 25ms 25ms,ALL,ALL,cassandra1,cassandra1,True,2,2,False
75,1,MONOTONIC_READS,normal,netem delay 25ms 25ms,ALL,ALL,cassandra1,cassandra3,False,,2,False
75,2,MONOTONIC_READS,normal,netem delay 25ms 25ms,ALL,ALL,cassandra1,cassandra2,False,2,2,False
75,3,MONOTONIC_READS,normal,netem delay 25ms 25ms,ALL,ALL,cassandra1,cassandra2,False,2,2,False
75,4,MONOTONIC_READS,normal,netem delay 25ms 25ms,ALL,ALL,cassandra1,cassandra2,False,2,2,False
75,5,MONOTONIC_READS,normal,netem delay 25ms 25ms,ALL,ALL,cassandra1,cassandra3,False,2,2,False
76,1,MONOTONIC_READS,normal,netem delay 25ms 25ms,ALL,ALL,cassandra2,cassandra2,True,,2,False
76,2,MONOTONIC_READS,normal,netem delay 25ms 25ms,ALL,ALL,cassandra2,cassandra3,False,2,2,False
76,3,MONOTONIC_READS,normal,netem delay 25ms 25ms,ALL,ALL,cassandra2,cassandra2,True,2,2,False
76,4,MONOTONIC_READS,normal,netem delay 25ms 25ms,ALL,ALL,cassandra2,cassandra3,False,2,2,False
76,5,MONOTONIC_READS,normal,netem delay 25ms 25ms,ALL,ALL,cassandra2,cassandra2,True,2,2,False
77,1,MONOTONIC_READS,normal,netem delay 25ms 25ms,ALL,ALL,cassandra3,cassandra1,False,,2,False
77,2,MONOTONIC_READS,normal,netem delay 25ms 25ms,ALL,ALL,cassandra3,cassandra3,True,2,2,False
77,3,MONOTONIC_READS,normal,netem delay 25ms 25ms,ALL,ALL,cassandra3,cassandra1,False,2,2,False
77,4,MONOTONIC_READS,normal,netem delay 25ms 25ms,ALL,ALL,cassandra3,cassandra2,False,2,2,False
77,5,MONOTONIC_READS,normal,netem delay 25ms 25ms,ALL,ALL,cassandra3,cassandra2,False,2,2,False
78,1,MONOTONIC_READS,normal,netem delay 25ms 25ms,ALL,ALL,cassandra3,cassandra2,False,,2,False
78,2,MONOTONIC_READS,normal,netem delay 25ms 25ms,ALL,ALL,cassandra3,cassandra1,False,2,2,False
78,3,MONOTONIC_READS,normal,netem delay 25ms 25ms,ALL,ALL,cassandra3,cassandra1,False,2,2,False
78,4,MONOTONIC_READS,normal,netem delay 25ms 25ms,ALL,ALL,cassandra3,cassandra2,False,2,2,False
78,5,MONOTONIC_READS,normal,netem delay 25ms 25ms,ALL,ALL,cassandra3,cassandra1,False,2,2,False
79,1,MONOTONIC_READS,normal,netem delay 25ms 25ms,ALL,ALL,cassandra3,cassandra2,False,,2,False
79,2,MONOTONIC_READS,normal,netem delay 25ms 25ms,ALL,ALL,cassandra3,cassandra1,False,2,2,False
79,3,MONOTONIC_READS,normal,netem delay 25ms 25ms,ALL,ALL,cassandra3,cassandra2,False,2,2,False
79,4,MONOTONIC_READS,normal,netem delay 25ms 25ms,ALL,ALL,cassandra3,cassandra2,False,2,2,False
79,5,MONOTONIC_READS,normal,netem delay 25ms 25ms,ALL,ALL,cassandra3,cassandra3,True,2,2,False
80,1,MONOTONIC_READS,normal,netem delay 25ms 25ms,ALL,ALL,cassandra2,cassandra2,True,,2,False
80,2,MONOTONIC_READS,normal,netem delay 25ms 25ms,ALL,ALL,cassandra2,cassandra3,False,2,2,False
80,3,MONOTONIC_READS,normal,netem delay 25ms 25ms,ALL,ALL,cassandra2,cassandra1,False,2,2,False
80,4,MONOTONIC_READS,normal,netem delay 25ms 25ms,ALL,ALL,cassandra2,cassandra2,True,2,2,False
80,5,MONOTONIC_READS,normal,netem delay 25ms 25ms,ALL,ALL,cassandra2,cassandra3,False,2,2,False
81,1,MONOTONIC_READS,normal,netem delay 25ms 25ms,ALL,ALL,cassandra3,cassandra2,False,,2,False
81,2,MONOTONIC_READS,normal,netem delay 25ms 25ms,ALL,ALL,cassandra3,cassandra1,False,2,2,False
81,3,MONOTONIC_READS,normal,netem delay 25ms 25ms,ALL,ALL,cassandra3,cassandra1,False,2,2,False
81,4,MONOTONIC_READS,normal,netem delay 25ms 25ms,ALL,ALL,cassandra3,cassandra2,False,2,2,False
81,5,MONOTONIC_READS,normal,netem delay 25ms 25ms,ALL,ALL,cassandra3,cassandra3,True,2,2,False
82,1,MONOTONIC_READS,normal,netem delay 25ms 25ms,ALL,ALL,cassandra2,cassandra2,True,,2,False
82,2,MONOTONIC_READS,normal,netem delay 25ms 25ms,ALL,ALL,cassandra2,cassandra2,True,2,2,False
82,3,MONOTONIC_READS,normal,netem delay 25ms 25ms,ALL,ALL,cassandra2,cassandra1,False,2,2,False
82,4,MONOTONIC_READS,normal,netem delay 25ms 25ms,ALL,ALL,cassandra2,cassandra2,True,2,2,False
82,5,MONOTONIC_READS,normal,netem delay 25ms 25ms,ALL,ALL,cassandra2,cassandra2,True,2,2,False
83,1,MONOTONIC_READS,normal,netem delay 25ms 25ms,ALL,ALL,cassandra1,cassandra1,True,,2,False
83,2,MONOTONIC_READS,normal,netem delay 25ms 25ms,ALL,ALL,cassandra1,cassandra2,False,2,2,False
83,3,MONOTONIC_READS,normal,netem delay 25ms 25ms,ALL,ALL,cassandra1,cassandra3,False,2,2,False
83,4,MONOTONIC_READS,normal,netem delay 25ms 25ms,ALL,ALL,cassandra1,cassandra1,True,2,2,False
83,5,MONOTONIC_READS,normal,netem delay 25ms 25ms,ALL,ALL,cassandra1,cassandra1,True,2,2,False
84,1,MONOTONIC_READS,normal,netem delay 25ms 25ms,ALL,ALL,cassandra2,cassandra3,False,,2,False
84,2,MONOTONIC_READS,normal,netem delay 25ms 25ms,ALL,ALL,cassandra2,cassandra3,False,2,2,False
84,3,MONOTONIC_READS,normal,netem delay 25ms 25ms,ALL,ALL,cassandra2,cassandra1,False,2,2,False
84,4,MONOTONIC_READS,normal,netem delay 25ms 25ms,ALL,ALL,cassandra2,cassandra1,False,2,2,False
84,5,MONOTONIC_READS,normal,netem delay 25ms 25ms,ALL,ALL,cassandra2,cassandra3,False,2,2,False
85,1,MONOTONIC_READS,normal,netem delay 25ms 25ms,ALL,ALL,cassandra1,cassandra2,False,,2,False
85,2,MONOTONIC_READS,normal,netem delay 25ms 25ms,ALL,ALL,cassandra1,cassandra1,True,2,2,False
85,3,MONOTONIC_READS,normal,netem delay 25ms 25ms,ALL,ALL,cassandra1,cassandra1,True,2,2,False
85,4,MONOTONIC_READS,normal,netem delay 25ms 25ms,ALL,ALL,cassandra1,cassandra2,False,2,2,False
85,5,MONOTONIC_READS,normal,netem delay 25ms 25ms,ALL,ALL,cassandra1,cassandra1,True,2,2,False
86,1,MONOTONIC_READS,normal,netem delay 25ms 25ms,ALL,ALL,cassandra1,cassandra3,False,,2,False
86,2,MONOTONIC_READS,normal,netem delay 25ms 25ms,ALL,ALL,cassandra1,cassandra3,False,2,2,False
86,3,MONOTONIC_READS,normal,netem delay 25ms 25ms,ALL,ALL,cassandra1,cassandra3,False,2,2,False
86,4,MONOTONIC_READS,normal,netem delay 25ms 25ms,ALL,ALL,cassandra1,cassandra2,False,2,2,False
86,5,MONOTONIC_READS,normal,netem delay 25ms 25ms,ALL,ALL,cassandra1,cassandra3,False,2,2,False
87,1,MONOTONIC_READS,normal,netem delay 25ms 25ms,ALL,ALL,cassandra1,cassandra2,False,,2,False
87,2,MONOTONIC_READS,normal,netem delay 25ms 25ms,ALL,ALL,cassandra1,cassandra1,True,2,2,False
87,3,MONOTONIC_READS,normal,netem delay 25ms 25ms,ALL,ALL,cassandra1,cassandra1,True,2,2,False
87,4,MONOTONIC_READS,normal,netem delay 25ms 25ms,ALL,ALL,cassandra1,cassandra1,True,2,2,False
87,5,MONOTONIC_READS,normal,netem delay 25ms 25ms,ALL,ALL,cassandra1,cassandra3,False,2,2,False
88,1,MONOTONIC_READS,normal,netem delay 25ms 25ms,ALL,ALL,cassandra1,cassandra2,False,,2,False
88,2,MONOTONIC_READS,normal,netem delay 25ms 25ms,ALL,ALL,cassandra1,cassandra2,False,2,2,False
88,3,MONOTONIC_READS,normal,netem delay 25ms 25ms,ALL,ALL,cassandra1,cassandra2,False,2,2,False
88,4,MONOTONIC_READS,normal,netem delay 25ms 25ms,ALL,ALL,cassandra1,cassandra2,False,2,2,False
88,5,MONOTONIC_READS,normal,netem delay 25ms 25ms,ALL,ALL,cassandra1,cassandra1,True,2,2,False
89,1,MONOTONIC_READS,normal,netem delay 25ms 25ms,ALL,ALL,cassandra2,cassandra2,True,,2,False
89,2,MONOTONIC_READS,normal,netem delay 25ms 25ms,ALL,ALL,cassandra2,cassandra1,False,2,2,False
89,3,MONOTONIC_READS,normal,netem delay 25ms 25ms,ALL,ALL,cassandra2,cassandra3,False,2,2,False
89,4,MONOTONIC_READS,normal,netem delay 25ms 25ms,ALL,ALL,cassandra2,cassandra1,False,2,2,False
89,5,MONOTONIC_READS,normal,netem delay 25ms 25ms,ALL,ALL,cassandra2,cassandra3,False,2,2,False
90,1,MONOTONIC_READS,normal,netem delay 25ms 25ms,ALL,ALL,cassandra2,cassandra1,False,,2,False
90,2,MONOTONIC_READS,normal,netem delay 25ms 25ms,ALL,ALL,cassandra2,cassandra3,False,2,2,False
90,3,MONOTONIC_READS,normal,netem delay 25ms 25ms,ALL,ALL,cassandra2,cassandra2,True,2,2,False
90,4,MONOTONIC_READS,normal,netem delay 25ms 25ms,ALL,ALL,cassandra2,cassandra2,True,2,2,False
90,5,MONOTONIC_READS,normal,netem delay 25ms 25ms,ALL,ALL,cassandra2,cassandra3,False,2,2,False
91,1,MONOTONIC_READS,normal,netem delay 25ms 25ms,ALL,ALL,cassandra2,cassandra3,False,,2,False
91,2,MONOTONIC_READS,normal,netem delay 25ms 25ms,ALL,ALL,cassandra2,cassandra1,False,2,2,False
91,3,MONOTONIC_READS,normal,netem delay 25ms 25ms,ALL,ALL,cassandra2,cassandra1,False,2,2,False
91,4,MONOTONIC_READS,normal,netem delay 25ms 25ms,ALL,ALL,cassandra2,cassandra2,True,2,2,False
91,5,MONOTONIC_READS,normal,netem delay 25ms 25ms,ALL,ALL,cassandra2,cassandra2,True,2,2,False
92,1,MONOTONIC_READS,normal,netem delay 25ms 25ms,ALL,ALL,cassandra1,cassandra1,True,,2,False
92,2,MONOTONIC_READS,normal,netem delay 25ms 25ms,ALL,ALL,cassandra1,cassandra1,True,2,2,False
92,3,MONOTONIC_READS,normal,netem delay 25ms 25ms,ALL,ALL,cassandra1,cassandra1,True,2,2,False
92,4,MONOTONIC_READS,normal,netem delay 25ms 25ms,ALL,ALL,cassandra1,cassandra2,False,2,2,False
92,5,MONOTONIC_READS,normal,netem delay 25ms 25ms,ALL,ALL,cassandra1,cassandra3,False,2,2,False
93,1,MONOTONIC_READS,normal,netem delay 25ms 25ms,ALL,ALL,cassandra3,cassandra3,True,,2,False
93,2,MONOTONIC_READS,normal,netem delay 25ms 25ms,ALL,ALL,cassandra3,cassandra1,False,2,2,False
93,3,MONOTONIC_READS,normal,netem delay 25ms 25ms,ALL,ALL,cassandra3,cassandra2,False,2,2,False
93,4,MONOTONIC_READS,normal,netem delay 25ms 25ms,ALL,ALL,cassandra3,cassandra1,False,2,2,False
93,5,MONOTONIC_READS,normal,netem delay 25ms 25ms,ALL,ALL,cassandra3,cassandra2,False,2,2,False
94,1,MONOTONIC_READS,normal,netem delay 25ms 25ms,ALL,ALL,cassandra3,cassandra3,True,,2,False
94,2,MONOTONIC_READS,normal,netem delay 25ms 25ms,ALL,ALL,cassandra3,cassandra2,False,2,2,False
94,3,MONOTONIC_READS,normal,netem delay 25ms 25ms,ALL,ALL,cassandra3,cassandra2,False,2,2,False
94,4,MONOTONIC_READS,normal,netem delay 25ms 25ms,ALL,ALL,cassandra3,cassandra2,False,2,2,False
94,5,MONOTONIC_READS,normal,netem delay 25ms 25ms,ALL,ALL,cassandra3,cassandra1,False,2,2,False
95,1,MONOTONIC_READS,normal,netem delay 25ms 25ms,ALL,ALL,cassandra1,cassandra1,True,,2,False
95,2,MONOTONIC_READS,normal,netem delay 25ms 25ms,ALL,ALL,cassandra1,cassandra2,False,2,2,False
95,3,MONOTONIC_READS,normal,netem delay 25ms 25ms,ALL,ALL,cassandra1,cassandra1,True,2,2,False
95,4,MONOTONIC_READS,normal,netem delay 25ms 25ms,ALL,ALL,cassandra1,cassandra3,False,2,2,False
95,5,MONOTONIC_READS,normal,netem delay 25ms 25ms,ALL,ALL,cassandra1,cassandra1,True,2,2,False
96,1,MONOTONIC_READS,normal,netem delay 25ms 25ms,ALL,ALL,cassandra3,cassandra1,False,,2,False
96,2,MONOTONIC_READS,normal,netem delay 25ms 25ms,ALL,ALL,cassandra3,cassandra3,True,2,2,False
96,3,MONOTONIC_READS,normal,netem delay 25ms 25ms,ALL,ALL,cassandra3,cassandra2,False,2,2,False
96,4,MONOTONIC_READS,normal,netem delay 25ms 25ms,ALL,ALL,cassandra3,cassandra3,True,2,2,False
96,5,MONOTONIC_READS,normal,netem delay 25ms 25ms,ALL,ALL,cassandra3,cassandra1,False,2,2,False
97,1,MONOTONIC_READS,normal,netem delay 25ms 25ms,ALL,ALL,cassandra1,cassandra2,False,,2,False
97,2,MONOTONIC_READS,normal,netem delay 25ms 25ms,ALL,ALL,cassandra1,cassandra2,False,2,2,False
97,3,MONOTONIC_READS,normal,netem delay 25ms 25ms,ALL,ALL,cassandra1,cassandra1,True,2,2,False
97,4,MONOTONIC_READS,normal,netem delay 25ms 25ms,ALL,ALL,cassandra1,cassandra1,True,2,2,False
97,5,MONOTONIC_READS,normal,netem delay 25ms 25ms,ALL,ALL,cassandra1,cassandra3,False,2,2,False
98,1,MONOTONIC_READS,normal,netem delay 25ms 25ms,ALL,ALL,cassandra2,cassandra1,False,,2,False
98,2,MONOTONIC_READS,normal,netem delay 25ms 25ms,ALL,ALL,cassandra2,cassandra1,False,2,2,False
98,3,MONOTONIC_READS,normal,netem delay 25ms 25ms,ALL,ALL,cassandra2,cassandra1,False,2,2,False
98,4,MONOTONIC_READS,normal,netem delay 25ms 25ms,ALL,ALL,cassandra2,cassandra3,False,2,2,False
98,5,MONOTONIC_READS,normal,netem delay 25ms 25ms,ALL,ALL,cassandra2,cassandra3,False,2,2,False
99,1,MONOTONIC_READS,normal,netem delay 25ms 25ms,ALL,ALL,cassandra1,cassandra3,False,,2,False
99,2,MONOTONIC_READS,normal,netem delay 25ms 25ms,ALL,ALL,cassandra1,cassandra3,False,2,2,False
99,3,MONOTONIC_READS,normal,netem delay 25ms 25ms,ALL,ALL,cassandra1,cassandra3,False,2,2,False
99,4,MONOTONIC_READS,normal,netem delay 25ms 25ms,ALL,ALL,cassandra1,cassandra2,False,2,2,False
99,5,MONOTONIC_READS,normal,netem delay 25ms 25ms,ALL,ALL,cassandra1,cassandra1,True,2,2,False
100,1,MONOTONIC_READS,normal,netem delay 25ms 25ms,ALL,ALL,cassandra1,cassandra3,False,,2,False
100,2,MONOTONIC_READS,normal,netem delay 25ms 25ms,ALL,ALL,cassandra1,cassandra2,False,2,2,False
100,3,MONOTONIC_READS,normal,netem delay 25ms 25ms,ALL,ALL,cassandra1,cassandra3,False,2,2,False
100,4,MONOTONIC_READS,normal,netem delay 25ms 25ms,ALL,ALL,cassandra1,cassandra3,False,2,2,False
100,5,MONOTONIC_READS,normal,netem delay 25ms 25ms,ALL,ALL,cassandra1,cassandra2,False,2,2,False
101,1,MONOTONIC_READS,normal,netem delay 25ms 25ms,ALL,ALL,cassandra2,cassandra1,False,,2,False
101,2,MONOTONIC_READS,normal,netem delay 25ms 25ms,ALL,ALL,cassandra2,cassandra2,True,2,2,False
101,3,MONOTONIC_READS,normal,netem delay 25ms 25ms,ALL,ALL,cassandra2,cassandra1,False,2,2,False
101,4,MONOTONIC_READS,normal,netem delay 25ms 25ms,ALL,ALL,cassandra2,cassandra2,True,2,2,False
101,5,MONOTONIC_READS,normal,netem delay 25ms 25ms,ALL,ALL,cassandra2,cassandra1,False,2,2,False
102,1,MONOTONIC_READS,normal,netem delay 25ms 25ms,ALL,ALL,cassandra1,cassandra1,True,,2,False
102,2,MONOTONIC_READS,normal,netem delay 25ms 25ms,ALL,ALL,cassandra1,cassandra3,False,2,2,False
102,3,MONOTONIC_READS,normal,netem delay 25ms 25ms,ALL,ALL,cassandra1,cassandra1,True,2,2,False
102,4,MONOTONIC_READS,normal,netem delay 25ms 25ms,ALL,ALL,cassandra1,cassandra2,False,2,2,False
102,5,MONOTONIC_READS,normal,netem delay 25ms 25ms,ALL,ALL,cassandra1,cassandra1,True,2,2,False
103,1,MONOTONIC_READS,normal,netem delay 25ms 25ms,ALL,ALL,cassandra3,cassandra2,False,,2,False
103,2,MONOTONIC_READS,normal,netem delay 25ms 25ms,ALL,ALL,cassandra3,cassandra3,True,2,2,False
103,3,MONOTONIC_READS,normal,netem delay 25ms 25ms,ALL,ALL,cassandra3,cassandra1,False,2,2,False
103,4,MONOTONIC_READS,normal,netem delay 25ms 25ms,ALL,ALL,cassandra3,cassandra3,True,2,2,False
103,5,MONOTONIC_READS,normal,netem delay 25ms 25ms,ALL,ALL,cassandra3,cassandra2,False,2,2,False
104,1,MONOTONIC_READS,normal,netem delay 25ms 25ms,ALL,ALL,cassandra3,cassandra1,False,,2,False
104,2,MONOTONIC_READS,normal,netem delay 25ms 25ms,ALL,ALL,cassandra3,cassandra3,True,2,2,False
104,3,MONOTONIC_READS,normal,netem delay 25ms 25ms,ALL,ALL,cassandra3,cassandra2,False,2,2,False
104,4,MONOTONIC_READS,normal,netem delay 25ms 25ms,ALL,ALL,cassandra3,cassandra3,True,2,2,False
104,5,MONOTONIC_READS,normal,netem delay 25ms 25ms,ALL,ALL,cassandra3,cassandra2,False,2,2,False
105,1,MONOTONIC_READS,normal,netem delay 25ms 25ms,ALL,ALL,cassandra2,cassandra2,True,,2,False
105,2,MONOTONIC_READS,normal,netem delay 25ms 25ms,ALL,ALL,cassandra2,cassandra1,False,2,2,False
105,3,MONOTONIC_READS,normal,netem delay 25ms 25ms,ALL,ALL,cassandra2,cassandra3,False,2,2,False
105,4,MONOTONIC_READS,normal,netem delay 25ms 25ms,ALL,ALL,cassandra2,cassandra2,True,2,2,False
105,5,MONOTONIC_READS,normal,netem delay 25ms 25ms,ALL,ALL,cassandra2,cassandra2,True,2,2,False
106,1,MONOTONIC_READS,normal,netem delay 25ms 25ms,ALL,ALL,cassandra2,cassandra3,False,,2,False
106,2,MONOTONIC_READS,normal,netem delay 25ms 25ms,ALL,ALL,cassandra2,cassandra1,False,2,2,False
106,3,MONOTONIC_READS,normal,netem delay 25ms 25ms,ALL,ALL,cassandra2,cassandra3,False,2,2,False
106,4,MONOTONIC_READS,normal,netem delay 25ms 25ms,ALL,ALL,cassandra2,cassandra1,False,2,2,False
106,5,MONOTONIC_READS,normal,netem delay 25ms 25ms,ALL,ALL,cassandra2,cassandra3,False,2,2,False
107,1,MONOTONIC_READS,normal,netem delay 25ms 25ms,ALL,ALL,cassandra2,cassandra2,True,,2,False
107,2,MONOTONIC_READS,normal,netem delay 25ms 25ms,ALL,ALL,cassandra2,cassandra3,False,2,2,False
107,3,MONOTONIC_READS,normal,netem delay 25ms 25ms,ALL,ALL,cassandra2,cassandra1,False,2,2,False
107,4,MONOTONIC_READS,normal,netem delay 25ms 25ms,ALL,ALL,cassandra2,cassandra2,True,2,2,False
107,5,MONOTONIC_READS,normal,netem delay 25ms 25ms,ALL,ALL,cassandra2,cassandra3,False,2,2,False
108,1,MONOTONIC_READS,normal,netem delay 25ms 25ms,ALL,ALL,cassandra2,cassandra3,False,,2,False
108,2,MONOTONIC_READS,normal,netem delay 25ms 25ms,ALL,ALL,cassandra2,cassandra1,False,2,2,False
108,3,MONOTONIC_READS,normal,netem delay 25ms 25ms,ALL,ALL,cassandra2,cassandra2,True,2,2,False
108,4,MONOTONIC_READS,normal,netem delay 25ms 25ms,ALL,ALL,cassandra2,cassandra1,False,2,2,False
108,5,MONOTONIC_READS,normal,netem delay 25ms 25ms,ALL,ALL,cassandra2,cassandra3,False,2,2,False
109,1,MONOTONIC_READS,normal,netem delay 25ms 25ms,ALL,ALL,cassandra1,cassandra3,False,,2,False
109,2,MONOTONIC_READS,normal,netem delay 25ms 25ms,ALL,ALL,cassandra1,cassandra2,False,2,2,False
109,3,MONOTONIC_READS,normal,netem delay 25ms 25ms,ALL,ALL,cassandra1,cassandra2,False,2,2,False
109,4,MONOTONIC_READS,normal,netem delay 25ms 25ms,ALL,ALL,cassandra1,cassandra1,True,2,2,False
109,5,MONOTONIC_READS,normal,netem delay 25ms 25ms,ALL,ALL,cassandra1,cassandra3,False,2,2,False
110,1,MONOTONIC_READS,normal,netem delay 25ms 25ms,ALL,ALL,cassandra1,cassandra1,True,,2,False
110,2,MONOTONIC_READS,normal,netem delay 25ms 25ms,ALL,ALL,cassandra1,cassandra2,False,2,2,False
110,3,MONOTONIC_READS,normal,netem delay 25ms 25ms,ALL,ALL,cassandra1,cassandra1,True,2,2,False
110,4,MONOTONIC_READS,normal,netem delay 25ms 25ms,ALL,ALL,cassandra1,cassandra2,False,2,2,False
110,5,MONOTONIC_READS,normal,netem delay 25ms 25ms,ALL,ALL,cassandra1,cassandra3,False,2,2,False
111,1,MONOTONIC_READS,normal,netem delay 25ms 25ms,ALL,ALL,cassandra3,cassandra2,False,,2,False
111,2,MONOTONIC_READS,normal,netem delay 25ms 25ms,ALL,ALL,cassandra3,cassandra2,False,2,2,False
111,3,MONOTONIC_READS,normal,netem delay 25ms 25ms,ALL,ALL,cassandra3,cassandra2,False,2,2,False
111,4,MONOTONIC_READS,normal,netem delay 25ms 25ms,ALL,ALL,cassandra3,cassandra3,True,2,2,False
111,5,MONOTONIC_READS,normal,netem delay 25ms 25ms,ALL,ALL,cassandra3,cassandra1,False,2,2,False
112,1,MONOTONIC_READS,normal,netem delay 25ms 25ms,ALL,ALL,cassandra3,cassandra1,False,,2,False
112,2,MONOTONIC_READS,normal,netem delay 25ms 25ms,ALL,ALL,cassandra3,cassandra3,True,2,2,False
112,3,MONOTONIC_READS,normal,netem delay 25ms 25ms,ALL,ALL,cassandra3,cassandra2,False,2,2,False
112,4,MONOTONIC_READS,normal,netem delay 25ms 25ms,ALL,ALL,cassandra3,cassandra2,False,2,2,False
112,5,MONOTONIC_READS,normal,netem delay 25ms 25ms,ALL,ALL,cassandra3,cassandra2,False,2,2,False
113,1,MONOTONIC_READS,normal,netem delay 25ms 25ms,ALL,ALL,cassandra2,cassandra3,False,,2,False
113,2,MONOTONIC_READS,normal,netem delay 25ms 25ms,ALL,ALL,cassandra2,cassandra2,True,2,2,False
113,3,MONOTONIC_READS,normal,netem delay 25ms 25ms,ALL,ALL,cassandra2,cassandra2,True,2,2,False
113,4,MONOTONIC_READS,normal,netem delay 25ms 25ms,ALL,ALL,cassandra2,cassandra3,False,2,2,False
113,5,MONOTONIC_READS,normal,netem delay 25ms 25ms,ALL,ALL,cassandra2,cassandra2,True,2,2,False
114,1,MONOTONIC_READS,normal,netem delay 25ms 25ms,ALL,ALL,cassandra1,cassandra1,True,,2,False
114,2,MONOTONIC_READS,normal,netem delay 25ms 25ms,ALL,ALL,cassandra1,cassandra3,False,2,2,False
114,3,MONOTONIC_READS,normal,netem delay 25ms 25ms,ALL,ALL,cassandra1,cassandra2,False,2,2,False
114,4,MONOTONIC_READS,normal,netem delay 25ms 25ms,ALL,ALL,cassandra1,cassandra2,False,2,2,False
114,5,MONOTONIC_READS,normal,netem delay 25ms 25ms,ALL,ALL,cassandra1,cassandra2,False,2,2,False
115,1,MONOTONIC_READS,normal,netem delay 25ms 25ms,ALL,ALL,cassandra3,cassandra3,True,,2,False
115,2,MONOTONIC_READS,normal,netem delay 25ms 25ms,ALL,ALL,cassandra3,cassandra3,True,2,2,False
115,3,MONOTONIC_READS,normal,netem delay 25ms 25ms,ALL,ALL,cassandra3,cassandra1,False,2,2,False
115,4,MONOTONIC_READS,normal,netem delay 25ms 25ms,ALL,ALL,cassandra3,cassandra1,False,2,2,False
115,5,MONOTONIC_READS,normal,netem delay 25ms 25ms,ALL,ALL,cassandra3,cassandra1,False,2,2,False
116,1,MONOTONIC_READS,normal,netem delay 25ms 25ms,ALL,ALL,cassandra1,cassandra2,False,,2,False
116,2,MONOTONIC_READS,normal,netem delay 25ms 25ms,ALL,ALL,cassandra1,cassandra3,False,2,2,False
116,3,MONOTONIC_READS,normal,netem delay 25ms 25ms,ALL,ALL,cassandra1,cassandra2,False,2,2,False
116,4,MONOTONIC_READS,normal,netem delay 25ms 25ms,ALL,ALL,cassandra1,cassandra3,False,2,2,False
116,5,MONOTONIC_READS,normal,netem delay 25ms 25ms,ALL,ALL,cassandra1,cassandra1,True,2,2,False
117,1,MONOTONIC_READS,normal,netem delay 25ms 25ms,ALL,ALL,cassandra2,cassandra2,True,,2,False
117,2,MONOTONIC_READS,normal,netem delay 25ms 25ms,ALL,ALL,cassandra2,cassandra1,False,2,2,False
117,3,MONOTONIC_READS,normal,netem delay 25ms 25ms,ALL,ALL,cassandra2,cassandra2,True,2,2,False
117,4,MONOTONIC_READS,normal,netem delay 25ms 25ms,ALL,ALL,cassandra2,cassandra2,True,2,2,False
117,5,MONOTONIC_READS,normal,netem delay 25ms 25ms,ALL,ALL,cassandra2,cassandra2,True,2,2,False
118,1,MONOTONIC_READS,normal,netem delay 25ms 25ms,ALL,ALL,cassandra3,cassandra2,False,,2,False
118,2,MONOTONIC_READS,normal,netem delay 25ms 25ms,ALL,ALL,cassandra3,cassandra1,False,2,2,False
118,3,MONOTONIC_READS,normal,netem delay 25ms 25ms,ALL,ALL,cassandra3,cassandra1,False,2,2,False
118,4,MONOTONIC_READS,normal,netem delay 25ms 25ms,ALL,ALL,cassandra3,cassandra1,False,2,2,False
118,5,MONOTONIC_READS,normal,netem delay 25ms 25ms,ALL,ALL,cassandra3,cassandra3,True,2,2,False
119,1,MONOTONIC_READS,normal,netem delay 25ms 25ms,ALL,ALL,cassandra1,cassandra1,True,,2,False
119,2,MONOTONIC_READS,normal,netem delay 25ms 25ms,ALL,ALL,cassandra1,cassandra2,False,2,2,False
119,3,MONOTONIC_READS,normal,netem delay 25ms 25ms,ALL,ALL,cassandra1,cassandra2,False,2,2,False
119,4,MONOTONIC_READS,normal,netem delay 25ms 25ms,ALL,ALL,cassandra1,cassandra2,False,2,2,False
119,5,MONOTONIC_READS,normal,netem delay 25ms 25ms,ALL,ALL,cassandra1,cassandra1,True,2,2,False
120,1,MONOTONIC_READS,normal,netem delay 25ms 25ms,ALL,ALL,cassandra2,cassandra2,True,,2,False
120,2,MONOTONIC_READS,normal,netem delay 25ms 25ms,ALL,ALL,cassandra2,cassandra3,False,2,2,False
120,3,MONOTONIC_READS,normal,netem delay 25ms 25ms,ALL,ALL,cassandra2,cassandra2,True,2,2,False
120,4,MONOTONIC_READS,normal,netem delay 25ms 25ms,ALL,ALL,cassandra2,cassandra3,False,2,2,False
120,5,MONOTONIC_READS,normal,netem delay 25ms 25ms,ALL,ALL,cassandra2,cassandra1,False,2,2,False
121,1,MONOTONIC_READS,normal,netem delay 25ms 25ms,ALL,ALL,cassandra3,cassandra2,False,,2,False
121,2,MONOTONIC_READS,normal,netem delay 25ms 25ms,ALL,ALL,cassandra3,cassandra3,True,2,2,False
121,3,MONOTONIC_READS,normal,netem delay 25ms 25ms,ALL,ALL,cassandra3,cassandra2,False,2,2,False
121,4,MONOTONIC_READS,normal,netem delay 25ms 25ms,ALL,ALL,cassandra3,cassandra3,True,2,2,False
121,5,MONOTONIC_READS,normal,netem delay 25ms 25ms,ALL,ALL,cassandra3,cassandra1,False,2,2,False
122,1,MONOTONIC_READS,normal,netem delay 25ms 25ms,ALL,ALL,cassandra2,cassandra2,True,,2,False
122,2,MONOTONIC_READS,normal,netem delay 25ms 25ms,ALL,ALL,cassandra2,cassandra3,False,2,2,False
122,3,MONOTONIC_READS,normal,netem delay 25ms 25ms,ALL,ALL,cassandra2,cassandra3,False,2,2,False
122,4,MONOTONIC_READS,normal,netem delay 25ms 25ms,ALL,ALL,cassandra2,cassandra1,False,2,2,False
122,5,MONOTONIC_READS,normal,netem delay 25ms 25ms,ALL,ALL,cassandra2,cassandra1,False,2,2,False
123,1,MONOTONIC_READS,normal,netem delay 25ms 25ms,ALL,ALL,cassandra3,cassandra2,False,,2,False
123,2,MONOTONIC_READS,normal,netem delay 25ms 25ms,ALL,ALL,cassandra3,cassandra2,False,2,2,False
123,3,MONOTONIC_READS,normal,netem delay 25ms 25ms,ALL,ALL,cassandra3,cassandra3,True,2,2,False
123,4,MONOTONIC_READS,normal,netem delay 25ms 25ms,ALL,ALL,cassandra3,cassandra3,True,2,2,False
123,5,MONOTONIC_READS,normal,netem delay 25ms 25ms,ALL,ALL,cassandra3,cassandra3,True,2,2,False
124,1,MONOTONIC_READS,normal,netem delay 25ms 25ms,ALL,ALL,cassandra2,cassandra3,False,,2,False
124,2,MONOTONIC_READS,normal,netem delay 25ms 25ms,ALL,ALL,cassandra2,cassandra3,False,2,2,False
124,3,MONOTONIC_READS,normal,netem delay 25ms 25ms,ALL,ALL,cassandra2,cassandra1,False,2,2,False
124,4,MONOTONIC_READS,normal,netem delay 25ms 25ms,ALL,ALL,cassandra2,cassandra3,False,2,2,False
124,5,MONOTONIC_READS,normal,netem delay 25ms 25ms,ALL,ALL,cassandra2,cassandra2,True,2,2,False
125,1,MONOTONIC_READS,normal,netem delay 25ms 25ms,ALL,ALL,cassandra1,cassandra2,False,,2,False
125,2,MONOTONIC_READS,normal,netem delay 25ms 25ms,ALL,ALL,cassandra1,cassandra1,True,2,2,False
125,3,MONOTONIC_READS,normal,netem delay 25ms 25ms,ALL,ALL,cassandra1,cassandra1,True,2,2,False
125,4,MONOTONIC_READS,normal,netem delay 25ms 25ms,ALL,ALL,cassandra1,cassandra1,True,2,2,False
125,5,MONOTONIC_READS,normal,netem delay 25ms 25ms,ALL,ALL,cassandra1,cassandra1,True,2,2,False
126,1,MONOTONIC_READS,normal,netem delay 25ms 25ms,ALL,ALL,cassandra1,cassandra1,True,,2,False
126,2,MONOTONIC_READS,normal,netem delay 25ms 25ms,ALL,ALL,cassandra1,cassandra3,False,2,2,False
126,3,MONOTONIC_READS,normal,netem delay 25ms 25ms,ALL,ALL,cassandra1,cassandra3,False,2,2,False
126,4,MONOTONIC_READS,normal,netem delay 25ms 25ms,ALL,ALL,cassandra1,cassandra2,False,2,2,False
126,5,MONOTONIC_READS,normal,netem delay 25ms 25ms,ALL,ALL,cassandra1,cassandra2,False,2,2,False
127,1,MONOTONIC_READS,normal,netem delay 25ms 25ms,ALL,ALL,cassandra3,cassandra1,False,,2,False
127,2,MONOTONIC_READS,normal,netem delay 25ms 25ms,ALL,ALL,cassandra3,cassandra3,True,2,2,False
127,3,MONOTONIC_READS,normal,netem delay 25ms 25ms,ALL,ALL,cassandra3,cassandra1,False,2,2,False
127,4,MONOTONIC_READS,normal,netem delay 25ms 25ms,ALL,ALL,cassandra3,cassandra1,False,2,2,False
127,5,MONOTONIC_READS,normal,netem delay 25ms 25ms,ALL,ALL,cassandra3,cassandra2,False,2,2,False
128,1,MONOTONIC_READS,normal,netem delay 25ms 25ms,ALL,ALL,cassandra2,cassandra2,True,,2,False
128,2,MONOTONIC_READS,normal,netem delay 25ms 25ms,ALL,ALL,cassandra2,cassandra3,False,2,2,False
128,3,MONOTONIC_READS,normal,netem delay 25ms 25ms,ALL,ALL,cassandra2,cassandra1,False,2,2,False
128,4,MONOTONIC_READS,normal,netem delay 25ms 25ms,ALL,ALL,cassandra2,cassandra1,False,2,2,False
128,5,MONOTONIC_READS,normal,netem delay 25ms 25ms,ALL,ALL,cassandra2,cassandra3,False,2,2,False
129,1,MONOTONIC_READS,normal,netem delay 25ms 25ms,ALL,ALL,cassandra1,cassandra3,False,,2,False
129,2,MONOTONIC_READS,normal,netem delay 25ms 25ms,ALL,ALL,cassandra1,cassandra3,False,2,2,False
129,3,MONOTONIC_READS,normal,netem delay 25ms 25ms,ALL,ALL,cassandra1,cassandra3,False,2,2,False
129,4,MONOTONIC_READS,normal,netem delay 25ms 25ms,ALL,ALL,cassandra1,cassandra2,False,2,2,False
129,5,MONOTONIC_READS,normal,netem delay 25ms 25ms,ALL,ALL,cassandra1,cassandra2,False,2,2,False
130,1,MONOTONIC_READS,normal,netem delay 25ms 25ms,ALL,ALL,cassandra2,cassandra3,False,,2,False
130,2,MONOTONIC_READS,normal,netem delay 25ms 25ms,ALL,ALL,cassandra2,cassandra1,False,2,2,False
130,3,MONOTONIC_READS,normal,netem delay 25ms 25ms,ALL,ALL,cassandra2,cassandra1,False,2,2,False
130,4,MONOTONIC_READS,normal,netem delay 25ms 25ms,ALL,ALL,cassandra2,cassandra1,False,2,2,False
130,5,MONOTONIC_READS,normal,netem delay 25ms 25ms,ALL,ALL,cassandra2,cassandra3,False,2,2,False
131,1,MONOTONIC_READS,normal,netem delay 25ms 25ms,ALL,ALL,cassandra3,cassandra3,True,,2,False
131,2,MONOTONIC_READS,normal,netem delay 25ms 25ms,ALL,ALL,cassandra3,cassandra2,False,2,2,False
131,3,MONOTONIC_READS,normal,netem delay 25ms 25ms,ALL,ALL,cassandra3,cassandra3,True,2,2,False
131,4,MONOTONIC_READS,normal,netem delay 25ms 25ms,ALL,ALL,cassandra3,cassandra3,True,2,2,False
131,5,MONOTONIC_READS,normal,netem delay 25ms 25ms,ALL,ALL,cassandra3,cassandra2,False,2,2,False
132,1,MONOTONIC_READS,normal,netem delay 25ms 25ms,ALL,ALL,cassandra3,cassandra1,False,,2,False
132,2,MONOTONIC_READS,normal,netem delay 25ms 25ms,ALL,ALL,cassandra3,cassandra2,False,2,2,False
132,3,MONOTONIC_READS,normal,netem delay 25ms 25ms,ALL,ALL,cassandra3,cassandra2,False,2,2,False
132,4,MONOTONIC_READS,normal,netem delay 25ms 25ms,ALL,ALL,cassandra3,cassandra1,False,2,2,False
132,5,MONOTONIC_READS,normal,netem delay 25ms 25ms,ALL,ALL,cassandra3,cassandra2,False,2,2,False
133,1,MONOTONIC_READS,normal,netem delay 25ms 25ms,ALL,ALL,cassandra1,cassandra1,True,,2,False
133,2,MONOTONIC_READS,normal,netem delay 25ms 25ms,ALL,ALL,cassandra1,cassandra1,True,2,2,False
133,3,MONOTONIC_READS,normal,netem delay 25ms 25ms,ALL,ALL,cassandra1,cassandra1,True,2,2,False
133,4,MONOTONIC_READS,normal,netem delay 25ms 25ms,ALL,ALL,cassandra1,cassandra2,False,2,2,False
133,5,MONOTONIC_READS,normal,netem delay 25ms 25ms,ALL,ALL,cassandra1,cassandra1,True,2,2,False
134,1,MONOTONIC_READS,normal,netem delay 25ms 25ms,ALL,ALL,cassandra2,cassandra2,True,,2,False
134,2,MONOTONIC_READS,normal,netem delay 25ms 25ms,ALL,ALL,cassandra2,cassandra3,False,2,2,False
134,3,MONOTONIC_READS,normal,netem delay 25ms 25ms,ALL,ALL,cassandra2,cassandra2,True,2,2,False
134,4,MONOTONIC_READS,normal,netem delay 25ms 25ms,ALL,ALL,cassandra2,cassandra2,True,2,2,False
134,5,MONOTONIC_READS,normal,netem delay 25ms 25ms,ALL,ALL,cassandra2,cassandra1,False,2,2,False
135,1,MONOTONIC_READS,normal,netem delay 25ms 25ms,ALL,ALL,cassandra3,cassandra2,False,,2,False
135,2,MONOTONIC_READS,normal,netem delay 25ms 25ms,ALL,ALL,cassandra3,cassandra2,False,2,2,False
135,3,MONOTONIC_READS,normal,netem delay 25ms 25ms,ALL,ALL,cassandra3,cassandra2,False,2,2,False
135,4,MONOTONIC_READS,normal,netem delay 25ms 25ms,ALL,ALL,cassandra3,cassandra1,False,2,2,False
135,5,MONOTONIC_READS,normal,netem delay 25ms 25ms,ALL,ALL,cassandra3,cassandra2,False,2,2,False
136,1,MONOTONIC_READS,normal,netem delay 25ms 25ms,ALL,ALL,cassandra1,cassandra3,False,,2,False
136,2,MONOTONIC_READS,normal,netem delay 25ms 25ms,ALL,ALL,cassandra1,cassandra3,False,2,2,False
136,3,MONOTONIC_READS,normal,netem delay 25ms 25ms,ALL,ALL,cassandra1,cassandra2,False,2,2,False
136,4,MONOTONIC_READS,normal,netem delay 25ms 25ms,ALL,ALL,cassandra1,cassandra1,True,2,2,False
136,5,MONOTONIC_READS,normal,netem delay 25ms 25ms,ALL,ALL,cassandra1,cassandra1,True,2,2,False
137,1,MONOTONIC_READS,normal,netem delay 25ms 25ms,ALL,ALL,cassandra3,cassandra1,False,,2,False
137,2,MONOTONIC_READS,normal,netem delay 25ms 25ms,ALL,ALL,cassandra3,cassandra2,False,2,2,False
137,3,MONOTONIC_READS,normal,netem delay 25ms 25ms,ALL,ALL,cassandra3,cassandra1,False,2,2,False
137,4,MONOTONIC_READS,normal,netem delay 25ms 25ms,ALL,ALL,cassandra3,cassandra2,False,2,2,False
137,5,MONOTONIC_READS,normal,netem delay 25ms 25ms,ALL,ALL,cassandra3,cassandra1,False,2,2,False
138,1,MONOTONIC_READS,normal,netem delay 25ms 25ms,ALL,ALL,cassandra1,cassandra3,False,,2,False
138,2,MONOTONIC_READS,normal,netem delay 25ms 25ms,ALL,ALL,cassandra1,cassandra2,False,2,2,False
138,3,MONOTONIC_READS,normal,netem delay 25ms 25ms,ALL,ALL,cassandra1,cassandra3,False,2,2,False
138,4,MONOTONIC_READS,normal,netem delay 25ms 25ms,ALL,ALL,cassandra1,cassandra3,False,2,2,False
138,5,MONOTONIC_READS,normal,netem delay 25ms 25ms,ALL,ALL,cassandra1,cassandra1,True,2,2,False
139,1,MONOTONIC_READS,normal,netem delay 25ms 25ms,ALL,ALL,cassandra3,cassandra1,False,,2,False
139,2,MONOTONIC_READS,normal,netem delay 25ms 25ms,ALL,ALL,cassandra3,cassandra1,False,2,2,False
139,3,MONOTONIC_READS,normal,netem delay 25ms 25ms,ALL,ALL,cassandra3,cassandra3,True,2,2,False
139,4,MONOTONIC_READS,normal,netem delay 25ms 25ms,ALL,ALL,cassandra3,cassandra1,False,2,2,False
139,5,MONOTONIC_READS,normal,netem delay 25ms 25ms,ALL,ALL,cassandra3,cassandra2,False,2,2,False
140,1,MONOTONIC_READS,normal,netem delay 25ms 25ms,ALL,ALL,cassandra3,cassandra3,True,,2,False
140,2,MONOTONIC_READS,normal,netem delay 25ms 25ms,ALL,ALL,cassandra3,cassandra3,True,2,2,False
140,3,MONOTONIC_READS,normal,netem delay 25ms 25ms,ALL,ALL,cassandra3,cassandra2,False,2,2,False
140,4,MONOTONIC_READS,normal,netem delay 25ms 25ms,ALL,ALL,cassandra3,cassandra1,False,2,2,False
140,5,MONOTONIC_READS,normal,netem delay 25ms 25ms,ALL,ALL,cassandra3,cassandra1,False,2,2,False
141,1,MONOTONIC_READS,normal,netem delay 25ms 25ms,ALL,ALL,cassandra1,cassandra2,False,,2,False
141,2,MONOTONIC_READS,normal,netem delay 25ms 25ms,ALL,ALL,cassandra1,cassandra3,False,2,2,False
141,3,MONOTONIC_READS,normal,netem delay 25ms 25ms,ALL,ALL,cassandra1,cassandra2,False,2,2,False
141,4,MONOTONIC_READS,normal,netem delay 25ms 25ms,ALL,ALL,cassandra1,cassandra1,True,2,2,False
141,5,MONOTONIC_READS,normal,netem delay 25ms 25ms,ALL,ALL,cassandra1,cassandra2,False,2,2,False
142,1,MONOTONIC_READS,normal,netem delay 25ms 25ms,ALL,ALL,cassandra2,cassandra2,True,,2,False
142,2,MONOTONIC_READS,normal,netem delay 25ms 25ms,ALL,ALL,cassandra2,cassandra1,False,2,2,False
142,3,MONOTONIC_READS,normal,netem delay 25ms 25ms,ALL,ALL,cassandra2,cassandra2,True,2,2,False
142,4,MONOTONIC_READS,normal,netem delay 25ms 25ms,ALL,ALL,cassandra2,cassandra1,False,2,2,False
142,5,MONOTONIC_READS,normal,netem delay 25ms 25ms,ALL,ALL,cassandra2,cassandra2,True,2,2,False
143,1,MONOTONIC_READS,normal,netem delay 25ms 25ms,ALL,ALL,cassandra2,cassandra3,False,,2,False
143,2,MONOTONIC_READS,normal,netem delay 25ms 25ms,ALL,ALL,cassandra2,cassandra1,False,2,2,False
143,3,MONOTONIC_READS,normal,netem delay 25ms 25ms,ALL,ALL,cassandra2,cassandra2,True,2,2,False
143,4,MONOTONIC_READS,normal,netem delay 25ms 25ms,ALL,ALL,cassandra2,cassandra3,False,2,2,False
143,5,MONOTONIC_READS,normal,netem delay 25ms 25ms,ALL,ALL,cassandra2,cassandra1,False,2,2,False
144,1,MONOTONIC_READS,normal,netem delay 25ms 25ms,ALL,ALL,cassandra3,cassandra2,False,,2,False
144,2,MONOTONIC_READS,normal,netem delay 25ms 25ms,ALL,ALL,cassandra3,cassandra2,False,2,2,False
144,3,MONOTONIC_READS,normal,netem delay 25ms 25ms,ALL,ALL,cassandra3,cassandra1,False,2,2,False
144,4,MONOTONIC_READS,normal,netem delay 25ms 25ms,ALL,ALL,cassandra3,cassandra1,False,2,2,False
144,5,MONOTONIC_READS,normal,netem delay 25ms 25ms,ALL,ALL,cassandra3,cassandra1,False,2,2,False
145,1,MONOTONIC_READS,normal,netem delay 25ms 25ms,ALL,ALL,cassandra1,cassandra1,True,,2,False
145,2,MONOTONIC_READS,normal,netem delay 25ms 25ms,ALL,ALL,cassandra1,cassandra2,False,2,2,False
145,3,MONOTONIC_READS,normal,netem delay 25ms 25ms,ALL,ALL,cassandra1,cassandra1,True,2,2,False
145,4,MONOTONIC_READS,normal,netem delay 25ms 25ms,ALL,ALL,cassandra1,cassandra3,False,2,2,False
145,5,MONOTONIC_READS,normal,netem delay 25ms 25ms,ALL,ALL,cassandra1,cassandra3,False,2,2,False
146,1,MONOTONIC_READS,normal,netem delay 25ms 25ms,ALL,ALL,cassandra3,cassandra3,True,,2,False
146,2,MONOTONIC_READS,normal,netem delay 25ms 25ms,ALL,ALL,cassandra3,cassandra3,True,2,2,False
146,3,MONOTONIC_READS,normal,netem delay 25ms 25ms,ALL,ALL,cassandra3,cassandra2,False,2,2,False
146,4,MONOTONIC_READS,normal,netem delay 25ms 25ms,ALL,ALL,cassandra3,cassandra3,True,2,2,False
146,5,MONOTONIC_READS,normal,netem delay 25ms 25ms,ALL,ALL,cassandra3,cassandra1,False,2,2,False
147,1,MONOTONIC_READS,normal,netem delay 25ms 25ms,ALL,ALL,cassandra3,cassandra3,True,,2,False
147,2,MONOTONIC_READS,normal,netem delay 25ms 25ms,ALL,ALL,cassandra3,cassandra2,False,2,2,False
147,3,MONOTONIC_READS,normal,netem delay 25ms 25ms,ALL,ALL,cassandra3,cassandra3,True,2,2,False
147,4,MONOTONIC_READS,normal,netem delay 25ms 25ms,ALL,ALL,cassandra3,cassandra2,False,2,2,False
147,5,MONOTONIC_READS,normal,netem delay 25ms 25ms,ALL,ALL,cassandra3,cassandra2,False,2,2,False
148,1,MONOTONIC_READS,normal,netem delay 25ms 25ms,ALL,ALL,cassandra3,cassandra3,True,,2,False
148,2,MONOTONIC_READS,normal,netem delay 25ms 25ms,ALL,ALL,cassandra3,cassandra3,True,2,2,False
148,3,MONOTONIC_READS,normal,netem delay 25ms 25ms,ALL,ALL,cassandra3,cassandra3,True,2,2,False
148,4,MONOTONIC_READS,normal,netem delay 25ms 25ms,ALL,ALL,cassandra3,cassandra3,True,2,2,False
148,5,MONOTONIC_READS,normal,netem delay 25ms 25ms,ALL,ALL,cassandra3,cassandra1,False,2,2,False
149,1,MONOTONIC_READS,normal,netem delay 25ms 25ms,ALL,ALL,cassandra1,cassandra3,False,,2,False
149,2,MONOTONIC_READS,normal,netem delay 25ms 25ms,ALL,ALL,cassandra1,cassandra2,False,2,2,False
149,3,MONOTONIC_READS,normal,netem delay 25ms 25ms,ALL,ALL,cassandra1,cassandra1,True,2,2,False
149,4,MONOTONIC_READS,normal,netem delay 25ms 25ms,ALL,ALL,cassandra1,cassandra2,False,2,2,False
149,5,MONOTONIC_READS,normal,netem delay 25ms 25ms,ALL,ALL,cassandra1,cassandra1,True,2,2,False
150,1,MONOTONIC_READS,normal,netem delay 25ms 25ms,ALL,ALL,cassandra2,cassandra2,True,,2,False
150,2,MONOTONIC_READS,normal,netem delay 25ms 25ms,ALL,ALL,cassandra2,cassandra3,False,2,2,False
150,3,MONOTONIC_READS,normal,netem delay 25ms 25ms,ALL,ALL,cassandra2,cassandra2,True,2,2,False
150,4,MONOTONIC_READS,normal,netem delay 25ms 25ms,ALL,ALL,cassandra2,cassandra2,True,2,2,False
150,5,MONOTONIC_READS,normal,netem delay 25ms 25ms,ALL,ALL,cassandra2,cassandra1,False,2,2,False
151,1,MONOTONIC_READS,normal,netem delay 25ms 25ms,ALL,ALL,cassandra2,cassandra1,False,,2,False
151,2,MONOTONIC_READS,normal,netem delay 25ms 25ms,ALL,ALL,cassandra2,cassandra1,False,2,2,False
151,3,MONOTONIC_READS,normal,netem delay 25ms 25ms,ALL,ALL,cassandra2,cassandra2,True,2,2,False
151,4,MONOTONIC_READS,normal,netem delay 25ms 25ms,ALL,ALL,cassandra2,cassandra3,False,2,2,False
151,5,MONOTONIC_READS,normal,netem delay 25ms 25ms,ALL,ALL,cassandra2,cassandra2,True,2,2,False
152,1,MONOTONIC_READS,normal,netem delay 25ms 25ms,ALL,ALL,cassandra2,cassandra1,False,,2,False
152,2,MONOTONIC_READS,normal,netem delay 25ms 25ms,ALL,ALL,cassandra2,cassandra3,False,2,2,False
152,3,MONOTONIC_READS,normal,netem delay 25ms 25ms,ALL,ALL,cassandra2,cassandra2,True,2,2,False
152,4,MONOTONIC_READS,normal,netem delay 25ms 25ms,ALL,ALL,cassandra2,cassandra2,True,2,2,False
152,5,MONOTONIC_READS,normal,netem delay 25ms 25ms,ALL,ALL,cassandra2,cassandra3,False,2,2,False
153,1,MONOTONIC_READS,normal,netem delay 25ms 25ms,ALL,ALL,cassandra1,cassandra3,False,,2,False
153,2,MONOTONIC_READS,normal,netem delay 25ms 25ms,ALL,ALL,cassandra1,cassandra1,True,2,2,False
153,3,MONOTONIC_READS,normal,netem delay 25ms 25ms,ALL,ALL,cassandra1,cassandra2,False,2,2,False
153,4,MONOTONIC_READS,normal,netem delay 25ms 25ms,ALL,ALL,cassandra1,cassandra2,False,2,2,False
153,5,MONOTONIC_READS,normal,netem delay 25ms 25ms,ALL,ALL,cassandra1,cassandra3,False,2,2,False
154,1,MONOTONIC_READS,normal,netem delay 25ms 25ms,ALL,ALL,cassandra3,cassandra1,False,,2,False
154,2,MONOTONIC_READS,normal,netem delay 25ms 25ms,ALL,ALL,cassandra3,cassandra2,False,2,2,False
154,3,MONOTONIC_READS,normal,netem delay 25ms 25ms,ALL,ALL,cassandra3,cassandra2,False,2,2,False
154,4,MONOTONIC_READS,normal,netem delay 25ms 25ms,ALL,ALL,cassandra3,cassandra3,True,2,2,False
154,5,MONOTONIC_READS,normal,netem delay 25ms 25ms,ALL,ALL,cassandra3,cassandra1,False,2,2,False
155,1,MONOTONIC_READS,normal,netem delay 25ms 25ms,ALL,ALL,cassandra1,cassandra3,False,,2,False
155,2,MONOTONIC_READS,normal,netem delay 25ms 25ms,ALL,ALL,cassandra1,cassandra3,False,2,2,False
155,3,MONOTONIC_READS,normal,netem delay 25ms 25ms,ALL,ALL,cassandra1,cassandra3,False,2,2,False
155,4,MONOTONIC_READS,normal,netem delay 25ms 25ms,ALL,ALL,cassandra1,cassandra2,False,2,2,False
155,5,MONOTONIC_READS,normal,netem delay 25ms 25ms,ALL,ALL,cassandra1,cassandra1,True,2,2,False
156,1,MONOTONIC_READS,normal,netem delay 25ms 25ms,ALL,ALL,cassandra2,cassandra3,False,,2,False
156,2,MONOTONIC_READS,normal,netem delay 25ms 25ms,ALL,ALL,cassandra2,cassandra3,False,2,2,False
156,3,MONOTONIC_READS,normal,netem delay 25ms 25ms,ALL,ALL,cassandra2,cassandra2,True,2,2,False
156,4,MONOTONIC_READS,normal,netem delay 25ms 25ms,ALL,ALL,cassandra2,cassandra2,True,2,2,False
156,5,MONOTONIC_READS,normal,netem delay 25ms 25ms,ALL,ALL,cassandra2,cassandra2,True,2,2,False
157,1,MONOTONIC_READS,normal,netem delay 25ms 25ms,ALL,ALL,cassandra3,cassandra1,False,,2,False
157,2,MONOTONIC_READS,normal,netem delay 25ms 25ms,ALL,ALL,cassandra3,cassandra2,False,2,2,False
157,3,MONOTONIC_READS,normal,netem delay 25ms 25ms,ALL,ALL,cassandra3,cassandra3,True,2,2,False
157,4,MONOTONIC_READS,normal,netem delay 25ms 25ms,ALL,ALL,cassandra3,cassandra2,False,2,2,False
157,5,MONOTONIC_READS,normal,netem delay 25ms 25ms,ALL,ALL,cassandra3,cassandra2,False,2,2,False
158,1,MONOTONIC_READS,normal,netem delay 25ms 25ms,ALL,ALL,cassandra1,cassandra3,False,,2,False
158,2,MONOTONIC_READS,normal,netem delay 25ms 25ms,ALL,ALL,cassandra1,cassandra2,False,2,2,False
158,3,MONOTONIC_READS,normal,netem delay 25ms 25ms,ALL,ALL,cassandra1,cassandra3,False,2,2,False
158,4,MONOTONIC_READS,normal,netem delay 25ms 25ms,ALL,ALL,cassandra1,cassandra2,False,2,2,False
158,5,MONOTONIC_READS,normal,netem delay 25ms 25ms,ALL,ALL,cassandra1,cassandra3,False,2,2,False
159,1,MONOTONIC_READS,normal,netem delay 25ms 25ms,ALL,ALL,cassandra1,cassandra2,False,,2,False
159,2,MONOTONIC_READS,normal,netem delay 25ms 25ms,ALL,ALL,cassandra1,cassandra1,True,2,2,False
159,3,MONOTONIC_READS,normal,netem delay 25ms 25ms,ALL,ALL,cassandra1,cassandra2,False,2,2,False
159,4,MONOTONIC_READS,normal,netem delay 25ms 25ms,ALL,ALL,cassandra1,cassandra1,True,2,2,False
159,5,MONOTONIC_READS,normal,netem delay 25ms 25ms,ALL,ALL,cassandra1,cassandra3,False,2,2,False
160,1,MONOTONIC_READS,normal,netem delay 25ms 25ms,ALL,ALL,cassandra1,cassandra2,False,,2,False
160,2,MONOTONIC_READS,normal,netem delay 25ms 25ms,ALL,ALL,cassandra1,cassandra2,False,2,2,False
160,3,MONOTONIC_READS,normal,netem delay 25ms 25ms,ALL,ALL,cassandra1,cassandra2,False,2,2,False
160,4,MONOTONIC_READS,normal,netem delay 25ms 25ms,ALL,ALL,cassandra1,cassandra1,True,2,2,False
160,5,MONOTONIC_READS,normal,netem delay 25ms 25ms,ALL,ALL,cassandra1,cassandra1,True,2,2,False
161,1,MONOTONIC_READS,normal,netem delay 25ms 25ms,ALL,ALL,cassandra3,cassandra1,False,,2,False
161,2,MONOTONIC_READS,normal,netem delay 25ms 25ms,ALL,ALL,cassandra3,cassandra2,False,2,2,False
161,3,MONOTONIC_READS,normal,netem delay 25ms 25ms,ALL,ALL,cassandra3,cassandra2,False,2,2,False
161,4,MONOTONIC_READS,normal,netem delay 25ms 25ms,ALL,ALL,cassandra3,cassandra3,True,2,2,False
161,5,MONOTONIC_READS,normal,netem delay 25ms 25ms,ALL,ALL,cassandra3,cassandra2,False,2,2,False
162,1,MONOTONIC_READS,normal,netem delay 25ms 25ms,ALL,ALL,cassandra1,cassandra2,False,,2,False
162,2,MONOTONIC_READS,normal,netem delay 25ms 25ms,ALL,ALL,cassandra1,cassandra3,False,2,2,False
162,3,MONOTONIC_READS,normal,netem delay 25ms 25ms,ALL,ALL,cassandra1,cassandra2,False,2,2,False
162,4,MONOTONIC_READS,normal,netem delay 25ms 25ms,ALL,ALL,cassandra1,cassandra3,False,2,2,False
162,5,MONOTONIC_READS,normal,netem delay 25ms 25ms,ALL,ALL,cassandra1,cassandra3,False,2,2,False
163,1,MONOTONIC_READS,normal,netem delay 25ms 25ms,ALL,ALL,cassandra3,cassandra1,False,,2,False
163,2,MONOTONIC_READS,normal,netem delay 25ms 25ms,ALL,ALL,cassandra3,cassandra2,False,2,2,False
163,3,MONOTONIC_READS,normal,netem delay 25ms 25ms,ALL,ALL,cassandra3,cassandra2,False,2,2,False
163,4,MONOTONIC_READS,normal,netem delay 25ms 25ms,ALL,ALL,cassandra3,cassandra2,False,2,2,False
163,5,MONOTONIC_READS,normal,netem delay 25ms 25ms,ALL,ALL,cassandra3,cassandra2,False,2,2,False
164,1,MONOTONIC_READS,normal,netem delay 25ms 25ms,ALL,ALL,cassandra3,cassandra3,True,,2,False
164,2,MONOTONIC_READS,normal,netem delay 25ms 25ms,ALL,ALL,cassandra3,cassandra2,False,2,2,False
164,3,MONOTONIC_READS,normal,netem delay 25ms 25ms,ALL,ALL,cassandra3,cassandra3,True,2,2,False
164,4,MONOTONIC_READS,normal,netem delay 25ms 25ms,ALL,ALL,cassandra3,cassandra3,True,2,2,False
164,5,MONOTONIC_READS,normal,netem delay 25ms 25ms,ALL,ALL,cassandra3,cassandra1,False,2,2,False
165,1,MONOTONIC_READS,normal,netem delay 25ms 25ms,ALL,ALL,cassandra2,cassandra2,True,,2,False
165,2,MONOTONIC_READS,normal,netem delay 25ms 25ms,ALL,ALL,cassandra2,cassandra1,False,2,2,False
165,3,MONOTONIC_READS,normal,netem delay 25ms 25ms,ALL,ALL,cassandra2,cassandra1,False,2,2,False
165,4,MONOTONIC_READS,normal,netem delay 25ms 25ms,ALL,ALL,cassandra2,cassandra2,True,2,2,False
165,5,MONOTONIC_READS,normal,netem delay 25ms 25ms,ALL,ALL,cassandra2,cassandra3,False,2,2,False
166,1,MONOTONIC_READS,normal,netem delay 25ms 25ms,ALL,ALL,cassandra1,cassandra1,True,,2,False
166,2,MONOTONIC_READS,normal,netem delay 25ms 25ms,ALL,ALL,cassandra1,cassandra3,False,2,2,False
166,3,MONOTONIC_READS,normal,netem delay 25ms 25ms,ALL,ALL,cassandra1,cassandra2,False,2,2,False
166,4,MONOTONIC_READS,normal,netem delay 25ms 25ms,ALL,ALL,cassandra1,cassandra3,False,2,2,False
166,5,MONOTONIC_READS,normal,netem delay 25ms 25ms,ALL,ALL,cassandra1,cassandra3,False,2,2,False
167,1,MONOTONIC_READS,normal,netem delay 25ms 25ms,ALL,ALL,cassandra2,cassandra1,False,,2,False
167,2,MONOTONIC_READS,normal,netem delay 25ms 25ms,ALL,ALL,cassandra2,cassandra1,False,2,2,False
167,3,MONOTONIC_READS,normal,netem delay 25ms 25ms,ALL,ALL,cassandra2,cassandra2,True,2,2,False
167,4,MONOTONIC_READS,normal,netem delay 25ms 25ms,ALL,ALL,cassandra2,cassandra2,True,2,2,False
167,5,MONOTONIC_READS,normal,netem delay 25ms 25ms,ALL,ALL,cassandra2,cassandra2,True,2,2,False
168,1,MONOTONIC_READS,normal,netem delay 25ms 25ms,ALL,ALL,cassandra1,cassandra3,False,,2,False
168,2,MONOTONIC_READS,normal,netem delay 25ms 25ms,ALL,ALL,cassandra1,cassandra2,False,2,2,False
168,3,MONOTONIC_READS,normal,netem delay 25ms 25ms,ALL,ALL,cassandra1,cassandra3,False,2,2,False
168,4,MONOTONIC_READS,normal,netem delay 25ms 25ms,ALL,ALL,cassandra1,cassandra1,True,2,2,False
168,5,MONOTONIC_READS,normal,netem delay 25ms 25ms,ALL,ALL,cassandra1,cassandra3,False,2,2,False
169,1,MONOTONIC_READS,normal,netem delay 25ms 25ms,ALL,ALL,cassandra3,cassandra2,False,,2,False
169,2,MONOTONIC_READS,normal,netem delay 25ms 25ms,ALL,ALL,cassandra3,cassandra3,True,2,2,False
169,3,MONOTONIC_READS,normal,netem delay 25ms 25ms,ALL,ALL,cassandra3,cassandra3,True,2,2,False
169,4,MONOTONIC_READS,normal,netem delay 25ms 25ms,ALL,ALL,cassandra3,cassandra3,True,2,2,False
169,5,MONOTONIC_READS,normal,netem delay 25ms 25ms,ALL,ALL,cassandra3,cassandra2,False,2,2,False
170,1,MONOTONIC_READS,normal,netem delay 25ms 25ms,ALL,ALL,cassandra1,cassandra2,False,,2,False
170,2,MONOTONIC_READS,normal,netem delay 25ms 25ms,ALL,ALL,cassandra1,cassandra2,False,2,2,False
170,3,MONOTONIC_READS,normal,netem delay 25ms 25ms,ALL,ALL,cassandra1,cassandra3,False,2,2,False
170,4,MONOTONIC_READS,normal,netem delay 25ms 25ms,ALL,ALL,cassandra1,cassandra1,True,2,2,False
170,5,MONOTONIC_READS,normal,netem delay 25ms 25ms,ALL,ALL,cassandra1,cassandra3,False,2,2,False
171,1,MONOTONIC_READS,normal,netem delay 25ms 25ms,ALL,ALL,cassandra2,cassandra2,True,,2,False
171,2,MONOTONIC_READS,normal,netem delay 25ms 25ms,ALL,ALL,cassandra2,cassandra1,False,2,2,False
171,3,MONOTONIC_READS,normal,netem delay 25ms 25ms,ALL,ALL,cassandra2,cassandra2,True,2,2,False
171,4,MONOTONIC_READS,normal,netem delay 25ms 25ms,ALL,ALL,cassandra2,cassandra2,True,2,2,False
171,5,MONOTONIC_READS,normal,netem delay 25ms 25ms,ALL,ALL,cassandra2,cassandra2,True,2,2,False
172,1,MONOTONIC_READS,normal,netem delay 25ms 25ms,ALL,ALL,cassandra1,cassandra1,True,,2,False
172,2,MONOTONIC_READS,normal,netem delay 25ms 25ms,ALL,ALL,cassandra1,cassandra1,True,2,2,False
172,3,MONOTONIC_READS,normal,netem delay 25ms 25ms,ALL,ALL,cassandra1,cassandra2,False,2,2,False
172,4,MONOTONIC_READS,normal,netem delay 25ms 25ms,ALL,ALL,cassandra1,cassandra2,False,2,2,False
172,5,MONOTONIC_READS,normal,netem delay 25ms 25ms,ALL,ALL,cassandra1,cassandra1,True,2,2,False
173,1,MONOTONIC_READS,normal,netem delay 25ms 25ms,ALL,ALL,cassandra3,cassandra3,True,,2,False
173,2,MONOTONIC_READS,normal,netem delay 25ms 25ms,ALL,ALL,cassandra3,cassandra2,False,2,2,False
173,3,MONOTONIC_READS,normal,netem delay 25ms 25ms,ALL,ALL,cassandra3,cassandra1,False,2,2,False
173,4,MONOTONIC_READS,normal,netem delay 25ms 25ms,ALL,ALL,cassandra3,cassandra2,False,2,2,False
173,5,MONOTONIC_READS,normal,netem delay 25ms 25ms,ALL,ALL,cassandra3,cassandra1,False,2,2,False
174,1,MONOTONIC_READS,normal,netem delay 25ms 25ms,ALL,ALL,cassandra1,cassandra1,True,,2,False
174,2,MONOTONIC_READS,normal,netem delay 25ms 25ms,ALL,ALL,cassandra1,cassandra3,False,2,2,False
174,3,MONOTONIC_READS,normal,netem delay 25ms 25ms,ALL,ALL,cassandra1,cassandra2,False,2,2,False
174,4,MONOTONIC_READS,normal,netem delay 25ms 25ms,ALL,ALL,cassandra1,cassandra1,True,2,2,False
174,5,MONOTONIC_READS,normal,netem delay 25ms 25ms,ALL,ALL,cassandra1,cassandra1,True,2,2,False
175,1,MONOTONIC_READS,normal,netem delay 25ms 25ms,ALL,ALL,cassandra3,cassandra1,False,,2,False
175,2,MONOTONIC_READS,normal,netem delay 25ms 25ms,ALL,ALL,cassandra3,cassandra2,False,2,2,False
175,3,MONOTONIC_READS,normal,netem delay 25ms 25ms,ALL,ALL,cassandra3,cassandra2,False,2,2,False
175,4,MONOTONIC_READS,normal,netem delay 25ms 25ms,ALL,ALL,cassandra3,cassandra1,False,2,2,False
175,5,MONOTONIC_READS,normal,netem delay 25ms 25ms,ALL,ALL,cassandra3,cassandra2,False,2,2,False
176,1,MONOTONIC_READS,normal,netem delay 25ms 25ms,ALL,ALL,cassandra2,cassandra1,False,,2,False
176,2,MONOTONIC_READS,normal,netem delay 25ms 25ms,ALL,ALL,cassandra2,cassandra3,False,2,2,False
176,3,MONOTONIC_READS,normal,netem delay 25ms 25ms,ALL,ALL,cassandra2,cassandra3,False,2,2,False
176,4,MONOTONIC_READS,normal,netem delay 25ms 25ms,ALL,ALL,cassandra2,cassandra2,True,2,2,False
176,5,MONOTONIC_READS,normal,netem delay 25ms 25ms,ALL,ALL,cassandra2,cassandra3,False,2,2,False
177,1,MONOTONIC_READS,normal,netem delay 25ms 25ms,ALL,ALL,cassandra3,cassandra2,False,,2,False
177,2,MONOTONIC_READS,normal,netem delay 25ms 25ms,ALL,ALL,cassandra3,cassandra3,True,2,2,False
177,3,MONOTONIC_READS,normal,netem delay 25ms 25ms,ALL,ALL,cassandra3,cassandra2,False,2,2,False
177,4,MONOTONIC_READS,normal,netem delay 25ms 25ms,ALL,ALL,cassandra3,cassandra1,False,2,2,False
177,5,MONOTONIC_READS,normal,netem delay 25ms 25ms,ALL,ALL,cassandra3,cassandra3,True,2,2,False
178,1,MONOTONIC_READS,normal,netem delay 25ms 25ms,ALL,ALL,cassandra1,cassandra3,False,,2,False
178,2,MONOTONIC_READS,normal,netem delay 25ms 25ms,ALL,ALL,cassandra1,cassandra2,False,2,2,False
178,3,MONOTONIC_READS,normal,netem delay 25ms 25ms,ALL,ALL,cassandra1,cassandra1,True,2,2,False
178,4,MONOTONIC_READS,normal,netem delay 25ms 25ms,ALL,ALL,cassandra1,cassandra1,True,2,2,False
178,5,MONOTONIC_READS,normal,netem delay 25ms 25ms,ALL,ALL,cassandra1,cassandra3,False,2,2,False
179,1,MONOTONIC_READS,normal,netem delay 25ms 25ms,ALL,ALL,cassandra1,cassandra3,False,,2,False
179,2,MONOTONIC_READS,normal,netem delay 25ms 25ms,ALL,ALL,cassandra1,cassandra3,False,2,2,False
179,3,MONOTONIC_READS,normal,netem delay 25ms 25ms,ALL,ALL,cassandra1,cassandra1,True,2,2,False
179,4,MONOTONIC_READS,normal,netem delay 25ms 25ms,ALL,ALL,cassandra1,cassandra3,False,2,2,False
179,5,MONOTONIC_READS,normal,netem delay 25ms 25ms,ALL,ALL,cassandra1,cassandra1,True,2,2,False
180,1,MONOTONIC_READS,normal,netem delay 25ms 25ms,ALL,ALL,cassandra2,cassandra3,False,,2,False
180,2,MONOTONIC_READS,normal,netem delay 25ms 25ms,ALL,ALL,cassandra2,cassandra3,False,2,2,False
180,3,MONOTONIC_READS,normal,netem delay 25ms 25ms,ALL,ALL,cassandra2,cassandra1,False,2,2,False
180,4,MONOTONIC_READS,normal,netem delay 25ms 25ms,ALL,ALL,cassandra2,cassandra3,False,2,2,False
180,5,MONOTONIC_READS,normal,netem delay 25ms 25ms,ALL,ALL,cassandra2,cassandra3,False,2,2,False
181,1,MONOTONIC_READS,normal,netem delay 25ms 25ms,ALL,ALL,cassandra1,cassandra2,False,,2,False
181,2,MONOTONIC_READS,normal,netem delay 25ms 25ms,ALL,ALL,cassandra1,cassandra2,False,2,2,False
181,3,MONOTONIC_READS,normal,netem delay 25ms 25ms,ALL,ALL,cassandra1,cassandra1,True,2,2,False
181,4,MONOTONIC_READS,normal,netem delay 25ms 25ms,ALL,ALL,cassandra1,cassandra3,False,2,2,False
181,5,MONOTONIC_READS,normal,netem delay 25ms 25ms,ALL,ALL,cassandra1,cassandra3,False,2,2,False
182,1,MONOTONIC_READS,normal,netem delay 25ms 25ms,ALL,ALL,cassandra2,cassandra2,True,,2,False
182,2,MONOTONIC_READS,normal,netem delay 25ms 25ms,ALL,ALL,cassandra2,cassandra3,False,2,2,False
182,3,MONOTONIC_READS,normal,netem delay 25ms 25ms,ALL,ALL,cassandra2,cassandra1,False,2,2,False
182,4,MONOTONIC_READS,normal,netem delay 25ms 25ms,ALL,ALL,cassandra2,cassandra3,False,2,2,False
182,5,MONOTONIC_READS,normal,netem delay 25ms 25ms,ALL,ALL,cassandra2,cassandra3,False,2,2,False
183,1,MONOTONIC_READS,normal,netem delay 25ms 25ms,ALL,ALL,cassandra1,cassandra3,False,,2,False
183,2,MONOTONIC_READS,normal,netem delay 25ms 25ms,ALL,ALL,cassandra1,cassandra1,True,2,2,False
183,3,MONOTONIC_READS,normal,netem delay 25ms 25ms,ALL,ALL,cassandra1,cassandra2,False,2,2,False
183,4,MONOTONIC_READS,normal,netem delay 25ms 25ms,ALL,ALL,cassandra1,cassandra1,True,2,2,False
183,5,MONOTONIC_READS,normal,netem delay 25ms 25ms,ALL,ALL,cassandra1,cassandra3,False,2,2,False
184,1,MONOTONIC_READS,normal,netem delay 25ms 25ms,ALL,ALL,cassandra3,cassandra3,True,,2,False
184,2,MONOTONIC_READS,normal,netem delay 25ms 25ms,ALL,ALL,cassandra3,cassandra3,True,2,2,False
184,3,MONOTONIC_READS,normal,netem delay 25ms 25ms,ALL,ALL,cassandra3,cassandra1,False,2,2,False
184,4,MONOTONIC_READS,normal,netem delay 25ms 25ms,ALL,ALL,cassandra3,cassandra2,False,2,2,False
184,5,MONOTONIC_READS,normal,netem delay 25ms 25ms,ALL,ALL,cassandra3,cassandra3,True,2,2,False
185,1,MONOTONIC_READS,normal,netem delay 25ms 25ms,ALL,ALL,cassandra3,cassandra2,False,,2,False
185,2,MONOTONIC_READS,normal,netem delay 25ms 25ms,ALL,ALL,cassandra3,cassandra3,True,2,2,False
185,3,MONOTONIC_READS,normal,netem delay 25ms 25ms,ALL,ALL,cassandra3,cassandra2,False,2,2,False
185,4,MONOTONIC_READS,normal,netem delay 25ms 25ms,ALL,ALL,cassandra3,cassandra1,False,2,2,False
185,5,MONOTONIC_READS,normal,netem delay 25ms 25ms,ALL,ALL,cassandra3,cassandra3,True,2,2,False
186,1,MONOTONIC_READS,normal,netem delay 25ms 25ms,ALL,ALL,cassandra1,cassandra1,True,,2,False
186,2,MONOTONIC_READS,normal,netem delay 25ms 25ms,ALL,ALL,cassandra1,cassandra1,True,2,2,False
186,3,MONOTONIC_READS,normal,netem delay 25ms 25ms,ALL,ALL,cassandra1,cassandra3,False,2,2,False
186,4,MONOTONIC_READS,normal,netem delay 25ms 25ms,ALL,ALL,cassandra1,cassandra1,True,2,2,False
186,5,MONOTONIC_READS,normal,netem delay 25ms 25ms,ALL,ALL,cassandra1,cassandra2,False,2,2,False
187,1,MONOTONIC_READS,normal,netem delay 25ms 25ms,ALL,ALL,cassandra1,cassandra3,False,,2,False
187,2,MONOTONIC_READS,normal,netem delay 25ms 25ms,ALL,ALL,cassandra1,cassandra2,False,2,2,False
187,3,MONOTONIC_READS,normal,netem delay 25ms 25ms,ALL,ALL,cassandra1,cassandra1,True,2,2,False
187,4,MONOTONIC_READS,normal,netem delay 25ms 25ms,ALL,ALL,cassandra1,cassandra1,True,2,2,False
187,5,MONOTONIC_READS,normal,netem delay 25ms 25ms,ALL,ALL,cassandra1,cassandra2,False,2,2,False
188,1,MONOTONIC_READS,normal,netem delay 25ms 25ms,ALL,ALL,cassandra3,cassandra3,True,,2,False
188,2,MONOTONIC_READS,normal,netem delay 25ms 25ms,ALL,ALL,cassandra3,cassandra2,False,2,2,False
188,3,MONOTONIC_READS,normal,netem delay 25ms 25ms,ALL,ALL,cassandra3,cassandra1,False,2,2,False
188,4,MONOTONIC_READS,normal,netem delay 25ms 25ms,ALL,ALL,cassandra3,cassandra3,True,2,2,False
188,5,MONOTONIC_READS,normal,netem delay 25ms 25ms,ALL,ALL,cassandra3,cassandra3,True,2,2,False
189,1,MONOTONIC_READS,normal,netem delay 25ms 25ms,ALL,ALL,cassandra1,cassandra3,False,,2,False
189,2,MONOTONIC_READS,normal,netem delay 25ms 25ms,ALL,ALL,cassandra1,cassandra3,False,2,2,False
189,3,MONOTONIC_READS,normal,netem delay 25ms 25ms,ALL,ALL,cassandra1,cassandra1,True,2,2,False
189,4,MONOTONIC_READS,normal,netem delay 25ms 25ms,ALL,ALL,cassandra1,cassandra3,False,2,2,False
189,5,MONOTONIC_READS,normal,netem delay 25ms 25ms,ALL,ALL,cassandra1,cassandra3,False,2,2,False
190,1,MONOTONIC_READS,normal,netem delay 25ms 25ms,ALL,ALL,cassandra1,cassandra2,False,,2,False
190,2,MONOTONIC_READS,normal,netem delay 25ms 25ms,ALL,ALL,cassandra1,cassandra2,False,2,2,False
190,3,MONOTONIC_READS,normal,netem delay 25ms 25ms,ALL,ALL,cassandra1,cassandra1,True,2,2,False
190,4,MONOTONIC_READS,normal,netem delay 25ms 25ms,ALL,ALL,cassandra1,cassandra3,False,2,2,False
190,5,MONOTONIC_READS,normal,netem delay 25ms 25ms,ALL,ALL,cassandra1,cassandra1,True,2,2,False
191,1,MONOTONIC_READS,normal,netem delay 25ms 25ms,ALL,ALL,cassandra3,cassandra3,True,,2,False
191,2,MONOTONIC_READS,normal,netem delay 25ms 25ms,ALL,ALL,cassandra3,cassandra3,True,2,2,False
191,3,MONOTONIC_READS,normal,netem delay 25ms 25ms,ALL,ALL,cassandra3,cassandra2,False,2,2,False
191,4,MONOTONIC_READS,normal,netem delay 25ms 25ms,ALL,ALL,cassandra3,cassandra3,True,2,2,False
191,5,MONOTONIC_READS,normal,netem delay 25ms 25ms,ALL,ALL,cassandra3,cassandra2,False,2,2,False
192,1,MONOTONIC_READS,normal,netem delay 25ms 25ms,ALL,ALL,cassandra3,cassandra2,False,,2,False
192,2,MONOTONIC_READS,normal,netem delay 25ms 25ms,ALL,ALL,cassandra3,cassandra2,False,2,2,False
192,3,MONOTONIC_READS,normal,netem delay 25ms 25ms,ALL,ALL,cassandra3,cassandra3,True,2,2,False
192,4,MONOTONIC_READS,normal,netem delay 25ms 25ms,ALL,ALL,cassandra3,cassandra1,False,2,2,False
192,5,MONOTONIC_READS,normal,netem delay 25ms 25ms,ALL,ALL,cassandra3,cassandra1,False,2,2,False
193,1,MONOTONIC_READS,normal,netem delay 25ms 25ms,ALL,ALL,cassandra2,cassandra2,True,,2,False
193,2,MONOTONIC_READS,normal,netem delay 25ms 25ms,ALL,ALL,cassandra2,cassandra2,True,2,2,False
193,3,MONOTONIC_READS,normal,netem delay 25ms 25ms,ALL,ALL,cassandra2,cassandra1,False,2,2,False
193,4,MONOTONIC_READS,normal,netem delay 25ms 25ms,ALL,ALL,cassandra2,cassandra3,False,2,2,False
193,5,MONOTONIC_READS,normal,netem delay 25ms 25ms,ALL,ALL,cassandra2,cassandra1,False,2,2,False
194,1,MONOTONIC_READS,normal,netem delay 25ms 25ms,ALL,ALL,cassandra3,cassandra3,True,,2,False
194,2,MONOTONIC_READS,normal,netem delay 25ms 25ms,ALL,ALL,cassandra3,cassandra2,False,2,2,False
194,3,MONOTONIC_READS,normal,netem delay 25ms 25ms,ALL,ALL,cassandra3,cassandra3,True,2,2,False
194,4,MONOTONIC_READS,normal,netem delay 25ms 25ms,ALL,ALL,cassandra3,cassandra1,False,2,2,False
194,5,MONOTONIC_READS,normal,netem delay 25ms 25ms,ALL,ALL,cassandra3,cassandra2,False,2,2,False
195,1,MONOTONIC_READS,normal,netem delay 25ms 25ms,ALL,ALL,cassandra3,cassandra3,True,,2,False
195,2,MONOTONIC_READS,normal,netem delay 25ms 25ms,ALL,ALL,cassandra3,cassandra1,False,2,2,False
195,3,MONOTONIC_READS,normal,netem delay 25ms 25ms,ALL,ALL,cassandra3,cassandra1,False,2,2,False
195,4,MONOTONIC_READS,normal,netem delay 25ms 25ms,ALL,ALL,cassandra3,cassandra1,False,2,2,False
195,5,MONOTONIC_READS,normal,netem delay 25ms 25ms,ALL,ALL,cassandra3,cassandra2,False,2,2,False
196,1,MONOTONIC_READS,normal,netem delay 25ms 25ms,ALL,ALL,cassandra3,cassandra1,False,,2,False
196,2,MONOTONIC_READS,normal,netem delay 25ms 25ms,ALL,ALL,cassandra3,cassandra3,True,2,2,False
196,3,MONOTONIC_READS,normal,netem delay 25ms 25ms,ALL,ALL,cassandra3,cassandra3,True,2,2,False
196,4,MONOTONIC_READS,normal,netem delay 25ms 25ms,ALL,ALL,cassandra3,cassandra1,False,2,2,False
196,5,MONOTONIC_READS,normal,netem delay 25ms 25ms,ALL,ALL,cassandra3,cassandra2,False,2,2,False
197,1,MONOTONIC_READS,normal,netem delay 25ms 25ms,ALL,ALL,cassandra3,cassandra2,False,,2,False
197,2,MONOTONIC_READS,normal,netem delay 25ms 25ms,ALL,ALL,cassandra3,cassandra3,True,2,2,False
197,3,MONOTONIC_READS,normal,netem delay 25ms 25ms,ALL,ALL,cassandra3,cassandra2,False,2,2,False
197,4,MONOTONIC_READS,normal,netem delay 25ms 25ms,ALL,ALL,cassandra3,cassandra2,False,2,2,False
197,5,MONOTONIC_READS,normal,netem delay 25ms 25ms,ALL,ALL,cassandra3,cassandra2,False,2,2,False
198,1,MONOTONIC_READS,normal,netem delay 25ms 25ms,ALL,ALL,cassandra1,cassandra2,False,,2,False
198,2,MONOTONIC_READS,normal,netem delay 25ms 25ms,ALL,ALL,cassandra1,cassandra1,True,2,2,False
198,3,MONOTONIC_READS,normal,netem delay 25ms 25ms,ALL,ALL,cassandra1,cassandra3,False,2,2,False
198,4,MONOTONIC_READS,normal,netem delay 25ms 25ms,ALL,ALL,cassandra1,cassandra1,True,2,2,False
198,5,MONOTONIC_READS,normal,netem delay 25ms 25ms,ALL,ALL,cassandra1,cassandra3,False,2,2,False
199,1,MONOTONIC_READS,normal,netem delay 25ms 25ms,ALL,ALL,cassandra1,cassandra1,True,,2,False
199,2,MONOTONIC_READS,normal,netem delay 25ms 25ms,ALL,ALL,cassandra1,cassandra2,False,2,2,False
199,3,MONOTONIC_READS,normal,netem delay 25ms 25ms,ALL,ALL,cassandra1,cassandra3,False,2,2,False
199,4,MONOTONIC_READS,normal,netem delay 25ms 25ms,ALL,ALL,cassandra1,cassandra2,False,2,2,False
199,5,MONOTONIC_READS,normal,netem delay 25ms 25ms,ALL,ALL,cassandra1,cassandra1,True,2,2,False
200,1,MONOTONIC_READS,normal,netem delay 25ms 25ms,ALL,ALL,cassandra3,cassandra2,False,,2,False
200,2,MONOTONIC_READS,normal,netem delay 25ms 25ms,ALL,ALL,cassandra3,cassandra2,False,2,2,False
200,3,MONOTONIC_READS,normal,netem delay 25ms 25ms,ALL,ALL,cassandra3,cassandra3,True,2,2,False
200,4,MONOTONIC_READS,normal,netem delay 25ms 25ms,ALL,ALL,cassandra3,cassandra3,True,2,2,False
200,5,MONOTONIC_READS,normal,netem delay 25ms 25ms,ALL,ALL,cassandra3,cassandra1,False,2,2,False
